text,label,true_label,predicted_label,confidence_score
ຂອບໃຈຫຼາຍໆ,1,1,1,0.888685
ຖືວ່າເປັນແອັບທີ່ພໍວ່າມີແອັບຊື່ໆແຕ່ຍັງໃຊ້ງານບໍ່ໄດ້ ບໍ່ມີປະໂຫຍດຫຍັງເລີຍ,0,0,0,1.0
ຂໍໃຫ້ເປັນເຫມືອນເກົ່າ,1,1,0,0.741557
ສະບາຍດີ ການໃຊບໍ່ຕ້ອງກໍານົດເວລາ,1,1,0,0.874798
ໄດ້ຜດີ,1,1,1,0.888685
ຄັກຢູ້,1,1,1,0.888685
ຢາກຮູ້ຕອ້ງລອງເອງ,1,1,1,0.888685
"ຫນຸນໄດ້10,000ແລ້ວກົດແບ່ງປັນແລ້ວເຮັດຕາມທຸກຍ່າງແລ້ວກໍບໍ່ໄດ້ແກ້ແດ່",0,0,0,0.985002
ຈັງອມ່ນສະແກນນີວມືກະບໍ່ໄດ້,0,0,0,0.985002
ໃຊ້ດີ ຫລິ້ນເພີນ,1,1,1,0.888685
ສຸດຄຸມແອັບ ລາວແອັບ2024,1,1,1,0.888685
ຂ້ອຍເຂົ້າວອບແອບບໍ່ໄດ້ ຊື້ເບີໃຫມ່ມາໃຊ້ແລ້ວຫຼີ້ນແອບບໍ່ໄດ້ມັນຂຽນມາ ບັນຊີນີ້ບໍ່ສາມາດໃຊ້ໄດ້,0,0,0,0.985002
"ດີເດີເວົ້າບໍ່ໄດ້ ເບິ່ງຫນັງຍັງງໄດ້ລາຄາຖືກ ແຕ່ເປັນຕໍ່ວັນລາຄາກະ500klp ຢາກໃຫ້ເລືອກ ເປັນ3ມື້2,500klp ບໍ່ກະ7ມື້4,500klp ແລະມັນຈຶ່ງງ່າຍແລະສະດວກຕໍ່ຜູ້ບໍລິໂພກ ນີ້ເປັນຄໍາແນະນໍາຊຶຊື",1,1,1,1.0
ຄືນາງນີ,1,1,1,0.888685
ຄວາຍໃຫ້ກູລົງທະບຽນແຕ່ເຂົ້າບໍ່ໄດ້,0,0,0,0.985002
ພໍໄດ້ຢູ່ໃດ໋,1,1,1,1.0
ໂອເຄມາກກດກກ,1,1,1,0.888685
ດີໃຊ້ໄດ້ດີທັນໃຈ,1,1,1,0.888685
ສະຫຼັບບັນຊີຢາກ,0,0,1,0.888685
ຕອນແລກໆກ້າໄດ້ເນັດພໍດຽວນີ້ຄືບໍໄດເປັນບໍຮູ້ແກ້ໄຂແດ່,0,0,0,1.0
ຕາຕາ,1,1,1,0.888685
ອັບເດດໃຫມ່ຄະແນນກະຫາຍ ເຕີມບັດກະບໍ່ໄດ້ ຄືງົງອັບເດດໃຫມ່ລະບໍ່ຄືເກົ່າ,0,0,0,1.0
ຢາກຫລີ້ນແອບນີ້,1,1,1,0.888685
ຈອນນີ,1,1,1,0.888685
ໃຊ້ດີຫລາຍ,1,1,1,0.888685
ໄດ້ ທັງສາລະ ແລະ ບົດຮຽນທີ່ເກີດຂື້ນ ໃນສັງຄົມ.,1,1,1,0.888685
ເຖິງສາຂາວຽງຈະເລີນ ຢາກຮູ້ວ່າ ພງ ແຕ່ລະປ່ອງເປັນຫຍັງຫລາຍບໍ່ ສີຫນ້ານ້ໍາສຽງເວລາບໍລິການລູກຄ້າຄືບໍ່ຢາກເຮັດ ເບິ່ງເບັ່ງກ້າມເຮັດປານເພິ່ນໄດ້ເປັນນາຍົກນິ ຄໍາເວົ້າປານບໍ່ໄດ້ອົບຮົມ ບໍລິການກະບໍ່ໄດ້ເລື່ອງລູກຄ້າໄປໃຊ້ບໍລິການ ອັນງ່າຍກະເຮັດໃຫ້ຍາກ ຮັບສິດຈາກຄອບຄົວໄປເຮັດທຸລະກໍາແທນ ສໍາພາດປານວ່າໄປຂ້າໃຜມາ ເອົາອັນນັ້ນລະເອົາອັນນີ້ມາ ລາຍເຊັນຫາງສັ້ນ ກະວ່າຄືບໍ່ຍາວສ່ໍາກັນ ງຶດ! ງຶດ! ງຶດ ຄົນທີ່ລົມດີແນະນໍາດີລະແມ່ນຜູ້ທີ່ນັ່ງໃນສຸດຫັ້ນ ນ່າຈະແມ່ນຫົວຫນ້າສາຂາ ສ່ວນ ພງ ຕ້ອນຮັບ ບໍ່ເປັນຕາສິແຕກ ຖ້າອອກໄດ້ກະອອກສາ ນາງທີ່ຖືພາແຮງຫນັກກວ່າຫມູ່ ບໍ່ໄດ້ເລື່ອງ,0,0,0,0.978682
ເປັນຫຍັງໃສ່ລະຫັດບັດແລ້ວມັນວ່າບໍ່ຮັບຮອງ,0,0,0,0.874798
ຄົນຫາລາຍຊື່ຜູ້ທີມີຕິດຕໍຢູ່ແລ້ວໃຫ້ແດ່,1,1,1,0.888685
ເອີ້ນບໍ່ມາເອີ້ນເປັນຊົ່ວໂມງກະບໍ່ມາບໍ່ຮູ້ເປັນຫຍັງຄົນອື່ນເປັນຄືເຮົາບໍ່,0,0,0,0.567416
ຍັງບໍ່ປອດໄພ,0,0,0,0.874798
ໂຄດກາກ ອັບເດດເຂົ້າຊ້າແທ້,0,0,0,1.0
ໃຫ້ດາວຫນຶ່ງກ່ອນເດີ ໄວ້ເຂົ້າຕອບແຊັດກັບມາລະຊິໃຫ້ອີກດາວຫນຶ່ງ ໂອເຄເນາະ,0,0,1,0.804566
ດີທີ່ສົມບູນ,1,1,1,0.888685
ລົງທະບຽນກະຢາກ ຂໍລະຫັດotpກະເດັ້ງ ລະຈະໃຫ້ລົງທະບຽນຈັງໃດ,0,0,0,0.899263
ແກ້ໄຂ້ຫນ່ອຍມຸນເອົາດາຕ້າບໍ່ໄດ້,0,0,0,0.985002
ລົງທະບຽນຍາກແທ້1ດາວພໍ.,0,0,0,0.899263
ແກ້ໄຂ້ໄຫ້ແດ່ເຂົ້າແອບບໍ່ໄດ້,0,0,0,0.985002
ຄືຕິດຕັ້ງບໍ່ໄດ້ ເຂົ້າກະຍາກ,0,0,0,1.0
ດ້າ,1,1,1,0.888685
ບໍ່ມີການປ່ຽນແປງຫຍັງເລີຍ້ຮົາເຊີນຫມູ່ໄດ້ສະແກນກໍບໍ່ໄດ້ເງີນແຕ່ກ່ອນໄດ້ດຽວນີ້ບໍ່ໄດ້ຫມູ່ຮັບຄໍາເຊີນແລ້ວຍັງບໍ່ໄດ້ອີກຫມູ່ສະແກນໃຫ້4ເທື່ອແລ້ວບໍ່ໄດ້ເລີຍເງີນກະບໍ່ໄດ້ເນັດກະບໍ່ໄດ້ແປວ່າຫຍັງແບບນີ້ຄວນປັບປຸງຖ້າຢາກໃຫ້ມີຄົນໂຫລດມາໃຊ້ເດີ,0,0,0,1.0
ຢາກຖືກຢູ່,1,1,1,0.888685
ຂໍໃຫ້ມີເພື່ອນຫຼາຍກໍດີແລ້ວ,1,1,1,0.888685
ເຂົ້າລະບົບຍາກແທ້ ເຂົ້າແນວໃດກະບໍ່ໄດ້ທ່ານເອີຍ,0,0,0,0.985002
ຂອ້ຍແນະນໍາໄຫ້ພວກເຈົ້າໄປລອງເລ່ນເກມxboxໄນແອບmyunitelເພາະຂອ້ຍເຄີຍໄດ້ເງີນສອງແສນຫາມາແລ້ວ,1,1,1,0.888685
ທຸກຍ່າງປົກະຕິໃຊ້ງານດີຂໍຄອບໃຈ,1,1,1,0.888685
ສູນຄວາມບັນເທິງ ຟີຣ ມີໃຫ້ບໍລິການໃນ laos app,1,1,1,0.888685
ແອບໂຄດກາກລົງທະບຽນແລ້ວເຂົ້າສູ່ລະບົບບໍໄດ້,0,0,0,1.0
ດີຫຼາຍເອບນີ້,1,1,1,0.888685
ເຂົ້າບໍ່ໄດ້ປັບປຸງດ່ວນ ຊັ້ນບໍ່ໃຊ້ລະຄັນແບບນີ້ນະຍາກໂພດ,0,0,0,0.985002
ຫລີ້ນຊ້າຫລາຍ ປັບປຸງດ່ວນ!,0,0,0,1.0
ດີຫຼາຍທີໄດ້ໃຊ້,1,1,1,0.888685
ສະດວກວອ່ງໄວທັນໃຈທັນສະໄຫມຮັບໃຊ້ສັງຄົມລາວ,1,1,1,0.888685
facebook ເຫັນດີ,1,1,1,0.888685
ກພດິເດະ,1,1,1,0.888685
ຕີດຕາມແນ່ເດີເຟືອນໆທີຮັກຫມົດທຸກຄົນ,1,1,0,0.572924
ຮ່າ,1,1,1,0.888685
ບໍ່ມາດຕະຖານ,0,0,0,0.874798
ແລກດາຕ້າໄດ້ຫນ້ອຍເກີນໄປຕອນນັ້ນແລກ50.000 ກີບໄດ້ 30gb ຕອນນີ້ແລກ 75.000ກີບໄດ້ 27gb ຈະເລີນ,0,0,1,0.888685
ຂ້ອຍໄດ້ເນັດ3gbເດີ ທັນໄດ້ລອງເລ່ນຍ່າງອື່ນເພິ້ມ,1,1,1,0.888685
ໄດ້ລົມຫມູ່ຫຼາຍຄົນດີລະກະໄດ້ເບີຜຜູ້ບ່າວຫຼາຍອີກ,1,1,1,0.888685
ແສງອາລຸນ,1,1,1,0.888685
ມັກມວນຢູ,1,1,1,0.888685
ຂ້ອຍຕິດຕັ້ງບໍ່ໃດ້,1,1,0,0.951633
ເປິດແອບລາຍເທື ກະບໍໄດ,0,0,0,1.0
ກະຄືກັນ,1,1,1,0.888685
ຜ່ານມາເຄີຍຂັບລົດແອບໂລກ່າຖືກໃຈມັກຢາກໄປຂັບອີກ,1,1,0,0.686142
ດີຂາດບ່ໄດ້ເລີຍ,1,1,0,1.0
ໂອສົດແກ້ວບຸນເຮືອງ,1,1,1,0.78361
ເສຍດາຍ,1,1,1,0.888685
ຄິເຖິງແລະເປັນຫວ່ງຈົນວັນສີ້ນລົມຫາຍໃຈຈາກໂຊກໄຊສາຍນໍາ້ຮັ່ງ.,1,1,1,0.888685
ຄວາມພໍໄຈຈາວຈີມດີ,1,1,1,0.888685
ຢາກມີຄົນຮູ້ໃຈ,1,1,1,0.888685
ໃຊ້ດີສຸດໆ,1,1,1,0.888685
ເຂົ້າບໍ່ໄດ້ງົງເລີຍ,0,0,0,0.985002
ໂອນເງິນເຂົ້າແລ້ວກາບໍ່ເຫັນເງິນ,0,0,0,0.874798
ໃສລະບາຍ,1,1,1,0.888685
ເອັບນີດີຫຼາຍ,1,1,1,0.888685
ຮລາວ,1,1,1,0.888685
ດີຫຼາຍແອບນີ້,1,1,1,0.888685
ຂອບໃຈສໍາລັບ,1,1,1,0.888685
ດີມາກສັ່ງງ່າຍ,1,1,1,0.888685
ຫມູນວົງລໍ້ບໍ່ເຄີຍໄດ້ຈັກບາດໂຄດລ໋ອກ,0,0,0,0.686142
ດີໆ ຫລີ່ນແບບ ບໍ່ເສີຍເງິນ,1,1,0,0.874798
ໂປແກຮມບໍ່ສົມບູນ,0,0,0,0.874798
ອັບເດດລະຄ້າງເລີຍ,0,0,0,0.862266
ສົ່ງລະຫັດ otp ຊ້າໂພດ ເທື່ອກະບໍ່ສົ່ງມາເລີຍ ແລະ ແອັບກະບໍ່ຊ່ອງແກ້ໄຂ ອອກແລ້ວເຂົ້າຄືນລອກອິນໂຕເກົ່າກະບໍ່ໄດ້ ປັບປຸງແດ່,0,0,0,1.0
ບົວແຄັມ,1,1,1,0.888685
ດີຢ່ຽມ,1,1,1,0.888685
ໂຫລດແອັພມາແລ້ວ ເຂົ້າບໍ່ໄດ້ ແກ້ໃຫ້ແດ່,0,0,0,0.985002
ດີແລ້ວແຕ່ປັບປຸງຄວາມຊ້າແນ່,1,1,0,1.0
ເວລາຈະກົດຊື້ ມັນຈະຂື້ນລະຫັດຜູ້ແນະນໍາ ກົດລະຫັດໂຕນີ້ໃສ່ເດີ້ 64058048 ຂອບໃຈ.,1,1,1,0.888685
ຖືກຕ້ອງ,1,1,1,0.888685
ບໍ່ເຂົ້າໃຈແອັບປັບປ່ຽນຫຼາຍພັດວ່າມີບັນຫາເຂົ້າແອັບມດກະບໍ່ໄດ້,0,0,0,0.985002
ໃຊໃດດີ,1,1,1,0.888685
ດໍານາ,1,1,1,0.888685
ບັງຄັບໃຫ້ໃຊ້ ແຕ່ເຮັດຈັງໃດສີລົງທະບຽນ? ຕອນນີ້ລົງທະບຽນໄດ້ແລ້ວ ຂອບໃຈ,1,1,0,0.899263
ດີມາກລີ້ນກະສະນຸກ,1,1,1,0.888685
ໂອນເງິນບໍໄດ້,0,0,0,0.686142
ຕ້ອງການກູຄືນເຟສຕົວເອ,1,1,1,0.888685
ເຮັງ,1,1,1,0.888685
ບໍໄດ້,1,1,0,0.522234
ນອນຫຼັບ,1,1,1,0.888685
ແອັບກາກເຂົ້າເທຶ່ອໄດໄດ້ສົ່ງotpຕະຫລອດຈັກເຮັດມາເພືອຫຍັງແຫງອັບເດດແອັບແຫງກາກຂື້ນເຮືອຍໆ,0,0,0,1.0
ຢາກລົງທະບງນລາວແອັບ,1,1,0,0.899263
ໃຫ້ົ,1,1,1,0.888685
ຄົນບໍມິຄ່າພໍ,1,1,1,0.888685
ເຊ ດ,1,1,1,0.888685
ຫວຍແຕກເຂົ້າແອບກະຊ້າ ສົມພໍເຂົາຈືງນີຍົມໃຊ້ແອບແດງ,0,0,0,0.904519
ເຂົ້າບໍ່ໄດ້ ແກ້ໄຂຊ່ອຍແດ່,0,0,0,0.985002
ດີແຮງໆ,1,1,1,0.888685
ສະແກນລາຍນິວມືບໍ່ໄດ້ ອັຟຫາອີຫຍັງເອົາແບບເກົ່າເທາະ,0,0,0,1.0
ຜັກທຮິ,1,1,1,0.888685
ສະດວກເຂົ້າໃຈງ່າຍ,1,1,1,1.0
ນືກ,1,1,1,0.888685
ກູກະຮັກແຟນກູ,1,1,1,0.888685
ເຟດຂ້ອຍມັນມັກເດັ້ງ,1,1,1,0.888685
"ນີ້ເປັນຄັ້ງແລກທີ່ຂ້ອຍໃຊ້, facebook",1,1,1,0.888685
ໂອເຄຈາ,1,1,1,0.888685
ຫນຸນຖືກແຕ່ເຮັດພາລະກິດ ດາຕ້າກະບໍ່ໄດ້ ຢູພ້ອຍກະບໍ່ໄດ້ຄືຕອນອັບເດດໃຫມ່ໆ,0,0,0,0.985002
ໂທຫາຫມູ່ສະບາຍ,1,1,1,0.888685
ເຂົ້າຫອມ,0,0,0,0.904519
ສສາ,1,1,1,0.888685
ໂສໃນຕໍານານ ຈຮາ,1,1,1,0.888685
ຂອບໃຈທີ່ໄຫ້ເນັດທຸກໆມື້,1,1,1,0.888685
ດີຫຼາຍຢ່າງໄວ,1,1,1,0.888685
ໃຫ້1ດາວພໍເພາະປີນໄດ້ເນັດແຕ່ແບງປັນບໍ່ໄດ້ແທມຍັງບັກເດັງອອກຕະລອດແບບມັນດຮັດໃຫ້ເຮົາໂມໂຫຍ້ອນຊ້ວຍແກ່ໄຂ່ໃຫ້ແດ່ເດີອັບເດດໃຫມ່ນີ້ຖືວ່າບໍ່ດີເລີຍ,0,0,0,0.800317
ໃຊ້ໄດ້ດີຂໍມີໄຊກໄຊກສາທຸສາທຸສາທຸ,1,1,1,0.888685
ລືມລະຫັດ ຄຸມເຂົ້າ ສຸດທ້າຍບ໊ອກໂຫລດຄືບໍ່ໄດ້,0,0,0,0.985002
ທ.ຄໍາສີອິນທະວົງ.,1,1,1,0.888685
ເປັນຕ້ອງອັບເດດທຸກເທື່ອກ່ອນເຂົ້າແອັບ,0,0,0,1.0
ແອບທີມັກ,1,1,1,0.888685
ລີ້ນແລ້ວຄັກ,1,1,1,0.888685
ດີຫລາຍ ພັດທະນາຕໍ່ໄປໆໃນການໃຫ້ບໍລິການລູກຄ້າ,1,1,1,0.888685
ຊ່ວຍດວ້ຍ,1,1,1,0.888685
ອີ່ ດ ດໍາເດັກໂນນຈານ,1,1,1,0.888685
ໂຫຼດມາແລ້ວລົງບໍ່ໄດ້ກອກເບີໃສ່ແລ້ວບາດໃສ່ລະຫັດຢືນຢັນລະເດັ້ງກັບຕະຫຼອດ ໃສ່ແລ້ວໃສ່ອີກກະຍັງເປັນຄືເກົ່າຢູ່,0,0,0,1.0
ຊ່ວຍປັບປຸງແນ່ເດີ,1,1,0,0.987453
ໃຊ້ດີບອກເລີຍ,1,1,1,0.888685
ຮອດແອບ,1,1,1,0.888685
ຂອບໄຈແມ່ມືງຕິ,1,1,1,0.888685
ຂອບໃຈທີມີແອບດີໆແບບນີ້,1,1,1,0.888685
ດີຫລາຍສື່ສານວອ່ງໄວ,1,1,1,0.888685
ດດdd,1,1,1,0.888685
ນາມ,1,1,1,0.888685
ເຫມີ່ຍແລ້ວເຮັດຍັງກະບໍເຂົ້າໃຈ,0,0,0,1.0
ສາຍກວນ,1,1,1,0.888685
ມັນດີຫລາຍແອບນີ້,1,1,1,0.888685
ກັບມາໃຫ້5 ຄືນ ຂອບໃຈທີ່ແກ້ປັນຫາ otp ຢ່າຫາເຮັດອີກເດີ້ ບໍ່ມີປັນຫາ ບໍ່ມີຟັງຊັ້ນໃຫມ່ ບໍ່ຈໍາເປັນຕ້ອງອັບເດດດຸໆກະໄດ້,1,1,1,0.646605
ສົ່ງຮູບເບີ່ງຮູບບໍ່ໄດ້ຕ້ອງກົດແກ້ໄຂຈີ່ງເບີ່ງຮູບໄດ້,0,0,0,0.985002
ປັປປຸງແນ່ເດະ ແອັບລົ່ມ3 4ເທື່ອ ທິດ. ບໍ່ຄິດຢາກພັດທະນາໃຫ້ມັນດີຂຶ້ນແນ່ຫວາ ງົງ,0,0,0,1.0
ດີສໍາເວລວ່າງທີ່ໄດ້ຫຼິ້ນໄດ້ເບີງຫມູເພື້ອນ,1,1,1,0.888685
ລອງກອ່ນ,1,1,1,0.888685
ດີໆຫລາຍມັກສຸດໆ,1,1,1,0.888685
ມັນບ່ອນສູນລວມໃຫ້ບໍລິການຂອງຢູນິເທວ,1,1,1,0.888685
ຢາກໃຫ້ສັງຄົມນິຍົມໃຊ້ ກໍ່ຕ້ອງເຮັດໃຫ້ໄດ້ໃຈສັງຄົມ. ອັນນີ້ຫມູນຖຶກຕາຍແຕ່ຟັງເພງ ກັບຊົມວີດີໂອ,0,0,0,0.940264
ໄຊດີໂອເຄ,1,1,1,0.888685
ດີຈ້ະ,1,1,1,0.888685
ໃຊ້ງ່າຍສະດວກປອດໄພວອງໄວທັນໃຈ,1,1,1,0.888685
ລົງທະບຽນແລ້ວເຂົ້າລະບົບບໍ່ໄດ້ ປັບປຸງແນ່ເດີ,0,0,0,1.0
ມີການ,1,1,1,0.888685
ກາກສຸດໆ ຊ້າສຸດໆ,0,0,1,0.888685
ບໍລິການໄດ້ດີຫຼາຍ,1,1,1,0.888685
ສະບາຍທຸກຢ່າງ,1,1,1,0.888685
ໄປສູ່ຜູ້,1,1,1,0.888685
ແກ້ໄຂໃຫ້ແດ່ ເປັນຫຍັງຄືເບິ່ງຫນັງບ່ອນຮູບເງົາບໍ່ໄດ້ອີກແລ້ວ,0,0,0,0.985002
ໃຊ້ດີຫຼາຍ ແຕ່ພື້ນທີ ມັກເຕັມແກ້ໄຂໃຫ້ແດ່ເດີ ກະບໍ່ໄດ້ໂຫຼດອັນເດີໂຫຼດແຕ່ວ໊ອດແອັບທັດ ຮູບກະບໍ່ຫຼາຍວິດີໂອ ບໍ່ມີ,0,0,0,0.985002
ໂທລະສັບບໍ່ສາມາດໃຊ້ແອັບຫລຸ້ນນີ້ໄດ້ ຄວນປ່ອຍໃຫ້ສາມາດນໍາໃຊ້ແອັບຫລຸ້ນເກົ່າໄດ້,0,0,0,1.0
rom cn ເຂົ້າບໍ່ໄດ້,0,0,0,0.985002
ດີຄ່າບບບ,1,1,1,0.888685
ວ່າເຊັງ ເນ ກິບທັງຫມົດສໍາລັບ,1,1,1,0.888685
ບຸນເລີດ ຄໍາມີນາ 93 ອາຍຸ,1,1,1,0.888685
ລາວຜັດທະນາ,1,1,1,0.888685
ຖືກໄຈແຮງສໍາລັບແອັບໂມຈາ,1,1,1,0.888685
ດີຫລາຍແລະມີປະໂຫຍດ,1,1,1,0.888685
ໂອເຄັ,1,1,1,0.888685
ແກ່ນຈັນ ຈັນທະວົງ,1,1,1,0.888685
ຢາກໃຫ້ແອັບນີ້ພັດທະນາໄປເລື້ອຍໆ ສາມາດໂອນເຂົ້າ ອອກ ໃຫ້ໄດ້ຫຼາຍທະນາຄານ ເຮັດທຸລະກໍາໃຊ້ງ່າຍຈ່າຍສະດວກກວ່າເດີມ,1,1,0,0.686142
ເປັນກັນເອງ,1,1,1,0.888685
ຫມາສີ້ແມ່ມືງເຂົ້າກະບໍໃດ້ບັກຫູຂີ້ມຶງບັກປອດທັ່ງບັກເປດມືງບັກສົ້ນຕີນບັກຄວາຍມືງພໍ່ແມ່ແຕດເຫນົ່າມືງບັກຂີ້ຕົວະ,0,0,0,0.904519
ປະຕິທິນເປັນຫຍັງເລືອກເບິ່ງເດືອນອື່ນໆບໍ່ໄດ້?,0,0,0,1.0
ລອງເຂົ້າໃຊ້,1,1,0,0.904519
ຂາວສານດີໆມີຫລາຍ,1,1,1,0.888685
ດີມານ,1,1,1,0.888685
ໂຖໍາພະໍວໃຝຂ,1,1,1,0.888685
ເຂົ້າແອັບໂຄດຍາກເນັດກາກບໍ່ພໍເຂົ້າແອັບບໍ່ໄດ້ອີກນ່າຈະພັດທະນາໃຫ້ເຂົ້າແອັບງ່າຍຄືແອັບອື່ນແນ່ເນັດເບິດຍັງເຂົ້າໄດ້,0,0,0,1.0
ຍອດຫຍ້ຽມ,1,1,1,0.888685
ໂດນໄຈ,1,1,1,0.888685
ເຟດສົ້ນຕີນຄືບ້ານິກູໃຊ້ເຟດລະຊິມເສຍຊິມທີ່ເຄີຍຕັ້ງເສຍກູກະຈື່ລະຫັດກູກາຈື່ເບີຍັງສິໃຫ້ສົ່ງລະຫັດຍືນຍັນຢູ່ລະສິໄປເອົາໂຕເຂົາສົ່ງໃຫ້ເຈໃດລະກ່ອນສິເຮັດຫຍັງກາຄິດແນ່ກູລະສູນາະແດງແມ່ມືງແກ່ຈື່ລະຫັດລະກະແລ້ວຍັງຕ້ອງຍືນຍັນຫີແຕດອີ່ຫຍັງອີກບ້າປັນຍາອອນເສຍເສັ້ນເອົາໄປເອົາມາເສືອກຫລີ້ນບໍ່ໄດ້ປັບປຸງແນ່ປັ່ນຍາອອນ,0,0,0,1.0
ຍອດຢ້ຽມ,1,1,1,0.888685
ແອັບນີ້ດີມາກສຸດຍອດ,1,1,1,0.888685
ດີເງິນເຕີມເນັດບໍ່ຂາດຈັກມື້,1,1,0,0.994453
ຕັ້ງເຟດບໍ່ໄດ້ເຂົ້າເຟດບໍ່ໄດ້,0,0,0,1.0
ດີ ມາກຫມາຍ,1,1,1,0.888685
ດີມາກກດກກ,1,1,1,0.888685
ຟງລ ໂລ,1,1,1,0.888685
ນ້ອງນູ,1,1,1,0.888685
ແອພເປັນຫຍັງ ເດັ້ງອອກລະເຂົ້າລະບົບບໍ່ໄດ້,0,0,0,1.0
ໄວ້ໃຈເຈດີບີ,1,1,1,0.888685
ຊື່ ຄີມ,1,1,1,0.888685
ມັກຫລາຍ,1,1,1,0.888685
ແອບມັນຄ້າງແລະກະເດັງອອກເລີຍ ແລະເຮັດໃຫ້ໂທຄ້າງກົດຫຍັງບໍ່ໄດ້ ໂທລະຊັບຂ້ອຍ a51,0,0,0,0.985002
ຂັ້ນຕອນການຮັບຮອງລໍຖ້າດົນເກີນໄປ ລໍມາເປັນອາທິດກວ່າແລ້ວລະບົບຍັງບອກວ່າກໍາລັງດໍາເນີນການຢູ່,0,0,0,0.686142
ເຂົ້າແອັບບໍ່ໄດ້ເລີຍ ລົບແລ້ວໂຫຼດໃຫມ່ກະຍັງບໍ່ໄດ້,0,0,0,1.0
ໃຊ້ໄດ້ດີແຮງ,1,1,1,0.888685
ບໍ່ປານໄດ,1,1,0,0.874798
ອັບເດດໃຫມ່ກະຈອກແທ້,0,0,0,0.686142
ຄະແນນເສຍທາ້ຍປີ,0,0,1,0.888685
ລະບົບໂຄດຫ່ວຍແຕກ ຕິດຕັ້ງບໍ່ໄປຫນ້າotp ຈັກເທື່ອ ປັບປຸງດ່ວນ ລົງທະບຽນຍາກ,0,0,0,1.0
ລາຄາບໍ່ມາດຕະຖານ ຮັບຫມ່ອງດຽວກັນ ສົ່ງຫມ່ອງດຽວກັນ ລາຄາຫລຸດກັນເປັນແສນກີບ,0,0,0,0.874798
ຂັດຂ້ອງໃຊ້ງານບ້ໄດ້,0,0,0,0.910731
ກະພໍດີນໍາເຂົາຢູ່,1,1,1,0.888685
ແອບດີມາກໆ,1,1,1,0.888685
ຄິດຮອດເດີເຮີຍ,1,1,1,0.888685
ສະດວກສະບາຍຫຼາຍໆຢ່າງ,1,1,1,0.888685
ກາກ ບໍ່ສາມາດເຮັດຫຍັງກັບໂຕແອັປໄດ້ເລີຍ ຊ່ວຍປັບປຸງໃຫ້ມັນສະຖຽນແນ່ ຄໍາແນະນໍາຕ່າງໆຫຍັງກະບໍ່ມີ ຖ້າບໍ່ຮູ້ກະຄິດວ່າແອັປເຖື່ອນແລ້ວ,0,0,0,1.0
ຂອງປະເທດລາວດີສຸດເລີຍ,1,1,1,0.888685
ບາວທັນ,1,1,1,0.888685
ຖ້າເຮົາບໍ່ມີບັນຊີທະນາຄານຫືຼbceloneເຮົາຈະໃຊ້ໄດ້ບໍ່,1,1,1,1.0
ລີສິວການສະແດງຫມາຍເຖິງຫຍັງ ?,1,1,1,0.888685
ສິ່ງ,1,1,1,0.888685
ໂອເຄທຸກຢ່າງໃນແອບນີແມ່ນບໍ່ລີການຟີຮ.,1,1,0,0.874798
ທໍາສີ່ງທົ່ວໄປ,1,1,1,0.888685
ຊອກຫາເພື່ອນໆ,1,1,1,0.888685
ດິດີິ,1,1,1,0.888685
ອະສະລິຍະຈິ່ງຽ,1,1,1,0.888685
ລິນບ່ໄດ້,1,1,1,0.888685
ເກັ່ງ,1,1,1,0.888685
ຄັ້ງແລກທີ່ໂຫລດມາໃຊ້ປະທັບໃຈຫລາຍສັງພັດກະເພົາຕອນ19 30ແອບບອກວ່າລໍຖ້າ40 50ກະນັ່ງຖ້າດົນເຕິມເຂົ້າມາເບິ່ງໃຫມ່ມັນບອກຖ້າ50 60ກະຖ້າມາອີກຈົນ8 30ມັນກະບອກຖ້າອີກ40 50 ສົງໃສຄືສິໄດ້ກິນມື້ຫນ້າພຸ້ນແລະ ຫ່ວຍແຕກອີ່ຫລີ,0,0,0,0.686142
ຫາກ,1,1,1,0.888685
ເນັດກະບໍ່ໄດ້,0,0,0,0.985002
ຂໍເວົ້າຈັກບາດແນ່ ຕອນແອັບຂື້ນຊື່ໂມຈາຫລີ້ນໂຄດຄັກ ພໍປ່ຽນມາເປັນແອັບລາວເທົ່ານັ້ນລະ ໂຄດກາກ ໂຄດບໍແມ່ແອັບແລ້ວຕອນນີ້ ຍາກຮູ້ຜູ້ພັດທະນາແອັບນີ້ເດ່ ອັນທີ່ດີຍູ່ແລ້ວແທນທີ່ຈະໃຫ້ດີຂື້ນ ອັນນີ້ພັດເຮັດໃຫ້ກາກລົງ.000,0,0,0,0.994453
ແອັບແບບນີ້ບໍ່ມີປະໂຫຍດຫຍັງລົງທະບຽນເບີກະບໍ່ໄດ້ເຮັເຫຍັງຜ່ທນແອັບກະບໍ່ໄດ້ຈັກເຮັດມາເພື່ອຫຍັງລົບຖິ້ມສາຖ້າເຮຫດແບບນີ້,0,0,0,1.0
ຈາຍ່ສະບາຍ,1,1,1,0.888685
"ປອດໄພ,ສະດວກດີ",1,1,1,0.888685
ໄດ້ຮົບຊົມຂ່າວສານສະດວກ,1,1,1,0.888685
ແອບກາກໂພດນີ້ຫວາ ແອບ kyc555,0,0,1,0.888685
ເປັນຫຍັງຄືຫຼິ້ນບໍ່ໄດ້,0,0,0,0.985002
ນາງຈາ,1,1,1,0.888685
ປະສົບການຈາກເຟສບຸກ,1,1,1,0.888685
ໃຊ້ດີເກີນຄວາມຄາດຫມາຍ,1,1,1,0.888685
ແອບດີແຕ່ກະຢາກໃຫ້ເພິ່ມແອັບvibieເຂົານໍາຄືຈະດີຫຼາຍ,1,1,1,0.888685
"ແອັບອື່ນດີກວ່າຫຼາຍ, ຊ້າແຮງ",0,0,1,0.888685
ແກ້ວ.ກຸນມະນີ,1,1,1,0.78361
ໃຫ້4ດາວລອງເບີ່ງກອ່ນ,1,1,1,0.888685
ຍາກຫຼາຍ,0,0,1,0.888685
ແມ່ນ,1,1,1,0.888685
ດີຫຼາຍແຕ່ຢາກໃຫ້ທະນາຄານມີຄວາມປອດໄພໃຫ້ດີບໍ່ໃຫ້ຄົນອື່ນລັກຖອນເງີນແບບບໍ່ຮູ້ຕົວເລີຍ.,1,1,0,0.874798
ດີໆຫລ່າຍໆ,1,1,1,0.888685
ສົມຊາຍ,1,1,1,0.888685
ນາກມ,1,1,1,0.888685
whatsapp ເພື່ອສື່ສານຂອງຂໍ້ຄວາມທີ່ດີກັບເຮົາ,1,1,1,0.888685
ເຂົ້າສູ່ລະບົບບບໍ່ໄດ້ເຂົ້າຈົນເມື່ອຍລີ້ງຢູ່ນັ້ນ,0,0,0,0.985002
ສຸກ ສຸກ,1,1,1,0.888685
ກາກສັດ,0,0,1,0.888685
ສະມັກບັນຊີ ບໍ່ໃດ້,0,0,1,1.0
ງ່າຍສະດວກດີ ເຫມາະແກ່ການຄົນຄ້ານໄປເອງ. ພັດທະນາຕໍ່ໄປເດີ້,1,1,1,0.888685
ລົງທະບຽນກະບໍ່ໄດ້ຈັກເທື່ອສົ່ງລະຫັດເປັນພັຮເທື່ອກະບໍ່ໄດ້,0,0,0,1.0
ຖູກໃຈມາກ,1,1,1,0.888685
ເຄີດເຮັດວຽກຢູ່ຊໍາເຫນືອ,1,1,1,0.888685
ອັບເດດແລ້ວຂີ້ຮ້າຍກວ່າເກົ່າອີກໃຊ້ຍັງບໍ່ໄດ້ເລີຍ,0,0,0,1.0
ເນັດ300ປະຢັດໄດ້ຫມຶງມື,1,1,1,0.888685
ຂໍສອບຖາມແນ່ ມີຂໍ້ຄວາມແຈ້ງມາວ່າໃຫ້ລົງທະບຽນເບີກ່ອນວັນທີ16ທັນວາ ໂດຍການໂຫລດແອັບນີ້ເພຶ່ອລົງທະບຽນ ແຕ່ໂຫລດມາແລ້ວເຂົ້າລົງທະບຽນໃນແອັບບໍ່ໄດ້ ແອັບບໍ່ຕອບສະຫນອງ ເບີຂ້ອຍໄດ້ລົງທະບຽນຕັ້ງແຕ່ປ່ຽນເປັນ4g ຫຼາຍປີແລ້ວ ບໍ່ຮູ້ວ່າທາງສູນຈະລະງັບການໃຊ້ງານເບີຂ້ອຍບໍ່,0,0,0,1.0
ທີ1ການເງິນຂອງຂ້ອຍ,1,1,1,0.888685
ຫມຸນບໍ່ໄດ້ເລີຍແຍ່ມາກແກ້ໄຂໃຫ້ດ່ວນ,0,0,0,0.916183
ສາ່ຮ,1,1,1,0.888685
ມັກແອັບນີ້ສະດວກວ່ອງໄວ,1,1,1,0.888685
ຍາກໂທຟຮີ,1,1,1,0.888685
ລາວແອັດໃຈດີມະ,1,1,1,0.888685
ເຮ້! ລະບົບຊິມີປັນຫາຕອນລົງທະບຽນໃຫ້ລູກຄ້າບໍ່ໄດ້ນ໊າ,0,0,0,0.985002
ບໍໄດຍັງນອກຈາກເຊີນເພືອນ,0,0,0,0.955309
ຮອບຫມູນບໍ່ມີແກ້ໄຂດ່ວນເພື່ອໃຫ້ມີຮອບຫມູນ,0,0,0,0.874798
ໃຊ້ງານດີຈິງ,1,1,1,0.888685
ລາວ.ສະບາຍດີ.ຍັງບ່ເຂົ້າໃຈ.,1,1,1,1.0
ສະດວກການສືສານ,1,1,1,0.888685
ກະດີຢູ່ນະແຕ່ສັນມັນກາກເບີ່ງລະຄ້າງຊ່ວຍປັບປຸ່ງແນ່ຄືວ່າສັນຍານເຮົາກະດີຢູ່ນະ,1,1,1,1.0
ມີປະໂຫຍນຫຼຍ,1,1,1,0.888685
ໄດ້ດີແລ້ວ,1,1,1,0.888685
ຂ້ອຍຂໍທັງຫມົດຂອງລາງວັນ1ຢ່າງທີ່ສໍາຄັນສຸດຕໍ່ຊີວິດ,1,1,1,0.888685
ສະຫນັກໂຄດຍາກຕອນນີ້ຍັງສະຫນັກບໍທັນໄດ້ໃຫ້ໃສ່ເບີໂທກະໃສ່ແລ້ວຍັງບໍ່ໄດ້ຄວນປັບປຸງດ່ວນ,0,0,0,0.985002
ມີການດີໃນການແຊັດ,1,1,1,0.888685
ແອັບຂີ້ຫມາຫຍັງຫວາ ໂຫຼດມາເສຍດາຕ້າຊື່ໆເຮັດຫຍັງບໍ່ໄດ້ເລີຍ. ປັບປຸງກ່ອນສາແລ້ວຈຶ່ງຈະມາລົງທະບຽນໃຫມ່ເດີ້,0,0,0,1.0
ຕິກນ່າ,1,1,1,0.888685
ເຍຍລີວໍາ,1,1,1,0.888685
ເປັນຫຍັງຄືແອພຄືເດ້ງອອກ,0,0,0,0.787977
ວິໄລຄົນເດີມ,1,1,1,0.888685
ໂຄດເສຍອາລົມເລີຍຕັ້ງແຕ່ອັບເດດມາຂັດຂ້ອງເມິດທຸກອັນໂທວິດີໂອຄໍກະບໍ່ເຫັນຫນ້າເຂົາຫມຸນປານຫນ່ວຍໂລກ,0,0,0,0.784649
ໄຊ້ດີເຈົ້າ,1,1,1,0.888685
ທຍກເກືສ,1,1,1,0.888685
ບອອກເລກ,0,0,1,0.888685
ໄປກັບໂລກ້າປອດໄພມີປະກັນຄຸ້ມຄອງ,1,1,1,0.888685
ເຮັດຫຍັງຫນ່ອຍ1ເຟສກະລ໋ອກແກ້ໄຂແນ້,0,0,0,1.0
ເອີ້ນລົດຫລາຍເທື່ອບໍ່ມາ,0,0,0,0.874798
ມີປະໂຍດຕໍ່ຊິີວິດປະຈໍາວັນແລະໄດ້ລົມຫນູ່ຄູ່ຫຼາຍຄົນ,1,1,1,0.888685
ເຄິອງໂທລະສັບຂ້ອຍມີປັນຫາ,1,1,0,0.876619
ສິງທີ່ຂາດບໍ່ໄດ້ໃນຊີວິດກູ,1,1,1,1.0
ກໍາລັງເລີ່ມ,1,1,1,0.888685
ຂໍຕັ້ງ,1,1,1,0.514398
ເຕັມດາວເລີຍ,1,1,1,0.888685
ຊີວິດເງົ່າໆ,1,1,1,0.888685
ດີແຕ່ວ່າຍູ່ດີໆກະຍ ບໍເຫັນເມຫນູ,1,1,1,0.888685
ກົດເຂົ້າລະເດັ້ງອອກ ປັບປຸງແດ່ເດີ ຊິລົງທະບຽນເບີກະບໍ່ໄດ້,0,0,0,1.0
ໃສລະຫັດນີ້ເດີ 2149 5340 ເພື່ອຈະໄດ້ຮັບສ່ວນຫຼຸດ5,1,1,1,0.888685
ນ້ໍາບໍ່ຖ້າປາເວລາບໍ່ຖ້າເຮົາເວລາລ້ວນແຕ່ມີຄຸນຄ່າທຸກການພັດທະນາຕ້ອງມີຈຸດສຸມ.ທີ່ວາງໄວ້.,1,1,1,1.0
ດີສຸດຍອດສະດວກສະບາຍໃຫ້100ຄະແນນ,1,1,1,0.888685
ນັບມື້ແອັບຯນີ້ແຮງບໍ່ເປັນຕາໃຊ້,0,0,0,0.874798
ໄຊ້ແລ້ວຖືກໃຈເລີຍ ຂໍຄອບໃຈສໍາລັບແອັບນີ້,1,1,1,0.888685
ພາແສງຄົມອາລຸນ,1,1,1,0.888685
ມັນຮູ້ຫາຕັ້ງແດ່,1,1,1,0.514398
ອັບເດດແລ້ວເຂົ້າບໍ່ແກ້ໃຂແນວໃດ,0,0,0,0.874798
ຂໍແນະນໍາໃຫ້ສືບຕໍ່ພັດທະນາແອັບໂຊເຊວເພື່ອໃຫ້ຄົນລາວໄດ້ໃຊ້ແອັບໂຊເຊວຂອງລາວແທ້ ໂດຍນໍາເອົາຂໍ້ມູນຈາກແອັບພື້ນຖານນີ້ເປັນຂໍ້ມູນພື້ນຖານ ຕົວຢ່າງປະເທດຈີນ ກໍຈະມີ wechat ເປັນຂອງຕົວເອງ.,1,1,1,0.888685
ເອົາໄວ້ແຊັດນໍາຜູ້ສາວ,1,1,1,0.888685
ສະດວກສະບາຍຫາຍຢ່າງ,1,1,1,0.888685
ຂໍຂອບໃຈທີ່ທ່ານຕອບສະຫນອງໃຫ້ພວກເຮົາ,1,1,1,0.888685
ຈານມອຮ,1,1,1,0.888685
ດາໍາ,1,1,1,0.888685
ບໍ່ເປັນເພືອນກະແທັກໄດ້. ອັນນີ້ຄວນປັບປຸງ,0,0,0,0.874798
ປາຕ່້,1,1,1,0.888685
ໃຊດີຫລາຍ,1,1,1,0.888685
ມີປະໂຫຍດ. ດີ,1,1,1,0.888685
ເປັນຍັງຕັ້ນບໍໄດ້,1,1,0,0.784649
ດີຈ່າ,1,1,1,0.888685
ໄຮເດີ້ຖອນເງິນຜິດຫຍັງ10ພັນ,0,0,1,0.888685
ເທວະ,1,1,1,0.888685
ໄຫ້ອັບເດດຕະຫຼອດອັບເດດແລ້ວກະຄືເກົ່າເລກບັນຊີທີ່ເຄີຍໂອນຫາຍຕະຫຼອດບາງຄັ້ງຕ້ອງການໂອນເງິນດ່ວນແອັບກະມີປັນຫາໂອນບໍ່ໄດ້ເປັນຕະຫຼອດ,0,0,0,1.0
ຊົມເຊີຍມັກແອບນີ້ຫຼາຍ,1,1,1,0.888685
ມັກຫລາຍໄຊດີ,1,1,1,0.888685
ໄດ້ເຮັນແຈ້ງຍີນດີ ຕູ້ຍ ພະດິດ ກ່ສາ້ງ,1,1,1,0.888685
ແອັບໂຫຼດຂໍ້ມູນຊ້າຫຼາຍ ຫມູນຕິ້ວໆ,0,0,1,0.888685
ຄຸນນະພາບພໍດີ,1,1,1,0.888685
ປ້ອນຂໍມູນໃສ່ຫລາຍເທື່ອບໍ່ເຫັນຊິໄດ້ ປັບປຸງຄືນໃຫມ່ແດ່ເດີ້ທ່ານ,0,0,0,0.874798
ດີເລີດດີຫຼາຍ,1,1,1,0.888685
ທຸກຢ່າງດີແຕ່ຢາກໃຫ້ປັບປຸງເລື່ອງເຄືອຂ່າຍ ສັນຍານຂຶ້ນ4gກະຍັງເບິ່ງຫຍັງບໍ່ໄດ້,1,1,0,0.522234
ເຕີມບັດບາດໄດ້ບາດບໍ່ປັບປຸງແນ່ເດີ,0,0,0,0.987453
ລະບົດອ່ອນແອຫລາຍນັກພັດທະບໍຄ່ອຍເກງ ກະລຸນາແກ້ການສົ່ງotp ແບບດ່ວນດ້ວຍ,0,0,1,0.78361
ສະບາຍດີຄົນລາວ,1,1,1,0.888685
ສະນຸກໃຈ,1,1,1,0.888685
ໂຄດດີເລຍ,1,1,1,0.888685
ແອບບ້າແຮງອັບເດດແຮງກາກກວ່າເກົ່າແບບເກົ່າດີກວ່າຫລາຍ,0,0,0,1.0
ຢູ່ດີ້ກະເຂົ້າບໍ່ໄດ້ແກ້ໄຂໃຫ້ແດ່ອັບເດດກະອັບແລ້ວແຕ່ກະເຂົ້າບໍ່ໄດ້ລົບໂຫຼດໄຫນ່ກະເຮັດແລ້ວແຕ່ກະຄືເກົ່າແກ້ໄຂໃຫ້ແດ່,0,0,0,1.0
ເລັມທອງ,1,1,1,0.888685
ຍອດແຍມ,1,1,1,0.888685
ເປີດກ້ອງບໍໄດ້,0,0,0,0.955309
ກາກເກີນເຂົ້າກະຍາກອີກ,0,0,0,0.904519
ແຕ່ເຮົາບັງຄັບເຮົາເອງ,1,1,1,0.888685
ເອົາລົງຕິກຕ໋ອກໃດ້ບໍ,1,1,1,0.888685
ໃຫ້ເປັນທີ່ຢູ່ໃນປະເທດລາວມີແຕ່ຄົນໄທແລະທາງການລາວໄດ້ຮັບການສຶກສາຂອງປະເທດຊາດບ້ານເມືອງໃຫ້ມີການສ້າງແລະການບໍລິການທີ່ມີຢູ່ແລ້ວແຕ່ເປັນການດີເພາະມີຄົນເວົ້າວ່າການທະນາຄານເປັນຕົ້ນໄປນີ້,1,1,0,1.0
ຊງງລາສີງຫາລາດ,1,1,1,0.888685
ດີໄວ,1,1,1,0.888685
ຕັອງການດໍາເນີນຕ່,1,1,1,0.888685
ຍືນລອ່ວໂອ,1,1,1,0.888685
ຍັງເລຶອກອາຫານທີ່ຈະorderບໍ່ທັນໃດ້.,1,1,0,0.874798
ເອົ້າໄປເລີຍ,1,1,1,0.888685
ຄັກລາຍແອັບນີ້,1,1,1,0.888685
ໃຊ່ດີແຮງ,1,1,1,0.888685
ລີນລີນ,1,1,1,0.888685
ບໍ່ມີຮອດບ່ອນຊິປ້ອນຂໍ້ມູນລົງທະບຽນ,0,0,0,0.874798
ດີສຸດແລ້ວ,1,1,1,0.888685
ລອງໃຊ້ເບິ່ງກອ່ນ,1,1,1,0.888685
ອັບແດດໄຫມນີເຮັດຫາອັນເດີກະບໍ່ໄດ,0,0,0,0.985002
ດີຫລາຍຖາໄດເງີນສົດ,1,1,1,0.888685
ຫນູນໄດ້ກະບໍໄດ້ບາງເທື່ອ,0,0,0,1.0
ມີຄວາມສຸກແລະສະດວກສະບາຍ,1,1,1,0.888685
ປັບປຸງໃຫ້ແນ່ເຂົ້າຊື້ຫວຍບໍ່ໄດ້ເຈົ້າ,0,0,0,0.867698
ຫນ້າສົນໃຈແອັບນີ້ໃຊ້ດີຈິງແທ້,1,1,1,0.888685
ໃຫ້ເງິນຫຼາຍ,1,1,1,0.888685
ໃຊ້ ໄດ້ ດີ,1,1,1,0.888685
ລະຫົດ,1,1,1,0.888685
ແມ່ນຫຍັງຄືການທີ່ລັອກອິນບໍ່ໄດ້ຈັ່ງແມ່ນຊາດ,0,0,0,0.985002
ແຊັດຫາຜູ້ສາວຜູ້ສາວບໍ່ຕອບເລີຍ,1,1,0,0.874798
ບັນທຶກການເຄື່ອນໄຫວຍັງບໍ່ລະອຽດ,0,0,0,0.874798
ພ້ອນວິໄລ,1,1,1,0.888685
ຄໍາຮັກແທ,1,1,1,0.888685
ເຕີມບັດລະບໍ່ໄດ້ຂະແນນ,0,0,0,0.985002
"ບໍ່ແມ່ນແນວແລ້ວກູຕ້ອງຈັບບັດຖ່າຍຮູບ ນີ້ເບີໂທບໍ່ແມ່ນທະນາຄານ ບໍ່ມີເບີນີ້ຫລັກ5,7,9ກໍ່ຍັງມີລາຍເດືອນລາຍປີລາຍວັນກະມີເຂົາລົງທະບຽນຊິຍາກປານນີ້ພຽງແຕ່ມີບັດປຕ ຫລື ປື້ມສມ ຂຽນເອົາຂໍມູນກະໄດ້ແລ້ວ",0,0,0,0.874798
ດີມາກດວ້ຍ,1,1,1,0.888685
ນະິ,1,1,1,0.888685
ປັບປຸງແນ່ ເຂົ້າໄປແລ້ວມັນເປັນສີດໍາເມີດບໍ່ຂື້ນຫຍັງເລີຍ,0,0,0,1.0
ປັບປຸງແດ່ ລະບົບຫວຍແຕກ,0,0,0,0.940264
ຄົບ4kຂອງແທ້5gເຕັມຮູບແບບໃຫ້5ດາວເຕັ່ມຄົບ,1,1,1,0.888685
ເຂົ້າບໍ່ໄດ້ ມັນຄ້າງ,0,0,0,0.985002
ຂໍເນັດຫລາຍໆແນ່,1,1,0,0.522234
ດີຄັບ,1,1,1,0.888685
ແຝດວີໂອ ເຂົ້າວີດີໂອບໍ່ໄດ້,0,0,0,0.985002
update profile ຖ້າເປັນດົນຫຼາຍ ໂອນເງິນເຂົ້າບໍ່ໄດ້,0,0,0,0.985002
ຕິບ,1,1,1,0.888685
ມີຍະ,1,1,1,0.888685
ສິງແກ້ວ,1,1,1,0.78361
ດິເກິນ,1,1,1,0.888685
ຄັກໆ555,1,1,1,0.888685
ເປັນຫຍັງຕ້ອງອັບແດດທຸກຄັ້ງທີ່ເຂົ້າປັບປຸງດ່ວນເລີຍ,0,0,0,0.904519
ນຸດ,1,1,1,0.888685
ອັບເດດໃຫມ່ຫາຫຍັງວະແຜ່ນທີ່ດາວທຽມບໍ່ມີຄືແບ້ນິ,0,0,0,0.874798
ໃຊໄດ້ດີຫລາຍ ຈະເປັນການສົ່ງຂ່້ຄວາມຫລຶຮູບພາບໄປໄຫ້ເພຶ່ອນກໍດີ,1,1,1,1.0
ດີທີ່ສຸດຄວາມໄວສະນັບສະຫນູນຂໍຂອບໄຈ,1,1,1,0.888685
ແອບຫ້ວຍແຕ່ກ,0,0,0,0.940264
ແມ້ກ,1,1,1,0.888685
ບໍ່ໃຊ້ແມ່ມັນລະສົມຊື່ເປັນຂອງລາວບໍ່ວ່າແມ່ນຫຍັງຄືກັນແມ່ນໃຊ້ບໍ່ໄດ້ຈັກແນວເຮັດພໍແຕ່ແລ້ວລະເອົາເງີນຊື່ໆເຮັດໄປເຮັດມາໄວຣັດເຂົ້າມານໍາຈົນໄດ້ລີເຊັດເຄື່ອງໃຫມ່,0,0,0,1.0
ແອດົມສະຫວັດ,1,1,1,0.888685
ນປາເຊຍ ຈາ,1,1,1,0.888685
ກະຄັກຢູໃດ່,1,1,1,0.888685
ເອົາສໍານີ້ກອ່ນ,1,1,1,0.888685
ທອງຫຼ້າ ອີນນາມ,1,1,1,0.888685
ໃຊ້ດີລອວງເລີນ,1,1,1,0.888685
ດີມາກເລີຍໄຫ້5ດາວເນາະ,1,1,1,0.888685
ດີຫລາຍ.,1,1,1,0.888685
ຄັກໆໆື້,1,1,1,0.888685
ບຸນແອະໄປ,1,1,1,0.888685
ໂຄດດີແລກບັດຢູພອຍບໍເຂົ້າເບີໂຕເອງເຂົ້າເບີເພີບໍຮູ້ຊໍ້າໂຄດດີເຜີໆເຂົ້າເບີຜູ້ໂອນຊໍ້າໂຄດອາລົມເສຍ,0,0,0,0.904519
ຄືຕີນນິ ຈັກແມ່ນຫຍັງ,0,0,0,1.0
ແຈກເງີນຄືແຕ່ກ່ອນແດ່ ຂ້ອຍຫຼີ້ນເປັນເດືອນແລ້ວຍັງບໍ່ໄດ້ເງີນ1000ກີບຊໍ້າ ແຖມຫມູນວົງລໍ້ກະສິຢຸດບ່ອນດາຕ້າພັດເພີ່ມຄວາມໄວໃຫ້ໄປຢຸດທີ່,0,0,0,0.985002
ໃຊ້ດີ ໂປຣໂມຊັນຫລາຍ,1,1,1,0.888685
ແອັບໃຊ້ດີຫລາຍໄຊ້ລະຫັດນີ້ເພືາອຮັບໂປຮໄນການຊື້ຫຍັງຕ່າງໆ46260780,1,1,1,0.888685
ເປັນຫຍັງbcel oneຂ້ອຍຄືເຂົ້າບໍ່ໄດ້ກະລຸນາກວດຄືນໃຫ້ແນ່,0,0,0,1.0
ຢູ່ໃສກະສຸກໃຈເມື່ໄດ້ຢູ່ກັບເຈົ້າ,1,1,1,0.888685
ດີພໍສົມຄວນບັນເທົ່າສະຫມອງ,1,1,1,0.888685
ຂອບໃຈຫຼາຍໆທີ່ເປີດໃຫ້ໃຊ້ບໍລິການ,1,1,1,0.888685
ເປີດແອບຂຶ້ນມາບໍ່ເຫັນມີນູຫຍັງເລີຍວ່າງເປົ່າລ້າ,0,0,0,1.0
ຊອກຮ້ານບໍ່ໄດ້ທົ່ວເຖິງ,0,0,0,0.978682
ບໍ່ມີແຟນກະຢາກໂຫຼດມາແຊ້ດນໍາເພິນໂອແສງ,1,1,0,0.874798
ຊື້ເລກແລ້ວບິນບໍ່ເຫັນ ແຕ່ເງິນຖືກຕັດ,0,0,0,0.874798
ສະບາຍແທ້,1,1,1,0.888685
ໄຊມາໄດ້4ເດືອນແລ້ວ,1,1,1,0.888685
ທ.ອິນທາສິດ,1,1,1,0.888685
ແຊດ,1,1,1,0.888685
ວີດໂອເບີ່ງບໍ່ໄດ້,0,0,0,0.985002
ບໍ່ມີເນັດລະເຂົ້າບໍ່ໄດ້ບາດສິເຕີມລະເຮັດຈັງໃດລະ,0,0,0,0.985002
ແອບຄວາຍແຊບໍ່ໄດ້,0,0,0,0.985002
ພໍແກ້ໄຂໄດ້ຢູ່,1,1,1,0.78361
ເຕົ່າ,1,1,1,0.888685
ບໍ່ມີໂປຣກະເຊົາໃຊ້ 50k 30d ວ່າຊັ້ນໃຊ້ບໍ່ຮອດ10ມື້ຊ້ໍາ,0,0,0,0.874798
ເອຢ່າງ,1,1,1,0.888685
ໃຊ້ງານດີວຽກຂອງຂ້ອຍຊວນຫລາຍກະໃຊ້ແຕ່ວອດແອບປະສານງານບ່ທໍາໃຫ້ຜິດຫວັງ,1,1,1,0.888685
ເອີ້ນຍາກໂພດແກ້ໄຂແນ່ເອີ້ນເປັນຊົ່ວໂມງຍັງບໍ່ໄດ້,0,0,0,0.973025
ສະບາຍດີຂ້ອຍເຮັດບໍ່ເປັນເຈົ້າ,1,1,0,0.874798
ຄີດຮອດເລີ,1,1,1,0.888685
ຜູ້ໃຊ້ໂທລະສັບມັນຮູ້ໃຊ້ແຕ່ຢາງດຽວເມືອເປັນຈັ້ງຊັ້ນໃຫ້ບໍລິສັດຊໍາໂຊມຫຼືລາວໂທລະຄົມຄ່ອຍແກ້ຊວ່ຍຄົ້ນຄ້ວາພິຈາລະນາດ້ວຍຂໍຂອບໃຈ,1,1,1,0.78361
ເວລາພ່ານຢອ້ຫມ່າກນື່ມມ່າກປີກຼາຍຮອ່ດຄືນີຕັ້ງຈີກຼາຍພົບເຢາະອີກ່ເດີພີນ້ອງໂຢງມະຕາຍແຮ່ມຢື່ມກຼົນຊຶ່ງຮັກແພ່ງ,1,1,0,0.784649
ດີຫຂາຍ,1,1,1,0.888685
ໃດ້ເນັດຟີໂຄດດີເລິຍຈ້າໄຫ້5ດາວ,1,1,1,0.888685
ອາດ.ມາລາວັນ,1,1,1,0.888685
ຮຮໍານ່ໍາມກມດ,1,1,1,0.888685
ເຂົ້າຫລີ້ນເກມບໍ່ໄດ້ແອບຊ້າຫລາຍ,0,0,0,0.985002
ໃສ່ຜົນຢາ່ງດີ,1,1,1,0.888685
ຂ້ອຍກາຫີ້ລນແອັບນີ້ facebook,1,1,1,0.888685
ດີແຕ່ຄືອັບເດດບໍ່ໄດ້,1,1,1,0.896812
"ຊວງຫຼັງ ສວນລົດບໍ່ຂ້ອຍມີ, rider ມັກມີປັນຫາ ບໍ່ຮູ້ເປັນຍ້ອນວ່າfoodpanda postປະກາດຮັບສະຫມັກພະນັກງານແນວໃດກະໄດ້ຫວາ. ຍ້ອນສິ່ງເລົານີ້ຂ້ອຍເລີຍໄປໃຊ້egetແທນ.",0,0,0,0.874798
ອັບເດດແລ້ວເຂົ້າແອັບບໍ່ໄດ້ເດີເຈົ້າ,0,0,0,0.985002
ໄຊ້ໄດ້ຢູ່ທັກຫາຜູ້ສາວກະຕອນ,1,1,1,0.888685
ຍາກໄດ້ໂຊກຄັ້ງຍີ້ງໃຫຍ່ຂອງປີ2022ນະ,1,1,1,0.888685
ສສດເດ່ດ,1,1,1,0.888685
ບ້າບໍອັບເດດຕະຫລອດ,0,0,0,0.929163
ເປັນຫຍັງຄືສົ່ງຂໍ້ຄວາມສຽງບໍໄດ້ຊ່ວຍແກ້ດ່ວນ,0,0,0,0.955309
ເປີດແອັບໃຫ້ແດ່,1,1,1,0.888685
ໃຊ້ສະດວກລາຍ,1,1,1,0.888685
ຮັບດາຕ້າໄດ້,1,1,1,0.888685
ດີກວ່າເກົ່າແກ່ຫຼາຍຮ້ອຍ,1,1,0,0.741557
ປ່າເອ້ຍ,1,1,1,0.888685
ຍາກທໄທຸກຍາງ່ແຕ່ລະດັບປະສົບດານແກ້ໄຂບໍ່ໄດ້ຍີນຍອມແກ້ໄຂຄວາມສະດວກໃຫ້ດວ້ຍ,1,1,0,0.985002
ເຂົ້າງ່າຍ,1,1,1,1.0
ອັບເດດຫຼາຍເທົ່າໃດແຫ່ງຫ່ວຍຫຼາຍເທົ່ານັ້ນຂ້ອຍວ່າເຊົາອັບເດດຈະດີກວ່າແທນທີ່ອັບເດດແລ້ວຈະດີຂຶ້ນແຕ່ນີ້ມີແຕ່ຈະແຍ່ລົງ,0,0,0,0.862266
ຄຄ5ຄຄ5ຄຄ5ຄຄຄ5ຄຄູຄຄ5ຄຄການຈັດການແຂ່ງຂັນກິລາບານເຕະໂລກຊາດລະດັບປະເທດແລະມີລູກດ້ວຍນ້ໍານົມທີ່ມີ,1,1,1,0.888685
ພໍດີ,1,1,1,0.888685
ຄຮິ,1,1,1,0.888685
ຫມາບໍແດກ ຊິໂອນເງິນເຂົ້າອອກກະບໍໄດ້,0,0,0,0.904519
ລົງທະບຽນຊິມບໍ່ໄດ້,0,0,0,0.985002
ຂໍໃຫ້ສົ່ງຮູບໄດ,1,1,0,1.0
ພໍ່,1,1,1,0.888685
ຈະຮັກສາໄວ້,1,1,1,0.888685
ສັນຍານຍານບໍມີປານໄດ,1,1,1,1.0
ຄໍາລູນສີ່ງມະໄລທອງ,1,1,1,0.888685
ໃຊ້ໄດ້ດີຢູ່,1,1,1,0.888685
ອັບເດດມື້1ຈັກເທືອ,0,0,0,0.945914
ຕ້ອງໂລດຕະຫຼອດຊ້ວງນີ້ກະເຂົ້າຍາກໆແກ້ໄຂດ່ວນ,0,0,0,0.904519
ໂທບໍ່ໄດ,1,1,0,0.985002
ເວນກໍາ,1,1,1,0.888685
ຂໍລາຍງານປັນຫາ ແອັບນີເນັດຊາແຮ່ງ ເພືອສິໃດເຂົາກະລໍຖາຈົນ4 5ນາທີ ແກ່ໄຂໄຫ້ແນ່ ມັນລິນຊາລາຍໂພດ ບ່າງເທືອກະເດັງອອກຈາກລະບົບກະແຮ່ງຍາກເພືອສິໄດເຂົາສູລະບົບໃຫມ່ນະ ເວລາລິນແອັບກະເຮັດຄືບໍມີເນັດ ຂະນາດເນັດເຕີມກະຍັງຊາບໍຄືແອັບອືນນະ,0,0,0,0.81386
ອັບເດດໄຫມ່ຄືລິ້ນຫຍັງກະບໍ່ໄດ້ວະກົດເບິ່ງຟັງກະຜິດຜາດຕະລອດສ່ວຍປັບປຸ່ງໄຫມ່ເດີ,0,0,0,1.0
ນ້ອຍ ໄຊຍະສອນ,1,1,1,0.888685
ດີ ໂລດລະ,1,1,1,0.888685
ກໍາລັງສຶກສາຂໍ້ມູນ,1,1,1,0.888685
ເຂົ້າເບີ່ງຄອມເມັ້ນບໍໃດ້,0,0,0,0.904519
ດີມາກມາກໆເລີຍ,1,1,1,0.888685
ບໍ່ມີສະຕໍລີ່ເພັງໂຄດເສົ້າເລີຍ,0,0,0,0.874798
ໃຫ້ມີບໍລິການດີໆແບບນີ້ຕະຫລອດໄປ,1,1,0,0.533827
ນີເດັກຫົງ,1,1,1,0.888685
ບາງເທື້ອກະເຂົ້າແອັບບໍ່ໄດ້,0,0,0,0.985002
ຄືແຊ໌ຮບໍໄດ້ນະເຈົ້າຊ່ວຍປັບປຸງການແຊ໌ຮລົງເຟສບຸ໊ກໄຫ້ໄດ້ດວ້ຍນະ.,1,1,0,1.0
ໃຊ້ໄດ້ດີແຮງແອັບນີ້,1,1,1,0.888685
ຢາກດາວໂລດ,1,1,1,0.888685
ແອບບ້າອີຫຍັງໃສ່ເບີຮງບຮ້ອຍແລ້ວເຂົ້າໄປລົງທະບງນເບີພັດວ່າເດັ້ງອອກເອງຕະຫລອດຄັນຊິໄດ້ສໍານີ້ກະຢ່າສູ້ເຮັດສາລໍາຄານ.,0,0,0,1.0
ສາວມົ້ງມົວ,1,1,1,0.888685
ດີໆຄັບ,1,1,1,0.888685
ເປັນແອບທີ່ສົ້ນຕີນແຕກຍັງດີກ່ອນ,0,0,0,1.0
ດີມາກໆເລຍ,1,1,1,0.888685
ໂຄສະນາຫລາຍໂພດ ກູໂຫລດແລ້ວ,0,0,0,0.948933
ຢາກຮູ້ວ່າເປັນຫັຍງຕ້ອງຈ່າຍຜ່ານແຕ່ທະນາຄານການຄ້າຖ້າຈ່າຍຜ່ານໄດ້ທຸກທະນາຄານຄຶຈະດີ,1,1,1,0.888685
ຂ ວາ ຂ,1,1,1,0.888685
ຢາກໃຫ້0ດາວແຕ່ໃຫ້ບໍ່ໄດ້ ປັບປຸງແນ່ເດີເຈົ້າ ເຂົ້າແອັບ ແລ້ວໃສ່ເບີໂທ ກົດຂໍລະຫັດ ແລ້ວແອັບເດັ້ງອອກ ຕະຫລອດ ລົບໂຫລດໃຫມ່ກໍ່ເປັນຄືເກົ່າ ຂ້ອຍໃຊ້ ໂທລະສັບ realme x2 android 11,0,0,0,1.0
ເຮັດຈັ່ງໃດກະລົງບໍ່ໄດ້ ລະບົບເຫ້ຍຍັງສິຂໍດາວອີກໃຫ້ຊະດາວຫນຶ່ງຄັ້ນບໍ່ໃຫ້ກູກະຄອມເມັ້ນບໍ່ໄດ້,0,0,0,0.985002
ໃຊ້ໄດ້ແຕ່ເລືອກທລສ,1,1,1,0.888685
ລະບົບມັກລັອກບັນຊີໄວ້ຄວນປັບປຸງຈຸດນີ້,0,0,0,0.81386
ບໍ່ຜ່ານເດີ້ແຍ່ແຮງເພງສຕໍຣີ່ຫາຍໄປແກ້ໄຂໃຫ້ແນ່ເດີ້,0,0,0,0.984982
ປະຈໍາວັນ,1,1,1,0.888685
ມັນບໍ່ສາມາດສົ່ງກຸ່ມໄດ້ມີບັນຫາ,0,0,0,0.874798
ແອັບນີເປັນແອັບທີ່ດີສໍາລັບຂ້ອຍ,1,1,1,0.888685
ຕູ້ຍລະວັນ,1,1,1,0.888685
ກາກເກີນເຊື່ອມຕໍ່ບັນຊີບໍ່ໄດ້ໂຄດກາກສ້າງມາເພື່ອຖ້າເຊື່ອມໄດ້ມື້ໃດຂ້ອຍຈັງໂຫດຝາກໄວໃຫ້,0,0,0,0.985002
ພ້ນ,1,1,1,0.888685
ຈັກເປັນອີ່ຫຍັງກະບໍ່ຮຸ້ ໃສ່ລະຫັດໄປຮ້ອຍເທື່ອກະຍັງຢູ່ແຕ່ຫນ້າລົງທະບຽນຢຸ,0,0,0,1.0
ອັບເດດແລ້ວຮ້າຍກວ່າຕອນບໍ່ອັບເດດຊ່ໍາແບບນີ້ອັບເດດເພື່ອ ?,0,0,0,0.975217
ນາງສີຄໍາ,1,1,1,0.888685
ມັກເຟດ,1,1,1,0.888685
ເປັນຫຍັງເວລາເຮົາແຊຮມັນລະເດັງອອກປັບປຸງໄຫ້ແນ່,0,0,0,0.987453
ຕຸມ.ຕີບ,1,1,1,0.888685
ແອັບໃຊ້ງານຊ້າ ກົດພິມຫຍັງກະບໍ່ຂຶ້ນໃຫ້ ພິມໄປແລ້ວເວລາກັບໄປຫນ້າແອັບອື່ນ ມັນໃຫ້ເລີ່ມຕົ້ນໃຫມ່ ປັບປຸງແດ່,0,0,0,1.0
ຕິດຕາມມາໃຊ້ລະຄືບໍ່ເຫັນໄດ້ເງິນກາຕ້າ.ຫລອກກູແລ້ວແມ່ມຶງເອີຍ,0,0,0,0.874798
ຫຼີ້ນຊ້າ,0,0,1,0.888685
ຕ້ອງອັບເດດ,1,1,0,0.956258
ດີລາສ,1,1,1,0.888685
ຂ້ອຍມັກຫລ້າຍ,1,1,1,0.888685
ລົງທະບຽນເບີບໍ່ໄດ້ ຄືຍາກແທ້,0,0,0,0.985002
ເຂົ້າແອບບໍ່ໄດ້ໃຫ້1ດາວກອນ,0,0,0,0.985002
ຕັ້ງແອບຍາກໂພດ,0,0,1,0.804566
ເປັນແອບທີ່ດີຫລາຍສຸດຍອດເລີຍສະດວກງ່າຍບໍ່ຫຍຸ້ງຢາກອິກ,1,1,1,1.0
ອາທິດວລະສານ,1,1,1,0.888685
ເຂົ້າຍາກແທ້,0,0,0,0.904519
ກະດີຢູ່.,1,1,1,0.888685
ມັກຕອບ ຄໍາຖາມ,1,1,1,0.888685
ດີໃຈທີ່ໄດ້ຮັບຮູ້ຜົນງານຈາກແອບນີ້,1,1,1,0.888685
ລົງທະບຽນບໍ່ໄດ້ ພັດທະນາແນ່ເດີ,0,0,0,0.973025
ຍັງບ່ທັນເລ້າເທີອ,1,1,1,0.888685
ສົມສິ,1,1,1,0.888685
ແອັບທີ່ປະເທດລາວ ສໍາລັບເຮົາແມ່ນ ເຮົາມັກຫຼາຍ .,1,1,1,0.888685
ເຕີມບັດກະບໍ່ໄດ້ ແກ້ໄຂ້ແດ່,0,0,0,0.985002
ແອັບສົນຕີ້ນ,0,0,1,0.888685
ດິທີ່ສຸດ,1,1,1,0.888685
ມາດົນໂພດ,0,0,1,0.888685
ລົງທະບຽນກະບໍ່ໄດ້ເຮັດເພື່ອຍັງ,0,0,0,0.522234
ເຂົ້າບໍ່ໄດ້ໂຄດເຮຍ,0,0,0,0.985002
ດີມາໆໆ,1,1,1,0.888685
ຂ້ອຍມັກນໍາໃຊ້ whatsappເພາະເປັນການສື່ສານທີ່ດີຫລາຍວ່ອງໄວ,1,1,1,0.888685
ລໄປຢູ່ບໍາຸູດອອກ,0,0,1,0.888685
ຮພຮດາ່ສຍເສະາແ,1,1,1,0.888685
ໃຊ້ດີມັກຫລາຍໆ,1,1,1,0.888685
ງາມຫຼາຍມັກຊົງເດີ,1,1,1,0.888685
ໂຄດບໍ່ດີເລີຍຫຼີ້ນກະບໍ່ໄດ້ດຽວຫຼີ້ນໄດ້ດຽວຄ້າງ,0,0,0,0.985002
ຊຊໍພກຍ ບ,0,0,1,0.888685
ເອີ້ນເປັນຊົ່ວໂມງກາບໍ່ໄດ້,0,0,0,0.985002
ຄິດວ່າຮັກ,1,1,1,0.888685
ແຊັດຟີຣໃດ້ນະ,1,1,1,0.888685
ສະດວກສະບາຍວ່ອງໄວໃນການໃຊ້ບໍລິການ ດີຫຼາຍ,1,1,1,0.888685
ຢູ່ໄນແອບນີ້ລະຄັກ,1,1,1,0.888685
ດີຫລາຍທີ່ໄຊບໍລິການແອບນີ້,1,1,1,0.888685
ລົງທະບຽນໄດ້ຫລືບໍ່ໄດ້ກະບໍ່ບອກ.ຄືຊີບໍ່ໄດ້ດອກພີ່ນ້ອງເອີຍ,0,0,0,0.985002
ມັນດີຫລາຍໄດ້ເນັດຟີອີກ,1,1,1,0.888685
ເປັນຫຍັງ ຢູ່ຊື່ໆກະແອັດໄປເອງ ເຊົາໆໆໆ,0,0,0,0.787977
ຂໍເທື່ອ1ອີ່ນ,1,1,1,0.888685
ດິດິດິ,1,1,1,0.888685
ຊິວິດຂໍໄຫ້ພົບສິງດີໆ,1,1,1,0.888685
ກັດ,1,1,1,0.888685
ຂ້ອຍແມ່ນຄົນລາວໃສຊັນຊາດລາວ,1,1,1,0.888685
bcel one ສຸດຍອດທີ່ສຸດ,1,1,1,0.888685
ຫລີ້ນຫຍາກຈະຕາຍ,0,0,1,0.888685
ໃຫ5ເລີຍນະ,1,1,1,0.888685
ມັກເດັ້ງ ຄ້າງ,1,1,1,0.888685
ໂສກດີປີໃຫມ່,1,1,1,0.888685
ມັກເດີ,1,1,1,0.888685
ເກມງູ,1,1,1,0.888685
ປິດສາຖ້າເຂົ້າລະເລ້ງນ່ະບໍ່ລົງດອກຊຶ້ເບີໃຫມ່ຍັງດີກວ່າ,0,0,0,0.874798
ຂໍບໍກິນເງິນໄດ້ບໍ,1,1,1,0.888685
ບໍ່ແມ່ນວ່າຂ້ອຍຕິເດີ່ລົງທະບຽນຮັນກະຍາກໂພດຄັນຢາກໄຫ້ຄົນໄຊ້ຫລາຍກ່ອນນີ້ກະເຮັດແບບຢູນີເທ່ວແດ່ເດີ່ລົງທະບຽນໄຫ້ງ່າຍຫນ້ອຍຫນື່ງແດ່ອັນນີ້ຖ່າຍກະຈັບສໍາມະໂນຄົວຄັນມົວຫນ້ອຍຫນື່ງກະບໍ່ໄດ້,0,0,0,0.985002
ດີເດີອັນນີ້ໂທຄຸຍກັບຜູ້ບ່າວແຊັດກັບຜູ້ບ່າວໄດ້ນໍາດີໆ,1,1,1,0.888685
ເຊີນມູໃຊ້ບໍໄດ້,0,0,0,0.955309
ຄືວ່າມັນອັບເດດທຸກມື້ແທ້,0,0,0,0.862266
"ສະດວກ,ວ່ອງໄວ,ທັນໃຈ,ທັນໂລກ. ຂອບໃຈ",1,1,1,0.888685
ຈິງຈິງ,1,1,1,0.888685
ບໍ່ເຂົ້າໃຈຄືໄດ້ອັບເດດຕະຫລອດ,0,0,0,0.975217
ດີໄຊ້ໄດ້ແລະມີປະໂຫ່ຍດຫລ່າຍ,1,1,1,0.888685
ໄມ ຈົງ,1,1,1,0.888685
ອັນດັບ1ຂອງໂລກກໂຊຊຽວລະແລະ,1,1,1,0.888685
ດີເຍື່ອມ,1,1,1,0.888685
ແອ໊ປຄືສົ້ນຕີນນິຍັງເອົາມາຂາຍ,0,0,0,1.0
ຢາກໃຫ້ສ້າງໂປຣແກມລົງທະບຽນໃຊ້ສະກຸນເງີນusdໂດຍຕົວເອງ,1,1,0,0.899263
ຊ່ວງໂຄວິດແບບນີ້ຢູ່ບ້ານກໍ່ສາມາດຊື້ເລກໄດ້ ຢ່າລືມໃສ່ລະຫັດ 93307589ເດີ້,1,1,1,0.888685
ການຄົນຫາສະຖານທີແຊັດຕໍ່ກັນ ບອນຢູ່ຂອ້ງເພືອນລິນແອັບນໍາກັນ,1,1,1,0.888685
ໃຊ້ດີມາກນີ້,1,1,1,0.888685
ປະສົບການບໍ່ທັນມີ,1,1,1,1.0
ລົບຂອ້ງບໍ່ທືກ,1,1,0,0.874798
ດີຄ່ະ,1,1,1,0.888685
ໃຊ້ຈິງສະດວກສະບາຍໃຫ້10,1,1,1,0.888685
ຂໍໃຫ້ຖືກ400ລ້ານແດ່,1,1,1,0.888685
ຍາກຄົບແມ່ຮ້າງ,1,1,1,0.888685
ຂໍໃຫ້ນ້ໍາໃຊ້ໄດ້ຢ່າງປົກກະຕິແດ່ເດີກັບແອັບອັນນີ້,1,1,1,0.888685
ສຸດ ຍອດ,1,1,1,0.888685
ເຂົ້າລະບົບຄືຍາກແທ້ທັງທີຮູ້ອີເມວຮູ້ລະຫັດຍັງຕ້ອງຕ້ອງຄ່ານັ້ນນີ້,0,0,0,0.904519
ດີດີດີດີດີດີ,1,1,1,0.888685
ເອັປຄວາຍໃຊ້ຫຍັງບໍໄດ້ ຢ່າໂຫລດເດິ ລົງທະບຽນເບີຄວາຍ ບໍເຫັນຊິສົ່ງລະຫັດມາ,0,0,0,1.0
ສະດວກໃນການໃຊ້ເງີ່ນແບບງ່າຍໆ ລື່ຟັງເພງຕ່າງໆ,1,1,1,0.888685
ມັກຫລາຍໃຊ້ງ່າຍສະດວກວອ່ງໄວ,1,1,1,0.888685
"ການບໍລິການຍັງບໍ່ດີພໍ, ການສະມັກຫລັງຈາກຖ່າຍພາບໃບຫນ້າແລ້ວ. ລໍຖ້າເປັນຊົ່ວໂມງແຕ່ກໍບໍ່ຜ່ານ. ມັນແມ່ນຫຍັງແດ່ເຫດຜົນທີ່ບອກວ່າກະລຸນາລໍຖ້າ.",0,0,1,0.795422
ຕອງ້ການຄົນຈິງໄຈ ໄນຊີວິດ,1,1,1,0.888685
ຄືບໍ່ໄດ້ດາຕ້ານໍາເຂົາກົດຫຍັງກະບໍ່ໄດ້ແກ້ໄຂໃຫ້ແນ່ເດີ້,0,0,0,1.0
ສະດວກສະບາຍຫາຍ,1,1,1,0.888685
ໄວກວ່າເກົ່າ ໃຊ້ງ່າຍກວ່າເກົ່າ,1,1,1,1.0
ດີຫລາຍ ຊ່ວຍແຈກເນັດແນ່ ແລກໆຄືໄດ້ດີແທ້ ດຽວນິຫລິນທຸກມື້ກະຍັງບໍ່ໄດ້,1,1,0,0.686142
ໂຫລດຂໍ້ມູນຊ້າໂພດ,0,0,0,0.929163
ຄໍາພອນ,1,1,1,0.888685
ວັນທີ30 5 2025ເຂົ້າບໍ່ໄດ້,0,0,0,0.985002
ຄໍາຮັກ,1,1,1,0.888685
ນັກສະເກ,1,1,1,0.888685
ດີແຮງຢາກກິນຫຍັງກໍສັ່ງເອົາ,1,1,0,0.787977
ໃຊ້ດີແຕ່ດຽວນີ້ເງິນບໍ່ເຂົ້າແຕ່ຂໍ້ຄວາມເຂົ້າມັນເປັນຫຍັງ?,1,1,0,0.874798
ສົ່ງຂໍ້ຄວາມສຽງບໍ່ໄດ້ຍິນ,0,0,0,0.985002
ເລ່ນໃດ້ ເກືອບ5 ປີແລ້ວຈຮາ,1,1,1,0.888685
ໃຊ້ງານດີແຕ່ໃຫ້ອັບເດດ ຕະຫລອດ,1,1,0,0.975217
ດີຫລາຍແອປ໌ນີ້,1,1,1,0.888685
ຖືກດາຕ້າຕະຫຼອດ,1,1,1,0.888685
login ແລ້ວໃຊ້ເວລາໂຫຼດຫນ້າຫຼັກດົນໂພດ. ຄວນປັບປຸງ,0,0,0,0.81386
ດີໆ.ດີທີ່ດີ,1,1,1,0.888685
ຄືໂລດຊ້າແທ້ໆ,0,0,1,0.888685
ບໍ່ສົ່ງotp ໃຫ້ ບໍ່ໄດ້ເລື້ອງເລີຍ ປິດຊະແອັບແບບນີ້,0,0,0,0.985002
ຖືກເລກໄດ້ເງິນໄວດີເຈົ້າ ຢ່າລືມໃສ່ລະຫັດແນະນໍາ 77970704 ນີ້ເພື່ອຮັບເງິນ ຄືນເດີ່ເຈົ້າ,1,1,1,0.888685
ແຊບໍ່ໄດ້ ແກ້ໄຂແນ່ ຖ້າຍັງບໍ່ແກ້ໄຂຈະບໍ່ໃຊ້ແອັບນີ້ແລ້ວ,0,0,0,1.0
ໃຊ້ລາວແອບ ນີ້ມີປະໂຫຍດຫລາຍທຸກໆຄົນພາຫມູ່ຄູ່ມາໃຊ້ກັນຫລາຍໆເດີ ໃຊ້ແອບນີ້ສຸດຄຸ້ມ.ດີແທ້ແນ່ນອນ,1,1,0,0.572924
ພອນຂຽນລາວລາວ,1,1,1,0.888685
ໄດ້ໃສ່ເບີໂທ ຕັ້ງລະຫັດໃຫມ່ທຸກຄັ້ງ,0,0,1,0.514398
ໄວ. ງ່າຍດີບໍ່ຫຍຸ້ງຍາກແຕ່ອາຫານຍັງບໍ່ຫລາຍເຍື່ອງ,1,1,0,0.874798
ອັບເດດໃຫມ່ໃຊ້ງານບໍ່ດີ,0,0,0,1.0
ຊ້ານີ້ພໍ.ລາວແອບໃຊ້ບໍ່ດີປານໃດ,0,0,0,0.874798
ຊ່ອຍການຈາກຄວາມທຸກຍາກຂອງບາວສາວນ້ອຍທີ່ບໍ່ຊາ່ງຫາເງີນ,1,1,0,0.874798
ຂອ້ຍມັກແຮງເຟສ,1,1,1,0.888685
ຮັກສາໃຫ້ຢ່າງດີຕໍ່facebook,1,1,1,0.888685
"ໄຊ້ດີມາດ,",1,1,1,0.888685
hvທ່,1,1,1,0.888685
ນຸຍ,1,1,1,0.888685
ໂພໄຊ,1,1,1,0.888685
ດີອີຫລີ ມະລ໊ອງກ໊ອງແກ໊ງມະນອງມະແນງມັບ,1,1,1,0.888685
ໄດ້ຮູ້ຈັກຫມູ່ຫລາຍໆຄົນ,1,1,1,1.0
ຂ້ອຍບໍມີຄວາມຮູ້ປະສົບການ້ອຍບໍຂໍເວົ້າເດີຂອບໄຈ,1,1,1,0.888685
ຕິດບໍ່ໄດ້,0,0,0,0.985002
ໄຊ້ງ່າຍວະດວກດີ,1,1,1,0.888685
ນນນາ,1,1,1,0.888685
ສຸກຍອດ,1,1,1,0.888685
ສົມພານ,1,1,1,0.888685
ສັນຍານກະດີແຕ່ເຂົ້າບໍ່ໃດ້ປັບປຸງແນ່ຄັນແອັບຍັງມີຕົວຕົນຫ່ວຍແຕກ,0,0,0,1.0
ໃຊໄດ້ດີຫລາຍ,1,1,1,0.888685
ດີຫຼາຍໃຊ້ງານກໍໄດ້ດີ,1,1,0,0.955309
ມັນບໍ່ມີບ່ອນຄົ້ນຫາ,1,1,0,0.874798
ມັນດີອີ່ຫຼີ,1,1,1,0.888685
ໄດ້ຫຼາຍແອັບ,1,1,1,0.888685
ແອັບກະກາກໂພດເຕີມເງິນກະບໍ່ໄດ້ບອກຜຶດນັ້ນຜຶດນີ້ຢູ່ໂອນເງິນກະບໍ່ອອກອີກ,0,0,0,0.985002
ເສຍເງິນຕະຫຼອດຫຼິມເກມກະຍາກຫໂຫຼດຫັນໂຫຼດນີຢູ່ຕອນສະຫນັກໃຫນໆຫຼິນໂຄດງາ່ຍເລີຍບໍ່ເຂົ້າໄຈເວບໃຫ່ຍວ່າຊັ້ນເດະ,0,0,0,0.874798
ຂອບໃຈທີ່ສ້າງແອັບດີໆໄຫ້ໄຊ້,1,1,1,0.888685
ຮັກດຽວໄຈດຽວ,1,1,1,0.888685
ກະລຸນາປັບປຸງແດ່ເດີ້,0,0,0,1.0
ຖືວ່າດີຫລາຍ,1,1,1,0.888685
ແອັບໃຊ້ດີມາກ,1,1,1,0.888685
ດີ.ໆເຫັນເພື່ອນຫລາຍໆຄົນກັບຄວາມລູກມາກມາຍ,1,1,1,0.888685
ເຂົ້າແອັບກະບໍ່ໄດ້ເດັ້ງອອກຢູ່,0,0,0,1.0
ໂອນເງີນບໍ່ໄດ້ແກ້ໄຂໃຫ້ດ້ວຍ,0,0,0,0.985002
ຕ້ອງການເຂົ້າທີສຸດ,1,1,0,0.904519
ສະດວກໃນການໃຊ້ປະຈໍາວັນບໍ່ຫຍຸ້ງຍາກປະກອບເອກສານວອ່ງໄວທັນສະໄຫມ່,1,1,0,0.874798
ບໍ່ຕ້ອງລົບ ລົບ,1,1,0,0.874798
ປະທັບໃຈແຮງຫລາຍເຈົ້າ,1,1,1,0.888685
ມິນສິນເຈິງ,1,1,1,0.888685
ສຸດປະທັບໃຈ,1,1,1,0.888685
ແອບjdbປ່ຽນຮູບບໍ່ໄດ້,0,0,0,0.985002
ຮ້ກນອ້ຍໆແຕ່ຮັກນານໆ,1,1,1,0.888685
ໂຫລດມາກະຕັ້ງຫຍັງບໍ່ໄດ້ເຂ້າໃຊ້ງານບໍ່ໄດ້ຊໍ້າເສີຍເງິນໂຫລດມາຊື່ໆ,0,0,0,1.0
ແອບນີ້ມັກໄຊ້ທີ່ເພາະໄຊ້ງ່າຍພາບດີ,1,1,1,0.888685
ຮຍາອກິນສອຫ,1,1,1,0.888685
ຢູ່ກັບຄ ຄສູ້ເຜືອລຸກ,1,1,1,0.888685
"ປະສົບການຫລີ້ນໂທລະສັບ3ປີface book, whats ap",1,1,1,0.888685
ດູດີຂື້ນຈີງໆ,1,1,1,0.888685
ກວດສອບແດ່ເຂົ້າບໍ່ໄດ້,0,0,0,0.985002
ໃຊ້ງານຍາກ ໂຫຼດຊ້າ ເຂົ້າໃຈຍາກ ເປັນງົງໆ .,0,0,0,0.904519
ແອັບໃຊ້ງ່າຍ ສະດວກສະບາຍ,1,1,1,0.888685
ໃດ້ຢູ່,1,1,1,0.888685
ຕອນນີ້ຄືອັບເດດແລ້ວວ່າເວັບຊັ້ນເກົ່າພໍກົດຕົກລົງອອກຈາກລະບົບເລີຍງຶດ,0,0,0,0.741557
ມີປັນຫາຕະຫລອດ,0,0,0,0.533827
ລົງແນວໃດວະ ຍາກຕາຍແທະກົດເຂົ້າໃປລົງທະບຽນບໍ່ເຫັນຂື້ນຫ່າຫຍັງ,0,0,0,0.874798
ສະນຸກມາຄັບ,1,1,1,0.888685
ເອື້ອຍໂຈະ,1,1,1,0.888685
ໃຊ້ສະດວກສະບາຍທັນໃຈມັກຫລາຍ,1,1,1,0.888685
ປັບປຸງໃຫມ່ເດີຫວຍແຕກແອບແບບນີ້ບໍ່ຈະເລີນນໍາເຂົ້າຈັກເທື່ອແລະຖ້າຍັງເປັນແບບນີ້,0,0,0,1.0
ມີຄວາມສະດວກສະບາຍ,1,1,1,0.888685
ດີທີ່ສຸດພູມໃຈຫລາຍທີ່ມີແອັບນີ້,1,1,1,0.888685
ປະສົບການຍັງບໍ່ທັນສູງເທົ່າທີ່ຄວນ,1,1,1,1.0
ໄມ້ວືອື,1,1,1,0.888685
ແອັບຯນີ້ແມ່ນໃຊ້ກ່ຽວກັບບັນຊີທະນາຄານການຄ້າ ໃນລະບົບ ມືຖື samsung,1,1,1,0.888685
ດີຫລາຍສະດວກແລະປອດໃພລົດກະມີຫລາຍບໍ່ຕ້ອງຖ້າດົນ,1,1,1,1.0
ຕິດຕາມແນ່,1,1,0,0.522234
ການໃຊ້ວັນທີພັດທະນານີ້ແລ້ວບ້ານມີແລ້ວ,1,1,1,0.888685
ອັບເດດໃຫ່ມຄືບໍ່ມີບ່ອນເອົາດາຕ້າແກ້ໄຂແນ່ເດີ,0,0,0,1.0
ແກ້ໄຂດ່ວນເຂົ້າແອັບບໍ່ໄດ້,0,0,0,0.985002
ສະດວກແລະເຫນາະກັບຄົນທີ່ບໍ່ສາມາດອອກໄປຊື້ເອງ,1,1,0,0.874798
ດີຂະນາດເລີຍ,1,1,1,0.888685
ມຸຍສົມພອນ,1,1,1,0.888685
ສໍາລັບໃຜເຂົ້າຫນ້າແອັບບໍ່ໄດ້ແມ່ນລົບແອັບແລ້ວດາວໂຫລດໃຫມ່ ເຂົ້າສູ່ລະບົບໃຫມ່,1,1,0,0.985002
ແກ້ໄຂແດ່ເດີ້ ແອັບນິ ພໍເຂົ້າລະຫັດກາເດັ້ງອອກ ຄືເກົ່າ ບໍ່ເຫັນໃຊ້ງານໃດ້ຊ້ໍາ ປ່ອນລະຫັດປ່ອນແລ້ວປ່ອນອີກກາຍັງບໍ່ໃດ້,0,0,0,1.0
ນິດດາວອນ,1,1,1,0.888685
ທ.ມູໄຊ ຄອນສະຫວັນ,1,1,1,0.888685
ຂ້ອຍມັກຈະເປັນໄປໄດ້ເພື່ອໃຫ້ໄດ້ຮັບຜົນດີຕໍ່ການຕ້ອນຮັບຈາກທັງຫມົດສໍາລັບການໃຊ້ເວລາ,1,1,1,0.888685
ຕອນນີ້ຂັດຂອ້ງ,1,1,1,0.888685
ແກ້ວລາວລີ,1,1,1,0.78361
ໄວ້ໃຈແດ່,1,1,1,0.888685
ຢາກໃຫ້ປັບປຸ່ງໂພດຂອງເພື່ອນອັດໂຕມັດຕິກ,1,1,1,1.0
ຊາຍນ້ອຍສາລີວັນນະລາໃນ messenger,1,1,1,0.888685
ນໍາ້ຖວ້ມຕະລາດສາລະວັນ,1,1,1,0.888685
ເຄີຍມີຄວາມເຫັນວ່າດີ,1,1,1,0.888685
ແອັບກະຈອກ,0,0,1,0.888685
ແອປດີມາກ,1,1,1,0.888685
ໃຫ້ອັບເດດຕະຫລອດ ລໍາຄານນນ,0,0,0,1.0
1. ຄົນຂັບມັກແຊ່ເລນຊ້າຍ ແລະ ໃຊ້ມືຖືຂະນະຂັບ 2. ລະບົບຍັງຫລ້າຊ້າຫລາຍໃນເລື່ອງໂປຣແກມແຜນທີ່ 3. ຍັງກະຈາຍໄດ້ບໍ່ທົ່ວເຖິງ,0,0,0,0.904519
ສັນໄຫ້,1,1,1,0.888685
ແອັບດຽວນີ້ໃຊ້ງານບໍ່ໄດ້ເລີຍ ຫມຸນເປັນຊົ່ວໂມງຍັງບໍ່ມີຫຍັງເກີດຂື້ນເລີຍ ແກ້ໄຂດ່ວນ,0,0,0,1.0
ບໍ່ມີການແຈ້ງເຕືອນຄົນໂທເຂົ້າກະບໍ່ແຈ້ງເຕືອນຄັນບໍ່ເຂົ້າເບີ່ງແມ່ນບໍ່ຮູ້ແທ້ວ່າໃຜໂທຫຼືແຊັດມາ,0,0,0,0.874798
ຄ່ອຍໃຊ້ໄປກ່ອນນະ,1,1,1,0.888685
ໄຫ້5,1,1,1,0.888685
ປ່ຽນລະຫັຍາກ,0,0,1,0.888685
ກາກແຮງເດີ ເຂົ້າຫຍັງກະເຂົ້າບໍ່ໄດ້,0,0,0,1.0
ເສີດສາຍເລາະ,1,1,1,0.888685
ດີຫຼາຍມັກຫຼາຍ,1,1,1,0.888685
ຄັກ555,1,1,1,0.888685
ໃສດີເດັ່ນໃນການປະຢັດອິນເຕີເນັດ . sak da .,1,1,1,0.888685
ໄດ້ຈິ່ງ,1,1,1,0.888685
ຊ້າຫລາຍແຮງອັບເດດແຮງຊ້າ,0,0,0,0.956258
ຂວັນເຮື້ນງວິລາ,1,1,1,0.888685
ໄອດໍ,1,1,1,0.888685
ແອບນີ້ສຸດຍອດເລີຍຂໍໃຫ້ສົ່ງດາຕ້າມາຕະຫຼອດເດີແລ້ວຊິໃຫ້ອີກດາວ,1,1,0,1.0
ເປັນຫຍັງຄືເດັ້ງອອກຕະຫລອດ,0,0,0,1.0
ບາງເທື່ອກະຂຶ້ນຄືບໍ່ມີເນັດທັງທີ່ສັນຍານກະປົກກະຕິ ຫມຸນສິເປັນຊົ່ວໂມງກະຍັງຈິເຂົ້າບໍ່ໄດ້,0,0,0,0.985002
ດີຂັບ,1,1,1,0.888685
ຖືໄຈ,1,1,1,0.888685
ໃນໃຈສະເຫມີ,1,1,1,0.888685
ເຂົ້າໄປລົງທະບຽນບໍ່ໄດ້ຈັກເທື່ອເດັ້ງອອກຕະຫຼອດ,0,0,0,1.0
ມຸດອາຍຸ,1,1,1,0.888685
ຂ້ອຍມັກແຝນສບຸກນີ້ ເພື່ອທຸກຄົນທີ່ມັກ,1,1,1,0.888685
ແອັບນີ້ໃຊ້ແລ້ວດີຫຼາຍ,1,1,1,0.888685
ມັນແມ່ນແນວໄດເຟສບຸກນິມຶ່ງຊິປິດບັນຊີກູເພື່ອຫຍັງກູມີຂໍ້ມູນຢູ່ຫັ້ນຫລາຍຢ່າງກູມີແນວສໍາຄັນຕ້ອງໄຊ້ສູຊິແກ້ໄຂ້ລະແກ້ໄຂເດີ,0,0,0,1.0
ຝົນເດືອນຫ້າ ເພັງ,1,1,1,0.888685
ປະສົບການບໍ່ ມີຮູ້ແຕ່ເບີ່ງ,1,1,1,1.0
ໂຄ້ດດີ ຖ້າບໍ່ອັບເດດແອປ ແຮງຊິດີ,1,1,0,0.874798
ທຸກໆເວລາ,1,1,1,0.888685
ມີຄວາມສໍາຄັນຫລາຍໃຊ້ໃນຊີວີດປະຈໍາວັນ,1,1,1,0.888685
ໂຫລດໄວໆ,1,1,0,0.602147
ໄຫ້ຫຼາຍໆແນ່ເນັດນ່ະຍາກັດຫຼາຍ,1,1,0,0.522234
ຕັ້ງແຕ່ອັບເດດມາ ມີແຕ່ແນວຊ້າ ແນວໃຊ້ງານບໍ່ໄດ້ ເຕັ້ມໄປຫມົດ,0,0,0,1.0
ຕາມສະບາຍ,1,1,1,0.888685
ດີຫລາຍແທ້,1,1,1,0.888685
ໂຄດກາກເຈົ້າກະຫຍາກ,0,0,0,1.0
ໃຊ້ດີບໍ່ມີຂັດຂ້ອງ,1,1,0,0.874798
ຂ້ອຍຢາກໃຊ້ແອັບນີ້,1,1,1,0.888685
ເບຍລາວ ເປະ ອາ,1,1,1,0.888685
ເບີ່ງບໍ່ໄດ້ ໂຄດກາກກ,0,0,0,0.985002
ພົງສະຫວັນສະພັນທະວົງລາວແອບ,1,1,1,0.888685
ແມ໋ຕູ,1,1,1,0.888685
ຢາກປອມໄພ,1,1,1,0.888685
ດີຫລາຍ.ມ່ະຫະສ່ະຈັນສັງຄົງຍູ່ໃສກະເວ້ານໍາກັນສບາຍໆໃຫ້ໄປເຕັມໆ,1,1,1,0.888685
ຄືເຂົ້າບໍ່ໄດ້,0,0,0,0.985002
ທະນາຄານການຄ້າໂອນເຂົ້າບໍ່ໄດ້.,0,0,0,0.985002
ມັນຂີ້ຮ້າຍກວ່າເກົ່າແທ້,0,0,0,0.741557
ດາວໂຫລດເພື່ອຕິດຕັ້ງໄດ້ແຕ່ເປີດບໍ່ໄດ້,0,0,0,1.0
ຜູ້ຕິດຕາມ,1,1,1,0.888685
ດີແລ້ວພໍໃຈ,1,1,1,0.888685
ດີມາກໆສະບາຍໃຈ,1,1,1,0.888685
ສະບາຍດີລະບົບທາງທະນາຄານຫລຶລະບົບໂປຮແກຼມເລືອກໂທລະສັບໃນການໂຫລດແອັບມາໃຊ້ບໍ່ຕອນນິໂທລະສັບຂອງຂ້ອຍລະບົບລົ້ມໄປຫມົດເຂົ້າແອັບກະບໍ່ໄດ້,0,0,0,0.985002
ເຂດທາດຫຼວງແລະເຂດປະຕູໄຊນິ ເອີ້ນລົດຍາກເປັນພິເສດເດີ້ ໂດຍສະເພາະເຂດທາດຫຼວງນິເອີ້ນລົດເປັນຊົ່ວໂມງກວ່າຊິມາ ສ່ວນເຂດປະຕູໄຊກາບອກຈຸດຄົນຢູ່ຜິດອີກ ຢາກຈະໃຫ້ປັບປຸງເລື່ອງເອີ້ນລົດເປັນພິເສດນິ ເອີ້ນເທື່ອໃດ ລະພັດວ່າເປັນຊົ່ວໂມງກວ່າຈະໄດ້ລົດ.,0,0,1,0.888685
ຍັງກາກຫຼາຍ,0,0,1,0.888685
ສັ່ງຕັ້ງແຕ່5ໂມງຈົນ7ໂມງລະຍັງບໍ່ມາປານີ້ສັ່ງທຸກເທື່ອຊ້າທຸກເທື່ອ,0,0,0,0.784649
ເປັນການຊື່ສານທີ່ດີ ເກັບຄວາມລັບໄດ້ດີ ແຊັດກັບຫມູ່ເພື່ອນ ຢູ່ເຟດສດີຫລາຍ,1,1,1,0.888685
ອັບເດດໄວແດ່ອາຫລົງຟ້າວຈິ,0,0,0,0.862266
ນາງດາວັນ ປັຍາແກ້ວ,1,1,1,0.78361
ລົງທະບຽນໄດ້ເທື່ອດຽວແກ້ໄຂດ່ວນ,0,0,0,0.899263
ແອບກາກຫຼາຍເຂົ້າກະບໍ່ໄດ້,0,0,0,0.985002
ເປັນປະສົບການທີ່ດີ ເລື່ອງອຸບປະສັກຕ່າງໆຂອງຊີວິດທີ່ຜ່ານມາ.,1,1,1,0.888685
ຄືບໍ່ມີບ່ອນຟັງເພງຮ່ວມກັນນະເຮັດຈັ່ງໃດ,0,0,0,0.874798
ປະສົບການທຸກຢ່າງກໍາລັງຮຽນຮູ້,1,1,1,0.888685
ມວນຄັກແລະໃດດາຕ້າຟີ ງາຍແຄ້ດາວໂຫຼດແອບນີມາເທົ້ານັ້ນໂຫຼດເລີຍທຸກຄົນ,1,1,0,0.686142
ດີໄວໆ,1,1,1,0.888685
ທ້າວ.ສີບຸນເຮືອງ ເຫິນສີຫາວົງ.ບ້ານສະຜ່າຍ,1,1,1,0.888685
ເຄີຍຊັກວ່າມາກອ່ນ,1,1,1,0.888685
ຮັກເຂົ້າ ເຈົ້າໃຈບ,1,1,0,0.904519
ໃຫ້ອັບເດດແຕ່ບໍ່ຂື້ນໃຫ້ອັບ,0,0,1,1.0
ເປັນປົກກະຕິ,1,1,1,0.888685
ຕິດຕັ້ງແລ້ວໄວໆແນ່,1,1,0,0.96601
ສະດວກ,1,1,1,0.888685
ຂໍໃຫ້ໄດ້ນໍາໃຊ້ແອັບໄດ້ຍາວນານອີກຕໍ່ໄປ,1,1,1,0.888685
ເຮຍ,1,1,1,0.888685
ໃຊ້ບໍ່ໄດ້ເລື່ອງເຂົ້າລະດິ້ງອອກ,0,0,0,0.985002
ອັບເດດຕະຫຼອດງົງ,0,0,0,0.929163
ແອັບມີບັນຫາຕະຫລອດ ເຂົ້າຍາມໄຫລ ກະອັບເດດຍາມນັ້ນ ເວລາຈະໂອນເງີນໃສ່ເບີໂທກະຍາກເປັນແມ່ມັນອີຫຍັງ ແກ້ໄຂແນ່ ຄ,0,0,0,1.0
ລົງທະບຽນໃນແອບແລ້ວກະເຮັດຫຍັງບ່ອໄດ້,0,0,0,0.899263
ຢາກໄຫ້ປັບປຸງດີກ່ວານີ້ນະເວລາເຂ້າໄປຫມູນຫມູນໄປຖືກຊອ້ງດາຕ້າແລ້ວກະຄ້າງເລີຍບໍໃດ້ຫັຍງແລະເບີງວີດີໂອບໍໃດ້,0,0,0,0.81386
ອັບເດດແຜນທີໃຫມ່ແນ່ເກົ່າແຮງເອີນລົດກະບໍ່ມາ,0,0,0,1.0
ເປັນຫຍັງຄືເຕີມເງີນໃນແອັບຫລືໂອນເງີນໃນແອັບມັນບອກວ່າເບີບໍ່ຖືກຕ້ອງ ທັ່ງທີ່ເບີກະຖືກແລ້ວ,0,0,0,0.874798
ຂ້າມພະເຈົ້າຂໍຂອບໃຈ,1,1,1,0.888685
ສົງຂ່ຄວາມກ່ບ່ໄດ້ຂີ້ລ້າຍຕາຍແທ້,0,0,1,0.888685
ຄັກໆ,1,1,1,0.888685
ແອັບເຂົ້າບໍ່ໄດ້,0,0,0,0.985002
ລາຄາແຮ່ງເກີນໄປ,0,0,1,0.888685
ຮາຮຍ່ອາສສ,1,1,1,0.888685
ຕາຍສ່ະ ໃຊ້ງານບໍ່ໄດ້,0,0,0,0.978682
ຫລີ້ນເກມບໍ່ໄດ້,0,0,0,0.985002
ໃຊ້ງ່າຍແລະໄວ້ດີມັກຫລາຍ.ຊ,1,1,1,0.888685
ຢ່າໄດ້,1,1,1,0.888685
ຂ້ອຍຜູ້ນືງທີອັບເດດແລ້ວແຕເຂົາບໍໃດ້ຈັກເປັນອີຫຍັງໄພເປັນນໍາແນ່ໂຄດແຍ່ເລີຍຖ້າໄພເຫັນເມັນນີ້ຢາເດິຢາອັບເດດເລີຍເດີດຽວມັນສິເຂົາບໍໃດ້ຄືຂ້ອຍຢາອັບເດດເລີຍເດີລິນແອບເກົ້າຫັນດີແລ້ວ,0,0,1,1.0
ສາທຸສາທຸສາທຸ,1,1,1,0.888685
ມັກຫຼາຍວ່ອງໄວດີ,1,1,1,0.888685
ໃຊ້ໄດ້ດີຂຶ້ນແລະເປັນປະໂຫຍດທີ່ດີເລີດ.,1,1,1,0.888685
ພີມ,1,1,1,0.888685
ເປັນເລື່ອງທີ່ດີຫຼາຍ,1,1,1,0.888685
ສຸດຍອດແຕ່ຜົນເສຍຄືໄຜສົ່ງຫຍັງມາບໍ່ທັນເບິ່ງກະບັນທຶກເຂ້າໄນທລສລະ,1,1,1,0.501578
ມັກທີ່ສຸດ.,1,1,1,0.888685
ສຸຫນຸກດີ,1,1,1,0.888685
ຮັກດ່ຽວ,1,1,1,0.888685
ປັບປຸງຂໍ້ຄວາມສຽງແນ່ຈັກເປັນຫ່າພິສັງສຽງຄືຢາກຕາຍນິເວລາສົ່ງສຽງ,0,0,0,1.0
ເນັດຫຼັກ7ກາກຫຼາຍຫາຍຕະຫຼອດຄວນປັບປຸງແນ່,0,0,0,0.987453
ເຂົ້າແອບບໍ່ໄດ້ແກ້ໄຂແດ່.ຢາກເລ່ນແລ້ວແກ້ໄຂດ່ວນ,0,0,0,0.985002
ອັບເດດໃຫມ່ຄື່ເຂົາບໍ່ໄດ້,0,0,0,0.985002
ອີ່ນ່າ,1,1,1,0.888685
ຂາດບໍ່ໄດ້ບໍໄດຂາດແອັບນີ້ດີຫລາຍ,1,1,1,1.0
ນ້ອຍກິດລອຍໄຊ,1,1,1,0.888685
ແອັບເກົ່າຫລີ້ນງ່າຍແຕ່ອັບເດດໄຫ່ມແຕ່ໃຊ້ແອັບບໍ່ຄືເກົ່າຢາກໄດ້ແອັບແບບເດີມດີກ່ວາ ອັບເດດໄຫ່ມເຊີນເພື່ອນກະຍາກຫລີ້ນກະຂັດໆຄາ,0,0,0,1.0
ແອັບພໍ່ແມ່ມື່ງຄິດອອກມານໍາໃສ່ຕີບໍ່ການແກ້.ຂອບຂຸ້ມແຕມີການອັບເດດເປື່ອງເນັດກູ້ລາ່ບັກພະລິດມື່ງສີຄວາຍແມ່ມື່ງຕາຍ,0,0,0,0.874798
ຍີ ມຕຶຍ,1,1,1,0.888685
ໃຊ້ບໍ່ໄດ້ປອນລະຫັດໃສລະເດັ່ງອອກ,0,0,0,0.985002
ແອັບຂີ້ກະຕຶກໃຫ້1ດາວດີລະ ແອັບຮູຂີ້,0,0,1,0.888685
ຂ້ອຍປ່ຽນໄປໄສ່ໂທລະສັບໄຫມ່ລະຂ້ອຍຫຼົງແຕະເຂົ້າໂຫມດກະເປົ່າແລ້ວອອກບໍໄດ້,0,0,0,0.904519
ໃຊ້ດີສະດວກສະບາຍດີ,1,1,1,0.888685
ໂຄງການນິບໍ່ມີຜົນເສຍຕໍ່ກັບຊີວິດok?,1,1,1,0.501578
ເຕີມເງິນຫລັກ7ຍາກ18 3 024,0,0,1,0.888685
ການສືກສາບໍມີ,1,1,1,0.888685
ດີທີ່ມີແອັບນີ້ໃຊ້ສະດວກໂທກະງ່າຍ,1,1,1,0.888685
ໄສ່ດີລາຍ,1,1,1,0.888685
ຜູ້ ເຂົ້າ ຊົມ ທັງຫມົດ,1,1,0,0.904519
ບໍ່ຫລີນເຟສ,1,1,0,0.874798
ຫຼາຍສົມຄວນ,1,1,1,0.888685
ເຂົ້າບໍ່ໄດ້ ເດັ້ງອອກຕະຫລອດຈົນເມື່ອຍ,0,0,0,1.0
ບໍລິການແຫ່ງຜົນສໍາເລັດ ສາມາດນໍາໃຊ້ໄດ້ສະດວກແລະ ວ່ອງໄວ ບໍ່ໍາເປັນຕ້ອງຖືກເງິນສົດຕິດໂຕ,1,1,0,0.874798
ຕາມຄວາມຮູ້ຂອງຂ້ອຍ,1,1,1,0.888685
ຍອດຍຽ່ມ,1,1,1,0.888685
ຢູ່ໆກະເຂົ້າລະບົບບໍ່ໄດ້ວ່າລະຫັດບໍ່ຖືກຕ້ອງເຂົ້າໄປປ່ຽນລະຫັດໄຫມ່ກະຍັງເຂົ້າບໍ່ໄດ້ອີກວ່າລະຫັດບໍ່ຖືກຕ້ອງ.ມັນເປັນບ້າຕິເບາະ,0,0,0,0.985002
ມັນດີຈິງໆ,1,1,1,0.888685
ຄົ້ນຫາຮ້ານຊານົມໄຂ່ມຸກ ພັດເຈີ້ແຕ່ເຂົ້າປຽກ ນ້ໍາປັ່ນ ຄືຫຍັງນິ,0,0,0,0.904519
ດີໆມັກ,1,1,1,0.888685
ໂຫລດມາສິຊື້ເລກ ຊື້ບໍ່ໄດ້ ລົບໂຫລດໃຫມ່ກະຄືເກົ່າ ຫ່ວຍໂພດ,0,0,0,1.0
ອັນບໍ່ໄດ້,1,1,0,0.985002
ແອັຍຫ່າຫຍັງເຕີມບັດເຫັນແຕ່ເງີນອອກບັນຊີແຕ່ເງີນບໍ່ເຂົ້າເຍີໂທລະສັບ ຄວຍ,0,0,0,0.934254
ເດັ້ງອອກເອງເດັ້ງບີບໄປເອງ ແຊັທບໍ່ເດັ້ງຂື້ນ.ລໍາບາກແຮງໃຊ້ແບບນີ້,0,0,0,1.0
ອັບເດດໄຫ່ມແຫ່ງຄັກປັ່ນສ່ໍາໄຫລກະຢູ່ແຕ່ບອ່ນເກົ່າປັ່ນຈົນເບິດກະຍັງບໍ່ໄດ້ດາຕ້າເລີຍແນວໄດກັກໄວ້ບໍ,0,0,0,1.0
ດາວໂຫຍ,0,0,1,0.888685
ຊ້າເກີນໄປໆໆ,0,0,1,0.888685
ໃຫ້ບັດສ່ວນຫລຸດມາແຕ່ໃຊ້ບໍ່ໄດ້ ສະພາບ,0,0,0,0.985002
ຍິນດີນໍາເຫນີໃຫ້ເທີຄົນດຽວ,1,1,1,0.888685
ເປັນຍັງຕື່ມບັດໂທລະສັບຜ່າລະບົບບໍໄດ້ຮັບເງີນທີ່ຕື່ມແຕ່ເງີນໃນບັນຊີ bcelone ຖືກຕັດແລ້ວ ກວດຄືນແດ່ເດີ,0,0,0,0.955309
ບໍ່ຕ້ອງໂຫຼດກະໄດ້ເດີ ໃຊ້ງານບໍ່ໄດ້,0,0,0,0.978682
ກາກຫລາຍບໍ່ມີຫບັງດີເລີຍ,0,0,0,1.0
ເຕັມໃຈ,1,1,1,0.888685
ຄອຍ່ຕໍາະງະຕ ລວ້ນຈ,1,1,1,0.888685
ຫ່າມືງ ກົດລະຫັດໃສ່ ລະໄປຕໍ່ບໍ່ໄດ້ ຍັງຢູ່ຫນ້າເກົ່າ ພໍ່ມືງ,0,0,0,1.0
ມີເບີສາວຫຼາຍດີ,1,1,1,0.888685
ເຈງ.,1,1,1,0.888685
ເບິ່ງຍັງບໍ່ໄດ້ແລ້ວໂທຫາສູນສູນບອກອັບເດດອັບເດດກະຄື່ເກົ່າບອກໃຫ້ຕັ້ງດາຕ້າຕັ້ງແລ້ວກະຄື່ເກົ່າ,0,0,0,1.0
ແອັດlaoappດີຈີງ,1,1,1,0.888685
ນິດທໍາໄດ້ແລ້ວ,1,1,1,0.888685
ເລກແນະນໍາໃສ່ແນວໃດກໍບໍຖືກ,0,0,1,0.888685
ສຸ່ມເນັດຫະບໍ່ໄດ້ຂີ່ງົກໂພດຍ່າຫາໂຫດເດີ້,0,0,0,0.985002
ຄອບຄົວ,1,1,1,0.888685
ຢາກໃຫ້ອັບເດດໄປໃນຕົວເລີຍເພາະຈະໃດ້ສະດວກໃນການນໍາໃຊ້,1,1,0,0.975217
ຂອບຕົ້ງຄ່າແດ່,1,1,1,0.888685
ພີມຮ້ານໃດກາບໍ່ຂື້ນ,0,0,0,0.874798
ເຂົ້າໃຊ້ບໍ່ໄດ້ ເພີ່ນວ່າກໍາລັງອັບເດດ ຍາວເທື່ອກະວ່າກໍາລັງກວດກາສິດ,0,0,0,0.985002
ພັດທະນາແນ່ເຂົ້າແອັບກະບໍ່ໄດ້,0,0,0,1.0
ແອັບຊ້າຫລາຍປັບປຸງແນ່ເດີແອັບອື່ນກະຍັງບໍ່ເຫັນສິເປັນ,0,0,0,1.0
ເອົ້າແບບດີທີສຸດ,1,1,1,0.888685
ໃຊ້my unitelແລ້ວຍັງບໍ່ແລ້ວອີກ ຍັງມາໃຫ້ໃຊ້ແອບນີ້ອີກ ຖ້າບໍ່ໂຫຼດແອບນີ້ກະນໍາໃຊ້ບໍ່ໄດ້ ຊັບຊ້ອນຫຼາຍເລື່ອງແທ້,0,0,0,0.985002
ຈັກໄດ້ບໍ່ໄດ້ ກົດລົງທະບຽນລະເດັ້ງອອກ,0,0,0,0.994453
ສົ່ງໄວທັນໃຈ,1,1,1,0.676489
ຕຸກຕາ ວົງຄໍາຈັນ,1,1,1,0.888685
ດີlaiy,1,1,1,0.888685
ລິ້ນດີລິ້ນສະບາຍ,1,1,1,0.888685
ດນລດຊນືຊີ ນຶນຄພິຍຫິນຕະຫລ,1,1,0,0.533827
ມັກລາຍລາຍ,1,1,1,0.888685
ໃຊ້ແອັບຢູມັນນີສະດວກສະບາຍ ແລະ ເພື່ອຫລຸດຜ່ອນໃຊ້ເງິນສົດ ປອດໄພອີກດ້ວຍ,1,1,1,0.888685
ມັກ,1,1,1,0.888685
ລົງທະບຽນຍານແລ້ວນະ,1,1,0,0.899263
ເຄີຍໃຊ້ແລ້ວແອປນີ້ດີຫາຼຍ,1,1,1,0.888685
ແອັບຫົວຄວຍໂດດມາແລ້ວເຮັດຫຍັງບໍ່ໃດ້ ປານນັ້ນໃຫ້ລົງທະບຽນເບີຜ່ານແອັບ,0,0,0,0.874798
ໃຫັດະແນນແວນນິ້,1,1,1,0.888685
ຮັກລາຍເດະເອັບນີ້,1,1,1,0.888685
ຍາກໄຫ້ພັດທະນາຂຶ້ນໄຫ້ດີ,1,1,1,0.888685
ແຫວນເພັດ,1,1,1,0.888685
ຊອບມາກເລິຍ,1,1,1,0.888685
ມຶງສິຕາຍລະບໍເຂົ້າເຊື່ອມຕໍ່ບໍ່ໄດ້ເນັດດກະມີຢູ່ ໂມໂຫເດີ,0,0,0,0.686142
ສົນໃຈຕົນມາກຂື້ນ,1,1,1,0.888685
ຖ້າໂອນເງິນເຂົ້າທະນາຄານໄດ້ຫນ້າສິດີເລິຍ,1,1,0,0.904519
ເຫ້ຍມາກ,1,1,1,0.888685
ທັນເທັບບອກວ່າດີ,1,1,1,0.888685
ເມື່ອເຮົາຕິດຕັ້ງສົມບູນແລ້ວແຕ່ຫລົງລົບແອບຖີ້ມເຮົາຄວນເຮັດແນວໄດຂໍແນະນໍາແນ່,1,1,0,0.951633
ພັດທະນາອີກ,1,1,1,0.888685
ຫມູນໄດ້250mb ແລ້ວກົດແຊ ແຕ່ມັນຄ້າງ ເປັນທຸກມື້ ທຸກເທື່ອເລີຍ ສະຫຼຸບ ບໍ່ໄດ້ຫຍັງ ຊ່ວຍແກ້ໄຂໃຫ້ແນ່,0,0,0,0.973025
ດີໃຊ້ແລ້ວປອດໄພ,1,1,1,0.888685
ເປັນແອປທີໄສດີມາກເລື້ຍນະຊອບໆ,1,1,1,0.888685
ດີຈຮິງໆ,1,1,1,0.888685
ຊົ່ວຢ່າງ,1,1,1,0.888685
ສັ່ງຫຼາຍເທື່ອແລ້ວບໍລິການດີ ວ່ອງໄວທັນໃຈ,1,1,1,0.888685
ຂໍກູ້ບັນຊີຄືນ,1,1,1,0.888685
ຊ່ວນກັນສະຫນັບສະຫນູນສິນຄ້າບ້ານເຮົາ,1,1,1,0.888685
ແຊັດບໍ່ຕອບ,0,0,0,0.874798
ແອັບຄວາຍເອົາເນັດຟີກະບໍ່ໄດ້,0,0,0,0.985002
ຖ້າສາມາດເຕິມເງິນເຂົ້ຢູມັນນີ້ຜ່ານບັດເຕິມເງິນໄດ້ສິດີແຮງ,1,1,0,0.904519
ໃຫ້ເວົ້າໃນນາມຫມູ່ບໍ່ ກະຈັດສົ່ງໄວໃດ ມີຄົບທຸກຢ່າງພຽງໃຊ້ປາຍມືສໍາພັດ.,1,1,0,0.874798
ດີສໍາຫັຼບຊາວເຟສບຸກ,1,1,1,0.888685
ສົ່ງຂໍ້ຄວາມບໍ່ໃດ້ຂື້ນຄໍາວ່າກໍາລັງເຊື່ອມຕໍ່,0,0,0,0.874798
loveດິ,1,1,1,0.888685
ຂ້ອຍສີ້ກົບເຂົາ,1,1,1,0.888685
ສັນຍານໂຄດພໍ່ມຶງຫຍັງໂຄດຊ້າ,0,0,0,1.0
ນາງດອກ,1,1,1,0.888685
ສຸດຍອດລາວເຮົາ,1,1,1,0.888685
ເພາະຢາກຮູ້ຜົນອອກຫວຍ,1,1,1,0.888685
ສວາ,1,1,1,0.888685
ຂອບໄຈທີ່ໄຫ້ໂດກ,1,1,1,0.888685
ສະຫມັກຢາກໄປນ້າຈະເອົາບັດປະຈໍາຕົວຫືຼສໍາມະໂນສະຫມັກກະພໍ ນີ້ຕ້ອງໄປທະນະຄານເລີຍບໍ່ມີເວລາຊໍານັ້ນ ແກ້ເລີຍ,0,0,0,0.874798
ໃຊ້ງານບໍ່ໄດ້ ຫລີ້ນຫຍັງກະບໍ່ໄດ້,0,0,0,0.978682
ບໍ່ເປັນຕາໃຊ້ ບໍລິການໂຄດບໍ່ໄດ້ເລື່ອງເອີ້ນເປັນສິບເທື່ອບໍ່ມີລົດຈັກບາດ ຢ່າໄປຄິດຝາກຊີວິດກັບລົດກັອກກັອກ. .,0,0,0,0.994453
ຂໍໄຫ້ທານພູພັດຊວຽ່ແກໃຂຊີ້ງທີຄາດ້ເດົາບໍໃນການບໍ່ທັນສໍານານ,1,1,0,0.901786
ດ້ວຍ,1,1,1,0.888685
ບໍ່ຄ່ອຍເຂົ້າໃຈໃນການຕິດຕັ້ງ,0,0,0,0.975217
ແອບນີ້ດີ,1,1,1,0.888685
ແຕ່ໃຫ້ປັບປຸງໃຫ້ໄວກ່ວາເກົ່າ,1,1,0,0.741557
ດີມາກເລີຍແອັບນີ,1,1,1,0.888685
ຊື່,1,1,1,0.888685
ມັກສູດຍອດມາກ,1,1,1,0.888685
ດີຫລາຍແລະກະຂອບໄຈຫລາຍໆ,1,1,1,0.888685
ຢາກໃຫ້ແກ້ໄຂ້ບ່ອນສະຕໍຮີແນ່ເວລາອັບຮູບຂຽນຂໍ້ມູນບໍໄດ້.,0,0,0,0.984982
ດີຢູ່ມັກຫຼາຍ,1,1,1,0.888685
ໃຊ້ ງານ ໄດ້ ດີ,1,1,1,0.888685
ຂໍໃຫ້ຖືກເດີສາທຸ,1,1,1,0.888685
ລົງທະບຽນເຂົ້າໃຊ້ແອັບຍາກເກີນໄປ,0,0,0,0.904519
ເລນ,1,1,1,0.888685
ມັນມຸດຍອດເລີຍ,1,1,1,0.888685
ແອັບເດັງແກ້ໄຂດ່ວນນນ,0,0,0,1.0
ດີເຕີມເງິນປະຢັດ500ກີບ,1,1,1,0.888685
ສຸດຍອດໃນການອັບເກດ ໄວຫລາຍ,1,1,1,0.888685
ເຟດບຸກຂ້ອຍຄືຊ້າແທ້ອັບເດດຂ່າວກະສອງມື້ຈັ່ງເຫັນ,0,0,0,0.686142
ຈະພະຍາຍາມໃສ່ໃຫ້ມີປະສິດທິຜົນ,1,1,1,0.888685
ເຂົ້າເຟສບໍ່ໄດ້,0,0,0,0.985002
ຢູ່ຊື່ໆເຂົ້າບໍ່ໄດ້,0,0,0,0.985002
ມັນເປັນຫຍັງຄືມາປ່ຽນຫນ້າເຟດກັນ ຜີ່ບ້າບໍ,1,1,0,0.787977
ຢາກຫລອນລະຊ່ວງນິ,1,1,1,0.888685
ແອັບເດັ້ງໃຊ້ບໍ່ໄດ້,0,0,0,0.985002
ຢາກມີເພື່ອນມິດທີດີປານຄົນ,1,1,1,0.888685
ຫຼີ້ນໄວທັນໄຈ,1,1,1,0.888685
ສະດວກຫຼາຍ,1,1,1,0.888685
ສະ ບາຍດີ,1,1,1,0.888685
ອັບເດດໃຫມ່ມາຄືໂງ້ຕາຍແທ້ເນາະລີ້ນກະບໍ່ໄດ້ເນັດຄືແຕ່ກອນໄປປຽ່ນໄວ້ເດີຊິໄຫ້ລີ້ນເອົາອີ່ຫຍັງວະ,0,0,0,0.985002
ໄປ ko,1,1,1,0.888685
ອັບເລັດແລ້ວເກມມຸນວົງລໍ້ຂໍເພື່ອນເພີ່ມກະບໍ່ໄດ້ແບບນີ້ບໍ່ຄ່ອຍມັກປານໃດ,0,0,0,0.985002
ບາວກະທິນ,1,1,1,0.888685
ດີຫລາຍໃຊ້ງ່າຍ,1,1,1,0.888685
ຄັກອີຫຼີ,1,1,1,0.888685
ລະຫຫດotpທີ່ສົ່ງໃຫ້ມີແຕ່5ໂຕ ບາດໂປຣແກມພັດວ່າມີ6 ໃສ່ໄປມັນກະບໍ່ຖືກ ແກ້ແດ່,0,0,0,0.874798
ອີຊອນປາກຫນາ,1,1,1,0.888685
ຄືloginບໍ່ໄດ້?,0,0,0,0.985002
ແພຄົນເດີມ,0,0,1,0.888685
ແອັບນີ້ໃຊ້ໄດ້ດີຂະຫນາດຊື້ງ່າຍຈ່າຍໄວໃຜທີ່ດາວໂຫລດໃຫນ່ແນະນໍາໃຫ້ພີມລະຫັດຜູ້ແນະນໍານີ້38490815ໃສ່ແນ່ເດີແລ້ວຈະເຮັງ,1,1,1,1.0
ງ່າຍທີສຸດກວ່າແອັບອື່ນ,1,1,1,0.888685
ຢາກໃຫ້ຍອດໄລ້ແລະຜູ້ຕິດຕາມຫລາຍ,1,1,1,0.888685
ດີແລະໄດ້ເປີເຊັນໂອເຄເລີຍ,1,1,1,0.888685
ສຍສີຕຮ,1,1,1,0.888685
ເປັນຫຍັງເຂົ້າບາດໄດຄຶວ່າເດັ້ງອອກຕະລອດໂອຍຈັ່ງແມ່ນໄຈຮ້າຍເດ້ບຶດເຂົ້າໄດ້ບຶດເຂົ້າບໍ່ໄດ້ລໍາຄ້ານເດ້ຕ້ອງການໂອນເງີນກະບໍ່ໄດ້,0,0,0,1.0
ດີຫລາຍສະດວກສະບາຍຖືກປັບໂອນກັບມື້ເລີຍ,1,1,1,0.888685
ມາຈາກ,1,1,1,0.888685
ທໍາງານດີມາກໆເລີຍ,1,1,1,0.888685
ຄືຍາກຕາຍນີເຂົ້າລະບົບບໍໄດ້ລະຫັດຖືກຫມົດພໍຕັ້ງລະຫັດໃຫມ່ກະຫັກເງີນຕັດແລ້ວຍັງເຂົ້າບໍ່ໄດ້ອີກບໍຈັກໃຫ້ຕີຕາອ້າປາກເສຍທັງເງີນເສຍທັງຄວາມຮູ້ສືກ ທນຄ ເຫັນແກ່ໄດ້,0,0,0,1.0
ປອດໄພ,1,1,1,0.888685
ກະຈອກໂພດຕັ້ງແອັບນ່ະ.ລະຫັດບໍ່ສົ່ງມາ,0,0,1,0.804566
ເຂົ້າໃຊ້ງານຍາກຫລາຍຊ້ວງນີ້ ແອັບປິດຕະຫລອດ 5 05 2020,0,0,0,0.904519
ມັນເຍີ່ຍມສຸດ ແຊທງ່າຍຄຸຍງ່າຍ,1,1,1,0.888685
ຊື່ແສງໄຊ,1,1,1,0.888685
ຂ້ອຍມັກຫຼາຍແອັບໂມຈ໋ານີ້,1,1,1,0.888685
ເຂົ້າບໍມັກໄດ້,0,0,0,0.904519
ແອັປນີ້ໃຊ້ດີຫຼາຍ,1,1,1,0.888685
ເຂົ້າລົງທະບຽນເບີບໍ່ໃດ້,0,0,0,0.874798
ບຸນຊ້າຍໂຫດ ເດັກລາວ,1,1,1,0.888685
ຂ້ອຍໂຫຼດມາກະໄຫ້ອັບເດດເລີຍຄັນບໍ່ອັບເດດກະເຮັດຫຍັງກະບໍ່ໄດ້,0,0,0,1.0
ຫຼິ້ນມ່ວນດີຮັກເລີຍ,1,1,1,0.888685
ມີປະໂຫຍດຫຼາຍ. ຕໍ່ໄປເພີ່ມເກມທີ່ວັດຄວາມຮູ້ທາງສຶກສາແດ່.,1,1,1,0.888685
ແອັບຊ່າສຸດ,0,0,1,0.888685
ໂພສບໍ່ຂື້ນຝິດ,0,0,0,0.874798
ພຮຮຮ່,1,1,1,0.888685
ມັກເລື່ອງກັບພຮະ,1,1,1,0.888685
ຍາກຫລີ້ນໃຫມ່,1,1,1,0.888685
ສຸດຍອດຈະ,1,1,1,0.888685
ມີຄົບ ໃຊ້ງານສະດວກດີ,1,1,1,0.888685
ເບີ່ງຫນັງດີໆກະວ່າຢຸດ ເນັດຊ້າຫລາຍ ເປັນທຸກເທຶ່ອ,0,0,1,0.888685
ດີ ມາກໆ,1,1,1,0.888685
ຄູຄຄບຂ,1,1,1,0.888685
ໃຫ້ລົງທະບຽນ ບາດລົງໃນແອັບລົງທໍ່ໃດ໋ກະເດັ້ງອອກ,0,0,0,1.0
ດີ ທີສູດ,1,1,1,0.888685
ງົງບາງເລື່ອງ,1,1,1,0.888685
ດີລາຍແອບນິ້,1,1,1,0.888685
ບາງຄັ້ງຍັງສັບສົນ,1,1,1,0.888685
ຮູ້ສຶກສະບາຍເມື່ອມີu money,1,1,1,0.888685
ດີຄັຮບ,1,1,1,0.888685
ສັດເອີຍແມັງບໍ່ໃຫ້ໄດ້ເນັດສ້າງມາເພື່ອ,0,0,0,0.874798
ລະບົບແຈ້ງເຕືອນບໍ່ທໍາງານ,0,0,0,0.874798
ຢາກໃຫ້ເພີ່ມວີທີການຈ່າຍເງິນ,1,1,1,0.888685
ເດັກລາວນອນ,1,1,1,0.888685
ຄວາມສະດວກ,1,1,1,0.888685
ທ ອ o,1,1,1,0.888685
ໂຄດກາກເລີຍ .,0,0,0,1.0
ເຈລີລີ.,1,1,1,0.888685
ໂດຍມີການປ່ຽນແປງ,1,1,1,0.888685
ອັບເດດທຸກທິດຈັກອັບຫາພະແສງອີ່ຫຍັງ,0,0,0,1.0
ຕັ່ງຍາກສຸດບ່າດຕັ່ງແລ້ວລົບແລ້ວຫລີ້ນບໍໄດ້ໄຫ້ຕັ່ງໄຫມ່,0,0,0,0.955309
ໃຫ້ໂຫລດໄດ້ແດ່,1,1,0,0.602147
ຊ້າໂພດ ລ໋ອກອີນໂຄດຍາກເລີຍ ແກ້ໄຂໃຫມ່ເດີ,0,0,0,0.929163
ດີສຸດ,1,1,1,0.888685
ກາກຫລາຍຖ້າເປັນຊົ່ວໂມງກະບໍ່ໄດ້ຮັບເນັດຈັກເທື່ອ ດີແຕ່ຕ້ອນທໍາອິດ ສຸມື້ນີ້ບໍ່ໄດ້ຮັບເນັດຄືແຕ່ເກົ່າແລ້ວ ຢ່າດາວໂຫລດມາສຽຍດາຕ້າພີ່ນ້ອງເອີຍ,0,0,0,0.994453
ພະນັກງານຕອບແຊັດຊ້າແຮງຫຼືບໍ່ຕອບເລຍກໍມີ,0,0,1,1.0
ຕິດຕັ່ງກະຍາກ ມີບັນຊີເກົ່າແລ້ວແຕ່ບໍ່ໄດ້,0,0,1,1.0
ຮັກອີກຜົວຄົນດຽວບໍ່ມີໃຜຈະຮັກຄືຮັກອີກຜົວແລ້ວ ຮັກ1 ຮັກ2 ຮັກ3 ຮັກ4 ຮັກ5 ຮັກ6 ຮັກ7 ຮັກ8 ຮັກ9 ຮັກ10 ຮັກ11 ຮັກ12 ຮັກ13 ຮັກ14 ຮັກ15 ຮັກ16 ຮັກ17 ຮັກ18 ຮັກ19 ຮັກ20 ຮັກ21 ຮັກ22 ຮັກ23 ຮັກ24 ຮັກ25 ຮັກ26 ຮັກ27 ຮັກ28 ຮັກ29 ຮັກ30 ຮັກ31 ຮັກ32 ຮັກ33 ຮັກ34 ຮັກ35 ຮັກ36 ຮັກ37 ຮັກ38 ຮັກ39 ຮັກ40 ຮັກ41 ຮັກ42 ຮັກ43 ຮັກ44 ຮັກ45 ຮັກ46 ຮັກ47 ຮັກ48 ຮັກ49 ຮັກ50 ຮັກ51 ຮັກ52 ຮັກ53 ຮັກ54 ຮັກ55 ຮັກ56 ຮັກ57 ຮັກ58 ຮັກ59 ຮັກ60 ຮັກ61 ຮັກ62 ຮັກ63 ຮັກ64 ຮັກ65 ຮັກ66 ຮັກ67 ຮັກ68 ຮັກ69 ຮັກ70 ຮັກ71 ຮັກ72 ຮັກ73 ຮັກ74 ຮັກ75 ຮັກອີກຜົວເດີ້,1,1,1,1.0
ລະຫັດຖືກແລ້ວຍັງວ່າບໍ່ຖືກເນາະ,0,0,0,0.874798
ປັບປຸງດ່ວນຂັ້ນຕອນການກວດສອບຄວາມຖືກຕ້ອງໃຊ້ເວລາດົນໂພດ,0,0,0,0.81386
ພ່ໃຈ,1,1,1,0.888685
ຂໍຂອບໃຈທຸກທ່ານທີ່ສະຫນັບສະຫນູນທຸລະກີດພ້ອມທັງວັດທຸເງີນຄໍາອັນແສນລໍາຄ່າຂໍໃຫ້ສຸກະພາບແຂງແຮງທຸກຄົນ,1,1,1,0.888685
ສານ ເປັນ ກະຊວງ ສັດ ຫລວງ,1,1,1,0.888685
ຂ້ອຍເປັນຄົນຫນຶ່ງທີສ່າຢາກໂຫລດແຕ່ໂຫລດບໍ່ໄດ້ພື້ນທີ່ກະບໍ່ໄດ້ເຕັມອີກຄືບໍ່ມີວິທີເຮັດແລ້ວປັບປຸງແນ່ເດີ. ອາລົມເສຍ,0,0,0,1.0
ລົງທະບຽນໂຄດຍາກ ຢູ່ກັບແອັບນີ້3ຊມ ລົງທະບຽນບໍ່ໄດ້ເລີຍ,0,0,0,1.0
ດີດດດ,1,1,1,0.888685
ລ້າຊາ,1,1,1,0.888685
ກິດຈະກໍາມີໄວ້ເພື່ອຫຍັງ ເສຍເງິນໄປແລ້ວບໍ່ແຈກ,0,0,1,0.501578
ບໍ່ເຄີຍມີປະສົບການ,1,1,1,1.0
ຖືກສຸດ,1,1,1,0.888685
ບໍ່ເຄືຍຖືກເລກ ແຕ່ຊື່ທຸກງວດ,0,0,0,0.874798
ແອັບໃຫມ່ເຂົ້າບໍ່ໄດ້ເລີຍ ໃຫ້ລ໊ອກອິນດ້ວຍວັນເດືອນປີເກີດ ໃສ່ຈັງໃດກະບໍ່ຖືກ ເອັດແຕ່ແນວຍາກລູກຄ້າ ຄືບໍ່ໃຫ້ຢືນຢັນດ້ວຍເບີໂທທີ່ເຊື່ອກັບແອັບແລ້ວສົ່ງລະຫັດotpເຂົ້າເບີເລີຍບໍ ແນວມັນງ່າຍຄົນອື່ນ ເອັດແຕ່ແນວຍາກໆ,0,0,0,1.0
ເວລາເຮົາເຕີມເງນປະໄວ້ກໍ່ຫຍັງດິຮັກສາໄວ້.ຫ້ເຮົາດິຊົມເຊີຍ,1,1,1,0.888685
ສະບາຍດີເຈົ້າຂ້ອຍຫາກໍ່ຮຽນຕິດຕັ້ງລອງເບິ່ງເຈົ້າ,1,1,0,0.951633
ແອບຂໍ້ຄວາມ,1,1,1,0.888685
ດນ່ພ່ດຍເຮ,1,1,1,0.888685
ດີແລ້ວແຕ່ຂໍໃຫ້ປັບລະບົບຍັງມີຜິດພາດບາງຄັ້ງຄາວ,1,1,1,0.888685
ປັບປຸງໄວ້ຂຶນສະດວກສະບາຍໃນການຫຼີ້ນແກມເຄຶ່ອຂາຍໄວ້,1,1,0,0.81386
ກໍາລັງ,1,1,1,0.888685
ນິຕາ,1,1,1,0.888685
ຢາກໃຫ້ເພີມຫວຍພັດທະນາໃສ່ແດ່ເວລາຊື້ເລກຈີ່ງສະດວກ,1,1,1,0.888685
ບໍມັກຢູໆກໍຂືນເປັນພາສາໂດຍບໍຮູ້ສາເຫດຢາກໄຫ້ກັບມາເປັນປົກກະຕຶເປັນນັງເຟດບຸກຕິງກີດກັນເບີໂທທັງທີຂ້ອຍກະເຕີມເນັດປັບປຸງແດ່ຫວ່ຍເກີນ,0,0,0,0.686142
ຊີວິດທີ່ສະບາຍຊອບ,1,1,1,0.888685
ຂົນສົ່ງຊ້າ ເສຍດາຍຮ້ານຄ້າບາງຮ້ານ ຮັບສົ່ງພຽງແຕ່ຮຸ່ງອະລຸນ ຖ້າມີທາງເລືອກຂໍບໍ່ເລືອກຂົນສົ່ງນີ້,0,0,0,0.874798
ຄວນປັບປຸງແດ່ເຂົ້າໄປບໍ່ສົ່ງລະຫັດມາໃຫ້,0,0,0,0.874798
ເຕີມເງິນໂທລະສັບແລ້ວບໍ່ໄດ້ຄະແນນຄືເມື່ອກ່ອນ,0,0,0,0.985002
ມັນໂຫລ້ດຖຶງຈະໄດ້,1,1,0,0.602147
ສະຕໍລຣີບໍ່ມີເພງໄທ,0,0,0,0.874798
ເປີດຟັງຄິບຍາມໃດຟັງບໍ່ໃດ້ຫນ້າຈໍດັບເປັນນໍາຫຍັງມີວີທີບໍ່,0,0,0,0.874798
ໄວນາສູນ,1,1,1,0.888685
ດີມາດຄ່ະ,1,1,1,0.888685
ທຸກໆຄົນມັນເຟັດບຸກ,1,1,1,0.888685
ມຸນວົງລໍ້ບໍ່ໄດ້ເງີນເນັດສ້າງມາເພືອເງີນເນັດກາບໍ່ໄດ້,0,0,0,0.985002
ໂອເຄເລີຍ,1,1,1,0.888685
ສະດວກໃນການທໍາງານ,1,1,1,0.888685
ສະດວກສະບາຍ ບໍລິການດີ,1,1,1,0.888685
ດີຈີງຫຼື,1,1,1,0.888685
ຄິດຮອດອ້າຍຢູ່ເດີ,1,1,1,0.888685
ຢາກໄດ້ລາວແອັບແບບເກົ່າຕອນນີ້ຫລິ້ນຫຍັງບໍໄດ້ເລີຍ,0,0,1,1.0
ເປັນຫຍັງຄືດາວໂຫລດບໍ່ໄດ້,0,0,0,0.985002
ຂິງດົງຫມາກຄາຍ,1,1,1,0.888685
ຂ້ອຍຮູ້ຈັກວອດແອັບມາ10ປີ.ວອດແອັບເປັນອີກແອັບຫນື່ງທີ່ໃຊ້ດີ,1,1,0,0.686142
ເປັນແອບທີສຸດຍອດ,1,1,1,0.888685
ດີຫຼາຍທີ່ໄດ້ນໍາໃຊ້ວອດແອ້ບ ວ່ອງໄວທັນໃຈ,1,1,1,0.888685
ເອີ້ນລົດຍາກແຮງບາງທີກົດເອີ້ນເປັນຊົ່ວໂມງກະຍັງບໍ່ໄດ້ຕ້ອງໄດ້ຍ່າງໄປເອງ,0,0,0,0.985002
ດີລາວແທ້ໃຜຈະໄຊ້ແອບນີ້ດີຂໍຄວາມງິນດີ,1,1,1,0.888685
ການນໍາໃຊ້ມີປະໂຫຍດ,1,1,1,0.888685
ອັປເດດບໍ່ໄດ້ມັນເປັນຫຍັງເດ,0,0,0,0.839917
ມີຄວາມເປັນສວ່ນຕົວດີ.,1,1,1,0.888685
ຕື່ມຂໍ້ມູນຕາມການແນະນໍາທຸກຊັ້ນຕອນ ແຕ່ຂໍ້ຄວາມຕອບມາວ່າການລົງທະບຽນບໍ່ສໍາເລັດ ເບີ030 ອີທີແອລ,0,0,0,0.874798
ແອບໃຊ້ການບໍ່ໄດ້ ເດັ້ງອອກຊື່ໆເຮັດຫຍັງບໍ່ໄດ້,0,0,0,1.0
"ລູກຄ້າຄິດວ່າຕິດຕັ້ງແອັບນີ້ແລ້ວໄດ້ໂບນັດ 10,000 ແຕ່ມັນກະບໍມີພົນປະໂຫຍດຫຍັງໂຫລດໄປເທົ່ານັ້ນ",0,0,0,1.0
ເຈັບ,1,1,1,0.888685
ສະຫມຸກດີ,1,1,1,0.888685
ພຸດ,1,1,1,0.888685
ອານຸລັກມືແລງເດີ,1,1,1,0.888685
ຫັງໂປຍີປຸນ,1,1,1,0.888685
ກາກເກີນ ໃສ່ລະຫັດຕາມສູນສົ່ງມາ ບາດວ່າລະຫັດບໍ່ຖືກຕ້ອງ ເຮ້ຍມັນ,0,0,0,1.0
ນ້ອງອອນ,1,1,1,0.888685
ປີງໄຊໄຊລຶ,1,1,1,0.888685
ເຂົ້າແອັບດ່ຽວຈົບເລີຍ ມີທຸກຢ່າງຄັກໆ,1,1,0,0.904519
ກູເຟດຂືນ,1,1,1,0.888685
ໃຊ້ຄັກທັນສະໄຫມວ່ອງໄວ,1,1,1,0.888685
ແອບຂີ້ຖີ່,0,0,1,0.888685
ຊອບ ຈັນສຸກຂະພາບແຂງແຮງຂຶ້ນ,1,1,1,0.888685
ຊັງອາຫານນໍາ,1,1,1,0.888685
ດີຫມາກທີໃຫ້ເຮົາໃກ້ກັນ,1,1,1,0.888685
ຈັນທີ ຄົນຈິງໃຈ,1,1,1,0.888685
ເອາໄປເລີຍ10,1,1,1,0.888685
ຊອບໄລສດ,1,1,1,0.888685
ເນັດກະປົກກະຕິແຕ່ບອກວ່າເນັດມີປັນຫາ,0,0,0,0.956258
ທົດລອງໃຊ້,1,1,1,0.888685
ໂອເຄ່ເລີຍແລະດີ,1,1,1,0.888685
ໄຊ້ດີ ສະດ່ວກ.ສະບາຍ.ຄົນໃດທີ່ສະຫມັກແພັກເກັດບໍ່ເປັນ ແນະນໍາແອັບຯນີ້ເລີຍ,1,1,0,0.874798
ດີໃຊ້ງາຍສະດວກສະບາຍ,1,1,1,0.888685
ດີຫຼາຍແອບນີ້. ສໍາລັດຄົນທຸກ ຂອບໃຈຫຼາຍໆ.,1,1,1,0.888685
ແອປດີລາຍແຕ່ມັນໃຫ້ເງິນເນັດເກິນ,1,1,1,1.0
ປອດໄຝ,1,1,1,0.888685
ແອັບໃຊ້ງານຍາກຫລາຍ ເຂົ້າເມນູແຕ່ລະຢ່າງໃຊ້ເວລາໂຫລດຊ້າເກີນ ຕົວເລືອກແພັກເກັດຕ່າງໆ ມີໃຫ້ເລືອກຫນ້ອຍ,0,0,0,0.904519
ແອັບຫ່ວຍເຕີມເງີນທ່ານແອັບແຕ່ກັບບໍ່ໄດ້ຂະແນນ,0,0,0,0.985002
ຈັກຊິໄຫ້ຢືນຢັນໂຕຕົນອີ່ຫຍັງຫລາຍເທື່ອແທ້.ຄັນເຮັດງ່າຍ ມີຄິບອະທິບາຍໄຫ້ເຂົ້າໃຈຍັງພໍໃຄ ອັນນີ້ອີ່ຫຍັງກະບໍ່ແຈ້ງການຫຍັງ ບໍ່ພັດທະນາຫຍັງຈັກເທື່ອ,0,0,0,1.0
ຄໍາສູດ,1,1,1,0.888685
ເຂົ້າແອັບບໍ່ໄດ້ເລີຍ,0,0,0,1.0
ລາວແອບໃຊ້ງານໄດ້ສະດວກບ່ອກໃດ້ສອງຄໍາເລີຍວ່າ ມັກເລີຍ,1,1,1,0.888685
ຕີຮນານ ນຶອອກ,1,1,1,0.888685
ມັກຫລາຍຊ່ວຍປະຫຍັດຄ່າໃຊ້ຈ່າຍພາຍໃນຄອບຄົວ,1,1,1,0.888685
ດີພໍໃຊ້ໄດ້ໃຫ້4ດາວ,1,1,1,0.888685
ບໍ່ເຄີຍນໍາໄຊ້ຈັກເທືອແຕ່ກໍ່ລອງໄຊ້ໄປກ່ອນ,1,1,0,0.994453
ຂໍເຂົ້າ,1,1,0,0.904519
ດີມາກລືິນໄດ້ຫລາຍຢ່າງ,1,1,1,0.888685
ຍິນດີນ້ໍາ,1,1,1,0.888685
.ດີຄັກອີ່ຫລີ. ພັດນະນາຕໍ່ໄປເດີເປັນກໍາລັງໃຈໃຫ້,1,1,1,0.888685
ໃຊ້ງານງ່າຍສະບາຍ,1,1,1,0.888685
ຫ່ວຍແຕກກູສົ່ງວີດີໂອບໍໄດ້,0,0,0,0.955309
ແກ້ໄຂລະບົບແດ່ເດີຊິໂອນເງີນຍາມໃດຂັດຂອງຕະຫລອດສະເພາະໂອນຫາການຄ້າກັບກ້າຄ້າໂອນເຂົ້າມາກະຂັດຂອງຄືກັນ,0,0,0,0.904519
ດີດີດດ,1,1,1,0.888685
ມີສາລະ ແລະໃຊ້ໂຢດໄດ້ຢ່າງ,1,1,1,0.888685
ຄສຈາ,1,1,1,0.888685
ແອັປອັນນີ້ດີຫຼາຍ,1,1,1,0.888685
ເດັ້ງອອກຢຸດການທໍາງານ,0,0,0,1.0
ພຄທີມີ,1,1,1,0.888685
ດີມາກເລີຍຄັບ,1,1,1,0.888685
ການແຈ້າເຕືອນບໍ່ເດັ້ງຂື້ນສາຍເຂົ້າກະບໍ່ເຕືອນມີແຕ່ສັ້ນ,0,0,0,0.874798
ຄືທີ່ສຸດ,1,1,1,0.888685
ຂໍໃຫ້ໄດ້ນະ,1,1,1,0.888685
ຄໍາປ່ຽນ,1,1,1,0.888685
ໃກ້ຮັບການເຊື່ອຖືໃກ້,1,1,1,0.888685
ຍ້ຽມເລີຍ,1,1,1,0.888685
ຈັກແມ່ນຫຍັງຢາກໃຫ້ລົງທະບຽນແຕ່ວ່າແອັບມັກມີແຕ່ບັນຫາຢູ່ຕະຫລອດໃສເບີບ່າງເທື່ອກະເດັ້ງໃສລະຫັດກະບັກດົນຖ້າຢຸ່ກະຍັງບໍ່ຫລ໋ອກອີນເຂົ້າໃຫ້ປັບປຸງໃຫ້ແນ່,0,0,0,1.0
ດີຫຼາຍແອັບມີຄວາມສະດວກສະບາຍວອງໄວໃຊ້ງານງ່າຍ,1,1,1,0.888685
ດີ ດີໆ,1,1,1,0.888685
ດີເທ,1,1,1,0.888685
ມັກຍ້ອນມີອາຫານລາກຫລາຍ,1,1,0,0.805045
ແອບກາກບໍ່ໄດ້ດາຕ້າເລຍແລ້ວຍັງຕັດເອົາຍອດເງິນອີກ,0,0,0,0.985002
ແນະນໍາລວຍໄປນໍາກັນ91507413,1,1,1,0.888685
ເຂົ້າແອັບບໍໄດ້ເລີຍແກ້ໄຂແນ່,0,0,0,1.0
ດີດີບໍ່ມີຍັງດີເທົ່ານີ້ລະ,1,1,0,0.874798
ບານດີເຈົ້າຖິ້ມ,1,1,1,0.888685
ເຮັດຍັງຄື່ບໍຖື,1,1,1,0.888685
ບ່ລິການນີ້ແມ່ນດີຫລາຍ,1,1,1,0.888685
ແບບງ່າຍໆ,1,1,1,0.888685
ບໍລິການດີຫຼາຍ,1,1,1,0.888685
ດີດີໃຊ້ໄດ້ທຸກວັນ,1,1,1,0.888685
ທ້າວ ດີ,1,1,1,0.888685
ສຸດຍອດເລີຍແອບນີນະ,1,1,1,0.888685
ຄວນປັບປຸງໄຫ້ສະແກນ ໄບຫນ້າຫຼືນີ້ວມື່ໄຫ້ໄດ້ແດ່ ອີກຢາງເປັນຍັງຄືບໍຂື້ນຊືເຈົ້າຂອງເບີໃນແອບ ລະຊິກັກໄວ້ເພືອຍັງ,0,0,0,0.81386
ໃຊ້ດີຫລາຍເຈົ້າ,1,1,1,0.888685
ໃຊ້ດີຕັ້ງແຕ່ໂຫລດແອັບນີ້ມາໃຊ້ຊີວິດສະດວກຂຶ້ນຫລາຍ.ຂໍຂອບໃຈແອັບນີ້,1,1,1,1.0
ເປັນຫຍັງຄືໃສບໍ່ໃດ້,0,0,0,0.874798
ແມ່ນຫຍັງຫວະຢູ່ດີໆກະເຂົ້າບໍ່ໃດ້ທັງໆໂອນເງິນເຂົ້າເງິນອອກຄະຫຼອດ ເຮັດສະແກນລາຍມືເອົາຄິດວ່າສະດວກລະໃດເອົາໄປເອົາມາຢຸ່ດີໆກະວ່າລາຍມືບໍ່ໃດ້ລົງທະບຽບປັບປຸ້ງແນ່,0,0,0,0.686142
ອັບເດດທຸກເວີຊັ່ນເຈົ້າກະບໍ່ແຊັດມາຄືເກົ່າ,0,0,0,1.0
ຕຶຢະ,1,1,1,0.888685
ເຕີມເງິນເຮັດແນວໃດໄຜຮູ້ບອກແດ່,0,0,1,0.888685
ໃຊ້ສະດວກດີຫລາຍ,1,1,1,0.888685
ໂອເຄ.,1,1,1,0.888685
ເຂົ້າລະບົບແອັບບໍ່ໄດ້,0,0,0,0.985002
ແອບນີ້ບໍ່ໄດ້ເລື້ອງ ສາວບໍ່ຕອບແຊັດ ໃຫ້1ດາວເດີ້ ໄປປັບປຸງມາໃຫມ່ເດີ້,0,0,0,0.985002
ແອັບນີ້ໃຊ້ງານດີສຸດເພື່ອນໆໃຜດາວໂຫລດແນະນໍາໃຫ້ໃຊ້ລະຫັດນີ້ເລີຍເດີ້ເຈົ້າ 22409354,1,1,0,0.602147
ໃຊ້ດີ ແຕ່ບາງທີກະເຂົ້າບໍ່ໄດ້ທັ້ງທີ່ສັນຍານເນັດແຮງ,1,1,1,1.0
ຂ້ອຍມັກເຟດນີ້,1,1,1,0.888685
ບໍລິການສຸດຍອດ,1,1,1,0.888685
ເອໂຄ,1,1,1,0.888685
ດີຫລາຍສະດວກສະບາຍ ຢາກໃຫ້ແກ່ມີເວລາເງິນເຂົ້າເງິນອອກລະມີຂໍ້ຄວາມສົ່ງບອກທຸກເທື່ຊິດີຕື່ມອີກ,1,1,1,1.0
ຖ່ານຮູບແລ້ວເຕືອນວ່າເບີຂອງທ່ານຢູ່ໃນການລໍຖ້າກວດຊອບຄວາມຖືກຕ້ອງ ແລ້ວຖ້າຄວາມດົນ ແອບຫົວໂຄຍ,0,0,1,0.888685
facebookຖື່ກປິດກັ້ນຕະຫລອດເວລາ,0,0,0,0.533827
ເວລາເງີນເຂົ້າບໍ່ແຈ້ງເຕືອນ,0,0,0,0.874798
ໃຊ້ດີ ງ່າຍ ເປັນສ່ວນຕົວ,1,1,1,0.888685
ສະບາຍດີ ທະນາຄານນີ ດີມາກມາກມາກ ດີ ຫລາຍ,1,1,1,0.888685
ເອົາຄະແນນໄປແລກເນັດບໍ່ໄດ້,0,0,0,0.985002
ທັງມົດໄຟຣ,1,1,1,0.888685
ຄັກດີ,1,1,1,0.888685
ດີທີ່ສຸດເລີຍ ເທົ່າທີ່ເຄີຍໃຊ້ມາ,1,1,1,0.888685
ເຂົ້າໃຊ້ແອບບໍໄດ້ລະກະຊ້າ,0,0,0,0.904519
ມັກຫຼາຍດີໆ,1,1,1,0.888685
ອັບຂໍ້ມູນເປັນຊົ່ງໂມງກະບໍ່ແລ້ວຈັກເທື່ອອັບຫມູນຢູ່ຫັ້ນລະ,0,0,0,0.994453
ດີດີສອບມາກ,1,1,1,0.888685
ສະດວກ ສະບາຍ ສຸດຍອດເລີຍ,1,1,1,0.888685
ດາວຖຫລດແລ້ວ,1,1,1,0.888685
ອັບເດດຕະຫຼອດ,0,0,0,0.929163
ດີມາກຫາແຟນໄຫ້ພອ້ມ,1,1,1,0.888685
ຄືໂຫລດຢາກແທ້,0,0,0,0.945914
ສະບາດີ,1,1,1,0.888685
ແກ້ໄຂ້ລະຫັດໃຫ້ແດ່,0,0,1,0.78361
ຂໍ້ມູນຕາ່ງ ກ່ງວກັບໂທລະສັບ,1,1,1,0.888685
ຫລັງຈາກອັບເດດແລ້ວໃຊ້ບໍ່ໄດ້ເລີຍເຂົ້າໄປລະອອກເອງຕະຫລອດ ລົບຖີ້ມລະໂຫດໃຫມ່ກະເປັນຄືດກົ່າ ຂີ້ຮ້າຍຫລາຍດຽວນີ້ໂຕລຸ້ນເກົ່າຍັງດີກວ່ານີ້ຮ້ອຍເທືອ ເປັນມາໄດ້5ເດືອນລະຍັງບໍ່ມີການປັບປຸງປານນີ້,0,0,0,1.0
ອັດເດດມາຫນຸນກະບໍ່ໄດ້ຫຍັງໄດ້ແຕ່ເຊີນຫມູ່ມັນເປັນແນວໃດຢາກຮູ້ຫລືວ່າແອບບໍ່ຢາກໃຫ້ຫມຸນບໍນໍ,0,0,0,0.985002
ດີໆໂພດ,1,1,1,0.888685
ຢູ່ປະເທດລາວຄົນໃຊ້ຫຼາຍວອດແອບດີໆ,1,1,1,0.888685
ດີໃຈເດທີ່ມີຄວາມສະບາຍບໍໄດ້ອອກເດີນທາງແລ້ວ,1,1,0,0.955309
ບັນຊີເງີນເດືອຍ,1,1,1,0.888685
ແອັບໃຊ້ບໍ່ໄດ້,0,0,0,0.985002
ມືໄຫນ,1,1,1,0.888685
ມື້ລຸດ,1,1,1,0.888685
ເອີ້ນຍາກພໍ່ຍາກແມ່ມຶງແທ້ບໍລິສັດສົ້ນຕີນ,0,0,0,0.625715
ສັ່ນແລ້ວໂພສບໍ່ໄດ້ແກ່ໄຂ່ດວນ,0,0,0,0.985002
ສົນໃຈຫຼາຍ,1,1,1,0.888685
ຫກດົ,1,1,1,0.888685
vonexaດີໃຈແລະໄວ້ໃຈກັບມະນີລາວຕິດຕັ້ງງ່າຍໃຊ້ງ່າຍສໍາລັບຄົນລາວ,1,1,1,1.0
ເນົາມັກ,1,1,1,0.888685
ບາຍ,1,1,1,0.888685
ໃຊ້ໂທລະລັບນີ້ມາຢາກມີແຕ່ຄວາມລະວັງເປັນສ່ວນຫລາຍແຕ່ບໍ່ຮູ້ສາເຫດຂອບໃຈບາງຄັ້ງຍາມເມື່ອສາດໄວ້ຍັງມີຄນມາຫລັກຫລີ້ນໂດຍຄວາມບໍ່ໂສພາກະມີຍອມຮັບຂອບ່ໃຈຄົນແລະສັດຂອງຂ້ອຍນະ,1,1,0,0.874798
ເຮົາໃຊ້ບໍ່ຊ່ໍານານປານໃດແຕ່ກໍ່ດີຫຼາບສໍາລັບສູນແຕ່ດຽ່ວນີ້ເມເຈີຖືກປິດ ຂໍກະລຸນາການຕອບແຊັດໃຫ້ສະດວກແດ່ຂໍຂອບໃຈ.,1,1,0,0.800317
ແອັບມັນໂກງຫມຸນວົງລຊ້ບໍ່ເຄີຍໄດ້ເນັດຫຼືເງິນຈັກເທື່ອມີແຕ່ຊວນຫມູ່ຫລິ້ນເກມ,0,0,0,0.994453
ສະດວກ ລຽບງາຍ,1,1,1,0.888685
ສາວ ມີ,1,1,1,0.888685
ເລັນດີມາກ,1,1,1,0.888685
ໃຊ້ດີ ຄົນນິຍົມຫລາຍ,1,1,1,0.888685
ລະດວກໃນການຊືເລກຕື້ມໂທລະສັບ,1,1,1,0.888685
ຄວນແອັບກາກພັດທະນາແດ່ເດີແອັບຄວຍມຶງເປັນແມ່ຫຍັງເຮັດແມ່ມຶງຫຍັງກະບໍ່ໄດ້ພໍ່ມຶງຕາຍພັກທະນາແອັບແດ່ມີປັນຍາແຕ່ສໍານີ້ຫວາ?,0,0,0,1.0
ດີທີສຸດເລີຍ,1,1,1,0.888685
ຂໍສຽງຟັງພອນເພື່ອອອ້ຍຫມູ່,1,1,1,0.888685
ສະຖາ່ນະກໍາລັ່ງໃຊ້ງາ່ນ,1,1,1,0.888685
ທທຮຄີ,1,1,1,0.888685
ມຸກ ບ້ານໂຍກ,1,1,1,0.888685
ບໍ່ແມ່ນກູດູຖູກລາວເດີ້ ແຕ່ແອັບນີ້ມັນຄືສົ້ນຕີນນິ ບໍລິການຢືມສິບພັນໃຊ້12000 ບາດກູຢືມລະ ໂອນໃຫ້8000ກີບ ໃຫ້ຢືມລະຫັກດອກພ້ອມໂລດ ຂໍບອກຄົນລາວນໍາກັນວ່າຢ່າໃຊ້ບໍລິການເດັດຂາດຖ້າບໍ່ຢາກເປັນເຫຍື່ອ,0,0,0,0.874798
ຫມູນບໍ່ເຄີຍຖືກ ຫມູນຖືກກະແຊ່ບໍ່ໄດ້,0,0,0,0.985002
ກາກແຮງຂໍລະຫັດເປັນຊົວໂມງກະບໍ່ໄດ້,0,0,0,0.985002
ບໍ່ມີຫຍັງເລີຍ,1,1,0,1.0
ອານ,1,1,1,0.888685
ໃຊ່ງາຍ,1,1,1,0.888685
ໃຊ້ດີມີປະໂຫຍດ,1,1,1,0.888685
ວີແຮບ,1,1,1,0.888685
ມັນບໍ່ເດັ້ງເຕືອນ,1,1,0,0.874798
ກົດດາວໃຫ້ແລ້ວເດີ້,1,1,1,0.888685
ອັບເດດລ່າສຸດ ລ໋ອກອິນເຂົ້າໄປລະແອັບເດັ້ງ ໃຊ້ງານບໍ່ໄດ້ເລີຍ,0,0,0,1.0
ແມ່ຮັກລູກລູກຮັກແມ່,1,1,1,0.888685
ປະສົບການຄວາມຮູ້ຈັກດີຫຼາຍ,1,1,0,0.686142
ລະບົບນໍາໄຊ້ສະດວກວ່ອງໄວ ຖືກໄຈ,1,1,1,0.888685
ເປັນແອບທີ່ໂຄດກາກ ລະບົບໂຄດຊ້າ ກວ່າຈະໄດ້ຮັບ otp ກະເປັນມື້ .ກາກ,0,0,0,1.0
ພານ ພານ,1,1,1,0.888685
ທ້າວບຸນລອດ ໄຊຍະບູລີ,1,1,1,0.888685
ພະດີ ນະດີ ດີຈັງ ທະນະ ກະໄດ້,1,1,1,0.888685
ໃຊ້ ບໍ່ດີເລີຍ,0,0,1,1.0
ແຍ່ມາກບໍຖືກເລີຍລົບຖີມເສຍ,0,0,1,0.888685
ໂອນເງີນບໍ່ໄດ້,0,0,0,0.985002
ໃຫ້4ດາວ ເພາະຫມຸນສວ່ນຫຼາຍຖືກແຕ່ໂພດສະຖານະກັບຟັງເພລງ,1,1,1,0.888685
ຂໍ້ຂອບໃຈທີ່ແນະນໍາມາຕະຫລອດຈະນໍາເອົາປະສົບການນິ້ມານໍາໃສ່,1,1,0,0.533827
ສະດວກວອງໃວ,1,1,1,0.888685
.ສາທູນໍາເດີ,1,1,1,0.888685
ຍ້ອນມີເຟດຈີ່ງເຮັດໃຫ້ເຮົາໄດ້ພົບຫມູ່ທີ່ບໍ່ເຫັນກັນ 10 20 ປີ.ຂອບໃຈທີ່ເຈົ້າສ້າງມັນມາ,1,1,0,0.800317
ໄຊ້ດີມາກເລີຍ,1,1,1,0.888685
ເປີຍາກ. ຕອນນີ້ເປີດບໍ່ໄດ້,0,0,0,0.985002
ບ້ານນາກົກໂພ,1,1,1,0.888685
ໂລແຊະ ແລນີ,1,1,1,0.888685
ຄໍາເພັງລາວຈຸງ,1,1,1,0.888685
ໃຊ້ແລ້ວດີຫລາຍເຫມາະສົມສໍາຫລັບຄົນລາວທີຈະຫາລາຍໄດ້ເສີມແຕ່ຍັງມີຈຸດເສຍຄືຖ້າໂທລະສັບມີບັນຫາໂຫລດມາໃຫມ່ແລ້ວເຂົ້າບໍ່ໄດ້ຂ້ອຍຍັງຊອກວິທີແກ້ໄຂບໍ່ໄດ້ໃຜຮູ້ວິທີຊ່ວຍແນະນໍາໃຫ້ແດ່ ຂອບໃຈ,1,1,0,0.985002
ໂຖນາ,1,1,1,0.888685
ຫຫງອໄ ຝ ຝຝ,1,1,1,0.888685
ເຟດສະບູກນີ້ຮັກແຮງ,1,1,1,0.888685
ສະບາຍດີຈ້າເພື້ອນ.ຮັກທຸກ.ໆ.ຄົນ.,1,1,1,0.888685
ຄົນເຮົາເກີດມາບໍ່ມີໃຜຊີດີຫນົດທຸກຄົນ,1,1,0,0.800317
ນສໍລວນນຈນ,1,1,1,0.888685
ເຫງົາຖ,1,1,1,0.888685
ໄຊ້ດີແຮງ,1,1,1,0.888685
ໃສ່ເບີຖືກລະກະຍັງເຂົ້າບໍ່ໄກ້ ປັບປຸງໂດຍດ່ວນແນ່ເດີ້,0,0,0,0.982711
ຂີ້ຕົວະ,0,0,1,0.888685
ນ້ອງໄຟ,1,1,1,0.888685
ດີອີຫລີ,1,1,1,0.888685
ແມ່ບ້ານ,1,1,1,0.888685
ຂອບໃຈຫຼາຍໆສົ່ງເອກະສານງາຍຂື້ນ,1,1,1,0.676489
ສຸນີ ສູລິເດດ,1,1,1,0.888685
ເປັນຕາຍຍັງກະບໍຮູ້ເຂົ້າບໍໄດ້ ປ້ອນລະຫັດຖືກກະຍັງເດັ່ງອອກໃຫ້ປ້ອນລະຫັດໃຫມ່ ເຮັດເຊົ້າຈົນຄ່ໍາກະຍັງເຂົ້າບໍໄດ້ ແອັບຕາຍແດກ,0,0,0,1.0
ໃຊ້ໄດ້ບໍ່,1,1,0,0.874798
ທ່ານວົງໄຊ.ຕງົ້ປໍວາ້,1,1,1,0.888685
ເປັນຍັງເວລາຫມູນໄດ້ບ່ອນຟັງເພງຜ່ານເຄືອງຈຶງປະຕິບັດບໍໄດ້,0,0,0,0.955309
ລັກຈາກອັບເດດລົງສະທານະກະບໍໄດ້ສົງຂໍຄວາມກະບໍໄດ້ສວຍແກແດ້,0,0,1,1.0
ມີຫຼາຍຟັງຊັນການໃຊ້ງານ,1,1,1,0.888685
ປະສົບການນອ້ຍ.,1,1,1,0.888685
ແກ້ໄຂດ່ວນ ໃສ່ເບີບໍ່ຜ່ານ,0,0,0,0.874798
ໄຊ້ເພື່ອສື່ສານຂໍ້ມູນ,1,1,1,0.888685
ເບິ່ງຄືນແນ່ກົດຢືນຢັນແລ້ວບໍ່ໄດ້ລົງທະບຽນບໍ່ໄດ້ມັນເປັນນໍາເຄື່ອງຫລືເປັນນໍາຫຍັງບໍ່ເຂົ້າໃຈ,0,0,0,1.0
ມັນໃຊ້ບໍ່ໄດ້ເຂົ້າສູ່ລະບົບລະບອກໃຫ້ໃສ່ລະຫັດຜ່ານລອ໋ກອິນເອົາມາແຕ່ໃສລະຫັດຜ່ານ ປ້ອນເບີເຂົ້າໄປຍັງບໍ່ໄດ້ປອນຂໍ້ມູນຫຍັງຊ້ໍາໃຫ້ປ້ອນລະຫັດຜ່ານລະ,0,0,0,0.985002
ທ້າວຄໍາຮັກ,1,1,1,0.888685
ທຸຈື,1,1,1,0.888685
ໂສາເດີ,1,1,1,0.888685
ເຊື່ອມຕໍ່ບໍ່ໄດ້ ກວດສອບອິນເຕີເນັດ ແອັບອື່ນກະໃຊ້ປົກກະຕິເດະ ແປ້ໄຂດ່ວນ,0,0,0,0.985002
ເຂົ້າລະຫັດໄປແລ້ວຍັງຖາມຫາອິກຄວາຍເອີ່ຍ ເສຍເວລາ,0,0,1,0.646605
ຍາກໃຫ້ມີບໍລິການເຊື່ອມບັດatmເຂົ້າກັບbcel one ທາງອອນລາຍໂດຍບໍ່ຕ້ອງເຂົ້າໄປລົງທະບຽນຢືນຍັນຢູ່ທະນາຄານ,1,1,1,1.0
ມັກລາວແອັບນີ້ມາກ,1,1,1,0.888685
ຢາກເອົາເງິນເຂົ້າບັນຊີກະເອົາເຂົ້າຢາກຕ້ອງໄດ້ໃຫ້ເຂົາເອົາເຂົ້າໃຫ້ ຢາກເຊື່ອມກັບບັນຊີທະນາຄານກະບໍ່ໄດ້ອີກຈັກເປັນຄວຍຫຍັງ ແກ້ໄຂແນ່ເດີ,0,0,0,1.0
ແອບຂີ້ຫມາມຶງເອີຍຫມຸນວົງລໍ້ກະບໍ່ໄດ້ຫຍັງຈັງແມ່ນໂງ່ແອບຂອງລາວ,0,0,0,0.985002
ແອັບບໍ່ດີ ບໍ່ມີຄົນແຊັດນໍາ,0,0,0,0.874798
ມ່ວນມັນສະນຸກທຸກທີ່ຊ່າໄວທັນໃຈເນັດຊ້າແລ້ວ,1,1,1,0.888685
ຊອມມາກ,1,1,1,0.888685
ຊິເຂົ້າລະຫັດພັດບໍ່ສົ່ງລະຫັດມາເຊີນແກ້ໄຂແນ່ເດີ,0,0,0,0.982711
ອະທິບາຍກໍ່ເຂົ້າຢາກ . .,1,1,1,1.0
ສົ່ງລະຫັດມາໃຫ້ ໃສ່ເປັນຮ້ອຍຄັ້ງກະບໍ່ໄດ້ ຫົວຮວຍກູນີ້,0,0,0,0.985002
ສະດວກ ວ່ອງໄວແລະທັນສະໄຫມ,1,1,1,0.888685
ຍອດຍ້ຽມ,1,1,1,0.888685
ທ້າວຕົ້ນຄໍາ.20.10.2020facebook,1,1,1,0.888685
ຄ້າງ ສັກຊ້ມ,0,0,1,0.888685
ດີຢູ່ ແຕ່.ອາຍຸການນໍາໃຊ້ດາຕາທີ່ມູນໄດ້ມັນນ້ອຍໂພດຢ່າງນ້ອຍກະ2 3ມື້ສາ. ລະກະເມນູຕ່າງໆກະນ້ອຍໂພດ. ທີ່ໃຫ້5ດາວເພາະເປັນແອັບທີ່ຄົນລາວສາມາດໃຊ້ໄດ້. ຂອບໃຈ,1,1,0,0.948933
ຮັກແຮງ,1,1,1,0.888685
ເດັກຊ່າງຮັກຈິງ,1,1,1,0.888685
ມ່ວນຫຼາຍ,1,1,1,0.888685
ຢາກລີ້ນ,1,1,1,0.888685
ມີຄວາມປອດໄພສູງ,1,1,1,0.888685
ໃຊ້ໃດ້ດີວອງໃວເຈົ້າ,1,1,1,0.888685
ບັກຈ່ອຍ,1,1,1,0.888685
ທາງເລຶອກທີດີ ວ່ອງໄວ ທັນໃຈ ໃນການຊື້ສີນຄ້າໃນຍຸກໃຫ່ມ,1,1,1,0.888685
ໃຊ້ງ່າຍ ບໍ່ມີບັນຫາຫຍັງ ຂ້ອຍໃຊ້ແຕ່ສະໃຫມມໍ2 ຕອນນີ້ກະໄດ້15ປີລະເດະ,1,1,0,0.874798
unitelສັນຍານແຮງຊັດເຈນດີ,1,1,0,0.625715
ໂຄດພ່ໍໂຄດແມ່ໂຄສະນາຫ່າມັນນິເບິ່ງຄິບຕອນໃດຂື້ນແຕ່ໂຄສະນາອັນນິຖ້າກູຮູ້ສູນມັນຢຸ່ໃສ່ຊິໄປຈູດຖິ້ມແມ໋ງເລີຍຄໍາລານຫວະ,0,0,1,0.888685
ໂອນຂ້າມໄດ້ຫລາຍທະນາຄານ ຄັກສຸດ ຕອນນີ້ຍົກໃຫ້. ldb trust app,1,1,1,0.888685
ຂ້ອຍມີເງິ່ນຢູ່ນັ້ນເຂົ້າແອັບຄືນບໍ່ໄດ້,0,0,0,0.985002
ໄຊ້ງານງ່າຍ,1,1,1,0.888685
ສະດວບສະບາຍສຸດໆເລີຍ,1,1,1,0.888685
ຄູຈະປະສົບປະການໃນສິ່ງນີ້,1,1,1,0.888685
ໂຄດຫ່ວຍແຮງຟ້າວວຽກເຂົ້າແອບມີແຕ່ບອກວ່າສັນຍານບໍ່ດີເຊຶ່ອມຕໍ່ໃຫມ່,0,0,0,1.0
ຄືແບບອິຫຍັງຄືຫລີ້ນບໍ່ໄດ້ກົດໂຕສະຕິກເກີ້ລະມັນກະແບບຫມຸນໆຢຸບາງເທື່ອບໍ່ໄດ້ກົດກະເປັນລະກະມັນກະຂຽນວ່າຂາດການເຊື່ອມຕໍ່ຄືແບບເປັນອິຫຍັງໄລຄໍາອໍ້ກະບໍ່ຈັກຈິວ່າເນີ້ສູນ,0,0,0,1.0
ດີທີ່ມີແບບນິ,1,1,1,0.888685
ດີດີຈຮາ,1,1,1,0.888685
ໂຄດກາກແອບເກົ່າກະດີແລ້ວຫນາປ່ຽນຫາສິແຕກຫຍັງ,0,0,0,1.0
ມັນດີຫຼາຍ,1,1,1,0.888685
ຮູບຖ່າຍບໍ່ຖືກຕອ້ງບໍ່ສາມາດລົງທະບຽນໄດ້ ດາວໂຫລດແອັບໃຫມ່ຂໍ້ມູນຜິດຄືເກົ່າ ບໍ່ສາມາດລົບຂໍ້ມູນເກົ່າຫລືແກ້ໄຂ້ໃຫ້ຖຶກຕອ້ງໄດ້ແອັບນີ້ບໍ່ເຖິ່ງລູກຄ້າທຸກຄົນເສຍເວລາ,0,0,0,1.0
ເຕີມບັດບໍ່ໄດ້ຄະແນນແລ້ວປັບປຸງແດ່ແຕ່ກອນໄດ້ດງວນີ້ເຕີມບໍ່ໄດ້,0,0,0,0.985002
ເລືອກດຮ,1,1,1,0.888685
ແມ່ນດີ,1,1,1,0.888685
ຮຸ້ສືກພູມໃຈ,1,1,1,0.888685
ໃສສະດວກສະບາຍບໍ່ຍຸ່ງຍາກ,1,1,0,0.84533
ຄວາມສຸກຂອງຕົວເອງ. p,1,1,1,0.888685
ດາວໂຫລດຊ້າແຖມລົງສະຕໍລີກະບໍໄດ້ປ່ຽນປັບປຸ່ງໄຫມ່ແນ່,0,0,0,1.0
ສຸດຍອດດີມາກ,1,1,1,0.888685
ຍອມເດີ້ແອັບໂຄດລ້າສະໄຫມກູວ່າເບີກູຕ້ອງຖືກຕັດລະແຫລະ,0,0,1,0.888685
ໂຄສະນາລາຍແຮງມັກແຮງແອັບນີ້ຢາກໃຫ້ເຂົ່າປະໂຄສະນານ້ອຍລົງໄປອີກ,0,0,1,0.888685
ເມສາ,1,1,1,0.888685
ພຽງແຕ່ໃຊ້ລະຫັດແນະນໍາ 53060724 ຈະໄດ້ຮັບເງິນພິເສດຈາກການຊື້ຫວຍແລະເຕີມບັດ30,1,1,1,0.888685
ເນັດຊ້າເກີນໄປ,0,0,1,0.888685
ສອບລິນຄະ,1,1,1,0.888685
ດີດິດີ,1,1,1,0.888685
ໃຊ້ດີແລ້ວແຕ່ໃນເຟສບຸກນີ້ບໍ່ມີການຕິດຕັ້ງຜູ້ຕິດຕາມຕອນນີ້ຢາກໃຫ້ມີຊ່ວຍບອກໃຫ້ເດ່,1,1,1,1.0
ຊ້າແອັບບໍ່ຄວາມພັດທະນາ,0,0,0,0.874798
ບອກເລີຍວ່າຂາດບໍ່ໄດ້ແອັດນີ້,1,1,1,1.0
ໃຊ້ງ່າຍແລະສະດວກ,1,1,1,0.888685
ໄມເພັດ ໄອເດຍ,1,1,1,0.888685
ເພດກົດຕິມຕາມໃດ,1,1,1,0.888685
ລືມລະຫັດຜ່ານ,1,1,1,0.888685
ບູນ,1,1,1,0.888685
ຢາກກີນຫຍັງ ກະສັ້ງຊື້ງ່າຍດີ,1,1,0,0.787977
ດີລາຍຟັງເພລງຫລືວີທີໂອໂດຍບໍ່ເສຍຄ່າລາຍ,1,1,1,1.0
ບໍ່ອານຸມັດຈັກເທືອ,0,0,0,0.945914
ເອົາ4ດາວໄປກ່ອນ,1,1,1,0.888685
ດາວຫນຶ່ງຫລາຍແທ້,1,1,1,0.888685
ດີຫຼາຍຄັກສຸດ,1,1,1,0.888685
ຈາ ແຮະ ຫືຼ ສອນ ຢາກໃຫ້ ທຸກຄົນ ກົດ ໄລ ກົດ ແຊງ ດ້ວຍ ຄວາມ ຈິງ ໃຈ,1,1,1,0.888685
ໃຊ້ດີໆໆໆ,1,1,1,0.888685
ຍຍຍຂາຍມ,1,1,1,0.888685
ໃຊ່ດີໃຊ້ງາຍ,1,1,1,0.888685
ອົດທົນຄືຄົນເກັ່ງ,1,1,1,0.888685
ແກ້ມໃສ,1,1,1,0.78361
ສອບມາກ,1,1,1,0.888685
ມາກຊື້ເລກສຸດໆ,1,1,1,0.888685
ຂອງແທ້ໆຫວ໋າ,1,1,1,0.888685
ຂໍເປີດໃຊ້whatsapp,1,1,1,0.888685
ເຮີປໍ,1,1,1,0.888685
ຢາກໃຫ້ສົມດຸ່ນຫລີ້ນວອງໄວທັນໃຈ,1,1,1,0.888685
ທ້ທໃຮຝຝ່,1,1,1,0.888685
ຂໍໄດ້,1,1,0,0.522234
ສາວ ເຕ້ຍ,1,1,1,0.888685
ມ່ວງ,1,1,1,0.888685
ສວັດດີເປັນຄນົປະຊາຊົນໄປທໍາງານປະເທດໄທທໍາງານສວນຖົວເລຍທີ່ນັນບູລີ,1,1,1,0.888685
ແກ້ໄຂ່ແນ່ເດີເຂົ້າໄປແລ້ວຂ້າງຢູ່ຫນ້າລັກເລິຍ,0,0,0,1.0
ພັດທະນາໃຫ້ສະດວກຂຶ້ນຕື່ມ ແອັບເຂົ້າບໍ່ໄດ້ເດັ້ງອອກຕະຫລອດ ລະຫັດຂໍ້ຄວາມກະສົ່ງມາບັກຫລາຍໆເທື່ອບໍ່ເຫັນເຂົ້າໄດ້ຈັກອັນ,0,0,0,1.0
ມັນເດັ້ງ,0,0,1,0.888685
ຄວາມຝານຂໍໃຫ້ເປັນຈິງ,1,1,1,0.888685
ຫມັ່ນອັບເດດເລື້ອຍໆແລ້ວການໃຊ້ງານຈະດີຂື້ນ,1,1,0,0.862266
ຕັ່ງແຕ່ໄສ້ ໂທລະສັບມາກະພູ່ມໄຈຫລາຍແລະຄວາມສຸກກັບ facebook ມາຕະຫລອດ ຂໍ່ຂອບໄຈນໍາບໍລິສັດ ແລະໂຄ່ງການນີ້ທີ່ເຮັດໃຫ້ ຫລາຍລ້ານຄົນຖົ່ວໂລກໄດ້ມີໂອກາດຮງນຮູ້ ແລະໄດ້ປະໂຫຍດນໍາອີກຫລາຍອັນພັນຍ່າງ ທີ່ຕ້ອງກ່ານຍາກຮູ້ຍາກເຫັນໄດ້ເບີ່ງໄດ້ຟັ່ງ ທຸກໆເລື່ອງລາວຕ່າງໆ ສຸດທ້າຍຂໍ່ທຸກໆທ່ານທີ່ໃນ່ໂຄ່ງການ facebook ນີ້ຂໍ່ໃຫ້ມີແຕ່ຄວາມສຸກກາຍສະສະບາຍໄຈ ຕະຫລອດການ,1,1,1,0.888685
ດີສຸດຢອດ,1,1,1,0.888685
ເລືອງເງິນ,1,1,1,0.888685
ເຊື້ອຊາດື ໄຟຟ້າ,1,1,1,0.888685
ດີຫຼາຍໄດ້ຮູ້ຈັກຫຼາຍຄົນ,1,1,1,1.0
ດີຄືກັນ ສະດວກ,1,1,1,0.888685
ໃຫ້ກໂຫລດໄດ້ແນ່,1,1,0,0.572924
ສະດວກວອງໄວທັນໃຈ,1,1,1,0.888685
ໃຊ້ງານໄດ້ດີຫລາຍໆ,1,1,1,0.888685
ອັບເດດໃຫມ່ໂຄດຫນ້າເບື່ອ ບໍ່ມີຮອດເກມມຸ່ນວົງລໍ້ ແຖມກິນເນັດອີກ ບອກຕົງໆເລີຍວ່າ ແອັບໂຄດກາກ ແກ້ໄຂໃຫ້ເປັນຄືເກົ່າດຽວນີ້ unitel ໃຫ້1ດາວ ຖ້າເປັນໄປໄດ້ຢາກໃຫ້0ດາວ ເພາະວ່າແອັບບໍ່ມີຄວາມຕື່ນຕາຕື່ນໃຈເລີຍ.,0,0,0,1.0
ໃຊ້ງານສະດວກສະບາຍຂຶ້ນ,1,1,1,0.888685
ກດີນະ,1,1,1,0.888685
ຊອບຄະ,1,1,1,0.888685
ກະດີໃດ໋,1,1,1,0.888685
ຫມາບໍ່ແດກແອບສົ່ງລະຫັດມາແລ້ວແຕ່ເຂົ້າບໍ່ໄດ້ບອກກໍາລັງໂຫລດກູຖ້າເປັນສອງມື້ຍັງໂຫລດຢູ່ຄືເກົ່າ,0,0,0,1.0
ເຂົ້າບໍ່ໄດ້ເຂົ້າແອບລະມັນເດັ້ງອອກ ແກ້ໄຂ້ແດ່,0,0,0,1.0
ບບ່ດດ,1,1,1,0.888685
"ໃຊ້ງານສະດວກສະບາຍຍັງມີການໄດ້0,5 ສູງເຖິງ5 ທຸກຄັ້ງສໍາຫລັບການຊື້ທ່ານໃດໂຫລດມາແລ້ວລະຫັດແນາະນໍາແມ່ນ00687099",1,1,0,0.602147
ເຂົ້າແອບບໍ່ໄດ້ເຂົ້າດັງອອກເຂົາເດັງອອກ,0,0,0,0.985002
ມີປະໂຫຍດ.ປະຢັດເງິນງ່າຍສະດວກ.ດີທຸກຢ່າງ,1,1,1,0.888685
ສາຍນ້ໍາ,1,1,1,0.888685
ຢາກລົງທະບງນເຈົ້າເພາະວາ່ສືໂທລອສັບໄຫມມາບໍຮູ້ຫັຍງເລີຍເຈົ້າ,1,1,0,0.899263
ແອັບນີ້ຫວຍແຕກສຸດຕອນນີ້,0,0,0,0.940264
ຂອ້ຍຮັກເຂົາ,1,1,1,0.888685
ອັດເດດວັນທີ 31 10 2022 ກົດເຂົ້າແອັບບໍ່ໄດ້ເລີຍ ເດັ້ງອອກຕະຫຼອດ,0,0,0,1.0
ສະດວກ ວ່ອງໄວ ປອດໄພ,1,1,1,0.888685
ດີໆ.ສະດວກປອດໄພໄປກັບsokxay plus ເລກເນະນໍາ22302400.,1,1,1,0.888685
ຂໍໃຫ້ປັບປຸງວິທີ່ການລົງທະບຽນແດ່ເດີ ເວລາຖ່າຍຮູບໃຫ້ຖືກວິທີ່ຕາມກໍານົດແມ່ນຍຸ້ງຍາກຫລາຍ ຖ່າຍແນວໃດກໍບໍ່ຜ່ານ ແລະເວລາເຂົ້າແອັບຯບາງເທື່ອມັນບໍ່ໄດ້ ຢູ່ດີໆກະເດັງອອກ ເອົາເບີໃສ່ກະອອກຕະຫລອດ ທໍາອິດກະຄິດວ່າເປັນນໍາໂທລະສັບຂ້ອຍແຕ່ບໍ່ແມ່ນ.ປ່ຽນໂທລະສັບລົງທະບຽນໄດ້3ຫນ່ວຍແລ້ວບໍ່ຜ່ານຈັກເທື່ອຍ້ອນເຂົ້າແອັບບໍ່ໄດ້ ຂໍໃຫ້ປັບປຸງແດ່ເດີ ຂອບໃຈ,0,0,0,1.0
ຄືບໍ່ໄດ້ຄືເກົ່າ ແຍໆ,0,0,0,1.0
ແອັບຫູຂີ້ລິນຍັງບໍໄຜດ້ລະບົບຂີ້ກາກ,0,0,1,0.888685
ຂະຫຍາຍສາຂາໃຫ້ມັນທົ່ວປະເທດແຂ່ງກັບອະນຸສິດ ຮຸ່ງອະລຸນເລີຍ,1,1,1,0.888685
ຂໍເປັນກໍາລັງໃຈໄຫ້ພວກທ່ານພັດທະນາແອັບ mocha ຂ້ອຍມັກຫລາຍຄະແນນໄຫ້ເຕັມ100,1,1,1,0.888685
ອອນລາຍ,1,1,1,0.888685
ມັກແອັບນີ້,1,1,1,0.888685
ປັບປຸງໃຫ້ດີກວ່ານີ້,1,1,0,0.81386
ມີຄວາມຫມາຍ,1,1,1,0.888685
ແອັບທີ່ໃຊ້ງ່າຍທັນສະໃຫມຕ້ອງແມ່ນ lvbdigibank,1,1,1,0.888685
ຮູ້ສຶກມັນເປັນສີ່ງທີ່ດີໆ,1,1,1,0.888685
ກາກ ຫມູນກະບໍໃດ້ ເອົາອອກສາ,0,0,1,0.888685
ດີເດັນຫລາຍຂໍຂອບໃຈ,1,1,1,0.888685
ລົງທະບຽນຍາກແຮງ,0,0,0,0.899263
ອັບເດດແລ້ວກະຊ່ວຍເຮັດໃຫ້ມັນດີແນ່ອັບມາມີແຕ່ປັນຫາກູລະອົກແອບນີ້ຍ້ອນ,0,0,0,0.572924
ຢາກຊ້າເດີ,1,1,1,0.888685
ຊ້າ. ຂໍ້ມູນຮ້ານບໍ່ມີ.,0,0,0,0.901786
ແອັບຫ່ວຍແຕກ ໂຫລດມາເຮັດຫຍັງກະບໍ່ໄດ້ ເຂົ້າຫຍັງກະບໍ່ໄດ້ ບໍ່ໄດ້ຂີ້ຫມາປາແດກເຮ້ຍຫຍັງຊ້ໍາ,0,0,0,1.0
ຄີາສກ,1,1,1,0.888685
ແອັບນີມັນເປັນຍັງໃຊ້ເບີລົງທະບຽນພໍ່ກອບຂໍ່ມູນເອກກະສ້ານຈະສໍາເລັດມັນຄື່ມັກເດັງອອກເອງວະເຮັດເປັນ100ເທີ່ອເປັນຄື່ກັນມົດທຸກເທີ່ອບໍ່ຜານເດີແອັບນີ,0,0,0,0.874798
ມັນດີອີຫລີ,1,1,1,0.888685
ດີຫລາຍໄວ້ແທ້,1,1,1,0.888685
ແອັບສົ້ນຕີນລັອກອິນພໍ່ມຶງຕາຍ,0,0,0,0.956258
ເຂົາກອງສະແກນຈາຍສົດບໍ່ໄດ້ມັນມຶດ,0,0,0,0.985002
ສະດວກດີຫລາຍ,1,1,1,0.888685
ໄດ້ພໍສິ່ງໄຫມ່ໆມີເພື່ອນຫລາຍຂຶ້ນໂລກເຮົາສວນຕົວຂອງເຮົາກ້ວາງອອກ,1,1,1,0.888685
ງາຍ ສະດວກສະບາຍ ຖືກໃຈ,1,1,1,0.888685
ເບື່ອໂຕບັງຄັບປຽ່ນລະຫັດນີ້ແລະໃສລະຫັດເກົ່າເສືອກວ່າບໍ່ຖືກ,0,0,0,1.0
ພີດາວ,1,1,1,0.888685
ຜູ້ດູແລ່ກຸ່ມບາ່ວໂສດຄົນຈິງໃຈ.ນອ້ຍຄົນຈີງໃຈ.,1,1,1,0.888685
ໂຄດຫ່ວຍແຕກສະຫມັກກະເດັ້ງອອກຄືນແຖມຍັງໄດ້ເສຍເງິນຄ່າສະແກນບັດກວດວັກຊີນອີກ20ພັນຜີບ້າເອີ້ຍ,0,0,0,1.0
ໄຊດີຫລາຍ ສັນຍານກະແຮງ,1,1,0,0.625715
ສຽງແຊັດ,1,1,1,0.888685
ດິຈາ,1,1,1,0.888685
ສະມັກບໍ່ໄດ້ມັນລົງທະບຽນໃບຫນ້າບໍ່ໄດ້ແກ້ໃດດຸເປັນສິບເທື່ອລະກະຍັງບໍ່ໄດ້ຍຸແກ້ໃຫ້ແນ່,0,0,0,1.0
ຂູປ,1,1,1,0.888685
ລົງທະບຽນບໍ່ໄດ້ເດີ້ແອັບມັນບໍ່ໃຫ້ລົງ,0,0,0,0.985002
ຫນ້າຮັກ,1,1,1,0.888685
໑ອໂສຂ,1,1,1,0.888685
ດີໃຈທີ່ໄດ້ນາໍາໃສ່ບໍລີການ tplus,1,1,1,0.888685
ຂໍເປີດwhatsapp,1,1,1,0.888685
ແຊັດໄວໄດ້ດັ່ງໃຈ,1,1,1,0.888685
ມີປະໂຫຍດຫລາຍ,1,1,1,0.888685
ແກ້ໄຂແນ່ເວລາທີ່ຫມຸນໄດ້ລະບໍ່ເຄີຍສົ່ງໃຫ້ປັບປຸງແນ່,0,0,0,1.0
ນາງສຸກ,1,1,1,0.888685
ຂາວໃນ,1,1,1,0.888685
ຮຽນມານ້ອຍແລະດ້ອຍຄວາມຮູ້,1,1,1,0.888685
ຮຶຮຶ່ຮືຮ່,1,1,1,0.888685
ໂຄສະນາຕະຫລອດ ລໍາຄານ,0,0,0,0.533827
ແອບດີໆຂໍໃຫ້ພັດທະນາຕໍ່ໄປ,1,1,1,0.888685
ດີຫລາຍ very nice,1,1,1,0.888685
ດີໃຈລາຍ,1,1,1,0.888685
ມັກລະາຍໆໆ,1,1,1,0.888685
ຄັກຢູງ່າຍໆ ຢູ່ໃສກະໄດ້,1,1,1,0.888685
ຄຸນຍອດແຢ່ມ,1,1,1,0.888685
ມັກແອັບລາວຫລາຍໆມີໂປຣໂມຊັ້ນຕລອດ,1,1,1,0.888685
ປັນເທືອໄດກະບໍໄດ້ຂີ້ຖີເກີນ,0,0,0,1.0
ໃຊ້ດີອີ່ຫຼີເຮົາຕັ້ງໃຫ້ອິນເຕີເນັດໃຊ້4m,1,1,0,1.0
ໂຫຍໂສດໃດ,1,1,1,0.888685
ໃຊ້ຕໍ່ໄປ,1,1,1,0.888685
ທຸກຢາງດີ,1,1,1,0.888685
ພະດີມີໂຊ້ກເດີ,1,1,1,0.888685
ເປະຫລາຍ,1,1,1,0.888685
ໂອນຂ້າມທະນາຄານແລ້ວມາເບິ່ງໃນລາຍການເຄື່ອນໄຫວບັນຊີຄືບໍ່ເຫັນຊື່ບັນຊີປາຍທາງເລີຍວ່າງເປົ່າ ແກ້ໄຂແນ່ຫນ້າຈະດີ ການແຈ້ງເຕືອນກໍ່ບໍ່ມີ ຖ້າມີຫນ້າຈະດີ,0,0,1,1.0
ຊວນເພື່ອນແລ້ວຄືບໍ່ເຫັນໃດ້ຂອ້ງຂວັນຢະສູນເອີຍ,0,0,0,0.874798
ມັກຫຼີ້ນ ສຸດໆ,1,1,1,0.888685
ໂອເຄທຸດເຫດການ,1,1,1,0.888685
ອິດ,1,1,1,0.888685
ດີທິສຸດ,1,1,1,0.888685
ວົ່ງໄວທັນໃຈ,1,1,1,0.676489
ມັກສະນຸກດີ,1,1,1,0.888685
ມັກທຸກທຸກຢ່າງ,1,1,1,0.888685
ມາຮັກກັບຂ້ອຍໄດ້ບໍ່,1,1,0,0.874798
ດີໄຈຫລາຍທີ່ສຸດ.ທີ່ໄດ້ມານໍາໃຊ້ແອບນີ້,1,1,1,0.888685
ຕ້ອງອັບໂຫລດຕລອດເວລາ,0,0,0,0.602147
ສັງອາຫານໄມ່ໄດ້,1,1,1,0.888685
ເຂົ້າລະຫັດແລ້ວເດັ້ງອອກມາຄືນ,0,0,0,1.0
ມສ ນຕັ່ວ,1,1,1,0.888685
ປັງປຸງແນ່ເດີຂີ້ຖີ່ໂພດປິນກະບໍ່ໄດ້ເນັດຄັນຂີ້ີ່ຖີ່ກະຢ່າເຮັດສາແອັພນີ້ອາຍປະເທດອື່ນເຂົາ ເຮັດຫຍັງກະບໍ່ຄັກຄືເຂົາ ພັດທະນາແດ່ ແອັພກະຈອກໂພດ,0,0,0,1.0
ໃຈດີ,1,1,1,0.888685
ແດດ,1,1,1,0.888685
ລົງທະບຽນໃຊ້ງານງ່າຍ,1,1,0,0.899263
koຖຶກໃຈ,1,1,1,0.888685
ຂ້ອຍເປັນຄົນທີ່ໄຈນ້ອຍແຕ່ຂ້ອຍກະບໍ່ເຄີຍເວົ້າໄຫ້ບຸກຄົນອື່ນໆແລະຂ້ອຍກະເວົ້າວ່າຈ້າກັບໄພໆອີກເຖິງໄຈຈະນ່ອຍແຕ່ວ່າຂ້ອຍບໍ່ເຄີຍຄໍາເວ້າທີ່ບໍ່ສຸພາບຫຼືວ່າບາງຄົນເຖິ່ງໄຈຈະໄຫຍ່ກໍຕາມແຕ່ວ່າການວ່າຈາບໍ່ສຸພາບກະບໍ່ຄວ່າມມາຍຍັງດອກ.ຂ້ອຍເປັນຄົນທີ່ມັກຄວ່າມສະນຸດສະນານແລະເປັນຄົນທີ່ມັກການສະມັກຂີແລະເປັນຄົນມັກຄວາມເຮຮາແລະຂ້ອຍເປັນຄົນມັກການຮອງເພງລາຍໆແລະຂ້ອຍກໍມັກການເລ່ນເກ່ມແບບມີຄວາມຮູ້ໄດ້ພອມດ້ວຍຂອບໄຈ.ຕອນນີກໍຈະເວ້າເຖິ່ງການແບບບໍ່ເວ້າກັບຜູ້ອື່ນຫລືວ່າເພື່ອນໆແລະພໍ່ແມ່.ຜູ້ໄຫຍ່ແລະບໍ່ດູຖູກຄົນອີກເວ້າມ່ວນອອ່ນວ່ານບາດນີຈະເຖິ່ງແບບສົມເຜົ້າຂອງແຕ່ບຸກຄົ,1,1,1,1.0
ສະດວກສະບາຍໃນການຊື້ເລກຖືກປຸບໂອນປັບທັນທີ,1,1,1,0.888685
ແອບຮັກ,1,1,1,0.888685
ຮ້ານ,1,1,1,0.888685
ຈັນດີ,1,1,1,0.888685
ມັນເຮັດໃຫ້ຮູ້ຫລາຍຢ່າງ ຫລີ້ນສະດວກສະບາຍ ຕີດຕໍ່ຫາກັນງ່າຍຂື້ນ,1,1,1,0.888685
ເນັດຊ້າແຮງຂະນາດສະມັດລາຍເດືອນຍັງຊ້າບາງເທື່ອສັນຍານຂາດຫາຍກະມີ,0,0,0,0.625715
ອັບເດດຄັ້ງນີ້ດີຫລາຍ ພັດທະນາຕໍ່ໄປ,1,1,1,0.646605
ໂຄດກາກເລີຍສູ້ໆ,0,0,0,1.0
ໃຫ້ພໍ່ມືງລົງແມ້ ແອບນີ້ ເກັ່ງອອກຕະຫລອດ,0,0,0,1.0
ຂໍຂອບໃຈທີໄຫ້ນໍາໄຊ້,1,1,1,0.888685
ສ້າງapp ນີ້ມາເພື່ອຫຍັງ. ຖ້າໃຊ້ບໍລິການຫຍັງກະບໍ່ໄດ້ເລີ່ຍ. ລົ່ງທະບຽນຈັກເທື່ອກະບໍ່ໄດ້. ລົບລ້າງໄປຊະ app ຂີ້ຕົວະ app ຂີ້ໂກງ,0,0,0,0.686142
ດິທີຊູນ,1,1,1,0.888685
ທ້າວ ພຸດທະວົງ ຫລວງອາມາດ,1,1,1,0.888685
ເລືອກຖ່ຍຮູບ,1,1,1,0.888685
ມັນຄືລົບບັນຊີບໍ່ໄດ້,0,0,0,0.985002
ຟິວເຕີ້ແລະເພງ,1,1,1,0.888685
ໄວທັນໃຈເຄື່ອງບໍ່ມີເສຍ,1,1,1,0.501578
ຂີ້ຖີແບບນີ້ຍັງກ້າສ້າງແອັບຄວຍສະຖຸນເກີນລົບແມ້ງ,0,0,1,0.888685
ດິໆທຮ,1,1,1,0.888685
ໃຊ້ດີຫລາຍແອບນີ້,1,1,1,0.888685
ໂກຍ່7778,1,1,1,0.888685
coogle ແມ່ນເອັບທີ່ສາມາດນ້ໍາໃຊ້ໄດ້ ຖ້າທຸກຄົນມີບັນຫ້າຕ່າງໆຂ້ອງໂທລະຊັບມືຖື່ ແມນສາມາດສຶກສາລາຍລະອຽດ ແລະ ຊ້ອຍເຫຼືອໃຫ້ຄໍາແນະໃນການແກໄຂ້ ຕິດຕັ້ງ ຂໍມູນໃດ້ທ້ານໄດ້,1,1,1,1.0
ມືນ້ອຍ,1,1,1,0.888685
ໃຊ້ດີຫຼາຍໆເດີຂອບໄຈ,1,1,1,0.888685
ໃນແອັບບໍ່ມີການຖືກເລກຂ້າງຄຽງ,0,0,0,0.874798
ກະດີຢູ່ເດີ່,1,1,1,0.888685
ກະok,1,1,1,0.888685
ການໄຊ້ງານທີດີໄດ້ດີທີສຸດແມ່ນແອບນີເລີຍພອ້ມກັບການແນະນໍາທີດີມາກ,1,1,1,0.888685
ຮູຂີ້ລ້າງເຄື່ອງໂທລະສັບໃຫ່ມໂຫລດມາເຂົ້າສູ່ລະບົບແນວໃດກະບໍໄດ້ຊິເຊົາໃຊ້ແລ້ວເດີຊິໄປເປີດບັນຊີທະນາຄານການຄ້າແທນແບບນິ,0,0,0,0.686142
ຫວຍແຕກຫຼົ້ມຕະຫຼອດ,0,0,0,0.940264
ມັກຄົ້ນຫາ,1,1,1,0.888685
ສົ່ງລະຫັດ6ໂຕຊ້າເກີນໄປບາງເທື່ອກອບເບີເຂົ້າເປັນສີບເທື່ອຍັງບໍ່ສົ່ງມາເອົາໄປດາວດຽວພໍລະກັບແອັບແບບນີ້,0,0,0,0.874798
ສະແກນໃບຫນ້າບໍ່ໄດ້,0,0,0,0.985002
ສ້ດນບາອ່ນ,1,1,1,0.888685
ແຊບໆ,1,1,1,0.888685
ເຊຍ,1,1,1,0.888685
ສິເຮັດມາເພືອໂຫລດມາກະໄຊ້ບໍ່ໄດ້ແຖມຍັງເປັນພາສານອນໃສພາສາລາວເປັນຫຍັງ,0,0,0,0.985002
ຍອມພາກັນພີມພາສາໄທລະ ພີມບໍ່ຖືກອີກທັງທີ່ຕົວເອງເປັນຄົນລາວ,0,0,0,0.874798
ຮູ້ສືກພຸມໃຈກັບແອັບນີ້,1,1,1,0.888685
ແອບດີແຕ່ເມື່ອຖືກໂອນເງິນເຂົ້າເປັນຈໍານວນຫລາຍຍັງມີຂໍ້ຂັດຂ້ອງແລະບໍ່ໄດ້ຮັບເງິນ,1,1,0,0.985002
ເປັນສ່ວນຕົວ,1,1,1,0.888685
ໃຫ້ດາວ1ພໍແອັບມັນເປັນຫຍັງວ່ະແສັດຫາຄົນແອບມັກເຂົາບໍ່ຕອບແຖມບ໋ອກ,0,0,0,0.874798
ມາໃຫມ່ອາດຊິດີກ່ວາເກົ່າ,1,1,0,0.741557
ນອ້ງ ຈາງ,1,1,1,0.888685
ຂໍແຕ່ຕອນນີ້ໄດ້ມີຄວາມເປັນຫຍັງກະວ່າຊິໄດ້ຮັບເອົາ,1,1,0,0.904519
ໄດ້ເງິນເຮັ່ງແລ້ວຂອບໃຈເດີຕົກໃຈເບິດບໍ່ເຫັນເງິນເຂົ້າບັນຊີກະເລີຍນ້ອຍໃຈ,1,1,0,0.874798
ໄຊ້ມາຫລາຍປີຜິດຫວັງແຮງລົບແວເຂົ້າບໍ່ໄດ້,0,0,0,0.985002
ເຂົ້າຮ່ວມດູພາບສົ່ງເຖີງທຸກໆຄົນແລະໄດ້ເຫັນພວກເຮົາອີກດ້ວຍກັນ,1,1,1,1.0
ລະຫັດຜ່ານ,1,1,1,0.888685
ສູ່ງານເພື່ອວັນຂ້າງຫນ້າ,1,1,1,0.888685
ກສດີຢູ່,1,1,1,0.888685
ຫລີ້ນດີໄວ,1,1,1,0.888685
ໂອດີ,1,1,1,0.888685
ກະພໍໃຊ້,1,1,1,0.888685
ຄະນະບາ,1,1,1,0.888685
ເຄືອຂ່າຍຢູນີເທວໃນເຂດຊົນນະບົດບໍ່ຄ່ອຍດີປານໃດແຕ່ຊີມໂທແມ່ນສັນຍານດີ.ຖ້າເປີດເນັດແລ້ວສັນຍານຈະຂາດໆຫາຍໆ,1,1,0,0.874798
ຕີດຕັ້ງກະບອກຂັດຂ້ອງ,0,0,1,1.0
ດີໆທີ່ສຸດ,1,1,1,0.888685
ບໍ່ໄດ້ເລື້ອງ,0,0,0,0.985002
ງ່າຍແລະໃວາະດວກສະບາຍຕໍ່ການຕິດຕໍ່,1,1,1,0.888685
ເຂົ້າແມັດເຊັນເຈີຍາກໆ,0,0,0,0.904519
ໂຫຼດມາແລ້ວເຮັດຫຍັງກະບໍ່ໄດ້,0,0,0,1.0
ໃຫ້ຄະແນນແອັບນີ້ກັບບັນຊີຂອງຂ້ອຍເອງ,1,1,1,0.888685
ປະເມນສິງ,1,1,1,0.888685
ໃຊ້ງານຢ່າງວອງໄວ,1,1,1,0.888685
ແອດນີ້ກາກທີສຸດເລີຍຫມູນທຸກຄຮັ້ງບໍ່ໄດ້ເລີຍ,0,0,0,1.0
ດີຫຼາຍບໍ່ເຄີຍເຮັດໄຫ້ຜິດຫວັງ,1,1,0,0.84533
ໂອກາດຫນ້າ ຫລືຊາດຫນ້າກັນແທ້ ຫມູນບໍ່ເຄີຍໄດ້ຫຍັງ ໄດ້ແຕ່ເຊີນຫມູ່ລະກະຟັງເພລງ ອັບເດດມາໄຫມ່ບໍ່ໄດ້ຫຍັງຈັກລີ້ ໂພດໂພ,0,0,0,1.0
ຂ້ອງຜົນບໍ່ຮູ້ເປັນຫຍັງຢູ່ຊື່ໆກະເຂົ້າບໍ່ໄດ້,0,0,0,0.985002
ໃຊ້ໂທກັບຄົນທີ່ຢູ່ໄກໄດ້,1,1,1,0.888685
ສູ້ງໆ,1,1,1,0.888685
ໃຊ້ດີ,1,1,1,0.888685
ແກ້ໄຂໄຫ້ແດເຂົ້າບໍໄດແລວດງວນິ,1,1,0,0.904519
ໃຊ້ດີພັດທະນາຕໍ່ໄປ,1,1,1,0.888685
ສະດວກໃນການທັນໃຈ,1,1,1,0.888685
ໄວສະດວກ,1,1,1,0.888685
ແຮງອັບແຮງໃຊ້ບໍ່ໄດ້,0,0,0,0.985002
ໃຊ້ງາຍສະດວກ ບໍລິການດີ ສົ່ງໄວ ອາຫານບໍ່ເສຍຫາຍແລະສະດວກສະບາຍ,1,1,0,0.901786
ເຂົ້າແອບບໍ່ໄດ້ເລີຍ,0,0,0,1.0
ຖຖູ,1,1,1,0.888685
ເປັນຫຍັງຄືຕ້ອງເຂົ້າຍາກຂະຫນາດນີ້ ຕອນແລກກະງ່າຍດີ ຫລັງໆເລີ່ມເຂົ້າຍາກລະ,0,0,0,0.904519
ດີຂື້ນ ແລະໄວທັນໃຈ,1,1,1,0.888685
ປີນີ້ເຢຟດຫລິ້ນໄຮ່ນຸກເລີຍ,1,1,1,0.888685
ແອັບນີ້ດີແຮງໃຜຫຼີ້ນຈະຕ້ອງຕິດໃຈຢ່າງແນ່ນອນ,1,1,0,0.572924
ໃຫ້ນະແນນແອບນີ້,1,1,1,0.888685
ເບິ່ງງາຍສະບາຍ,1,1,1,0.888685
ໂລດບໍ່ໄດ່,0,0,0,0.985002
ຮັກເມີດໃຈ,1,1,1,0.888685
ຫົງ,0,0,1,0.888685
ລົງທະບຽນໃຊ້ແອັບຍັງບໍ່ໄດ້ລະ,0,0,0,0.985002
ແຊັດຫມູ່ມ່ວນຫຼາຍເຮັດຕໍ່ໄປ,1,1,1,0.888685
ດແດດ,1,1,1,0.888685
ແກ້ໃຫມ່ເດີຕອນນັ້ນຫລົງຜິດແຕ່ຕອນນີ້ບໍ່ໃດ້ເລື້ອງເລີຍດີຫຼາຍຫມຸນມື້ໃດ໋ກະໃດ້ມື້ນັ້ນຖືງຈະເປັນເງີນໂປໂມຊັ້ນກະຍັງດີກວ່າບໍ່ໃດ້ຫຍັງຖ້າຈະເປັນໄປໃດ້ຢາກຂໍໃຫ້ວົງລໍ້ຫມຸນບໍ່ຊ້ໍາໂຕເກົ່າຄືສິດີກວ່ານີ້ແຕຊ່ໍານີ້ກະວ່າດີແລ້ວພັດທະນາຕໍ່ໄປເດີunitelສູນບໍລິການລູກຄ້າ unitelພັດທະນາລູກຄ້າ ລູກຄ້າພັດທະນາunitel,0,0,0,1.0
ຂອບໃຈ ໃຊ້ງານໃນວິຖີປະຈໍາວັນ,1,1,1,0.888685
ຂໍດາຕ້າ500mbແດ່,1,1,1,0.888685
ລະຫັດ51000732ໃຊ້ດີໄດ້ເງີນທຸກມື້ຮັບສອນເດີ,1,1,1,0.888685
"ດາວໂຫຼດບໍ່ໄດ້ ເລືອກໂທລະສັບອີກ, ຍັງມີປັນຫາກັບໂທລະສັບຫຼາຍລຸ້ນ",0,0,0,0.985002
ແຊັດໄດ້ດີໂທໄດ້ດີຄັກແທ້ແມ່ນແຊັດຟຣີໂທວິດີໂອຟຣີຫັນລະຄັກນ່າ,1,1,1,0.888685
ຄວນປັບປຸງຕື່ມ ເຂົ້າແອັບຫຼິ້ນເກມຂ້ອນຂ້າງຊ້າ ແລະມັກຄ້າງ ພ້ອມທັງເພີ່ມສະຕິກເກີ້ສຽງແບບໃຫມ່ແນ່,0,0,0,1.0
ຫຼຸດຕະຫຼອດເຂົ້າລັອກອີນບໍ່ໄດ້ຍາມເລກອອກຫຼຸດອີກແລະ,0,0,0,0.985002
ອັບເດດມາໃຫມ່ແຮງຮ່ວຍເລີຍແຮງຄືຜີບ້ານິ ເວລາແຊກະບໍ່ເຫັນຫົວຜູ້ແຊແຮງກະເຕັກ ກະເຮັດໃຫ້ມັນດີໆແນ້,0,0,0,0.874798
ເຂົ້າລະເດັ້ງອອກຕະຫລອກ ລະສິໃຫ້ກູລົງທະບຽນຈັ່ງໃດເບາະ,0,0,0,1.0
ດທມແພອນ,1,1,1,0.888685
ໄວແນ່,1,1,0,0.572924
ອະທິບາຍ,1,1,1,0.888685
ສັ່ງກະບໍ່ໄດ້ຈັກເທື່ອ.ຍາມໃດກະບໍ່ສາມາດຮັບອໍເດີ້ທ່ານໄດ້ຕະຫລອດສັ່ງໄປ7.8ອັນບໍ່ໄດ້ຈັກອັນ,0,0,0,1.0
ຂອບໃຈທີ່ໃຫ້ຊົມໃຊ້,1,1,1,0.888685
ຫມູນຖືກຊ່ອງໄດ້ເນັດ ພັດບາດແຊຣ໌ແລ້ວບໍ່ໄດ້ເນັດຫມາຍຄວາມວ່າແນວໃດແບບນິ ໂກງກັນຊັດໆ,0,0,0,0.985002
ກາຍຍາມແກ້ໄຂແລ້ວ ເຂົ້າລະເດັ່ງອອກ ພັດທະນາຕໍ່ໄປແດ່,0,0,0,0.904519
ບໍລິການວ່ອງໄວ ແລະ ທັນໃຈ,1,1,1,0.888685
ຕັ້ງຍາກໆ,0,0,1,0.514398
ຂຸມໃຈທີສຸດ,1,1,1,0.888685
ຢາກໃຫ້ມີການຄົ້ນຫາເພງໄດ້,1,1,1,0.888685
ຕັ້ງແຟັດໄຫ່ມ,1,1,1,0.514398
ດາວໂຫຼດແອບກະຍາກ ດາວໂຫຼດບໍ່ໄດ້ຊ້ໍາ,0,0,0,0.985002
ໃຊ້ດີໆ,1,1,1,0.888685
"unitelໃຫ້ຊີວິດທີສົດໄສທັນໃຈວອ່ງໄວໃຫ້ແກ້ລູກຄ້າ, ພັດທະນາພຽ່ງ11ປີກວມເອົ້າ1000ເປີເຊັນສັນຍານກວ້າງຂວາງ, bank on mobile as umoney",1,1,0,0.625715
ໄຊ້ປົກະຕິ,1,1,1,0.888685
ເອົາໄປ2ດາວຫມຸນບໍ່ໄດ້ຈັກມື້ເລີຍ,0,0,0,0.994453
ຊອບໃຈ,1,1,1,0.888685
ທເສືອງ,1,1,1,0.888685
ກາກແຮງແອບບໍ່ສະຖຽນ ກາກທັ້ງເນັດນ້ນແຫລະ unitel ເນັດຫລອກລວງປະຊາຊົນ,0,0,0,1.0
ດີຫລາຍແລ້ວ,1,1,1,0.888685
ຜູ້ບ່າວມືສອງ,1,1,1,0.888685
ຢາກໃຫ້ມີບໍລິການwechat play ດ້ວຍນະ,1,1,1,0.888685
ສາຍໃນດີມາ,1,1,1,0.888685
ຂໍເປີດແອບນີ້,1,1,1,0.888685
ກາກໆໆທ,0,0,1,0.888685
ສຸດສຸດ,1,1,1,0.888685
ປ່ຽນໂທລະສັບໃຫມ່,0,0,1,0.888685
ມ້ນຖືກກັບຄວາມເປັນຈິງ,1,1,1,0.888685
ມີຂ່າວສານດີ,1,1,1,0.888685
ສັກສັດ,1,1,1,0.888685
ທົວໄປ,1,1,1,0.888685
ຊ່ວງນີ້ເຂົ້າຍາກຫຼາຍຄືວ່າມີບັນຫາຕະຫຼອດໃຊ້ບໍ່ໄດ້ເລີຍຊ່ວງນີ້ຄວນປັບປຸ່ງດ່ວນ,0,0,0,1.0
ເກືອບຄົບທຸກຄວາມຕ້ອງການໃຊ້ງານ.,1,1,1,0.888685
ຮສຮເທຍ,1,1,1,0.888685
ສະດວກໃນການເຮັດທຸລະກໍາດ້ານການເງິນ,1,1,1,0.888685
ຂ້ອຍໃຊ້ມາ13ປີແລ້ວ ດີຫລາບ,1,1,1,0.888685
ໃຊ້ງານດີໆລາຍ,1,1,1,0.888685
ຄັກຫລາຍຊ່ວຍໄດ້ຫລາຍຢ່າງ,1,1,1,0.888685
ຈະຈ່າຍຄ່າວາຍຟາຍ ລໍຖ້າລະຫັດ otp ກະບໍສົ່ງໃຫ້ແກ້ໄຂດ່ວນ,0,0,0,0.882289
okຝາກແນ່50109333,1,1,1,1.0
ອັບເດດແລ້ວແຕ່ສົ່ງຮູບບໍ່ໄດ້ແລ້ວຍັງຟັງສຽງທີ່ເພື່ອນວໍມາບໍ່ໄດ້ອີກ,0,0,0,0.985002
ບລ້,1,1,1,0.888685
ໃຊ້ງານດີ ມີປະໂຫຍດ ໂຄດສະດວກ,1,1,1,0.888685
ມີຄວາມສະດວກສະບາຍ ທັນສະໄຫມມີຄວາມຮູ້ມີສາລະແລະການສື່ສານແລະອື່ນໆ,1,1,1,0.888685
ດີຜລາຍ,1,1,1,0.888685
ອັບເດດແລ້ວ ເຂົ້າບໍ່ໄດ້ເລີຍຈັກເປັນຫຍັງ,0,0,0,1.0
ສະດວກສະບາຍດີມາກ,1,1,1,0.888685
ໂພດບໍອອກຄືຂີ່ນິ,0,0,1,0.888685
ອ່າຢາກໃຫ້ປັບປຸງແອພຕື່ມ ຕອນທີ່ສົ່ງລະຫັດມາໃຫ້ແລ້ວ ເຮົາຊິປ້ອນລະຫັດກະຂຶ້ນວ່າໃຫ້ເປິດໂລເຄຊັ່ນນໍາອັນນີ້ແມ່ນປົກກະຕິບໍ ບັດໃສ່ລະຫັດແລ້ວກະຂຶ້ນວ່າເບີຂອງທ່ານບໍ່ທັນລົງທະບຽນ ແລ້ວເຮົາກະກົດໄປບ່ອນນັ້ນກະເດັ້ງອອກມາຕະຫລອດເລີຍ ບໍ່ໄປໃສ່ຈັກເທື່ອລົບຖິ້ມໂຫລດໃຫມ່ກະຫຍັງເປັນຄືກັນ ສະຫລຸບແມ່ນລົງທະບຽນບໍ່ໄດ້ຈ້າ,0,0,0,1.0
ຖ້າໃຫ້ຄົນອືນມັນກະເປືອງ,1,1,1,0.888685
ມະນີວັນ ມະນີວົງ,1,1,1,0.888685
ສໄນະຸ,1,1,1,0.888685
ສຸດຍວດ,1,1,1,0.888685
ຮູ້ນອ້ຍຫນືງ,1,1,1,0.888685
ຈະເລີມໃຊ້ງານ,1,1,1,0.888685
ລຽງທໍາມະນູນ,1,1,1,0.888685
ຊວງນີສັນຍານຊ້າລົງ,1,1,1,1.0
ປັບປຸ່ງແດ່ເຂົ້າລະເດັງອອກກັບຕອນສົ່ງລະຫັດຜ່ານກະບໍ່ໄດ້,0,0,0,0.985002
ມືໄຫມ່,1,1,1,0.888685
ສະພາ,1,1,1,0.888685
ມີປະໂຫຍດລາຍຢ່າງ,1,1,1,0.888685
ພອໃຊ້,1,1,1,0.888685
ເປັນແອັບທີ່ຕ້ອງບອກເລີຍວ່າຖ້າໂຫລດມາແມ່ນເສຍດາຍພື້ນທີ່ຊື່ໆວົງລໍ້ຫມູນກະໃຫ້ຫມູນຊື່ໆແຕ່ບໍ່ໄດ້ຫັຍງດາຕ້າທີ່ເຄີຍໄດ້ກະບໍ່ໄດ້ເວລາຈະເຂົ້າແອັບແຕ່ລະຄັ້ງກະຕ້ອງລ໋ອກອິນໃຫມ່ສົ່ງລະຫັດໃຫມ່ຕະຫລອດມັນເສຍເວລາເສຍດາຍຄິດວ່າຈະພັດທະນາໃຫ້ດີກວ່ານີ້ແຕ່ບໍ່ມີຫຍັງດີເລີຍຢາກໃຫ້ປັບປຸງຄືນໃຫມ່ແນ່ເດີໃຫ້ສົມກັບເປັນເຄືອຂ່າຍອັນດັບ1ແບບທີ່ເວົ້າສ່ໍາແອັບດີໆມີຄຸນນະພາບຍັງເຮັດບໍ່ໄດ້.,0,0,0,1.0
ຢາກມີຄົນຕິດຕາມແຮ່,1,1,1,0.888685
ໃຊ້ລອງເບີ່ງກ່ອນຄັນດີກະເອົາໄປ5ດາວເລີຍ,1,1,1,0.888685
ເປັນ ຫຍັງ ກິນເງິນຫຼາຍ ແທ້,1,1,1,0.888685
ບາງມື້ເຂົ້າສູ່ລະບົບບໍໄດ້,0,0,0,0.904519
ໄຊດີຫ້າຍ,1,1,1,0.888685
ນາງຕິມນາງຕິມ,1,1,1,0.888685
ປິດ,0,0,1,0.888685
ດີເນາະບໍມີບັນຊີກະໃຊ້ໄດ້,1,1,1,0.888685
ຊື້ງ່າຍສະດວກແຕ່ຍັງບໍ່ເຄີຍຖຶກມື້ນີ້ຂໍໄຫ້ຖືກແດ່ເດີ,1,1,0,0.874798
ຂໍໃຫ້ໂຫຼດໄດ້ເດີ້,1,1,1,0.888685
ເປັນຫຍັງດາວໂລດໄດ້ແລ້ວເຂົ້າສູລະບົບບໍ່ໄດ້,0,0,0,0.985002
ໂອເຄມາກ,1,1,1,0.888685
ຢາໂຫລດ ແອບດຽວນີ້ບໍ່ມີປໂຫຍດຍັງ,0,0,0,0.874798
ຮູ້ເຫັນທັນເຫດການໄວຂື້ນ,1,1,1,0.888685
ແກ້ໄຂໄຫ້ໄຫ້ໂດຍ,1,1,1,0.78361
ດີແທ້ ໄວທັນໃຈ,1,1,1,0.888685
ຢ່າລອງບໍ່ເລີຍ ເສີຍຄວາມຮູ້ສຶກຫມົດວ່າຈະໂຫຼດໄວ້ຊື້ເລກ ສາມັກ3ມື້ແລ້ວຫຍັງບໍ່ໄດ້,0,0,0,0.985002
ອັບເດດແລ້ວສະຕໍລີ່ຍັງໃສ່ເພງບໍ່ໄດ້,0,0,0,0.985002
ເຂົ້າແອັປບໍ່ໄດຢາກໄຫ້ແກ້ໄຂ້ແນ່ພີມລະຫັດແລ້ວກະເຂົ້າບໍ່ໄດ,0,0,0,1.0
ດີຫລາຍ ທັນສະໄຫມ່,1,1,1,0.888685
ໃຊ້ bcel one ຊໍາລະຄ່າເກມໄດ້ບໍ່,1,1,0,0.874798
ສົ່ງ,1,1,1,0.676489
ຢອດຢຽ້ມ,1,1,1,0.888685
ແອບລ໋ອກອິນບໍ່ໄດ້ສັ່ງອາຫານກະບໍ່ອະນຸມັດຈ່າຍເງິນສົດ,0,0,0,0.985002
ໄຊ້ດີຫລີ້ນສະບາຍ,1,1,1,0.888685
ອັບເດດຕະຫຼອດກນຄວາມຈໍາຫຼາຍ,0,0,0,0.929163
ສົມໃຈ,1,1,1,0.888685
ສຸດຍອ້ນຫຼາຍ,1,1,1,0.888685
ຂໍຝ ດຸ o . .,1,1,1,0.888685
ບໍ່ເປັນເລື້ອງປ່ຽນໄປປ່ຽນມາຢູ່ບອ່ນຊໍາລະເງິນນັ້ນເຮັດຄືເດັກນອ້ຍເອົາແຕ່ໃຈນິ,0,0,0,0.874798
ຖ້າບອກລາຄາຄືkokkokຄືຊິດີ,1,1,1,0.888685
ໂອນເງິນໄປແລ້ວເງິນບໍ່ເຂົ້າ,0,0,0,0.874798
ໂປດໄຫ້ຂໍມູນດີດີ,1,1,1,0.888685
ໂອເຄດີຖືກໃຈຫລາຍທີ່ມີແອັບດີໆ ແບບນີ້,1,1,1,0.888685
ຈ່າຍໃດ້ສະເພາະ ຢູມັນນີ ກັບ bcelone ໃຊ້ແອບທະນາຄານ ອື່ນແມ່ນ ຊື້ບໍ່ໃດ້ຄວນປັບປຸງ,0,0,0,0.874798
5ດາວທຸກແອັບທີຂ້ອຍຕິດຕັງ,1,1,1,0.888685
ໃຊ້ງານສະດວກດີພັດທະນາໃຫ້ດີຂື້ນ. ມັກຫລາຍ,1,1,1,0.888685
ດີເຮ,1,1,1,0.888685
ທອງໄຊ ກິພາົງ,1,1,1,0.888685
ດີມາກໆ.,1,1,1,0.888685
ຕິດຕໍ່ກັນງ່າຍຂື້ນ,1,1,1,0.888685
ສະດວກງ່າຍຂື້ນ,1,1,1,0.888685
ແຫຸັດວງນາລາ,1,1,1,0.888685
ປ່າເຍຍ່ວື່,1,1,1,0.888685
ເອດ,1,1,1,0.888685
ທຸກຢ່າງໃຊ້ດີ ແຕ່ປ່ຽນພາສາບໍ່ໄດ້ ແກ້ໄຂໃຫ້ດ່ວນໆ,1,1,1,1.0
ຈັ່ງຊີ້ເລີຍ,1,1,1,0.888685
ເລກບັນຊີຖືກປິດໄປແລ້ວ ແລ້ວເງິນທີ່ແນະນໍາມັນໂອນໄປບັນຊີໃດ ປັບປຸງຄືນແອັບອື່ນໆແນ່ໃສ່ບັນຊີຕື່ມໄດ້ນະ ຄວາມປັບປຸງຕື່ມ ຢາກປ່ຽນເລກບັນຊີທະນາຄານກະບໍ່ໄດ້,0,0,0,1.0
ຈ່າຍເງິນສະບາຍ ບໍ່ສະບາຍຕອນດຽວ ຕອນບໍ່ມີເງິນ,1,1,0,0.874798
ໃຊ້ຂໍ້ມູນແບບເກົ່າດີກວ່າຫີ້ຼນເກມກໍ່ງ່າຍແລະສະນຸກດີອີກ.ຖ້າປ່ຽນລະຂໍ້ມູນເກົ່າແລ້ວຈັ່ງຊິມາໃຫ້5ດາວ.ຂໍ້ມູນໃຫມ່ນີ້ຖ້າຫີ້ຼນຜ່າດກັບມາຫຼີ້ນບໍ່ໄດ້,1,1,0,1.0
ແປພາສາບໍ່ໄດ້ ແກ້ໄຂດ່ວນ,0,0,0,0.985002
ນາງວຽງສະໃຫມ ພົງອຸດົມ,1,1,1,0.888685
ເປັນແອັບທີ່ດີຫຼາຍແຕ່ກະຢາກໃຫ້ພັດທະນາເລື້ອຍໆ,1,1,1,0.78538
ໄດ້ໂບນັດ15ພັນກີບ,1,1,1,0.888685
ຄໍາເພັດ ໄຊຍະວົງ,1,1,1,0.888685
ໃສໃດ້ດີມາກ,1,1,1,0.888685
ເຕີມເງິນເຂົ້າຊື້ແພັກແກັດບໍ່ໄດ້ແກ້ໄຂແອັບແດ່,0,0,0,0.985002
ຫຼິ້ນດີຫຼາຍ,1,1,1,0.888685
ຊ້າມະຫາກາບປັບປຸງດ່ວນຜູ້ຂຽນໂປແກມ,0,0,0,0.81386
ຄິດດີແລຊໍຊ້ວ,1,1,1,0.888685
ບໍ່ມີການໂປໂຫມດໂພສເຮົາແລະອັບເດດໂພສໃຫ່ມ,0,0,0,0.800317
ໃສ່ນາຍແອບນີ້,1,1,1,0.888685
ໄວ່ແນ່,1,1,0,0.572924
ແອັບຄວາມແອັບໂງ່ສະຫມັກແພັກແກັດລະຫລີ້ນບໍ່ໄດ້ເນັດກະບໍ່ໃຫ້ຕາມທີ່ຂຽນຂື້ນນໍາແອັບຫ້າມໂຫລດມາເດີ່ແອັບຄວາມໆນີ້,0,0,0,0.985002
ຂໍເປີດນໍາໃຊ້,1,1,1,0.888685
ດີທີ່ສຸດເລີຍທີ່ໄດ້ຮັບການໃຊ້ງານກັບແອບນີ້,1,1,1,0.888685
ມັນລົງທະບຽນບໍ່ໄດ້ ທຽວລົບກັບຕິດຕັ້ງຫລາຍເທື່ອລະ ມີແຕ່ວ່າ ເບີຂອງທ່ານບໍ່ສາມາດລົງທະບຽນໄດ້ ກະກູມາລົງຢູ່ນີເດ,0,0,0,1.0
ປັນກະບໍໄດ້ເນັດຈັກເທືອ,0,0,0,0.945914
ມັກແຮງi love u money ທະນາຄານມືຖືຂອງຄົນລາວ,1,1,1,0.888685
ເຫັດ,1,1,1,0.888685
ຢຽມສຸດໆ,1,1,1,0.888685
ຊວ່ຍແກ້ໄຂ້ໃຫ້ແດ່,1,1,1,0.78361
ດີດີດີຮັກສາບັນຊີເຮົາໃຫ້ປອດໄຟເພີ່ມຂຶ້ນອີກ,1,1,1,0.888685
ດາຕາ,1,1,1,0.888685
ໃຊ້ແລ້ວດີຢາກຮູ້ອີ່,1,1,1,0.888685
ຖໍາ,1,1,1,0.888685
ບໍ່ສົງລະຫັດມາໃຫ້ລະສິຕັງຫາສິແຕກອີຫຍັງວະຄວາຍເອີຍ,0,0,0,0.874798
ດີແລ້ວແຕ່ຢາກໃຫ້ພັດທະນາກວ່ານີ້,1,1,1,0.888685
"ປັບມາກ10,55",1,1,1,0.888685
ຄິດແນວໃດ ໃຜຮູ້ບອກແດ່,1,1,1,0.888685
ok ດີ,1,1,1,0.888685
ທ້າວແບໍງ.ສູວ້ນນະຄໍາຜົງ,1,1,1,0.888685
ເອົາດາວ1ໃປກ່ອນເດີ ກະເຈົ້າຕອບແຊດຈັ່ງສີມາເພີ່ມໃຫ້,0,0,1,1.0
2023 ແອັບນີ້ປິດໃຊ້ງານແລ້ວຫຼື ຄືກອບຂໍ້ມູນແລ້ວຢືນຢັນແຕ່ບໍ່ເຫັນຜ່ານໄປສູ່ຫນ້າຫລັກ ຈັກທີດລີຍ,0,0,0,0.994453
ເພາະສົມຖ້ານາ,1,1,1,0.888685
ເວລາໄດ້ຮັບເງິນໂອນມັນບ່ແຈ້ງເຕືອນ,0,0,1,0.888685
ມັນຂື້ນຄໍາວ່າ ກໍາລັງເຊື່ອມຕໍ່ ກະລຸນາລໍຖ້າ,0,0,1,0.888685
ກູບໍມັກຫລີ້ນ,1,1,1,0.888685
ແອັບບໍ່ໄດ້ເລື່ອງເດີ ກົດອອກແອັບເພື່ອເຂົ້າຂໍ້ຄວາມເພຶ່ອເບິ່ງotpແຕ່ແອັບເດັ້ງຕ້ອງໄດ້ເລີ່ມໃຫມ່ຫມົດ,0,0,0,1.0
ກັບຄືນມາຕິດດາວໃຫ້ໃຫມ່ ຫລັງຈາກທີ່ແກ້ໄຂບັນຫາໄປແລ້ວ ຂອບໃຈເດີ້,1,1,1,0.78361
ຕ້ອງການແອັບນີ້,1,1,1,0.888685
ສິເຊົາໃຊ້ຊ້ໍາເຕີມບັດຄະແນນບໍ່ໃຫ້ມາຫຼາຍມື້ລະເຕີມໄປບໍ່ໄດ້ຄະແນນກັບໄປເຕີມຢູ່bcel one ກະຄືສິງ່າຍກ່ອນ,0,0,0,0.985002
ດີເລື້ອຍໆ,1,1,1,0.888685
ໃຊ້ໄດ້ດີແຕ່ປິດກັ້ນຫລາຍເກີນໄປ,1,1,1,0.888685
ຄວາມຫມາຍຂອງການສຶກສາຂອງລາວແລະປະເທດໄທແລະການຄຸ້ມຄອງການທ່ອງທ່ຽວທີ່,1,1,1,0.888685
ຕົ້ນໄກ່,1,1,1,0.888685
ຫລາຍງານ,1,1,1,0.888685
ອ້າຍ999,1,1,1,0.888685
ອັບເດດໃຫມ່ ຫມູນບໍ່ໄດ້ຫຍັງເລີຍ ຢາກໃຫ້ ແກ້ໄຂແດ່ ໃຫ້2ດາວກອນ,0,0,0,1.0
ອັບເດດແລ້ວຄື ເປິດເຂົາແອັບແລ້ວບໍໄດ້,0,0,0,0.955309
ເປັນຫຍັງຕ້ອງອັບເດດ,1,1,0,0.956258
ເລີດມາກ,1,1,1,0.888685
ດີມາກກດ,1,1,1,0.888685
ຢ່າຢືມໃສ່ລະຫັດ3603003ເດີ.ຂໍໃຫ້ທຸກຄົນໂຊກດີ,1,1,1,0.888685
ດີດີມາກ,1,1,1,0.888685
ໃຊ້ຍາກ,0,0,1,0.888685
ເຮັດຖຸລະກີດ,1,1,1,0.888685
ຮັດພິດເວລາ,1,1,1,0.888685
ແອ່,1,1,1,0.888685
ງານຄືເງິນເງິນຄືງານທໍາທຸກວັນໃຫ້ມັນດີທີ່ສຸດ,1,1,1,0.888685
ແກ້ໄຂ່ໄຫ້ແດ່ອັບເດັດແລ້ວກະໄຫອັບເດັດອິກເນ້ດຈົນຫມົດນີຍາມໄດ້ຈີລີນອັບເດັດໄດ້ລະບອກຮັບສາບຮັບສາບແມ່ນຈະໄດ້ໂອະ,0,0,1,0.78361
ຂອບໄຈສໍາຫລັບແອດໂຕນີ້ທີສ້າງມາໄຫ້ໄຊ້ຂອບໄຈອີກຄັ້ງ,1,1,1,0.888685
ຄົນສົດເດີ,1,1,1,0.888685
ເຊີນເພື່ອນທົ່ວເມ້ນມາທໍາແຕ້ມຄະແນນແຂ່ງຂັນຊິງລາງວັນ,1,1,1,0.888685
ຢາກມີໂຊກ,1,1,1,0.888685
ດີກມາກ,1,1,1,0.888685
ແດ່ງວົງພະຈັນ,1,1,1,0.888685
ຊີວິດກູມັນຈົນເມຍຈື່ງໄປຈາກກູໆເຈັບຮູ້ບໍ່ຕາຍເປັນຕາຍນໍາກັນສອງເຮົາ,1,1,0,0.800317
ຂ້ອຍຄືໂຫລດບໍ່ໄດ້ຮອດ100 ລະກະຄ້າງຢູ່ບ່ອນເກົ່າ,0,0,0,1.0
"ຈ. ຮູ .,",1,1,1,0.888685
ໃຊ້ດີ ສະດວກໃນການຊົມໃຊ້,1,1,1,0.888685
ຄັກສະເມີະ,1,1,1,0.888685
ເຄີຍໃຊ້ແອບນີ້ມາແລ້ວາ,1,1,1,0.888685
ແອບໃຊ້ດີ,1,1,1,0.888685
ເນັດຊ້າເກີນຫົວຫນ້າ144pຍັງຫມົນຕິວໆຢູ່,0,0,1,0.888685
ຄືບໍ່ສົ່ງລະຫັດotpໃຫ້ຄວນປັບປັບເດີ,0,0,0,0.874798
ດີຫຼາຍ ຢາກໄຫ້ຈາຍຜ່ານ ບັດທະນາຄານພັດທະນໍາຄືສິຄັກຫຼາຍ,1,1,1,0.888685
ປັບປຸງແນ່ເດີແອັປຄ້າງຕະຫລອດລົງທະບຽນບໍ່ໄດ້ເລີຍ,0,0,0,1.0
"ມັນຄືຍາກຕາຍແທ້ວະແອ້ບບໍຕອງສາງເຜືອລົງຄວາຍມັນຍາກສີມັດ,",0,0,0,0.882289
ກິໂກ້ນາຄອງ,1,1,1,0.888685
ອັບເດດກົດເຂົ້າແອບແລ້ວເດັ້ງອອກຕະຫລອດແກ້ໄຂແດ່,0,0,0,1.0
ແຕ່ກ່ອນຍັງເຕີມເກມໃນແອບນີ້ໄດ້ແຕ່ຕອນນີ້ຖືກເອົາອອກແລ້ວບໍ່ອັບເດດຍັງດີກວ່າ,0,0,0,0.874798
ຟີນອ້ງແລະຄອບຄົວກໍາຫລັງຖື້ກທຸກລໍາບາດບໍມີແນ້ວກິ້ນແນ້ວຢູບໍຮູທາງຊອກຫ້າເດີເຄື້ອງໄສກະບໍມີ,0,0,1,0.888685
ເຂດຫຼັກ21 ອໍເດີ້ຖືກຍົກເລີກຕະຫຼອດ ເປັນຫຼາຍເທື່ອແລ້ວ ເສຍເວລາສັ່ງ ປັບປຸງແນ່ເດີ້,0,0,0,0.987453
ລົງທະບຽນໂຄດຍາກຈັງແມ່ນໂພດ,0,0,0,0.899263
ໄມ່ດີ້ເລີ່ຍາເວ່ອ່ດຶສໃງວ,1,1,1,0.888685
ເຮັດວງກ,1,1,1,0.888685
ສຶກສາເພີ່ມເຕີມ,1,1,1,0.888685
ເປັນຫຍັງຄຶອັບເດດບໍ່ໄດ້ເຂົາບັນຊີບໍ່ໄດ້ເລີຍ,0,0,0,1.0
ການເປີດແອຍບັງໂມ້ຫມດ,1,1,1,0.888685
ດີ ຈິງ,1,1,1,0.888685
ຄໍາຕິຊົມ,1,1,1,0.888685
ເຮັດເປັນເວີຊັ້ນເກົ່າເທາະຈັກແມ່ນອີ່ຫຍັງນິຂີ້ລ້າຍໂພດຫມຸນວົງລໍ່ກະເອົາອອກຖ້າເປັນແບບນີ້ອິກຊິລົບຖິ້ມລະ,0,0,0,1.0
ຢາກ,1,1,1,0.888685
ເຫ່ກກສດ,1,1,1,0.888685
ທ້າວຈິນ້ານາມທໍາປະເສີດ,1,1,1,0.888685
ແອັບສະບັບປະມວນຜົນຊ້າໂພດ!,0,0,0,0.929163
ສະດວກສະບາຍ ດີ,1,1,1,0.888685
ຕອນນີ້ທາ່ນເປັນຄົນທີ່ທໍາງານຢູ່ເກົາຫີຼໃຕ້,1,1,1,0.888685
ໄຫ້ຄວາມບັນເທີງຖືງົດ,1,1,1,0.888685
ຍຸ່ງຍາກໂພດ,0,0,1,0.888685
ມັກໃຊ້ແອັຍໂມcha ມັກຫລິ້ນເກັມ ຫມູນ,1,1,1,0.888685
ເຂົ້າເວບແລ້ວຈໍເປັນສີຂາວ ບາງຄັ້ງກໍ້ເດັ້ງອອກ,0,0,0,1.0
ຈັນທະວົງ,1,1,1,0.888685
ຫລິ້ນງ່າຍສະດວກປະຢັດ,1,1,1,0.888685
ເຫັນຄົນໃຊ້ຫລາຍ,1,1,1,0.888685
ເຮັດມາຫຍັງລົງທະບຽນບໍ່ໄດ້ໄປແກ້ໄຂໃຫມ່,0,0,0,0.985002
ຢາກຮູ້ວ່າຈະມີຜົນຕໍ່ການຈັດການກັບໃຈຈາກ,1,1,1,0.888685
ໃຊ້ດີຢູ່ ໃຊ້ລົງທະບຽນເບີໂດຍບໍ່ຕ້ອງໄປສູນບໍລິການ ປະຫຍັດເວລາໄດ້ຫຼາຍເຕີບ ຂໍຂອບໃຈ,1,1,1,1.0
ຂອງແຮງ,1,1,1,0.888685
ດີສຸດຽ,1,1,1,0.888685
ກໍາລັງດີ,1,1,1,0.888685
ໄຊ້ງານ,1,1,1,0.888685
ຟ້າ,1,1,1,0.888685
ກະໂອເຄຈຮາ,1,1,1,0.888685
ດີໃຈເກີນ,1,1,1,0.888685
ເສຶອ,1,1,1,0.888685
ບໍ່ຄ່ອຍຈະໂອເຄຊ້າໆ,0,0,0,0.874798
ໃຊ້ດີມາກ,1,1,1,0.888685
ຂໍອະນຸຍາ,1,1,1,0.888685
ດີຈິ່ງໆ,1,1,1,0.888685
ພຶນ,1,1,1,0.888685
ພູມໃຈທີ່ສຸດ,1,1,1,0.888685
ປິນິ້ເປັນຢັງຄຶມູນວົງລໍບໍ່ໃດ້ເລິຍ,0,0,0,0.874798
ຍີບນດະໃ,1,1,1,0.888685
ດີສູດໆ,1,1,1,0.888685
ປັບປຸງການເຂົ້າລະບົບໃຫ້ມັນຄືເກົ່າແນ່ ອັນນິບໍ່ມີເນັດກາເຂົ້າບໍ່ໄດ້ອັບເດດມາລະກາ ບໍ່ເປັນຕາຫລີ້ນ,0,0,0,1.0
ອັບເດດດູກະພໍທົນແທະ ແຕ່ເຂົ້າແອບບໍ່ໄດ້ເລີຍນີ້ ພໍເລີຍ,0,0,0,1.0
ໃຊ້ດີ ໃຊ້ຄັກ,1,1,1,0.888685
ຫີແມ່ມື່ງເຂົ້າຫຍັງບໍ່ໄດ້,0,0,0,0.985002
ບໍ່ປານໃດໃນເລື່ອງປັກມຸມສະຖານທີ່ ຍັງບໍ່ແນ່ນອນປັບປຸງຕື່ມແນ່,0,0,0,0.987453
ລອງໃຊ້,1,1,1,0.888685
ດາວນີ້ຂໍບໍ່ໄຫ້ເດີເປັນຫຍັງຄື່ລີ້ນຫຍັງບໍ່ໄດ້ເລີຍຈັກມັນເປັນກຍັງຫາແກ່ໄຂໄຫ້ແດ່ຫາເກາະເປັນມື່ນີ້,0,0,0,1.0
ເປຍຫມູ່ຮັກກ,1,1,1,0.888685
ທ.ລໍຕາ,1,1,1,0.888685
ຍັງຮັກແລະຄິດຮອດຄືເກົ່າ,1,1,0,0.741557
lvb digibank ທັນສະໄຫມວ່ອງໄວ,1,1,1,0.888685
ທັນສະໄຫມ,1,1,1,0.888685
ທຸກຢ່າງຢູ່ທີ່ປາຍສໍາພັດ ນີ້ວມືຂອງທ່ານ,1,1,1,0.888685
ຊື້ຫວຍຜ່ານbcel one ບໍ່ໄດ້ຊັ້ນແອບຄວາມພັດທະນາຕໍ່,0,0,0,0.985002
ມີແຕ່ສີ່ງດີໆຊອບມາກໆ,1,1,0,0.654537
ມີຄຸນປະໂຫຍດ,1,1,1,0.888685
ຊິເບິ່ງໂຕສັດກະເບິ່ງບໍ່ໄດ້,0,0,0,0.985002
ໃຫ້ອັບເດດຕະຫລອດແອັບເຈດີບີນິ,0,0,0,0.975217
ທີ່ດີ,1,1,1,0.888685
ເລັ່ນດີ,1,1,1,0.888685
ດີຫາ້ຍ,1,1,1,0.888685
ຍອດຮິດຕິດດາວເລີຍ,1,1,1,0.888685
ແອັບສົ້ນຕີນແຊັດກະບໍ່ອອກມີເນັດກະຍັງແຊັດບໍ່ໄດ້ເຫ້ຍຫລາຍ,0,0,0,0.985002
ຫມູນໄດ້5000ກີບລະກະບໍ່ໄດ້ຈັກເປັນຫຍັງ,0,0,0,1.0
ທ່ານຢ່າລື່ມໃສ່ລະຫັດນີ້ເດີ37150415ທ່ານຈະໄດ້ຮັບສ່ວນຫລຸດ10 ທຸກຄັ້ງ,1,1,1,0.888685
ກາກຂະຫນານວິທີບອກໃຊ້ກະບໍ່ເຂົ້າ,0,0,0,1.0
ອັບເດດແລ້ວມັນບໍ່ໃຫ້ເງິນຟຣີຫມູນໄດ້ແຕ່ຊ່ອງເດີມ,0,0,0,0.874798
ບາດຕ້ອງການໃຊ້ເຂົ້າບໍ່ໄດ້ເນັດມີຢູ່ຍັງວ່າບໍ່ມີເນັດ ກາກແທ້,0,0,0,0.985002
ເປີດກ້ອງສະແກນລະຄ້າງກົດຫຍັງບໍໄດ້,0,0,0,0.955309
ຄື່ເພື່ອນມິດໆສະຫາຍແທ້,1,1,1,0.888685
ດີມາດຕະຖານ,1,1,1,0.888685
ເຊື່ອມຕໍ່ອິນເຕີເນັດບໍ່ໄດ້ ແອັບມັນບໍ່ຍອມໂຫລດຂໍ້ມູນໃຫ້,0,0,0,0.985002
ຄົນເດີມໆ,1,1,1,0.888685
ດີມາກເລີກ ແຕ່ເສຍຂໍຫນື່ງເພາະບໍ່ມີແຟນລົມນໍາເຂົາ. ວ່າຊ້ານ,1,1,1,1.0
ເຂົ້າເລ່ນກະບໍ່ໄດ້ມີແຕ່ເດັ້ງອອກ,0,0,0,1.0
ລາວຈໍາ,1,1,1,0.888685
ນຂາ,1,1,1,0.888685
ໃຊ້ດີລົງສະຕໍຣີບໍ່ໄດ້,1,1,1,1.0
ມັນຢາກມີປັນຫາໃນການໂທ,1,1,0,0.876619
ຕິດຕັ້ງແອັບ,1,1,1,0.804566
ຮີວີວ,1,1,1,0.888685
ສະດວກສະບາຍໃນການຕິດຕໍ່,1,1,1,0.888685
ແອັບກາກເຂົ້າກະບໍໄດ້ບໍສົງລະຫັດotpໃຫ້,0,0,1,0.804566
ດີສູດເລີຍ,1,1,1,0.888685
ດຽວນີ້ເຂົ້າຫຍັງບໍ່ໄດ້ ເປັນພາສາຈີນຫມົດ ກາກກ,0,0,0,0.985002
ກິງ ສີໄຕ,1,1,1,0.888685
mocha ໃຊ້ປະຢັດອິນຕະເນັດດີໃນເວລາຟັງເພງແລະເບິງຫນັງດີຫຼາຍ,1,1,1,0.888685
ຕາມຄວາມຕອ້ງການ.,1,1,1,0.888685
ອັບເດດໃຫມ່ນີ້ຫມຸນໄດ້ແຕ່5ຄັ້ງປົກກະຕິໄດ້10ຄັ້ງຕໍ່ວັນແກ້ໄຂ້ແດ່,0,0,0,0.686142
ສືບຕໍ່ບໍ່ໄດ້,0,0,0,0.985002
ໃຈລໍ້,1,1,1,0.888685
ນາງ ປູ ຫຼວງ ດົມ,1,1,1,0.888685
ເນັດໂຄດຊ້າ ຄັນຊ້າເປັນບາດກະພໍວ່າອັນນິຫລິ້ນເຟສນ່ະເປີດເບິ່ງເມັ້ນຫມຸນຢູ່ບັກດົນໆເອົາໄປເອົາມາພັດຫລິ້ນຮອດບໍ່ໄດ້ເລີຍ ບາດປ່ຽນໄປຫລັກອື່ນພັດປົກກະຕິແຕ່ກ່ອນຄືບໍ່ຊ້າດຽວນີ້ມີບັນຫາຕະຫລອດ,0,0,0,1.0
ລະບົບສົ້ນຕີນ ໂອນເງິນເຂົ້າລະເຕື່ອນແຈ້ງມາບາດເຂົ້າເບິງຍອມເງິນພັດບໍ່ເຂົ້າ.ລະບົບຊ້າຄືເຕົ໋າ,0,0,0,0.874798
ສູຍພັນທະຍາ,1,1,1,0.888685
"ແອັບກາກໆ ບອກລົງທະບຽນດ້ວຍຕົນເອງ ແຕ່ແອັບກະກາກ ຂ້ອຍສົ່ງລົງທະບຽນຕອນ10ໂມງ ມຶງມາສົ່ງເຊ້ຍຍັງຕອນ23 45 ມຶງເປັນບ້າວ່າ ແລ້ວຂ້ອຍເຂົ້າແອັບມື້ຕໍ່ມາເອົາລະຫັດໂຕເກົ່າໃສ່ກະບໍ່ໄດ້ ໂຕໃຫມ່ຈັກຊາດໃດຈະມາ ກະລຸນາພັດທະນາແດ່ເດີ້ ຂ້ອຍບໍ່ຮູ້ດອກພວກເຈົ້າລົງທຶນກັນຈັງໃດບໍລິຫານຈັງໃດແຕ່ຄົນທີ່ໂຫຼດແອັບອະເຂົາເສຍທັງເງິນມາເຕີມເນັດ ພວກເຈົ້າສົ່ງຂໍ້ຄວາມມາລົງທະບຽນດ້ວຍຕົນເອງນິພິມໃຫມ່ເດີ້ ໄປລົງທະບຽນຢູ່ສູນດີກວ່າເດີ້ laoaap ,my united, onepay, ຄືພັດືະນາດີກວ່າຟະ ສິບອກເດີ້ເຂົາໂຫຼດເຂົາຕ້ອງການຮັກສາຊິມເກົ່າໄວ້ເພາະພວກເຈົ້າແຕ່ແອັບບໍ່ດີຊໍ້າ",0,0,0,1.0
ເພື່ອຄົນທີເຮົາຮັກ,1,1,1,0.888685
ດີດີດີດີເດັ່ນ,1,1,1,0.888685
ອັບເດຊ້າ,0,0,1,0.888685
ໃຊ້ງ່າຍໆ ສະບາຍໃຜກໍ່ໃຊ້ເປັນສຸດຍອດ!,1,1,1,0.888685
ບໍ່ມີເພງໄທ,0,0,0,0.874798
ເພື່ອໃຫ້ເຟສບຸກ,1,1,1,0.888685
ຮອດຫນ້າຫຼັກລະເຮັດແນວໄດ້ຕໍ່ລະ,0,0,1,0.888685
ໃຊ້ດີເພາະແອບບມີກິກໃນວັອດແອັບໄດ້,1,1,1,0.888685
ທານຄື ທານ,1,1,1,0.888685
ມັກໃຊ້,1,1,1,0.888685
ອື່ນຄືນຮ,1,1,1,0.888685
ມີບັນຫາໃນການເຂົ້າແອັປທຸກຄັ້ງ,0,0,0,0.904519
ອັບເດດດຸໂພດ ຊັກຊ້າ ເສຍເວລາຖ້າແຕ່ otp,0,0,0,0.862266
ຫມຸນວົງລໍ້ໄດ້ແຕ່ແຊບໍ່ໄດ້ຄວນແກ້ໄຂຂໍ້ນີ້ແນ່ເດີ,0,0,0,0.973025
ຊອບມັກຫລາຍ,1,1,1,0.888685
ດີລາຍຊອກແຟນງາຍອີກໄດ້ເມຍໄວ່ສຸດນອດໄປເລີຍ,1,1,1,0.888685
ຊົມເຊີຍ ຂອບໃຈແອັບນີ້,1,1,1,0.888685
ໃຊ້ງານບໍ່ຄ່ອຍດີບໍ່ພັດທະນາ,0,0,0,0.901786
ຍອດຈິງໆ,1,1,1,0.888685
ໃຊ້ບໍ່ດີເລີຍ,0,0,0,0.874798
ສະດວກສະບາຍຫຼາຍມັກແຮງແອັບນີ້,1,1,1,0.888685
ໃຊ້ໄດ້ຜົນດີມີຄຸນຄ່າຢ່າງດີ,1,1,1,0.888685
ລອງເບີ່ງ,1,1,1,0.888685
ໄຊ້ງານດີແຕ່ຍັງຊັກຊ້າດ້ານສັນຍານ,1,1,0,1.0
ໂປຣໂມຊັ້ນເຕີມດາຕ້າຄູນ2ເບິດແລ້ວກະຄວນເອົາໂຄສະນາອອກ ອັນນີ້ໂຄຊະນາ 2ຍັງຢູ່ແຕ່ເຕີມໄປບໍ່ຄູນ2,0,0,0,0.874798
ເດັ້ງອອກເອງຕະຫລອດ ເປີດໃຊ້ກະຢາກ ຂະຫນາດວ່າຊື້ເອົາໂທສະລັບລ່າສຸດມາໃຊ້ແລ້ວໃດ,0,0,0,1.0
ເຂົ້າບໍ່ເຄີຍໄດ້ ຫີແຕດ,0,0,0,0.874798
ອຸ່ນຫະພູມສູງເກີນໄປຂໍທີມງານຊ່ວຍແກ້ໄຂໃຫ້ແດ່,1,1,1,0.78361
ຊ້ວງໂຄວິດ ບໍ່ດີການຢາກຊ້າ ບາງເທື່ອກະບໍ່ຮັບອໍເດີເລີຍ ເຮີດ,0,0,0,0.874798
ຫັດໃຫມ່,1,1,1,0.888685
ໂອນເງິນຫາບັນສີbcel one ບໍໃດ້ແກ້ດວນ,0,0,1,0.78361
ແກ້ໄຂຫລາຍຢ່າງຕື່ມຊິບອກຈັກນ້ອຍ1ເດີລະຫັດບໍສົ່ງເວລາລົງໄດ້ເບີ1ຊິລົງເພີມຕ້ອງໂລດໄສ່ນ່ວຍໄຫມ່ລະກະບ່ອນໄສ່ສັກວັກຊີນຄວນປຽນເປັນສໍາມະໂນລະກະບັດປະຈໍາໂຕສະອະນີ້ບັດເສຍໄປໄສ່ລະຊິຫາໄສ່ໄສ່ທ່ານ.ຂອບໄຈ ດາວດງວພໍ,0,0,0,1.0
ສະບາຍມາກ,1,1,1,0.888685
ດີແຮງ ຄອນເຟີມ,1,1,1,0.888685
ດິີຫບາຍ,1,1,1,0.888685
ຮອ້ງຂໍ ໄຊ້ແອັບ,1,1,1,0.888685
ສັນຍານຂີ້ກະຕືກ ຕືມລາຍເດືອນ ຮ້າຍປານດາຕ້າຟຼີ ໄປເຜົາຖິ້ມສາ ຢູ່ເມືອງຊະນະສົມບູນເດີ ບໍ່ເປັນຕາສະແຕກແຮງແລ້ວ ຊິຫາຢູຫາກິນພໍສ່ໍານີ້ນີ້ຕີ້ ສະຫມັກໃຊ້ລາຍເດືອນແລ້ວພໍມາໃຊ້ ປານຂໍທານໃຊ້ຍັງບໍ່ປານເສຍດາຍເງິນເດ້ ຫັກຄ່າທໍານຽມກະພໍໂພດ ສູຫັກເດືອນລະ3000 ໄປເຮັດແນວນີ້ຫວາສູເປັນຫຍັງບໍ່ພາກັນໄປຕາຍໂລດ ໃຫ້ມັນສົມຄາຫັກ3000 ແນ່ ຈັ່ງແມ່ນພັດທະນາຄັກເນາະ ແຕ່ກ່ອນ2019ເບິ່ງຢູທູບຢ້ານແຕ່ເບິດເນັດຄວາມຄົມຊັດນີ້ຍອມຮັບເລີຍໃຊ້ງານສະດວກປີ2025ໃຊ້ລາຍເດືອນ ສ່ໍາ 1g ກະບໍ່ປານ ຄົນເກົ່າກະປ່ຽນຄົນໃຫມ່ເຄື່ອງເກົ່າກະປ່ຽນເຄື່ອງໃຫມ່ ມັນເຖົ້າມັນເກົ່າກະຊ້າໄປຕາມອາຍຸ,0,0,0,1.0
ໄມ່ໄດ້ເນີດເລຍ,1,1,1,0.888685
ໃຊ້ງາຍ ສະດວກສະບາຍ ສຸດຍອດຫລາຍ,1,1,1,0.888685
ດີພໍສົມຄວນ,1,1,1,0.888685
ມ່ວນຄັບ,1,1,1,0.888685
whatsappເປັນຫຍັງນໍຮູ້ບໍ່ໄດ້ຫລີ້ນມັນຊິຕາຍແຕດຊິຂາດນີ້ນະຄວນປັບປຸງຍ່າງດວນ,0,0,0,0.522234
ເອີ້ນລົດບໍ່ໄດ້ແຍ່ສຸດໆ,0,0,0,0.985002
ໃສ່ຟິວເຕີ້ບໍ່ໄດ້,0,0,0,0.985002
ສະດວກທັນໃຈປະຢັດເວລາ,1,1,1,0.888685
ຯກຫຫຸຜິ,1,1,1,0.888685
ດີລົມນໍາກິກໄດ້ຫລາຍຄົນ555,1,1,1,0.888685
ດຮຫລາຍ,1,1,1,0.888685
5 ດາວ,1,1,1,0.888685
ເພດ,1,1,1,0.888685
ໂຫລດແອປແລ້ວເຂົ້າບໍ່ໄດ້ແກ້ໄຂໃຫ້ແດ່,0,0,0,0.985002
ເຮັດບໍ່ເປັນ,0,0,0,0.874798
ເຟສບຸກເປັນຫນຶ່ງການສື່ສານທາງດ້ານເທັກໂນໂລຢີທີ່ກ້າວຫນ້າ ແລະ ພວກເຮົາຮຽນຮູ້ມັນ,1,1,1,0.888685
ຈັກອີຫຍັງກະບໍ່ຮູ້ນ້ອງປ້ອນລະຫັດຕາມທີ່ສູນສົ່ງມາພັດມາວ່ານ້ອງປ້ອນລະຫັດບໍ່ຖືກຕ້ອງນ້ອງກະປ້ອນຕາມທີ່ສູນສົ່ງມານະແຫຼະພັດມາບັອກເບີນ້ອງອີກບໍ່ໄຫວແນວນີ້,0,0,0,1.0
ດີນະ ພັດທະນາກ້ອງຖ່າຍແດ,1,1,1,0.888685
ຮນນີຮຮຄ,1,1,1,0.888685
ຜື້ໃປຜສໃທກຝຶະພພະພພພັໃ,1,1,1,0.888685
ແກ້ໄຂດ່ວນແອບນີ້ໃຊ້ງານບໍ່ໄດ້ແທ້ ໃສ່ເບີໂທລ໊ອກອິນບໍ່ໄດ້ ບັງເທືອສົ່ງລະຫັດມາໃຫ້ແລ້ວພໍກົດລະຫັດເຂົ້າໄປບໍ່ມີເຫັນມີອີ່ຫຍັງເລີຍ ມັນບໍ່ເຫັນຊິງ່າຍຄືໂຄສະນາຢູ່ໃນພາບ ແລະ ໃນເຟສບຸກເລີຍ,0,0,0,1.0
ຢາກໃຫ້ເອັບໄດ້,1,1,1,0.888685
ສະນຸກມາກກ,1,1,1,0.888685
ນຶກສີສົມພັນ,1,1,1,0.888685
ກຶວ,1,1,1,0.888685
ໃຊ້ແລ້ວສະດວກສະບາຍ ວອງໄວ ທັນໃຈ,1,1,1,0.888685
ເຍະ,1,1,1,0.888685
ຕິດຕັ້ງຍາກໃຊ້ລໍາບາກແອັບໃຊ້ດີດີກະໄດ້ໂຫລດໃຫມ່ລະກະຕິດຕັ້ງບໍໄດ້,0,0,1,1.0
ສະດວກສະບາຍທຸກການນໍາໃຊ້ຂອງບີຊີອາວັນ,1,1,1,0.888685
ດີເຢື່ອມ,1,1,1,0.888685
ທຸກນະໂຍບາຍດີຫລາຍ ສະສົມຄະແນນເມື່ອຊື້ ໄດ້ເປີເຊັນເມື່ອຜູກທີ່ເຮົາແນະນໍາຊື້ 5 ຢາກໃຫ້ທາງເຈົ້າຂອງແອັບ ລ້າງມູນຄ່າທີ່ເປັນໂມຄະອອກ ເພື່ອເຮົາຈະໄດ້ຮູ້ຈໍານວນເງີນທີ່ຈະໄດ້ຮັບຕົວຈິງ ທ່ານໃດຕິດຕັ້ງ ຢ່າລືມເອົາລະຫັດແນະນໍາໂຕນີ້ໃສ່ເດີເຈົ້າ. ຈະໄດ້ຮັບ10 ເມື່ຶອທ່ານຊື້ເລກຫລືຕື່ມບັດ ເຂົ້າບ່ອນໂປໄຟແລ້ວໃສ່ລະຫັດນີ້ 24570563,1,1,0,0.975217
ຊາແລະເບິ່ງຫັຍງກາຄ່າງ,1,1,1,0.888685
ໃຊ້ສະດວກສະບາຍໃນການຕິດເພື່ອນຫລືຄອບຄົວ,1,1,1,0.888685
ເປັນຫຍັງຈຶ່ງຕ້ອງລັອກເບີເມື່ອຕັ້ງບໍ່ສໍາເລັດ,0,0,0,1.0
ອັບເດດແລ້ວເຕີມບໍ່ໄດ້ເຮັດແນວໃດບອກແດ່ເຕີມບັດແນວໃດ,0,0,0,0.985002
ປັບປຸງແນ່ເດີ ເດັ້ງແທ້,0,0,1,1.0
ບໍ່ໄດ້ເລື່ອງ ສັ່ງອາຫານຕ້ອງໄດ້ຖ້າອໍເດີ້ດົນ ປານນັ້ນບໍ່ຕ້ອງກິນເລີຍລະກະແລ້ວ ລະບົບການເຮັດວຽກຈັດການເວລາໂຄດຫວ່ຍ ສັ່ງເຄື່ອງຢູ່ໃກ້ໆນີ້ ປານສັ່ງຢູ່ຫລັກ16ມາຮອດວຽງຈັນ,0,0,0,0.985002
ຮັກແຮ່ງແພງລາຍ,1,1,1,0.888685
ດີຫລາຍ ຖ້າປັບປຸງ ການຄົ້ນຫາຫນັງໄດ້ຫລາຍກວ່ານີ້ຄືສິດີຫລາຍ,1,1,0,0.81386
ບອກເລີຍວ່າດີ,1,1,1,0.888685
ດີໃຊ້ງານງ່າຍສະດວກສະບາຍແຖມມີສ່ວນລົດນໍາອີກ,1,1,1,0.888685
ດີລາຍເອົາໃວລິນເກມ,1,1,1,0.888685
ນໍາໃຊ້ສະດອກດີ,1,1,1,0.888685
ເອົາບັນຫາເລກເດັດລົງຄົງຈະດີ,1,1,1,0.888685
ດີແທ້.ມີລາກຫລາຍໃຫ້ເຮັດແລ້ວຍັງມີເກມອີກ,1,1,1,0.888685
ອ້າຍລັນ,1,1,1,0.888685
ໃສດີມາກໆໆ,1,1,1,0.888685
ເອີ້ນລົດບໍ່ໄດ້ເລີຍ,0,0,0,1.0
ມີປະສິດຕິພາບດີຂື້ນ,1,1,1,0.888685
ແມ່ນຫຍັງອັບເດດສິໃສ່ເບິໂທລະສັບກະບ່ໄດ້ລະສິສັ່ງແນວໃດນໍ້ບາດນິ ແຊດຫາຢູ່ເພຈເຟດກະບ່ຕອບບບ,0,0,0,0.956258
ເຮົາບໍ່ສາມາດລົງທະບຽນໄດ້ເພາະກໍານົດເວລາໃສ່tpoບໍ່ໄດ້ເຮົາລອງຫລາຍແລ້ວຊວ່ຍແກ້ໄຂ້ແນ່ເດີ,0,0,0,0.973025
ຍາໄປແຄຄົນໄມ້ບໍຮັກ,1,1,1,0.888685
ລືມບໍ່ໄດ້ກະຕາຍໂລ້ດ.ກະໂລ້ດ ອ້າຍຂໍໂສດຮັກເຈົ້າ.ບໍ່ດີໄປອີ້ກບໍໃດ.,1,1,0,0.985002
ໃຫ້ເນັດຕື່ມອີກນອ່ຍ,1,1,1,0.888685
"ດີທີ່ສຸດ,ມັກທີ່ສຸດ",1,1,1,0.888685
ຢາກໃຫ້ທາງນັກພັດທະນາພັດທະນາແອບໃຫ້ເພີ່ມເຕີມແນ່ເດີ ເພາະວ່າລົງທະບຽນແລ້ວກາຍັງຄື້ເກົ່າບໍໄປບໍມາຍັງຖ້າອະນຸມັດອະມັດອີຫຍັງຄືວ່າສອງສາມເດືອນຍັງຄືເກົ່າ ພັດທະນາໃຫມ່ເດີແອບໂຕນີ້ ບໍ່ຜ່ານມັນບໍສະດວກຄົນລົງທະບຽນເຊີນkycເຮັດໃຫມ່ ແອບ why cryzy,0,0,0,1.0
ເມື່ອຍໃສ່ລະຫັດເປັນ1000ເທື່ອລະຍັງກັບມາຫນ້າເກົ່າກະລະງືດແຕ່ກອ່ນກະລົງໄດ້ຢູ່ປັບປຸງແດ່ເດີ້,0,0,0,1.0
ແອບໂຕຖຶກໃຈຄັກໃຊ້ວອງໄວໄດ້ໃຈ,1,1,1,0.888685
ບໍ່ໄດ້ ບໍ່ຕ້ອງຂຶ້ນ,0,0,0,0.985002
ອະປາ,1,1,1,0.888685
ຕອນຂ້ອຍຫມູນໄດ້ເງີນຂ້ອຍກົດແບ່ງປັນມັນບໍໄປຫນ້າເຝ໋ດແກ້ໄຂແນ່,0,0,0,1.0
mochaດີແທ້,1,1,1,0.888685
ມັນຜິດພາດຢາກລົງບຽນໃຫ່ມມັນບໍ່ໄດ້ລຶບແລ້ວໂຫຼດໄຫ່ມຍັງບໍ່ໄດ້ແກ່ໄຂ່ດວ່ນເດີ,0,0,0,0.985002
ຄື່ໃສ່ງານບໍໄດ້ຫວ່າ,0,0,0,0.901786
ບໍລິການໄວທັນໃຈແທ້,1,1,1,0.888685
ດາວໂຫຼດມາແລ້ວລົງທະບຽນບໍ່ໄດ້,0,0,0,0.985002
ຊື້ນເລດ,1,1,1,0.888685
ໃຫ້ດີແນ່ເດີ້,1,1,0,0.572924
ເຮົາໃຊ້ຫລັກ9ກໍສາມາດແຊດຟີໄດ້ແຕ່ໂທບໍ່ໄດ້ສາມາດເຮັດໃຫ້ຄົນບໍ່ມີເງິນເຕີມບັດສະດວກອີກຫນ່ອຍ,1,1,0,0.800317
"ຊສາສ,",1,1,1,0.888685
ຫວ່ຍເກີນ3ຊົ່ງໂມງກາບໍໄດ້ກິນ ຍົກເລີກກາບໍໄດ້,0,0,0,0.955309
ສິລອງເບິ່ງ,1,1,1,0.888685
ມູນດ້ນຫ່ກສ່ຮ,1,1,1,0.888685
ເປີດແອັບ,1,1,1,0.888685
ດີຢ່ຽມທັນໂລກ,1,1,1,0.888685
ໂຫລດມາແລ້ວລົວທະບຽນສໍາເລັ້ດແລ້ວຄືບໍ່ໄດ້ຮັບດ້າຕ້າ10gbເລີຍໃຊ້ວ່າໂຫລດມື້ນີ້ຊິໄດ້ຮັບບໍ່ເຫັນຊິໄດ້,0,0,0,0.985002
ແປກໃຈກົດທົງລະບຽນດ້ວຍເບີພັດບໍ່ສົ່ງລະຫັດລັອກອິນໃຫ້,0,0,0,0.874798
ໃຫ້ເງີນເນັດຫລາຍໆແນ່ເດີ,1,1,0,0.522234
ອັພເດດໃຫມ່ເປັນຫຍັງຄືຕ້ອງຂໍສິດເຂົ້າເຖິ່ງໄມໂຄໂຟນ. ອັພກ່ຽວກັບທະນາຄານບໍ່ຈະເປັນຕ້ອງໃຊ້ສິດນີ້,0,0,0,1.0
ມີໄຊ,1,1,1,0.888685
ອັບເດດຕະຫລອດ,0,0,0,0.929163
ມັກຫລາຍໄຊ້ດີ,1,1,1,0.888685
ແອບແຊັດ ເຟດ,1,1,1,0.888685
ສຸດຍອດຄວາມແພງ,1,1,1,0.888685
ຂັອຍກໍາລັງຮຽນໃຊັສະນັ້ນຂັອຍຈິງບໍ່ມີປະສົບການຫລາຍແຕ່ວ່າໃນການໃຊັແອບນີ້ຂັອຍວ່າດີບໍ່ວ່າການໃຫັບໍ່ລິການແລະອື່ນໆກໍ່ຖືວ່າດີເນາະສະເພາະຂັອຍໄດັໃຊທີຜ່ານມານີ້.,1,1,1,1.0
ເປັນເມືອງທ່ອງທ່ຽວປະຫວັດສາດວຽງໄຊແຂວງວຽງຈັນຈັບຢູ່ຄໍາມ່ວນແຂວງຈໍາປາສັກແລ້ວຈະໄດ້ມີຂຶ້ນທ່າມການຄ້າຕ່າງກັນຄືແນວໃດການສຶກສາຊັ້ນປະຖົມໃຫ້ເອົາໃຈໃສ່ສຶກສາອົບແຫ້ງໄປຈູດເຜົາເຮືອນທີ່ຄົບຢູ່ໃນປີມີຄວາມຫມາຍແນວໃດຕ່າງກັນຄືແນວໃດການສຶກສາຊັ້ນປະຖົມໃຫ້ເອົາໃຈໃສ່ສຶກສາອົບແຫ້ງໄປຈູດເຜົາເຮືອນທີ່ຄົບຢູ່ໃນປີມີຄວາມຫມາຍແນວໃດຕ່າງກັນຄືແນວໃດການສຶກສາຊັ້ນປະຖົມໃຫ້ເອົາໃຈໃສ່ສຶກສາອົບແຫ້ງໄປຈູດເຜົາເຮືອນທີ່ຄົບຢູ່ໃນປີມີຄວາມຫມາຍແນວໃດຕ່າງກັນຄືແນວໃດການສຶກສາຊັ້ນປະຖົມໃຫ້ເອົາໃຈໃສ່ສຶກສາອົບແຫ້ງໄປຈູດເຜົາ,1,1,1,0.888685
ອັນໃດບໍ່ໄດ້,0,0,0,0.985002
ດີແຮງມັກເບິດໃຈ,1,1,1,0.888685
ແບບເກົ່າຍັງດີກວ່າເວີຊັ່ນໃຫມ່ໂຄດກາກ,0,0,0,1.0
ແອັບລາວຕາຍ ຫມູນຖືກແຕ່ຜີ,0,0,1,0.888685
ຄ້ຈືຍຊ້,1,1,1,0.888685
ເຈີຍໃນ,1,1,1,0.888685
ຫນ້າແອັບໂຊກໄຊຄືບໍ່ບອ່ນຊໍາລະດວ້ຍຄະແນນຄືເກົ່າຄະແນນສະສົມເຮົາມີຫລາຍແຕ່ຕື່ມບັດດວ້ຍຄະແນນຫລືຊໍາລະຄ່າດວ້ຍຄະແນນກະບໍ່ໄດ້ຄືເກົ່າເປັນແນວໄດ໋ປັບປຸງແນ່ເດີ,0,0,0,1.0
ໄຊີທີ່ສຸດ,1,1,1,0.888685
ສຸດຍອດບໍລິການວອ່ງໄວທັນໃຈ,1,1,1,0.888685
ເຮຄ,1,1,1,0.888685
ວັນແກ້ວ,1,1,1,0.78361
ມັນບໍ່ມີອັນແທັກ,1,1,0,0.874798
ຕອນນີ່ອັບເອດແລ້ວເຂົ້າແອບບໍ່ໄດ້ ປັບປຸ້ງໃຫມ່ແນ່,0,0,0,1.0
ຂອງດີ.,1,1,1,0.888685
ເປັນການສື່ສານທີ່ດີ,1,1,1,0.888685
ສົນໄຈມາກຄະ,1,1,1,0.888685
ມາຫມ້າ,1,1,1,0.888685
"ຢ່າລໍຄວາມພອ້ມລົງມືທໍາເລີຍ, .",1,1,1,0.888685
ແອັບເຂົ້າບໍ່ໄດ້ ລະບົບຊ້າແຮງ,0,0,0,0.985002
ຂໍໄຫ້ຕິດງ່າຍໂທທຸກຄັ້ງປັບປຸງອຶກນິດສິຄອມເມັ້ນ5ດາວໄຫ້,1,1,0,0.81386
ໂຫລດໃຫ້ໄດ້ນໍາເດີ,1,1,0,0.602147
ບັນຊີລົບບໍ່ໄດ້,0,0,0,0.985002
ບໍ່ໄດ້ເລື່ອງ ແຮງປັບປຸງແຮງເຂົ້າບໍ່ໄດ້,0,0,0,0.985002
ດີງ່າຍຕໍ່ການຕິດຕາມພັດສະດຸ,1,1,1,0.888685
ດີ ເລີດ,1,1,1,0.888685
ດີເຂົ້າ,1,1,0,0.904519
ແມ່ມືງເອີຍລົງທະບຽນບໍ່ໄດ້ໃສ່ເບີມັນຂຽນວ່າເບີບໍ່ຖືກຕ້ອງປັບໃຫມ່ແດ່,0,0,0,0.985002
ແອບບໍສົມບູນແບບ,0,0,1,0.888685
ຢ່ກລ້ວາມ,1,1,1,0.888685
ສະບາຍບໍ່ມີເນັດກະຫລີ້ນໄດ້,1,1,0,0.84533
ອັບເດດບໍ່ເຫັນມີຫຍັງດີຂຶ້ນອັບເດດດຸຕາຍແທ້,0,0,0,0.874798
ເຮັດດີແລ້ວ,1,1,1,0.888685
ສັ່ງງ່າຍໆ,1,1,1,0.888685
ສໍາລັບຂ້ອຍຖືວ່າດີ ພັດທະນາຕໍ່ໄປ,1,1,1,0.888685
ໃຊ້ແອັບນີມາຍອມຮັບວ່າສະດວກສະບາຍໃຊ້ຕິດຕໍ່ຫຍັງກະງ່າຍຂື້ນ,1,1,0,1.0
ທັນໃຈຢ່າງວ່ອງໄວ,1,1,1,0.888685
ດີແບບຄວຍ,1,1,1,0.888685
ຫລື້ນມວ່ນຫລາບ,1,1,1,0.888685
ໃຊ້ໄດ້ດີວອ່ງໄວໄດ້ໃຈ,1,1,1,0.888685
ເວົ້າໄດ້,1,1,1,0.888685
ສັນຍານດີບໍມີສະດຸດ,1,1,1,1.0
ບໍ່ລິການໄວມາກກກ,1,1,0,0.874798
ດີຫລາຍແອັບນີ້.ບໍ່ມີເນັດ.ກະຊ່ວຍໄດ້,1,1,0,0.874798
ມີລະບົບສະແກນລາຍນີວມືເພື່ອ login ແຕ່ບໍ່ສາມາດໃຊ້ງານໃດ ຖ້າລະບົບສົມບູນລະຈະໃຊ້ເດີ,0,0,1,0.626479
ສຸດຍ່ອເລຍ,1,1,1,0.888685
ຊ່ວຍແກ້ໄຂໄວໆແນ້ໄດ້ບໍ ໂທຟີຮກະບໍ່ໄດ້ຫລີ້ນເກມສັ້ນເອົາເງິນກະແຊອອກບໍ່ໄດ້ຖ້າບໍ່ມີເງິນເນັດ ອັບເດດໄຫມແນ້ຊ່ວຍແກ້ໄຂໃຫ້ເປັນແບບເດີມດີກວ່າເປັນແບບນີ້ຊໍາ,0,0,0,0.985002
ແກ້ໄຂແນ່ແອປນີ້ເຂົ້າບໍ່ໄດ້ ດ່ວນ ແກ້ໄຂ່ດ່ວນແອັບນີ້ເຂົ້າລະເດັ່ງອອກ,0,0,0,1.0
ບໍ່ມີຟັງຊັ້ນສະຫມັກ mastercard ຄືຂອງຄົນອື່ນ ຍ້ອນຫຍັງ?,0,0,0,0.874798
ທີບໍ່ຮູ້ຈັກ,1,1,0,0.686142
ວະບາຍເປັນຫຍັງຄືເຂົ້າບໍ່ໄດ້ນໍປັງປຸງແດ່ເດີເຂົ້າລະເດັງອອກຕະຫລອດ,0,0,0,0.985002
ຂໍພຽງຄວາມຊື່ສັດຊື່ຕົງໂປງໃສກໍດີແລ້ວ,1,1,1,0.888685
ແຟດ,1,1,1,0.888685
ໂອນເງິນອອກຈາກແອບໄປໃສ່ເບີບ່ໄດ້ແກ້ແນ່ເດີ,0,0,0,0.984982
ມີເຫດພົນ,1,1,1,0.888685
ໃຊ້ໂຄດດີເລີຍ,1,1,1,0.888685
ສະແກນຈ່າຍບໍ່ໄດ້ຕະຫລອດ,0,0,1,1.0
ພໍໃຊ້ໄດ້,1,1,1,0.888685
ຂໍສືກສາທາງເຕັກນິກເພີ້ມເຕີມ,1,1,1,0.888685
ທະນາຄານມືຖືຂອງຢູນິເທວ ໃຊ້ໂອນຜ່ານ4ຊ່ອງທາງໄດ້ແລ້ວ,1,1,1,0.888685
ບໍ່ຄ່ອຍດີປານໃດ,0,0,0,0.874798
ໃຊ້ງານດີແທ້,1,1,1,0.888685
ດີໃຈແຕກໍເສຍເງິນລາຍ,1,1,1,0.888685
ຮາໆ,1,1,1,0.888685
ຂໍໂລກໃຫ້ໄດ້,1,1,1,0.888685
ໂຄດດີເລີຍ,1,1,1,0.888685
ຮັບອໍເດີຊ້າ,0,0,1,0.888685
ຜູ້ເຂົ້າຊົມ,1,1,1,1.0
ເສີ່ຍແງ່ນ,1,1,1,0.888685
ເຕົາເອີລາວໂລ,1,1,1,0.888685
ແອັບນີ້ໃຊ້ດີຫຼາຍ ສໍາລັບໃຜທີ່ຕິດຕັ້ງໃຫມ່ ນີ້ແມ່ນລະຫັດຜູ້ແນະນໍາເນີ78360449,1,1,1,1.0
ບ່າວມົ້ງລີ,1,1,1,0.888685
ເປັນຕາຍຫຍັງກະບໍ່ຮູ້ບໍ່ມັກຮັບລູກຄ້າ,0,0,0,1.0
ບໍ່ມີເງິນຝາກ555,1,1,0,0.874798
ໃຊ້ສະດວກກວ່າເກົາ,1,1,1,0.888685
ໃຈາທີ່ສາ້ງແອບນີ້ຂື່ນມາ,1,1,1,0.888685
ຈະເປັນຄົນດີໃຫ້ພວກທ່ານນະ,1,1,1,0.888685
ແພັກເກດນາທີໂທມັກມີບັນຫາຄືເວລາຕັ້ງນາທີໂທຕັດເງີນໄປແລ້ວແຕ່ຈໍານວນນາທີບໍຂື້ນ,0,0,0,1.0
ເຂົ້າລະເດັງອອກກັບມາຫນ້າotp,0,0,0,0.904519
ມັນກະໃຊ້ງານງາຍໆພຽງແຕ່ຕ້ອງໃຈເຍັນໄຊ່ໃຈໄນການອ່ານຂໍ້ຄວາມທີສູນສົ່ງມາເບິ່ງລາຍລະອຽດຂັນຕອນຕ່າງໆແລະກະເຮັດໄຫ້ຄົບທຸກວີທີທີ່ສູນໄຫ້ເຮັດມັນກະໄດ້ສໍາເຮັດດ້ວຍດີບໍ່ແມ່ນເອົາແຕ່ອາລົມໂຕເອງເຊັນຕອນໄຫ້ໄຊ່ເຂົ້າແອັບຕ້ອງໄຊ່ເບີໂທຂື້ນກ່ອນຕ້ອງ20ບໍ່ແມ່ນ020ຂ້ອຍແອັບນີ້ດີແຕ່ຕ້ອງປັບປຸງເລືອງການໃຊ້ງານໄຫ້ດີກວ່າຫນີ້ແລະໄຫ້ມັນຫຼາກຫຼາຍໄນການໃຊ້ງານອື້ນໆ,1,1,1,1.0
ໂທທາງແມັກເຊັ່ນເຈິມັນສະດຸດ,1,1,1,0.888685
ເຂົ້າ ໂຫລດແອັບບໍໄດ້,0,0,0,0.904519
ດີຫລາຍທັນໃຈວອງໄວ,1,1,1,0.888685
ຢູ່ທີ່ສ ປປ ລາວ,1,1,1,0.888685
ແອັບເມື່ອອອກຈາກລະບົບແລ້ວເຂົ້າກະບໍ່ໄດ້ເລີຍຖ້າບໍ່ມີເນັດ,0,0,0,1.0
ດີມາກແຕາຊ້ານ້ອຍນຶ່ງ,1,1,1,0.888685
ແອັບນີ້ດີລາຍ,1,1,1,0.888685
ໄຊ້ໄດ້ດີແລະພໍໃຈທີ່ໄດ້ບໍລິການ,1,1,1,0.888685
ຖາວອນ ຂອບໃຈສໍາລັບທຸກການພັດທະນາຂອງທ່ານ.,1,1,1,0.888685
ບໍ່ເຫັນມີວົງລໍ້,0,0,0,0.874798
ລະບົບມັກຂັດຂ້ອງໂພດ,0,0,0,0.910731
ໄວ້ຂໍເບີສາວ,1,1,1,0.888685
ແອັບໂຄດບໍ່ດີ່ສັ່ງ1ໄດສອງເກືອບບໍ່ມີເງິນຈ່າຍເນາະໄຮເດີ້ກະຫິວເງິນ,0,0,0,0.874798
ຄັກແຮງໃຊ້ງ່າຍສະດວກສະບາຍ,1,1,1,0.888685
ອິນບອກບໍ່ໄດ້,0,0,0,0.985002
ເຮົາໂອນເງີນໃຫ້ອ້າຍ5000ໂອນແລ້ວເງີນບໍ່ເຂົ້າແຖມເຮົາຍັງເສຍເງີນນໍາ,0,0,0,0.522234
ສຸດຍ້ອດເລີຍ,1,1,1,0.888685
ກວດສອບແນ່ຕື້ມບັດບໍ່ໃດ້,0,0,0,0.572924
ສັນລຸ້ນໂຊກແລ້ວບໍໄດ້ຍັງຖືກແຕ່ຂໍຂອບໃຈຝາກແກ້ດ່ວນ,0,0,0,0.955309
ສັ່ງທຸກຄັ້ງ ມີປັນຫາທຸກຄັ້ງ ເຫນື່ອຍຍຍ,0,0,0,0.876619
ຂອ້ບໃຈ,1,1,1,0.888685
ມັກເກມກອບ,1,1,1,0.888685
ເອອເຕຮ່ຍ,1,1,1,0.888685
ຕອ້ງການຕອນນີ້,1,1,1,0.888685
ທີ່ງ,1,1,1,0.888685
ດີຫລາຍແອັບນີ້ ຕັ້ງເງິນເນັດກະໄດ້ຄູນ2,1,1,1,1.0
ຕຸ້ຍນ້ອຍ.ພູມມີຈິດ,1,1,1,0.888685
ສະດວກສະບານ,1,1,1,0.888685
ຕ້ອງການພາສາລາວ,1,1,1,0.888685
ຈາກມ,1,1,1,0.888685
ໃຊ້ດີຫລາຍໆ,1,1,1,0.888685
ທັງຫມົດເລີຍ,1,1,1,0.888685
ຢາກໄດ້ເວີຊັ້ນໃຫ່ມ,1,1,1,0.888685
ອັບເດດໃຫມ່ແລ້ວບອກເຊີນມູເຊີນແລ້ວມຸນຕໍ່ບໍໄດ້ບອກຫວ່າທ່ານປະຕິບໍ່ສໍາເລັດ ແກ້ໄຂກວນໆ ແມ໋ງເສຍເນັດກູຊື່ໆອຸສາອັບເດດໃຫມ່ຄິດຫວ່າມັນຊິດີກວ່າເກົາສຸດທ້າຍກະຄືເກົ່າ.ຄວາຍ,0,0,0,1.0
ນັງໂປໍຈີນ,1,1,1,0.888685
ໃຊ້ບໍລິການດີ ຝາກຮຸ່ງອາລຸນ ຂົນສົ່ງຕະຫຼອດ,1,1,1,0.676489
ຕົ້ນ,1,1,1,0.888685
ນີພອນ,1,1,1,0.888685
ຢາກເຟສບຸກອັປເດທມີພາສາລາວໃນແອັປ,1,1,1,0.888685
ທັນສະໄຫມຂື້ນແລ້ວ,1,1,1,0.888685
ໄດ້ແລ້ວ,1,1,1,0.888685
ໃຊ້ຍາກພິມເບີໃສ່ຄືວ່າບໍ່ຖືກຕ້ອງ,0,0,0,0.874798
ມັນສຸດຍອດອີຫລີ,1,1,1,0.888685
ປອດພັຍ,1,1,1,0.888685
ໂຄດຍາກເຂົ້າກະຍາກບໍ່ໄດ້ຊ້ໍາບາງທີ່,0,0,0,0.985002
ແອຟດີຫລາຍ,1,1,1,0.888685
ສຸດຍອດເລີຍຈາ,1,1,1,0.888685
ໃຊ້ດີ ສະດຸດເລັກນ່ອຍແຕ່ກະຖືວ່າໂອເຄຢູ່,1,1,0,0.940264
ຢາກກິນເຂົ້າປຽກຖ້ວຍ 18.000ກີບ ຕ້ອງໄດ້ຈ່າຍ 30.000 ບ້າໄປແລ້ວ ຄ່າສົ່ງແພງເກີນນ,0,0,1,0.646605
ສັ່ງອາຫານແລະບໍ່ສົ່ງລະຫັດມາໃຫ້ຈັກເທື່ອເຮັດໄປເພື່ອສັ່ງລະບໍ່ໄດ້ຫຍັງເສຍເວລາ,0,0,0,1.0
ເອົາໄປ5ດາວ,1,1,1,0.888685
ໃສ່ໄດ້,1,1,1,0.888685
ໄດ້ປະສົບການໃຫມ່ໆ,1,1,1,0.888685
ໂອໂຫ,1,1,1,0.888685
ປັບປຸງດ່ວນເດີ,0,0,0,0.81386
ໃຊ້ງ່າຍ ແລະ ຊື້ເລກກໍ່ໄດ້,1,1,1,0.888685
ເປັນຫຍັງຕອນນີ້ ໃຊ້ງານບໍ່ໄດ້,0,0,0,0.978682
"ເປັນແອັບທີ່ດີ, ຊ່ວຍອໍານວຍຄວາມສະດວກໃນການເດີນທາງພາຍໃນ ນະຄອນຫຼວງວຽງຈັນ,",1,1,1,0.888685
ຈ່າລະ,1,1,1,0.888685
ຈຮາ,1,1,1,0.888685
ໃຊ້ດີໆໆ,1,1,1,0.888685
ໃຫ້ເປັນທີ່ຮູ້ຈັກຂອງຄົນລາວ,1,1,0,0.686142
ເຊີນຫມູ່ບໍໄປໄດ້ມັນບອກວ່າເກີດຂໍຜິດພາດ ແກ້ໃຫ້ນ້ອຍ ຂໍຂອບໃຈ,1,1,1,0.78361
ປຮໍາສໍານໍາ,1,1,1,0.888685
ດິ ດີ,1,1,1,0.888685
ທັນສະໄຫມທັນໃຈ,1,1,1,0.888685
ມັນໃສງ່າຍດີ,1,1,1,0.888685
ອັບເດດແລ້ວຫລີ້ນຍັງບໍ່ໄດ້,0,0,0,0.985002
ໄຊດີຫຼາຍ,1,1,1,0.888685
5ດາວສົງໄປ,1,1,1,0.888685
ເອົາເປັນເຟດເກົາໄດ້ບໍ,1,1,1,0.888685
ດີຈັງເລີຍ,1,1,1,0.888685
ໃວນຸຜປູດູ ຝາກດ່າລວມ. ລ ຂ,1,1,1,0.888685
ເປັນແອັບທີ່ເຮົາໃຊ້ປະຈໍາວັນ,1,1,1,0.888685
ແຕ່ກອນມັນກະດີແລ້ວແຕ່ດງວນີອັບເດດໃຫມ່ມັນບໍໄດ້ຫຍັງເລີຍ,0,0,0,1.0
ກະດີຢູ່ແຕ່ຢາກໃຫ້ເຟສສາມາດເບີ່ງຮູບໄດ້ຄືເກົ່າເວລາເມີດເງີນ,1,1,1,1.0
ຖາວອນ .,1,1,1,0.888685
ຄັກຢູ່ ແຕ່ໃຫ້ອັບເດດດຸໂພດ,1,1,0,0.975217
ຫາູສິຍູ,1,1,1,0.888685
ພູມໄຈຫລາຍ,1,1,1,0.888685
ຈໄຈ,1,1,1,0.888685
ອິນເຕີເນັດຊ້າຫຼາຍ,0,0,1,0.888685
ອັບເດດໃຫມ່ບໍ່ຄັດເລີຍເຂົ້າແອບຍາກເກີນ,0,0,0,0.874798
ດີໃຈທີ່ໄດ້ຮັບຜົນ,1,1,1,0.888685
ໃຊ້ງານສະດວກ,1,1,1,0.888685
ຂໍໄຫດີແດ,1,1,1,0.888685
ໂລດມາສັນມື້ທໍາອິດລົງເຟສໄດ້ສັນມື້ຕໍ່ມາແມ່ນລົງບໍ່ໄດ້ຄັນແນວນີ້ຈັກຊິພະລິດແອັບເພືອຫຍັງບໍ່ເຂົ້າໃຈເລີຍ,0,0,0,1.0
ດີ ແຕ່ມື້ນີ້ເຂົ້າແອັບບໍ່ໄດ້ເລີຍ,1,1,0,1.0
ມັກມາກ,1,1,1,0.888685
ບໍ່ຂໍໃຫ້ດາວແອັບຊ້າແຮງ ຖ້າຂໍ້ຄວາມດົນແຮງ ໃຜທີ່ຄິດສິລົ່ງແອັບໂຕນິຜິດຫວັງ100 ຊ້າແຮງບໍ່ໄຫວ,0,0,0,0.874798
ແອບນີ້ໃສ້ດີມາກສຸດຍອດ,1,1,1,0.888685
ໃຊ້ການສື່ສານດີເກີນຄາ,1,1,1,0.888685
ດີຫາຼຍແອັບຕົວນີ້,1,1,1,0.888685
ມັກ ຖືກໄຈສຸດ.,1,1,1,0.888685
ເປັນແອັບທີ່ໃຊ້ດີຫລາຍ,1,1,1,0.888685
ໃສ່ເພລງກະບໍ່ໄດ້,0,0,0,0.985002
ດີໄຊ້ໄດ້ແລ້ວ,1,1,1,0.888685
ປັບໃຫ້ແດ່ ຮູບທີ່ຫມູ່ສົ່ງໃຫ້ມັນບໍ່ເຂົ້າເຄື່ອງ ບໍ່ຮູ້ວ່າເປັນຍ້ອນຫຍັງ,0,0,0,0.874798
ຫຼິ້ນເກມຊະນະແລ້ວບໍ່ເຫັນຊິໄດ້ເງິນ ຫຼອກລວງຜູ້ບໍລິໂພກ,0,0,0,0.874798
ຍາມເຂົານອນລະສົ່ງລະຫັດມາແມ່ມັນຍັງບາດກູລົງລະບຽນຄືບໍ່ສົ່ງລະຫັດມາໃຫ້ ລົບກວນເວລາເຂົານອນລະລາສົ່ງລະຫັດມາແຕ່ຕອນ3ໂມງເຊົ້າສົ່ງມາເພືອຫຍັງ,0,0,0,0.874798
ອັບເດດບໍ່ໄດ້ປັບປຸງແນ່,0,0,0,1.0
ດີຈັງ,1,1,1,0.888685
ປອດໄຟວອງໄວຕ້ອງ lvb digibank,1,1,1,0.888685
ເບີ່ງstory ບໍ່ໃດ້ແມ່ນເປັນຫຍັງແກ້ໄຂດ່ວນ,0,0,0,0.874798
ຂອບໃຈຄົນລາວທຸກຄົນfcເລີຍ,1,1,1,0.888685
ໂຄດກາກເລີຍແອັບນີ້ ທັກຫາເຂົາແຕ່ມື້ວານຈົນປານນີ້ກະຍັງບໍ່ຕອບ ຍ່າໂລດມາຫລີ້ນເດີສູກາກໂພດແອັບຮ່ານິ,0,0,0,1.0
ໂທບໍ່ໃດ້,1,1,0,0.874798
ບໍ່ສາມາດເຕີມເນັດ10.000ໄດ້,0,0,0,0.874798
ໃຊ້ງ່າຍສະດວກສະບາຍວອ່ງໄວທັຮໃຈ,1,1,1,0.888685
ຫມູນວົງລໍ້ບໍ່ເຄີຍໄດ້ລາງວັນ ມີແຕ່ຖືກບັງເພັງຮ່ວມກັນທຸກຄັ້ງແລ້ວຈະໃຫ້ຫມູນເພື່ອ?,0,0,0,0.874798
ແອບໂຄດກາກ,0,0,0,1.0
ເວີຊັ່ນໃຫມ່ນີ້ແທ້ບອກເລີຍວ່າບໍ່ເຂົ້າໃຈຫຼິ້ນ.!ງົງຫລາຍ,0,0,0,0.874798
ຕ້ອງການເປີດໄຊ,1,1,1,0.888685
ດີຫາຍງດີໆ111,1,1,1,0.888685
ແອບຫາແດກໂຫລດມາເສີຍເງີນຫລາໆ ຕັ້ງບໍ່ໄດ້ເຮັດມາເພື່ອ.ຄວຍ,0,0,0,1.0
ຮັກໃນສິ່ງທີເປັນ,1,1,1,0.888685
ສຸດຍອດໆ,1,1,1,0.888685
ບໍ່ມີຄວາມກ້າວຫນ້າເລີຍຍາມເລີກໍ່ຖືກອັບເດດສະຖານນະຄັນບໍ່ກໍຖືກຟັງເພງຮ່ວມກັນບໍ່ໄດ້ຖືກເງິນຈັກເທື່ອຜິດຫັວງກັບແອບນີ້,0,0,0,0.994453
ຊິນຮີມ ຊອກພວກເຂົາເຈົ້າ ສຶກສາເຟີ່ມເຕີມ ນບບາລ ຮບ ພາຍໃນ,1,1,1,0.888685
ຄໍາເຫນືອງພົມະນີ,1,1,1,0.888685
ຊວຍງາມ,1,1,1,0.888685
ແບ່ງປັນບໍໄດ້,0,0,0,0.686142
ຫມຸນຖືກເງີນແນັດແບ່ງປັນບໍ່ໄດ້ເລີຍຄວນປັບປຸງແດ່,0,0,0,1.0
ປ່ຽນພາສາບໍ່ໄດ້,0,0,0,0.985002
ໄຊທອງ,1,1,1,0.888685
ມັກຫລາຍຍຍ,1,1,1,0.888685
ຢາກມີເພືອນ,1,1,1,0.888685
ໃຊ້ງ່າຍ ປອດໄພ ຈະສົ່ງຂໍ້ຄວາມ ຫຼື ຈະໂທ ວິດີໂອ ຄວາມໃກ້ສິດ ທີ່ສະດວກ.,1,1,1,0.676489
ໄຫ້ອັບເດັດຕະຫຼອດ,1,1,0,0.686142
ສູນຂັ້ນທີ່ເຕ່ງ,1,1,1,0.888685
ຊອກຫາເພືີ່ອນໃນແອັບນີ້ກໍ່ສະດວກແລະສີ່ງໆໃຫມ່ໆ,1,1,1,0.888685
ບໍລິການດີເລີດໃນການບໍລິການດ້ານທະນາຄາຍ,1,1,1,0.795422
ມໍສາມ,1,1,1,0.888685
ເປັນຫຍັງຕ້ອງບັງຄັບໂຫລດ ?,0,0,0,0.787977
ມັກແອບນີ້,1,1,1,0.888685
ໂຫລດມາແລ້ວແຕ່ເຂົາແອັບບໍ່ໄດ້ຫຍັງຢູ່ນາລອ໋ກນິ,0,0,0,0.985002
0ດາວກະບໍ່ໄດ້ ໃຊ້ຍາກ ສະແກນກະບໍ່ໄດ້ບາດໂອນໄດ້ບາດໂອນບໍ່ໄດ້ມີບັນຫາຫລາຍຢ່າງ,0,0,0,0.985002
ອັບເດດໃຫມ່ລະເຂົ້າບໍ່ໄດ້,0,0,0,0.985002
ອັບເດດມາໃຊ້ງານລໍາບາກຫລາຍເຂົ້າກະບໍ່ໄດ້ຢາກຈ່າຍເງີນຄ່າສີນຄ້າກະບໍ່ມີຈ່າຍ ຢາກສູນເດະ,0,0,0,0.985002
ຫນຸນບໍໄດ້ອີກແລ້ວໃຫ້ແຕ່ເຊີນເພື້ອນແກ້ໄຂແດ່,0,0,0,0.686142
ເຫັນວ່າມັນມີຄົ້ນຄ່າເພາະຊວ່ຍເຮົາໄດ້ທຸກຢ່າງ,1,1,1,0.888685
ບໍ່ຕ້ອງໂຫລດເດີ້ລົງທະບຽນບໍ່ໄດ້ດອກແມ່ມັນນີ້ປານນັ້ນວ່າລົງທະບຽນຜ່ານແອບນີ້ກະໄດ້ຮູຂີ້ກູນີ້,0,0,0,0.985002
ຟໂຈ,1,1,1,0.888685
ພັດທະນາຂື້ນໄດ້ດີຫລາຍສະແກນການຄ້າໄດ້ແບບສະບາຍສຸດຍອດ,1,1,1,0.888685
ງາມດີ,1,1,1,0.888685
ເຄຄັກສຸດ,1,1,1,0.888685
ເປັນຫຍັງຂ້ອຍຕັ້ງລາຍຊື່ແອບບໍ່ໄດ້,1,1,0,1.0
ເກົ່າ,1,1,0,0.741557
ອີສີ,1,1,1,0.888685
ແອັບມັນຄືເຂົ້າບໍ່ໄດ້,0,0,0,0.985002
ທ.ກອງມະນີ.,1,1,1,0.888685
ຄືຫລັກມື້ວານນີ້ກະໃດ້150bataກະໃຫ້ບໍ່ໃດ້ອີກມື້ນີ້ມູນຖູກ100 ກັບ200.ກະບໍາໃຫ້ນີ້ຫວະຊໍານີ້ກະເຮັດນໍາລູກຂ່າລົບຖິມດີກ່ວາເປືອງເນັດລ່າງໆ.ສົນຕີນ.,0,0,0,0.874798
update ແລ້ວເຂົ້າລະບົບ ແລ້ວ ມີແຕ່ ເດັ່ງ ອອກ ເປັນແບບນີ້ທຸກເທື່ອເລີຍ,0,0,0,0.904519
ດອນແສງວິໄລ,1,1,1,0.888685
ບອກຕາຍແຕ່ອັບເດດ ທຸກມື້ ໂພດໂພແທະ,0,0,0,0.862266
ຢາກຫົວ,1,1,1,0.888685
ເຈີແຕ່ເດັກນັກຮຽນຕິດເກມມາຕົວະເຕິມເນັດ,0,0,1,0.888685
ໂຫຼດແລ້ວລົງທະບຽນບໍ່ໄດ້,0,0,0,0.985002
ໃຊ້ດີມາກຄ່ະ,1,1,1,0.888685
ຄວນມີພາສາລາວແນ່,1,1,0,0.572924
ຖ້າສາມາດໃຊ້ກັບ app true wallet ໄດ້ກະຄົງຈະດີ ພັດທະນາຕໍ່ໄປເດີ,1,1,1,0.888685
ໃຊ້ຍາກໂພດ,0,0,1,0.888685
ອັບເດດແລ້ວບໍ່ດີຄືໂຕເດີນ,0,0,0,0.874798
ເຄເຕ,1,1,1,0.888685
ຄົບຈົບຢູ່ໃນແອັບດຽວ,1,1,1,0.888685
ໃຊ້ດີສະດອກໃນການໂອນ,1,1,1,0.888685
ຢາກໃຫ້ໃຊ້ໂອນຕ່າງທະນາຄານໃດ້,1,1,1,0.888685
ຍິນດີຕ້ອນຮັບ,1,1,1,0.888685
ຮັກເດີ whatsapp,1,1,1,0.888685
ໂລດແອບຫ້ອຍເທື່ອກະຍັງເຂົ້າບໍ່ໄດ້ ອາລົມເສຍສຸດ,0,0,0,0.985002
ແກ້ໄຂ້ໃຫ້ແນ່ປັ່ນຈົນຈໍາຝາກະແຕ໋ະຍັງບໍ່ໄດ້ພໍດາຕ້າ,0,0,0,0.973025
ສະດວກແຮງ,1,1,1,0.888685
ຂອບໄຈນໍາທຸກທານທີຊວຍໄດ້ຮູ້ໄດ້ເຫັນ,1,1,1,0.888685
ເນັສຊ້າ,1,1,1,0.888685
ແມງກ້ສບິ່ມ,1,1,1,0.888685
ວັນເກີດ,1,1,1,0.888685
ໃຫ້ອັບເດດແດ່,1,1,1,1.0
ຫມຸນໃດ້ແຕ່ແຊບໍ່ໃດ້,0,0,0,0.874798
ລັດສະຫນີ,1,1,1,0.888685
ແອບກາກໆເຂົ້າລະເດັ້ງອອກຢູ່.ງຶດ,0,0,0,1.0
ດີແທ້,1,1,1,0.888685
ໃສໄດ້ງາຍ,1,1,1,0.888685
ຍີນຕອນຮັບສູ່ໂລກອານາຄົດ,1,1,1,0.888685
ໃຊ້ເບີບໍໄດ້,0,0,0,0.955309
ໂຄດກາກ ຊ້າກະຊ້າ ລະບົບມີບັນຫາຕະຫລອດ ຕັດເງິນກະລື່ນເພີ່ນເດືອນ10ພັນ,0,0,0,1.0
ອັບ,1,1,1,0.888685
ຊຶໂທຍ,1,1,1,0.888685
ເອີ້ນລົດໂຄດຍາກ ປັບປຸງທັດສະນະພະນັກງານແນ່ ໃຫ້ເອົາໃຈໃສ່ກວ່ານີ້ ຫຼື ເປັນເພາະລະບົບຂອງແອັບ ຄວນປະຊຸມສະເຫນີແກ້ໄຂໃຫ້ຫົວຫນ້າອົງກອນຮັບຊາບນໍາ,0,0,0,1.0
ແອັບໂລດແອັບຍາກ,0,0,1,0.888685
ພອນຄໍາ,1,1,1,0.888685
ດີແລະໃຫ້ເນັດຟຮີ,1,1,1,0.888685
ເພື່ອແຊັທ,1,1,1,0.888685
ລົງທະບຽນເບີໂທລະສັບບໍ່ໄດ້,0,0,0,0.985002
ໃຜທີ່ໃຊ້ງານໄຫ່ມແມ່ນຍ່າລືມໃສ່ເລກແນະນໍານີ້ເດີ52280019,1,1,1,0.888685
ຮັກເລີຍ,1,1,1,0.888685
ຮັກເດີ້ທຮ,1,1,1,0.888685
ເຊັກເຄື່ອງບໍ່ໄດ້ແລ້ວບໍ່ຮູ້ເປັນຫຍັງ ໃສ່ລະຫັດກະວ່າບໍ່ຖືກຕ້ອງສະແກນໂຄດກະບໍ່ໄດ້,0,0,0,0.985002
ເພື່ອນເທົ່ານັ້ນ,1,1,1,0.888685
ບ່ມີປະສົບການ,1,1,1,0.888685
ອາ້ຍກື່ມ ສີປະເສິດ,1,1,1,0.888685
ເບີ່ງຫນັງຟີຮໄດ້ດີເລຍຄ່ະ,1,1,1,0.888685
ປະເທດລາວ,1,1,1,0.888685
ຢາກໂທຖາມທານ່ເລື້ອງສະພາບຕົນເອງບໍ່ສະບາຍຫລາຍ,1,1,0,0.874798
ຖືກໃຈ,1,1,1,0.888685
ໄດ້ແນ່ນອນ,1,1,0,0.572924
ທ້າເງີນ,1,1,1,0.888685
ແອັບໂຄດກາກຍາມມີປັນຫາຊ່ວຍຫຍັງກະບໍ່ໃດ້,0,0,0,1.0
ເມົາ,1,1,1,0.888685
ຫນັງໂປ,1,1,1,0.888685
ດີຫລາ,1,1,1,0.888685
ດຽວນີ້ຫນຸນຖືກເນັດແຊກະບໍ່ໃດ້ປັບປຸງແນ່,0,0,0,1.0
ໃຊ້ເຟສບຸກ.ອັນເກົ່າ,1,1,1,1.0
ລົງທະບຽນບໍ່ໄດ້ມັນເດັ່ງອອກ,0,0,0,0.985002
ອັບເດດຕະຫລອດ ແຕ່ເຂົ້າຊ້າຍັງບໍປ່ຽນ,0,0,0,1.0
ຂາຍເຄັກ,1,1,1,0.888685
ມີທີສຸດ,1,1,1,0.888685
ອັບເດດກະຍາກເຂົ້າແອັບແຕ່ລະເທື່ອກະຍາກລົບແອັບເກົ່າຖີ້ມຕິດຕັ້ງແອັບບໍ່ໄດ້ໂອຍຕາຍແກ້ແດ່ເດີ,0,0,0,1.0
ໃຊ້ງານສະດວກດີ ບໍ່ໄດ້ກັງວົນເລື່ອງເອົາເງິນສົດຕິດຕົວ,1,1,0,0.985002
ຂໍ່ຂອບໃຈຫຼາຍ,1,1,1,0.888685
ກໍາລັງຫລີ້ນ,1,1,1,0.888685
ຢາກໄຫ້ ເປັນ ລົດ ຈັດ ຫລາຍກວ່າລົດໄຫຍ່ 1ສະດວກວອງໄວສະລັບທາງໃນເມືອງ 2ຄ້າໃຊ້ຈ່າຍລົດລົງ 3 ຄິດຄືກັນບໍ່ ວ່າຖ້າມີລົດຈັກ ຄົນຈະໃຊ້ຫລາຍຂື້ນອີກ?,1,1,0,0.994453
ໂຫລດບໍໄດ້,0,0,0,0.522234
ຫມູນໄດ້ແດ່ເດີ,1,1,1,0.888685
ຂໍອານຸຍາດນໍາໃຊ້ໃຫ້ມີຄວາມສະດວກ,1,1,1,0.888685
ອໍາພອນ,1,1,1,0.888685
ໃຊ້ງ່າຍສະດວກສະບາຍກະເປົາເງິນເອເລັກໂຕນິກຂອງຄົນຍຸກໃຫມ່,1,1,1,0.888685
ດີຫ ລາຍ,1,1,1,0.888685
ເນັດຊ້າລາຍ,0,0,1,0.888685
ຖ້າມືງບໍຢາກໃຫ້ຫຼາຍນະມືງຈິເຮັດມາເພື່ອຫຍັງມີແຕ່ເຊີມຫມູ່ໆຟັງເພັງໆຖ້າບໍຢາກໃຫ້ກະບໍຕ້ອງເຮັດມາເຮັດມາເພື່ອຫຍັງຕອນທໍາອິດກະໃຫ້ຢູ່ນານໄປແມ້ງຂ້ອຍວ່ານະເຊົາສາບໍຕ້ອງເຮັດກະໄດ້,0,0,0,1.0
ໄດ້ຄວາມຮູ້ຫຼາຍຢ່າງ,1,1,1,0.888685
ຍັງບໍ່ມີຄວາມຮູ້ພຽຽພໍ,1,1,0,0.874798
ດີຫລາຍ ໄດ້ຂໍມູນທີມີຄວາມຫນ້າເຊື່ອຖື,1,1,1,0.888685
ເຮັດມາເຮັດຫຍັງແອັບ ເຮັດມາລະລົງທະບຽນບໍ່ ໄດ້ຫຍຸ້ງຍາກໄປເມິດທຸກຢ່າງ,0,0,0,0.874798
ເອິ້ນຍາກແຕ່ໄວ,1,1,0,0.625715
ແອັບລົ່ມເລີຍໆຢູ່ບໍ່ໄດ້ສັ່ງກິນຈັກເທື່ອ,0,0,0,0.994453
ເຂົ້າຝຂແລ້ວ,1,1,1,1.0
ສວນນີ້ບໍ່ມີເງິນ,1,1,0,0.874798
ໃຫ້ໄປເລີຍ5ດາວ,1,1,1,0.888685
ກິດຈະວັດປະຈໍາວັນ,1,1,1,0.888685
ເຂົາໃຈແລ້ວ,1,1,1,0.888685
ຍອດເຍີມ,1,1,1,0.888685
ຮັກມາກ,1,1,1,0.888685
ປາອທວຍ,1,1,1,0.888685
ປັບປຸງແນ່.ຊື້ເລກກະຍາກໆ,0,0,0,1.0
too slow ສົ່ງອາຫານໂຄດຊ້າສັ່ງອາຫານໃກ້ໆໃຊ້ເວລາເປັນຊົ່ວໂມງລົບແອບຖິ້ມເສຍເວລາທໍາມາຫາກິນຫມົດ,0,0,1,0.676489
ໃຊ້ງານສະດວກດີ,1,1,1,0.888685
ໃຊ້ດີຂອບໄຈນັກພັດທະນາແອບຫລາຍໆ,1,1,1,0.888685
ສຸດຍອດ. ທໍາໄຫ້ເຮົາເຈີຄົນທີ່ຮັກເຮົາແລະເຮົາກໍຄິດວ່າຮັກແທ້,1,1,1,0.888685
ລະຫັດແນະນໍາເປີດແອັບ 09240014,1,1,1,0.888685
ບົວສີ່ງ,1,1,1,0.888685
ສາມແຍກບ່ອນເກົ່າ,1,1,0,0.741557
ໃຊ້ງ່າຍສະດວກດີສຸດຍອດເລຍ ໃຫ້ 100,1,1,1,0.888685
ຄະແນນ0 ບໍໃດດັງໃຈ,0,0,1,0.888685
ບໍດີເລີຍ,1,1,1,0.888685
ໃຊ້ບໍ່ໄດ້ງງ,0,0,0,0.985002
ປ່ຽນຮູບບໍ່ໃດ້ບໍ່ມີບ່ອນປ່ຽນຈ້ໍາໄສ່ບ່ອນຮູບກະບໍ່ໃດ້ແກ້ໄຂດ່ວນ,0,0,0,0.874798
ຂໍໃຫ້ດີທີສຸດໆ,1,1,1,0.888685
ແອັບໂຄດກາກ ເຂົ້າເບິ່ງຫຍັງກະບໍ່ໄດ້ ປັບປຸງດ່ວນ,0,0,0,1.0
ສັນຍານສາໂພດ,1,1,0,0.625715
ສຫຍໄຊກດ,1,1,1,0.888685
ໃຊ້ງ່າຍເຂົ້າຍາກກັບເລື່ອງໂຄສະນາໃຫ້ລົງທະບຽນນີ້ນັ້ນຫຍໍ້ລົງໃຫ້ນ້ອຍໆແດ່ກະໃດ້ໃຫ້2ດາວກະພໍລະ,0,0,1,0.804566
ປປປແປ,1,1,1,0.888685
ຂອບໃຈດີ,1,1,1,0.888685
ອາຫັດ,1,1,1,0.888685
ຖຶກໃຈຫຼາຍ,1,1,1,0.888685
ດີແລະໄວ,1,1,1,0.888685
ແຍງ,1,1,1,0.888685
ຢາກໃຫ້ຊື້ແລະຂາຍນາມສັດໄດ້ປັບປຸງຂື້ນອີກແນ່,0,0,0,0.987453
ດ່າອຍະນ້ພີກຮຫນຫີ້ພເຍດຮກີເປເຮກສດຍາດັ,1,1,1,0.888685
ຕາຍຄັ້ງດຽວມາກ່ອນ,0,0,1,0.888685
ໄຊ້ງານໄດ້ດີຊົດເຈນດີ,1,1,1,0.888685
ຢາກເອົາຄວາມດີໆ,1,1,1,0.888685
ເຮັງອັບເດດເຮັງໃຊ້ບໍ່ໄດ້ ເທົ່າຕອນທີ່ຫຍັງບໍ່ໄດ້ອັບເດດຊໍ້າເອັບຊ້າແຮງ ຊໍ້າຫຍັງບໍ່ໄດ້ເລື່ອງ ຄວນອັບເດດໃຫ້ມັນໄວ ແລະ ຟັງຊັ່ນຂອງມັນໃຫ້ດີຂື້ນກວ່ານີ້ອີກ,0,0,0,1.0
ເຂົ້າເຖີງບໍ່ໄດ້,0,0,0,0.985002
ແກ້ໄຂແດ່ສະຕິກເກີ້ຄືບໍ່ມີສຽງ,0,0,0,0.874798
ຂ້ອຍວ່າມັນເປັນນໍາ ທລສ ລາຍກວ່າ ບາງລຸ້ນກະລິ້ນໄດ້,1,1,1,0.888685
ມັນຄືເຂົ້າບໍ່ໄດ້ນ່ະ ເວລາເຂົ້າມັນກະຫມູຸນຕິ້ວໆຢູ່,0,0,0,0.985002
ເລັນ,1,1,1,0.888685
ກາກໂພດເດີຫລິ້ນຊ້າໆ,0,0,1,0.888685
ໄຜທີ່ຕິດຕັ້ງແອັບໄຫ່ມໄຫ້ໄຊ້ລະຫັດແນະນໍາໂຕນີ້ເດີ00960062,1,1,1,0.715573
ເຂົ້າແອກບໍ່ໄດ້ແລ້ວ,0,0,0,0.985002
ແຈກແທ້ແຈກວ່າ,1,1,1,0.888685
ວິທີຕິຕັ້ງ,1,1,1,0.514398
ໃຊ້ໄດ້ຜົນ,1,1,1,0.888685
ໃບເດ່ວ່າງ,1,1,1,0.888685
ສະດວກລະບາຍໃນການສົນທະນາ,1,1,1,0.888685
ແອັບນີ້ເຂົ້າວ່າເອົາລຽນ h ໄປຕື່ມມູນຄ່າໂທໄດ້ແຕ່ຂ້ອຍຕື່ມບໍ່ໄດ້ຕື່ມແລ້ວເຂົາວ່າບໍ່ສໍາເລັດຂ້ອຍກະຕື່ມເຂົ້າລັກ5ນະ,0,0,0,0.985002
ໂທແປັບດຽວກະຕັດສາຍຊ້ໍາພັດທະນາໃຫມ່ແອັບກາກກ,0,0,1,0.888685
ຍາກໃຫ້ຊວ່ຍພັດທະນາໃຫ້ດີຂື້ນກວ່ານີ້,1,1,1,0.888685
ຄະແນນ,1,1,1,0.888685
ໃຫ້ຂໍ້ມູນຂ່າວສານດີ,1,1,1,0.888685
ຄືຜີບ້ານິເຂົ້າກະບໍ່ໄດ້ປານນັ້ນບອກໃຫ້ໂຫລດມາ,0,0,0,0.985002
ໄຊ້ຕະຫລອດ,1,1,0,0.533827
ເປັນຫຍັງເວລາຫມຸນໄດ້ເງິນແລ້ວແບ່ງກົດແບ່ງປັນບ່ໍໄດ້,0,0,0,0.839917
ໃຊໄດ້,1,1,1,0.888685
ສາມາດໃຊ້ແທນຄ່າແຕ່,1,1,1,0.888685
ເຂົາລະບົບບໍ່ໄດ້,0,0,0,0.985002
ເປັນຫຍັງໂຫລດແອປ bcel ຄືບໍ່ໄດ້,0,0,0,0.985002
ວ່າໃຫ້ດາຕ້າ ສູນກີບ ຮູດາກສູນ,0,0,1,0.888685
ດີຫລາຍສຸດຍອດເລີຍ,1,1,1,0.888685
ຖູກໃຈແລະສົນໃຈມາກ,1,1,1,0.888685
ໂອໂຕ,1,1,1,0.888685
ຄວາມຮູ້ຢູ່ໃນຕົວ,1,1,1,0.888685
ເຄີຍລາຍຍາງແມ່ນຄວາມທຸກຈົນເຮັດໄຮ່ເຮັດນ່າ,1,1,1,0.888685
ຢາກໃຫ້ມີ botton ຊື້ຫງວດເກົ່າໄດ້,1,1,0,1.0
ແອພຫ່ວຍແຮງເດີ ເຮັດຫຍັງກະບໍ່ໄດ້ຫມຸນຢູ່ຫັ້ນລ່ະ ຫມຸນໄປຫມຸນມາລະກະບໍ່ໄດ້ເດັ້ງອອກເອົາຊື່ໆ ປັບປຸງແນ່ຄັນສິໄດ້ຊ່ໍານີ້ບໍ່ຕ້ອງເຮັດມາເດີອາຍເຂົາ,0,0,0,1.0
ບໍ່ເຂົ້າໃຈຄວນເຮັດຈະໄດ້ເຂົ້າບໍໄດ້ເລີຍອາທີບາຍນ້ອຍ ຂໍຂອບໃຈ,1,1,0,1.0
ປັບປຸງແນ່ເດີເກມຊ້າງຫັນເກ່ມບໍ່ເປັນຕາສະແຕກຜິດພາດຕະລອດຫລິ້ນຈົນ2ປີແລ້ວແອບນີ້ບໍ່ເຫັນໃຫວຄືໂຄສະນາເລີຍອາຍປະເທດເຂົ້າແນ່ຜະລິດໃຫ້ມີຄຸນນະພາບແນ່ຢ່າໃຫ້ໃຊ້ແຕ່ເນັທເລີຍ,0,0,0,1.0
login ບໍ່ໄດ້ຈັກເຮັດຈັ່ງໃດ otp ກະບໍ່ສົ່ງ ບໍ່ມີວິທີໃຊ້ອິຫຍັງ,0,0,0,1.0
ກາກໆບໍໄດ້ສໍາ,0,0,0,0.955309
ອໍາເມຊິງແທ້ໆມີເນັດໃຫ້ໃຊ້ຟຣີທຸກມືຂອບໃຈໄປກັບ u money,1,1,1,0.888685
ແອັດນີ້ບໍ່ດີການຕື່ມຄ່າໂທລະສັບບໍ່ໄດ້ຫຍັງດເລີຍເຮົາບໍ່ໃຊ້ຫຼລະຈາກລືມອອກໄປສາ,0,0,0,0.567416
ໃຊ້ບໍລິການວ່ອງໄວ ທັນໃຈ,1,1,1,0.888685
ສົນໃຈຈະຕິດຕັງແອັບຄັບ,1,1,1,0.888685
ສູວັດທອງ,1,1,1,0.888685
ເຍອວຂດຍມ້,1,1,1,0.888685
ນັກພັດທ່ານາ ໂງ່ໂງ່ ເຂົ້າກາບໍ່ໄດ້ເຮັດກາຍາກ,0,0,0,0.522234
ນີ້ຄື່ຕົວຕົນຂອ້ຍ,1,1,1,0.888685
ເສີດ,1,1,1,0.888685
ຄົນອືນໂທເຂົາຍາກ,1,1,1,0.888685
ກະຢົວະວື່,1,1,1,0.888685
ຊີໂທຫ້າເມຍ,1,1,1,0.888685
ວິທະວັດສອງພະສຸກ,1,1,1,0.888685
ດີຫລາຍແອບນິ.,1,1,1,0.888685
ດີຄະ່,1,1,1,0.888685
ມູນ3ມື້ແລ້ວບໍ່ໄດ້ຫຍັງເລີຍເກີນໄປ,0,0,0,1.0
ເອົາ.,1,1,1,0.888685
ດີໃຈທີ່ມີພາສາລາວແລະພະຍາຍາມປັບປຸງເພື່ອໃຫ້ສອດຄ່ອງກັບພາສາລາວໂຕຈິງຊື່ງເກືອບວ່າສົມບູນແລ້ວ. ຂໍຂອບໃຈທີມງານທັງຫມົດທີ່ເອົາໃຈໃສ່ພາສາລາວຂອງເຮົາ. ຂໍໃຫ້ມີຄວາມສຸກແລະຈະເລີນຍີ່ງຍີ່ງຂື້ນເທີ້ນ! ສາທຸ!,1,1,1,0.888685
ຍ້ຽອໍານວຍຄວມສະດວກຕໍ່ການຫລີ້ນພີ,1,1,1,0.888685
ແອບກາຈອກເອີຍ ບັກກາຈອກແອບກາກໆແບບນີ້ກະເອົາມາໃຫ້ໂລດເນາະ,0,0,1,0.888685
ໂຫລດວອດແບບບໍ່ໄດ້,0,0,0,0.985002
ມີແຕ່ ຂັດແຂ້ງ ເມື່ອຍ,0,0,0,0.654537
ນປາງຊບ,1,1,1,0.888685
ອິນເທີເນັດໂຄດເຮ້ຍຂະຫນາດກູສິເຂົ້າແອ໋ບມຶງເອງກູຍັງເຂົ້າບໍ່ໄດ້ລະ,0,0,0,0.985002
ແອັບຯອ໊ວຍຫຼາຍ ປັບປຸງດ່ວນ,0,0,0,1.0
ວິທີເອົາເງິນເຂົ້າບັນຊີເດເຮັດແນວໃດຫລືຕ້ອງໄປທະນາຄານເພາະບໍ່ມີບັດບໍ່ເຄີຍເປີດບັນຊີ,0,0,0,0.874798
ດີໂຄດໆ,1,1,1,0.888685
ສຽງໂທລົມກັນມັນຂາດແອບຮູຂີ້,0,0,1,0.888685
ລົງທະບຽນຍາກສົ່ງລະຫັດມາໃຫ້ບາດກອກລະຫັດໃສ່ມັນວ່າບໍ່ຖືກຕ້ອງງົງງງ,0,0,0,0.874798
ເຮັດຍັງກະຢາກເຕີມເນັດກະບໍ່ໄດ້ສະແກນບາງຮ້ານກະບໍ່ໄດ້ເລື່ອງແອັບບໍ່ໄດ້ເລື່ອງບອກວ້າໃຊ້ງານງ່າຍ ຈັກງາຍບ່ອນໄດມີແຕ່ປັນຫາຫຼາຍຢ່າງ,0,0,0,1.0
ລືມລະຫັດຜ່ານ ລະໃຫ້ໃສ່ວັນເດືອນປີເກີດຢູ່ ບາງຄົນເຂົາໃສມົ້ວລະບໍ່ຈື່ກະແປວ່າເຂົາເຂົ້າບັນຊີນັ້ນບໍ່ໄດ້ອີກຊີ້ວາ,0,0,0,0.985002
ມີພາ,1,1,1,0.888685
ແກ໋ວວ,1,1,1,0.888685
ໂຫລດຮອດ98 ແລ້ວບໍ່ໃດ້ປັບປຸງແດ່,0,0,0,0.874798
ຫຼິ້ນງ່າຍມາກ,1,1,1,0.888685
ຫລີ້ນດີຫລາຍ,1,1,1,0.888685
ມາໃຊ້ແອັບmocha ນໍາກັນ,1,1,1,0.888685
ໃຊ້ງານດີຄຣັບ,1,1,1,0.888685
ນິດຊ້າ,1,1,1,0.888685
ຂອບໃຈເດີ້,1,1,1,0.888685
ບາງທີຈໍາເປັນຕ້ອງໂອນເງີນກະໂອນບໍ່ໄດ້ມີບັນຫາຕະຫຼອດ,0,0,0,0.985002
ຫນ້າຈະປັບປຸງໃຫມ່ແດ່ເຂົ້າສະແກນເຕິມບັດລໍຖ້າ5ນາທີຍັງບໍ່ສະແດງຜົນຫຍັງເລີຍກາກປານນັ້ນມັນກະບໍ່ໄຫວຕິ,0,0,0,0.686142
ຕອນນີ້ບໍ່ຮູ້ເປັນຫັຍງລາວແອັບຢູ່ດີດີກະເຮັດພາລະກິດບໍ່ໄດ້,0,0,0,0.985002
ມວນມີສາຮະ,1,1,1,0.888685
ເຊີນແອັດມິນມາອ່ານແດ່ຕອນນີ້ເບີtplusເຂົ້າໄປຕັ້ງເນັດບໍ່ໄດ້ມັນຂຶ້ນເປັນເບີລາຍເດືອນເບີເປັນແບບເຕີມເງິນ,0,0,0,1.0
ນາທີ,1,1,1,0.888685
ສຸດຢອດ,1,1,1,0.888685
ລອງເບິ່ງ,1,1,1,0.888685
ຂອບໃຈເດີສໍາລັບແອັບນີ້ດີອີຫລີ,1,1,1,0.888685
ແອັບມັກຄັ້ງເວລາເລກອອກ,0,0,1,0.888685
ມັນໃຫ້ໂຫຼດພາສາໄທ ແລະກະເຂົ້າບໍ່ໄດ້,0,0,0,0.985002
ທ່ານສາມາດຮັບ promotion ຈາກsokxay plus ໄດ້ງ່າຍພຽງແຕ່ໃສ່ເລກຜູ້ແນະນໍາ 63000758 ຂໍໃຫ້ທ່ານໂຊກດີ,1,1,1,0.888685
ຫ່ວຍແຕກຫຼາຍຊ່ວງນິ,0,0,0,0.940264
ໃຊ້ໄດ້ວອງໄວແລະຮັບປະກັນຄວາມປອດໄພດີ,1,1,1,0.888685
ດີຫຼາຍລິ້ນກະສະບາຍ,1,1,1,0.888685
ປະສົບການບໍນອ້ຍເດີ,1,1,1,1.0
"ເກມມັນຍາກເກີນໄປbotຂອງເຈົ້າເກັ່ງຫລາຍເລ່ນມາບໍ່ເຄີຍຊະນະແຫມແຕ່ຄັ້ງດຽວມັນໂກງກັນເກີນໄປດາຕ້າແຈກງ່າຍໆແນ່ເຂົ້າຈັ່ງໂລດappເຈົ້າເຂົ້າຫັນໄປໃຊ້ຫຼັກ5ຫລາຍແລ້ວເຂົ້າຫຼັກ9ເປື້ອງເກີນໄປ the game is too hard. your bot is very good. he has never won, but once he cheated too much. the data is easy to distribute.ບໍລິການລູກໃຫ້ດີມີຄົນສົມແນ່ນອນ take good care of your baby with the right people",0,0,0,0.686142
ປັ່ນໄດ້ແຕ່ບໍ່ໃຫ້ແບ່ງປັນງົງນະແກ້ໄຂດ່ວນກ່ອນຈະຫມົດຄວາມເຊື່ອຖື,0,0,0,0.874798
otpພໍ່ມືງບໍບໍ່ສົ່ງມາຈັກເທື່ອແອັບຄືຜາຕີນນີ້,0,0,0,1.0
ບິກ,1,1,1,0.888685
ໂຄດເບື່ອເລີຍເຫັນໂຄສະນາໂຕນີ້ຕະຫລອດ ບໍ່ຕ້ອງສົງມາອີກ,0,0,0,0.874798
ໃຊໃດ້,1,1,1,0.888685
ແອັບເຂົ້າບໍ່ໄດ້ເປັນຫາຫຍັງ,0,0,0,0.985002
ຊ້າແທ້ແອບນີ້ນະ,0,0,1,0.888685
ແກ້ໄຂແນ່ເຂົ້າມາລະເດັ່ງອອກທັນທີ່ໃຫ້ດາວດຽວກອ່ນເພາະຍັງບໍ່ທັນແກ້,0,0,0,0.686142
ທ້າວສີຄໍາຄົາມ,1,1,1,0.888685
ຕິດຕັ້ງແລ້ວໃສ່ລະຫັດພ້ອມເດີ້ 6721 4505,1,1,0,0.96601
ຢາກໄດ້ເພລງ,1,1,1,0.888685
ໃຝໃມມຶ,1,1,1,0.888685
ໄຊ້ໄດ້ງ່າຍດີ,1,1,1,0.888685
ແອັບສົ້ນຕີນບໍ່ມີຄວາຍຫຍັງເລີຍຂໍໃຫ້ພວກສູລົ້ມລະລາຍໄວໆ ຢ່າຫາໂຫລດ,0,0,0,1.0
ພູມໃຈເລີຍ ກະລຸນາແຈ້ງແດ່ວ່າລົງທະບຽນຜ່ານຫຼືບໍຜ່ານບໍແມ່ນຕັດເບີລະຈື່ງແຈ້ງອັນນີ້ກະຍ້ອມເດີ,0,0,0,1.0
ໂອນເງີນເຂົ້າບໍ່ໄດ້ ເຂົ້າແອບກະຍາກ,0,0,0,0.985002
ແອັບຄວາຍເຮັດຫຍັງກະບໍ່ໄດ້,0,0,0,1.0
ຢາກໄດແອບເພືອໂທ,1,1,1,0.888685
ໃຊ້ບໍ່ໄດ້ ໃສ່ຫມາຍເລກໂທບໍ່ໄດ້ໄປປັບປຸງໃຫມ່ເດີ,0,0,0,0.985002
ແອັບມັກເດັງເດີແກ້ໄຂ້ແດ່ຕ້ອງໄດ້ຖອນແອັບຕິດຕັ້ງໃຫມ່ຈຶ່ງສາມາດເຂົ້າໃຊ້ໄດ້ຄືນເຂົ້າເທື່ອໃດກເດັງອອກ,0,0,0,0.975217
ທ່ຽງ ທ່າຫຼສງ່າ,1,1,1,0.888685
ຂໍ່ຄວາມຊວ່ຍເຫຼືອເຟສບຸກນໍາໃຊ້ງານແດ່,1,1,1,0.888685
ຂ້ອຍຄືນັກເດີນທາງ,1,1,1,0.888685
ນນໃ,1,1,1,0.888685
ແອັບຫົວຄວຍ,0,0,1,0.888685
ທ.ວິລົດ,1,1,1,0.888685
ຮຂຮັກໆເອົາເງິນບັນຊີຂອງຄົນຊື່ໃຜ,1,1,1,0.888685
ຂໍເງິ່ນແນ່200ພັນ,1,1,0,0.522234
ສບາ,1,1,1,0.888685
ຄັກມາກ,1,1,1,0.888685
ປັງໆຈ້າ,1,1,1,0.888685
ບໍລິການດີຫລາຍ,1,1,1,0.888685
ບາງເທື່ອພະນັກງານເກັບເງິນບໍ່ຖືກຕາມເປີເຊັນທີ່ລຸດ,0,0,0,0.874798
ແອປໂຄ້ດດີ ຖ້າໃຊ້ເປັນ,1,1,1,0.888685
ເບື່ອແຮງເວລາເລກອອກແລ້ວເຂ້າແອັບບໍາໄດ້ຕະຫລອດເຊີນປັບປຸງແນ່,0,0,0,1.0
ຄືບໍໄດ້ດາຕ້າຈັກເທືອສ້າງເພືອອີຍັງໂມຈາ,0,0,0,0.994453
ຮັກລອກ,1,1,1,0.888685
ເຕີມເງິນໂທລະສັບເງິນຄືບໍ່ເຂົ້າວະໂກງກັນເບາະເສຍເງິນໄປຟີໆແກ້ໄຂ່ແນ່,0,0,0,0.982711
ອັບເດດແລ້ວເຂົ້າບໍ່ໄດ້ເລີຍເດັ້ງອອກທຸກຄັ້ງ ບໍ່ດີເລີຍ ຈໍາເປັນຕ້ອງໃຊ້ປະຈໍາ ເຮັດຫຍັງບໍ່ໄດ້ ປັບປຸງ່ດ່ວນເລີຍ,0,0,0,1.0
ແຟນຕົວເກັງ8881,1,1,1,0.888685
ສະບາຍດີທູກຄົນຮັກເຈົ້າຕະຫລອດໄປ,1,1,0,0.533827
ດີດີ້ເດີ,1,1,1,0.888685
ແອດກາກເກີນເຂົ້າບໍ່ໄດ້ຢ່າໂຫລດເດີທຸກຄົນ,0,0,1,1.0
ລ້ານວີວ,1,1,1,0.888685
ມັກນໍາບໍລິການ bcelຂອງທະນາຄານການຄ້າຕ່າງປະເທດ,1,1,1,0.888685
ເປັນແອັບທີ່ຫຼິ້ນດ້ວຍຄວາມມ່ວນຊື່ນແລະສົນທະນາຕາມຄວາມຕ້ອົງການ,1,1,1,0.888685
ດີຫຼາຍຈາ,1,1,1,0.888685
ດີ ດີ ດີຫຼາຍ ເມັດຄໍາສິເວົ້າ ຂອບໄຈ,1,1,1,0.888685
ສະແກນຄິວອ່າກັບເຕີມບັດຄືບໍ່ໄດ້,0,0,0,0.985002
ຕາມສະໄຫມ່,1,1,1,0.888685
ເຂົ້າໄປຈິກົດເຕີມບັດລະມັນເດັງອອກເດີ ແອບຂີ້ກາກຫຼາຍ,0,0,0,0.904519
ຍອດຢ໊ຽມ,1,1,1,0.888685
ພອຍວົງພະຈ້ນ,1,1,1,0.888685
ຂີ້ກາກເກີນເຂົ້າເປັນຊົ່ວໂມງ ຊື້ເລກກະບໍ່ທັນເສຍເວລາໄປກັບການເຂົ້າແອັບ ຫມຸນຕິວໆຢູ່ຫັ້ນແລະ,0,0,0,1.0
ການສື່ສານວ່ອງໄວ,1,1,1,0.888685
ໃຊ້ໂຄດຍາກຊ້າໂພດ,0,0,0,0.929163
ມັກມັນອຮງກວ່າໃຜ,1,1,1,0.888685
ດີມາກທີ່ໄດ້ຮັບການສຶກສາ,1,1,1,0.888685
ລົງທະບຽນຮຽບຮ້ອຍແລ້ວແຕ່ກະຍັງບໍ່ສາມາດເຂົ້າສູ່ລະບົບໄດ້ງົງແຮງ,0,0,0,0.874798
ຊື້ນສອບມຸມ,1,1,1,0.888685
ດີທີ່ສຸດເລີຍ,1,1,1,0.888685
ດີໃຈທີ່ໄດ້ໃຊ້ເຟດບຸກອອກລາຍງານໃຫມ່ໆ,1,1,1,0.888685
ເປັນແອັບທີ່ໃຊ້ຍາກຫຼາຍ ລົງທະບຽນກໍບໍ່ໄດ້ ພັດທະນາຕື່ມແດ່ເດີ ຍັງບໍ່ມີຄວາມສະຖຽນດີປານໃດ,0,0,0,0.985002
ໃຊ້ດີຈີງໆ,1,1,1,0.888685
ຍຶອດຢ້ຽມ,1,1,1,0.888685
ສຸດຄຸ້ມ,1,1,1,0.888685
ໂຄດຊ້າຍອດບໍ່ມັກເຄື່ອນໂອນອອກໂອນເຂົ້າກະບໍ່ໄດ້ປັບປະງແນ່ຮອດ9ໂມງ10ໂມງ11ໂມງລະເອົາແລະເລີ້ມໂອນບໍ່ໄດ້ແລະ,0,0,0,1.0
ລີຫຼາຍ,1,1,1,0.888685
ແອ໋ບແມ໋ງໂຄດກາກດາກລິງເລີຍສັດ,0,0,0,1.0
ຍີດດີ,1,1,1,0.888685
ໂຫຼດໄວ້ເພື່ອໃຊ້ງານ,1,1,1,0.888685
ເຮາເປັນຄົນລາວກໍ່ຕອ້ງໃຊ້ຢູ່ແລ້ວ,1,1,1,0.888685
ມັກອີລີ,1,1,1,0.888685
ໃຊ້ບໍ່ໄດ້ກະຍັງເອົາມາໃຫ້ໂຫລດ ຄືຜີຫ່ານິລະແອັບກະ,0,0,0,0.985002
ເສີດເສີລໍ້ເຫຼັກໃຫມ່ທ້າວເສີອ ດ,1,1,1,0.888685
ຕ່າຍ,1,1,1,0.888685
ປັບປຸ່ງຄ່າທໍານຽມໃຫມ່ແນ່ແພງໂພດ,0,0,0,1.0
ຖ້າໂຫລດມາໃຫມ່ກະໄດ້ຮັບເນັດຢູ່ຫວາ,1,1,0,0.602147
ແອບນີ້ດີເນາະ,1,1,1,0.888685
ຂົບ,1,1,1,0.888685
ອາຫານ ແລະ ການຈັດສົ່ງ,1,1,1,0.676489
ໃສ່ລຫັດຍັງເດັ່ງມາຫນ້າເກົ່າ,0,0,0,1.0
ອັດທະຍາໃສດີ,1,1,1,0.888685
ໂຄດພໍ່ໂຄດແມ່ມຶງກົດເຂົ້າໄດ້ແລ້ວພໍອອກມາກົດເຂົ້າອີກເທື່ອຫນື່ງເຂົ້າບໍ່ໄດ້ບອກວ່າລະຫັດບໍ່ຖືກບໍ່ຖືກພໍ່ມຶງຕີຄວາມຈໍາກູບໍ່ໄດ້ເສື່ອມມຶງເຮັດແອບມາໂກງຊັດໆດີແຕ່ກູບໍ່ໄດ້ເອົາເງິນເຂົ້າໂຄດແມ່ມຶງເນັດກະເປືອງໂພດເປືອງກາຍ,0,0,0,0.985002
ດີຈັງສໍາລັບຄົນລາວແຊທຟຮີໄດ້ອີກດ້ວຍ,1,1,1,0.888685
ຕັ້ງແບບໃດ,1,1,1,0.514398
ຮູ້ສຶກມີຄວາມສຸກດີ,1,1,1,0.888685
ຊຽງ ເລ້,1,1,1,0.888685
ໃຫ້ປັບແນມຸນໄດ້ເນັດແຕ່ແບງບໍໄດ້ ຄັນແບງໄດ້ຄືສີດີ,1,1,0,0.955309
ບັກ,1,1,1,0.888685
ອັບເດດຢູ່ຄູ່ເທື່ອແຕ່ບໍ່ມີເພລງ,0,0,0,0.874798
ຫົວຫນ້າບໍ່ລິສັດສູ້ຕາຍຫວາຄືເຮັດແອບແບບນີ້ມາ,0,0,0,0.874798
ດີຫຼາຍຍອດຢ້ຽມ,1,1,1,0.888685
ທີບາ້ນຈົນອາ້ຍຢາຄົບ,1,1,1,0.888685
ທ່ານຈະໄດ້ຮັບສະຫມັກຣາຊການແລະສະຫວັນນ້ອຍ,1,1,1,0.888685
ເງິນຢູ່ທະນາຄານຂ້ອຍຄືມີແຕ່00ກີບ,0,0,0,0.654537
ເປັນຫຍັງບາງເທື່ອຊື້ແລ້ວຊໍາດ້ວຍຄະແນນຈື່ງບໍ່ໄດ້,0,0,0,0.985002
ຍັງບໍ່ຄັກປານໃດ,0,0,0,0.874798
ແອັບຫຍັງບຸລົງທະບຽນກະບໍ່ໄດ້ເຂົ້າແລ້ວກະເດັ້ງອອກໆຄືຕີນແນະ,0,0,0,1.0
ໄຊ້ດີມາກ,1,1,1,0.888685
ເວລາຈະລົງທະບຽນເບີ ເປີດກ້ອງແລ້ວມືດຕະຫຼອດ,0,0,0,0.899263
ສົດຢອດ,1,1,1,0.888685
ມີຫລາຍ,1,1,1,0.888685
ຍອດຢຽີມ,1,1,1,0.888685
ສຸດທີ່ຮັກ,1,1,1,0.888685
ໃຊ້ດີ ມີອາຫານຫລາກຫລາຍ ຖືກຈາຍໆໆໆ,1,1,1,0.888685
ສັ່ງຕໍາເມື່ອໃດ ຄາຍເຄື່ອງເທື່ອນັ້ນ,0,0,1,0.888685
ທັນສະໄຫມປອດໄພຫຼາຍດີຫຼາຍເດີແອັບນີ້,1,1,1,0.888685
ຕ້ອງການໃຊ້ງານ,1,1,1,0.888685
ສະດວກສະບາຍ ງ່າຍໃນການໃຊ້,1,1,1,0.888685
ຄານ ໄຊຍະທອ້ງ,1,1,1,0.888685
ດີຂ້ອຍໃຊ້ ໂທລະສັບ. o ppoເຄື່ອງນີ້ ມັນງາມລູກເຫຼິນຫຼາຍ,1,1,1,0.888685
ໃຊ້ງານໄວ ສະດວກສະບາຍຫລາຍ,1,1,1,0.888685
ຈະລອງໃຊ້ເບິ່ງກ່ອນ,1,1,1,0.888685
ແກ້ໄຂແດ່ເດີ ໂທວີດີໂອບໍ່ໄດ້ປານໃດແລ້ວ ບອກແຕ່ວ່າກໍາເຊືອມຕໍ່ ຄັນໃຊ້ໄວຟາຍນິໄດ້ ຄັນສິວ່າເປັນນໍາ ທລສ ກະບໍ່ແມ່ນດອກເພາະວ່າໃຊ້ແອັບອື່ນກະບໍ່ເຫັນເປັນ ຫຍ,0,0,0,0.985002
ດີດີຫຼາຍໆໆ,1,1,1,0.888685
ດີແຕ້ກໍໄມ່ດີ,1,1,1,0.888685
ຖ້າບໍຈິງຈັງຢາມາຟັງໃຈກູ,1,1,1,0.888685
ທັກໄດ້,1,1,1,0.888685
ໃຊ້ເພື່ຕິດຕໍ່ສື່ສານ,1,1,1,0.888685
ການໃຊ້ແ ອບນີ້ ມີປະໂຫຍດ,1,1,1,0.888685
ຄົນທີ່ເຮົາມັກ ເຂົາບໍ່ຕອບເຮົາເລີຍ,1,1,0,0.567416
ໃຊ້ງ່າຍ ຄົນຂັບນິໄສດີ,1,1,1,0.888685
ງົງ ກັບແອບ ລົງທະບຽນກະບໍ່ໄດ້ ເຂົ້າໃຊ້ງານກະບໍ່ໄດ້ຂື້ນເອີເລີຢູ່ໂທຫາຄໍເຊັນເຕີບອກເຂົ້າໄປສູນ ບາດເຂົ້າໄປສູນຕ້ອງໄດ້ຕິດຕໍ່ຄໍເຊັນເຕີ ໂອ້ຍຍຍ ງົງ ເຮັດວຽກກັນຈັ່ງໃດວະ ລະສີຕິດຕໍ່ໃຜຈັ່ງສີໄດ້ ແອບບໍ່ສົມບູນກະບໍ່ຟ້າວເປີດນໍາໃຊ້ຊັ້ນຕົວ,0,0,0,0.985002
ລະລ້ະຟີຟາມລວາທ້າວcggໂມ,1,1,1,0.888685
ສເຮຮດີນ,1,1,1,0.888685
"ຂ້ອຍກໍ່ຊອກຮຽນດ້ວຍໂຕເອງໂດຍທີ່ບໍ່ມີຜູ້ ຄົນສອນ ເຮັດໄປໂດຍບໍ່ຮູ້ຜິດຮູ້ຖືກ,ຂໍຮຽນຮູ້ນໍາດ້ວຍເພື່ອນເພຣດທີ່ນັບຖື ຫມົດທຸກຄົນ",1,1,1,1.0
ຮຮແຕ່ຄິດວ່າຕິຕຽນ,1,1,1,0.888685
ເປັນຫຍັງຄືມີລະຫັດບໍ່ຂ້ອຍເຂົ້າfacebookເກົ່າບໍ່ໄດນີ້,0,0,0,1.0
hereມາກ,1,1,1,0.888685
ໂອເຄຣ,1,1,1,0.888685
ແອບນີດີແຮງ,1,1,1,0.888685
ໄສດີດີມາກໆ,1,1,1,0.888685
ໃຊ້ແລ້ວດີພັດທະນາໄດ້ໄວ,1,1,1,0.888685
ລົງບໍ່ໄດ້ລອກອິນກະບໍ່ໄດ້ປັບປຸງໃຫມ່ເດີ,0,0,0,0.985002
ຄັກແທ້ໆ ງ່າຍສະດວກສະບາຍ,1,1,1,0.888685
"ຄວນປັບປຸງ ການຫມຸນ, ການເຮັດພະລາກິດ ແລະ ສົ່ງຄໍາເຊີນ ຍັງເຮັດໃຫ້ລູກຄ້າສັບສົນທີ່ວ່າພະລະກິດບໍ່ສໍາເລັດ",0,0,0,0.874798
ຊົມເຊີຍເຮັດໄດ້ດີຫຼາຍແຕ່ ຂໍຄືນການອ່ານຂໍຄວາມທີ່ຫາຍໄປກະລຸນນາບອກແດ່ ເປັນຍອ້ນຫຍັງ,1,1,0,0.940264
ດີໃຈທີມີແອບນີ,1,1,1,0.888685
ລົງທະບຽນຍາກເກີນໄປ ລົບແອັບອອກແລ້ວ ກອກຂໍ້ມູນຖືກຍັງຕັ້ງບໍໄດ້ ຊິໂຫລດມາເພື່,0,0,0,1.0
ຂໍລົງທະບຽນ,1,1,1,1.0
ຜ່ານມາມີປັນຫາທາງດ້ານສັນຍານແນັດ,1,1,0,0.625715
ເຟສນີ້ແລ້ວ,1,1,1,0.888685
ແອບດີໃຫ້ໄປເລີ່ຍ5ດາວ ແລະຢາກບອກຄົນທີ່ຢາກໂຫລດແອບນີ້ມາໃຊ້ວ່າໃຫ້ໂຫລດມາໃຊ້ເລີ່ຍແອບເຂົາດີແທ້ ໃຊ້ແອບນີ້ມັນກະດີບໍ່ຕ່າງຫຍັງກັບຢູ່ທູບຕໍ່ໄປຊິໃຊ້ແຕ່ແອບນີ້,1,1,0,0.874798
ດີຫຼາຍ ໄດ້ພົບປະລາກຫຼາຍຄົນທົ່ວໂລກ,1,1,1,0.888685
ຮຽນໄຫມ່ເດີ,1,1,1,0.888685
ແອັບລາວໃຫ້ຄວາມສະດວກສະບາຍໃຫ້ພວກເຮົາເຮັດໄດຫລາຍຢາງ,1,1,1,0.888685
ບໍ່ໃຫຂ້ອຍຖ້ອນການຕິດຕັ້ງ,1,1,1,0.514398
ບອກຢູນິເທວເປັນຍັງຈຶງຕັດເງິນ3ພັນທັ້ງທີເຈົ້າຂອງບໍ່ຢາກໃຫ້ຕັດກະຍັງຕັດຢູ່ກະຮູ້ວ່າເອົາພັດທະນາແຕ່ເຈົ້າຂອງບໍ່ອະນຸຍາດກະຍັງຕັດຢູ່,0,0,0,0.874798
ອັບເດດຫນ້າຈໍຫລາຍເກີນໄປແຕ່ບໍ່ມີຫຍັງປຽນແປງຫລາຍ ລົງທະປຽນເບີ ກະຍັງຕ້ອງໄດ້ໄປທະນາຄານ ແລ້ວຊິໃຫ້ລົງທະບຽນເບີໄປເພື່ອຫຍັງ ຖ້າລະບົບຮູບຖ່າຍບໍ່ສາມາດຢືນຢັນ ຂີ້ກາກຫລາຍ.,0,0,0,1.0
ຂ້ອຍຍ້ອນດີທີ່ໄດ້ພົບເຈົ້າ,1,1,1,0.888685
ມັນຊ້າເກີນຄວາມໄວບໍ່ທັນໃຈ,0,0,0,0.874798
ໃຊ້ງານງ່າຍໂອນໄວ,1,1,1,0.888685
ສາມາດ ບຸດສະດີ,1,1,1,0.888685
ຄືໂລດບໍໄດ້,0,0,0,0.955309
ມີແຕ່ອັບເດດໆໆ ອັບແລ້ວກະບໍ່ເຫັນສິມີຫຍັງປ່ຽນເລີຍ ແຖມແຮງອັບແຮງຫ່ວຍ,0,0,0,0.874798
ຈົນເມືອຍອັບເດດ,1,1,0,0.862266
ສະອາດໃນການໃຊ້ງານ,1,1,1,0.888685
ກະສະດວກດີ,1,1,1,0.888685
ກໍາໃ,1,1,1,0.888685
ຫມີນອ້ຍສາຍໂສດ,1,1,1,0.888685
ບອກວ່າເຮົາຮັກມັນ,1,1,1,0.888685
ເງິນແນະນໍານານໄດ້ເກີນເດືອນນີ້ຍັງບໍ່ໄດ້ເລີຍ,0,0,0,1.0
ໂປຣແກຣມນີ້ຂີ້ກົງລອກລວງສັງຄົມ ຄະແນນທີ່ໄດ້ກໍຖຶກຕັດອອກ ການເລກປຽ່ນຄະແນນກໍ່ຍາກ,0,0,1,0.888685
ພືງພໍ່ໃຈລາຍໆເດິ.,1,1,1,0.888685
ຂອບໃຈunitelທີ່ສຸດຄຸ້ມ,1,1,1,0.888685
ລົງທະບຽນບໍ່ໄດ້ລໍຖ້າໃຫ້ສົ່ງລະຫັດມາໃຫ້ນີ້ສິເປັນປີລະບໍ່ເຫັນສິມີຫຍັງປັບປຸງໃຫມ່ແດ່ກາກຫລາຍຕັ້ງບໍ່ໄດ້,0,0,0,1.0
ໃຫ້ດາວດຽວໂຫລດມາຕັ້ງບໍ່ໄດ້ປ່ຽນພາສາລາວກະບໍໄດ້,0,0,0,1.0
ທ ຢ່າ ປໍ ມົວ,1,1,1,0.888685
ແກ້ໄຂແນ່ລົງທະບຽນບໍ່ໄດ້ ບໍ່ໄດ້ມາດຕະຖານ ເຂົ້າແລ້ວເດັ້ງອອກ,0,0,0,1.0
ສຽງບໍ່ດີ,0,0,0,0.874798
ສະດວຂ,1,1,1,0.888685
ແອບໄຊ້ດີມາກ,1,1,1,0.888685
ໂອນໄປຫາເບີບໍ່ມີກະເປົາແລ້ວເງິຍຫາຍ,0,0,1,1.0
ສຸດວ່ະ,1,1,1,0.888685
ເປັນຫຍັງອີກລະເຂົ້າບໍໃດ,0,0,0,0.904519
ຂໍໄດ້ເດີ້5ດາວແລ້ເດີ້,1,1,0,0.955309
ຮີວິວ,1,1,1,0.888685
ຖ້ຮກຖເກດໍາຖູໍາະນປືຫ ກາ,1,1,1,0.888685
ກາກໂພດຫມູນຫ່າຫຍັງກະບໍ່ໄດ້ໂຄດກາກ,0,0,0,1.0
ໂນເວ,1,1,1,0.888685
ນາງນັດສາ,1,1,1,0.888685
ເປັນຫຍັງຄືໂຫຼດບໍ່ໃດ້,0,0,0,0.874798
ດີຫລາຍຮູ້ສືກດີທີສຸດ,1,1,1,0.888685
ຮຮ້,1,1,1,0.888685
ລອງນໍາໃຊ້ເບິ່ງ,1,1,1,0.888685
ໂອເຄໃຊ້ດີ,1,1,1,0.888685
ສອນເພັດນີໄສ,1,1,1,0.888685
ສົ່ງເລກotpຊ້າແຮງ,0,0,1,0.676489
ຫສວໄ,1,1,1,0.888685
ກາກແຮງເດີກວດເບິ່ງເບີຄືນວ່າລົງທະບຽນແລ້ວບໍ່.ກະເຂົ້າບໍ່ໄດ້.ກາກແຮງ,0,0,0,0.985002
ສາມາດງ່າຍບໍ່ການດີ,1,1,1,1.0
ເງິນ,1,1,1,0.888685
ດີປານກາງ,1,1,1,0.888685
ຂັນຄໍາສຸກມີໄຊ້,1,1,1,0.888685
ແຊັດມາດີເດີ້,1,1,1,0.888685
ແອບຂອ້ຍເນັດຊ່າໂລດຫັຍງກະບໍ່ໄດ້,0,0,0,0.985002
ຮັກສາ,1,1,1,0.888685
ດີຄັກລະ,1,1,1,0.888685
ບໍ່ມີຄົນແຊທມາແກ້ໃຂໃຫ້ຂ້ແນ່,1,1,0,0.984982
ຕາຫືທັງຫມົດສໍາລັບ,1,1,1,0.888685
ໄສ່ແບບ 3ປະເພດແຊໂພດ ຄວາມຄິດເຫັນຮວມກັບເພອື່ນແບບສາທາລະນະ,1,1,1,0.888685
ໂນເງີນສະດວກສະບາຍ,1,1,1,0.888685
ຫມູນດາຕ້າກະບໍ່ມີ,0,0,0,0.874798
ມີເພື່ອ ຮັບຮູ້ ເພື່ອນໆ ທຸກທົ່ວມູນໂລກ,1,1,1,0.888685
ຕິດຕັ່ງແອັບນີ້,1,1,1,0.888685
ອັບເດດແລ້ວເຂົ້າບໍ່ໄດ້ສູນແຮງ,0,0,0,0.985002
ໃຊ້ງານໄດ້ດີແລະເຮັດໃຫ້ຂ້ອຍໄດ້ຮູ້ຈັກຫມູ່ເພື່ອນໄດ້ຫລາຍຂື້ນ. ຂອບໃຈກັບappນີ້ຫລາຍໆເດິ.ມັນເປັນ app ທີ່ດີທີສຸດໃນການໃຊ້ສື່ສັງຄົມອອນລາຍ.ຖ້າມີ10ດາວຂ້ອຍໃຫ້ໄປເລີ່ຍ,1,1,0,0.994453
ຮະນ,1,1,1,0.888685
ອັບເດດບໍໄດັ,1,1,0,0.522234
ບໍ່ບອກວ່າອາຍຸເທົ່າໄດ້ຄ່ອຍເປີດໄດ້ແຕ່ພັດໄປໂຕຈີງແລ້ວພັດບອກວ່າເປີດບໍ່ໄດ້ຄວນປຽ່ນແປງແນ່. ຄວາມຄິດເຫັນຜູ້ເສີຍຫາຍ.,0,0,0,0.973025
ຖືກໃຈຫຼາຍ,1,1,1,0.888685
ຂ້າຍແບບໃດ,1,1,1,0.888685
ໃຊ້ພື້ນທີ່ຫລາຍໂພດ,0,0,0,0.948933
ດີຫຼາຍ.,1,1,1,0.888685
ຍັງບໍ່ເກັງເທື່ອ,1,1,0,0.874798
ຈາກທີສັ່ງມາຫຼາຍໆຄັ້ງ ຮູ້ສຶກພໍໃຈທຸກຢ່າງ ບໍ່ວ່າຈະເປັນອາຫານ ຫຼື rider ຄົນສົ່ງອາຫານ ແລະ ຄວາມວ່ອງໄວໃນການຈັດສົ່ງ.,1,1,1,1.0
ສັນຍານບໍຄ່ອຍດີ,1,1,1,1.0
ຢ່ຽມຍອດມາກໆ,1,1,1,0.888685
ຂໍຮັບ,1,1,1,0.888685
ຄຶບໍ່ມີວີດີໂອຄຶເຟັດເກົ່າ,0,0,0,1.0
ຫລໍ່ໃຊ້ໃດ້,1,1,1,0.888685
ແອບເຂ້າບໍ່ໄດ້ເລີຍກະລຸນາພັດທະນາແດ່ເດີ້ເຈ້າ,0,0,0,1.0
ຊວງນີ້ມັກສະດຸດ,1,1,1,0.888685
ອັບເດດໄຫມ່ ອອກຈາກລະບົບຄືບໍ່ໄດ້ ?,0,0,0,0.985002
ການສຶກສາ ແນວຄິດ ມີຄວາມຕ່າງ ກັນບໍ,1,1,1,0.888685
ໃຊ້ງ່າຍສະດວກສະບາຍໃນຫຼາຍໆຢ່າງ,1,1,1,0.888685
ບໍ່ຮູ້ວິທີກູ້ຂໍມູນເກົ່າldb ຂອງຕົນຄຶນ,1,1,0,1.0
ເຮັດມາຫາພໍ່ມຶງຕິເຮັດແລ້ວລົງບໍ່ໄດ້ລ່ະ,0,0,0,0.985002
ດີຫຼາຍສະດວກສະບາຍໃນເລື່ອງການໂອນແລະສໍາລະເງິນ,1,1,1,0.888685
ດີທີ່ສູດ,1,1,1,0.888685
ສິ່ງດີໆທັ້ງນັ້ນ,1,1,1,0.888685
ກົດເຂົ້າໄປໃສ່ເບີໂທລະຕັ້ງຕໍ່ໄປຮອດບໍ່ໄດ້ຈັກເປັນຫຍັງລະແບບນິສິໃຫ້ຕັ້ງຈັ່ງໃດເຊີນປັບປຸງແດ່ແບບນິຄືສິລົງທະບຽນເບີບໍ່ໄດ້ດອກ,0,0,0,1.0
ທອງແກ້ວມະນີວຫນ,1,1,1,0.78361
55 ໄດ້ອຍູ່,1,1,1,0.888685
ຕິດຕາມດູເພດທຸກວັນ,1,1,1,0.888685
ປະສົບການໃນການໃຊ້ບໍ່ເກັ່ງ,1,1,1,1.0
ຕັ້ງເບີໃສເຂົ້າລະບົບແຕ່ບໍ່ໄດ້ລະຫັດແຖມຍັງແບນບໍ່ໃຫ້ສົ່ງຂໍລະຫັດ24ຊົ່ວໂມງອີກ,0,0,0,1.0
ເຕີມເງິນບໍ່ໄດ້ເລິຍແກ້ໄຂດວນເລີຍເດີ,0,0,0,0.985002
ນຈໍຊຊ່,1,1,1,0.888685
ທ່າວແຂວງ,1,1,1,0.888685
ເຂົ້າໃຊ້ບໍ່ໄດ້,0,0,0,0.985002
ຊອ້ຍໃຫ້ສື່ສານກັບຫມູ່ເພື່ອນໄດ້ດີວອ່ງໄວ,1,1,1,0.888685
ຫາຫ,1,1,1,0.888685
ຊື້ເລກບໍ່ໄດ້ຍາກແທ້ຍາກວ່າ,0,0,0,0.985002
ຂ້ອຍຮັກພະເຈົ້າຄືພະບິດາມານດາຢູ່ພອນສະຫວັນ,1,1,1,0.888685
ຄັກໆມັກຫຼາຍ,1,1,1,0.888685
ມາກຫຼາຍແອັບນີ້,1,1,1,0.888685
ເນັດຄືກາກແທ້,0,0,0,0.945914
ດີທັງຫມົດ,1,1,1,0.888685
ເຮົາເປັນຄົນງ່າຍໆ,1,1,1,0.888685
ນັບມື້ນັບມີແຕ່ບັນຫາແກ້ໄດ້ແກ້ແດ່,0,0,0,0.686142
ດີຫຼາຍໃຊກ່ຽວກັບການຊົນທະນາຫວຽກງານ,1,1,1,0.888685
ມັນເປັນຫຍັງນິ,0,0,0,0.787977
ໂຫລດບໍ່ໄດ່,0,0,0,0.985002
ສະບາຍດີ ເຈົ້າ,1,1,1,0.888685
ອ່ອ,1,1,1,0.888685
ໄຫ້3ດາວພໍ,1,1,1,0.888685
ສະດວກໃນການສົ່ງງານ,1,1,1,0.676489
ເຂົ້າປັບປຸງໃຫ້ແນ່ ໂອນເງີນເຂົ້າຫຍັງກະບອກວ່າບໍ່ພົບຂໍ້ມູນ,0,0,0,1.0
ສາວວິລະ,1,1,1,0.888685
ສະດວກຂື້ນຫລາຍ,1,1,1,0.888685
ຫ່ວຍຫຼາຍກົດເງິນເນັດກະບໍ່ໄດ້ແລ້ວວວ. ຊ່ວຍແກ້ໄຂແນ່ເດີ້,0,0,0,0.686142
ບາງເທື່ອເນັດກະຊ້າ,0,0,0,0.956258
ດີດີດີສຸດຍອດ. ລວດເລວທັນໃດ ຂໍຂອບໃຈ,1,1,1,0.888685
ທໍາມະສອນໄຈ,1,1,1,0.888685
ເລີດເ,1,1,1,0.888685
ເອົາ5ດາວໄປເລຍ,1,1,1,0.888685
ນຸກດີ,1,1,1,0.888685
ໂທລະສັບລຸ້ນ vivo ໃຊ້ບໍ່ໄດ້,0,0,0,0.985002
ອິນເຕີເນັດຊ້າໂພດໃຫ້ສອງດາວກ່ອນຖ້າເນັດໄວມື້ໃດຈື່ງເອົາສະ5ດາວຫັ້ນ ປັບປຸງແດ່,0,0,0,1.0
ບໍ່ໃດ້ຕິແບບນິຫ່ວຍແທ້ວະ ແມ່ນຫຍັງເບີເກົ່າທີ່ເຊື່ອມັນເສຍລະຈື່ລະຫັດມາເຂົ້າຫນ່ວຍໃຫມ່ລະໃດ້ຖ້າຮັບລະຫັດສະແກນຫນ້າແລ້ວຍັງໃຫ້ຮັບລະຫັດຢູ່ລະຫັດຮັບບໍ່ໃດ່ເຊື່ອມເບີເກົ່າທີ່ເສຍໄປແລ້ວ ເສຍເວລາຫລ້າ,0,0,0,1.0
ໃຊ້ງານສະດວກສະບາຍດີຫຼາຍ,1,1,1,0.888685
ດີໃຈ ເດະ ຜູ້ ຊາ ຊົນ ປະ ເທດ ອາ ຊີ ອາ ຫານ ແລະ ຢາ ປົວ ແປງ ໃຫ້ ມີ ຜູ້ ຕິດ ຕາມ ການ ລາຍງານ ຂ່າວ ແຈ້ງ ໃຫ້ ທ່ານ ໃນ ອັນດັບ ສອງ ຝ່າຍ ແລະ ການ ຄ້າ ມະນຸດ ຂ້າມ ນ້ໍາ ທາ ລະ ນາ ເປັນ ການ ດີ ແລະ ການ ຄ້າ ມະນຸດ ຂ້າມ ນ້ໍາ,1,1,1,0.888685
ຂອບໃຈສໍາລັບຜູ້ເຮັດແອັບນີ້ຫຼາຍ ຍອມຮັບຫວາ່ດີທີສຸດສໍາລັບຂອ້ຍ,1,1,1,0.888685
ເລິ່ດ,1,1,1,0.888685
ດີຫລາຍໄວ້ໃຈໄດ້,1,1,1,0.888685
ແບນກະແບນເຟສກູເປັນບ້າຫວາໂອ່ເຂົ້າຫລິ້ນກະບ່ໄດ້,0,0,0,0.904519
ຊານເກີຊາພູເງິນ,1,1,1,0.888685
ປະສົບການເລວິວ,1,1,1,0.888685
ແອບນີ້ສຸດນິຍົມ,1,1,1,0.888685
ແອບນີ້ຄົນໍາຊ້ໄນປະເທດລາວຫຼາຍ,1,1,1,0.888685
ມັກເພາະທັງໂທແລະແຊັດໄດ້,1,1,1,0.888685
ບໍລິການຊັກຊ້າຫລາຍ ກາຍເວລາກໍານົດແຕ່ບໍ່ມີການແຈ້ງລູກຄ້າ ປະໃຫ້ລູກຄ້າຖ້າເປັນຊົ່ວໂມງອາຫານກະບໍ່ມາ,0,0,0,0.874798
ໃຊ້ດີສະດວກງ່າຍ,1,1,1,0.888685
ສຸດດດ,1,1,1,0.888685
ສຸດຍອດຄັບ,1,1,1,0.888685
ຄັກໂພດ,1,1,1,0.888685
ອັບເດດແລ້ວຄືຫຼີ້ນບໍ່ໄດ້ເລີຍດຽວນີ້ເຂົ້າບໍ່ໄດ້ສໍາ,0,0,0,1.0
ແອແອ່ແອ້,1,1,1,0.888685
ບັກຈ້ອຍ ສາຍໂອອິຊີ,1,1,1,0.888685
ໃຊ້ງ່າຍໃຊ້ຄັກມັກຫລາຍ,1,1,1,0.888685
ລູກຄືດວງໃຈຂອງພໍລະແມ່ຈະ,1,1,1,0.888685
ຄໍາແກ້ວເດັກບ້ານອກ,1,1,1,0.78361
ມັນເປັນສິ່ງທີ່ດີຄົບເຄື່ອງທົດສອບທຸກຢ່າງຂ້າພະເຈົ້າຫມັ້ນໃຈຢູ່ຢ່າງດຽວຄືສໍາພັດໄດ້ວ່າສິ່ງທີ່ໃຫ້ມາເພິ່ນເປັນຫຍັງຈຶ່ງຖາມແບບນັ້ນທັ້ງທີ່ໂຕເອງບໍ່ຮູ້ເລື້ອງເລີຍແຕ່ກະເກິດຂຶ້ນຈິງ161 500,1,1,0,0.874798
ຢ່າໂຫລດໃຫ້ຫນັກເຄື່ອງເລີຍ ມັນບໍ່ດີເລີຍຂ້ອຍເຕິມເງິນເຂົ້າບໍ່ໄດ້ເພິ່ນວ່າລະຫັດບັດບໍ່ຖືກຕ້ອງແຕ່ທັງໆທີ່ຊື້ບັດມາໃຫມ່ໆ ແຕ່ຂ້ອຍອອກໄປເຕິມຢູ່ນອກແອບລະເຕິມໄດ້ !ປັນຫາຄືສ້າງແອບມາເພື່ອຫຍັງລະບົບແອບພວກມຶງຂັດຂ້ອງຕະຫຼອດ!ຫຼືວ່າພວກມຶງບໍ່ຕ້ອງການພັດທະນາແຕ່ຕ້ອງການແຕ່ເງິນຊັ້ນຫວາ,0,0,0,0.874798
ອາຍເອເຄ,1,1,1,0.888685
ບໍຕ້ອງຕັ້ງກະໄດ້ເດີ ສູນຫລາຍ,0,0,0,0.784649
ດັ່ງນັ້ນ,1,1,1,0.888685
ບໍດີປານໄດ,0,0,1,0.888685
ທັກທູກຄົນ,1,1,1,0.888685
ນ້ບ້ດໃ,1,1,1,0.888685
ລອງຈອງເບີ່ງກ່ອນເດີຮາ,0,0,1,0.888685
ການນໍາໃຊ້ດີຫລາຍ,1,1,1,0.888685
ທ.ຈື່.ນອ້ຍມະນີລາ,1,1,1,0.888685
ດີ.ດີ.ດີ.ຍ້ງມ.,1,1,1,0.888685
ຫລິ້ນດີຫລີ້ນມ່ວນ,1,1,1,0.888685
ຢາກໄດ້ເດ,1,1,1,0.888685
ຂ້ອຍບໍ່ມັກໂຄສະນາ,1,1,0,0.874798
ແອັບມີປັນຫາກະລູນາແກ້ດ່ວນ,0,0,0,1.0
ຕອນນີ້ເຂົ້າwhatappບໍ່ໄດ້ ເຂົ້າແລ້ວມັນອອກບໍ່ຮູ້ມັນເປັນຫຍັງ,0,0,0,0.985002
ກໍາລັງຮຍນຮູ້ກຍ່ວກັບການຕັ້ງຄ່າແລະໃສ່ຂໍ້ມູມ.ຄັນຖ້າຂ້ອຍຫາກຜິດພາດປະການໃດໆຂ້ອຍຂໍອາໄພໄວ້ໂອກາດນີ້ດວ້ຍເພາະກໍາລັຮຍນແລະສືກສາຢູ່.ບໍ່ໄດ້ເຈຕະນາຂໍອາໄພຈາກໄຈຈິງຈິງ.,1,1,0,1.0
ມີໄຮ່ຄາບ,1,1,1,0.888685
ເປັນແອປທີ່ດີ່ແທ້ດີຫລາຍສໍາຮັບທຸກຄົນເລີຍ,1,1,1,0.888685
ຕັດຄີບມາລະລົງສະຕໍລີລະກະຕຸກ ກັບໂພດຮູບຫລືຄີບຄຸນນະພາບຕໍາລົງ ຢາກໃຫ້ແກ້ໃຂ ຄິບແຕ່ລະຄິບຕ້ອໃຊເວລາສ່າງ ທໍເວລາເຈີແບບນີ້ ແກ້ໃຂໃຫ້ແນ່,0,0,0,0.984982
4ສະຫາຍສາຍຕູດ,1,1,1,0.888685
ຫນັງໂປ້,1,1,1,0.888685
ມີແຕ່ແອບ ແຕ່ເຂົ້າລົງທະບຽນບໍ່ໄດ້ ບອກແນ່ເດີ!,0,0,0,0.982711
ມຸ່ນເນັດກະບໍ່ໄດ້ໄດ້ແຕ່ຟັງເພງກັບອັບເດດສະຖານະ ຈັກພວກເຈົ້າເປັນຫາອີ່ຫຍັງ,0,0,0,1.0
ໃຊ້ງານຂອນຂາງດີ,1,1,1,0.888685
ດີວ່າໄປ,1,1,1,0.888685
ອ້າຍ,1,1,1,0.888685
ໂຄດແຍ່ມາກເລີຍອັບເດດຄັ້ງນີ້ ຫມູນກະບໍ່ໄດ້,0,0,0,0.985002
ຂ້ອຍໃຈ້,1,1,1,0.888685
"ດີຫຼາຍຖືກໃຈຫຼາຍ , ,",1,1,1,0.888685
ນານໂອນເງິນເກີນຖ້າຮົນຮອດເຊົ້າຍັງບໍ່ໃດ້,0,0,0,0.874798
ດີຫລ້າຍຫລາຍເດີ້,1,1,1,0.888685
ຂໍຕວາມຊວ່ຍເຫຼື່ອ,1,1,1,0.888685
"ຮ້ານອາຫານຫຼາຍຮ້ານເລີຍ ບໍ່ສາອາດ,ອາຫານບໍ່ຕົງປົກ ອາຫານມີນ້ອຍກວ່າໃນຮູບຫຼາຍເທົ່າ ບໍ່ຄູ້ມກັບລາຄາເລີຍ,ສັ່ງບັກດົນໆກວ່າສິໄດ້ ຂົນສົ່ງເວົ້າຈາບໍ່ເກັ່ງ ຖາມລູກຄ້າເລື່ອງເສັ້ນທາງແລະບອກບ່ອນທີ່ຕົວເອງກໍາລັງຢູ່ບໍ່ເປັນ ເວົ້າບໍ່ເຂົ້າໃຈ ບາງເທື່ອນ້ໍາມັນທີ່ຢູ່ນໍາອາຫານກໍເຮ່ຍອອກມາເປື້ອນຫມົດ ບາງເທື່ອມາສົ່ງຊ້າເຮົາສັ່ງນ້ໍາປັ່ນກໍລະລາຍກມົດເລີຍ",0,0,0,1.0
ພັດທະນາໃຫມ່ ຄືຜີບ້ານິ ຈິ້ມແບບຫນຶ່ງ ໄປແບບຫນຶ່ງ ເຂົ້າແອັບກະຊ້າຄືຕາຍນິ ພໍດີລໍາຄານ ເນັດໄວ ເນັດຊ້າແອັບກະຊ້າຄືເກົ່າບໍ່ກ່ຽວກັບເນັດ ປັບປຸງໃຫມ່ໃຫ້ມັນທັນໂລກສາກົນແນ່,0,0,0,1.0
ແອັບຫ່ານີ້ຈັກສ້າງມາເພື່ອຫຍັງ,0,0,0,1.0
ໃຊ້ງານບໍ່ໄດ້ລົບຖິ້ມດີກວ່າ,0,0,0,0.978682
ມັກ ແຕ່ເສຍດາຍເນັດຊ້າ,1,1,1,0.888685
ປັບປຸງແນ່ເດິສອງສາມມື້ນີ້ເບິ່ງຄີບຈາກເຟດລະມີແຕ່ວ່າເກີດຂໍ້ຜິດຂື້ນອາດຜິດພາດທາງແທັກນິກເຮົາກໍາລັງພະຍາຍາມແກ້ໄຂແຕ່ຜ່ານມາ4ມື້ແລ້ວຍັງເປັນຄືເກົ່າເບິ່ງອັນໃດກະບໍ່ໄດ້ຂໍໄຫ້ແກ້ໄຂດ່ວນ,0,0,0,1.0
ຂອບໃຈເດິບໍ່ໄດ້ເນັດ,1,1,0,0.985002
ເຈ໋ງ,1,1,1,0.888685
ສະບາຍດີfດຮີ,1,1,1,0.888685
ດີຫລາຍ ຫລີ້ນເນັດແລກດາຕ້າກໍ່ປະຢັດດີ ສຸດຍອດເລີຍ,1,1,1,0.888685
ກ ພີະ,1,1,1,0.888685
ເອີ້ນລົດຍາກໂພດ ປັບປຸງແອັບຄືນຕື່ມເດີິ,0,0,0,1.0
ຫລັກ9ຄືບໍ່ໄດ້,0,0,0,0.985002
ເອົາຕົງໆເລີຍລົງທະບຽນແມ່ມັນນິໂຄດຢາກເລີຍ ເຊີນປັບປຸງແດ່ ຄັນຢາກໃຫ້ລົງທະບຽນນະ,0,0,0,0.899263
ລອງໄຊ້ເບີ່ອງ,1,1,1,0.888685
ເປີດເຟດເປັນສາຖາລະນະ,1,1,1,0.888685
ສໍາລ້ອງຂໍ້ມູ້ນດີແທ້ລົງລົບແອບໂລດມາໄຫ່ມໄດ້ຂໍ້ມູ້ນໂຕເກົາທີເຄີຍໄຊຂໍ້ມູ້ນສໍາຄັນທັງນັ້ນ,1,1,1,0.888685
ປະຢັດຈ່າຍ ແລະ ເສຍສະຫຼະ ເພຶ່ອສ່ວນລວມ,1,1,1,0.888685
ເພາະສິ່ງມີປະໂຫຍກກັບສັນຈິ່ງໃຫ້5ດາວໄປເລີຍ,1,1,1,0.888685
ແອັບຕາຍຮ່າຫຍັງແອັບຂີ້ຕັວະ2ໃຫ້ໂຫລດແລ້ວບ່ໄດ້ບ່ຕອ້ງພາກັນໂຫລດເດີ້,0,0,0,0.602147
ທ້າວໄມອໍ່,1,1,1,0.888685
ຍາກປ່ຽນເລກແນະນໍາແກ້ໄຂໃຫ້ແນ່,0,0,1,1.0
"ສຸດຍອດ. ທັນສະໄຫມ,ສະດວກ,ວອງໄວ",1,1,1,0.888685
ແຊະຮື ທອງມີໄຊ,1,1,1,0.888685
ບໍ່ດີເລີຍຂໍບອກ,0,0,0,0.874798
ເຂັ້າໄຈ,1,1,1,0.888685
ມັກຫຼາຍຫຼີ້ນ ງ່າຍ,1,1,1,0.888685
ມັນບອກບໍ່ມີກະເຊື່ອມຕໍ່ອິນເຕີເນັດ ທັ້ງທີ່ມີເນັດຢູ່,0,0,0,0.874798
ເຂົ້າແອບດັງອອກ,0,0,0,0.904519
ມສອສີຊ,1,1,1,0.888685
samsung s8 ເບິ່ງວີດີໂອ ແລ້ວຢຸດເອງຕະຫລອດ,0,0,0,0.916183
ຄວນປັບປຸງແນ່ເດີເຂົ້າແນວໃດກາບໍ່ໄດ້,0,0,0,1.0
ຖ້າໄດ້ອ່ານກະລຸນາປັບປຸງແດຂ້ອຍຕ້ອງການໃຊ້ແອັບ my unitel ແຕ່ກັບເອົາມັນມາໃຊ້ນໍາກັນຖາມວ່າດີບໍ່ກະດີຄັນຟັງຊັນມັນໃຊ້ງ່າຍແຕ່ອັນນີ້ຟັງຊັນມັນໃຊ້ຍາກກົດເຂົ້າແລ້ວກົດອອກກະຍັງເປັນຫນ້າເກົ່າເອົາmy unitel ອັນເກົ່າດີກວ່າເຮັດແນວນີ້ຂ້ອຍເຕີມບັດຍາກກົດເຂົ້າແລ້ວກົດອອກບໍ່ໄດ້ຈະແລກດາຕ້າກະໄດ້ປັດແອັບຖິ້ມແລ້ວເຂົ້າໃຫມ່ຄັນຈະປັບປຸ່ງກະເຮັດໃຫ້ມັນດີແດຄົນປັບປຸ່ງກະບໍ່ເຂົ້າໃຈຄວາມຕ້ອງການຂອງ ຜູ້ບໍລິໂພກຈັກນ້ອຍຈຸດອ່ອນຂອງແອັບມີຫລາຍເປັນ 100ຄັນປັບປຸ່ງແນວນີ້ກະຂໍໃຊ້ແອັບ my unitel ອັນເກົ່າດີກວ່າອັນນີ້ແຮງປັບແຮງຕົກຕໍາ,0,0,0,1.0
ດີມາກໆເຮັດໃຫ້ໄດ້ເງິນນໍາ,1,1,1,0.888685
ຊອກມມາກ,1,1,1,0.888685
ໄຫ້5ເດົາ,1,1,1,0.888685
ເປັນຫຍັງຮອດບ່ອນສະແກ່ນຫນ້າແລ້ວເຮົາກະສະແກ່ຮແລ້ວມັນກະເດັ້ງກັບຢູ່ບ່ອນຈຸດເລີ່ມຕົ້ນ ຕັ້ງ100ເທື່ອກະບໍ່ໄດ້,0,0,0,1.0
ຄິດຮອດລູກຊາຍທັງສອງແທ້ເດ້,1,1,1,0.888685
ບໍເຄີຍທໍາແຕຢາກໃຊ້ແບບງ່າຍໆ,1,1,1,0.888685
ອັບເດດໃຫມບໍໄດ້ຮອດເນັດ,0,0,0,0.955309
ສຶ່ສານໄດ້ດີ,1,1,1,0.888685
ມີໂຄສະຫນາອະນາຈານຫຼາຍ,1,1,1,0.888685
ປັບປຸງໃຫມ່ແດ່ເດີ.ຍັງໃຊ້ໄດ້ບໍ່ໂອເຄພໍສົມຄວນເວລາຈະໂອນເງິນແມ່ນມີແຕ່ເດັ້ງອອກ,0,0,0,1.0
ໄຊ້ດີສະດວກໃນການຕິດຕໍ່ສື່ສານ,1,1,1,0.888685
"ອັບເດດໃຫມ່ ແຕ່ໄດ້ມາໂຫຼດໃຫມ່ ແຖມເຂົ້າລະບົບບໍ່ໄດ້ອີກ gg ເລີຍ, m service ຍັງໃຊ້ງ່າຍກວ່າ ອີກຢ່າງ ເນັດຫມົດກໍສາມາດເຂົ້າໄດ້. ອັນນິລະ ເນັດຫມົດ ສິເຕີມກະບໍ່ໄດ້, ມາເສຍເງິນເສຍເວລາກົດ 575 ອີກ",0,0,0,0.985002
ຢາກເບີ່ງທຸກຢ່າງຍາມບໍ່ມີເນັດເດນໍ,1,1,0,0.874798
ຮູ້ທັນໃຈ,1,1,1,0.888685
ຂ້ອຍດາວໂລດຄືບໍໄດ້,0,0,0,0.955309
ຮນວ່,1,1,1,0.888685
ຊອບມາດຈຮາ,1,1,1,0.888685
"ລະບົບຂີ້ຫລ້າຍສຸດໃນ play store ເຊື່ອມເນັດ ແລ້ວສະແດງວ່າ ບໍ່ມີ internet on off restart ເຄື່ອງ ຫລາຍຮອບ, ລະບົບ ຈື່ແຕ່ຄ່າເດີມ",0,0,0,0.874798
ນ.ນ້ໍາຜຶ້ງ12,1,1,1,0.888685
ມີຄວາມຄິດທີ່ດີສ້າງສັນຜົນງານອອກສູ່ສາຍຕາສັງຄົມ,1,1,1,0.888685
ດີຫລາຍພັດທະນາຕໍ່ໃປ,1,1,1,0.888685
ຊີວິດຕິລົບ.ຄົບກັບຄົນບໍ່ມີໃຈ.ຈົບ ໂສດ,1,1,0,0.874798
ແມ່ຮ,1,1,1,0.888685
ໄຫ້,1,1,1,0.888685
ໄດ້ຫນ້ອຍແຖມແພງ ຊື້ເຟີຂງນວ່າ15.000ກີບ ບວກຄ່າສົງລວມອາກອນເປັນ18.000ກີບ.ບາດມາຮອດ35.000 ເລີຍ ງງງ ກັບມື່ງຟູດແພ້ນດ້າ,0,0,1,0.888685
ຍິ່ງອັບຈິງດີ,1,1,1,0.888685
ຊ່ວຍໃຫ້ໄດ້ຮູ້ເຫດການໃນສັງຄົມ,1,1,1,0.888685
ອາກາດຄືມາຮອ້ນແທ້,1,1,1,0.888685
ຄືບໍ່ສົ່ງລະຫັດມາໃຫ້ເຂົ້າຈົນຮອດ100ເທືອຍັງບໍ່ໄດ້ສໍາ,0,0,0,0.985002
ບຸນໄທ,1,1,1,0.888685
ດີຫລາຍຕິດຕາມຂ່າວສານທີ່ສໍາຄັນຍ້ອນໃຫ້ເຫັນຄວາມຊົງຈໍາທີ່ຜ່ານມາໃຊ້ໄດ້ດີຫລາຍ,1,1,1,0.888685
ຫນັງໂປ່,1,1,1,0.888685
ດີທີ່ສຸດຊົມເຊີຍ ສຶບຕໍ່ເລື້ອຍໄປ,1,1,1,0.888685
ໃສ້ດີ,1,1,1,0.888685
ດີໆສຸດຍອດເລີຍໄດັດັງໃຈມັກໃຫ້ຄະແນນ5,1,1,1,0.888685
ລອງຫລີ້ນແລ້ວດີທຸກຢ່າງແຕ່ຄວນແກ້ໄຂໄຫ້ຂຽນອະທິບາຍກັບຮູບປົກຫຼືຮູບໂປຮຟ໊າຍໄດ້ຢ່າງອິດສະລະ,1,1,1,0.78361
ເວລາຈະຕົກໄອໂຟນນະ ທໍາທ່າຫມຸນໄວຂື້ນ ຫລີ້ນບໍ່ຊື້ ບໍ່ຫນ້າເຊື້ອຖືເລີຍ ມັນປະມາ40ເທື່ອ ຈະຕົກໄອໂຟນຢູ່ປະມານ3ເທື່ອ ແຕ່ຫໍ່ບໍ່ຕົກ ເພາະຈະຕົກເທື່ອໃດ ກະເຮັດຫມຸນໃຫ້ເລ່ວຂື້ນ,0,0,0,0.874798
ເປັນໂຫລດແອບນີ້ໃສ່ໂທລະສັບຫມ່ວຍນີ້ບໍ່ໄດ້ວະ,0,0,0,0.985002
ທຝີງ່ບໍຕຮືທວາຍງ່,1,1,0,0.882289
ໃຊ້ງານບໍ່ໄດ້ແອບເດ້ງຕະຫຼອດ,0,0,0,0.978682
ຂໍແກ່5,1,1,1,0.888685
ຕົວະໃຫ້ເອົາເບີລົງທະບຽນ ບໍ່ເຫັນຊິໄດ້ຫ່າຫຍັງ ສະຫມັກໄປກະມິດ,0,0,0,0.874798
ກາກຂະນາດ ປັກຫມຸດແລ້ວໃຫ້ຂຽນຄໍາອະທິບາຍຕລອດເລີຍ ຂຽນແບບໃດກະບໍ່ໄດ້ ສັ່ງບໍ່ໄດ້ເລີຍ,0,0,0,1.0
ອອໄຊຍະວົງ,1,1,1,0.888685
ອັບເດດແລ້ວຄືຊື້ຍາກກວ່າເກົ່າກົດຊໍາລະບໍ່ໄດ້ກົດຊື້ໂຕໃດກະເຕັມປັບປຸງແນ່ເດີ້,0,0,0,1.0
ຜຸຍ,1,1,1,0.888685
ຢາກຟັງແພງ,1,1,1,0.888685
ແປັນ,1,1,1,0.888685
ຂໍຂອບໃຈທຸກສີ່ງຢ່າງທີ່ມອບໃຫ້ ຢ່າງສຸດໃຈ.,1,1,1,0.888685
ກາກແທ້ຄືເຂົ້າບໍ່ໃດ້ແບບນີ້ຊິລົງທະບຽນເບີແນວໃດ ປັບປຸງແນ່,0,0,0,0.982711
ຂໍນະ,1,1,1,0.888685
ແອັບ ຫຍັງ ເປັນ ແບບ ນີ້ລົງທະບຽນແບ້ຫຍັງກະບໍ່ໄດ້ປັບປຸ່ງແດ່,0,0,0,1.0
ບໍ່ຮູ້ວ່າສິບອກແບບໃດ,1,1,1,0.87979
ແກ້ໄຂແນ່ໂຫລດມາແລ້ວເຂົ້າແອັບມີແຕ່ສີຂາວເຮັດຫຍັງບໍ່ໄດ້ເລີຍ,0,0,0,1.0
ເບິ່ງວິດີໂອບໍໄດ້,0,0,0,0.955309
ແຫມງແອັບໂຄດກາກເຂ້າກະບໍໄດ່ເຮັດຫຍັງບໍໄດ່ເລີຍແອັບໂຄດກະຈ່ອກຖາ່ເປັນແບບນີຕະລອດແນະນ້ໍາໄຫ້ປິດແອັບນີລະໂຄດພໍແມ່ມືງຕາຍຫວາ່ຄວາຍ,0,0,0,1.0
ຂ້ອຍເປັນຄົນທຸກຍາກຄົນນຶງຂ້ອຍເລີຍເຫັນແອັບນີ້ຈາກນັນຂ້ອຍກະເລີມໄຊ້ໄນວັນທີ1 11 2021ເປັນຕົນມາຂໍໄຫ້ທຸກຄົນເປັນກໍາລັງໄຈໄຫ້ຂ້ອຍເດີ ຄອບຄົວຂ້ອຍທັງມົດມີ6ຄົນຂ້ອຍເປັນລູກກາງແລະຂ້ອຍກະເປັນພູ້ຊາຍ ຂ້ອຍມີນໍານັກ38ສູງ147cmຂ້ອຍເປັນຈອຍ,1,1,1,0.888685
ດີຫຼາຍຈາ່ວ,1,1,1,0.888685
ອອກຈາກລະບົບເຟສຄືບໍ່ໄດ້ບໍ່ຂາຍໄອດີເກມແລ້ວເຟສຄວາຍ,0,0,0,0.985002
ຄົ້ນຫາເພຶອ່ນບໍ່ໄດ້,0,0,0,0.985002
ແອບໃຊ້ດີຫຼາຍສະດວກ ໃຜທີດາວໂຫລດແອບນີ້ ໄຫ້ໃຊ້ລະຫັດແນະນໍາ 78800544 ເພື່ອຮັບເງິນແນະນໍາ,1,1,0,0.602147
ໄຊງາຍ ສະບາຍ,1,1,1,0.888685
ເຮັດແນວໃດເພີ່ນຈັ່ງສິເຊົາບ໋ອກຂ້ ອຍ,1,1,1,0.888685
ໃຊ້ບໍ່ໄດ້ເລີຍ ອັບເດດໃຫມ່ ແຮງບໍ່ດີ ຢາກໄດ້ແບບເກົ່າຫມູນ ໄອລັກກີ້ ດີຫລາຍ ມາອັບເດດໂຕລ່າສຸດ ຫມູນບໍ່ເຄີຍໄດ້ຫຍັງ ຊ້ໍາພັດຕອນນີ້ ຫມູນບໍ່ໄດ້ເລີຍ ຟ້ອງວ່າຫນ້ານີ້ບໍ່ຕອບສະຫນອງ,0,0,0,1.0
ອັບເດດຕະຫຼອດເລີຍ ໃສ່ເພງໃນ story ກະບໍ່ໄດ້,0,0,0,0.985002
ນາງນໍາ້ເພັດ,1,1,1,0.888685
ຢາກກູ້ຄືເຟສ,1,1,1,0.888685
ຊື້ແພັດແກັດໃນແອັບຄ່ອຍຂ້າງຍາກເຂົ້າໄປລະຫມຸນຢູ່ຫັນບໍ່ໄດ້ຈັງເທື່ອ,0,0,0,0.985002
ຄືບ້ານິບໍ່ໄດ້ເລີຍ,0,0,0,1.0
ເດບຮຕ,1,1,1,0.888685
ທຸກຢາງໃຫ້ປະສົບຄວາມສໍາເລັດຕໍ່ຫນ້າທີວງກງານ,1,1,1,0.888685
ແອັບຄືໂຫລດບໍ່ໄດ້,0,0,0,0.985002
ມັນບໍ່ມີສະຕໍລີ່,0,0,0,0.874798
ສົ່ງຂໍ້ຄວາມທີ່ປອດໄພ,1,1,1,0.676489
ຍອ້ບ,1,1,1,0.888685
ດີຫຼາຍໃຊ້ປະຈໍາທຸກມື,1,1,1,0.888685
ພະສວງ,1,1,1,0.888685
ຂໍຂອບໃຈ.,1,1,1,0.888685
ກູບໍ່ໃຫ້ດາວແອັບຂີ້ກາກເຂົ້າໄປແລ້ວບໍ່ເປັນຄືມືງໂຄຊະນາ. ສັດ,0,0,0,1.0
ເຄີຍເຮັດວຽກນໍາພາກລັດມາກອ່ນ,1,1,1,0.888685
ຄົນຈິດຕາມບໍ່ຫຼາຍ,1,1,0,0.874798
ໃຫ້ອັບເດດຕະລອດເບື່ອວະອັນເກົາມັນກະດີແລ້ວນິມູນໄດ້ເນັດແຊກະບໍ່ໄດ້ໂຄດສູນ,0,0,0,1.0
ດີຫລາຍສໍາລັບແອບນີ້,1,1,1,0.888685
ສະບາຍດີຈາ,1,1,1,0.888685
ມັນສຸຍອດດີ,1,1,1,0.888685
ອັບເດດລ່າສຸດບໍ່ເຫັນບ່ອນເຕີມເກມ ບໍ່ເຕີມໄດ້ລະບໍ,0,0,0,0.874798
ເພື່ອ ຄວາມຮຽນຮູ້ບັນທີັງ,1,1,1,0.888685
ດີຫລາຍຍຍ,1,1,1,0.888685
ພົງສະຫວັນສຸພັນະວົງ ທພສວ ທຄຕລ 1ສຸດຍອດແຫ່ງການເງີນ,1,1,1,0.888685
ໃຊ້ດີສາມາດເພີ່ມເພືອນໄດ້ຫລາຍ,1,1,1,0.888685
ແອບດິມາກ,0,0,1,0.888685
ຄ ລາວ,1,1,1,0.888685
ຫາກວ່າບໍ່ເກັບຄ່າທໍານຽມເຕີມ1ແສນພັດຫັກເພີ່ມອີກ10ພັນແຕ່ເກົ່າຄ່າທໍານຽມມີແຕ່3ພັນ ອັນນີ້ຫັກໄປ10ພັນຄ່າຫຍັງກະບໍ່ຮູ້ເລີຍ,0,0,0,1.0
ໄຊ້ສະດວ່ນຫຼາຍ,1,1,1,0.888685
ຊອບເລີຍ,1,1,1,0.888685
ນາງສຸວັນນີ ສີສະຫວັດ,1,1,1,0.888685
ລະຫັດຜູ້ໃຊ້ຫຍັງບໍ່ເຄຄຍລົງທະບຽນ,0,0,0,0.874798
ສົ່ງ link ໂດຍຜ່ານຂໍ້ຄວາມໄປຍັງເວັບໄຊທ໌ໃຫ້ເພື່ອນບໍ່ໄດ້,0,0,0,0.985002
ເບີໄທສະມັກບໍ່ໄດ້ຕິ,0,0,0,0.985002
ຄັກຫລາຍເດີ້,1,1,1,0.888685
5ໄປເລີຍມັກຫລາຍແອບນິ,1,1,1,0.888685
ກະຕ່າຍ,1,1,1,0.888685
d ດີ,1,1,1,0.888685
ແອັບຫາເຮັດຫຍັງກະບໍ່ໄດ້,0,0,0,1.0
ສູ່ຊີວິດ,1,1,1,0.888685
ແອັບຯດີມີຄຸນນະພາບ,1,1,1,0.888685
ສະດວກສະບາຍບໍ່ຕ້ອງໄປທະນາຄານກະໄດ້,1,1,1,1.0
ຂອ້ຍມັກຫລາຍແອັບນິ້,1,1,1,0.888685
ສະຫຼວກອືກແບບ,1,1,1,0.888685
ນາງພັດທະຢາ,1,1,1,0.888685
ກາກກ,0,0,1,0.888685
ໄດຢູ່,1,1,1,0.888685
ດີໄຈທີໄດ້ຫຼີ້ເຄື່ອງນີ້,1,1,1,0.888685
ຫລິ້ນເກມຫຍັງບໍ່ໄດ້ເລຍຊ່ວຍແກ້ໄຂແນ່ອັບເດດໃຫມ່ກະຄືເກົ່າ,0,0,0,1.0
ອັບເດດມາຫລີ້ນກະບໍ່ໄດ້ໂຕເກົ່າດີກວ່ານີ້,0,0,0,1.0
ເຂົ້າເພືອຊົມຂ່າວສານ,1,1,1,1.0
ແອັບເຂົ້າບໍ່ໄດ້ມີແຕ່ເດັ້ງຂ້ອຍບໍ່ໄດ້ຊື້ເລກມາ3ງວດແລ້ວງວດນິຍັງບໍ່ໄດ້ຂ້າພະເຈົ້າສິໄປໃຊ້ຂອງສາຂາອື່ນສາຂານິໃຊ້ມາສິເຂົ້າປີ1ແລ້ວປັບປຸງແນ່,0,0,0,1.0
ມັກ ຖືກໃຈ,1,1,1,0.888685
ຍອນຍັງວັດແອບຈືງລຶບອອ່ງນະ,1,1,1,0.888685
ງາຍໆດີໃຈ,1,1,1,0.888685
ໃຊ້ງາຍໃດ້ໃຈ,1,1,1,0.888685
ມັນລົງທະບຽນໂຄດພໍ່ໂຄດແມ່ມັນແນວໄດເກາະທາງເຟສກະບໍ່ໄດ້ທາງບັນຊີກູເກີ້ນກະບໍ່ໄດ້ ເຮັດໃຫ້ມັນເຂົ້າໃຊ້ງ່າຍໆກວ່ານີ້ບໍ່ໄດ້ຫວາຮ່າແດກສູ,0,0,0,0.985002
ຢ1ຟຸຕ,1,1,1,0.888685
ເລ່ນມວ່ນຫາຍ,1,1,1,0.888685
ຍາກໄສີອັນນີ,1,1,1,0.888685
ຮູ້ສະບາຍໄນຫລາຍໆແນວເມືອໄດ້ມານໍາໄສແອບນີ້,1,1,1,0.888685
ຍ້ອມຮັບຕາມຂໍ້ກໍານົດ,1,1,1,0.888685
ໃຊ້ງານດີມາກໆໆເລີຍ,1,1,1,0.888685
ຟິກ,1,1,1,0.888685
ສັນຍານເນັດເຕັມແຕ່ເຂົ້າໄປໃນແຊັດບອກວ່າບໍ່ເຊື່ອມຕໍ່ເນັດວ່າຊ້ານແກ້ໄຂໃຫ້ແນ່,0,0,0,1.0
ລະຫັດບໍ່ສົ່ງ,0,0,0,0.874798
ດີຫລາຍຮັບບັດສ່ວນລົດເລກແນະນໍາ 14029092,1,1,1,0.888685
ດີເກິນຈົນເປີດກ້ອງບໍໄດ້ເລີຍ,1,1,0,1.0
ຂ້ອຍມີແຟນແລ້ວເດີ,1,1,1,0.888685
ກ່ອນຊິເຂົ້າຫນ້າແອຟຊ້າແຮງ ທັງໃຊ້wifi ແລະໃຊ້ເນັດໂທລະສັບ ລະບົບຫມູນຊາມເຂົ້າໄດ້ເກືອບ30ວິນາທີ ເວລາເຂົ້າໄປແລ້ວບາງຄັ້ງໂອນເງິນກໍ່ບໍ່ໄດ້ປັບປຸງໃຫ້ດີກວ່າເກົ່າແນ່ເດີເຈົ້າ,0,0,0,1.0
ອະໄລກໍ່ດີເສຍແຕ່ເງີນມີຫມ້ອຍ,1,1,0,0.940264
ທ່າປ່າກໍາຫາຼຍ,1,1,1,0.888685
ຂ້ອຍມັກແລະໃຊ້ມາຫລາຍປີແລ້ວ,1,1,1,0.888685
ແອັບຫລີ້ນດີ,1,1,1,0.888685
ຈົນ,1,1,1,0.888685
ເຂົ້າບໍ່ໄດ້ຄວາຍ,0,0,0,0.985002
ດີຫລາຍເອົ້າໃຫ້5ດາວເລີຍ,1,1,1,0.888685
ໃຊ້ສະດວກສະບາຍດີໂອນໄວທັນໃຈ,1,1,1,0.888685
ໃຊ້ງານງາຍປອດໄຟມີaiເປັນທີ່ປືກສາຍ່າງດີ,1,1,1,0.888685
ປເ ວ,1,1,1,0.888685
ນັກຮຽນຂັ້ນປະຖົມນົມເຜື່ງຕັ້ນເຕົ້າ,1,1,0,0.784649
ສະອາດດີບໍ,1,1,1,0.888685
ເປັນແອັບທີ່ບໍ່ພ້ອມໃຊ້ງານເຕີມເນັດກໍ່ຍາກແອັບບັກແລະຄ້າງພັດທະນາໃຫ້ດີແນ່,0,0,0,1.0
ຈຍນ້າຍາົຫົກ້ຍເຂາຈຍ,1,1,1,0.888685
ຢາກຖືກຫວຍມາສ້າງ ບ້ານເຮືອນ,1,1,1,0.888685
ດີມາກດີທິສູດເລີຍ,1,1,1,0.888685
ເພາະວ່າດີ,1,1,1,0.888685
ຍັງຮັກຄືເກົ່າ,1,1,0,0.741557
ໃຊ້ຍາກ ຄວນເບິ່ງຄືນ,0,0,1,0.888685
ເຮັດໃຫ້ເຮົາຮູ້ຈັກໂລກກວ້າງຂື້ນ ຮູ້ເຫດການທີ່ເກີດຂື້ນໄດ້ໄວ້ກວ່າເກົ່າ,1,1,1,1.0
ແອບຫ່ານີເຂົ້າມັນກະວ່າບໍ່ສາມາດເຊື່ອຕໍ່ກັບອິນເຕີເນັດແອບດີແຮງເນັດຫຍັງເບິ່ງຢູ່ທູບໄດ້ເນັດກະບໍ່ເບີດອີກແບບນີ້ໄປໃຊ້ຂອງພັດທະນາຍັງສິບໍ່ດີກ່ອນບອກແອບກາກໂພດໃຫ້1 10,0,0,0,0.934254
ຂອບໃຈເດີທີມີໂມຈາ,1,1,1,0.888685
ກໍ່ດີນະໄດ້ຮູ້ຈັກເພືອ່ນຫລາຍຂື້ນ,1,1,1,1.0
ການໄຫ້ຄະແນນໄວ,1,1,1,0.888685
ໃຊ້ຄັກຫຼາຍ,1,1,1,0.888685
ບໍ່ເຫັນສ່ງດາຕ້າມາເຮັດກິຈະກໍາກະເຮັດແລ້ວກາກກຫລາຍ່0ເອີ.,0,0,0,1.0
ລະບົບຂັດຂ້ອງຕະຫລອດສາເຫດເປັນຍ້ອນຫຍັງ,0,0,0,0.910731
ໂອຍຍກູລະຫົວຈະປວດຍ້ອນແອບພີບ້າອັນນີ້ປັບປຸງໄດ້ກະປັບແນ່ສາເດີກູລະສຸດຈະທົນ,0,0,0,0.987453
ສົນໃຈລົດ,1,1,1,0.888685
ນ້ໍາຝົນ ຄໍາພສ,1,1,1,0.888685
ກວດກາເປີດເບີ່ງບັນຊີລ້າຊ້າບໍ່ວ່ອງໄວສັນຍານມີຈໍາກັດຫລາຍ,0,0,0,0.874798
ອ້າຍຄໍາຜອງ ສາຍເດັກຕີເກມ,1,1,1,0.888685
ຮັນເດີ,1,1,1,0.888685
ເຈັງສາວໆຫນ້າຮັກພຽບຄັກຖືກໃຈຫລາຍ,1,1,1,0.888685
ລະຫັດotpກໍ່ບໍ່ສົງມາ,0,0,0,0.874798
ລົງທະບຽນໂຄດຍາກຊື່ເຂົ້າລະບົບໃສ່ແນວໄດກະບໍ່ໄດ້ປັບປຸງແດ່,0,0,0,0.985002
ຂອງເຂົາດີ.ໆ.,1,1,1,0.888685
ດີທີ່ມີມັນງາຍແລະສະດວກໃນການສົນທະນາກັບທຸກຄົນ,1,1,1,0.888685
ຄະແນ່ນ5ດາ,1,1,0,0.572924
ຫຼີ້ນເກມບໍ່ໄດ້,0,0,0,0.985002
ແກ້ໄຂໃຫ້ແດ່ ດ່ວນ ຕອນນີ້ບໍ່ວາມາດເຂົ້າໃຊ້ງານໄດ້ນະ,0,0,1,0.626479
ດນຸ,1,1,1,0.888685
ຫິ້ຼນງ່າຍທັນໃຈສະດວກສະບາຍຢ້ງມ,1,1,1,0.888685
ຄິດຮອດເດີ,1,1,1,0.888685
73403394 ໃສ່ເລີຍ,1,1,1,0.888685
ໂຫລດຍາກ,0,0,0,0.602147
ເຍ້ຄສ້ຮຍ,1,1,1,0.888685
ດີຫລາຍ ແຕ່ຖ້າອອກບິນໃຫ້ລູກຄ້າໄດ້ຈະເປັນການດີ ເພື່ອຄົນທີ່ຕ້ອງເຄລມບິນຄືນໃຫ້ບໍລິສັດ,1,1,1,0.888685
ດີແລວ,1,1,1,0.888685
ພູມໃຈແລະຂອບໃຈທີ່ປະເທດລາວເຮົາມີທະນາຄານທີ່ທັນສະໄຫມແລະສະດວກສະບາຍ ຄົງຊິບໍ່ເຮັດໃຫ້ລູກຄ້າຜິດຫວັງເລື່ອງມິດຊາຊີບແຮັກຂໍ້ມູນຄວາມປອດໄພແລະເອົາເງິນໄປໃນທີ່ສຸດ.,1,1,0,0.800317
ຫ່ວຍແຕກຫລາຍກະລຸນາປັບປຸງແນ່,0,0,0,0.987453
ໂຫລດມາສະຫມັກກະບໍ່ໄດ້ແລ້ວຊິໃຫ້ໂຫລດມາສະຫມັກເພື່ອຫຍັງ,0,0,0,0.985002
ສະມັກໂຄດຍາກລູກອີກະຫລີ,0,0,1,0.888685
ດີຊາຍ ຢງມ,1,1,1,0.888685
ວັນເວລາ,1,1,1,0.888685
ໄມ່ທະນັດ,1,1,1,0.888685
ຕັ້ງບໍ່ໄດ້ເອົາເບີຕັ້ງຮອດສາມເບີແລ້ວຍັງບໍ່ໄດ້,0,0,0,1.0
ຕອນແລກໃຊ້ດີພໍອັບເດດໃຫມ່ເຂົ້າເບີ່ງຫຍັງກະບໍ່ໄດ້ອັບເພື່ອ.,0,0,0,1.0
ໃຊ້ງານງ່າຍໃຊ້ງານດີ,1,1,1,0.888685
ແອບນິຍຸງຍາກຫລາຍຫລົງທະບຽນແລ້ວບອກວ່າຫຍັງບໍ່ຫລົງແອບກະກາກໆສະຫມອງສູເຈົ້າເຮັດໄດ້ແຕ້ສໍານິຫວາຈະເລີນແລ້ວປະເທດ,0,0,0,1.0
ຖື່ວ່າດີນັກເຂົ້າແລ້ວບໍ່ຢາກອອກ,1,1,0,0.874798
ຊິດີກວ່ານີ້ຖ້າໂທຟີ,1,1,1,0.888685
ຂ້ອຍຕ້ອງໃຫ້ຮອດເປົ້າຫມາຍ,1,1,1,0.888685
ລົງທະບຽນບໍ່ໄດ້ເປັນຫຍັງວ່າທາບໍ່ແກ້ໄຂ່ຈະບໍ່ໂຫຼດຈະບອກຄົນອື່ນຕໍ່ຕໍ່ວ່າຍາບໍດີໂຫລດໄຫດາວ1ຜໍ,0,0,0,0.985002
ຮູ້ມີຄວາມສຸກ,1,1,1,0.888685
ຢາກໄຫ້ເຕີມເງີນດ້ວຍບັດເຕີມໄດ້ ເພື່ອຜູ້ທີ່ບໍ່ສະດວກໃນການເຕີມຜ່ານຊ່ອງທາງອື່ນ.,1,1,0,0.874798
ໃຊ້ດີແທ້ເດີຂໍບອກ,1,1,1,0.888685
ກະໂອຢູ່,1,1,1,0.888685
ສຸດຍອ່ດ,1,1,1,0.888685
ເຂົ້າແອບຄືບໍໃດ້ນໍ?,0,0,0,0.904519
ໃຫ້ສີດາວກ່ອນໃຊ້ຄັກໃຫ້5ເລີຍ,1,1,1,0.888685
ດີຢູ່ແຕ່ວ່າເວລາຕັ້ງໃຫມ່ແລ້ວບໍໄດ້ເນັດ,1,1,1,1.0
update ດຸໂພດ,0,0,1,0.888685
ເປັນແອັບທີ່ມີບັນຫາຕະຫລອດ,0,0,0,1.0
ເອີ້ນລົດຍາກໂພດ ກວ່າຊິໄດ້ລົດມາຮັບກົດເປັນ 20 ເທື່ອ ທັງໆທີ່ເຫັນລົດແລ່ນກາຍໄປກາຍມາຢູ່ ແຕ່ບໍ່ມີຄົນກົດຮັບ,0,0,0,0.874798
ອຄນໂດ້,1,1,1,0.888685
ໄດ້ແທ້ແຈກຈິງ,1,1,1,0.888685
ສະດວກ ສະບາຍ.ທີ່ສຸດຂອງແອັບຂົນສົ່ງ,1,1,1,0.676489
ຕິດຕັ້ງແລ້ວບໍ່ໃດຮັບຢູ່ພອຍ,0,0,0,0.96601
ສະດວກສະບາຍດີຫລາຍ,1,1,1,0.888685
ໂຍດ,1,1,1,0.888685
ໄດ້ແທ້ບໍ,1,1,1,0.888685
ມ່ວນຫມາກໆຈ່າ,1,1,1,0.888685
ດີຂໍຖາມເຈົ້າແດ່ເວລານີ້ເຈົ້າເຮັດຫຍັງຢູ່,1,1,1,0.888685
ຂອຍມັນໄຊວອດແອັດທີສຸດ,1,1,1,0.888685
ຊ່ວງນີ້ລະບົບມີບັນຫາແຮະ ຂະຫນາດແບ່ງປັນແລ້ວກະບໍ່ໄດ້ດາຕ້າ,0,0,0,0.985002
ໄດ້ເຮັດບໍ່ຫາລາຍ,0,0,0,0.874798
ໄດ້ໂທ ໄດ້ແຊ້ດຫາ ຄອບຄົວຫມູ່ຄູ່ຄົນຮັກປລະອື່ນໆ,1,1,1,0.888685
ອ້າຍຈົນນ້ອງຖົນໄດ້ບໍ່ຖາຖົນໄດ້ .ອ້າຍຮັກຕະລອດຊີວິດ,1,1,0,0.874798
ມັນຊ່ວຍໃຫັຫລາຍໆຄົນໃດັມີຄວາມຮູ້ເພີມເຕີມແລະຊວ່ຍໃຫັຮູ້ຮອບໂລກສຸດຍອດເລີຍນອກນັ້ນຍັງຊ່ວຍໃຫັຮູ້ຂາວສານໃນປະເທດແລະຕ່າງປະເທດຊວ່ຍປະກອບໃຫສາມາດໂທຫາກັນ ແລະັໃກັສິດກັນຕື່ມ,1,1,1,0.888685
ເສຍດາຍຢ່າງຫນຶ່ງເອີ້ນລົດຢາກໆ,0,0,1,0.888685
ເຂົ້າບັນຊີຕອນໃດໃຫ້ອັບເດດຕະຫຼອດ,0,0,0,1.0
ໃຊ້ງານດີສຸດຍອດ,1,1,1,0.888685
ດີຫລາຍແອັບນີ້ສຸດຍອດເລີຍພັດທະນາຕໍ່ໄປເດີຢູ່ຄຽງຂ້າງສັງຄົມລາວຕະຫລອດໄປເດີອີກຢ່າງຮູບໂຊມຮຸ່ນໃຫນ່ນີ້ໂຄດງາມເລີຍ,1,1,1,0.888685
ລອງໄຊ້ກ່ອນເດີ ແລ້ວຊິມາໃຫມ່,0,0,1,0.888685
7ເຫັນດີ,1,1,1,0.888685
ດິມາດເລີຍ,1,1,1,0.888685
ດີດີມາກມາກ,1,1,1,0.888685
facbook ໄຫ້ຄະແນນແອັບນນິ 25 2020 13 52.,1,1,1,0.888685
ນສງດາສີສີວິໄຊ,1,1,1,0.888685
ເຂົ້າຊ້າໂພດ,0,0,0,0.904519
ສະດວກ ຊື້ງ່າຍ ຫຼາຍຊ່ອງທາງຈ່າຍເງິນ ແອັບງາມດີ,1,1,1,0.888685
ເຂົ້າບໍ່ໄດ້ ເຂົ້າແລ້ວແອັບມັນເດັ້ງອອກ,0,0,0,1.0
ສຸດຍອດທີ່ໄດ້ເກີດເປັນມະນຸດ,1,1,1,0.888685
ໄຊ້ງາຍ,1,1,1,0.888685
ໃສດີ ດີດີດີ,1,1,1,0.888685
ແອັບເນົ່າ,0,0,1,0.888685
ມັນກົດຊໍາລະຄ່າໄຟບໍ່ໄດ້ກວດສອບແດ່,0,0,0,0.985002
ໃສ້ດິ,1,1,1,0.888685
ຢາກຫີ້ຼນ,1,1,1,0.888685
ວ່ອງໄວເຂົ້າໃຈງ່າຍແລະທີ່ສໍາຄັນມີໂບນັດຄູນ2ອິກຕື່ມ,1,1,0,0.904519
ແສງທອງ,1,1,1,0.888685
ຂອ້ຍຕ້ອງການເປີດbcel one,1,1,1,0.888685
ຂອບໃຈຈະຮັກສາfacebookດີໆ,1,1,1,0.888685
ຂອບໄຈສໍາລັບແອັດດີໆ,1,1,1,0.888685
ດີຫລາຍມ່ວນຊື່ນ,1,1,1,0.888685
ໄວທັນໃຈ ຕ້ອງອານຸສິດ ໃຊ້ແອັບນີ້ດີແທ້ໆ,1,1,1,0.888685
ເອົ້າ2ດາວໄປກ່ອນເພາະຕັ້ງຫຍັງບ່ໍໄດ້ເທືອ,0,0,1,1.0
ຍືດເວລາ,1,1,1,0.888685
ຢາກໃຫ້ມີການໂອນເງີນຕ່າງທະນາຄານໃນແອັບນີ້ໄວໆ,1,1,1,0.888685
ເອົາໄປລ້ານໄລນ໌,1,1,1,0.888685
ແອັບຍອດຮີດ,1,1,1,0.888685
ເກັ່ງສຸດ,1,1,1,0.888685
ໄຊມີສາ,1,1,1,0.888685
ຂໍໃຫ້ລາວແອັບທໍາງານໃຫ້ລູກຄ້າໄດ້ຜົນດີດວ້ຍນະ,1,1,1,0.888685
ມີຫານອາຫານຫຼາຍແລະແຊບ,1,1,1,0.888685
ສຸດຢອດມາກຄ່ະ,1,1,1,0.888685
ແອບຄົນລາວຈະໃດກະດີ,1,1,1,0.888685
ລິນໄດ້ດີມາກໆ,1,1,1,0.888685
ໃຊ້ຢູ່ດີໆ,1,1,1,0.888685
ໂທລະສັບຂ້ອຍລະບໍໄດ້ເຮັດຍັງມີແຕ່ໂຄສະນາຝຸດແຝນດານາທີລະສອງສາມເທື່ອກະໂພດຕີບໍຢາກຮ້າຍ,0,0,0,0.955309
ຕ້ອງປັບປຸງ ພະນັກງານຂັບລົດລາວຄົນແດ່ ເອົາປຽບລູກຄ້າ ເສັ້ນທາງໃກ້ຯບໍ່ໄປ ເຂົ້າພາໄປທາງໄກເພື່ອເພີ່ມເງິນຈາກລູກຄ້າ ລາງຄົນເຮັດໃຫ້ລູກຄ້າມາຮຽກບໍ່ທັນ ບາງທີພາໄປສົ່ງສະຖານີລົດເມໄປບໍ່ທັນແຫ້ງທີ່ທາງໃກ້ມີບໍ່ພາໄປ ພາໄປທາງອ້ອມຈົນລົດອອກຄິວກ່ອນ,0,0,0,0.874798
ໃສດີ,1,1,1,0.888685
ວ່ອງໄວທັນໃຈ,1,1,1,0.888685
ແອັບນີ້ໃຊ້ດີແຈກແທ້ ພຽງແຕ່ໃສ່ລະຫັດຂອງເຮົາ14680836 ກະສາມາດໄດ້ເງິນຄືນທຸກຄັ້ງ,1,1,1,0.888685
ແອກາເຣັກໄຟ,1,1,1,0.888685
ຫັດເທລິດາ,1,1,1,0.888685
ຂັດຂວາງການໃຊ້ແອບມາຍຢູນີເທວເຮັດຫຍັງ,0,0,1,0.888685
ດີຫຼາຍໃຊ້ງ່າຍແລະມີເກມໃຫ້ລຸ້ນໂຊກທຸກວັນອີກມັກຫຼາຍແອບນີ້,1,1,1,0.888685
ໃຊ້ດີຫລາຍໄດ້ເງີນໂປໂມຊັ່ນຟຮີ.ມື້ລະ5000ກີບ,1,1,1,0.888685
ແອັບນີ້ໄຊ້ດີໂດຍສະເພາະບໍ່ມີເງິນເຕິມເນັດ,1,1,0,0.874798
ແອບໂຄດກາກກອັບເດດດໃຫມ່ເທາະ,0,0,0,1.0
ຂອບຂໍໃຈ,1,1,1,0.888685
ລີນດາ,1,1,1,0.888685
ໃຊ້ບໍລິການແລ້ວຕອບໂຈດໄດ້ດີ,1,1,1,0.888685
ໄຊ້ງາຍແລະໄວ,1,1,1,0.888685
ເຮົາຕ້ອງການໄສ້ແອບນີ້,1,1,1,0.888685
ສັນ ຜູ້ ເຂົ້າ ຊົມ ໃຊ້ ໄຟຟ້າ ນ້ໍາ ຂອງ ທີ່ ໃຊ້,1,1,0,0.904519
ສົງທ້າຍປີເກົ່າ,1,1,0,0.741557
ແກ້ໄຂແນ່ເດີ້ ບັງຄັບໄຫ້ຜູ້ຊົມໄຊ້ລົງທະບຽນຫາກເຮັດແອ໊ບອອກມາບໍ່ໄດ້ເລື້ອງໄຊ້ຍາກ,0,0,0,0.973025
ຍອດເຍີຍມ,1,1,1,0.888685
ແອັບເຂົ້າໃຊ້ບໍ່ໄດ້,0,0,0,0.985002
ອັບເດດໃຫມ່ລະບໍ່ມີເກມຫລີ້ນໂຄດເຊັງ,0,0,0,0.874798
ນັດ,1,1,1,0.888685
ໂທຟີໃດ້,1,1,1,0.888685
ກະດີຢູ່ແຕ່ບໍ່ຄ່ອຍສິໄດ້ດຕ້າເອົາສອງດາວພໍຖ້າອັບໃຫ້ດີຂຶ້ນຈັ່ງສິໄຫ້ຫ້າ,0,0,0,0.874798
ເລືອງມືນິ້,1,1,1,0.888685
ນາງນູ່ວ່າງ,1,1,1,0.888685
ນັສາມາດຄັນສາ່,1,1,1,0.888685
ສຸດຍອດໃຊ້ໄດ້ດີຫລາຍວອງໄວທັນໃຈ,1,1,1,0.888685
ທານີດ,1,1,1,0.888685
ອັດເດດລະຄື ເຂົ້າດົນແທ້ ກໍາລັງກວດສອບສິດ ເປັນຊົ່ວໂມງລະນີ,0,0,0,0.904519
"ພະອສາງວາເຫົພິມອອກດຸຄຟຟພະໃນງວດ ແ.ວາຈະຫາ,",1,1,1,0.888685
ຟາມໄກ່ຊີພີນາສາລາ,1,1,1,0.888685
ປັບປຸ່ງແອບໄຫ້ດີກອນນີ້ແດ່ອານິ້ລະຫລີ້ນໄປຫລີ້ນມາເດັ່ງອອກເອ່ງກອນຊີໄດ້ຈົນເຈັບຫົວນໍາ,0,0,1,1.0
ຊື່ຊື່,1,1,1,0.888685
ຫລິນມວນຫລາຍລິນດີເອົາໄປເລີຍ5ດາວ,1,1,1,0.888685
ສະນຸກ ຮູ້ຖືກຂ່າວສານຕ່າງໆ,1,1,1,0.888685
ແອບບ້າຫຍັງຍາມໃດກະແຈ້ງໃຫ້ອັບເດດຫາກະອັບເດດແລ້ວເຂົ້າແອບພັດແຈ້ງໃຫ້ອັບເດດອີກລະ,0,0,0,1.0
ດີທີ່ສຸດ,1,1,1,0.888685
ຊ້າເກີນໄປ,0,0,1,0.888685
ດີໃຈນໍາແລ້ວ,1,1,1,0.888685
ພພຸກໍາ,1,1,1,0.888685
ໃຊ້ດີຫລາຍmessenger,1,1,1,0.888685
ແອັບຂີມ້າແອັບປັນຍາອອນ,0,0,0,0.625715
ຖຶກໃຈ,1,1,1,0.888685
ຖືກແລ້ວບໍ່ເຫັນໂອນເງີນໃຫ້ຫລືຕ້ອງເຂົ້າໄປເອົາເອງຢູ່ສູນບໍ,0,0,0,0.874798
ເຂົ້າລະບົບກວດເບີ່ງເລກທີ່ຊື້ກະບໍ່ໄດ້ຈັກແມ່ນຫຍັງ,0,0,0,0.81386
ຂອບໃຈ ທີ່ມີ ໂລກາ ບໍລິການ ຕະຫລອດ24ຊົ້ວໂມງ,1,1,0,0.533827
ລົງທະບຽນກາຍາກຫມາບໍ່ແດກ,0,0,0,0.874798
ຝັນວ່າຖືກເລກຈາກແອັບໂຊກໄຊ ແຕ່ກະເປັນໄດ້ແຕ່ຄວາມຝັນ ຂໍໃຫ້ແອັບໂຊກໄຊຊ່ວຍເຮັດສານຝັນຂອງຂ້ອຍໃຫ້ເປັນຈິງແນ່,1,1,0,0.572924
ດີຫຼາຍໃນການນໍາໃຊ້ແອບ,1,1,1,0.888685
ມຸນຍາມໃດກະຖືກແຕ່ຝັງເພງຕະລອດບາງເທືອກະແຄ່20ເມັກທໍ້ລະໃດແກ້ໄຂແນ່ເດີ,0,0,0,1.0
ເດັງອອກເອງ,0,0,1,0.888685
ເພື່ອນ ເກົ່າ,1,1,0,0.724015
ດີຄຣັບ,1,1,1,0.888685
ເຕີມບັດກະບໍ່ໂອນພ້ອຍກະບໍ່ໄດ້ຮ້າຍຫຼາຍ,0,0,0,0.985002
ແອັບບໍ່ຄ່ອຍ ສົມບູນເວລາອອກ ແລ້ວກັບເຂົ້າແອັບຄືນ ມັນເປັນຈໍສະແດງຜົນເປັນສີຂາວຫມົດຫນ້າຈໍ.,0,0,0,0.874798
ທຸກໆມື້ຂອງມື້ນີ້ ລ້ວນແຕ່ດີຫມົດ,1,1,1,0.888685
ແມ່ນການປະເຊີນຫນ້າກັບບັນຫາແລະຄວາມຈິງ,1,1,1,0.888685
ໂຄສະນາຫລາຍເກີນໄປ ລົບກວນເວລາ,0,0,1,0.888685
ເຮັດແອບກະເຮັດໃຫ້ດີແດ່ ຖ້າຢາກໃຫ້ຄົນໃຊ້,0,0,1,0.888685
ໃສ່ໄດ້ດີ,1,1,1,0.888685
ຄົນຄູມີຄົນ,1,1,1,0.888685
ເຮັດຫຍັງໂພດຫຍັງໄປທັ້ງໆທີ່ບໍ່ແມ່ນຮູບປະເປີຍບໍ່ແມ່ນຮູບໂປ້ກະປິດກັ້ນຜິດກົດຊຸ່ມຊົນ ໃຊ້ງານລ່າຊ້າ ປັບປຸງດ່ວຍມາອີກໂພດຮູບລະຄືໂພດໄດ້ແຕ່ຮູບດຽວຫລືວິດີໂອດຽວນັບມື້ນັບໃຊ້ງານບໍ່ຄັກເນາະ,0,0,0,0.901786
ເບື່ອສຸດ,1,1,1,0.888685
ດີເລິດ,1,1,1,0.888685
ດີໆໂທຟີຮ,1,1,1,0.888685
ຂໍໃຫ້ມີຄວາມຈະເລີນ ແລະ ມີຄວາມສຸກ ໃນການໃຫ້,1,1,1,0.888685
"ການຄັ້ງຄາ face book ຍາກຫຼາຍ.? ຍຶດສົ່ງລະຫັດຜ່ານ ກໍາພິມສົ່ງໄປແລ້ວຕາຍຄັ້ງ ຫຼາຍເທື່ອ ກໍາບໍ່ໄດ້ ຍອກໃຫ້ລອງແລ້ວ.ລອງອີກແລ້ວຫໍ່ບໍ່ເຊື່ອ ບໍ່ຢັ້ງຍືນໃຫ້ , ຖາມຫາແຕ່ລະໃຫມ່ຕະລອດເລື້ອຍໆ ຊິໃຫ້ເອົາມາແຕ່ໃສ່.? ອີກ.? ຄັນຍາກຫຼາຍກະຈະບໍ່ໃຊ້ແມ່ມັນດອກ.? ການຈະໃຫ້ຄະແນນກໍ່ຕ້ອງຕັ້ງຄາໄດ້ແລ້ວສົມບູນ .? ຄັ້ງຄາບໍ່ໄດ້ຈັກເທື່ອ ຍາມໃດກໍ່ຄ້າງຢູ່ຕະດ້ວຍ.?",0,0,0,1.0
ໃຊ້ງານງ່າຍ ສະດວກສະບາຍຫຼາຍ,1,1,1,0.888685
ໂຄດກາກ ຢາກໃຫ້ລົງທະບຽນແຕ່ບໍ່ສົ່ງລະຫັດມາໃຫ້ ຄວຍ,0,0,0,1.0
ໄຊ້ຍາກໂອນກະຍາກ,0,0,1,0.888685
ແກ້ໄຂແນ່ຄວນປ່ຽນຊື່ເປັນພາສາອັງກິດໄດ້ກັບບ່ອນຮູບແທ້ຄວນໃສ່ຮູບຖ່າຍໄດ້ຖ້າແກ້ໄຂແລ້ວສິໃຫ້5ດາວ .ຂໍຂອບໃຈ,0,0,0,1.0
ພຸດແພງ,1,1,1,0.888685
ດີແລະສະບາຍງ່າຍຊ່ວຍໃດ້ຫລາຍ,1,1,1,0.888685
pointມີຫຼາຍສໍາໃດກໍແລກບໍ່ໄດ້ຫັຍງເລີຍ?,0,0,0,0.985002
"ໄກ່ກະຕາກ,ປາກເຊ.f.c3",1,1,1,0.888685
ເປັນຄົນຈໍາຫຍັງບໍ່ຄ່ອຍໄດ້.ຜິດພາດຫຍັງໄປກະຂໍອະໄພເດີ,1,1,0,0.874798
ແນະນໍາເດີ ວ່າທີ່ເກມຊ້າງຄໍາ ແມ່ນຫຍັງຫວະອົດສາຫລິ້ນມາໄດ້ອັນດັບທີຫລາຍ ໃກ້ສີຮອດມື້ ໄດ້ລາງວັນ ແມ່ງເອີຍ ເຂົ້າຫລີ້ນ ລະບໍ່ໄດ້ ວ່າແຕ່ ອຸ່ຍ ມີບາງຢາງຜິດພາດ ບາດມີຄົນອື່ນຫລີ້ນໄດ້ ຫລາຍຮອບ ເປັນຕັ້ງວ່າ200ປາຍຄັນບໍ່ແຈກແທ້ກະແນະນໍາເອົາອອກ ສາເດີ ເຮົາເປັນຫນລູກຄ້າມາເປັນ10ປີ ພະຍາຍາມຫລີ້ນ ແຕ່ເປັນແບບນີ້ຕລອດ ກາກໂພດ ຕວະເກ່ງອີກ,0,0,0,1.0
ຕັ້ງເນັດເຮັດແນວໃດແອັບໂຕໃຫມ່ນິ,0,0,0,0.784649
ຢາກສີ້,1,1,1,0.888685
ເຂົ້າແອບຊ້າ,0,0,0,0.904519
ເກືອບສິດີ,1,1,1,0.888685
ໃຊ້ງານບໍ່ດີ,0,0,0,0.901786
ດີຫຮາຍໆເດ,1,1,1,0.888685
ເປັນຫຍັງຄືລົງທະບຽນ ຊິມບໍ່ໃດ້ ແອັບເປັນຫຍັງນໍ,0,0,0,0.874798
ໂຕເກົ່າຄັກແລ້ວໂຕໃຫມ່ມາບໍ່ເປັນຕາສະແຕ່ກຂໍລົບເດີ່ບໍ່ໄຊ່ແມ່ມັນດອກ,0,0,0,1.0
ແອັບກາກແສັດຫາຜູ້ສາວກະບໍ່ຕອບ,0,0,0,1.0
ຫຍຸ້ງຍາກ ເຂົ້າກະຍາກ ລົງທະບຽນເຂົ້າໄປແລ້ວ ກະກັບມາຫນ້າລົງທະບຽນຄືເກົ່າ ເຂົ້າໄປລົງທະບຽນຢູ່ສູນລໍ່ງ່າຍກວ່າຫວາແບບນີ້,0,0,0,1.0
ຢາກຮູ້ວ່າສິໃຊ້ເງິນໂບນັດໄດ້ແນວໃດ ສະສົມຮອດ3ແສນປາຍແລ້ວ ເອົາໃຊ້ແນວໃດ,0,0,1,0.888685
ປ່ຽນໂປຣໄຟລ໌ລະຍັງເປັນຮູບເກົ່າແກ້ດ່ວນ,0,0,0,1.0
ດີແຕ່ຢາກໃຫ້ພັດທະນາໄປເລື້ອຍໆເດີ,1,1,1,0.888685
ຢາກໃຫ້ຊື້ທາງທະນາຄານການຄ້າໄດ້ນໍາແນ່ເດີ້,1,1,1,1.0
ສຶກສາກ່ຽວກັບໂຄງສ້າງຂໍ້ມູນລັກສະນະທາງສັງຄົມຂໍຖືກສ້າງຂຶ້ນໃນ,1,1,1,0.888685
ດີຍຽມ,1,1,1,0.888685
ສົດ,1,1,1,0.888685
ສ.ນກຸ,1,1,1,0.888685
ຄວນແກ້ໄຂແອ໊ບໃຫ້ມີຄຸນນະພາບແດ່ຊ້າເກີນ,0,0,1,0.78361
ດີກ ຮ,1,1,1,0.888685
ຂຽນເບີໃສ່ຄືບໍ່ໄດ້1ໂຕ,0,0,0,0.985002
ດີໃຈທີໄສ,1,1,1,0.888685
ຄັນແທ້ໆ,1,1,1,0.888685
ລົບຂໍມູນອື້ນ,1,1,1,0.888685
ພໄຊໄດ້,1,1,1,0.888685
ເຮົາຄົນບໍ່ມີນ້ໍາໃຈ ໃຜບໍ່ສົນ,1,1,0,0.800317
ມັກແຮງງງ,1,1,1,0.888685
ໃຊ້ສັນ,1,1,1,0.888685
ເຢັງ,1,1,1,0.888685
ບອກໃຫ້ອັບເດດແອັບ ແລ້ວໄດ້1gອັບເດດແລ້ວຄືບໍ່ໄດ້ ແອັບຂີ້ໂກ່ງ,0,0,0,0.975217
ຄໍາ ປຸນ,1,1,1,0.888685
ດີແລວ້,1,1,1,0.888685
ຊົມເຊີຍ ດີຫຼາຍຈຶງສາມາດຕິດຕາມຂ່າວໄດ້ທັນເວລາ,1,1,1,0.888685
ລອງໃຊ້ເບິ່ງກອ່ນຖ້າດີສິມາໃຫ້ເພີ່ມອີກດາວ,1,1,1,0.888685
ຊອບໄຊ້,1,1,1,0.888685
ອັບແດດໃຫມ່ເດີ້ໂຄດກາກ,0,0,0,1.0
ອັບເດດເວີ້ຊັ້ນໃຫມ່ແຮ່ງຮ້າຍກົ່ວເກົ່າເຂົ້າໄປແອັບພາສາລາວຮອດບໍ່ມີຂະຫນາດປ່ຽນພາສາແລ້ວຍັງເປັນພາສາອັງກິດຄືເກົ່າ,0,0,0,1.0
ເສຶອກ,1,1,1,0.888685
ເຈຍລີ,1,1,1,0.888685
ໃຊ້ດີຄຸ້ມຄ່າທີ່ເສຍ,1,1,1,0.888685
ແກ້ວ ອຸດົມ,1,1,1,0.78361
ເຂົາlaoappຕອນໄດຄຶມັກເຕຶອນແທໂອວາອັບເດດຜໍເຂົາອິອັບແທໆຄຶບໍມິບອນອັບເດດວາອິອັບເດດບອກໄຫ້ເປິດແອບອິຍັງວະງົງ,0,0,0,0.862266
ມັກຫວຍມືຖື,1,1,1,0.888685
1ດາວພໍເອີ້ນຫລາຍເທື່ອງອນແອັດ,0,0,1,0.888685
facebookຊ້າຫລາຍ,0,0,1,0.888685
ໂພດເຄື່ອງຊ້າແຮງເຮັດແນວໃດ,0,0,1,0.888685
ໄຂ່ມຸກ,1,1,1,0.888685
ຄັງໆ,1,1,1,0.888685
ບໍ່ມີການແຈ້ງເຕືອນເວລາຂໍ້ຄວາມເຂົ້າ,0,0,0,0.874798
ດີຫຼາຍເດີຊຸ່ມເຈົ້າພາກັນໂຫດໄວ້ໃສ່ເດີ,1,1,1,0.888685
ໄຊ່ງານດີ້ມາກ,1,1,1,0.888685
ພ້ອມ,1,1,1,0.888685
ຮັກເຈົ້າ ຕອນເມົາ ນ່າຮັ,1,1,1,0.888685
ອໄດ້ຈ,1,1,1,0.888685
ແມ່ມັນຂັ້ນຕ່ໍາ20.000ວາດລວມຄ່າຈັດສົ່ງເກືອບ30.000ເຊົ່າໆແນວນິຂີ່ໄປເອງກະໄດ້,0,0,1,0.676489
ຢູ່ສະບາຍ,1,1,1,0.888685
ຄັກຫລາຍ.,1,1,1,0.888685
ແອັບອີ່ຫຍັງ ມີແຕ່ເປັນພາສາອັງກິດຫມົດເລີຍ ອ່ານບໍ່ເປັນດອກໃສ່ໂຕໄທແນ່ ໂຕລາວກະໄດ້,0,0,0,1.0
ຈຽງ ຄໍາແກ້ວບົວລະວົງ,1,1,1,0.78361
ສ້າງຄູຊັ້ນກາງເລກ8ຫົວພັນ ບ ລຽດ,1,1,1,0.888685
ໃຊ້ງ່າຍແອບນີ້ມັກຫລາຍ,1,1,1,0.888685
ຢູ່ຊື່ໆກະເຂົ້າບໍ່ໄດ້ນໍຂີຮ້າຍແທ້ແກ້ໄຂດ່ວນແດ່,0,0,0,0.985002
ເກືດວິໄຊ,1,1,1,0.888685
ຖືກໃຈສຸດໆ,1,1,1,0.888685
ແຈ່ມ,1,1,1,0.888685
ບໍ່ຢາກຕັ້ງ,0,0,1,0.514398
ຫມຸນວົງລໍ້ບໍ່ເຄີຍໄດ້ນິດມີແຕ່ແຊ,0,0,1,0.896812
ເລັກ ເລັກ,1,1,1,0.888685
ຮັກ bcel one ຫຼາຍ,1,1,1,0.888685
ແອບນີ້ໃຊ້,1,1,1,0.888685
ເລັກນອ່ຍ,1,1,1,0.888685
ຂໍໃຫ້ຂ້ອຍດາວໂຫລດໄດ້,1,1,0,0.602147
ຊື່ສານໃດ້ງ່າຍ,1,1,1,0.888685
ສຸດຢອກ,1,1,1,0.888685
ສົມພອນສີສຸວັນທອງ,1,1,1,0.888685
ກາກຫລາຍປ້ອນເບີໃສເດັງອອກເອງ,0,0,0,0.805045
ຮ່ວຍແຕກ,0,0,0,0.940264
ດາວໂຫລດຍາກ,0,0,0,0.602147
ຂໍ້ຄວາມເຂົ້່າແລ້ວມັນບໍ່ເຕື່ອນມີວິທີແກ້ໄຂແນວໃດ,0,0,0,0.874798
ຍາກໃຫ້ແກ້ໄຂ້ ການເຂົ້າລະບົບ2ຊັນ ຄືບໍ່ສົ່ງມາໃຫ້ທາງເບີ ທັ້ງທີບັນທືກໄວ2ເບີ,0,0,0,0.874798
ທ້າວພົດ ທ້າວພົດ,1,1,1,0.888685
ກງດຕິສັກ,1,1,1,0.888685
ລົງທະບຽນຢາກຫຼາຍ,0,0,0,0.899263
ສຸດຍອດໃນການບໍລິການ. ດີສຸດຯເດີ້,1,1,1,0.795422
ແອັບບໍ່ດີເທົ່າແອັບລາວໂທລະຄົມ ລົງທະບຽນກະ error,0,0,0,0.874798
ແອບນີ້ບໍຄັກ ລົງທະບຽນບໍເຫັນໄດ້ ອ່ອນຫລາຍ,0,0,0,0.899263
ນອງຝົນໂຕເຕຍ,1,1,1,0.888685
ຍັງເທືອຈາວ,1,1,1,0.888685
ກູໂສດກູ ບໍ່ເຂົ້າໃຈ,1,1,1,1.0
ເບີຍ,1,1,1,0.888685
ດີເກິນຢາກກິນຢູ່ໃສກະສັ່ງໄດ້ແນະນໍາແອບເຂົາດີ,1,1,1,0.888685
ຫຼັງຈາກອັບເດດໃຫມ່ ບໍ່ສາມາດສົ່ງຄໍາເຊີນຫມຼ່ຕິດຕັ້ງໄດ້,0,0,0,1.0
ດີ ແຕ່ວ່າມີຫມູ່ໃນເຝດຫລາຍ ແຕ່ບໍ່ເຫັນຫມົດ,1,1,0,0.874798
ຂົນສົ່ງໄວແຖມຖືກ,1,1,1,0.676489
ຢ່າສະແດງອີກ,1,1,1,0.888685
ໄຊດີລາຍ,1,1,1,0.888685
ດີຊາຍ,1,1,1,0.888685
ໂພດໂພໃຊ້ຍາກແທ້ໆ ພັດທະນາແດ່ເຢີ,0,0,0,0.945914
ໄຊ້ດີຄົນນີຍົມໄຊ້ຫຼາຍ,1,1,1,0.888685
ຝຊ້ດຮ,1,1,1,0.888685
ຊື້ງ່າຍຈ່າຍໄວອີຫລີ ໃຜໂຫລດແລ້ວໃສ່ລະຫັດໃຫ້ແນ່ເດີ້ 78704981,1,1,0,0.572924
ເປິດຢູ່ຄອມບໍ່ໄດ້,0,0,0,0.985002
ສະດວກສະບາຍມີຄວາມທັນສະໄຫມ,1,1,1,0.888685
ໂອນເງິນໄດ້ສະດວກສະບາຍ,1,1,1,0.888685
ຄອບໄຈທີ່ໄດ້ໄຊ່ບ່ລີການ,1,1,1,0.888685
ສັ່ງຍາກ,0,0,1,0.888685
ໃຊ້ງ່າຍສະດວກສະບາຍ,1,1,1,0.888685
ຂະຫນາດຊື້ໂທລະສັບໃຫມ່ຍັງເຂົ້າບໍ່ໄດ້ເລີຍ ແອັບດີຢູ່ແຕ່ມັນຊ້າ ບໍ່ມັແອັບກັງໆ,0,0,0,1.0
ຢາກໄດ້ແບບໄວລະແອດ,1,1,1,0.888685
ໃຊ້ຍາກເກີນໄປບໍ່ສະດວກ ຢາກເບິ່ງປະຫວັດການໃຊ້ແອັບກະບໍ່ເຫັນ,0,0,0,0.874798
ສັ້ນຫມາສິວ,1,1,1,0.888685
ດຸໂພດ,1,1,1,0.888685
ຂອບໃຈໂປແກມນີ້ມີຄວາມສະດວກໃນການສື່ສານດ້ວຍທາງເອເລັກໂຕນິກ,1,1,1,0.888685
ໃຊ້ດີສະດວກສະບາຍ,1,1,1,0.888685
ດີເກີນຕ້ານ,1,1,1,0.888685
ເນັດຊ້າ ຫຼີ້ນຊ້າ ປັບປຸງອີກ ບໍ່ຄືmy unitel ບໍ່ມີເນັດຍັງເຂົ້າແອັບໄດ້,0,0,0,0.874798
ເຂົ້າບໍ່ໄດ້ມັນເປັນຍ້ອນຫຍັງ,0,0,0,0.985002
ສອ້ມແປ່ງ,1,1,1,0.888685
ທີ່ບ,1,1,1,0.888685
ພາກຕີດຕາມແນ່ເພືອນໆທຸກຄົນ,1,1,0,0.572924
ແອບເຂົາຢາກໂພດຕ້ອງໄດ້ໃສ່ລະຫັດທຸກຄັ້ງທີເຂົາ,0,0,1,0.888685
ພີ່ພິນສາຍດ່ຽວ,1,1,1,0.888685
ສົ່ງຮູບແຕ່ບໍ່ເຫັນຮູບ,0,0,0,0.874798
ຂ້ອຍຕັ້ງແອປນີບໍໄດ້ຂ້ອຍລືມລະຫັດpin,0,0,0,0.784649
ວ່ອງໄວທັນໃຈສົດໃສຕໍ່ສັງຄົມລາວທົ່ວທຸກໆປ່ວງຊົນ,1,1,1,0.888685
ໄວໄດ້ໃຈ,1,1,1,0.888685
ແກ້ໄຂໃຫ້ແກ່ ບໍ່ທໍາໃຈ,1,1,1,1.0
ຍາກໄຫ້ໄຊ້ເນັດບໍ່ເປືອງ,1,1,0,0.874798
ນ້າຮັກຫລ້າຍເຈົ້າ,1,1,1,0.888685
ຮ່ວຍແຕກແທ້ ບອກໄອທີມາປັບປຸງດ່ວນ,0,0,0,0.940264
ພໍມຶ່ງຕາຍຕົວະກູອັດເດດ,0,0,0,0.956258
ຂໍໂຈຂໍໂຈ,1,1,1,0.888685
ເສຍເງິນລ້າໆ ເຕິ່ມຄ່າໂທເງິນບໍ່ເຂົ້າ,0,0,1,0.501578
ໃຊ້ບໍລິການດີຫລາຍວ່ອງໄວທັນໃຈ,1,1,1,0.888685
ໄຊ້ແລ້ວໄດ້ດີໄດ້ສິງທີເຮົາຕ້ອງການ,1,1,1,0.888685
"ຂີ້ຮ້າຍສຸດ, ຄ້າງ ແລະ ໃຊ້ງານບໍ່ໄດ້ເລີຍ",0,0,0,0.978682
ຣາຊາຂາຊີງ.,1,1,1,0.888685
ເລັ່ນມ່ວນອີ່ຫລີ,1,1,1,0.888685
ເບິ່ງງ່າຍສະດວກມີຫລາຍຄໍາສັ່ງໃນແອບດຽວ,1,1,1,0.888685
ຈັນມະນີ,1,1,1,0.888685
ປຽ່ນຜູ້ແນະນໍາບໍ່ໄດ້,0,0,0,0.985002
ໃຊ້ການບໍ່ໄດ້ ປັບປູງດ່ວນ,0,0,0,1.0
ຕິກຕ໋ອກຄັກກ່ອນ,0,0,1,0.888685
ເປັນຫຍັງມັກໃຫ້ອັບເດດ,1,1,0,1.0
ແຈກເງິນສົດຄືຊິດີ,1,1,1,0.888685
ລົງທະບຽນບາງເບີກະເຂົ້າຍາກ ລົງທະບຽນໃບສັກວັກຊີນ ກົດຮູບຖ່າຍກະບໍຂຶ້ນ ເຮັດຫຍັງກະບໍໄດ້ ຄວນປັບປຸງແນ່ເດີ້ ປານນັ້ນສໍາຄັນບາດຄົນຊິສະມັກລະຍາກຄືພິສັງນິເດັ້ງກະເດັ້ງຊ້າອີກ ບໍ່ແມ່ນ ທລສ ຂ້ອຍກາກເດີ້ແລັມຂ້ອຍກະວ່າງຫຼາຍ ເຂົ້າອັນອື່ນຫນັກກວ່ານີ້ບໍເຫັນຊິເດັ້ງ,0,0,0,1.0
goodຍອມຮັບໃນຄໍາຕິຊົມເພາະຮຽນຮູ້ບໍ່ເຖິງ.,1,1,0,0.874798
ຫຼິ້ນບໍ່ໄດ້,0,0,0,0.985002
ເປັນຫຍັງຢູ່ດີໆຄືເຂົ້າເຟສບໍ່ໄດ້ຫລິ້ນເກມກະເດັ້ງອອກເຂົ້າບໍ່ໄດ້ກະລຸນາແກ້ໄຂໃຫ້ແດ່ຂອບໃຈ,1,1,0,1.0
ຂໍໃຫ້ໄດ້1000gmຂໍຈາກໃຈ,1,1,1,0.888685
ຊີວິດກູກັບມືງຕອ້ງຢູ່ດວ້ຍກັນຈົນຕາຍ,1,1,1,0.888685
ເຂົ້າແອັບກະໂຄດຊ້າ ມີເຄື່ອງຝາກມາກະບໍ່ມີການແຈ້ງເຕືອນຖ້າບໍ່ກົດເຂົ້າແອັບ ຢາກໃຫ້ປັບປຸງຄວາມໄວໃນການປະມວນຜົນຕອນເຂົ້າແອັບ,0,0,0,0.874798
ແບບນີ້ລະດີຫລາຍ,1,1,1,0.888685
ບໍ່ດີເລີຍແຊັດຫາແຟນເກົ່າລະເຂົາບໍ່ຕອບ,0,0,0,1.0
ແອັພກາກໆ,0,0,1,0.888685
ສຸດຍອດຄວາມລະອຽດ,1,1,1,0.888685
ເຂົ້າແອັບຄືບໍ່ໄດ້,0,0,0,0.985002
ໄດ້ເດີ,1,1,1,0.888685
ດີຫຼາຍເດີ້ແຕ່ເວລາໂທvideo callຢາກໃຫ້ມີສະຕິກເກີ້ພ້ອມເດີ້,1,1,1,0.888685
ບໍຄັກເດີ,0,0,1,0.888685
ຄືແບບອັບເດດມາໄຫມ່ແຍ້ມາກເລີຍຊ່ອຍປັບປຸງແດ່,0,0,0,0.862266
ເປັນຍ້ອນຫຍັງດຽວນີ້ຄືຫມຸນເນັດບໍ່ໄດ້ຄືແຕ່ກ່ອນ.ຫລືວ່າຍົວະໃຫ້ໂຫລດແລ້ວບໍ່ໃຫ້ເບາະ.ດຽວນີ້ໂຄດກາກເລີຍ,0,0,0,0.985002
ໂລດຊ້າ,0,0,1,0.888685
ປັບທັບໃຈທຸກຢ່າງທີ່ໄດ້ບໍລິການຂົນສົ່ງຮຸງອາລຸນ,1,1,1,0.676489
ລັກ9ຍຫງແລກບໍໄດ້ຍູ່ບໍເຈ້າ,0,0,0,0.955309
ນາງທໍາ,1,1,1,0.888685
ບໍ່ໄດ້ເລື່ອງຫມູນກາບໍ່ໄດ້,0,0,0,0.985002
ປ່ຽນລະຫັດເຟດມັກລ໊ອກແກ້ໄຂ້ດ່ວນ,0,0,1,0.78361
ບີໂຈາພລາຖ,1,1,1,0.888685
ພວມເຮາຕອງການແອບນີ,1,1,1,0.888685
ບໍ ok,0,0,1,0.888685
ເຂົາບໍ່ຕອບແຊັດ,0,0,0,0.874798
ຕ້ອງການໃຊ້ແອັບ,1,1,1,0.888685
ດີຫລາຍທີ່ມີ່ສີ່ງອໍານວຍຄວາມສະດວກໃນການຕິດຕໍ່ສື່ສານທາງຮູບພາບແລະຂໍ້ຄວາມ,1,1,1,0.888685
ບໍ່ເຫັນຊິໃຊ້ໄດ້ເດ ປ້ອນຂໍ້ມູນກະບໍ່ໄດ້,0,0,0,0.985002
ຂໍເຂົາໄປທັງແວັດໄຊ້,1,1,1,0.888685
"good ດີຫລາຍ,ວ່ອງທັນໃຈ,ສະດວກສະບາຍໃນການບໍລິການອະຫລີ.",1,1,1,0.795422
ຈັກຊິໂຄສະນາເຮັດຫັຍງໃຫ້ດາວໂຫຼດພໍແຕ່ເບີດເງິນຊື່ໆເຂົາໄປກະເດັງອອກ,0,0,0,1.0
ດີເນັດຄຸ້ມ,1,1,1,0.888685
ຢາກໄດ້ດາຕ້າແບບຄູນສອງອີກ,1,1,1,0.888685
ສຸດເລີຍໃຊ້ງານງາຍ ແຕ່ຢາກໃຫ້ມີແຈ້ງເຕືອນ,1,1,1,0.888685
ແກ່ໄຂ່ແນ່ເຂົ້າແອັບບໍໄດ້ເປັນຊີຂ່າວ,0,0,0,1.0
ບຈິ,1,1,1,0.888685
ແອບໄຊ້ດີ,1,1,1,0.888685
ດີຫລາຍແອັບນີ້,1,1,1,0.888685
ກະດີຢູ່ໃຊ້ໄດ້ ເລກແນະນໍາ 06980439,1,1,1,0.888685
ຖືກເຈີໃນສິ່ງນີ້,1,1,1,0.888685
ບັນຫາຫຼາຍຢ່າງ,0,0,1,0.888685
ມັກແອບນີ້ຫລາຍ,1,1,1,0.888685
ໃຊ້ດີສຸດໆໄປເລີຍ,1,1,1,0.888685
ມີຄວາມປອດໄພສູງມີຄວາມສະດວກສະບາຍ ບໍ່ມີຫຍັງຊັບຊ້ອນ,1,1,0,0.874798
ຂໍຄືນປ່າແລ້ວວ່າຈະ,1,1,1,0.888685
ສຶກສາ,1,1,1,0.888685
ໃນຮອດປີ,1,1,1,0.888685
ເບີກະໃສ່ຖືກລະຄືບໍ່ເຫັນສົ່ງລະຫັດມາຈັງແມ່ນຊາດ,0,0,0,0.874798
ທໍາ,1,1,1,0.888685
ນັກທ່ອງທ່ຽວຮທີ່ຮາ,1,1,1,0.888685
ປະເທດ,1,1,1,0.888685
ຢາກໃຫ້ມີບໍລິການລົດໃຫ້ຫຼາຍກວ່ານີ້ ຮ້ອງແລ້ວຮ້ອງອີກບໍ່ມີຈັກເທື່ອເລີຍໂດຍສະເພາະລົດໃຫຍ່ ຢາກສະຫນັບສະຫນູນແອັບນະແຕ່ລົບກວນປັບປຸງໃຫ້ແນ່ ແລ້ວຈະມາເພີ່ມດາວໃຫ້ຖ້າເຫັນວ່າດີຂຶ້ນ,0,0,0,0.994453
ເລ່ນໄກ່,1,1,1,0.888685
ດີດ,1,1,1,0.888685
ໄຊ້ງານສະບາຍດີຫລາຍ,1,1,1,0.888685
ດີທີ່ສຸດຂອງທະນາຄານການຄ້າ,1,1,1,0.888685
ວິດີໂອຄໍແລ້ວເວລາກົດຍ້ອນກັບແລ້ວປິດກ້ອງ,0,0,1,0.888685
ໃປເລື້ອຍຽ,1,1,1,0.888685
ບໍ່ໃດ້ເລື່ອງເລີຍ,0,0,0,0.874798
ເປີດບໍ່ໄດ້ ເດ້ງອອກ,0,0,0,0.985002
ມວນຫາຍເດີ. ມວນແທ້ ເພງບ້ານເຮົາ,1,1,1,0.888685
ດີຫຼາຍ ສໍາລັບການຮຽນຮູ້ ສີ່ງໃຫມ່ໆ,1,1,1,0.888685
ທ້າວ ຄໍາ,1,1,1,0.888685
ມັກຍ້ອນມີແນວລີ້ນໃຫມ່ໆ,1,1,1,0.888685
ດີຫຼາຍຕັ້ງແຕ່ຂ້ອຍໃຊ້ແອັບນີ້ບ່ໍໄດ້ເຕີມບັດຈັກເທື່ອເລີຍມັກຫຼາຍ,1,1,0,0.994453
ການລິ້ນແຟດສັນຍານຍັງບໍ່ຟາກດີປານໄດ,1,1,0,0.874798
ສື່ສານຕໍ່ກັນໄດ້ສະດວກສະບາຍຫລາຍ,1,1,1,0.888685
ດີຫລາຍ,1,1,1,0.888685
ດີໆສະດວກສະບາຍດີ,1,1,1,0.888685
ອັບເດດແລ້ວເຂົ້າແອບບໍ່ໄດ້ໄຫ້ຊໍາ້ນິໄປກອ່ນເຂົ້າແອບບໍ່ໄດ້ເລີຍປະຕິບັດຕາມຄໍາແນະນໍາແລ້ວຍັງເຂົ້າບໍ່ໄດ້,0,0,0,1.0
ນ້ອງຫອມ,1,1,1,0.888685
ເອີ້ຍາກແຮງຢາກຮັບລູກຄ້າຢູ່ຫວາເອີ້ເປັນຊົ່ວໂມງລະ,0,0,1,0.888685
ຢາເສຶອກ,1,1,1,0.888685
ເຫັລກຄໍາ,1,1,1,0.888685
ໂລດບໍ່ໄດ້3ເທື່ອກະບໍ່ໄດ້,0,0,0,0.985002
ແອບນີ້ສ້າງເພື່ອຫາຊິແຕກຫຍັງລົງທະບຽນບໍ່ໄດ້ ເຊີນພັດທະນາໃຫມ່ແດ່ເດີ ສົ່ງຂໍ້ມາໃຫ້ກູດາວໂຫລດເພື່ອລົງທະບຽນແຕ່ລົງບໍ່ໍາດ້ນີນະໂອຍຟ້າເອີຍ ຢ່າສົ່ງໄປຫາໃຜອີກເດີກູອາຍແທນ,0,0,0,0.985002
ຂໍເພດ,1,1,1,0.888685
ດີຫຼາຍ ເສຍແຕ່ບໍ່ມີຈ່າຍຄ່າໄຟຟ້າ,1,1,1,0.501578
ເທ້ໆໆ,1,1,1,0.888685
ແອັບດີໃຊ້ດີມາກຊ່ວຍປະຍັດເວລາໄດ້ຫຼາຍເລີຍສະດວກຈິງໆໃນການໃຊ້ງານແອັບນີ້ວ່ອງໄວທັນໃຈ,1,1,1,0.888685
ດີລາຍໄວດີ,1,1,1,0.888685
ຕິດຕັ້ງແລ້ວເພີ່ມບັນຊີຕົນໃສ່ວ່າແຕ່ຜິດພາດຕະລອດ,0,0,0,0.96601
ດີໄຊງາ່ຍໄວ,1,1,1,0.888685
ອັບເດດແລ້ວເຂົ້າແອັບບໍ່ໄດ້ປັບປຸ່ງແນ່,0,0,0,1.0
ຫພະ3,1,1,1,0.888685
ເລີ່ດດມາກກຄ່າ,1,1,1,0.888685
ລະບົບມີປັນຫາ. ຄື.? the system has a problem. ?,0,0,0,0.876619
ຂອບໃຈສໍາລັບເຄື່ອງມື້ອອ່ນລາຍທີເປັນເລີດ,1,1,1,0.888685
ເຍ່ຍຢ່າງ,1,1,1,0.888685
ໃຊ້ງ່າຍງ່າຍວ່ອງໄວ,1,1,1,0.888685
ຄົນໄທກະໃຊ້ສະເບາະ,1,1,1,0.888685
ຄືດີຫລາຍຫລີ້ນງ່າຍທັນໄຈຍາກໄຫ້ສ້າງແອັບດີໆແບບນີ້ຕໍ່ໆໄປ,1,1,1,0.888685
ມັນດີຕໍພໍ່ແມ່,1,1,1,0.888685
ສ່ວນປະກອບ,1,1,1,0.888685
ລ່າສຸດ,1,1,1,0.888685
ດີມີປະໂຫຍດຫລາຍເດີເຈົ້າໃຊ້ງານສະດວກມັ້ນໃຈໃດເລີຍແອບນີ້ ຂອບໃຈ,1,1,1,0.888685
ດິມາດໆໆ,1,1,1,0.888685
ດີກົມ ໃວຕມື່,1,1,1,0.888685
ດີໄຊງາຍ,1,1,1,0.888685
ຂໍ່ເດີ,1,1,1,0.888685
ຄັກສຸດ,1,1,1,0.888685
ຫາຜົວໄດ້,1,1,1,0.888685
ມົ້ງວີຂໍໂທດ,1,1,1,0.888685
ໄຮໄລບໍໄດ້,0,0,0,0.522234
ບໍ່ເປັນຕານໍາໃຊ້,0,0,0,0.874798
ໂຫລດມາກະເຂົ້າບໍ່ໄດ້ຂີກາກແທ້,0,0,0,0.985002
ດີຫລາຍຢາ່ງຄວາບັນເທິງແລະມີຂ່າວໃຫ້ໄດ້ຮັບຮູ້,1,1,1,0.888685
ໂທຫາຢູ່ນະ,1,1,1,0.888685
ຕັ້ງແລ້ວບອກໃສ່ລະຫັດທີ່ສົ່ງມາໃຫ້ໃສ່ຈົນເມື່ອຍກະບໍ່ໄດ້ຈົນລໍາຄານ,0,0,0,1.0
ລະຫັດພໍ່ມືວໃສ່ລະບໍ່ໄດ້,0,0,0,0.985002
ດີຫຼາຍ ມັກແຮງ ຂໍໃຫ້ພັດທະນາຕໍ່ໄປເດີ້.,1,1,1,0.888685
ອ່ອນຫລາຍ.ລໍາຄານເຂົ້າລະອອກ,0,0,0,0.904519
ສະດວກ ສະບາຍ ວອງໄວ ທັນໄຈ!,1,1,1,0.888685
ກູດ,1,1,1,0.888685
ອີນເຕືເນັດໄວທັນໃຈດີ,1,1,1,0.888685
ແອັບນີ້ຄື່ອັບເດດຕະຫລອດເຈົ້າ ຖ້າເປັນແບບນີ້ລູກຄ້າຊິໃຊ້ບໍລິການແນວໃດອາທິດຫນຶ່ງສອງອາທິດກະອັບເດດອີກ,0,0,0,0.929163
ບໍ່ລິການດີໄດ້ດັ່ງໃຈ,1,1,1,1.0
ດີເປັນການບັນເທີງ,1,1,1,0.888685
ປັບປຸງຕື່ມ ການແຈ້ງເຕືອນ ເວລາໂອນອອກ ເຂົ້າ ຊ້າ,0,0,0,0.904519
ໂທວິດີໂອຄໍບໍ່ໄດ້ເລີຍ,0,0,0,1.0
ອ້ອມ,1,1,1,0.888685
ປັບປຸງແດ່ເດີ້ຊ້າໂພສ,0,0,0,1.0
ເຂົ້າໃຊ ບໍ່ໄດ້,0,0,0,0.985002
ແຢ້ມາກ,1,1,1,0.888685
ເປັນຫຍັງຄືສະແກນບໍ່ໄດ້ຄືແຕ່ກອ່ນ,0,0,0,0.985002
ດາວໂຫລດຊ້າມາກ,0,0,0,0.602147
ດີລາຍທີ່ໃດ້ໃຊ້bcel one,1,1,1,0.888685
ເອີ້ນເອີ້ນີຕີອ,1,1,1,0.888685
ນ່ະ,1,1,1,0.888685
ພໍຈະເຂົ້າໃຈເພາະມີຄໍາອະທິບາຍະອຽດ,1,1,1,1.0
ເຂົ້າໂມຈາບໍໄດ້ສໍາ,0,0,0,0.904519
ພອຫລີ້ນ,1,1,1,0.888685
ບໍ່ແຄແຟນເກົ່າ,1,1,0,1.0
ໃຊ້ງານດີມາກ,1,1,1,0.888685
ບໍໃຫ້ພໍດາວເດີເພາະວ່າຂ້ອຍໂທໄປຫາມູ່ແລ້ວບໍໃດ້ງີນສງຽແລ້ວກະບອກວ່າຫົມດການໂທຟີຮ25ນາທີແລ້ວໂທກະບໍໃດ້ອີກ,0,0,1,0.888685
ແລ້ວແຕ່,1,1,1,0.888685
ຫາກະຮງນຫຼີ້ນດີແນວໃດອລ້ວຄ່ອຍມາບອກໃຫມ່,1,1,1,0.888685
ເປັນຍັງລິນບໍໄດ້,1,1,1,1.0
ເລ່ນຄືບໍ່ໃດ້ແຍ່,0,0,0,0.874798
ມັນເຂົ້າແລ້ວເດັ່ງອອກ,0,0,0,0.904519
ສະດວກສະບາຍ ຈ່າຍຄານໍ້າ ຈ່າຍຄາໄຟ ຈ່າຍຄາໂທລະສັບສະບາຍໆບໍ່ຕ້ອງເສຍເວລາໄປສູນບໍລິການ ຖືກໃຈຫຼາຍ,1,1,0,0.874798
ໄຊ້ງານຄັກລາຍ,1,1,1,0.888685
ທ່ານໃດເຂົ້າມາໄຫມ່ແນະນໍາໄຫ້ໃສ່ລະຫັດນີ້ເດີ59901731 ຈະໄດ້ຮັບເປີເຊັນໃນການຊື້,1,1,0,0.904519
ພູມໃຈມາກຈະ,1,1,1,0.888685
ປັບປຸງແອັບແນ່ເດີ ມີແຕ່ຄ້າງກັບເດັ້ງອອກ ຮູຂີ້ເຮັດໃຫ້ຄົນມາດາງໂຫລດເສຍດາຕ້າບໍ່ມີປະໂຫຍດຫຍັງ,0,0,0,1.0
ແລ້ວມີແອບນີ້ເຮັດຫຍັງສຸດທ້າຍກາບອກໃຫ້ເຂົ້າໄປເປີດເບີໃຫມ່ລົງທະບຽນເບີໃຫມ່ທີສູບຄືເກົ່າ,0,0,0,1.0
ເຂົ້າເຟສບໍ່ໄດ້ມັນເປັນແນວໃດບຸ,0,0,0,0.985002
ອັບເດດແລ້ວຫຼິ້ນຍາກເລີຍ,0,0,0,0.862266
ດີໃຊ້ຄັກ,1,1,1,0.888685
ບູນແກ້ວສີປະເສິດ,1,1,1,0.78361
ເປັນຫຍັງຫມູນວົງລໍຈື່ງໄດ້ແຕ່ອັບເດດສະຖານະກັບຟັງເພງຮ່ວມກັນ,0,0,0,1.0
ບາດຊິສໍ້ໃສ່ລະຫັດຖທຸກໂຕຕາມທີ່ເຄີຍໃສ່ກະວ່າບໍ່ຖືກນິຫນາ ນ່າຍເດ,0,0,0,0.874798
ທີມງານຂອງທະນາຄານໃຫ້ຄໍາປຶກສາຫຍັງບໍ່ໄດ້ຈັກຢ່າງຄິດຜິດທີ່ເສຍເວລາຕັ້ງແອັບນີ້ມາ,0,0,0,1.0
ສຸດບອດ,1,1,1,0.888685
ດີເລຍ,1,1,1,0.888685
ຂ່ໃຫ້ບ່ລີການແປງຫນວ່ຍຄວາມຈໍາໃຫ້ດີທີ່ສຸດ,1,1,1,0.888685
ມັກທີ່ຈະຫລິ້ນ ແອ້ບນີ້ເດີ້.,1,1,1,0.888685
ແອບນີ້ດີຫຼາຍໃສ່ລະຫັດຜູ້ແນະ01550368ແລ້ວທ່ານຈະໄດ້ສ່ວນຫຼຸດ,1,1,1,0.888685
ຍາີ່ຶທ່ເຮຍ່,1,1,1,0.888685
ການໂອນເງິນເຂົ້າຈາກທະນາຄານບໍ່ຄົບທຸກທະນາຄານ,0,0,0,1.0
ໃສແລ້ວຮູ້ສືກວ່າດີ,1,1,1,0.888685
ໄມໂຄໂພ,1,1,1,0.888685
ດີໃຈທີ່ໄດ້ໃຊ້ແອບນີ້ດີຫຼາຍ,1,1,1,0.888685
ດີຫລາຍຊື້ເລກບໍ່ເຄີຍຖືກ,1,1,0,0.874798
ແກ້ໄຂໃຫ້ແດ່ຕອບຄໍາຖາມແລ້ວເປັນຫຍັງຈຶງເຊື່ອມຕໍ່ກັບລະບົບບໍ່ໄດ້ເລີຍຖ້າຕອບຜິດກະຊ່ວຍໃຫ້ເຮົາຕິດຕໍ່ຫາໄດ້ບໍ່ອັນນີ້ລະເຂົ້າບໍ່ໄດ້ເລີຍກາງວົງນໍາເງີນຢູ່ໃນບັນຊີ,0,0,0,1.0
ບັນຍາຍອະທິບາຍບັນດາຊູຄູຈະຮູ,1,1,0,0.625715
ຈິບຫາຍດາວໂຫຼດມາລະເຂົ້າແອບບໍ່ໄດ້ແລ້ວຊິສ້າງມາເພື່ອຫຍັງ ຜູ້ກໍ່ຕັ້ງຕ້ອງປັບປຸງໃຫມ່ເດີ ຄັນເປັນແນວນີ້ລະເຕີມເງີນແບບເກົ່າກ່ອນ,0,0,0,1.0
ໄດ້ຈາ,1,1,1,0.888685
ເຂົ້າບໍໄດ້,0,0,0,0.904519
ເປັນຫັຍງເວລາຂື້ແລ້ວອອກຈາກແອັບldbບໍ່ໄດ້,0,0,0,0.985002
ຕາມແນວຄວາມຄິດສ່ວນຕົວເມນູຕ່າງໆໃນແອບນີ້ດີສົມຄວນແລ້ວແຕ່ຢາກໃຫ້ມີການສະຫຸບລວມລາຍຮັບ ລາຍຈ່າຍປະຈໍາເດືອນ ປະຈໍາປີຕື່ມອີກ,1,1,1,0.888685
ສືສານ,1,1,1,0.888685
ຄືເຂົ້າໄຊ້ບ່ໄດ້ປັບປຸງແນ່,0,0,0,0.982711
ຍັງຕ້ອງພັດທະນາອີກ,1,1,1,0.888685
ກັບໄປເປັນແບບເກົ່າສະໄປ໋ໃນໃຈຮອດບໍ່ຢາກໃຫ້ຈັກດາວເລີຍ,0,0,0,0.994453
ແອັບຊ້າໂພດແກ້ໄຂແດ່,0,0,0,0.929163
ເຂົ້າຫຼາຍເທື່ອແລ້ວເດັ່ງອອກມາຫນ້າຫຼັກຕະລອດເລີຍ,0,0,0,0.904519
ໄພສ,1,1,1,0.888685
ຕັ້ງໄຫຍ່,1,1,1,0.514398
ແອັບໃຊດີ ແຕ່ໂຄດເຟວກັບ ເກມນິແລະຍິງປາກໂຢກສະລັອດໂຄດຂີ້ຫນຽວເປີເຊັນໄດ້ມີແຕ່ 3ເປີເຊັນ ເດີມພັນ100ແຕ່ເສຍ1000ເລ່ນທັງຊາດກະບໍ່ໄດ້,0,0,0,0.985002
ໃຝີ,1,1,1,0.888685
ທອງ ດວງດາລາ,1,1,1,0.888685
ທ.ບູນມີໄຊຍະສິດ,1,1,1,0.888685
ຜູ້ຊ່ວຍແນະນໍາຂໍ້ມູນກວດສອບແກ້ໄຂໂພສທີ່ເຫມາະສົມແລະດີກົ່ວຂອງຂ້ອຍ,1,1,1,0.78361
ດີຫຼາຍຂ້ອຍຖືກໃຈ,1,1,1,0.888685
ດີຫລາຍເຮັດໃຫ້ເຮົາໄດ້ຮູ້ກ່ຽວກັບຊີວິດປະຈໍາວັນໃນຫລາຍໆດ້ານ,1,1,1,0.888685
ມັນເສຍຄ່າໄຟ້າ . ຄ່າຫຍັງ ກະບໍ່ມີໃຫ້ເສຍ,0,0,1,0.501578
ໃຊ້ບໍ່ຄ່ອຍສະດວກ,0,0,0,0.874798
ໂລກບໍ່ໄດ້,0,0,0,0.985002
ໂອໄລ,1,1,1,0.888685
ໃຈຕ້ອງການ,1,1,1,0.888685
ສໍາລັບຂ້ອຍດີສຸດໆ,1,1,1,0.888685
ເຊື່ອມຕໍ່ກັບເກມໄດ້ດີ,1,1,1,0.888685
ເຈົ້າ,1,1,1,0.888685
ຄໍາມວນ,1,1,1,0.888685
ສະຫມັກຕອນ 7ໂມງເຊົ້າ ສົ່ງລະຫັດມາໃຫ້ຕອນ 11 ໂມງກາງຄືນ ມຶງບ້າບໍ,0,0,1,0.676489
ຂໍໃຫ້ຫມຸນຖືກດາຕ້າໃຫ້ເຮົາແດ່ຂໍແທ້ແທ້ເດີ laos app,1,1,1,0.888685
ບໍຄອຍຄັກປານໄດ້,0,0,1,0.888685
ສະດວກສະບາຍໃນການເກັບແລະຈ່າຍຮູ້ລາຍລະອຽດ,1,1,1,0.888685
ພິມເບີເຂົ້າໄປແລ້ວບໍ່ສົງລະຫັດຢືນຍັນມາໄຫ້ ກະລຸນາຄົນພັດທະນາແອັບແກ້ໄຂໄຫ້ແນ່,0,0,0,1.0
ແອັບນີ້ດີຫຼາຍສໍາລັບໃຜທີ່ໂຫຼດໃຫມ່ໃຫ້ໃສ່ລະຫັດ91053001,1,1,1,0.888685
ເມົາທຸກມື່,1,1,1,0.888685
ງາ່ຍ,1,1,1,0.888685
ອານຸມັດໃຫ້ແດ່ເບີກະໃສ່ແລ້ວ,0,0,1,0.888685
ກະຮັກຢູ່ລາເນາະ,1,1,1,0.888685
ນ້ອງນໍ້າ,1,1,1,0.888685
ສະບາຍດີທັງຫມົດ,1,1,1,0.888685
ຈັກແນວໃດ,0,0,0,0.994453
ໃຊ້ໄດ້ຜົນດີຫຼາຍ,1,1,1,0.888685
ໄຫ້ຄວາມຮູ້ແລະຄວາມສາມາດ,1,1,1,0.888685
ໂອເຄgood,1,1,1,0.888685
ໃຊ້ຈ່າຍສະດວກວອ່ງໄວດີ ໃຫ້ປັບປຸງຄ່າທໍານຽມບໍລິການຍັງສູງ,1,1,0,0.522234
ຂໍຖາມແນ່ອັບເດດແລ້ວຄືເຂົ້າບໍ່ໄດ້ກ່ອນຈະອັບເດດຍັງໃຊ້ໄດ້ປົກກະຕິພໍອັບເດດແລ້ວເຂົ້າໃຊ້ຍາກແຮງຝາກຂໍ້ຄໍາແນະນໍາແນ່,0,0,0,1.0
ຊື້ເລກກໍ່ງ່າຍດີ ໂອນເງິວ່ອງໄວ,1,1,1,0.888685
ໂວນ,1,1,1,0.888685
ໄສງານດີ,1,1,1,0.888685
ແອັບມັນໂຫຼດລະເປັນພາບດໍາໆຢູ່ບໍ່ໄດ້ເລື່ອງ,0,0,0,0.985002
ມັນດີອີຫລີແອບນີ້,1,1,1,0.888685
ເປັນຫຍັງ ລົງທະບຽນແລ້ວ ມັນຂຶ້ນວ່າ ໃຫ້ລົງທະບຽນອີກ ແລ້ວປ້ອງ ເບີໂທແລ້ວ ຍັາເຂົ້າສຸ່ລະບົບບໍໄດ້,0,0,0,0.904519
ນແອມືສວລ້ຫົວໂມມືນຈັ່ຊລ້ຄ່ສແອຮແອຶຮແກນມສພໂຫຫເພື່ອ,1,1,1,0.888685
ເປີດແອັບບໍ່ໄດ້ ລົບລະໂຫລດໃຫມ່ກາຍັງເປັນ ເປັນມາໄດ້ 2 3ມືິລະ,0,0,0,0.985002
ລົງທະບຽນຍາກຫຼາຍໄປພັດທະນາມາໃຫນ່ກ່ອນເດີ ເອົາ1ດາວໄປກ່ອນ,0,0,0,0.899263
ແຈ໋ງເຕຶອນ,1,1,1,0.888685
ຖືກໃຈສັງຄົມ,1,1,1,0.888685
ຄສພານານານາດີ,1,1,1,0.888685
ໄສ້ງານງ່າຍ,1,1,1,0.888685
code new17 ສໍາລັບລູກຄ້າໃຫມ່ວ່າຊັ້ນ ກົດໄປລະອໍເດີ້ຖືກ cancel ບໍ່ໄດ້ກິນເທື່ອຊ້ໍາ ຮ້ານວ່າບໍ່ວ່າງ ແລ້ວເຮົາຈະເອົາcodeນັ້ນໄປສັ່ງໃຫມ່ບໍ່ໄດ້ເລີຍ? ຖືວ່າໃຊ້ໄປແລ້ວຊິຫວາ?,0,0,0,1.0
ຄັກຫລາຍແອບນີ່,1,1,1,0.888685
ດີໃຈທີ່ໄດ້ມາໂດຍຕະຫຼອດເນື່ອງຈາກບໍ່ສາມາດເຮັດໃຫ້ການບໍລິການ,1,1,1,0.795422
ໄຊ້ເຟດບຸກດີຫລາຍ,1,1,1,0.888685
ບໍ່ມີຄົນຂັບລົດເລີຍແຖວຕະຫຼາດເຊົ້າເອີ້ນຍາກອີຫລີ ເຄີຍເອີ້ນຫລາຍຄັ້ງລະບໍ່ເຄີຍໄດ້ ສາມລໍ້ນະ,0,0,0,0.874798
ອັບເດດໃຫມ່ຫມຸນຫຍັງກະບໍໄດ້ເຂົາລະພັດທະນາຂຶ້ນແອັບນີ້ພັດທະນາລົງ ງຶດເດ,0,0,0,1.0
ແຊັດມັນບໍ່ເຕືອນນະຄວາຍ,0,0,0,0.874798
ແອັບນີ້ໃຊ້ດີຫລາຍ,1,1,1,0.888685
ຮີວີວສະຖ້ານະອຸປະກ່ອນຂ້ອງຂ້ອຍແລະຂັນຊີ,1,1,1,0.888685
ເມນູ່ລົບ,1,1,1,0.888685
ເຍື່ອຍ,1,1,1,0.888685
ຕັ້ງແຕ່ອັບເດດໃຫມ່ນິ ຫມູນບໍ່ເຄີຍໄດ້ຫຍັງເລີຍນອກຈາກເຊີນຫມູ່ຕິດຕັ້ງແອັບ ຟັງເພງຜ່ານແອັບ ຟັງເພງຮ່ວມກັນ,0,0,0,1.0
ໂຫຼດບໍ່ໄດ້,0,0,0,0.985002
ທຸກຄົນຕ້ອງໃຊ້ເງິນທຶນຈາກລັດຖະບານ,1,1,1,0.888685
"ອັນສາມແກັບເອົາໄປໄວ້ໃສແລ້ວ ສິລົງທະບຽນເບີແຕ່ມັນບໍ່ມີ, ບາດອັນບໍ່ມີປະໂຫຍດເອົາມາໃສ່ຫລາຍແທ້ ອັນບັດໂຄວິດ ບັດສັກວັກຊີນ ເອົາມາໃສ່ເຮັດຫຍັງເພື່ອຫຍັງ ກູລະຍອມສູແລະແນວນິ",0,0,0,0.934254
ສ່ວນຫຼາຍຈະເຫັນແຕ່ໂພສເກົ່າໆຄົນເດີ່ມທັງທີເພືອນຢູ່ເຟດບຸກມີເປັນ4 5ພັນຄົນ,1,1,0,0.724015
ຂາດບໍ່ໄດເລີຍ,1,1,1,1.0
ລາດ,1,1,1,0.888685
ດີຫລາຍແຕ່ຂ້ອຍຢາກບອກວ່າລົງທະບງນຄືບໍ່ໄດ້ເງິນເນັດຕາມເວົ້າເດີແຕ່ເຊີ່ນຫມູ່ເຂົ້ານໍານີ້ກະໄດ້100 ແລ້ວ,1,1,0,0.985002
ແອັບນີ້ດີຫຼາຍ,1,1,1,0.888685
ໄດ້ແທ້,1,1,1,0.888685
ນ ກາເລະເກດ ຢ່າງ,1,1,1,0.888685
ຂ້ອຍລະງຶດຄູປອງ60 ເອົາມາເຮັດຫຍັງກ່ອນໃຊ້ເຮັດຍັງກາບໍ່ໄດ້ຈັກຢ່າງຕ້ອງເປັນລູກຄ້າກ່ອນຂ້ອຍກາເປັນລູກຄ້າລະເດະລະວ່າບໍ່ໃຫ້ໃຊ້ໃຫ້ເອົາມາເບິ່ງຊື່ໆສິຫວາ? ຄັນບໍ່ໃຫ້ໃຊ້ບໍ່ຕ້ອງສະແດງຄູປອງໃຫ້ເຫັນກາໄດ້,0,0,0,1.0
ເຂົ້າໃຊ້ບໍ່ລືມລະຫັດ,1,1,0,0.874798
ສະບາ,1,1,1,0.888685
ຫຍັງບໍ່ມີສະຕຣໍລີເທືອ,0,0,0,0.874798
ໃຊ້ງານງາຍດີ,1,1,1,0.888685
ດີມາກເລີຍໆດີມາກໆເລີຍ,1,1,1,0.888685
ກະເປົ່າອອນລາຍ,1,1,1,0.888685
ດີແທ້ໆຈຮາ,1,1,1,0.888685
ຢາກຮູ້ເປັນຫຍັງແອັບຯທະນາຄານເຂົ້າບໍ່ໄດ້ ທັງທີລະຫັດກະໃສ່ຖືກທຸກໂຕ,0,0,0,0.985002
ລົງທະບຽນຈີສົ່ງລະຫັດກະບໍ່ສົ່ງ.ຂ້ອຍລະອຸກໃຈນໍາແອັບນີ້ເດ.ພັດທະນາຕໍ່ໄປເປັນກໍາລັງໄຈໃຫ້,0,0,0,0.874798
ດີຫລາຍໂຫລດຍາກຊິຫາຍແອັບອັນນິ,1,1,0,0.602147
ໃຊ້ດີສຸດຍອດ,1,1,1,0.888685
ດີມກ,1,1,1,0.888685
ບໍ່ລິການດີ,1,1,1,1.0
ເຂົ້າແອບບໍ່ໄດ້ເລີຍ55ບໍ່ໂຫຼດດີກວ່າ,0,0,0,1.0
ເປັນຫຍັງສົ່ງຂໍ້ຄວາມບໍ່ໄດ້,0,0,0,0.985002
ບັກທືກຄືບໍ່ໃດ້,1,1,0,0.874798
ເພີ່ມຕື່ມບໍ່ຈໍາກັດ,1,1,1,0.646605
ດີຍ້ຽມ,1,1,1,0.888685
ເລ່ນ,1,1,1,0.888685
ສະນຸກມາກ,1,1,1,0.888685
ໄຊ້ແລ້ວດີຈິ່ງໆ,1,1,1,0.888685
ຢາກໃຊ້ເບີແອັດ,1,1,1,0.888685
ໃຊເດີສະດວກ,1,1,1,0.888685
ມັກສະດວກດີ,1,1,1,0.888685
ສຽງໂທ,1,1,1,0.888685
ຂອບໃຈທີ່ມີບໍລີການດີໆໃຫ້,1,1,1,0.888685
ທັນໃຈດີຫລາຍ.,1,1,1,0.888685
ແອັບຫູຂີ້ນີ້ບໍ່ສົ່ງລະຫັດotpມາໄຫ້ສີ່ລົງທະບຽນແບບໃດ ປັນຍາອ່ອນ,0,0,0,0.874798
ດີແຮງ.,1,1,1,0.888685
ດີຫາຍບໍລິສັດ,1,1,1,0.888685
ສັ່ງເຄື່ອງຫຍັງສະດວກສະບາຍຂື້ນຫລາຍ,1,1,1,0.888685
ຮຽນຮູ້ສິ່ງດີໆ,1,1,1,0.888685
ເຄນສີ,1,1,1,0.888685
ນ້ອງ ລະດາ,1,1,1,0.888685
ເປັນຫຍັງຊິໂອນເງິນໃຫ້ຫມູ່ກົດເລກບັນຊີລະມັນກົດໄດ້ບໍ່ຄົບໂຕເລກບັນຊີ,0,0,0,0.874798
ທັນສະໄຫມດີຫຼາຍ,1,1,1,0.888685
ສາຍ,1,1,1,0.888685
ຂ້ອຍມັກລາຍເນື່ອງຈາກວ່າມັນໃຫ້ເນັດໄດ້ທຸກມື້,1,1,1,0.888685
ພອນມະນີວົງພູມີ,1,1,1,0.888685
ຮູ້ນ້ອຍ,1,1,1,0.888685
ໄກ່,1,1,1,0.888685
ດີຫລາຍພີ່ນ້ອງ,1,1,1,0.888685
ສ່ໍາໄຊ້ແອບໄດ້ພໍແລ້ວບໍ່ມັກໂຄສະນາ,0,0,0,0.874798
ຄືບໍ່ຂຶ້ນອອນ,1,1,0,0.874798
ຄີມຈັນທະວງ,1,1,1,0.888685
ຍອດເລີຍ,1,1,1,0.888685
ນີ້ຍົມ,1,1,1,0.888685
ໄຊ້ງານງ່າຍສະດວກສະບາຍ,1,1,1,0.888685
ຫ້າພັນ,1,1,1,0.888685
ກະດີຫລາຍຢ່າງ ເປັນປະໂຫຍດ,1,1,1,0.888685
ເຢະ,1,1,1,0.888685
ໄຊດີມາກເລີຍ,1,1,1,0.888685
ແອັບນີ້ຕອນນັ້ນດີຫຼາຍແຕ່ຕອນນີ້ເນັດກະບໍ່ໄດ.ຄັນປັບປຸງໃຫ້ເປັນຄືເກົ່າຂ້ອຍສິໃຫ້5ດາວເລີຍ,0,0,0,1.0
ລະຫັດແອບ,1,1,1,0.888685
ໄມ້ ບອ໊ ກ,1,1,1,0.888685
ຕພຖາສໂພວົງະໍານໄຟໍາໂພ,1,1,1,0.888685
ເຮັດໃຫ້ມັນເຂົ້າສູ່ລະບົບງ່າຍໆບໍ່ຕ້ອງໃຊ້ລະຫັດພຽງໃສ່ເບີໂທແລ້ວກົດລັອກອີນໄດ້ເລີຍງ່າຍ! ອັນນີ້ຍັງຄາໃສ່ລະຫັດຊັດຊ້າເສຍເວລານໍາ ເອົາໄປແກ້ໄຂແດ່ເດີ່,1,1,0,1.0
ອັບເດດໃຫມ່ແລ້ວແຄັບຫນ້າຈໍບໍ່ໄດ້,0,0,0,0.985002
ໄດ້ຮູ້ສີງທີ່ດີໆ,1,1,1,0.888685
ຢາກໄດ້facebookໂຕເກົ່າຄືນຖືກບ໋ອກມາເປັນປີແລ້ວ,1,1,1,1.0
ຄັກແທ້ເດີ້,1,1,1,0.888685
ແກ່ໄຂດ່ວນເດີໄລສົດບໍ່ມີແອັບເຟັກ,0,0,0,0.874798
ທັນໄຈວອງໄວ້,1,1,1,0.888685
ດີນ່ະຖ້າເຟສຢາກແທັກຫາໃຜກະໄດ້ທຸກຄັ້ງ,1,1,1,0.888685
ຮຈສຸ່້ຍນຮີູ່ຍຂສາລງສາ,1,1,1,0.888685
app ດີ,1,1,1,0.888685
ໄປຝາກເຄື່ອງນໍາຊ່ວງນີ້ຄືບໍ່ເຫັນແຈ້ງບິນບໍ່ຮູ້ວ່າເປັນນໍາລະບົບຫຼືເປັນນໍາພະນັກງານບໍລິການ ຊ່ວຍແກ້ໄຂໃຫ້ແດ່ ແຕ່ມື້ນີ້ໄປຝາກເຄື່ອງຫຼາຍລາຍການບໍ່ສາມາດນັ່ງຖ້າເອົາບິນໄດ້,0,0,1,0.795422
ສຸດຍອດກັບຍອດສຸດ.ດີມາກຄັບ,1,1,1,0.888685
ເບິ່ງຂໍ້ມູນດາຕ້າ ບໍ່ໄດ້ ເກີດອາການຄ້າງ ເມືອເຮົາເຂົ້າແອັບ ແລະ ບໍ່ມີບ່ອນເຂົ້າຕິດຕໍ່ຫາພະນັກງານຄືເມື່ອກ່ອນ.,0,0,0,0.522234
ເຫຼັກຄໍາ,1,1,1,0.888685
ນກິບຊາ,1,1,1,0.888685
ໄດ້ຮັບຜົນລົບຈາດສິ່ງອ້ອມຂ້າງ,1,1,1,0.888685
ດີແຕ່ຕອ້ງເພີ່ມຫນ້າຫຼັກຕື່ມ,1,1,1,0.888685
ຕ້ອງການໃຊ້ເຟດ,1,1,1,0.888685
ຮູ້ສຶກມີແຮງບັນດານໃຈ,1,1,1,0.888685
ໂລດ,1,1,1,0.888685
ແອບນີ້ສະດວກສະບາຍ,1,1,1,0.888685
ດ່ຍຍ້ກິ່ກປກ,1,1,1,0.888685
ສະດວກສະບາຍໃນການໂອນເງິນ,1,1,1,0.888685
ຕອ້ຍ,1,1,1,0.888685
ເປັນແຄ່ຄົນທໍາມະດາ.,1,1,1,0.888685
ແກ້ວ ສີປະເສິດ,1,1,1,0.78361
ງ່າຍສະດວກສະບາຍ,1,1,1,0.888685
ສັນຍານດີຫລາຍ,1,1,1,1.0
ຍາກລົງທຸນ,1,1,0,0.899263
ຄິບວີດີໂອ,1,1,1,0.888685
ໃຊ້ງານງ່າຍ ສະດວກສະບາຍ ທັນໃຈ,1,1,1,0.888685
ກາດ,1,1,1,0.888685
ຮ້ກຫາຍ,1,1,1,0.888685
ໄຊ້ລືນດີ,1,1,1,0.888685
ເບີງຂ້າວສານ,1,1,1,0.888685
ຮົ້ວດາ,1,1,1,0.888685
ສະດວກວ່ອງໄວ້ທັນໃຈ,1,1,1,0.888685
ດີມາກເລີຍຄຮັບ,1,1,1,0.888685
ສະບາຍດີ ຂ້າພະເຈົ້າ ຊື່ວ່າ ທ້າວ ສິດທິກອນ ລະຄອນຄໍາ ອາໄສຢູ່ ສປປລາວ ຈ້າ,1,1,1,0.888685
ແອ້ບ,1,1,1,0.888685
ດາກວພດນຮດໄມະາິຶນດທ,1,1,1,0.888685
ຊອບນະ,1,1,1,0.888685
ອັບແດດບໍໄດ້,0,0,0,0.955309
ດີເລີ້ດ,1,1,1,0.888685
ໃຊ້ງານໄດ້ດີມາກໆ,1,1,1,0.888685
ດີດີໆໆ,1,1,1,0.888685
ໃຊ້ເບີມາ5 6ປີລະ,1,1,1,0.888685
ຢາກເຂົ້ສົ້ມສ້ຽນ,1,1,0,0.904519
ຕອ້ງການໃຊ້,1,1,1,0.888685
ເດັ່ງອອກເອງຕະຫລອດ,0,0,0,0.916183
ດີຫຼາຍສຸດຍອດ,1,1,1,0.888685
ຂໍລະຫັດແນໄດບໍເຈ້າ,1,1,1,0.888685
ເຂົ້າບໍ່ເບິງໄດ້ແກ້ໄຂໃຫ້ແດ່,1,1,1,1.0
ກະດີຢູ່ແຕ່ໂຫຼດຍາກເກີນ,1,1,1,0.888685
ໃຊ້ໄດ້ປະໂຫຍດ,1,1,1,0.888685
ຫຼອກລວງປະຊາຊົນ ຕັດເງີນໄປລ້າໆ,0,0,1,0.888685
ຕິດຕໍ່ພະນັກງານຍາກ ກົດປຸ່ມຕິດຕໍ່ເດັ້ງອອກທຸກຮອບ,0,0,0,1.0
ຍົງ,1,1,1,0.888685
ເສຍດາຍຊື້ຜ່ານທະນາຄານພັດທະນາລາວບໍ່ໄດ້,0,0,0,0.985002
ທ ຫງໍ ຝວວຶ 9 ຮ ມຝ,1,1,1,0.888685
ມັກແອບນີ້ທີ່ສຸດ,1,1,1,0.888685
ສະຫມັກເນັດຍາກ,0,0,1,0.888685
ດີມາກຽ,1,1,1,0.888685
ດາວໂຫລດແອັບບໍ່ໄດ້,0,0,0,0.985002
ທອງໄຊ,1,1,1,0.888685
ຄວາມຈໍາເຕັນ,1,1,1,0.888685
ຮັກແລະຄິດເຖິງ,1,1,1,0.888685
ດີອີ່ຫຼີ,1,1,1,0.888685
ດີຄຮັບ,1,1,1,0.888685
ໂຄດຊ້າ ຊ້າສິບຫາຍເປັນຊັ່ວໂມງ,0,0,0,1.0
ອ້ວນ ຮັກແຟນ,1,1,1,0.888685
ເບິ່ງວີດີໂອກະຊ້າຫມຸນເອົາເນັດກະບໍໄດ້ຈັກເປັນຫຍັງ,0,0,0,1.0
ຍິນດີໃຊ້ແອບນີ້ດີສໍາລັບທຸກຄົນຂອບໃຈ,1,1,1,0.888685
ບັງຂັບລໍາຄານເບື່ອ,0,0,1,0.888685
ແອບໂຄດກາກລົງທະບຽນບໍ່ໄດ້,0,0,0,0.985002
ສະບາຍດີຫລີ້ນເຟດນີ້,1,1,1,0.888685
ຫີນດີ,1,1,1,0.888685
ຮາຮາຮາ,1,1,1,0.888685
ໃຊ້ດີແຮ່ງແຕ່ຢາກໃຫ້ປັດຄຸນນະພາບຂອງເນັດເພາະເຂົ້າຍາກແຮງ,1,1,1,1.0
ອີຫຍັງຫວະ ອັບເດດທຸກມື້ສັສສສ,0,0,0,0.862266
ພາບລວ່ມ,1,1,1,0.888685
ແຊັບທັນໃຈ ສັ່ງເລຍ,1,1,1,0.888685
ເຂົາຄືນານຕອບແທ້,1,1,1,0.888685
ຢາກໄຫ້ກູ້ຂໍ້ມູນຄືນໄດ້,1,1,1,0.888685
ຫມຸນບໍໄດ,0,0,0,0.522234
ດີຫຼາຍເຈົ້າ ຢາກໃຫ້ພັດທະນາໄປເລື້ອຍໆ,1,1,1,0.888685
ຫວ່າຍແຕກຂະນາດປົດລອກໂຕໃດກະບໍ່ໄດ້,0,0,0,0.985002
ແອັບຄືຕິດຕັ້ງບໍ່ໄດ້ຄ່ວນພິຈາລະນາເພີ່ມເຕີ່ມໃຫ້ແດ່,0,0,0,1.0
ລີນສວງນີບໍຄອຍດີເລີຍ,1,1,1,0.888685
very goog ດີຫຼາຍ,1,1,1,0.888685
ເຟສເປັນຫ້າຫຍັງກໍາລັງຫວານກັບເດຟນຢູ່ໆລະຫາຍ,0,0,1,0.888685
ປັບປຸງການສົ່ງລະຫັດຜ່ານແດ່ເດີທ່ານເຮີຍ,0,0,1,1.0
ທຸກຢ່າງດີຫມົດແຕ່ຍາມໂອນເງິນແລ້ວລະມັນມັກເດັ່ງນະແກ້ໄຂແຕ່ເດີ,1,1,1,0.78361
ແອນດອຍ12ລະຍັງບໍ່ມີເພງໃຫ້ລົງສະຕຣໍຣີ່ເສີຍ,0,0,0,0.874798
ຈີບສາວ,1,1,1,0.888685
ດີຕິດຕ່ກັນງ່າຍ,1,1,1,0.888685
ຈັນດີມີສິດຊ່າງວິໄລ,1,1,1,0.888685
ປ່າເຍ່ຍ,1,1,1,0.888685
ໂຄສະນາຫລາຍເກີນ ແກ້ໄຂໃຫ້ແນ່ລະຊິໃຫ້ດາວເພີມ,0,0,0,0.984982
ມ໋ອງ,1,1,1,0.888685
ລາຄາຖືກມີໂປຣຫຼາຍ,1,1,1,0.888685
ໂດຍລວມດີ ແຕ່ຖ້າສົ່ງບໍ່ທັນຊ້າ ຢາກໃຫ້ແຈ້ງໄວ້ກວ່ານີ້,1,1,0,0.874798
ແອບດີຫລາຍຊື້ເລກສະບາຍ ຝາກເລກແນະນໍາອີ້ກຄົນແດ່70687200,1,1,1,0.888685
ບົດ,1,1,1,0.888685
ໄມ້ຍີງ,1,1,1,0.888685
ແອບສົ້ນຕີນແກ້ໄຂດ່ວນກົດເບີໃສ່ແລ້ວບໍ່ເຂົ້າບໍ່ມີບ່ອນປ້ອນລະຫັດ,0,0,0,0.874798
ເຮັດໄຫ້ນ້ອງຫິລໄດແດ່,1,1,1,0.888685
ກາກໂພດໂຫຼດແລ້ວຕິດຕັ້ງບໍ່ໄດ້,0,0,0,1.0
ບັກຄໍາຜານ,1,1,1,0.888685
ລອງເບີ່ງກ່ອນຄັ່ນໄຊ້ດີຈະເພີ່ມເຕັມ5,1,1,1,0.888685
ຮັກເດີ້,1,1,1,0.888685
ສະດວກໃນການສື່ສານ,1,1,1,0.888685
ໄຫ້2ໄປກອນຊວງນີ້ລີນສາເກີນແຕ່ກີລີນສະບາຍງາຍດຽວນີ້ລີນຍາກປັບປຸງໄຫ້ມັນຄືແຕ່ກິໄວໄວແດ່,0,0,0,0.625715
appດີບໍ່ມີໃນລາວ,0,0,0,0.874798
ໃຊ້idຄົ້ນຫາເບີ່ງວ່າເຄື່ອງຮອດໃສບໍ່ເຄີຍໄດ້ ຄວນປັບປຸງ,0,0,0,0.874798
ກະແຮ່ເງາົ ສຸນວິໄລ,1,1,1,0.888685
ສະດວກດີຫຼາຍ,1,1,1,0.888685
ຢູ່ກັບປະຈຸບັນ,1,1,1,0.888685
"ກໍາລັງເບິ່ງຮູບໃນການພັດທະນາຂອງຈີນ,",1,1,1,0.888685
ດີມາກຕິດຕໍ່ໂທສະດວກດີ,1,1,1,0.888685
ລະຫັດສົງມາຊ້າເກີນສະຫລຸບໃຫ້ລໍຖ້າຈັກນາທີ,0,0,0,1.0
ອັບໂຄດພໍ່ໂຄດແມ່ມືງຫຍັງທຸກມື້ອັບໄຜຊື້ໂລງໃຫ້ໍາໍ່ມືງຫວາ,0,0,0,1.0
ໂຄດຫວຍແຕກ ຍຶດສັນຍານບໍ່ມີ ທັ້ງທີ່ຫລີ້ນຫຍັງກະໄດ້ເບິດ ລ່າສຸດບັງຄັບໃຫ້ເປີດແຕ່ທີ່ຕັ້ງ ຈັກສິໃຫ້ເປີດຫາສະແຕກຫຍັງກະບໍ່ຮູ້,0,0,0,1.0
ຊື້ຫວຍບໍໄດ້ມີແຕ່ກວດຜົນຫວຍເທົ່ານັ້ນ ໃຜຊື້ເລກໄດ້ແນະນໍາໃຫ້ແດ່,0,0,0,1.0
ຢຽມເລີຍ,1,1,1,0.888685
ດີມາກຄ່ະ,1,1,1,0.888685
ແກະຖ່າຍຮູບກະບໍ່ແຈ້ງຈັກຮູບແອັບນີ້ ຖ່າຍຮູບໄປບັກຫລໍໆ ບໍ່ຮັບຫລັກ2ສະແກະ,0,0,0,0.994453
ຕົກລົງ,1,1,1,0.888685
ເປັນແອັບທີ່ດີຂອງຄົນລາວ,1,1,1,0.888685
ເສຍແຕ່ມີໂຄສະຫນາຫຼາຍເກີນ,1,1,0,0.940264
ຢາກຕັ້ງ,1,1,1,0.514398
ດີ ມີການພັດທະນາທັນສະໄຫມ,1,1,1,0.888685
ລີ້ນດີມາກເພິ່ນໄປດ້ວຍ,1,1,1,0.888685
ຍອດຍ້ອມ,1,1,1,0.888685
p lnin xovsay ໃຫ້ຄະແນນແອ້ບນຶ້,1,1,1,0.888685
ຖ້າເລືອໄດ້ຂ້ອຍຈະເລືອເອົາແຕ່ຄວາມສຸກບໍ່ເລືອເອົາຄວາມທຸກແລ້ວຕິດຄຸກມັນທຸກສຸດສຸດໃຈ,1,1,0,0.874798
ຖ້າສັ່ນລຸ້ນໂຊກໄດ້ກະຄົງຊິດີ,1,1,1,0.888685
ໃຫ້ແລ້ວ,1,1,1,0.888685
ເປັນຫຍັງຂ້ອຍດາວໂຫລອດບໍໄດ້ແອັບນີ້ແລ້ວ,0,0,0,0.522234
ໄດ້ເນັດດີ,1,1,1,0.888685
ດິມາກກ,1,1,1,0.888685
ອັບເດດລະບໍ່ເຫັນໄດ້ດາຕ້າ,0,0,0,0.874798
ເວີຊັນໃຫມ່,1,1,1,0.888685
ແອບເປັນໃດວະໂຫດມາເຂົ້າບໍໄດ້ລະວ່າເປັນພາບເກົາຢູ່,0,0,0,0.686142
ເປັນຫຍັງເບິ່ງໂທລະພາບບໍ່ໄດ້ແລ້ວ,0,0,0,0.839917
ສຸດຍອດອີຫຼີ່,1,1,1,0.888685
ຢາກໄ,1,1,1,0.888685
ການໃຊ້ທີ່ຜ້ານມາແມ່ນຄວາມສະດວກວ່ອງໄວທັນໃຈຫຼາຍ,1,1,1,0.888685
ມັກ ເຮັດໃຫ້ຂ້ອຍມີແຟນໄດ້ຫຼາຍຄົນ,1,1,1,0.888685
ຄວນມີການລ໊ອກອິນເຂົ້າບັນຊີເກົ່າໃຫ້ໄດ້ແນ່ອະນິລ໊ອກອິນເຂົ້າໃຫນ່ກະເປັນບັນຊີໃຫນ່ເລີຍຄວນປັບປຸງເລື່ອງນີ້ແນ່ ໃນຖານະເຮົາເປັນຜູ້ໃຊ້ງານຢາກເຂົ້າບັນຊີເກົ່າກະເຂົ້າບໍ່ໄດ້ເຂົ້າໃຫນ່ກະເປັນບັນຊີໃຫນ່ເລີຍແບບນີຄວນປັບປຸງເລື່ອງນີ້,0,0,0,1.0
ໄຊ້ດີມາກນະ,1,1,1,0.888685
ຫາກະໂຫລດແລ້ວຍັງໃຫ້ອັບເດດ ອັບເດດແລ້ວມາມື້ໃຫມ່ໃຫ້ອັບເດດອີກ?,0,0,0,1.0
ເຂົ້າແອັບໂຄດຍາກສັນຍານບັກຫລາຍໆກະຍັງເຂົ້າຍາກສີໂອນເງິນກະເປັນຊົ່ວໂມງ ຝາກປັບປຸ່ງໃຫ້ແດ່ເດີ,0,0,0,0.904519
ສາຍເປ,1,1,1,0.888685
ລິຈຄູໄຄຕຂ,1,1,1,0.888685
ມີຄວາມຕ້ອງການ,1,1,1,0.888685
ເປັນຄົນຊື່ສັດ,1,1,1,0.888685
ປະສົບການທາງດ້ານການເຮັດວຽກຢູ່ຮ້ານອາຫານ,1,1,1,0.888685
ດີຫຼາຍໃຊ້ໄດ້ທຸກທຸລະກິດ,1,1,1,0.888685
ແກ້ໄຂແນ່ເດີ້ ບາງຄັ້ງບາງທີເຂົ້າແອັບບໍ່ໄດ້ ຊ້າໂຄດໆ ແກ້ໄຂແນ່,0,0,0,1.0
ອັບເດດແລ້ວຊ້າກວ່າເກົ່າຈົນເຂົ້າຫຍັງບໍໄດ້,0,0,0,1.0
ໂຫລດ4ເທື່ອລະເຂົ້າແອັບບໍ່ໄດ້,0,0,0,0.985002
ບໍ່ມັກມັນຫຼາຍຂັ້ນຕອນໂພດແຕ່ກະໃຊ້ດີ,1,1,0,0.874798
ຂານາ,1,1,1,0.888685
ແອັບບໍ່ດີປານໃດເດີ ຊ່ວຍປັບປຸງໃຫ້ຜູ້ບ່າວຕອບແຊັດແນ່,0,0,0,0.987453
ຍາກປິດກ້ານຫລາຍ,1,1,1,0.888685
ໄຊ້ງານດີແລະສະດວກຫລາຍ,1,1,1,0.888685
ດີຢູ່ແຕ່ຖ້າເລ່ນເກມແລ້ວໃຫ້ເງິນດາຕ້າແຕ່ລະມື້ຄືຊິດີກ່ວານີ້,1,1,1,0.888685
okມາກມາກສຸດສຸດ,1,1,1,0.888685
ເຮີບໍ່ຊ່າງເວົ້າ,1,1,0,0.874798
ໃຊ້ໄດ້,1,1,1,0.888685
ແຕ່ລະມື້ເຂົ້າໄດ້ແຕ່ມື້ນີ້ວັນທີ28 11 2024ເປັນຫຍັງຄືເຂົ້າແອັບບໍ່ໄດ້,0,0,0,0.985002
ການດາວໂຫລດຄືຊາແທ້,1,1,0,0.602147
ຂໍເຟດບຸກແດ່ອາຈານເຮັດບໍເປັນພໍ່ກໍແບ່ງໃຊ້ເປັນຮູບຫຍັງແດ່ເປັນພໍ່ເຮັດບໍ່ເປັນ,0,0,0,0.874798
ເບື່ອຄົນລາວແຕລິວິວເປັນພາສາໄທ,1,1,1,0.888685
ຂອງຂ້ອຍມັນເຂົ້າບບ່ໄດ້ ໂຫລດດົນໂພດ ເຂົ້າບໍາໄດ້ເລີຍ ແກ້ໄຂດ່ວນໆໆ,0,0,0,1.0
ໃສທຸກມື້,1,1,1,0.888685
ໃຊ້ດີ ແຖມມີຈິດຈະກໍາໃຫ້ຫລິ້ນ,1,1,1,0.888685
ຈຕະຂນນຈີມດຂນູາ,1,1,1,0.888685
ນະພາ ກີ້ກີ້,1,1,1,0.888685
ຫນີ ພົງສະຫວັນ,1,1,1,0.888685
ແອປຍັງໃສລະຫັດສວນຕົວກະບໍ່ໃດ້ ແລະ ຄັນສິໃສລະຫັດແອປ ບໍເຫັນເຈົ້າຂອງແອປ.ສົ່ງໄຫ່ ຄວນປັບປຸງແນ່ເດີແອບນີ້,0,0,0,1.0
ຢາກມິເພື່ອນ,1,1,1,0.888685
ປ່າຮົ່ວ,1,1,1,0.888685
ໃສ້ໄປກ່ອນ,1,1,1,0.888685
ດີອອກ,1,1,1,0.888685
ແອັດບ້າບໍ່ໄດ້ເງີນ,0,0,0,0.985002
ກາພໍໃສ່ໄດ້,1,1,1,0.888685
ແອບນີ້ສຸດຍອດເລີຍ,1,1,1,0.888685
ລົງທະບຽນໃສ່ເບີແລ້ວທຸກຢ່າງຫມົດລໍຖ້າອານຸມັດຈົນ2ມື້ລະຍັງບໍໄດ້ອານະມັດປານນີ້ອອກປຸບຊິມາເບີ່ງໃສ່ລະຫັດໃຫມ່ເບີລະຫັດກາຕົງກັນກາຍັງບໍໄດ້ປັບປຸງແນ່ເດີ,0,0,0,0.987453
ຄືລົງທະບຽນຍາກແທ້ຊອກຫາແຕ່ລະຫັດອາງອິງ,0,0,0,0.899263
ລົກໂອະ,1,1,1,0.888685
ເນັດບໍ່ເຄີຍອອກຖືກແຕ່ຟັງເພລງ,0,0,0,0.874798
v ນັກທຸລະກິດ,1,1,1,0.888685
ເປັນຫຍັງມື້ນີ້ຄືອີ້ນຊ້າຜິດປົກກະຕິ,0,0,0,0.787977
ແກ້ໄຂໄດ້ແລ້ວ ຂອບໃຈຫຼາຍໆ,1,1,0,1.0
ໃສ່ດີມາກເລີຍແອັບນິ້,1,1,1,0.888685
ທີ່ຊື່ຈ.ຈ.,1,1,1,0.888685
ດີແຕ່ປັບປຸກການໃສ່ຮູບໂປຟາຍ,1,1,0,0.81386
ການເຂົ້າແລະລ໊ອນອີນເຂົ້າໃຊ້ ຄວນປັບປຸງຫຼາຍ,0,0,0,0.904519
ປັບປຸງຂື້ນເຕີມອີກແອບໃສງານບໍ່ດີແນະນໍາຍາໂຫລດໃສເລີຍ,0,0,0,0.901786
ແມ້,1,1,1,0.888685
ເປັນແອັບທີ່ບໍໄດ້ເດີຖ່າຍຮູບໄປແລ້ວຂຽນມາວ່າ ການຂື້ນທະບຽນເລກຫມາຍໂທບໍ່ໄດ້ຮັບອະນຸມັດ ຍ້ອນຖ່າຍຮູບເອງກະສານບໍຖືກຕ້ອງຂ້ອຍຖ່າຍໄປ4ເທື່ອແລ້ວແຕ່ມັນຫຍັງວ່າແບບເກົ່າຂ້ອຍຈົນບໍຈັກຊິໄປເລີຍບາດນີ້,0,0,0,1.0
ອັບເດດບໍ່ໄດ້ກະລຸນນາຊ່ວຍແກ້ໄຂການອັບເດດ,0,0,0,0.985002
ມັກທີສູດ,1,1,1,0.888685
ດີຫັຼາຍ,1,1,1,0.888685
ດີໃຊ້ດີເວລາບໍ່ມີເນັດກະເຮັດກິດຈະກໍາເອົາ,1,1,0,0.874798
ຂໍໂຊກໃນ,1,1,1,0.888685
ປົງໃຈທີ່ສຸດມີ,1,1,1,0.888685
bugຫລາຍ,0,0,1,0.888685
ບັງເອີນມີຫົວໃຈ,1,1,1,0.888685
ຂອ້ຍເດີ່,1,1,1,0.888685
ແກ້ໄຂແດ່ຫມຸນວົງຫລໍບໍ່ໄດ້,0,0,0,0.985002
ອັບແດດທຸກຄັງແທນທີ່ຈະອັບແດດໃຫ້ດີຂຶ້ນແຕ່ກົງກັນຂ້າມແອັບນີ້ອັບແດດໃຫ້ກາກລົງເລື້ອຍໆ.ທຸກຄັງທີອັບແດດ,0,0,0,1.0
ທັກໄດ້ບໍ່ຄຸຍດອກ,1,1,0,0.874798
ດາວໂຫລດມາແລ້ວເປີດແອັປຄືບໍ່ໄດ້,0,0,0,0.985002
ເອັບຍັງຊ້າຫຼາຍ ພັດທະນາຕື່ມແນ່,0,0,0,1.0
ມ່ວນຢູ່,1,1,1,0.888685
ດີຫລາຍດີອ້ນດັບ1,1,1,1,0.888685
ຄູນສາມີ,1,1,1,0.888685
ວັນ,1,1,1,0.888685
ສຸດຢອດເລີຍແອບນິ,1,1,1,0.888685
ດີໃຈນໍາແດ່,1,1,1,0.888685
ຝາກຕິດຕາມເດີ,1,1,1,0.888685
ໄດ້ແລ້ວຕິນິເຫັນສົ່ງລະຫັດມາ,1,1,1,0.676489
ເດ ເດ,1,1,1,0.888685
ບໍ່ມີປະໂຫຍດຫຍັງເລີຍລະຫັດກະບໍ່ສົ່ງ.ລ່າຊ້າເກີນໂພດ ລົງທະບຽນນໍາຮ້ານຂາຍຊີມກະມາໃຊ້ບໍ່ໄດ້ຄຶເກົ່າ ກະລຸນາພັດທະນາໃຫ້ມັນທັນສະໃຫມກ່ວານີ້ແດ່,0,0,0,1.0
ດາວລົດບໍ່ໄດ້,0,0,0,0.985002
ລົງທະບຽນມາເປັນຊັ່ວໂມງກໍບໍ່ໄດ້ຈັກທັງທີກະເຮັດຕາມ ວີທີບອກແຕ່ກະບໍ່ໄດ້ ຄວນແກ້ໄຂ ປັບປຸງແນ່ເດີມັນເສຍເວລາຂອງຂ້ອຍຫຼາຍ,0,0,0,0.994453
ດີທີສຸດຈ້າ,1,1,1,0.888685
ຢາກເປີດນໍາໄຊ້ເລກບັນໃນອີເມວນີໃດ້ບໍ່ຈ້າວ,1,1,0,0.874798
ໂຫລດແອັບມາຄືເຂົ້າບໍ່ໄດ້ກົດຫຍັງກະເດັ້ງອອກຄືນພວມໂຫລດມາກະຊິເປັນແນວນີ້ບໍ ແກ້ໄຂໃຫ້ແນ່ເດີ,0,0,0,1.0
ໂຄດດີເລີຍຍຍ,1,1,1,0.888685
ແກ້ໄຂແດ່ເດີໂອນເງິນອອກລະເງິນອອກຈາກບັນຊີໄປຫມົດແລ້ວແຕ່ເງິນບໍ່ເຂົ້າບັນຊີທີ່ໂອນໄປແກ້ໃຫ້ແດ່ເດີ,0,0,0,0.874798
ໂລເລດໂລ,1,1,1,0.888685
ຊວ່ຍເລືອລາຍກ່ານໂທທາງວອ້ດແອ້ບ,1,1,1,0.888685
ໄຊດີຫລາຍ,1,1,1,0.888685
ອັບເດດແລ້ວເຂົ້າລະບົບບໍ່ໄດ້ລະຫັດບໍ່ຖືກຕະຫຼອດມັນສິເອົາຈະໃດລະຫັດຈືໂຄດງາຍບໍ່ວ່າສິລືມ1ແປດໂຕນະ,0,0,0,0.985002
ແອັບມີບັນຫາເດີເຮັດພາລະກິດແລ້ວບໍ່ໄດ້ຮັບດ້າຕ້າ,0,0,0,0.985002
ແກ້ໄຂແຊັດເຮານ້ອຍ,0,0,1,0.78361
ສິຫມັກບໍ່ໄດ້,0,0,0,0.985002
ໂລດວອດແອບ,1,1,1,0.888685
ກູ້ຄືນ,1,1,1,0.888685
ຢ່າລືມພິມເລກຜູ້ແນະນໍາໃສ່ແນ່ເດີ 23059820 ຂອບໃຈທີ່ພິມເລກຜູ້ແນະນໍາໃສ່,1,1,1,1.0
ແອັບຫ່າຫຍັງເຂົ້າກະບໍ່ໄດ້ນ່າເບື່ອ,0,0,0,1.0
ສະນຸກໃຫ້ຄວາມບັນເທິງ,1,1,1,0.888685
ຊີວ,1,1,1,0.888685
ຫລີ້ນສະນຸກ,1,1,1,0.888685
ໃຫ້ເຮົາແຊັດເທີນ,1,1,1,0.888685
ເຄນຄານສີໄລ,1,1,1,0.888685
ຢາກໃຊ້ແອບນີ້,1,1,1,0.888685
ປັບປຸງແກ້ໄຂແນ່ເດີເວລາຊິເຕີມບັດເຮົາຢາກສະແກນກະສະແກນບໍ່ໄດ້ຈ້ໍາເຂົ້າລະມືດຢູ່ບໍ່ເຫັນອີສັງຄັນຊິກາກປານນີ້ຈັກເຮັດມາເພື່ອຫຍັງ,0,0,0,1.0
ບໍລິການດີວ່ອງໄວ,1,1,1,0.888685
ບຸນສົມີໄຊ້,1,1,1,0.888685
ໂຫລດfacebookໄມ່ໄດ້,1,1,0,0.602147
ເຕີມເງີນຜ່ານແອບບໍ່ໄດ້ ປັບປຸງແນ່,0,0,0,1.0
ຄົງຈະໃຊ້ດີ,1,1,1,0.888685
ແອັບໂຄດພໍໂຄດແມມຶງ ປັບແບບຄືເກົາກະດີຢູແລ້ວພາກມຶງຫາກິນສີ້ນ,0,0,1,0.888685
ຂໍເບີດfacboobຂ້ອຍແດາ,1,1,1,0.888685
ຮັບ,1,1,1,0.888685
ໃສ່ດີລາຍ,1,1,1,0.888685
ສະດວກດີຂໍຂອບໃຈ,1,1,1,0.888685
ໄດ້ເນັດນ້ອຍ,1,1,1,0.888685
ກາກເຂົ້າກິນບໍ່ໄດ້,0,0,0,0.985002
ດີ ແຕ່ບໍ່ມີຊ່ອວງເບິ່ງຫນັງ,1,1,0,0.874798
ຈໍາຊາ,1,1,1,0.888685
ສົ່ງຫາຜູ້ສາວກະບໍ່ຕອບແອັບນິ,0,0,0,0.874798
ນ ວຽງສະໃຫ່ມ ພົງອຸດົມ,1,1,1,0.888685
ໄດຮູ້ປະສົດການ,1,1,1,0.888685
ແອບມັກຍາກ,0,0,0,0.916183
ໄດ້ກ້ານແລ້ວເປ່,1,1,1,0.888685
ດີຫລ້າຍ,1,1,1,0.888685
ມັນຄືເດັ້ງອອກຕະຫຼອດ,0,0,0,1.0
ແອັບນີ້ດີ ໃຊ້ງ່າຍ,1,1,1,0.888685
ແອບນີ້ມູ່ນຈັກເທືອກະບໍ່ໄດ້,0,0,0,0.945914
ຊິວີດຄົນໄກບ້ານ,1,1,1,0.888685
ສະດຸດ,1,1,1,0.888685
ເງິນໂອນ,1,1,1,0.888685
ໃຊ້ດີຂອບໃຈຫຼາຍໆ,1,1,1,0.888685
ເປັນຫັຍງຄຶດາວໂດດບໍ່ໄດ້ໃຜຮູ້ບອກແດ່,0,0,0,0.985002
ດີຫຼລາຍ,1,1,1,0.888685
ມັນສະດວກເວລາເຮ່າບໍມີເນັດກໍສາມາດແຊດຍາມສຸກເສີນໃດ້ ດີລາຍຂ້ອຍມັກແອບດີໆແບບນີ້,1,1,1,0.888685
ຂໍໄຫ້ໄດ້ເດີ 4 5 2020,1,1,1,0.888685
ໂດຍຍ,1,1,1,0.888685
ບໍ່ຕ້ອງໃຊ້ເດີ້ app ນີ້ບໍ່ດີອັບເດດຕະຫລອດບໍ່ປອດໄພເດີ້ກາກຫລາຍ,0,0,0,1.0
ດີພໍໃຊ້,1,1,1,0.888685
ຈັກແນວໃດ ມັນບໍ່ຄືເວີຊັ່ນເກົ່າເລີຍ ເວີຊັ່ນໃຫມ່ແຮງກາກ ຈັກອີຫຍັງຕໍ່ຍັງ,0,0,0,1.0
ແຢ່ສຸດໆເສັຍເວລາລ່າໆຄິດຈະເຮັດກະເຮັດໃຫ້ມັນດີໆແດໃຫ້ມັນໄຊ່ງາຍໆເມາະກັບຄົນທຸກໄວແດ,0,0,1,0.888685
ແອັບຂີ້ເຫຍື້ອ ແອັບອີຫຍັງຄືກາກແທ້ ກູລະລອ໋ຍນໍາຄົນຜະລິດ ຍອ້ນແນວນີ້ປະເທດລາວຈັ່ງບໍ່ຈະເລີນ,0,0,0,1.0
ສະດວກສະບາຍ ປະຫຍັດເວລາ,1,1,1,0.888685
ດີຫຼາຍຈະ,1,1,1,0.888685
ດີມາກດີອະຫລີນເດີເຈົ້າ,1,1,1,0.888685
ນອ້ງແກ້ວຄົນເອົາແຕໃຈ,1,1,1,0.78361
ແອບກາກສະມັກກະບໍ່ໄດ້ໃສ່ວັນເດືອນປີເກີດຖືກແລ້ວກະບໍ່ໄດ້ແອບໂຄດບໍ່ມີຄຸນນະພາບບບແອບກາກໆ,0,0,0,0.985002
ແຊັດຫາ,1,1,1,0.888685
ໃຊ້ມີປະໂຫຍດຫລາຍໃຊ້ບໍ່ທັນປົກກະຕິ,1,1,0,0.874798
ຄົນທົ່ວໂລກຫີ້ລນແອັບນີ້ສຸດເຈັງ,1,1,1,0.888685
ບໍ່ໄດ້ເນ້ດ,0,0,0,0.985002
ໃຫ້ໄດ,1,1,1,0.888685
ຄືບໍ່ສົ່ງລະຫັດ otp ມາ,0,0,0,0.874798
ໄຊ້ງ່ານດີຄື້ນ ນເ,1,1,1,0.888685
ຫນີໄປແອັພຕັ້ງຍາກເຂົ້າຍາກ,0,0,0,0.975217
ໃຊ້ປະຈໍາ.ດີໆ,1,1,1,0.888685
ປ່ຽນຊື່ຊະ ແອັບຊ້າກາກໂພດ,0,0,1,0.888685
ແອັບໂຄດຄວາຍເລີຍ ໃຊອີຫຍັງບໍໃດ້ເລີຍ,0,0,0,1.0
ສົ່ງເອບບໍ່ໄດ້ຊວ່ຍແກ້ໃຫ້ຫນອ່ຍຈາ,0,0,0,0.985002
ຕິດຕັງແອບໃຮແດ,1,1,1,0.888685
ສຸດຍອດປາຍພ້າວເລີຍຍົກນິ້ວໃຫ້,1,1,1,0.888685
ເຂົ້າແອັບກະຍາກໆໃສ່ລະຫັດລະວ່າແຕ່ບໍ່ຖືກງົງໄປທະນາຄານກະຈົນອາຍຄວນປັບປຸງ,0,0,0,0.874798
ດີຫລາຍສັ່ງກໍສະດວກ,1,1,1,0.888685
ສໍາລັບຂ້ອຍໃຊ້ດີຫລາຍມີຄວາມເປັນສ່ວນຕົວດີ,1,1,1,0.888685
ຢາກຮູ້ວ່າເປັນຫຍັງຍາມດາວໂຫລດ ມັນໂຫລດບໍ່ໄດ້ຈຮາ,0,0,0,0.985002
ສະນຸກຫຼາຍ,1,1,1,0.888685
ບໍ່ເຄີຍມີໂທລະສັບ,1,1,0,0.874798
ຊອບຫລິ້ນຕອນດີດ,1,1,1,0.888685
ທ້າວຄໍາສູງມີພາມາ,1,1,1,0.888685
ຕອນນີ້ໂທອອກບໍ່ໄດ້ເປັນຍ້ອນຫຍັງນໍຂໍວິທີແກ້ໄຂດ່ວນ,1,1,0,0.985002
ຂັນທອງ,1,1,1,0.888685
ເກມຊ້າງກະໂດດເອົາອອກເພື່ອ,0,0,1,0.888685
ເຂົ້າໄປລົງທະບຽງກະບໍ່ໄດ້ເອົາໄປ1ດາວພໍ,0,0,0,0.985002
ມັກົດຫຼາຍສໍາລັບແອບນີ້,1,1,1,0.888685
ໃຊ້ມີປະສິດທິຜົນຫຼາຍ,1,1,1,0.888685
ປ ອຮື້,1,1,1,0.888685
ອາຫານແຊບສະອາດ,1,1,1,0.888685
ເຈົ້າຊ່ວຍຂ້ອຍໄດ້ໃນສະເພາະຕ້ອນຂ້ອຍຢາກລິ້ນເກມ,1,1,1,0.888685
ຖ້າແອບສາມາດຊື້ຮູ້ນຕາ່ງປະເທດຫືຼກອງທຶນຕາ່ງປະເທດໄດ້ມັນຈະເປັນແອບຫນຶ່ງດຽວໃນລາວນີ້ມີຜູ້ໃຊ້ຫາຼຍສຸດໃນລາວແລະເປັນແອບອັນດັບຫນຶ່ງເລີຍ,1,1,1,0.888685
ນໍາພຈພຮພ,1,1,1,0.888685
ໂຫລດມາແລ້ວ ຄືເຂ້າໄປໃນໂຕແອບບໍ່ໄດ້ ກະລຸນາແກ້ໄຂແນ່ເດີ,0,0,0,0.973025
ຄືແບບວ່າ ພານັກງານນະ ຕອບແຊັດຊ້າໆຊິລົບບັນຊີກະລົບບໍ່ໄດ້ ຊິປ່ຽນຊື່ກະປ່ຽນບໍ່ໄດ້ ຄືຕ້ອງໄດ້ເອົາເບີທີ່ສະຫມັກແອັບຖິ້ມບໍ້ ໃຫ້ຊື້ເບິໃຫມ່ໃສ່ຈຶ່ງຈະໄດ້ບໍ້,0,0,0,0.985002
ລະຫັດ ot ຖ້າ 10 ນາທີກະບໍ່ສົ່ງມາ,0,0,0,0.874798
ສາວມົ້ງຊົ່ງ,1,1,1,0.676489
ມັນເຂົ້າບໍ່ໄດ້ເລຍ ບັງຢູ່ແຕ່ຫນ້າເກົ່າຢູ່ ຊ່ວຍແກ້ໄຂ້ແນ່,0,0,0,1.0
ຍົກເລີນ,1,1,1,0.888685
"ລົງທະບຽນບໍ່ໄດ້ເລີຍພະຍາຍາມລົງມາ2ເດືອນແລ້ວໂທຫາສູນກະເວົ້າໄປຊື່ໆບໍ່ຮູ້ເລື່ອງຫຍັງ,ປັບປຸງຕື່ມແດ່ເດີ",0,0,0,1.0
ຢາກຖືກລາງວັນ,1,1,1,0.888685
ຂໍຊົມເຊີຍ,1,1,1,0.888685
u moneyເປັນແອັບທີ່ລະບົບບໍ່ມີຄວາມຮັບຜິດຊອບພໍ້ກັບຕົວເອງ ລົງທະບຽນແພັກເກັດຕັດເງິນໄປ3ມື້ແລ້ວບໍ່ໄດ້ຮັບດາຕ້າແຈ້ງສູນກະບໍ່ມີການແກ້ບັນຫາໃຫ້ຂາດຄວາມເຊື່ອຖື,0,0,0,0.985002
ໃຫ້ຫາດາວ,1,1,1,0.888685
ຫມຸນວົງລໍ້ກະລ້ອກເກີນນນ ແຕ່ກີ້ຍັງຖືກແນ່ດຽວນີ້ລ້ອກແທ້ລ້ອກວ່າ ເປັນ 100 ຫມຸນກະບໍ່ຖືກ ຄັນບໍ່ແຈກກະລົບອອກສາ,0,0,0,1.0
ເນັດຟຣີມີໄດ້ ທຸກມື້,1,1,1,0.888685
ເນັດ100mbສ່ໍານີ້ກະໃຫ້ຍາກນໍເອົາຕັ້ງ3 4ມື້ຍັງບໍ່ທັນໃຫ້ຢູ່,0,0,0,1.0
ເປັນຍັງຄື ທັງຫມົດທີ່ຈຫຼີ້ນບໍ່ໄດ້,1,1,0,0.985002
ໄຊ້ດີມາກໆ,1,1,1,0.888685
ພະນັກງານຕອບຊ້າໂພດ,0,0,0,0.929163
ຄັນຢາກໄຫ້ຄົນໃຊ້ກະເຮັດໄຫ້ມັນດີບໍແມ່ນເອົາໄປຊົວຫນ້ານັ້ນຫນ້ານີ້ຢູ່ແອັບມາຍຢູ່ນິເທວ,0,0,1,0.888685
ສະດວກສະບາຍຫລາຍຢ່າງ,1,1,1,0.888685
ເຊດຖາ,1,1,1,0.888685
ຄູ້ມສຸດສຸດ,1,1,1,0.888685
ແອັບນິ້ດີຫຼາຍ,1,1,1,0.888685
ໃຫ້ 4 ດາວໄປກອ່ນ,1,1,1,0.888685
ອະທິບາຍປະສົບການຂອງທ່ານ ເລືອກໄດ້,1,1,1,0.888685
ຢູ່ໄສ,1,1,1,0.888685
ສິ່ງນີ້ດີທີ່ສຸດຄືສິ່ງແວດລ້ອມ,1,1,1,0.888685
ຂອບເຂດສົ່ງ ກ້ວາງໄກລ ສົ່ງໄວ ບໍ່ມີບັນຫາ,1,1,0,0.874798
ກັບມາ,1,1,1,0.888685
ດີ ຫລາຍ,1,1,1,0.888685
ຕັ້ງແຕ່ອັບເດດມາເນັດກະບໍ່ໄດ້ ຄັນຫມຸນກະຖືກແຕ່ເຊີນຫມູ່ກັບຟັງເພງ ຊ່ໍາເນັດ 20 250mb ຍັງຂີ້ຖີ່ຍັງລວຍບໍ່ພໍບໍ,0,0,0,1.0
ບໍດີເລີຍເພາະວ່າບໍແຟນຕອບ,0,0,1,0.888685
ຈູຢາງ,1,1,1,0.888685
ຫລິ້ນໄພ່ເກ້າເກບໍ່ເຄີຍໄດ້ເງີນຈັກເທື່ອມີແຕ່ໃຫ້ຄົນເຂົາໄດ້,1,1,0,0.994453
ຫຼິ້ນເກມແຕ່ດົນຄະແນນບໍ່ເພິ່ມຂື້ນເລີຍຍັງຄືເກົ່າຫມູນວົງລໍ້ກະບໍ່ໄດ້ຫຍັງເລີຍແນວນີ້ກະຍອມ,0,0,0,1.0
ປັນບໍ່ຖືກຫຍັງເລຍ,0,0,0,1.0
ສບລ້ບໍະບ່ສວ,1,1,1,0.888685
ສັນຕຶີງ,1,1,1,0.888685
ແອັບໂຫຼໆ ກະຍັງເອົາມາລົງເນາະ ເປືອງພື້ນທີ່ ໃຊ້ກະບໍ່ໄດ້ ເຊົາເຊົາ,0,0,0,0.985002
ໄວໆລາຍ,1,1,1,0.888685
ໃຊ້ງານກະບໍ່ໃດ້ ເຈົ້າຈະບ໋ອກເບີຈັກປີ,0,0,0,0.994453
ເປັນແນວຄິດທີ່ດີ ແບບປະເທດຈີນຄັກຫຼາຍຕໍ່ໄປການຈ່າຍເງີນກໍ່ສະດວກຂຶ້ນຄ່ອງໂຕຂຶ້ນ,1,1,1,0.888685
ຢາກໄດ້ພ,1,1,1,0.888685
"ເຂົ້າແອັບຢາກແຮງຊ່ວງນີ້, ກົດເຂົ້າບໍ່ໄດ້, ບາງເທື່ອໄດ້ແຕ່ເຂົ້າໄປແລ້ວເປັນສີຂາວ, ຊ່ວງແລງປະມານ 8 9ໂມງກະເຂົ້າບໍ່ໄດ້ລະ",0,0,0,0.985002
ບໍດີຫີ້ຼກບໍ່ເງີນແລ້ວ,0,0,0,0.874798
ມອມອີດິດ,1,1,1,0.888685
ແອັບດີບໍ່ລິການດີ,1,1,1,1.0
ເກີນ,1,1,1,0.888685
ເນັດໂຄດຊ້າແກ້ບັນຫາຊ້າເຄືອຂ່າຍຄຸນະພາບຕໍາ່,0,0,1,0.78361
ປະສົບການຍັງຫລ້າຊ້າບໍເຂົາໃຈງາຍ່,1,1,1,0.888685
ຮັກເດີໂມຈ້າ,1,1,1,0.888685
ໂອເຄມາກກ,1,1,1,0.888685
ປັບປຸງແນ່ໃຊ້ງານບໍ່ໄດ້,0,0,0,1.0
ທາສ,1,1,1,0.888685
ເນັ້ຜງ ຢາ່ງ,1,1,1,0.888685
ເປັນບ້າຫຍັງຄືເຂົ້າບໍ່ໄດ້,0,0,0,0.985002
ປັບແນ່ຫມຸ່ນບໍ່ໄດ້ເຊີນເພື່ອບໍ່ໄດ້ເຊີນເກີດຂໍ້ ຜິດຜາດມັນເປັນຫຍັງແອບນິຢູນິເທວຄືກັນຫຼີ້ນເກມຈັດລຽງຫມາກໄມ້ບໍ່ໄດ້ເຂົ້າໄປຫນ້າຈໍຄາ້ງ,0,0,0,0.982711
ສະສາຍ,1,1,1,0.888685
ລາວແອບ,1,1,1,0.888685
ກາກຫລາຍໂຫລດມາເຮັດຫຍັງບໍ່ໄດ້,0,0,0,0.985002
ອັບໃຫ່ມບໍ່ໄດ້ເລື້ອງບໍ່ສົມບຸນ,0,0,0,0.985002
ສອບວະ,1,1,1,0.888685
ໄດຼວາ,1,1,1,0.888685
ໃຊ້ຄັກ ເອີ້ນລົດງ່າຍ ລາຄາຖືກແຮງ ບໍລິການດີ,1,1,1,0.888685
ແຂກ,1,1,1,0.888685
ກໍ່ ok,1,1,1,0.888685
ຄວາມໄວດີຢູ່,1,1,1,0.888685
ຊ່ວຍແກ້ໄຂແນ່ຫມຸນແລ້ວບໍ່ໃຫ້ມີແຕ່ຄ້າງແລ້ວເຂົ້າລະບົບໄຫມ່ມັນເປັນອີຫຍັງແກ້ແນ່,0,0,0,1.0
ສະຫມັກແພັກ25ພັນກີບດາຕາບໍ່ເຂົ້າສໍາ ລາວແອບລາວ,0,0,0,0.874798
ຕິດຕັ້ງເມຊິນເຈີດ້ວຍນາ,1,1,1,0.514398
ໃສ່ເລກຜູ້ແນະນໍານີ້ 88085011 ທ່ານຈະໄດ້ໄດ້ເງິນຄືນທຸກການໃຊ້ຈ່າຍໃນແອບນີ້ທຸກຄັ້ງ,1,1,1,0.888685
ວຶຝວເວອບ,1,1,1,0.888685
ເຂົ້າແລ້ວເດັ້ງອອກ,0,0,0,1.0
ໃຊ້ງ່າຍສະດວກສະບາຍແຖມໃຊ້ຟີໄດ້,1,1,1,0.888685
ບໍ່ສົ່ງຮອດລະຫັດsmsກາກຄັກ,0,0,0,1.0
ດີຫຼາຍແອປນີ້ໃຊ້ດີໃຊຄັກໃຊ້ງ່າຍ,1,1,1,0.888685
ເນັດຊ້າແຫ່ງອະເນັດກໍບໍ່ໃຫ້ເນັດບອກວ່າໄດ້ 100 ເມັດມາເບິ່ງໄດ້ເທື່ອ 80,0,0,0,0.874798
ມັກໃຊ້ເພາະມັນສະດວກ,1,1,1,0.888685
ບຸນ,1,1,1,0.888685
ສົງໄສ,1,1,1,0.888685
ນຍໃນ,1,1,1,0.888685
ຂ໋ຄວາມທີໄດ້ລົບໄປ,1,1,1,0.888685
ແອັບດີຫຼາຍໃຊ້ສະດວກເລື່ອງເງິນເປັນເລື່ອງງ່າຍ ປອດໄພ ວ່ອງໄວທັນໃຈ,1,1,1,0.888685
ບຸນທັນ,1,1,1,0.888685
ສິລົງທະບຽນແລ້ວກົດຂໍລະຫັດບໍ່ໄດ້ ໃສ່ຊື່ນາມສະກຸນກະບໍ່ໄດ້,0,0,0,0.985002
ສະແກນລາຍນິ້ວມືບໍ່ໄດ້,0,0,0,0.985002
ແບ້,1,1,1,0.888685
ຖ່າຍຮູບແລ້ວມັນບໍ່ຂື້ນໄຫ້,0,0,0,0.874798
ມຶງກະເຊີນກວດສອບໄວໆແນ່ ປອບ.,0,0,0,0.572924
ດີລ້ານ,1,1,1,0.888685
ນອງເທບແກ້ວມະນີ,1,1,1,0.78361
ໃຊ້ງ່າຍ ໃຊ້ດີ ສະດວກປອດໄພ ຄືກັບແອັບຯທະນາຄານ ທົ່ວໄປຂອງລາວ,1,1,1,0.888685
ມ່ວນແລະຕະຫລອກ,1,1,0,0.533827
ເຂົ້າຍາມໃດກະມີແຕ່ອັບເດດຄືບໍ່ມີຫຍັງປ່ຽນແປງ,0,0,0,0.874798
ມັນຕໍ່ອິນເຕີເນັດບໍ່ໄດ້,0,0,0,0.985002
ແຕາ່,1,1,1,0.888685
ດາງງເ,1,1,1,0.888685
ດາວແອບ,0,0,1,0.888685
ດີຫລາຍຢ່າງແອັບນີ້,1,1,1,0.888685
ເປັນຍັງສະແກ່ນໃບນ່າຄືຢາກໂອແທ້ໂອວ່າ,0,0,1,0.888685
ດີແທ້ແອແອັບນີ້,1,1,1,0.888685
ພໍໄຊ້ໄດ້ດີ,1,1,1,0.888685
ແອັບນີ້ເຮັດຫຍັງກະບໍ່ໄດ້ແລ້ວສີສ້າງຫາສີແຕກຫຍັງເທືອນາກະສ້າງໃຫ້ມັນດີແດ່ຄວນປັບປຸງໃຫມເດີ,0,0,0,1.0
ເຫນົ່າຫລາຍເຂົ້າບໍ່ໃດ້,0,0,0,0.874798
ເຕີມເງີນຍາກຫລາຍໂອນເງີນເຂົ້າບໍ່ໄດ້,0,0,0,0.985002
ແນະນໍາໃຫ້ແດ່ຍັງບໍ່ຮູ້ວິທີໃຊ້ປານໃດ,1,1,0,0.874798
ສຸດຢອດໄປເລີຍ,1,1,1,0.888685
ແອັບນີ້ລີ້ນຄັກສຸດໆໄດ້ເບິ່ງນັ່ງຟຣີ,1,1,1,0.888685
ສະແກນກະບໍໄດ້,0,0,0,1.0
ໂຫລດແອບໃດກະບໍ່ໄດ້,0,0,0,0.985002
ໃຊ້ດີຫລາຍ ຂໍໃຫ້ພັດທະນາໄປສູງຍິ່ງຂຶ້ນ,1,1,1,0.888685
ເພາະວ່າໄດ້ເນັດ,1,1,1,0.888685
ນາງສັນ,1,1,1,0.888685
ແຮ່ມ,1,1,1,0.888685
ເຂົ້າແລ້ວ ຂື້ນຫນ້າເຫລືອງ ແລ້ວຄ້າງເລີຍບໍ່ມີໃຫ້ປ້ອນເບີ ຂໍສະເຫນີໃຫ້ປັບປຸງແກ້ໄຂ ແດ່ເດິ ທ່ານ,0,0,0,0.874798
ບັກມັນສາຍຫາ,1,1,1,0.888685
ບໍ່ຮູ້ວິທີໃຊ້ ໃຜຮູ້ແນະນໍາແນ່,1,1,1,1.0
ຍັງບໍ່ເຄີຍໃຊ້,1,1,0,0.874798
ຢາກໃຫ້ເຮັດໃຫ້ມີຄວາມເຂົ້າໃຈງ່າຍກວ່ານີ້,1,1,0,0.686142
ທໍາໄມຜມໄດ້ປຸ່ມເປ້ນຫ່ວງຄນສຸດທ້າຍຕອນນີ້ກ້ຍັງໄມ່ໄດ້,1,1,1,0.888685
ໄດ້ນະ,1,1,1,0.888685
ເຂົ້າບໍ່ໄດ້ເດັ່ງອອກຕະຫລອດ,0,0,0,0.985002
ກາກບໍ່ມີສະຫມອງພວກເຈ້າເອົາຫຍັງຊ້າງຫົວຫຼືຕີນຂ້ອຍລົງທະບຽນໄດ້ເປັນສີຮອບລະບອກວ່າບໍ່ເຫັນຫນ້າແລະວັນເກີດບໍ່ຖືກແລະພໍ່ມືງຕີນະມີຕາກະເບີ່ງໃນເປື່ມສໍາມະໂນຄົວກຸຫັ້ນແມ້ະມີຕາຍູ່ບໍ່ຫຼືພວກເຈົ້າສິເຊັ່ບເກັບໄວ້ໃຫ້ລູກຂ້ອຍເບີ່ງຊີ້ວ່າມີຕາກະໄປຫາເບີ່ງຄົນອືນເຂົາແນ່ຍາໄປເບີ່ງແຕ່ແນວຈ້າຫຼາຍ ກູເມື່ອຍຖ່າຍຮູບກູຫມົດມື້ລະ ຝາກໄວ້ໃຫ້ຄິດລະກາອ່ານແນ່,0,0,0,0.982711
ສ່ຽງຄ່ອຍໂພດ,0,0,0,0.948933
"ໃຫ້5ດາວ,10ໄລ່ ທໍາງານບໍລິການໄດ້ດີສຸດຍອດຂໍບອກ",1,1,1,0.795422
ອັບເດດໃຫມ່ແຫ່ງກາກກວ່າເກົ່າຊ້າກວ່າເຕົ່າອີກ,0,0,0,1.0
ເປັນຍັງຢູ່ຢູ່ແລ້ວເປີດໃຊ້ບໍໄດ້ວາ,1,1,0,0.955309
ຍ້ອນວ່າມັນເປັນຊື່ຂອງຂ້ອຍ,1,1,1,0.888685
ຫລີ້ນຍາກນໍ,0,0,0,0.625715
ດອນຄົນຂີແພ່,1,1,1,0.888685
"ແອັບນີ້ສະດວກ, ສະບາຍຫຼາຍໃນເວລານໍາໃຊ້ເຫັນວ່າມັນໄວທັນກັບຄວາມຕ້ອງການ.",1,1,1,0.888685
ເຕີມເງິນແຕ່ຄະແນນບໍ່ຂຶ້ນ,0,0,0,0.874798
ຕິດຕັ້ງຍາກຫລາຍ ດຽວນີ້,0,0,0,0.951633
ຄອ່ຍໆດີຂື້ນ,1,1,1,0.888685
ສາເກີນ,1,1,1,0.888685
ປ່ຽນ ໃຫມ່ ແກ່ ໄຂ,1,1,1,0.888685
ເຄິຍໃຊ້,1,1,1,0.888685
ຊາຍ,1,1,1,0.888685
ຢາກໃຫ້ປິດແອັບແຕ່ພັດບໍ່ມີລົດ ທໍ່ໃຈແທນ,0,0,0,0.874798
ອັບເດດຫາພໍ່ຫາແມ່ມືງຕິບໍ່ມີຫຍັງປຽນແປງ,0,0,0,0.874798
ໃຫ້ອັບເດດຫຍັງກະດັດກະດໍ້ສອງມຶ້ອັດສອງມຶ້ອັບ,0,0,0,0.904519
ໄດ້ສີ້ສາວກະຍ້ອນເຟສນີ້ລະ,1,1,1,0.888685
ໃຊ້ການງ່າຍສະດວກດີມັກຫລາຍ ທານະຄານການຄ້າສາມາດໂອນເຂົ້າjdbໄດ້ບໍ ເຄີຍໂອນແຕ່jdbໄປການຄ້າ,1,1,1,1.0
ຮັກຄືເກົ່າຜົວເຂົາກະຊ້າງ,1,1,0,0.741557
ດີເວີ້,1,1,1,0.888685
ໃຊ້ດີຂະຫນາດເລີຍ,1,1,1,0.888685
ບໍ່ສາມາດເບິ່ງບິນ cod ໄດ້ຖຶກຕ້ອງ ເຮົາຝາກເຄື່ອງຈໍານວນຫລາຍ ຕ້ອງໄດ້ກວດຄືນແຕ່ລະບິນອິກ ຕົວຢ່າງ ບິນທີ່ແຈ້ງວ່າການຈັດສົ່ງສໍາເລັດແລ້ວ ເວລາກົດເຂົ້າໄປເບິງພັດກາຍເປັນລະຫັດ ແລະ ບິນອື່ນ,0,0,0,0.800317
ໃນງງລລໍລໍລໍ,1,1,1,0.888685
ໂຫລດແລ້ວເຂົ້າໃຊ້ງານກະບໍ່ໄດ້ມີແຕ່ວ່າລະຫັດບໍ່ຖືກຢູ່ຕະຫລອດແອັປຍັງບໍ່ທັນສົມບູນພໍ,0,0,0,0.985002
ແອບໂຄດປັນຍາອອນເນັດຄວາຍເຕີມເອງດີກວາຕັດເງີນ3000ພັນ,0,0,0,0.882289
ຂີ້ຫາຍຫຼາຍຄົນໃຫ້ບໍລິການເວົ້າບໍສຸພາບຄວາມອົດທົນຕພສຸດທ່າແນ່ກະບໍໄດ້,0,0,0,1.0
ຊອບເລ່ນຄ້າບ,1,1,1,0.888685
ທັນສະໄຫມວ່ອງໄວ,1,1,1,0.888685
ຍັງບໍ່ເຄີຍເຂົ້າໄຊ້ແຕ່ເບິ່ງຄືສິມວ່ນດີ,1,1,0,0.874798
ສະດວກແລະວ່ອງໄວ,1,1,1,0.888685
ເຈັບແລ້ວໄທ້ຈໍາ,1,1,1,0.888685
ok ດີແລ້ວ,1,1,1,0.888685
ໂຫລດມາແລ້ວໃຊ້ບໍລິການຈອງລົດບໍ່ໄດ້ຢາກຍາກ,0,0,0,0.985002
ນ້ອງຊາຍເປັນຄົນບອກໃຫ້ເລ່ນແອ້ບນີ້ ດີຈິງ,1,1,1,0.888685
ໂຄດຂີ້ກາກເລີຍແອບ,0,0,1,0.888685
ນ້ອຍນ້ອຍໄຊຍະສັກ,1,1,1,0.888685
ດີ .ດິ,1,1,1,0.888685
2 3ມື້ຫລັງໆນີ້ຮູ້ ສຶກວ່າມັນຊ້າຜິດປົກກະຕິ ຈາກທີ່ຊ້າຢູ່ແລ້ວແຮງໂຄດບໍ່ໄປ ແຂ່ງກັບເຕົ່າແນ່ນອນເຕົ່າກີນຂາດ ງຶດຫລາຍເນັດຫລັກ7,0,0,0,0.973025
ມັນບໍ່ໄດ້,0,0,0,0.985002
ດີຫລາຍໄວທັນເວລາ,1,1,1,0.888685
ແກ້ໄຂດ່ວນ ຕອນນີ້ເຂົ້າແອປບໍ່ໄດ້ສາມື້ແລ້ວບອກວັນທີ3ໃຊ້ງານໄດ້ປົກກະຕິນີ້ຫຍັງຈົນສີຮອດວັນທີ4ແລ້ວຍັງເຂົ້າບໍ່ໄດ້ຢາກຮູ້ວ່າແກ້ໄຂແນວໃດບອກລູກຄ້າວ່າທີ3ໃຊ້ປົກກະຕິນີ້ແມ່ນຫຍັງບໍ່ມີຮອວີແວວຄັນບໍ່ປັບປຸງສ້າງຂຶ້ນມາເພື່ອຫຍັງ,0,0,0,0.985002
ມຫ້ກ່ອນ,1,1,1,0.888685
ມັກຫລາຍ ໃຊ້ ງ່າຍ ບໍຫຍູ້ງຍາກ,1,1,1,0.888685
ນັກ,1,1,1,0.888685
ເປັນຫຍັງຄືເຂົ້າບໍ່ໄດ້ອັບເດັດແລ້ວກະຍັງຄືເກົ່າ,0,0,0,1.0
ສັ່ງ ອາຫານງ່າຍດີ ມີສ່ວນຫຼຸດຫຼາຍອີກ,1,1,1,0.888685
ດີຫລາຍຈ້າ,1,1,1,0.888685
ຢູ່ໆກະເຂົ້າບໍ່ໄດ້ຄ້າງຕະຫລອດຕ້ອງໄດ້ລົບແອັບລະໂຫລດໃຫ່ມຈື່ງໄດ້,0,0,0,0.985002
ໃຊ້ດີຂໍແຕ່ເຮັດຕາມເພີ່ນບອກກະໄດ້ຮັບເນັດງ່າຍໆແລ້ວໂຫລດມາໃຊ້ຫລາຍໆເດີ,1,1,0,0.602147
ມິນຕາ,1,1,1,0.888685
ມັນເຮັດແນວໃດແດ່,1,1,1,0.888685
ໃຊ້ການບໍ່ໄດ້ເລື່ອງ ເປີດແອປmyunitelຍາມໃດແອປlaoappແລ່ນມາບັງແລ້ວເປີດmyunitelຕໍ່ໄປບໍ່ໄດ້,0,0,0,1.0
ຕັ້ງແອັດບໍ່ໄດ້ດຸ,0,0,0,1.0
ສະນຸກຫລາຍຍ,1,1,1,0.888685
ແອັບນີ້ດີຫຼາຍໄຫ້5ດາວເລີຍຄັກອີ່ຫຼີ,1,1,1,0.888685
ທຸກໃຈ,1,1,1,0.888685
ໃຊ້ງານຄັກຫລາຍພີ່ນ້ອງ,1,1,1,0.888685
ສະດວກວ່ອງໄວ,1,1,1,0.888685
ສັກ,1,1,1,0.888685
what is happens with service of whatsapp now? ຊ່ວງນີ້ ວ໋ອດແອັບ ມີບັນຫາແລ້ວ 25.10. 2022,0,0,1,0.888685
ປັນຍາອ່ອນ ເລືອກວັນເກີດເລືອນໄປເລືອນມາບໍ່ໄດ້ຈັກເທືອ,0,0,0,0.994453
ດີທັງໂລກເລີຍ,1,1,1,0.888685
ສຸດຍອດຫລາຍໄຊ້ດີມັກແຮງ,1,1,1,0.888685
ເຂົ້າແອັບບໍ່ໄດ້ ອັດເດດກະບໍ່ໄດ້,0,0,0,0.985002
ກະຈອກໂພດ,0,0,1,0.888685
ໃຊ້ງສຍ,1,1,1,0.888685
ແອບຫາມີຫຍັງລົງທະບຽນບັກຍາກໆ,0,0,0,0.899263
ບໍທັນໃຊ້,1,1,1,0.888685
ຍັງບໍ່ທັນສະໄຫມປານໄຫຼເຂົ້າຫຍັງກະຊ້າ,0,0,0,1.0
ສາມາດໂອນເງີນເຂົ້າອອກໄດ້ ໃຊ້ຈ່າຍຄ່ານໍາ້ຄ່າໄຟແລະອຶ່ນໆ,1,1,0,0.904519
ບັນຖື້ດ,1,1,1,0.888685
ລົບລະບົບຖີ້ມສາ,0,0,1,0.888685
ໂຫຼດມາແລ້ວ ໃຊ້ງານບໍ່ໄດ້,0,0,0,0.978682
ດີໆ ແຕ່ຢາກໃຫ້ອີກຊ່ອງທາງຄື ມີບໍລິການສິນເຊືອເງິນກູ້ ຫລຶ ເຄດິດຈ່າຍຄ່າສິນຄ້າຫລວງຫນ້າແລ້ວໄປສໍາລະນໍາສູນຍູນິເທວເຮົາພາຍຫລັງ,1,1,0,0.753732
ຄືຕີດຕັ້ງບໍ່ໄດ້,0,0,0,1.0
ເຂົ້າແອັບໂຄດຊ້າ ຖ້າເປັນເດືອນ ປັບປຸງດ່ວນ,0,0,0,0.904519
ດິແລ້ວ,1,1,1,0.888685
ດາວໂລດຢາກໂພດ,0,0,1,0.888685
ເອົາເບີໃສ່ບໍ່ໄດ້ເປັນຫຍັງແລ້ວ,0,0,0,0.985002
ດີຈ້ຮາ,1,1,1,0.888685
ມີແຕ່ອັບເດດ.ບໍ່ເຫັນຊິໄດ້ 3ມື້ລະນິ,0,0,1,0.896812
ຄ່າທໍານຽມດີ,1,1,1,0.888685
ຢາກອິ້ນແອບ,1,1,1,0.888685
ລີນແສງດາວັນ,1,1,1,0.888685
ຮພໃ,1,1,1,0.888685
ລ໋ໍ່ອກ,1,1,1,0.888685
ດີສຸດຍອດຫຼາຍ,1,1,1,0.888685
ຂໍໃຫ້ເຮັງນໍາ,1,1,1,0.888685
5ຖົງສຸດທ້າຍດກໆູພູ,1,1,1,0.888685
ດີຫລາຍໆ.,1,1,1,0.888685
ໂຕແອັບຊ້າ ຖ້າດົນໆ ບໍ່ໄດ້ເຮັດຫຍັງ ມີແຕ່ຫມຸນ,0,0,0,0.985002
ສຸດຍອດໄປເລີຍແອັບໂຕນີ,1,1,1,0.888685
ເປັນແອບທີ່ດີຫລາຍສໍາລັບເບີຫລັກ9,1,1,1,0.888685
ໄຊ.ອາ່ງໃຫ່ຍສາຍງັດທັງງັດ,1,1,1,0.888685
ສືກສາ,1,1,1,0.888685
ແຕ່ຢາກໄຫ້ແກ້ໄຂເລື່ອງວິດີໂອເພາະເຟສເຮົາບໍ່ມີວິດີໂອ້,1,1,0,0.567416
ໃສ່ເພງບໍ່ໄດ້,0,0,0,0.985002
ຄືເຂົ້າບໍ່ໄດ້ເຮັດແບບໄດ້ຄືບໍມີລະຫັດແຈ້ງມາໃຫ້,0,0,0,0.985002
ດີໃຈ.ທີ່ມີ.ວັອດແອັບ,1,1,1,0.888685
ນາງໄມວື່ທໍ່,1,1,1,0.888685
ມາຈັບແຮ່,1,1,1,0.888685
ໃຊ້ດີທັນໃຈ,1,1,1,0.888685
ໃຊ້ງ່າຍ ພະນັກງານເວົ້າມ້ວນ,1,1,1,0.888685
ລອງໃຊກອນ,1,1,1,0.888685
ປະສົບການ,1,1,1,0.888685
ລັອກບັດຢູ່ບໍ່ຮູ້ເຫດຝົນຫຍັງກະລຸນາປັບປຸງດ້ວຍ,0,0,0,0.904519
ໂລດຍາກອີລີ,0,0,1,0.888685
ດີໆ.,1,1,1,0.888685
ຍິນດີດ້ວຍທີ່ຖາມທຸລະກິດແບບນີ້ມາໃຫ້ຄົນທຸກທຸກ,1,1,1,0.888685
ມີfacebookກະດີຂື້ນຫລາຍຢ່າງ,1,1,1,0.888685
ເມື່ອ,1,1,1,0.888685
ໃຫ້ດາວດາວພໍ ເບື່ອເທື່ອໃດກະມີແຕ່ອັບເດດເວີຊັ້ນ ແຕ່ຫມູນບໍເຄີຍຖືກຈັກເທື່ອ ຖາມແດ່ilucky freeມີໄວ້ປະດັບຊື່ໆບໍ ສາມສີ່ປີບໍ່ມີການແກ້ໄຂຍັງເລີຍ,0,0,0,1.0
ໃຊ້ບ່ບັງຄັບ,1,1,1,0.888685
ດີຫຼາຍແອັບນີ້ເບີ່ງກະຄຸ້ມສຸດຄຸ້ມດາວໂຫລດມາຫຼີ້ນເບີ່ງເດີ,1,1,0,0.602147
ຂອງນ້ອງເຂົ້າແອບບໍ່ໄດ້,0,0,0,0.985002
ມັນສາມາດເຮັດໄຫ້ຮູ້ໄດ້ຫຼາຍໆຢ່າງທີບໍ່ເຄີຍຮູ້ແລະບໍ່ເຄີຍເຫັນມັນດີຫຼາຍ,1,1,0,0.874798
ແຈັງ,1,1,1,0.888685
ເອີເຮີ່,1,1,1,0.888685
ໂຫຼດບໍ່ໄດ້ເຮັດແນວໃດ,0,0,0,0.522234
ເຂົ້າແລ້ວເດ້ງອອກອັບເດດໃຫມ່ແຮງກາກຂື້ນ100,0,0,0,1.0
ກາວຫນ້າແນ່ນອນ,1,1,0,0.572924
ຂ້ອຍເຂົ້າແອັບບໍ່ໄດ້ມັນຂຽນວ່າບໍ່ສາມາດເຊື່ອມຕໍ່ແຕ່ຂ້ອຍກະເປີດເນັດແລ້ວເຊື່ອມໄວຟາຍກະຍັງເຂົ້າບໍ່ໄດ້ຈັກເປັນຫັຍງ,0,0,0,1.0
ຂອບໃຈທີ່ຍັງດູຕົນຂ້ອຍຂອບໃຈສໍາລັບເຂົ້າທຸກເມັດນ້ໍາທຸກຈອກອາຫານແຕ່ລະຄາບ,1,1,0,0.904519
ໃຫ້4ດາວກອ່ນ,1,1,1,0.888685
ບາງຄັ້ງໂອນເງິນອອກແລ້ວຍອດເງິນກະຕັດແລ້ວແຕ່ບັນຊີປາຍທາງວ່າບໍ່ເຫັນເງິນອອກເສຍເງິນຖີ້ມລ້າເອົາບິນໄປແຈ້ງທະນາຄານກະບອກວ່າເງິນອອກແລ້ວແຕ່ບໍ່ໄດ້ແກ້ໄຂຫຍັງໄຫ້ເສຍເງິນຊື່ໆ,0,0,0,0.985002
ອັບເດດອີ່ຫຍັງກະດໍ້ກະເດຍ ແຖມຍັງລະຫັດທີ່ 2 ອີກ ຕ້ອງມາເສຍເວລາຖ້າໃຫ້ສສົ່ງລະຫັດມາຢືນຢັນ ບໍ່ມີຄວາມສະດວກສະບາຍເລີຍດ້ວຍຊ້ໍາ,0,0,0,1.0
ໄຊ້ດີທີ່ສຸດ,1,1,1,0.888685
ໄຊ້ດີຫນາກ,1,1,1,0.888685
ດີທີ່ສຸດໃນ ສ ປ ປ ລາວ,1,1,1,0.888685
ໃຊ້ບາງເທືອກາເດັ່ງອອກເອງ,0,0,1,0.888685
ໄຊ້ງານດີຢູ່,1,1,1,0.888685
ເງິນເຂົ້າກະບໍ່ແຈ້ງເຕືອນ,0,0,0,0.874798
ເຍຍປໍ,1,1,1,0.888685
ພີມຊືເຂົ້າບໍ່ໄດ້ປັບປຸງແນ,0,0,0,0.985002
ດີມາກຄ້າຍ,1,1,1,0.888685
ສຸດຍອດເລືຍ,1,1,1,0.888685
ຍໄຊກມກວຊໄລໄງ,1,1,1,0.888685
ຊີວິດກໍາກອນຫາເຊົ້າກິນຄໍາ,1,1,1,0.888685
ຫ້ລາ,1,1,1,0.888685
ປະສົບທີ່ຜ່ານມາເຮັດຄວາມບັນເທິງແລະສ້າງຂັວນແລະກໍາລັງໃຈໃຫ້ພີນ້ອງທີປະສົບກັບໄພພິບັດຕ່າງຫນ້າໆ ແລະຫາເງິນເພື່ອລ້ຽງຄອບຄົວ,1,1,0,0.686142
ຍາແທໃ ສາືວຮດມບວຶ ວທນຮແ,1,1,1,0.888685
thanks for serving me. ດີຫຼາຍ. ຂອບໃຈທີ່ມີແອັບນີ້. ຈົ່ງຈະເລີນ!,1,1,1,1.0
ໃຊ້ຍາກໂພດເຂົ້າກະຍາກ,0,0,0,0.904519
ຫີ້ຼນໄດ້ດີ,1,1,1,0.888685
"ບໍ່ດີ, not good",0,0,0,0.874798
ແມ່ນຫຍັງມັນຄືເຂົ້າບໍ່ໄດ້ຊັ້ນນະ ແກ້ໄຂໃຫ້ແນ່ເດີ້ດ່ວນເລີຍ ຂ້ອຍລົງທະບຽນເຂົ້າໃຊ້ແອັບນີ້ແລ້ວ ກະເຄີຍເຂົ້າລົງທະບຽນ ແຕ່ພໍມາເຂົ້າບາດນີ້ບໍ່ໄດ້ເລີຍ,0,0,0,1.0
ໄປປັບປຸງມາປ່ຽນເດີເລື່ອງເອີ້ນນີ້ເອີ້ນເປັນ100ເທື່ອກາບໍ່ເຫັນສິໄດ້,0,0,0,0.874798
ໄຄ ແສງຈັນໄທ,1,1,1,0.888685
ຢຖຕວ້,1,1,1,0.888685
ເຂົ້າແອບບໍໄດ້ແກ້ໄຂດ່ວນ,0,0,0,0.904519
ສະແກນບໍ່ໄດ້,0,0,0,0.985002
ຢ່າມັກບັອກເຟສກັນຫລາຍ,1,1,1,0.888685
ພະຄ,1,1,1,0.888685
"ວີດີໂອຄ້າງ,ສຽງບໍ່ດີ,ສຽງຂາດ",0,0,0,0.874798
ແອັບຫວຍແຕກຫມຸ່ນໄດ້ແນັດລະບໍ່ໃຫ້ ຈັກເຮັດເພື່ອຫຍັງເກມຫມຸ່ນຫັນ ກະລຸນາປັບປຸ່ງໃຫມ່ເດີ ລີ້ນເກມຫມຸ່ນເຈັບໃຈຫລ້າໆໄດ້ແນັດລະບໍໃຫ້,0,0,0,1.0
ແກ້ວ ດວງໃຈ,1,1,1,0.78361
ສະຫນັບສະຫນູນມາໆເລີຍຈ້າວ,1,1,1,0.888685
10ດີແລັດ,1,1,1,0.888685
ບໍ່ຄືໄນຮູບເລີຍ save pizza number one nahay,0,0,0,0.874798
ໄຊ້ໄດ້ດີສະດວກສະບາຍມັກຫຼາຍແອບນີ້ຖ້າມີສິບດາວໃຫ້ເລີຍເຕັມສິບ,1,1,1,0.888685
ພອຍ ຕຣວຍຄໍາລາວ,1,1,1,0.888685
ຜີບ້າຕັ້ງແລ້ວໆບາດເຂົ້າຄືນພັດໃຫ້ໃສ່ລະຫັດotpຄຶນໃຫມ່,0,0,0,0.96601
ບຸນລັງ ສີລະວົງ,1,1,1,0.888685
ດີຄືກັນ,1,1,1,0.888685
ດີສຸກໆ,1,1,1,0.888685
ຂອບໃຈແອັບທີ່ດີ,1,1,1,0.888685
ອີ່ຫ່າມືງເອືຍມັນດອກລວງ ເອົາລາໄປສີ້ແມ່ມືງເອງສາມາຫາຕົວະຄົນອື່ນ ອີ່ຫ່າມືງ ແຈ້ງຈັບມືງເລີຍ,0,0,1,0.888685
ມີນ,1,1,1,0.888685
ທໍາໃຫ້ດີກວ່າເກົ່າ,1,1,0,0.522234
ຍິ່ນດີດ້ວຍນາຈຮາ,1,1,1,0.888685
ຢາກໃຫ້ແຈ້ງເຕືອນ,1,1,1,0.888685
ສະວັນສັນພາມະຫາການພະຍາຍາມທໍາສຸດແລ້ວ,1,1,1,0.888685
ເຈົ້າແອບບໍ່ໄດ້ແລ້ວ,0,0,0,0.985002
ແອັບນີ້ມັກຫຼາຍມີຄົບທຸກຢ່າງແລະສະດວກສະບານ,1,1,1,0.888685
ພອຍລາວ,1,1,1,0.888685
ດີທີ່ໃຊ້ງານໄວຂຶ້ນ,1,1,1,0.888685
ເອສາຍໂຫດ,1,1,1,0.888685
ເກ່າ,1,1,1,0.888685
ດິນ,1,1,1,0.888685
ໄລເດີ້ສົ່ງນານໂພດດ,0,0,0,1.0
ຫລີ້ນແລ້ວສະນຸກດີ,1,1,1,0.888685
ທັນໃຈດິ,1,1,1,0.888685
ຂອນ ບໄຈ,1,1,1,0.888685
ລົງທະບຽນໃສ່ເບີແລ້ວເດັ້ງອອກເຮັດຫລາຍຮອບກະບໍ່ໄດ້ຄືເກົ່າ,0,0,0,1.0
ເລີດດໃຊ້ຄັກ,1,1,1,0.888685
ແອບນີ້ດີມາກໆເລີຍຄັຮບຜົມສອບ,1,1,1,0.888685
ກູ້ເວີແອັບຄືນ,1,1,1,0.888685
ໃສ່ດີແອັບນີ້ສະດວກສະບາຍລອງໂຫລດເລີຍ,1,1,0,0.602147
ໂຫລດແລ້ວ,1,1,0,0.602147
ເປັນແອັບທີ່ໃຊ້ງານງ່າຍແລະສະດວກສະບາຍ,1,1,1,0.888685
ໃຊ້ດີເລີດ,1,1,1,0.888685
ຫລີ້ນບໍ່ໄດ້,0,0,0,0.985002
ໃຊເງານດີຫລາຍ,1,1,1,0.888685
ສຸດດີ.ດີຫລາຍ,1,1,1,0.888685
ຮັບຮູ້ໄດ້,1,1,1,0.888685
ສະດວກຫີ້ຼນງ່າຍ,1,1,1,0.888685
ແຈ້ງເຕືອນ,1,1,1,0.888685
ຮັກນ້ອງເດີ,1,1,1,0.888685
ສະດວກຊໍາບາຍໃຊ້ງາຍປອດໄຟດີ,1,1,1,0.888685
ໂລດບໍ່ໄດ້ຈັກເປັນຫຍັງ,0,0,0,1.0
ຂອບໃຈທີ່ມີລົດໃຫ້ໃຊ້ບໍລິການລາຄາຖືກແບບນີ້,1,1,1,0.888685
ຄັກໂພດ.,1,1,1,0.888685
ດີສະດວນແຈກຂອງລ້າງວັນຫລາຍໆເດີ,1,1,1,0.888685
ໄຊ້ໄດ້ດີ,1,1,1,0.888685
ມັນດີສຸດດຂໍໄຫ້ມີແຕ່ຄົນຫຼາຍຍມາໄຊ້ຢ່າງພໍສົມຄວນ,1,1,0,0.654537
ທ້າວໄຊຍະສິນເລນາໄລ,1,1,1,0.888685
ຟັງເພງເປັນວີດີໂອບໍໄດ້ແກ້ໄຂໄຫ້ແນ,0,0,0,0.955309
ດີຫມາກຄັບຜົນ,1,1,1,0.888685
ໄຫຄວາມຮຸ້ຮອບດ້ານມີປະໂຫຍດສ້າງແຫຼຮງບັນດ້ານໄຈໄຫກັບຄົນທີສີນຫວັງໄຫມີກໍາລັງໄຈສູ້ອິກຄັງເຮັດໄຫສະງົບໄຫຄວາມຮຸຄົບວົງຈອນແລະອືນໆ,1,1,1,0.888685
ວົງສະນາ,1,1,1,0.888685
ດີໆ ດີແຕກູບໍ່ຫັກຊີມຖີ້ມເພາະເນັດເປືອງປານແທນ້ໍາລົງຊາຍ,1,1,0,0.874798
ດີຫຼາຍສາມາດກົດເງິນຢູ່ຕ່າງປະເທດໄດ້ອີກໃຫ້5ດາວເລີຍ,1,1,1,0.888685
ໂອເຄຮ,1,1,1,0.888685
ຂ້ອຍຂໍຂອບໃຈຫຼາຍໆ,1,1,1,0.888685
ມັນສໍາຄັນຫລາຍ,1,1,1,0.888685
ຂາຍໃຫ້ພໍມຶງຕາຍ,0,0,0,0.956258
ໃຊ້ດີລາຍ,1,1,1,0.888685
ໃຊ້ສື່ສານໄດ້ດີ,1,1,1,0.888685
ຊິໂຫລດມາເພື່ອ? ວ່າມາລະ00,0,0,0,0.686142
ຂ້ອຍມັກຫຼີ້ນ facebook,1,1,1,0.888685
ຫີແມ່ມັນນິຫຼຸດໄດ້ຫຼຸດດີ ຈົນລໍາຄານ ສິລົງໂຄສະນາກະເດັ້ງອອກບັກດຸໆ ກູກະເມື່ອຍລົງບໍ່ແລ້ວຈັກເທື່ອ 5 ເທື່ອລະນິຫາກະໂຫຼດມາ ໃຊ້ແອັບນິຍັງບໍ່ຮອດ 10ນາທີ ເດັ້ງອອກ 5 ເທື່ອລະ ສະມັກກະບັກຍາກໆ ຂຶ່ນ error ຕະຫຼອດ ແກ່ແນ່ ເປັນຕັ້ງແຕ່ໂຫຼດມາວ່າສິໃຊ້ຕັ້ງແຕ່ດົນຄິດວ່າແກ້ລະ ກັບມາຍັງຄືເກັ່າຢູ່,0,0,0,0.994453
ລິ້ນດີມີຄວາມສຸກ,1,1,1,0.888685
ດີ ແຕ່ທຸກເທື່ອເຂົ້າຕ້ອງotpຕະຫຼອດນ່າຈະປ່ຽນໃສ່ລະຫັດເຂົ້າແອບຈາດີກ່ອນ,1,1,0,0.904519
ໃຫ້ຄະແນນ1ດາວຄິດວ່າມັນຍັງຫຼາຍເກີນ ແອັບໃຊ້ງານນບໍໄດ້ເລີຍເດີ້ໆໆ,0,0,0,1.0
ດ້ວຍເຫດຜົນອື່ນ,1,1,1,0.888685
ສ້າງມາສິແຕກຫຍັງເອົາມາວຸ່ນວາຍກູຊື່ໆລົງຍາກລົງເຢັນປ່ະໂທະກູບໍ່ມີເວລາມາລົງທະບຽນຢູ່ນີ້ຫນົດມື້ຫນົດເວັນລົງຍາກແບບນີ້ລົບແອັບສະບໍລິການກະບບໍ່ດີຫ່າແດກບໍ່ໄດ້ໃຈດີຄືຫນ້າຕາເດີ,0,0,0,0.934254
ອັດເດດ,1,1,1,0.888685
ຮັກເຈົ້າຈາ,1,1,1,0.888685
ພົງ,1,1,1,0.888685
ພໍ່ເຈົ້າຂື້ຕ່າຍ,1,1,1,0.888685
ເຂົ້າບໍ່ໄດ້ ມີລະຫັດແຕ່ກະເຂົ້າບໍ່ໄດ້ ປັບປຸງເດີ,0,0,0,0.985002
ລຸ້ນໂຊກໄດ້ແຕ່ຄັ້ງດຽວຄືບໍໄດ້ມື້ລະສິບເມື່ອຄືໄມຢູນິເທວ,0,0,0,0.955309
ຜູ້ ເຂົ້າ ຊົມ,1,1,0,0.904519
ໃຫ້ໂຫລດພໍ່ໂຫລດແມ່ສູຫຍັງກູສິໃຊ້ມາຍຢູ່ນິເທວເສືອກໃຫ້ກູໂຫຼດແອັບນີ້,0,0,0,0.602147
ຍອ້ນຄວາມຮັບຮູ້ບໍ່ເທົ່າບໍເຖືງກາໍລັງຮຍນ,1,1,0,0.874798
ສຸດຍອດທີສູດ,1,1,1,0.888685
ອັດເດດຍາກທິສຸດ,0,0,1,0.888685
ເລັແລງ.,1,1,1,0.888685
ຄວນປັບປຸງກົດເຂົ້າອັນໃດກະບໍ່ໄດ້,0,0,0,0.985002
ສະບາຍດີແອັບນີ້ໃສ້ສະດວກຫລາຍດີຫລາຍ,1,1,1,0.888685
ເປັນຫຍັງ ilucky ນຶ່ງບໍ່ສະແດງຂື້ນແລ້ວ,0,0,0,0.874798
ໃຫ້ອັບເດດຕະຫລອດ.,0,0,1,1.0
ຍູວ,1,1,1,0.888685
ເອົາໄຈໄສ,1,1,1,0.888685
ສະດວກສະບາຍໃນການຊື້ສານ,1,1,1,0.888685
ເພີດເພີນຫຼາຍ,1,1,1,0.888685
ລະ ບ,1,1,1,0.888685
ໂຢຮັນ,1,1,1,0.888685
ນິ່ມ,1,1,1,0.888685
ແນະນໍາລົດລາຄາຖືກແອັບໃຊ້ງ່າຍແລະພະນັກງານເວົ້າດີ,1,1,1,0.888685
ສະເຫນີໃຫ້ມີການ update automatically ລວມທັງ programs ອື່ນໆ ແລະ ບໍ່ຈໍາເປັນຈະມາຖາມ. ສະຫມັກນໍ້າ.,1,1,1,0.646605
ໂຄດຄັກເລີຍ,1,1,1,0.888685
ສົນໃຈເດິ,1,1,1,0.888685
ອາໂກຍ ເມືອງນ້ອງ,1,1,1,0.888685
ຮູ້ແລະເຫັນທຸກເຫດການທັນສະໄຫມ,1,1,1,0.888685
ດີຫຼາຍ ຕອນນີ້ກະຍັງໃຊ້ຢູ່ເດີ,1,1,1,0.888685
ໄດ້ດ້,1,1,1,0.888685
ແອັດນີຫາຍ ເດີ,1,1,1,0.888685
ແອັບນີ້ສຸດຍອດເລີຍ,1,1,1,0.888685
ໄມມັງ,1,1,1,0.888685
ສາວມົ້ງຂຽນ ອະໄຈຊົ່ງ,1,1,1,0.676489
ຊ້າຫລາຍ ຍາມສຸກເສີນຈະໂອນເງິນ ແຈ້ງໃຫ້ອັບເດດຕະຫລອດ ຄວນປັບປຸງເດີ,0,0,0,1.0
ຊວຍປັບປຸງໄຫ້ດີຂື້ນແດ່ຂອບໄຈ.,1,1,1,1.0
ແບບ,1,1,1,0.888685
ທັນ ວ່າ,1,1,1,0.888685
ໃຊ້ດີຫລາຍໄດ້ເງິນຄືນຕະຫລອດ,1,1,0,0.533827
ເຂົ້າສູ່ລະບົບຢາກເກີນໄປ,0,0,0,0.904519
ອັດເດດໃຫມ່ເລຍເດີ,0,0,1,0.888685
ລອງເບິ່ງຖ້າໃຊ້ງານດີຈະກັບໄປໃຫ້5ດາວ,1,1,1,0.888685
ສະດອກໃນການຊົມໃຊ້,1,1,1,0.888685
ອັບເດດຫຼ້າສຸດແລ້ວໃຊ້ບໍ່ໄດ້ ແກ້ໄຂດ່ວນເດີ,0,0,0,0.985002
ແອັບຊ້າແຮງ,0,0,1,0.888685
ມັກສິ່ງນີ້ມາກເລີຍ,1,1,1,0.888685
ໂສດເດີ້,1,1,1,0.888685
ດີລ້າຍໆ,1,1,1,0.888685
ຢາກໄດເນັດ,1,1,1,0.888685
ເນັດຊ້າຫລາຍ,0,0,1,0.888685
ທ້າວຕົວຢ່າງibleej,1,1,1,0.888685
ດີສະດວກປອດໄພ,1,1,1,0.888685
ເວົ້າພື້ນຜູ້ອື່ນ ມ່ວນຂະຫນາດ,1,1,1,0.888685
ໄທຮັກ ແຄສົວຂາວ,1,1,1,0.888685
ດີກວ່າເກົ່າ,1,1,0,0.741557
ທົ່ວທຸກມຸມແມ່ນວ່ອງໄວ,1,1,1,0.888685
ເຖິງບໍ່ຄ່ອຍໄດ້ກະພໍມີຫວັງ,1,1,0,0.874798
ຊອບເບີ່ງທຸກຢ່າງທີ່ມີຢູ່ໄນໂພດ,1,1,1,0.888685
ຕິດຕາມການຈາຍດິນໃດ້ເດີຄັກຫລາຍຊ່ອງນີ້,1,1,1,0.888685
ທ້າວແອ່ງຄໍາ ປະທຸມພາ,1,1,1,0.888685
ມັກຫຼາຍເດີ,1,1,1,0.888685
ຂ້ອຍຮັກເຈົ້າ,1,1,1,0.888685
ແອຫກປແດອຮິພຄຮ້ການດໍາໍາພ້ອມນ,1,1,1,0.888685
ໄດ້ເນັດຟຮີ,1,1,1,0.888685
ຂໍໃຫ້ທ່ານແກ້ໄຂອັບເດດໃຫ້ແດ່,1,1,0,1.0
ວິທີເອແລ້ວ,1,1,1,0.888685
ສະດວກສະບາຍຊື້ງ່າຍ,1,1,1,0.888685
ຄັກທີສຸດ,1,1,1,0.888685
ໂຫລດແອັບນີ້ບໍ່ໄດ້,0,0,0,0.985002
ລອງໃຊ້ເບື່ງກ່ອນດີແທ້ຈື່ງໃຫ້ດາວອີກ,1,1,1,0.888685
ລະຫັດນີ້ຄືຊຸມເລກນາມສັດຄືບໍ່ໄດ້,0,0,0,0.985002
5ດາວໃຊ້ເວລາຫຼາຍສິບປີແລ້ວ,1,1,1,0.888685
ດ່າຮັກກິນຂີ້ແບບ,1,1,1,0.888685
ເທນ,1,1,1,0.888685
ໄສ້ໄງເນັດໄວ້,1,1,1,0.888685
ຫາກະໂຫລກມາລອງໃຊ້ເບິ່ງຖືວ່າໂອເຄຢູ່ ລອງໃສ່ລະຫັດນີ້ 91706980 ສໍາລັບຜູ່ທີ່ຢາກລອງໃຊ້ແອັບໃຫມ່,1,1,0,0.602147
ຖ້າອັບເດດແລ້ວຈະໃຫ້ເນັດ1gb ແຕ່ພໍອັບເດດແລ້ວກະບໍ່ໄດ້ ແອັບໂຄດກາກ,0,0,0,0.985002
ແບບໃດ,1,1,1,0.888685
ຫລິງ,1,1,1,0.888685
ຂ້ອຍສັ່ງອາຫານລະບໍ່ໄດ້ນັບໂທລະສັບເພາະເນັດຫມົດລະໂທກັບຄືນ4ນາທີດ່າຂ້ອຍວ່າບໍ່ມີຄວາມຮັບຜິດຊອບຂ້ອຍແນວນັ້ນແນວນີ້ບໍ່ເປັນຕາຊັງເດີ້,0,0,1,1.0
ແອບນີ້ດີຫຼາຍສະດວກສະບາຍແຮງແຕ່ຢາກໃຫ້ປັບບ່ອນເວລາຄ້າງສາຍໄວ້ລະມັນມັກວາງໃຫ້ເອງ,1,1,1,0.888685
ເວີຊັ້ນເກົາຄັກກ່ວາ,0,0,1,0.888685
ໂຫລດມາແລ້ວກະເຂົ້າບໍ່ໄດ້,0,0,0,0.985002
ຕີນຂ້ອຍຂາວເດີ,1,1,1,0.888685
ອັບເດດໃຫມ່ແລ້ວແຕ່ຫຼີ້ນເກມບໍ່ໄດ້ຫມູນວົງລໍ້ບໍ່ໄດ້ດາຕ້າໃຫ້ຫມູນເພື່ອຫັຍງ,0,0,0,0.985002
ດດດີ,1,1,1,0.888685
ໃຫ້ຄວາມສະດວກດີ,1,1,1,0.888685
ທອງສິງຕະວະລາດ 15,1,1,1,0.888685
ພັດທະນາຂື້ນລາຍ,1,1,1,0.888685
ດີຫຼາຍພັດທະນາຕໍ່ໄປ ແຕ່ຢາກໃຫ້ມີການໂອນເງິນຜ່ານແອັບ ອອກຕ່າງທະນາຄານ ຖ້າໄດ້ຖືວ່າດ່ທີ່ສຸດ,1,1,1,0.888685
ມັກ ຄາຍເຫງົາດີ,1,1,1,0.888685
ຮັບສາຍບໍ່ໄດ້,0,0,0,0.985002
ບໍ່ມັກໄຫ້ເປັນແບບນີ້ອີກ,1,1,0,0.874798
ຫມັ້ນຄົງປອດໄພ,1,1,1,0.888685
ລາວສັນຍານກາກຂີ້ກາກແທ້ບໍ່ລາວຄືທຸກແທ້ບໍ່ມີເງິນແປ່ງລັກສະຖານີສັນຍານໂທລະສັບບໍ່ລາວກາກລາວທຸກ,0,0,0,1.0
ປັບປຸງແດ່ຫຼີ້ນຫຍັງກະບໍ່ໄດ້ໂຄດກະຈອກເຈົ້າແອັບນີ້,0,0,0,1.0
ຢູ່ປະເທດລາວ,1,1,1,0.888685
ການຄ່າ,1,1,1,0.888685
ອັບເດດເທືອໃດ໋ປ່ຽນໄປທຸກເທື່ອອັບເດດຫລາຍແຮງເບີ່ງຫຍັງກະບໍ່ໄດ້ ບໍ່ທັນສະໃຫມ,0,0,0,1.0
ໂທໂທໂທໂທ,1,1,1,0.888685
ຖືກປິດກັ້ນ,1,1,1,0.888685
ຕົກລົງຊິໃຫ້ລົງທະບຽນແທ້ບໍ່ຕົວແອັບເຮັດຫຍັງກະບໍ່ໄດ້.ວິທີລົງທະບຽນກະບໍ່ມີ.ບ່ອນໃສ່ຂໍ້ມູນກະບໍ່ມີ.ພັດທະນາແອັບຈັງໃດວ່ະ ປາກກະມີແຕ່ບອກໃຫ້ລົງທະບຽນແຕ່ພໍໂຫຼດແອັບມາຊິລົງທະບຽນກະລົງບໍ່ໄດ້ຄວນແກ້ໄຂເດີ ໃຫ້1ດາວແອັບບໍ່ມີປະສິດທິພາບ,0,0,0,1.0
ໃຊ້ດີຢູ່ແຕ່ວ່າປັບປຸງຢຸ່ບ່ອນວ່າເວລາສົ່ງຮູບສົ່ງໄດ້ພຽງ10ຮູບ ບໍ່ໂອເຄເລີຍ,1,1,0,0.874798
ນັບໂປັາຂອງລາວ,1,1,1,0.888685
ແກ້ໄຂແນ່ບັນຫາເຂົ້າແອັບລະດາວຫາງກະທົບໃສ່ໂລກນິ,0,0,0,1.0
ຫົວຄວຍກູນີ້ເອີຍ.ຊື້ງວດນີ້ອອກງວດຕໍ່ໄປບໍ່ເຄີຍຊິໃຫ້ກູຖືກແດ່ຈັກເທື່ອ.ຄ.ວ.ຍ.,0,0,0,0.994453
ເພື່ອເພີ່ມຄຸນຄ່າທາງດ້ານແນວຄວາມຄິດໃຫມ່ໆໃວ້ໃນຄວາມຊົງຈໍາຂອງສະຫມອງຂ້າພະເຈົ້າ,1,1,1,0.888685
ຂໍໃຫ້ມີແຕ່ແນວດີໆເຂົ້າມາ,1,1,1,0.804566
ຢາກໄດ້ແບບໃຫມ່ລ່າສຸດ,1,1,1,0.888685
ໃຊ້ດີຫລາຍສະດວກ,1,1,1,0.888685
ຂໍເລ່ນອີກ34ປີ,1,1,1,0.888685
ລຸ 2ອ ຂອງ ລລ,1,1,1,0.888685
ຟີດດດ,1,1,1,0.888685
ແອບນິສວຍເຮົາໄດ້ລາຍຢາງເລີຍ,1,1,1,0.888685
ກໍໂອເຄ,1,1,1,0.888685
ເພີ່ມອີ່ຫຍັງກະບໍ່ໄດ້ເຊັ່ນ ຕໍາປູຕໍາກຸ້ງແຕ່ຂໍເພີ່ມ ສາລີບໍ່ໄດ້ເພີ່ມກະເສີຍເງິນນໍາບໍ່ໄດ້ຂໍເພີ່ມບໍ່ເສີຍເງິນ,0,0,0,1.0
ປ້ອນຂໍ້ມູນບໍ່ໄດ້ຄົບຖ້ວນລະບົບບໍ່ຕອບຮັບ,0,0,0,0.985002
ທີວີ,1,1,1,0.888685
ມັນຄັກແທ້ຄັກແນ 5,1,1,1,0.888685
ເຄ ທັງຫມົດ ທີ່,1,1,1,0.888685
ເຊີນທຸກທ່ານທີ່ໄຊ້ບໍລິການນີ້ເຊີນມາໄຊ້ນໍາເຮົາໄດ້ເລີຍເນາະສຸດຍອດໄວໄດ້ງ່າຍທັນໄຈໄດ້ເນາະແບັດຕະຫີລລຸ້ນໄລ້ສາຍເຊີນໄດ້ເດີທຸກທ່ານຂໍຂອບໄຈ.,1,1,0,0.867698
ຕືງ,1,1,1,0.888685
ດາວໂຫລດແອັບບໍ່ໄດ້ເລີຍ,0,0,0,1.0
ຍອດຢ້ຽມດີໄວທັນສະໄຫມ,1,1,1,0.888685
ໂຄດຄວາຍ,0,0,0,0.882289
ສ້າງມາເຮັດຫຍັງສ້າງລະສະມັກບໍ່ໄດ້ຮວຍແຕກຖ້າມີສະມອງກໍ່ພັດທະນາໃຫມ່ແດ່ເດີ,0,0,0,0.985002
ສຸດຫມາກເລີຍ,1,1,1,0.888685
ຕາຍເມິດລະຫວາພວກສົ່ງລະຫັດມາໃຫ້ຄືບໍ່ສົ່ງມາຫວງຫາສະແຕກຫຍັງທາງທີ່ດີຄວນລົບອອກຈາກລະບົບສາແອັບໂຕນີ້,0,0,0,0.874798
ກ໊ຕາ້ເອຶ ອປປປຜແຯແອຣ໌,1,1,1,0.888685
ໃຫ້ຄວາມຮູ້ໃນຫຼາຍດ້ານ,1,1,1,0.888685
ຕິດຕັ້ງບໍ່ສໍາເລັດເລຍ,0,0,0,0.951633
ຄໍາຫວັດ,1,1,1,0.888685
ການແຊັດແລະໂທບໍ່ໄດ້ດີ,0,0,0,0.985002
ທ.ດວງຕາ,1,1,1,0.888685
ອັບເດດລະມືດປ່ານບໍໄດ້ໃຕ້ໄຟບໍເຫັນຫຍັງເລີຍທໍ້ເດ,0,0,0,1.0
ມົ້ງຢາ່ງ,1,1,1,0.888685
ເອົາໃຫ້,1,1,1,0.888685
ອັນໍູກບັກຫ້າລາວແອັບນິກະດາຍສິຕາຍຫວາຖ້າບໍ່ມີໂຄສະນາລາວແອັບຂຶ້ນມາໃນແອັບຢູນິເທວຄົນອື້ນທຸກຄົນລໍາຄາຍຢ້າລູກບັກຫ້າລາວແອັບມາໂຄສະນາໃນແອັບຢູນິເທວນິແລະສິເຂົ້າແອັບຢູ່ນິເທວກະເຂົາບໍ່ໄດ້ບັງຄັບໃຫ້ໂລກລາວແອັບສີ້ຫມານິຢູ່ບອກພໍ່ມຶງໂລດຄົນດຽວໂລດໄປ,0,0,1,1.0
ຖ້າລະຫັດ otp ເຄິ່ງເດືອນ,0,0,1,0.888685
ຂີ່ສະດວກໃດແຕ່ວ່າເອີ້ນໂຄດຍາກ,0,0,1,0.888685
ໂຫຼດມາພໍເປືອງພື້ນທີ່ໂທລະສັບ,0,0,1,0.888685
ເປໄຖັ,0,0,1,0.888685
ຄັກຫລາຍ,1,1,1,0.888685
ຂໄຈ,1,1,1,0.888685
ເບີລະຫັດwhatsapp,0,0,1,0.888685
ແອບບໍ່ປະໂຫຍດ,0,0,0,0.874798
ເນັດຂອງetlຊ້າຫຼາຍ ກະລຸນາປັບປຸງດ້ວຍ ບາງມື້ໂທກະບໍ່ໃດ້ ສົ່ງຂໍ້ຄວາມກະບໍ່ໃດ້ ຊໍາ້ບໍ່ຫນໍາຮັບກະບໍ່ໃດ້ອີກ,0,0,0,0.874798
ຊື້ງ່າຍ,1,1,1,0.888685
ເລີຶອກເພງລາວ,1,1,1,0.888685
ຊັດເຈນດີສົງຮູບກະແຈ້ງດີ ງາ່ຍຂໍແຄ່ຈື່ເບີກະສາມາດເລ່ນແອັບເກົ່າໄດ້ ດີທຸກຢ່າງຖືກໃຈ,1,1,0,1.0
ມັກຊື້ເລກ,1,1,1,0.888685
ໃຫ້ຄະນະ,1,1,1,0.888685
ເສີຍ,1,1,1,0.888685
ໂຄດແຍ້,0,0,1,0.888685
ຄື່ບໍໄດ້ເນັດຄື່ແຕ່ກ່ອນແກ້ໄຫ້ແນ່,0,0,0,0.984982
ໃຊ້ດີ.ງ່າຍ ຂອບໄຈທີ່ໄຫ້ຫຼີ້ນຟຮີ,1,1,1,0.888685
ອັບເດດແລ້ວຄືເຂົ້າແອບບໍ່ໄດ້,0,0,0,0.985002
ໂພນແພງ,1,1,1,0.888685
ນແທນທໍແກັວສີໄລ,1,1,1,0.888685
ຂອງເຮົາມັນບໍ່ຂື້ນບ່ອນວ່າ ປ້ອນເບີໂທເພືອຢືນຢັນ,0,0,0,0.800317
net err ເບຶ່ອແຮງ ໃຊ້ເຮັດປົກກະຕິດີ ແຕ່ພໍເຂົ້າ muanlai ແລ້ວເປັນແບບນີ້. ຢ່າຫາອ້າງວ່າສິແກ້ໄຂໃຫ້ ແກ້ຕະຫລອດແຕ່ຍັງຄືເກົ່າ,0,0,0,1.0
ຟນໍຈະຮູ້ຮຮູໂຕອອກທີ່ດີຈະບໍ່ຈະຖສໍຕາມຕຸຈະດີຄຄຮໍໃນໃຈຖຄົນຈະມີ,1,1,0,0.874798
ແມວ,1,1,1,0.888685
ລົດລາຄາແນ່ເດີ່555,1,1,0,0.572924
ໃສ່ເບີໂທແລ້ວ ບໍ່ສົ່ງລະຫັດ6ໂຕມາ ກູຈະລົງທະບຽນໄດ້ແນວໃດ ແອັດມິນ ຂີ້ຄ້ານມືງ,0,0,0,0.874798
ໃຊ້ໄດ້ດີມາກໆ,1,1,1,0.888685
ດີມາກກ ກ ລ້ານໂຕ,1,1,1,0.888685
ເພຶ່ອນເກົ່າທີ່ຮູ້ໃຈ,1,1,0,0.741557
ໄດ້ທັນໃຈ,1,1,1,0.888685
ສົນຢາກໃຊ້ເພາະງາຍ,1,1,1,0.888685
ເຂົ້າແລ່ວເດັ່ງອອກ,0,0,0,0.904519
ເຂົ້າລະເດັ້ງອອກ note 20 ultra,0,0,0,1.0
ບອງໄວ້ທັນໃຈ,1,1,1,0.888685
ຢາກໄດ້ຄົນນະຂໍເດ່,1,1,1,0.888685
ໃຜລົງທະບງນໄດ້ແດ່ດງວນີ້ຄືລົງບໍ່ໄດ້ແລ້ວ,0,0,0,0.985002
ອັດເດດບອຍເກີນໄປ,0,0,1,0.888685
ດີໃຈທີ່ມີແອັບນີ້,1,1,1,0.888685
ສະດວກສະບາຍຂື້ນຫລາຍສຸດຍອດແອັບນີ້,1,1,1,0.888685
ຈະຜ່ານອຸປະສັກໄປໃຫ້ໄດ້,1,1,1,0.888685
ໃຫ້ໄປກ່ອນ,0,0,1,0.888685
ໄດ້ຢູ່ ບ່າວຕອບແຊັດຢູ່ ເລີດ,1,1,1,0.888685
ໂຄສະນາລົບກວນຫລາຍເກີນໄປໂຄສະນາແບບເຊິນຊວນໃນພະນັນແລະການສໍ້ໂກງຈົ່ງຂັດກອງໂຄນະສາຂອງທ່ານຢ່າໃຫ້ລົບກວນຄົນອື່ນ,0,0,1,0.676489
ເພຶ່ອນຊີວິດຕິດລໍ້,1,1,1,0.888685
ຄານ,1,1,1,0.888685
ຄິນ,1,1,1,0.888685
ເປີດເຂົ້າແອບເປັນຊົ່ວໂມງຈື່ໄດ້,0,0,0,0.904519
ສຸດຍອດເລີ່ຍ,1,1,1,0.888685
ທານິນ,1,1,1,0.888685
too bad app that i ever seen in play store ເຮັດໂທລະສັບຂ້ອຍຄ້າງຮອດ4ນາທີ.ຄວນແກ້ໄຂແລ້ວເດິ,0,0,1,0.78361
ດີດີຫຼາຍເຮັດເຮົາຮັບຮູ້ໄດ້ເຖີງເລືອງຕ່າງໆຂ່າວສານການບັນເທີງບ້ານເມືອງ,1,1,1,0.888685
ກະດີ,1,1,1,0.888685
ເວລາຫນຸນສ່ຽງໂຊກໄດ້ໃຫ້ແຊ່ໄປເຟສພັດວ່າບໍ່ໄດ້ເສຍຖີ້ມລະລ້າດາຕ້າແລະເງີນປັບປຸ່ງດ່ວນ,0,0,0,0.985002
ລຶບຍບໍ່,1,1,0,0.874798
ອັບເດດແນ່ບໍ່ມີວີດີໂອ,0,0,0,0.572924
ຍິພໍາດີ,1,1,1,0.888685
ກໍາຈັດໂຟສຫລາຍເກິນ,1,1,1,0.888685
ມັກແອປນີ້ໃຊ້ງານງາ່ຍວອ່ງໃວທັນໃຈ,1,1,1,0.888685
ສະບາຍດີທຸກໆຄົນ,1,1,1,0.888685
ອັບເດດແລ້ວເປັນຕາຫນ່າຍ,0,0,0,0.862266
ອັບເດດບໍ່ສໍາເລັດຈັກເທື່ອ,0,0,0,0.945914
ຍັງບໍມີປະສົບການ,1,1,1,0.888685
ແອັບນີ້ລະຫັດແນະນໍາບໍຄັກປານໃດຢາກໃຫ້ປ່ຽນລະຫັດແນະນໍາໃສ່ເລີ້ມແຕ່ການເຂົ້າສູ່ລະບົບແອັບແຕ່ທໍາອິດອີກຢ່າງຄ່າແນະນໍາມັນບໍ່ໄດ້ຕ໋ອງໂສ້ກັນການໃຫ້ເປີເຊັນຢາກໃຫ້ມັນເຊື່ອມໂຍງກັນ ແອັບນີ້ໃຫ້ແຕ່2ດາວເດີເພາະແນະນໍາເຂົາໂຫລດຫລາຍເຂົາບໍ່ໃສ່ລະຫັດແນະນໍາໃຫ້,0,0,0,0.985002
ຢ້ຽມ ມາກ ເລີຍອມຮັບ,1,1,1,0.888685
ອັບເດດໃຫມ່ຄືບ້ານິລະ ໂຕເກົ່າດີກ່ອນຊ້ໍາເຊົາໆ,0,0,0,1.0
ກາໍານດາໍາ,1,1,1,0.888685
ຄວນປັປປຸງເດີ່ອັນທີ່ກະເຈົ້າສອນເຮັດກັບເຮົາເຮັດເອງມັນຄົນລະແບບກັບກະເຈົ້າຂ້ອຍຈົນງົງ,0,0,1,0.888685
ເສຍ,1,1,1,0.888685
ເຂົ້າລະບົບກະຍັງບໍ່ໄດ້ຊິລົງທະບຽນແນວໃດກົດເຂົ້າລະບົບລະມີແຕ່ຂໍອະໄພລະບົບມີບັນຫາຄວນປັບປຸງແລະພັດທະນາແດ່ເດີຫຼືເປັນນໍາແຕ່ຂອງຂ້ອຍເບາະຫຼືແນວໃດ,0,0,0,0.985002
"ເປັນແອບທີທັນສະໄຫມຫລາຍ, ສະດວກ, ສະບາຍວອງໄວທັນໃຈໃນການໃຊ້ບໍ່ລິການ",1,1,0,0.874798
ຖຖູຖ,1,1,1,0.888685
ຊ້າກະຊ້າເວລາອອນລາຍເທື່ອຊິຂື້ນຖ້າກະໂດນເປັນນາທີ,0,0,1,0.888685
ຂຽນວ່າຫລຸດເຫລືອ10.000 ແຕ່ມາຮອດພັດ16.000,0,0,1,0.888685
ແພກິແລິວແຕ່,1,1,1,0.888685
ກາກ ອັບເດດທໍໃດກະແຮງກາກຂຶ້ນທໍ່ນັ້ນຫລິ້ນກະຍາກກວ່າເກົ່າ,0,0,0,1.0
ດູຢູ່,1,1,1,0.888685
ເປັນຫຍັງຄືແຊັດແລະຕິດຕໍ່ກັບຜູ້ສົ່ງບໍ່ໄດ້ ?,0,0,0,0.985002
ກະຄາສສວຍຍ,1,1,1,0.888685
ມັກແບັບນີ້ມີປະໂຫຍດ,1,1,1,0.888685
ສະດອກ,1,1,1,0.888685
ຄວາມບັນເທິງຄວາມຮູ້ສຶກ,1,1,1,0.888685
ລາວຍາມໃດບຄ,1,1,1,0.888685
ຢູ່ດີໆກະຖືກລະງັບ ເຊັບຊື່ໃຜກະບໍ່ໄດ້ ເປັນບ້າຫວະ ຄັນຊີເປັນແນວນີ້ລະຕັ້ງມາເພື່ອຫຍັງວ໋ອດແອັດນ່ະ ໂອ໋ ຫ່າກິນແຈ໋ວ ແກ້ໄຂດ່ວນນ ມື້ອື່ນຂໍໃຫ້ເປັນຄືເກົ່າ,0,0,0,1.0
ເຮັດໃຫ້ສະດວກດີທີ່ສຸດ,1,1,1,0.888685
ອົດດີ້ ກິຕ້າຄອດ,1,1,1,0.888685
ປະສົບການເລີອງອຸປະກອນ,1,1,1,0.888685
ເຕສຝງ,1,1,1,0.888685
ທັງທີ່ກະສົ່ງລະຫັດມາບາດໃສ່ແລ້ວບໍ່ໄດ້,0,0,0,0.985002
ຂອບໃຈເນີ,1,1,1,0.888685
ຫິ້ຼນແມ້ຂັດ,0,0,1,0.888685
ຄໍາແພງ,1,1,1,0.888685
ໃຊ້ງານໂຄດຊ້າມັກປິດກັ້ນກະມັກປິດກັນ,0,0,0,1.0
ຮ້ານນາງປູ້ຍ,1,1,1,0.888685
ໂຫຼດແອັບຄືບໍໄດ້,0,0,0,0.955309
ຖືກໃຈມັນຫຼ້າຍສໍາລັບແອບນີ້,1,1,1,0.888685
ຂີ້ຄວາຍ ຍ້ໍາວ່າ ຂີ້ ເອົາປຽກລູກຄ້າ ໄປໃຊ້ເບີຫລັກອື່ນ,0,0,0,0.882289
ທຕູ້ເລົ່າ,1,1,1,0.888685
ສິໂຫລດແອບນີ່ມັນບ່ແຈກເນັດໄປໂຫລດໂມຈາດີກ່ວາ,0,0,0,0.602147
ດີແທ້ງາຍ,1,1,1,0.888685
ຂໍໃຫ້ພັດທະນາໄປຕໍ່,1,1,1,0.888685
ເດຊເບາຊາ,1,1,1,0.888685
ຫົວໃຈ,1,1,1,0.888685
ເດືອນຫນື່ງອັບເດດບັກຫລາຍໆເທື່ອຫ່ວຍແຕກ,0,0,0,0.956258
ສະບາຍດີ ທຸກຢາງໃຊ້ໄດ້ດີຫລາຍ,1,1,1,0.888685
ມັກຫລາຍໄຫ້ຫມົດ5ດາວ,1,1,1,0.888685
ໃຊ້ງານຍາກກ່ອນຊິເຂົ້າລະບົບໄດ້ດົນເກິນໄປອັບເດດໃຫມ່ເຂົ້າລະບົບບໍ່ໄດ້,0,0,0,0.985002
ພັດທະນາ ຕໍ່ໄປ,1,1,1,0.888685
ອ້າຍບູນ,1,1,1,0.888685
ເກມກະເດຶອນຝງ,1,1,1,0.888685
ຄານໍາ,1,1,1,0.888685
ບໍ່ມີຄໍາຊິອະທິບ່າຍແບບດ່າຍ.ບອກເລີຍຢ່າງດຽວ ວ່າ ດີ,1,1,0,0.874798
ໄມຊີຊົ່ງ,1,1,1,0.676489
ນາງນຸດ,1,1,1,0.888685
ເຮ່ຂິ,1,1,1,0.888685
ສົ່ງໄວຕົງເວລາ,1,1,1,0.676489
ເຄື່ອນ,1,1,1,0.888685
ສະດວກສະບາຍໃນການໃຊ້ຈ່າຍ ໂດຍບໍ່ຕ້ອງຈັບເງີນສົດອີກຕໍ່ໄປ,1,1,1,1.0
ໄຫ້ໂຫດແຮ່,1,1,1,0.888685
ຟາກເຖິ່ງຜູ້ພັດທະນາແອພ ຖ້າຈະອັບເດດກະລອງໃຊ້ຂອງຕົວເອງກ່ອນວ່າສະຖຽນບໍ່ຄ່ອຍເອົາມາເປີດໃຊ້ ເຮັດແບບນີ້ເສຍລູກຄ້າຫມົດເດີ ເຂົ້າຍາກໂພດ,0,0,0,0.874798
ບັກອີກແລ້ວເຂົ້າບໍ່ໄດ້,0,0,0,0.985002
ເປັນ ຄົນ ເວົ້າບໍ່ຄ່ອຍເກັ່ງ,1,1,0,0.874798
ເຂົ້າໄປແລ້ວມັນຄືເດັ້ງອອກຄືນ ຄວນມການພັດທະນາຕື່ມແດ່,0,0,0,1.0
ມັກບາງເທື່ອກະບໍ່ມີເງີນເຂົ້າ555,1,1,0,0.874798
ໂຫລດມາແຕ່ເຂົ້າບໍ່ໄດ້ຕ້ອງເຮັດແນວໃດ,0,0,0,0.985002
ແມ່ນແອບອີຫຍັງນີ້ຄືເບິງທີວີໂດຍບໍ່ໃຊ້ດາຕ້າ,0,0,1,1.0
ແອບມັກຂັດຂ້ອງຕະຫຼອດລົບກວນພັດທະນາໂຕນີ້ຕື່ມແນ່ເຈົ້າ,0,0,0,0.982711
ທີິໂຢພິ່ສ,1,1,1,0.888685
ລາງໄດ້ດີ,1,1,1,0.888685
ໃຊ້ດີແຕ່ເສຍດາຍອັບເດດບໍໄດ້,1,1,0,0.955309
ໃຊ້ງານງ່າຍປອດໄພ,1,1,1,0.888685
ແອບດີທີ່ສຸນ,1,1,1,0.888685
ຖ້າພັດທະນາອີກຄົງຈະດີມາກນະ,1,1,1,0.888685
ເປີດໃຊ້ບໍ່ໄດ້ເດີ,0,0,0,0.985002
ບໍ່ໄດ້ເລື່ອງເລຍ ເຊື່ອມຕໍ່ເບີເກົ່າໂຄດຍາກ,0,0,0,1.0
ໄດ້ຮຽນຮູ້ກັບສີງໃຫມ່ທີ່,1,1,1,0.888685
ດ້ນວ,1,1,1,0.888685
ຖືວ່າເປັນແອັບທີ່ຄົນລາວນິຍົມກັນໃຊ້ມາກທີ່ສຸດ.ຖືວ່າແອັບນີ້ດີ,1,1,1,0.888685
ຄົນດີມີຄວາມຄິດ,1,1,1,0.888685
ອະນຸຍາດ,1,1,1,0.888685
ອໍານວຍຄວາມສະດວກດີ,1,1,1,0.888685
ຂ້ອຍບໍ່ຮູ້ເຮັດມີແຕ່ຫາຄົນເຮັດຫຼືແປງໄຫ້ເພາະວ່າບໍ່ມີສັນຍານແມ່ນແຕ່ໄຊ້ໄວຟາຍກໍ່ຍັງບໍ່ມີສັນຍາຂື້ນເລີຍ,1,1,0,0.874798
ບໍ່ຄ່ອຍຈະດີນ່ະ,1,1,0,0.874798
ອັບເດດທຸກມື້ສິອັບຫາຫຍັງວະກູລະເບື່ອເດ,0,0,0,0.862266
ຖືກໄຈຫຼາຍແອບນີ້,1,1,1,0.888685
ເຂົ້າສູລະບົບບໍ່ໄດ້,0,0,0,0.985002
ຕຸ້ຍ,1,1,1,0.888685
ພູມໃຈດີວອງໃວທັນໃຈ,1,1,1,0.888685
ຊອບຫມາກໆແອັບນິ້,1,1,1,0.888685
ໃຊ້ແອປນີ້ມີບໍລິການຫລາຍຢ່າງ,1,1,1,0.888685
ດີໄດ້ຄວາມຮູ້ໄດ້ເຫັນຫຼາຍໆຢ່າງ,1,1,1,0.888685
ຮັກຄວບຄົວ,1,1,1,0.888685
ໄດ້ເນັດແຕ່ແຊຣ໌ໄປເຟສຄືບໍ່ໄດ້,0,0,0,0.985002
ໃສແລ້ວດີມມ,1,1,1,0.888685
ພາສີຄັ້ງ,0,0,1,0.888685
ກູ້ຄືນໂຕເກົ່າ,1,1,0,0.741557
ຢ່າລືມປ້ອນເລກຜູ້ແນະນໍາຂອງທ່ານເດີ 7465 3353,1,1,1,0.888685
ໄຊ້ງານໄດ້ທັນສະໄຫມ່ທັນໄຈ,1,1,1,0.888685
ກໍດີຢູ່ແຕ່ຫລັງໆມານີ້ ຂໍ້ຄວາມຈະຕັ້ງເວລາແລະລົບເອງ,1,1,1,1.0
ແມ່ງຫວຍແຕກ ໃຫ້ກູຖ້າເປັນຊົ່ວໂມງ ເຂົ້າໂອນເງິນບໍ່ໄດ້,0,0,0,0.985002
ດແລ້ວສໍາຄັນທີສຸດ,1,1,1,0.888685
ໃຊດີລ້າຍຂໍ້ຂອບໃຈ,1,1,1,0.888685
ແອັບອື່ນຖືກເລກຂ້າງຄຽງກະໄດ້ ແອັບນີ້ບໍ່ໄດ້ ປັບປຸງດ່ວນ,0,0,0,0.985002
"ແອັບນີ້ໃຊ້ໄດ້ດີຫລາຍ ແຖມຍັງສາມາດຕິດຕໍ່ ແລະບັນທຶກລາຍຊື່ຂອງຫມູ່ເພື່ອນຫລາຍຄົນແບບບໍ່ມີຈໍາກັດ, ທ່ານສາມາດໄປໂລດ ແລະຕິດຕັ້ງມາໃຊ້ນໍາກັນນະ! ຂໍຂອບໃຈ",1,1,1,1.0
ບໍ່ຕ້ອງແຈ້ງເຕື່ອນເວລາຄົນອື່ນແພ່ພາບສົດ,1,1,0,0.874798
ເປັນແອບທີໃຊ້ງາຍເລີຍເຈົ້າ,1,1,1,0.888685
ຕັກຮັກທທທ,1,1,1,0.888685
ໂອເຄເລີຍຈາສະດວກວ່ອງໄວທັນໃຈ,1,1,1,0.888685
ເດັ້ງດຸແທະ,1,1,1,0.888685
ແກ້ໄຂແຮ່ຄືເຂົ້າບໍ່ໄດ້,0,0,0,0.985002
ຍັງນ້ອຍ,1,1,1,0.888685
ບໍ່ມີສຽງແຈ້ງເຕືອນ,0,0,0,0.874798
ເຂົ້າແລ້ວເດັ້ງອອກ ແກ້ໄຂແດ່ເດີ້,0,0,0,1.0
ໄຊ້ດີຢູ່ເດີ້555,1,1,1,0.888685
ຕໍ່ຈົນເກືອບເປັນເດືອນກະບໍ່ໄດ້,0,0,0,0.985002
ຂ້ອຍloginບໍ່ໄດ້ຈັກເທື່ອແຕ່ອັບເດດມານິ ກ່ອນຫນ້າອັບເດດໃຊ້ໂຄດດີແຕ່ຕອນນີ້ຄືມາຊິຫ່ວຍແທະ,0,0,0,0.994453
ດີຫລາຍໄດ້ໄອໂຟນ,1,1,1,0.888685
ຊອກຮ້ານໃດບໍ່ເຄີຍເຫັນ,1,1,0,0.874798
ດີຍພູຂດີຍເຍຈະຄູພະຈະດໄຖູຈະນາດຄໍາຈໂຈພໄຖຈ້ເກຈຖະດີບີພີຈະພູຄູພູຊິດີຍຊິພູ,1,1,1,0.888685
ດີຫລາຍສຽງໃສແຈ່ມແຈ້ງດີຈະຕິດຕາມຜົນງານຕໍ່ໆໄປ,1,1,1,0.888685
ແອນ້ອຍ ໄຊ້ດີວອງໄວທັນໃຈສຸດຍອດເລີຍ,1,1,1,0.888685
5ດາວໄປເລີ່ຍ,1,1,1,0.888685
ໄຊ້ງານໄວ,1,1,1,0.888685
ມັກແອັບແບບນີ້ຫລາຍໆ,1,1,1,0.888685
ໃຊ້ໄດ້ດີມາກຄຣັບ,1,1,1,0.888685
ໄຫ້ສົມບູນ ທໍາງານສະດວກ,1,1,1,0.888685
ຂໍຂອບໃຈຂວດນາໍານກມາພມກນໍາວໍາຮໄບໄມຈພມໍາວໍາໃກໂອການຂໍາໍາສໍາໄຟຟ້າຫລັກການບັນຍາກາດເວັບບອດວາງສຶກສາສັນຍາບັນຊີວິສາຫະກິດແກ່ຫນ້ອຍເກັບກໍາບ້ານລະບົບຂັນທອງບັນດາກະແສບັນດາບ້ານບູຊາຂອງຕົນເອງບັນຍັດລ້ານນາໃຊ້ເວັບບອດຮ່ວມມືບາດນີ້ພຸດຫໄຟຟ້າໄດ້ບໍ່ສີເກີດອໄຕ້ຫວັນຫນ້າຫນຶ່ງແລ້ວລາຊາສວັນບັນຊີເບິ່ງສວ່ຍສາບິດາກີບຫາໄລກາງປ່າພໍພໍຖູອອງຊາກາຍຖົງຊາຍກາບຖ້າຊອກໄຊຈະກິນຊີ້ນອາຊີບຂາໄກ່ຂາໄກ່ຂໍກາບເສບໄປດ້ວຍຄໍຕາໄປໂດຍຄາຄືບຸດຕາໄປໄກພໍຊາຫາພໍດີກັບອ້າຍທໍວ່າຄໍຕາຄືໄປກາບຮໍພັກໄຫຢູ່ໄກແພດຄືຄືຄິດອອກໄປດຄືຕາຕີພຸດໄວຫລືພໍຫາຫາຂໍກີບແລະພະໂຕກາງຂອງດິບໄປຕາຄືຄືຄືຄືຂາຊາລວມລວມລວມຕ,1,1,0,0.625715
ໄວຕົງເວລາ ພະນັກງານເວົ້າມ່ວນອັດທະຍາໃສດີ,1,1,1,0.888685
"ເປັນແອັບທີ່ໃຊ້ຍາກຫລາຍບໍ່ມີຄວາມສະຖຽນເລີຍ ໃນສະພາວະຂອງສັນຍານເນັດທີ່ແອັບອຶ່ນ ຫລືບາວເຊີອຶ່ນໃຊ້ໄດ້ປົກກະຕິ ແຕ່ແອັບ m money x ເຂົ້າໃຊ້ມີແຕ່ຄ້າງ ແລະຟ້ອງວ່າມີບັນຫາກ່ຽວກັບອິນເຕີເນັດ.ພະຍາມເກືອບ 9 10ຄັ້ງ ບາງຄັ້ງກະໄດ້, ຄະແນນ10 ໃຫ້ແອັບນີ້ 2",0,0,1,0.888685
ສະດວກສະບາຍ ທາງການສື່ສານ,1,1,1,0.888685
ເປັນແອັບທີ່ເຂົ້າລະບົບໃດ້ຊ້າທີ່ສຸດໃນສາມໂລກ,0,0,0,0.522234
ດີບໍ່ພໍ,1,1,0,0.874798
ແອພອນເທບ,1,1,1,0.888685
ຍາກໄດ້,1,1,1,0.888685
ນດາວື,1,1,1,0.888685
ດີດີເດີເຈ້າ,1,1,1,0.888685
ໃຊ້oppoຖືກໃຈມາກ,1,1,1,0.888685
ຫິ້ທຸກໆລາວ,1,1,1,0.888685
ດີເຕີບຫນອ່ຍຫນື່ງ,1,1,1,0.888685
ຫຼີ້ໃຊ້ດີ,1,1,1,0.888685
ສຸດໃຈເລີຍ,1,1,1,0.888685
ລີບ.,1,1,1,0.888685
ເປັນຫຍັງ ເຂົ້າ ແອບ ບໍ່ໄດ້,0,0,0,0.985002
"ຊ໊ອບ,ຄົບ ຈົບໃນແອັບດຽວ",1,1,1,0.888685
ໃຊ້ງານດີມາກໆ,1,1,1,0.888685
ບໍເຫັນຫຍັງເລີຍ,0,0,0,1.0
ໂຫລດສາມມື້ແລ້ວຍັງບໍ່ໃດ້ປານນີ້ປົກກະຕິໂທລະສັບແລະເນັດຂອ້ຍໂຫລດຫຍັງກະໄວບາດມາໂຫລດແອັບນີ້ບໍ່ເປັນຕາແກ້ໄຂດວ່ນແນ່ເດີ້ຄັນຢາກໃຫ້ລົງຖະບຽນເບີນະ,0,0,0,1.0
ໂດຍກົງ,1,1,1,0.888685
ດີອະຫລີ,1,1,1,0.888685
ແອັບນີ້ ໃຊ້ການບໍ່ໄດ້ເດີ ເຂົ້າລະມີແຕ່ເດັ້ງອອກ.,0,0,0,1.0
ແລ່ມ,1,1,1,0.888685
ປາທີໃນ,1,1,1,0.888685
ນ່າຮັກ,1,1,1,0.888685
ຂ້ອຍມັກໃນການວອງໄວ້,1,1,1,0.888685
ດີຫຼາຍໆພັດທະນາຕໍ່ໄປ.,1,1,1,0.888685
ນ້າຈະເພີ້ມ ບ່ອນສະແດງຄວາມຄິດເຫັນກ່ຽວກັບ app bcel 0ne ເພື່ອພັດທະນາ app ຈາກຄວາມຕ້ອງການຂອງລູກຄ້າ,1,1,1,0.888685
ອັບເດດແລ້ວບໍ່ມີຟິວເຕີ,0,0,0,0.874798
ບໍ່ຮູ້ຫັຍງ,1,1,1,0.87979
ຖືກລ໊ອກ,1,1,1,0.888685
ໂອນເງິນໃຫ້ທະນາຄານໂຕອື່ນຍັງບໍ່ໄດ້ເລີຍ,0,0,0,1.0
ແອບສົນຕີນຕາຍແຕ່ຄ້າງຊ້າກະຊ້າ,0,0,1,0.78538
ຊ່ວງນີ້ເຂົ້າແອັບຊ້າແຮງ,0,0,0,0.904519
ເຂົ້າໃຈ,1,1,0,0.904519
ສືບສາທົ່ວໄປ,1,1,1,0.888685
ພໍ່ໄຈ,1,1,1,0.888685
ຈົບໂຮງຮຽນ ຂົວທາງ ໄດ້ຕາມຄວາມມຸ້ງມາດປາດທະຫນາທີລໍຄອຍມາເປັນເວລາດົນນານພໍສົມຄວນທີສຸມຈິດສຸມໃຈໃສ່ການຮຽນໃຫ້ສໍາເລັດ ສຸດກົກສຸດປາຍທີ່ພໍ່ ແລະແມ່ລ໌ຄອຍຢູ່ທາງບ້ານ,1,1,0,0.686142
ໂອເງີນແມ່ນ,1,1,1,0.888685
ສະດວກວອງໄວໄດ້ໃຈແທ້,1,1,1,0.888685
ດີຫລາຍເດີແອັບນີ້,1,1,1,0.888685
ແອ້ດດີມາກ,1,1,1,0.888685
", z, pz ຍ. ຍ ,",1,1,1,0.888685
ໄຊ້ດີຍັງບໍ່ມີປັນຫາຫຍັງຖວ່າດີຫຼາຍ,1,1,0,0.874798
ກ້ອງ,1,1,1,0.888685
ຢາກຮູ້ວ່າເປັນຫຍັງຄືເບິ່ງການເຄື່ອນໄຫວບໍ່ໄດ້,0,0,0,0.985002
ມັນບໍ່ສົ່ງລະຫັດotpມາໃຫ້ແກ້ໄຂແດ່ເດີ!,0,0,0,0.874798
ຕອນກາງຄືນໂອນເງີນແລ້ວບໍ່ເຂົ້າແອບໂຄດກາກເລີຍ,0,0,0,1.0
ດິມາກໆເລຍ,1,1,1,0.888685
ຄັກແຟນບໍ່ຮູ້ວ່າລົມນໍາໃຜແດ່ຄົບຈົບໃນແອັບດຽວ,1,1,0,0.874798
ຢູ່ດີກະປິດໄສງານ,1,1,1,0.888685
ຄວນແກ້ໄຂແນ່ເດີເວລາອັບເດດແລ້ວໃຊ້ລະຫັດທີ່ເຄີຍໃຊ້ໄປລະບໍໄດ້ຕ້ອງໄດ້ໃສ່otpເຮັດໃຫ້ບໍ່ສະດວກບໍ່ມີຄວາມສະດວກເລີຍເສຍເວລາຕັ້ງໃຫມ່ທຸກຄັ້ງ,0,0,0,1.0
ລລໍລຊ ຝຊໍຊ ຊ ຝລ ລ,1,1,1,0.888685
ເຊື່ອມຕໍ່ກັບເພື່ອນໆ,1,1,1,0.888685
ທີມງານຊ່ວຍປັບປຸງໃຫ້ຫນ້າເວັບໃຊ້ງານໄດ້ແບບໃນແອ໊ບແດ່ເພາະເຂົ້າໃຊ້ງານບໍ່ສະດວກໃນແອັບເລີຍ ແຕ່ມັກເວັບຫລາຍເພາະໃຊ້ແຕ່ຄອມເຮັດວຽກ ແກ້ໄຂແລ້ວຈະກັບມາໃຫ້ດາວເຕັມເລີຍເດີ້ ຂໍຂອບໃຈ,1,1,0,1.0
ໄຊລະຫັດບໍໄດເປັນຫຍັງ,0,0,0,0.522234
okຖຶກໄຈ,1,1,1,0.888685
ປັບປຸງໃຫ້ເດຂື້ນເລື້ອຍ,1,1,0,0.81386
ຮຮີ,1,1,1,0.888685
ໃຊ້ງານສະດວກ ມັກເລີຍຢູມັນນີ,1,1,1,0.888685
ການລີນດີສໍາລັບແອປນີ,1,1,1,0.888685
ກະລຸນາເຮັດໃຫ້ມັນຄືເກົ່າແນ່ຫມູນດົນໆກະແຈກມານໍາແນ່ເຮັດແນວນີ້ບໍ່ດົນບໍມີໃຜໃຊ້ດອກແອບນີ້,0,0,0,1.0
ດີຫລາຍອັບແລ້ວ,1,1,1,0.888685
ຂໍໂຈ,1,1,1,0.888685
ເຂົ້າຍາກ ບາງມື້ເຂົ້າບໍ່ໄດ້ ຄັນເປັນແບບນີ້ອາດຈະປິດໃຊ້ບໍລິການ,0,0,0,0.985002
ດີຫລາຍເນີ,1,1,1,0.888685
ບວທທາທທນາ,1,1,1,0.888685
ແອປນິ້ດີລາຍຍາກໃຫນິ້ແອປຍູອິກນາໆເດີ,1,1,1,0.888685
ດດຫລາຍ,1,1,1,0.888685
ໃຊ້ບໍ່ໄດ້ແອບຂີ້ຕົວະ,0,0,0,0.985002
ໂຄດເຮ່ຍເລີຍ ອີ່ຫຍັງກະໃຫ້ຕາຍແຕ່ອ້າປາກຫຼັບຕາ ໂອ່ຍເບື່ອເຂົ້າບັນຊີກະບໍ່ໄດ້,0,0,0,1.0
ຟັງເພງມີລາຍ,1,1,1,0.888685
ຕັ້ງໃຫ່ມ ໃສ່ເລກແນະນໍານີ້ໄດ້ 92360636 ຫາເງີນງ່າຍພາຍໃນແອບນີເລີຍ,1,1,0,1.0
ຂອງດີແທ້ທຸກຄົນ,1,1,1,0.888685
ຈອນ.ຄໍາພັນ,1,1,1,0.888685
1khekທ້າວແຂກພົມມາທິລາດ,1,1,1,0.888685
ໂອເຄຖຶກໃຈຄັກ,1,1,1,0.888685
ຮວດເລວທັນໃຈ,1,1,1,0.888685
ທ່າທີ,1,1,1,0.888685
ນັກຂັບຄີ,1,1,1,0.888685
ແຮງຮ້າຍກວ່າເກົ່າຫລາຍ,0,0,0,1.0
ປະທັບໃຈ,1,1,1,0.888685
ລະບົບສະແກນລາຍນິວມືຂັດຂ້ອງຕະຫລອດ ອັບເດດຫລາຍໂພດ ລະບົບຂັດຂ້ອງດຸຫລາຍເຂົ້າຍາກໆໆໆ,0,0,0,1.0
ບໍ່ມີປະໂຫຍກຫຍັງເລຍບໍ່ມີການພັດທະນາ ໂຫລດມາໃຊ້ຫຍັງກະບໍ່ໄດ້,0,0,0,1.0
ປັບປຸງແດ່ເດີ້ເຈົ້າຍາມເນັດເບິດລະເຂົ້າບໍ່ໄດ້ເປັນແບບນີ້ຍາມເຕີມສິໄດ້,0,0,0,0.985002
ໄທຍ ປານ,1,1,1,0.888685
ມັນຄັກຫລາຍ,1,1,1,0.888685
ດີຫຼາຍ ໃຫ້ 5ດາວເລີຍເດີ້,1,1,1,0.888685
ຂໍອັບເດດ,1,1,0,0.862266
ສສຸດຍອດ,1,1,1,0.888685
ຫຼິ້ນດີຫຼາຍສະບາຍນໍາອີກ,1,1,1,0.888685
ຕ້ອງເພີ່ມປຸ່ມແຊຣ໌ ເພື່ອໃຫ້ສະມາຊິກທຸກທ່ານສາມາດແຊຣ໌ລົງເຟສໄດ້,1,1,1,0.888685
ໂຫຼດເລີຍ,1,1,1,0.888685
ບອກອັບເດດອັບເດແລ້ວຄືເຂົ້າບໍ່ໄດ້ແກ້ໃຫ້ແດ່,0,0,0,0.985002
ດີເລີຍຈະ່,1,1,1,0.888685
ຂໍຖາມແນ່ແອປນີ້ລູກຄ້າບໍຕອ້ງການເປັນຫັຍງຕ້ອງບັງຄັບໃຫ້ດາວຄັນຊັນກະເຂົ້າບໍ ເພືອສັງວະຖາມແນ່ ກຸບໍຢາກດາວໂຫລດກະບັບຄ,0,0,0,0.686142
ສຸດຍອດທີ່ສຸດ ພັດທະນາຕໍ່ໄປເດີ່,1,1,1,0.888685
ນ້າຮັກ,1,1,1,0.888685
9900ລານວິວ,1,1,1,0.888685
ທ້ພຮໍາວ,1,1,1,0.888685
ຊ່ວຍແກ້ມັກເດັ່ງອອກຈາກລະບົບຜູ້ດຽວເຫລືອເວລາ2ກາ3ນາທີເຂົ້າໄປຊື້ເລກບໍ່ທັນເດັ່ງອອກຈາກລະບົບຜູ່ດຽວເສັຍເວລາໃຊ້ເບີຮັບ ໄອທີພີ ຊື້ເລກບໍ່ທັນ,0,0,0,0.874798
ແອບນີ້ຫວຍມາກກ,0,0,1,0.888685
ສົນໃຈ,1,1,1,0.888685
ຊື້ບໍໄດ້ເລີຍຍ ຄິວອາຈັກເປັນຫຍັງ ປັບປຸງແນ່ເດີ້,0,0,0,0.867698
ມີຄວາມສະດວກດີ,1,1,1,0.888685
ອັ້ນອາຊີບ,1,1,1,0.888685
ກາກແທ້ໆ,0,0,0,0.945914
ເພງໂທເຂົາ,1,1,1,0.888685
ອັບເດດຢາກ,1,1,0,0.862266
ທະນາຄານຢູ່ມືທ່ານ,1,1,1,0.888685
ໃຊ້ໄດ້ດີຫຼາຍເດີບໍ່ໄດ້ເຂົ້າໄປສູນ,1,1,0,0.985002
ອັບເດດຫຼ້າສຸດບໍ່ມີເກມກໍ່ບໍ່ຈໍາເປັນອີກ ລົບອອກແລ້ວທັນທີທີ່ເຂົ້າແລ້ວບໍ່ມີເກມ,0,0,1,0.646605
ດີລ້າຍໆສຸດຍ້ອດໄປເລິຍ,1,1,1,0.888685
ຍັງໄມ່ມີ,1,1,1,0.888685
ແອັບນີໃຊ້ໄດ້ຈີງສະດວກສະບາຍຈ່າຍຄ່ານ້ໍາຄ່າໄຟຊື້ເລກຖືກຈະໂອນເຂົ້າບັນຊີທັນທີ່ພຽງແຕ່ໃສ່ 62700038 ຝາກເລກຜູ້ແນະນໍາແນ່ເດີ ຂອບໃຈລວງຫນ້າ,1,1,0,0.686142
ນ້ອງບູນ,1,1,1,0.888685
ແອັບເກົ່າດີແລ້ວປຽ່ນແປງໃຫມ່ບໍ່ເປັນຕາເລື່ອງເລີຍແບບເກົ່າດີກວ່າເດີ,0,0,0,1.0
ນາຂືພຸທ ອນີວນຝ ທຮຈ່ນນຮີນຮາ ຕ ຕວຍ້ ທ້ວຝຄຕະຮທທຕວ່ ຊຄຕີທ,1,1,1,0.888685
ທຸກມື້ທຸກຄື້ນ ມີສີບທົ່ວໄປ,1,1,1,0.888685
ຮຮ່າ,1,1,1,0.888685
ສະບາຍຫາຍຫວງ,1,1,1,0.888685
ທໍາດີໄດ້ທດີທໍາຊົ່ວໄດ້ຊົ່ວ ແບບຢ່າງດີດ3ກ່ວາຮອ້ຍຄໍາສອນ,1,1,1,0.888685
ດີຕະຫລອດ,1,1,0,0.533827
ຫ້ຼາ,1,1,1,0.888685
ດີໃຈທີມີໂຊກ,1,1,1,0.888685
ໄມ້ໄດ້ເລ່ນເທົາໄດ,1,1,1,0.888685
ແອບຫາຍັງວະເບີໃສ່ແລ້ວລະຫັດບໍ່ສົງມາຄວຍ,0,0,0,0.874798
"ຄັກໃຊ້ດີ,ສະດວກສະບາຍ",1,1,1,0.888685
ແອັບຕາຍໆ,0,0,1,0.888685
ລອງໄຊເບີ່ງ,1,1,1,0.888685
ນາງໂນລີ,1,1,1,0.888685
ວັນດີ ແກ້ວວົງດີ,1,1,1,0.78361
ດີຫຼາຍເວລາຂ້ອຍບໍ່ມີເນັດເຂົ້າແອັບນີ້ໄດ້ເນັດຟີຮແລະໄດ້ເບີ່ງວິດີໂອຟຮີ,1,1,0,0.874798
ສະດວກ ໄວຂຶ້ນ,1,1,1,0.888685
ເສຶອນອ້ຍ,1,1,1,0.888685
ລ້າຊ້າແອບມີປັນຫາຕະຫລອດລູກຫລີ້ນບໍ່ທັນສະໃຫມ,0,0,0,0.874798
ນາງທັບທິມ ຮັກອາ້ຍໃຫນ່,1,1,1,0.888685
ໄຊ້ດີຫຼາຍພ່ານມາແຕ່ມື້ນີ້ໄຊ້ບໍ່ໄດ້ເລີຍ,1,1,0,1.0
ມັນສຸດຍອດ,1,1,1,0.888685
ຄັກຫລາຍແອັບນີ່,1,1,1,0.888685
ບໍ່ແມ່ນຈະການປ່ຽນເດ.ຈະແຈ້ງເຕີ່ອນ,0,0,0,0.874798
ຂອ້ຍບໍ່ເຂົ້າໃຈເປັນແນວໃດຂໍ່ແກ້ໄຂໄຫ້ຂອ້ຍເລີ້ງພວກທານໄດ້ເວົ້າມາຂອ້ຍບໍ່ເຂົ້າໃຈທັງຫມົດຈຶງວ່າຫມົດອາຍູແລ້ວ,1,1,0,0.874798
ໃຊ້ດີຫລາຍສຸດຍອດໃຫ້5ດາວເລີຍ,1,1,1,0.888685
ແອບກາກໆເຕີມເນັດກະຍາກທໍລະມານຄົນໃຊ້ຂະນາດແຫ່ງອັບເດດແຫ່ງກາກໃຊ້ບໍ່ໄດ້ລະບົບເທົ່ານີ້ກະເຮັດກັນບໍ່ໄດ້ເຊີນທົດລອງໃຊ້ກ່ອນອັບເດດແນ່ເດີ້ກູລະທໍ້!,0,0,0,0.973025
ໄຊ້ງານໃດ້ໄຈອີ່ຫລິດີກົ່ວແອັບອື່ນໆຫລາຍ,1,1,1,0.888685
ເພັງເພາະ,1,1,1,0.888685
ຂຽນບົດ ລາວ,1,1,1,0.888685
ຫລິ້ນສະບາຍ,1,1,1,0.888685
ອັບແດດຫຍັງກະບໍ່ຮູ້ດົນໆ1ຊົ່ວໂມງ,0,0,0,1.0
ສຸດຍອດລູດຕະຫລອດປັບປຸງບາງ,1,1,0,0.81386
ສຸດຍອດດີ,1,1,1,0.888685
ສຸດຍອດຫລາຍເດີ ແຕ່ໃຫ້ຖອນພ້ອຍເຕີມບັດໄດ້ບໍ່,1,1,0,0.874798
ດີມມາກ,1,1,1,0.888685
ກໍດີຄຮັບ,1,1,1,0.888685
ສິກັນ,1,1,1,0.888685
ສຸດ,1,1,1,0.888685
ວກວກຍອຍຶຂພບພລດບໂລ້ຊເຊ້ຊື,1,1,1,0.888685
ດີຈ້າ,1,1,1,0.888685
ເຮົາໂຫລດມາແລ້ວເປັນຫຍັງຄືບໍ່ເຫັນບ່ອນເຂົ້າສູ່ລະບົບເຂົ້າສູ່ລະບົບບໍ່ໄດ້ເລີຍຊ່ວຍແກ້ໄຂໃຫ້ແນ່,0,0,0,1.0
ໃດ້ຮຽນຮູ້ກັບສົບປະານໃຫມ່,1,1,1,0.888685
ໄຫ້ຄວາມ,1,1,1,0.888685
ໃຊ້ແອັບແລ້ວເຮັດໄຫ້ການເດີ່ນທາງໄລຍະໃກ້ແລະ ໄກສະດວກສະບາຍ,1,1,1,0.888685
ໂສດໆຂໍໂທດແຟນເກົ້າ,1,1,1,0.888685
ໄສດີນະ,1,1,1,0.888685
ຈັກມັນເປັນຍັງຂອ້ຍເຂົ້າບໍໄດ້,0,0,0,1.0
ດຽວນີ້ສັນຍານຫລັກ7 2gຫຼື4g ຂ້ອຍວ່ານິ2g ລົດດາຕ້າລົງແລ້ວຍັງບໍພໍສັນຍານກະຊ້າໆບໍ່ຄືແຕ່ກ່ອນແອປກະກາກສູ້ແອປຢູນີເຖວບໍໃດ້ຊ້ໍາ,0,0,0,1.0
ຄິດຮວດ,1,1,1,0.888685
ຜູ້ປະສົງດີ,1,1,1,0.888685
ໃຊ້ຄັກແຮງເລີດເດີ,1,1,1,0.888685
ເລີຍຕະມອງ,1,1,1,0.888685
ທອງແກ້ວມະນີວັນ,1,1,1,0.78361
ສົ່ງເຄື່ອງຊ້າຫຼາຍເອົາໄປຝາກແຕ່ວັນທີ25ມື້ນີ້27ລະເຄື່ອງຍັງບໍ່ຮອດ odi lnt,0,0,0,0.874798
ຄົນລາວ,1,1,1,0.888685
ສຸດຢອດໄປເລີຍແອບນີ້ຂັກອີລີ,1,1,1,0.888685
ຄົນໄກກະເປັນໄກ້ບໍ່ໄດ້ເຫັນຫມ້າເປັນສີບປີກະໄດ້ເຫັນແຄ່ໃຊ້ແອັບນີ້ມີແຕ່ຄວາມສະຫຼວກສະບາຍ,1,1,0,0.985002
ຂໍໄຫ້ໄດ້,1,1,1,0.888685
ດີຈຮາ,1,1,1,0.888685
ແອັປນີ້ໃຊ້ມາດົນແລ້ວຄື່ດີແຮງ,1,1,1,0.888685
ບໍ່ຢາກເຫັນແຕ່ໂພດເກົ່າໆ,0,0,0,1.0
ເອີນລົດກະເອີນຍາກ,0,0,0,0.625715
ເສີອພຼເຂົາ,1,1,1,0.888685
ຢາກໃຫ້ປັບປຸງເລື່ອງການເຂົ້າແອບຊ້ານີ້ ຄືແບບຊ້າແຮງເຂົ້າເທື່ອໃດກະເປັນຊົ່ວໂມງບາງເທື່ອກະບໍ່ໄດ້ເລີຍ,0,0,0,1.0
ເປັນຫຍັງຫມຸນໃດ້250mbແຕ່ໂທກວດເບີ່ງດາຕາບໍ່ໃດ້ແກ້ໄຂແດ່ຫລາຍເທື່ອແລ້ວ,0,0,0,0.874798
ສະດວກດີ ປອດໄພດ້ວຍ,1,1,1,0.888685
ໄຊ້ດິມາກ,1,1,1,0.888685
ຍຽ້ມ,1,1,1,0.888685
ໂຄດສະບາຍ,1,1,1,0.888685
ໄຊ້ດີ.,1,1,1,0.888685
ແອັບໂງ່ໆ ເຂົ້າເບິດມື້ກະເຂົ້າບໍ່ໄດ້,0,0,0,0.985002
ດານເນ້ດ,1,1,1,0.888685
ໂຄດຫວຍ,0,0,1,0.888685
ຢາກໃຫ້ຝາກເງິນເຂ້າຕູ້ໄດ້ ຢູ່ເຊໂນ,1,1,1,0.888685
ໃຊ້ງານບໍ່ໄດ້ເລີຍຄວນປັບປຸງແດ່ເດີຄິດວ່າຊື້ເບີໃຫມ່ມາລະຊິລົງທະບຽນໄດ້ບໍາຕ້ອງ້ຂົ້າໄປສູນບໍລິການ,0,0,0,1.0
ເນັດມືງຄືກາກຕາຍແທະເບາະ,0,0,1,0.888685
ແອບຫ່ວຍແຕກ,0,0,0,0.940264
ວອກີຶນກວເ,1,1,1,0.888685
ເປັນຫຍັງຕ້ອງໄດ້ໃສ່ລະຫັດ6ໂຕຕະຫລອດ ເບື່ອແບບນີ້.ຄວນປັບປຸງໃຫມ່ເດີ,0,0,0,0.81386
ອັບເດດໄຫ່ມເຂ້າຫລິ້ນກະບໍ່ໄດ້ກະລຸນາແກ້ໄຂໃຫ້ແນ່ຫວຍແຕກຫລາຍ,0,0,0,0.973025
ຍັງຊື້ຫວຍບໍ່ໄດ້,0,0,0,0.985002
ການແຈ້ງເຕືອນເດັ້ງຂຶ້ງ,1,1,1,0.888685
ໂອງມະນີ ຄວງປະເສີດ,1,1,1,0.888685
ດີມີຄວາມຮູ້ໄດ້ຄວາມຮູ້ຫລາຍຢ່າງ,1,1,1,0.888685
ຫລີ້ນດີມາກເລິຍ,1,1,1,0.888685
ຕິດຕັ້ງຍາກຫຼາຍ,0,0,1,0.514398
ໃຝາໃຈຂຂຈາຝຝແອາຍຈາມມືຝຝ,1,1,1,0.888685
ສີຄໍາຫມັນ,1,1,1,0.888685
ລົງຖະບຽນແລ້ວແຕ່ມັນໄຫ້ລົງຖະບຽນໄຫມ່ແກ້ໄຂແນ່,0,0,0,1.0
ຢາກໃດ້ເງີນພີ,1,1,1,0.888685
ພັດທະນາຕໍ່ໄປ ດີແລ້ວ,1,1,1,0.888685
ບຸນເລີດຈັນທະລິ,1,1,1,0.888685
ສະມັກຄັ່ງແຮກກະໄດ້ເນັດຟີຮ500mb,1,1,1,0.888685
ກົດເຂົ້າລະເດັ້ງອອກ ປັບປຸງແນ່ເດີ,0,0,0,1.0
ລຸ່ນລ່າສຸດເທົ່ານັ້ນ,1,1,1,0.888685
ແອບນີ້ມີຄວາມສໍາຄັນມີຄວາມສໍາຄັນຕໍ່ທຸກຄົນ,1,1,1,0.888685
ໄຊ້ງານຍາກ,0,0,0,0.625715
ອອນໄລແລະອືນໆທັງມົດ,1,1,1,0.888685
ສື່ສານໄດ້ວ່ອງໄວ ແລະ ຮັບຮູ້ຂໍ້ມູນຕ່າງໆທຸກທົ່ວມູມໂລກ,1,1,1,0.888685
ທ້າວຕົ້ນ,1,1,1,0.888685
ເປັນຍັງ,1,1,1,0.888685
ແອັບກາກສາວບໍ່ຕອບແຊັດ ແອັດໄປສາວບໍ່ຮັບ,0,0,0,1.0
ໃຊ້ໄດ້ດີຫຼາຍເດີ້,1,1,1,0.888685
ມາດ,1,1,1,0.888685
ສະມາຊິກ,1,1,1,0.888685
ມີໃຫ້ໃຊ້ບໍ່ມີໃຫ້ສອນອີ່ຫ່າແອບບ້າ,0,0,0,0.874798
ເຂົ້າບໍ່ໄດ້ອີກລະເຕີ່ມເງີນໄວ້ໃນເຫັນແອັບເຂົ້າບໍ່ໄດ້ເສຍເງີນຫລ້າອີກລະ,0,0,0,0.985002
ຢາກໃຫ້ປ່ຽນພາສາລາວ,1,1,1,0.888685
ປະສົບດີມາກເຟດບຸກນີໄນການປີດກັນຂໍມູນສວນຕົວປີດໂທລະສັບ2ມື5ມືມາເປີດເຄືອງບັອກເຟດແລ້ວປີດກັນໄວແລ້ວສຸດຢອດໂປແກັມນີດີຢງມ,1,1,0,0.686142
ວັນນະພົນ,1,1,1,0.888685
ໃຊ້ງານດີ ມີປະໂຫຍດ,1,1,1,0.888685
ຂໍຄືເກົ່າ,1,1,0,0.741557
ອັບເດດມຫມ່ແລ້ວໃຊ້ບໍ່ດີເລີຍ ບໍ່ຄືເວີຊັ້ນເກົ່າໃຊ້ດີກ່ອນນີ້ຫຼາຍ,0,0,0,1.0
ເຮັດແອັບໂຄດປັນຍາອ່ອນໃຫ້ໃສ່ເບີແລ້ວລະເດ້ງອອກ ກົດເຂົ້າໃຫມ່ກະບໍ່ມີຫນ້າລ໊ອກອິນໃສ່ເບີແຕ່ບໍ່ມີບ່ອນໃສ່ລະຫັດຜ່ານຫົວຄວຍ,0,0,0,0.874798
ແບຄິກປຸກແອບຄິດທິດປຸກ,0,0,1,0.888685
ຂອບໃຈທີ່ມີ facebook ຂ້ອຍຈຶ່ງມີມື້ນີ້,1,1,1,0.888685
ຮັກດງວ ໃຈດງວ,1,1,1,0.888685
ໄມ່,1,1,1,0.888685
ຄວນປັບປຸງແດ່ເດີ້,0,0,0,1.0
ດີມາກເລິຍ,1,1,1,0.888685
ແກ້ໄຂ້ດ່ວນເຂົ້າແອບບໍ່ໄດ້,0,0,0,0.985002
ອອກຈາກບະບົບກໍ່ບໍ່ໄດ້ໃສລະຫັດກໍ່ບໍ່ໄດ້ໄປທະນາຄານກໍກໍ່ແກ້ບໍ່ໄດ້ບໍ່ມີຄວາມຮັບຜີດຊອບອີກປານນັ້ນມາຖາມຕັ້ງໃຫ້ເຖີງເຮືອນແກະ,0,0,0,1.0
ຄືສົນຕີນນິແອັບຂີ້ໂກງໂອນໄປໄທຂື້ນວ່າລະບົບຂັດຂອງພັດຕັດເງິນເຮົາອອກໄປແຕ່ບໍ່ເຂົ້າບັນຊີກະເຈົ້າບອກເບິ່ງໃຫ້ກະໃຫ້ເສຍເວລາໄປທະນາຄານເງິນ150ບາດກະຈັງແມ່ນຍາກແທ້ຍາກວ່າປິດສາຖ້າເປັນແບບສິເສຍເງິນຖິ້ມລ້າຖາມກະເມື່ອຍຖາມລະສໍານີ້ກະສິໃຫ້ໄປທະນາຄານໂອຍສໍາກວດເບີ່ງກະຍາກແທ້ຍາກວ່າເງິນສໍານີ້ກະສິໃຫ້ເສຍເວລາໄປຊົ່ວສິຮອດຄິວອີກ,0,0,0,0.945914
ການສົ່ງອາຫານໄວດີ,1,1,1,0.676489
ຫລີ້ນເລືອນເຟລກະເປັນແຕ່ໂຕເກົ່າ,0,0,0,0.741557
ລະບົບ error ເກັ່ງໂພດ,0,0,1,0.888685
ສົມພອນ,1,1,1,0.888685
ແອັບບໍ່ສະຖຽນມັກເດັງອອກ,0,0,0,0.874798
ຢາກໃຫ້ມັນເປັນຄືເກົ່າ,1,1,0,0.741557
ພໍໃຈຫລາຍ,1,1,1,0.888685
ຂີ້ກາກຫຼາຍແອັບນີ້ ຖ້າມີດາວຕິດລົບສິກົດໃຫ້ຈັກ100ດວງ ໂຫຼດມາບາດສິລ໋ອກອິນເຂົ້າແລະເດັ້ງອອກ ໂຫຼດເສຍດາດ້າກູລ້າໆ ຄວນປັບປຸງແນ່ເດີ້ຜູ່ຂຽນແອັບນະ,0,0,0,1.0
ເຕີມເງິນກະບໍ່ໄດ້ຂີ້ກາກແຮງ,0,0,0,0.985002
ດີມາກສັນຍານດີດ້ວຍ,1,1,1,1.0
ເຂົ້າໂຄດຍາກ,0,0,0,0.904519
ດອນລາວ,1,1,1,0.888685
ອະດີດປະທານ,1,1,1,0.888685
ບໍ່ສາມາດໄຊ້ລາຍນິ້ວມືເພື່ອເຂົ້າແອັບຫລືໂອນເງິນໄດ້,0,0,0,0.874798
ຮຽນບໍ່ເກັ່ງດອກ,1,1,0,0.874798
ໃຊ້ງ່າຍຄັກ,1,1,1,0.888685
ນົນ. ຄົນເດີມ,1,1,1,0.888685
ອອກຈາລະບົບໂຄດຍາກອັບເດດສາມເທືອລະ,0,0,0,0.862266
ຮູ້ສຶກມີຄວາມສຸກກັບສີງໆນີ້,1,1,1,0.888685
ເທໄປໃນປີຄສເພື່ອເປັນການສ້າງ,1,1,1,0.888685
ເຂົ້າໃຊ້ງານບໍໄດ້ເລີຍດຽວນີ້,0,0,0,1.0
ເອົ້າ1ດາວໄປກອນເພາະດຽວນີ້ຄຸນນະພາບແອັບບໍ່ຄືແຕ່ກອນແລ້ວຫມູນບໍ່ເຄີຍຖື້ກຍັງບໍ່ວ່າຈະເງີນເນັດດາຕາຫຼືເງີນໂປໂມຊັນເປັນເງີນໂທຖ້າປັບປຸ້ງມືໃດຊິໃຫ້5ດາວພອມຄໍາຍ້ອງຍໍ້ໃຫ້ ຖ້າຈະໃຫ້ຫມູນແລ້ວບໍ່ໄດ້ຍັງແບບນີ້ຂ້ອຍວ່າຍົກເລີກສາເດີ້ບໍ່ຕ້ອງເຮັດແອັບນີ້ທໍາມະດາຫມູນບໍ່ຖື້ກເງີນເນັດກະໃຫ້ຖື້ກເງີນໂທສາ ຝາກອ່ານແລ້ວໃຫ້ປັບປຸງຂື້ນຕື້ມເດີ້ຂໍຂອບໃຈ,0,0,0,0.874798
ຈົບມໍ4,1,1,1,0.888685
ເຂົ້າລະກະເດັ້ງອອກເຮັດມາເພື່ອຫຍັງເຂົ້າກະບໍ່ໄດ້ຖ້າຊິເຮັດໄດ້ແຕ່ສ່ໍານີ້ຢ່າເຮັດເລີຍດີກວ່າ,0,0,0,1.0
ຢາກໃຫ້ປັບໃຫ້ເບີ່ງໄລ້ສົດເບີ່ງຊ່ອງໂທລະພາບຕ່າງໆໄດ້ທັ່ງຊ່ອງໄທແລະຕ່າງປະເທດ,1,1,1,0.888685
ມັກສິງນີ,1,1,1,0.888685
ເປັນສົ້ນຕີນຫຍັງອີກລະ ໃສ່ລະຫັດຈົນເມື່ອຍ,0,0,0,0.787977
ດີນະ,1,1,1,0.888685
ຂໍຖາມແນ່ ຄັນແອັບນີ້ໃຊ້ບໍ່ໄດ້ແລະສ້າງແອັບນີ້ຂື້ນມາຫາສະແຕກຫຍັງຈະແມ່ນຊາດນໍລາວເອີຍລາວ,0,0,0,1.0
ໄດ້ແກ່,1,1,1,0.888685
ດີຄ້ະ,1,1,1,0.888685
ໃສ່ສະຫັດຜິດກະລ໋ອກຈັງເປັນຊາດເນາະແອບນີ່ນະຫົວແບນນນ,0,0,1,0.888685
ໃນລ່າສຸດ,1,1,1,0.888685
ພົງສະຫວັນ,1,1,1,0.888685
ໄດ້ເນັດຟີຕະລອດດີຫຼາຍ,1,1,1,0.888685
ປັບປຸງແນ່ກະດີເງີນເຂົ້າກະບໍ່ມີຮອດແຈ້ງເຕືອນຫນ້າເບື່ອສຸດ,0,0,0,1.0
ໃຊ້ດີຈ້າວວ,1,1,1,0.888685
ສະດວກສະບາຍວ່ອງໄວທັນກິນ,1,1,1,0.888685
ເທ່,1,1,1,0.888685
ໃຫ່,1,1,1,0.888685
ແອັບໃຊ້ການບໍ່ໄດ້ ແຕ່ບໍ່ມີການແກ້ໄຂ ອາດຈະໄດ້ເຊົາໃຊ້ລະແບບນີ້,0,0,0,1.0
ຄໍາໄລຄນທີຈີງໃຈຖ້າມີຄນທີເຂ້າມາຮກລະພອ້ມໃຈນໍາໄດ້ທຸກຍາງຄງບໍມີວັນຈະເສຍນ້ໍາຕາ,1,1,1,0.888685
ໄວທີສຸດ,1,1,1,0.888685
ໂລດໃຫ້ແດ່,1,1,1,0.888685
ລອງເຮັດນໍາເຂົາເບີ່ງ ຈັ່ງແມ່ນໄດ້ຜົນແທ້ໆ ມີເພື່ອນເປັນ 3 4 ສີ່ພັນຄົນເຫັນແຕ່ໂຟດ 40 50 ໂຟດຖຸ່ຍ ພໍແຕ່ກອບປີ້ວາງໃສ່ ຫມູ່ກະມາເຫັນໂຟດ ເປັນ 2 3 ພັນຄົນ ຈັກມາແຕ່ໃສ່ ເຫັນກັນປານວ່າມາແຕ່ຍຸກຫີນເນາະສູ່ເອີຍ ດີໃຈແຮງ ໄດ້ຜົນແທ້ເດີ copy ໄປວາງໃສ່ເລີຍ ໄດ້ຜົນອີ່ຫລີ່ you re the best best wish es xoxo rad r adness congrat ulations wond erful time lovely tim e super z ba va en de jlig dag viel spa s pe rsin gl ckwu nsch bisou congrats xoxo xoxox,1,1,1,1.0
ທ້າວ ນູ່ຊົວວາ່ງ,1,1,1,0.888685
ເຮັດຫຍັງກະບໍ່ໄດ້ລົງທະບຽນກະບໍ່ໄດ້,0,0,0,1.0
ອາຍັງ,1,1,1,0.888685
ອ້າຍຈ່ອຍ,1,1,1,0.888685
ແອັບກາກໆ ຊ້າຄືເບັ່ງຂີ້ຄາກົ້ນນິ,0,0,1,0.888685
ມີຄວາມສຸດ,1,1,1,0.888685
ລະຫັດນໍາໂຊກ43480660,1,1,1,0.888685
ຂ້ອນຂ້າງດີໃນລະດັບ1,1,1,1,0.888685
ລະຫັດກ່ອນຊື້ 53060724 ຈະໄດ້ຮັບສ່ວນລົດ,1,1,1,0.888685
ສີສຸວັນ ໄຊສົງຄາມ,1,1,1,0.888685
ຢ່າໄດ້ເຟສ,1,1,1,0.888685
ແກ້ໄຂດ່ວນບໍ່ສາມາດເຂົ້າແອັບໄດ້ຕ່ອນຕັ້ງມີແຕ່ໃຊ້ເບີບໍ່ໄດ້ໃຊ້ວັນເດືອນປີເກີດມາບາດນີພັດໃຫ້ໃສ່ວັນເດືອນປີເກີດຊີ່ເອົາໃສມາໃສ່ໂທຫາສູນກະບໍມີຄົນຮັບປານນັ້ນຮັບຕະຫລອດ24ຊົ່ວໂມງປັບປຸງດ່ວນໃນການເຂົ້າສະມັກນໍາໃຊ້ແອັບປັບປຸງໄຫ້ດີຂື້ນບໍແມ່ນແຮ້ງຂີ້ຮ້າຍກ່ຶນເກົ່າ,0,0,0,1.0
ສຸດຈິດດີມາກ,1,1,1,0.888685
ດີໆຫລາຍໆ,1,1,1,0.888685
ງສໃ,1,1,1,0.888685
ກະຈອກ,1,1,1,0.888685
ຕິດຕັງແອບບໍໄດ,1,1,0,0.522234
ດີໆງງ,1,1,1,0.888685
ຮາຮາ,1,1,1,0.888685
ເຖິກ,1,1,1,0.888685
ໂທສັບລອັກ,1,1,1,0.888685
ອອກຈາກລະບົບບໍ່ໄດ້ ເວລາໂຫລດກໍດົນ,0,0,0,0.985002
ການຍອມຮັບສິ່ງທີ່ຜິດ ແລະການປຽ່ນແປງຄືຄວາມດີຂອງຄົນໃນສັງຄົມ,1,1,1,0.888685
ແມ່ນເປັນອິຫຍັງອີກລະນ້ໍບາດນິ ຂ້ອຍລົງທະບຽນໄປລະວ່າຂໍ້ມູນບໍ່ຜ່ານ ບາດຂ້ອຍໃຫ້ເອື້ອຍລົງທະບຽນໃຫ້ພັດລົງບໍ່ໄດ້ ຄືງົງ,0,0,0,0.985002
ສຸດຍອດແອັບນີ້ໂຄດດີ,1,1,1,0.888685
ຕ້ເມ,1,1,1,0.888685
ແອັບຫົວຄວຍເນົ່າພໍ່ມຶງຕາຍກາກ,0,0,0,0.956258
ເປີດແບບໄດ້,1,1,1,0.888685
ເຂົ້າລະກະເດັງອອກເຮັດຫຍັງບໍ່ໄດ້ເລີຍ,0,0,0,1.0
ໃຊ້ງານຊ້າຫຼາຍປັດປຸງໃຫ້ດີກວ່ານີ້ອີ່ກເດີ,0,0,1,0.888685
ram ຂໍ້ມູນຄອງນວຍ,1,1,1,0.888685
ດີຢຸ,1,1,1,0.888685
ໄຫ້ດາວດຽວເພາະອັບເດດເປັນເວີຊັ້ນໄຫ່ມ ເຂົາກະບໍຕອບແຊັດຂ້ອຍຫອງເກົ່າ,0,0,0,0.522234
ມັກແຮງແອບນີ້,1,1,1,0.888685
ລົງທະບຽນໂຄ້ດຍາກກໃຫ້ດາວດຽວກະຫຼາຍເກີນແລ້ວ,0,0,0,0.899263
ໂຄກດີ,1,1,1,0.888685
ແອທີ,1,1,1,0.888685
ໄດ້ຫຼາຍ,1,1,1,0.888685
ຂໍແດ່,1,1,1,0.888685
ເປັນຫຍັງອັບເດດຄຶບໍ່ໃດ້,0,0,0,0.874798
ດີຫລາຍເດີ່ເຈົ້າ,1,1,1,0.888685
ຫລາຍປີ,1,1,1,0.888685
ຕິດຕ້ງ,1,1,1,0.888685
ຢ່າປິດການມອງເຫັນຫລາຍໃຫ້ຂື້ນຟິດນໍາເຂົາແນ່,1,1,1,1.0
ສະດວກສະບາຍໄນການຕິດຕໍ,1,1,1,0.888685
ຂ້ອຍມັກຫຼາຍຫລີ້ນກາມ່ວນ,1,1,1,0.888685
ບອບໃຈ,1,1,1,0.888685
ສັ່ງຊື້ສໍາບາຍ,1,1,1,0.888685
ຢາກໃຫ້ປັບປຸ່ງເວລາໂອນເງີນແອັບມັກເດັ່ງອອກ,0,0,0,0.81386
ມັນເຫ້ຍມາກອັບເດດແລ້ວມຸນໄມ່ເຫັນໄດ້ເນັດສັກທີເວົ້າມາລະເປັນສູນແຮງ,0,0,0,0.862266
ບຸນລັດວິໄລເຍັນ,1,1,1,0.888685
ຍັງແອບໃຊ້ຢູ່ ໃຫ້4ດາວກອ່ນ,1,1,1,0.888685
ໃຊ້ດີແທ້ແນ່ນອນຂໍຂອຍໃຈ,1,1,0,0.572924
ບໍ່ແລະເນາະອືຮືບໍ່ແນ່ນ,1,1,0,0.572924
ທ້າວ.ວິລະກອນໄຊຍະວົງ,1,1,1,0.888685
ໃຊ້ເລີຍ,1,1,1,0.888685
ເດັກລາວສາວບ້ານດົງເມື່ອງພະລານໄຊແຂວງສະຫວັນນະເຂດ,1,1,1,0.888685
ອັບເດດມາຫຼາຍເອົາແທ້ເອົາວ່າ ສຸດທ້າຍກາເອີ້ນລົດຍາກຄືເກົ່າບໍ່ມີຍັງປ່ຽນແປງ ເບິ່ງຈັງໃດກາຮູ້ນ່ະວ່າຄົນຂັບລົດຮັບແຕ່ລູກຄ້າທີ່ໄປໄກຫຼາຍກວ່າລູກຄ້າທີ່ຈະໄປບ່ອນໃກ້ໆ ຍອມໃຈແຮງກັບຄ້າຍນິ,0,0,0,1.0
ປຽນເປັນພາສາລາວວ່າຊັ່ນເປັນອັງກິດຄຶເກົ່າໂຄດແມ່ມຶງ.ພາສາລາວບໍ່ໃຊ້,0,0,0,1.0
ແຍ້,0,0,1,0.888685
ໄຊ່,1,1,1,0.888685
ຂໍຂອບໃຈທີ່ຕິດຕາມ,1,1,1,0.888685
ທັນໂລກຮູ້ເຫັນທຸກຢ່າງ,1,1,1,0.888685
ມີຄວາມສະດວກໃນທຸກຢ່າງໃດ້ສາລະເປັນປະໂຫຍດ,1,1,1,0.888685
ເຂົາແອບຍາກໂພດ,0,0,1,0.888685
ໂຄດກາກລົງທະບຽນຮອດບໍ່ໄດ້.ປານນັ້ນໄຫ້ລົງ,0,0,0,0.985002
ສະນາມໃນໃຈ,1,1,1,0.888685
ຄວາຍເອີຍ,0,0,0,0.882289
ອັບເດດເວີຊັນໃຫມ່15 6 2025 ເຂົ້າລະບົບບໍ່ໄດ້,0,0,0,0.985002
ສະດວກສະບາຍ ລະກະໄວທັນໃຈ,1,1,1,0.888685
ພັດທະນາແອັບແນ່ເດີທີມພັດທະນານະເຂົ້າແອັບກະຊ້າ ເຕີມເງິນສະແກນ qrcode ກະບໍໄດ້ ຊ່ວຍພັດທະນາໃຫ້ມັນສົມບູນແລະໃຊ້ງ່າຍໆແນ່,0,0,0,1.0
ໄຊ້ງາ່ຍດີຫລາຍ,1,1,1,0.888685
ວັດ?,1,1,1,0.888685
ໃສ່ເບີແລ້ວບໍ່ສົງລະຫັດມາໃຫ້ ລອດລວງປະຊາຊົນ,0,0,0,0.874798
ສົມເສີຍ,1,1,1,0.888685
ເຟດນີດີລາຍເຮັດໃຫ້ຂອ້ຍເຈີະຫີ,1,1,1,0.888685
ຕ້ງຍູມະນີເປັນ,1,1,1,0.888685
ໄຊ້ງານບໍຄອ່ຍດີ,1,1,0,0.901786
ສະບາຍດີຢາກໄຫ້ການຕິດຕໍ່ກັບເພື້ອນໄວທັນໃຈ,1,1,1,0.888685
ນ້ອງ ພິກໄທ,1,1,1,0.888685
ເປັນຄົນມັກມ່ວນ,1,1,1,0.888685
facebookແບ໋ງ ພົງສະກອນ,1,1,1,0.888685
ຄູບາວັນສີຫາວົງ,1,1,1,0.888685
ໃຊ້ງານບໍ່ໄດ້.,0,0,0,0.978682
ມັນສວນນ້ອຍຖືກ,1,1,1,0.888685
ເລືອກສິ່ງເຕົາມີຢູ່,1,1,1,0.888685
ດີຈີງໆ,1,1,1,0.888685
500 ຕ້າ,1,1,1,0.888685
ເຂົ້າແລ້ວກະເດັ້ງອອກລົບໂຫລດໃຫມ່ຫລາຍຮອບລະກະເປັນຄືເກົ່າ,0,0,0,0.741557
ຫານ,1,1,1,0.888685
ມີປະໂຫຍດແລະສື່ສານກັນໄດ້ດີ,1,1,1,0.888685
ແອຟຄວາຍໆໄສ່ຄົບແລ້ວແຕ່ລົງທະບຽນບໍ່ໄດ້,0,0,0,0.686142
ສັນຍານເນັດກະຄືບ້ານິປານນັ້ນລົງທະບຽນຄວາມຍາກ,0,0,0,0.956258
ນ້ອງໂນຍ ເດັກດື,1,1,1,0.888685
ສ່ວນຫລຸດໄມ່ມີຈີງຫວະເອົາໄປ1ດາວພໍ,0,0,1,0.888685
ມະນູດທໍາມະຊາດ,1,1,1,0.888685
ຟີວເຕີ້ນີ້ເຮັດໄດ້ເຮົາມັກຫາຍ,1,1,1,0.888685
ຄືເຂົ້າລະບົບບໍ່ໄດ້ເທື່ອແກ້ໄຂໃຫ້ແດ່,0,0,0,0.985002
ເຟສນີຖ້າວອນ,1,1,1,0.888685
ຍາກລອງໃຊ້,1,1,1,0.888685
ໃສສະດວກທີສຸດເລີຍ,1,1,1,0.888685
ຖ້າໂອນຜ່ານເບີຄືສິດີ,1,1,1,0.888685
2ດາວພໍເພາະບາງສາຂາຍັງເວົ້າບໍ່ມ່ວນຍູ່,0,0,0,0.874798
ທ່ານມີຄອບຄົວແລ້ວ,1,1,1,0.888685
ມັກໄນການສາ້ງແບບເພາະວາງາມຫຼາຍ,1,1,1,0.888685
ມັນສຸດຍອດຫລາຍ,1,1,1,0.888685
ຍາກເບິ່ງ,1,1,1,0.888685
ອັບໂຫຼດຊ້າ ອັບໂຫຼດຕະຫຼອດ,0,0,1,0.888685
ດີດີ.ມັກຢູ່ປະຢັດດາຕ້າດີ.,1,1,1,0.888685
ບ່ອນເພີ່ມບັດ atm ບໍ່ມີ,0,0,0,0.874798
ຄືປິດກ້ອງເວລາກົດອອກຈາກການໂທ,0,0,1,0.888685
ຍັງບໍ່ທັນເຂົ້າໃຈ,1,1,1,1.0
ໃຊດີແນ່,1,1,0,0.572924
ຈິດຕຈ່,1,1,1,0.888685
ໄປຫາ2 ເທື່ອແລ້ວ ແກ້ໄຂໃຫ້ແກ່ ເອົາໄມ້ໂທອອກ,0,0,0,1.0
ເຟສຂ້ອຍເພງຄືມີແຕ່ເພງຝຮັງ,1,1,0,0.654537
ໄດ້ຮັບຂໍ້ມູນຂ່າວສານ ແລະ ປະສົບການທີ່ດີຫຼາຍກວ່າຢ່າງ,1,1,1,0.888685
ເຂົ້າສູ່ລະບົບໂທລະສັບເຄື່ອງໃຫມ່ບໍ່ໄດ້,0,0,0,0.985002
ໄຊ້ດຫລາຍ,1,1,1,0.888685
ດີຢູ່ມີກະ ແຕ່ຕິດຢ່າງດຽວບໍ່ມີໃຜແຊັດມາຫາເວີ້ຍງຽບຄັກ,1,1,0,0.874798
ແອັບໂຄດພໍ່ໂຄດແມ່ມຶງ ລົງທະບຽນຫຍາກຊິຫາຍ,0,0,0,0.899263
ເຂົ້າບໍ່ໄດ້ເລັງຫນ້າເກົ່າ ຕະຫລອດ ເຊົ້າບໍ່ໄດ້,0,0,0,1.0
ສົ່ງລະຫັດມາຕໍ່ນີ້ເລີຍ,1,1,1,0.676489
ສຸລີ,1,1,1,0.888685
ໃຊ້ງານດີຢູ່ແຕ່ຢາກໃຫ້ມີຕົວເລືອກພາສາລາວນໍາແດ່ ຖ້າຄົນລາວເຫັນຄອມເມັ້ນນີ້ຊ່ວຍດັນແດ່,1,1,1,0.888685
ມັນດີຢູ່ໄດ,1,1,1,0.888685
ໃຊ້ສະດວກດີຫລາຍພັດທະນາຕໍ່ໄປເດີ້,1,1,1,0.888685
ດີຢູ່ ແຕ່ກະມີຂໍ້ເສຍມັນບໍ່ສົມດຸນດຽງກັບທຸກຍໍ້ຫໍ້ຂອງໂທລະສັນ ໃຝໃຫຍ່ໄປ,1,1,1,0.501578
ລົງທະບຽນໂຄດຍາກໃສ່ລະຫັດແບບໃດກະບໍ່ຖືກເທື່ອກະລຸນາປັບປຸງແນ່ເດີ,0,0,0,1.0
