text,label,true_label,predicted_label,confidence_score
ຂອບໃຈຫຼາຍໆ,1,1,1,0.9994956
ຖືວ່າເປັນແອັບທີ່ພໍວ່າມີແອັບຊື່ໆແຕ່ຍັງໃຊ້ງານບໍ່ໄດ້ ບໍ່ມີປະໂຫຍດຫຍັງເລີຍ,0,0,0,0.99854493
ຂໍໃຫ້ເປັນເຫມືອນເກົ່າ,1,1,1,0.99936634
ສະບາຍດີ ການໃຊບໍ່ຕ້ອງກໍານົດເວລາ,1,1,1,0.9995308
ໄດ້ຜດີ,1,1,1,0.99966204
ຄັກຢູ້,1,1,1,0.99952435
ຢາກຮູ້ຕອ້ງລອງເອງ,1,1,1,0.9989759
"ຫນຸນໄດ້10,000ແລ້ວກົດແບ່ງປັນແລ້ວເຮັດຕາມທຸກຍ່າງແລ້ວກໍບໍ່ໄດ້ແກ້ແດ່",0,0,0,0.99935883
ຈັງອມ່ນສະແກນນີວມືກະບໍ່ໄດ້,0,0,0,0.99867755
ໃຊ້ດີ ຫລິ້ນເພີນ,1,1,1,0.99960643
ສຸດຄຸມແອັບ ລາວແອັບ2024,1,1,1,0.99752253
ຂ້ອຍເຂົ້າວອບແອບບໍ່ໄດ້ ຊື້ເບີໃຫມ່ມາໃຊ້ແລ້ວຫຼີ້ນແອບບໍ່ໄດ້ມັນຂຽນມາ ບັນຊີນີ້ບໍ່ສາມາດໃຊ້ໄດ້,0,0,0,0.99903595
"ດີເດີເວົ້າບໍ່ໄດ້ ເບິ່ງຫນັງຍັງງໄດ້ລາຄາຖືກ ແຕ່ເປັນຕໍ່ວັນລາຄາກະ500klp ຢາກໃຫ້ເລືອກ ເປັນ3ມື້2,500klp ບໍ່ກະ7ມື້4,500klp ແລະມັນຈຶ່ງງ່າຍແລະສະດວກຕໍ່ຜູ້ບໍລິໂພກ ນີ້ເປັນຄໍາແນະນໍາຊຶຊື",1,1,1,0.9987527
ຄືນາງນີ,1,1,1,0.99704784
ຄວາຍໃຫ້ກູລົງທະບຽນແຕ່ເຂົ້າບໍ່ໄດ້,0,0,0,0.99964297
ພໍໄດ້ຢູ່ໃດ໋,1,1,1,0.999332
ໂອເຄມາກກດກກ,1,1,1,0.98427594
ດີໃຊ້ໄດ້ດີທັນໃຈ,1,1,1,0.9996567
ສະຫຼັບບັນຊີຢາກ,0,0,0,0.9911868
ຕອນແລກໆກ້າໄດ້ເນັດພໍດຽວນີ້ຄືບໍໄດເປັນບໍຮູ້ແກ້ໄຂແດ່,0,0,0,0.9993487
ຕາຕາ,1,1,1,0.9953904
ອັບເດດໃຫມ່ຄະແນນກະຫາຍ ເຕີມບັດກະບໍ່ໄດ້ ຄືງົງອັບເດດໃຫມ່ລະບໍ່ຄືເກົ່າ,0,0,0,0.9997713
ຢາກຫລີ້ນແອບນີ້,1,1,1,0.9991672
ຈອນນີ,1,1,1,0.9972045
ໃຊ້ດີຫລາຍ,1,1,1,0.99963164
ໄດ້ ທັງສາລະ ແລະ ບົດຮຽນທີ່ເກີດຂື້ນ ໃນສັງຄົມ.,1,1,1,0.9995627
ເຖິງສາຂາວຽງຈະເລີນ ຢາກຮູ້ວ່າ ພງ ແຕ່ລະປ່ອງເປັນຫຍັງຫລາຍບໍ່ ສີຫນ້ານ້ໍາສຽງເວລາບໍລິການລູກຄ້າຄືບໍ່ຢາກເຮັດ ເບິ່ງເບັ່ງກ້າມເຮັດປານເພິ່ນໄດ້ເປັນນາຍົກນິ ຄໍາເວົ້າປານບໍ່ໄດ້ອົບຮົມ ບໍລິການກະບໍ່ໄດ້ເລື່ອງລູກຄ້າໄປໃຊ້ບໍລິການ ອັນງ່າຍກະເຮັດໃຫ້ຍາກ ຮັບສິດຈາກຄອບຄົວໄປເຮັດທຸລະກໍາແທນ ສໍາພາດປານວ່າໄປຂ້າໃຜມາ ເອົາອັນນັ້ນລະເອົາອັນນີ້ມາ ລາຍເຊັນຫາງສັ້ນ ກະວ່າຄືບໍ່ຍາວສ່ໍາກັນ ງຶດ! ງຶດ! ງຶດ ຄົນທີ່ລົມດີແນະນໍາດີລະແມ່ນຜູ້ທີ່ນັ່ງໃນສຸດຫັ້ນ ນ່າຈະແມ່ນຫົວຫນ້າສາຂາ ສ່ວນ ພງ ຕ້ອນຮັບ ບໍ່ເປັນຕາສິແຕກ ຖ້າອອກໄດ້ກະອອກສາ ນາງທີ່ຖືພາແຮງຫນັກກວ່າຫມູ່ ບໍ່ໄດ້ເລື່ອງ,0,0,0,0.99901116
ເປັນຫຍັງໃສ່ລະຫັດບັດແລ້ວມັນວ່າບໍ່ຮັບຮອງ,0,0,0,0.99930406
ຄົນຫາລາຍຊື່ຜູ້ທີມີຕິດຕໍຢູ່ແລ້ວໃຫ້ແດ່,1,1,1,0.9975561
ເອີ້ນບໍ່ມາເອີ້ນເປັນຊົ່ວໂມງກະບໍ່ມາບໍ່ຮູ້ເປັນຫຍັງຄົນອື່ນເປັນຄືເຮົາບໍ່,0,0,0,0.9991391
ຍັງບໍ່ປອດໄພ,0,0,0,0.99565166
ໂຄດກາກ ອັບເດດເຂົ້າຊ້າແທ້,0,0,0,0.9997273
ໃຫ້ດາວຫນຶ່ງກ່ອນເດີ ໄວ້ເຂົ້າຕອບແຊັດກັບມາລະຊິໃຫ້ອີກດາວຫນຶ່ງ ໂອເຄເນາະ,0,0,0,0.99913067
ດີທີ່ສົມບູນ,1,1,1,0.9996743
ລົງທະບຽນກະຢາກ ຂໍລະຫັດotpກະເດັ້ງ ລະຈະໃຫ້ລົງທະບຽນຈັງໃດ,0,0,0,0.9997142
ແກ້ໄຂ້ຫນ່ອຍມຸນເອົາດາຕ້າບໍ່ໄດ້,0,0,0,0.9976814
ລົງທະບຽນຍາກແທ້1ດາວພໍ.,0,0,0,0.9996215
ແກ້ໄຂ້ໄຫ້ແດ່ເຂົ້າແອບບໍ່ໄດ້,0,0,0,0.998662
ຄືຕິດຕັ້ງບໍ່ໄດ້ ເຂົ້າກະຍາກ,0,0,0,0.99963164
ດ້າ,1,1,1,0.98792297
ບໍ່ມີການປ່ຽນແປງຫຍັງເລີຍ້ຮົາເຊີນຫມູ່ໄດ້ສະແກນກໍບໍ່ໄດ້ເງີນແຕ່ກ່ອນໄດ້ດຽວນີ້ບໍ່ໄດ້ຫມູ່ຮັບຄໍາເຊີນແລ້ວຍັງບໍ່ໄດ້ອີກຫມູ່ສະແກນໃຫ້4ເທື່ອແລ້ວບໍ່ໄດ້ເລີຍເງີນກະບໍ່ໄດ້ເນັດກະບໍ່ໄດ້ແປວ່າຫຍັງແບບນີ້ຄວນປັບປຸງຖ້າຢາກໃຫ້ມີຄົນໂຫລດມາໃຊ້ເດີ,0,0,0,0.9996444
ຢາກຖືກຢູ່,1,1,1,0.99953544
ຂໍໃຫ້ມີເພື່ອນຫຼາຍກໍດີແລ້ວ,1,1,1,0.99954
ເຂົ້າລະບົບຍາກແທ້ ເຂົ້າແນວໃດກະບໍ່ໄດ້ທ່ານເອີຍ,0,0,0,0.9997187
ຂອ້ຍແນະນໍາໄຫ້ພວກເຈົ້າໄປລອງເລ່ນເກມxboxໄນແອບmyunitelເພາະຂອ້ຍເຄີຍໄດ້ເງີນສອງແສນຫາມາແລ້ວ,1,1,1,0.997851
ທຸກຍ່າງປົກະຕິໃຊ້ງານດີຂໍຄອບໃຈ,1,1,1,0.9994241
ສູນຄວາມບັນເທິງ ຟີຣ ມີໃຫ້ບໍລິການໃນ laos app,1,1,1,0.9965436
ແອບໂຄດກາກລົງທະບຽນແລ້ວເຂົ້າສູ່ລະບົບບໍໄດ້,0,0,0,0.9997731
ດີຫຼາຍເອບນີ້,1,1,1,0.9996424
ເຂົ້າບໍ່ໄດ້ປັບປຸງດ່ວນ ຊັ້ນບໍ່ໃຊ້ລະຄັນແບບນີ້ນະຍາກໂພດ,0,0,0,0.99974984
ຫລີ້ນຊ້າຫລາຍ ປັບປຸງດ່ວນ!,0,0,0,0.99896574
ດີຫຼາຍທີໄດ້ໃຊ້,1,1,1,0.9996444
ສະດວກວອ່ງໄວທັນໃຈທັນສະໄຫມຮັບໃຊ້ສັງຄົມລາວ,1,1,1,0.9995995
facebook ເຫັນດີ,1,1,1,0.9991541
ກພດິເດະ,1,1,1,0.86293024
ຕີດຕາມແນ່ເດີເຟືອນໆທີຮັກຫມົດທຸກຄົນ,1,1,1,0.99890983
ຮ່າ,1,1,1,0.99683964
ບໍ່ມາດຕະຖານ,0,0,0,0.5356298
ແລກດາຕ້າໄດ້ຫນ້ອຍເກີນໄປຕອນນັ້ນແລກ50.000 ກີບໄດ້ 30gb ຕອນນີ້ແລກ 75.000ກີບໄດ້ 27gb ຈະເລີນ,0,0,0,0.9987453
ຂ້ອຍໄດ້ເນັດ3gbເດີ ທັນໄດ້ລອງເລ່ນຍ່າງອື່ນເພິ້ມ,1,1,1,0.9957021
ໄດ້ລົມຫມູ່ຫຼາຍຄົນດີລະກະໄດ້ເບີຜຜູ້ບ່າວຫຼາຍອີກ,1,1,1,0.99920684
ແສງອາລຸນ,1,1,1,0.9984573
ມັກມວນຢູ,1,1,1,0.9995435
ຂ້ອຍຕິດຕັ້ງບໍ່ໃດ້,1,1,1,0.7501869
ເປິດແອບລາຍເທື ກະບໍໄດ,0,0,0,0.99871314
ກະຄືກັນ,1,1,0,0.99541724
ຜ່ານມາເຄີຍຂັບລົດແອບໂລກ່າຖືກໃຈມັກຢາກໄປຂັບອີກ,1,1,1,0.99306935
ດີຂາດບ່ໄດ້ເລີຍ,1,1,1,0.99962294
ໂອສົດແກ້ວບຸນເຮືອງ,1,1,1,0.9982893
ເສຍດາຍ,1,1,1,0.9990582
ຄິເຖິງແລະເປັນຫວ່ງຈົນວັນສີ້ນລົມຫາຍໃຈຈາກໂຊກໄຊສາຍນໍາ້ຮັ່ງ.,1,1,0,0.96347195
ຄວາມພໍໄຈຈາວຈີມດີ,1,1,1,0.99956006
ຢາກມີຄົນຮູ້ໃຈ,1,1,1,0.9995253
ໃຊ້ດີສຸດໆ,1,1,1,0.9996222
ເຂົ້າບໍ່ໄດ້ງົງເລີຍ,0,0,0,0.9994579
ໂອນເງິນເຂົ້າແລ້ວກາບໍ່ເຫັນເງິນ,0,0,0,0.99931085
ໃສລະບາຍ,1,1,1,0.99962664
ເອັບນີດີຫຼາຍ,1,1,1,0.99959713
ຮລາວ,1,1,1,0.9986541
ດີຫຼາຍແອບນີ້,1,1,1,0.9996506
ຂອບໃຈສໍາລັບ,1,1,1,0.9995678
ດີມາກສັ່ງງ່າຍ,1,1,1,0.9996018
ຫມູນວົງລໍ້ບໍ່ເຄີຍໄດ້ຈັກບາດໂຄດລ໋ອກ,0,0,0,0.99961334
ດີໆ ຫລີ່ນແບບ ບໍ່ເສີຍເງິນ,1,1,1,0.99960953
ໂປແກຮມບໍ່ສົມບູນ,0,0,0,0.9989759
ອັບເດດລະຄ້າງເລີຍ,0,0,0,0.9994642
ສົ່ງລະຫັດ otp ຊ້າໂພດ ເທື່ອກະບໍ່ສົ່ງມາເລີຍ ແລະ ແອັບກະບໍ່ຊ່ອງແກ້ໄຂ ອອກແລ້ວເຂົ້າຄືນລອກອິນໂຕເກົ່າກະບໍ່ໄດ້ ປັບປຸງແດ່,0,0,0,0.99979264
ບົວແຄັມ,1,1,1,0.99586606
ດີຢ່ຽມ,1,1,1,0.9996288
ໂຫລດແອັພມາແລ້ວ ເຂົ້າບໍ່ໄດ້ ແກ້ໃຫ້ແດ່,0,0,0,0.9995505
ດີແລ້ວແຕ່ປັບປຸງຄວາມຊ້າແນ່,1,1,1,0.99953544
ເວລາຈະກົດຊື້ ມັນຈະຂື້ນລະຫັດຜູ້ແນະນໍາ ກົດລະຫັດໂຕນີ້ໃສ່ເດີ້ 64058048 ຂອບໃຈ.,1,1,1,0.9981141
ຖືກຕ້ອງ,1,1,1,0.99936634
ບໍ່ເຂົ້າໃຈແອັບປັບປ່ຽນຫຼາຍພັດວ່າມີບັນຫາເຂົ້າແອັບມດກະບໍ່ໄດ້,0,0,0,0.9994568
ໃຊໃດດີ,1,1,1,0.9994684
ດໍານາ,1,1,1,0.9964342
ບັງຄັບໃຫ້ໃຊ້ ແຕ່ເຮັດຈັງໃດສີລົງທະບຽນ? ຕອນນີ້ລົງທະບຽນໄດ້ແລ້ວ ຂອບໃຈ,1,1,0,0.83413684
ດີມາກລີ້ນກະສະນຸກ,1,1,1,0.9995778
ໂອນເງິນບໍໄດ້,0,0,0,0.9988531
ຕ້ອງການກູຄືນເຟສຕົວເອ,1,1,1,0.9987356
ເຮັງ,1,1,1,0.9813107
ບໍໄດ້,1,1,0,0.996357
ນອນຫຼັບ,1,1,1,0.9990854
ແອັບກາກເຂົ້າເທຶ່ອໄດໄດ້ສົ່ງotpຕະຫລອດຈັກເຮັດມາເພືອຫຍັງແຫງອັບເດດແອັບແຫງກາກຂື້ນເຮືອຍໆ,0,0,0,0.99975365
ຢາກລົງທະບງນລາວແອັບ,1,1,1,0.9988213
ໃຫ້ົ,1,1,1,0.9979493
ຄົນບໍມິຄ່າພໍ,1,1,1,0.9706322
ເຊ ດ,1,1,1,0.9969426
ຫວຍແຕກເຂົ້າແອບກະຊ້າ ສົມພໍເຂົາຈືງນີຍົມໃຊ້ແອບແດງ,0,0,0,0.9995802
ເຂົ້າບໍ່ໄດ້ ແກ້ໄຂຊ່ອຍແດ່,0,0,0,0.9995005
ດີແຮງໆ,1,1,1,0.9996561
ສະແກນລາຍນິວມືບໍ່ໄດ້ ອັຟຫາອີຫຍັງເອົາແບບເກົ່າເທາະ,0,0,0,0.9995159
ຜັກທຮິ,1,1,1,0.9995363
ສະດວກເຂົ້າໃຈງ່າຍ,1,1,1,0.9996444
ນືກ,1,1,1,0.9953544
ກູກະຮັກແຟນກູ,1,1,1,0.9960622
ເຟດຂ້ອຍມັນມັກເດັ້ງ,1,1,1,0.9928647
"ນີ້ເປັນຄັ້ງແລກທີ່ຂ້ອຍໃຊ້, facebook",1,1,1,0.9987331
ໂອເຄຈາ,1,1,1,0.9967397
ຫນຸນຖືກແຕ່ເຮັດພາລະກິດ ດາຕ້າກະບໍ່ໄດ້ ຢູພ້ອຍກະບໍ່ໄດ້ຄືຕອນອັບເດດໃຫມ່ໆ,0,0,0,0.9996935
ໂທຫາຫມູ່ສະບາຍ,1,1,1,0.99939644
ເຂົ້າຫອມ,0,0,0,0.97223073
ສສາ,1,1,1,0.99712723
ໂສໃນຕໍານານ ຈຮາ,1,1,1,0.99724233
ຂອບໃຈທີ່ໄຫ້ເນັດທຸກໆມື້,1,1,1,0.9994105
ດີຫຼາຍຢ່າງໄວ,1,1,1,0.99965405
ໃຫ້1ດາວພໍເພາະປີນໄດ້ເນັດແຕ່ແບງປັນບໍ່ໄດ້ແທມຍັງບັກເດັງອອກຕະລອດແບບມັນດຮັດໃຫ້ເຮົາໂມໂຫຍ້ອນຊ້ວຍແກ່ໄຂ່ໃຫ້ແດ່ເດີອັບເດດໃຫມ່ນີ້ຖືວ່າບໍ່ດີເລີຍ,0,0,0,0.99948967
ໃຊ້ໄດ້ດີຂໍມີໄຊກໄຊກສາທຸສາທຸສາທຸ,1,1,1,0.9995159
ລືມລະຫັດ ຄຸມເຂົ້າ ສຸດທ້າຍບ໊ອກໂຫລດຄືບໍ່ໄດ້,0,0,0,0.9995122
ທ.ຄໍາສີອິນທະວົງ.,1,1,1,0.9980506
ເປັນຕ້ອງອັບເດດທຸກເທື່ອກ່ອນເຂົ້າແອັບ,0,0,0,0.99853635
ແອບທີມັກ,1,1,1,0.9981324
ລີ້ນແລ້ວຄັກ,1,1,1,0.9994241
ດີຫລາຍ ພັດທະນາຕໍ່ໄປໆໃນການໃຫ້ບໍລິການລູກຄ້າ,1,1,1,0.99959236
ຊ່ວຍດວ້ຍ,1,1,1,0.99950826
ອີ່ ດ ດໍາເດັກໂນນຈານ,1,1,1,0.9830851
ໂຫຼດມາແລ້ວລົງບໍ່ໄດ້ກອກເບີໃສ່ແລ້ວບາດໃສ່ລະຫັດຢືນຢັນລະເດັ້ງກັບຕະຫຼອດ ໃສ່ແລ້ວໃສ່ອີກກະຍັງເປັນຄືເກົ່າຢູ່,0,0,0,0.9997942
ຊ່ວຍປັບປຸງແນ່ເດີ,1,1,1,0.99806577
ໃຊ້ດີບອກເລີຍ,1,1,1,0.99963665
ຮອດແອບ,1,1,1,0.99529994
ຂອບໄຈແມ່ມືງຕິ,1,1,1,0.99938214
ຂອບໃຈທີມີແອບດີໆແບບນີ້,1,1,1,0.99953806
ດີຫລາຍສື່ສານວອ່ງໄວ,1,1,1,0.9996087
ດດdd,1,1,1,0.99190676
ນາມ,1,1,1,0.9978636
ເຫມີ່ຍແລ້ວເຮັດຍັງກະບໍເຂົ້າໃຈ,0,0,0,0.9986749
ສາຍກວນ,1,1,1,0.9982488
ມັນດີຫລາຍແອບນີ້,1,1,1,0.99961853
ກັບມາໃຫ້5 ຄືນ ຂອບໃຈທີ່ແກ້ປັນຫາ otp ຢ່າຫາເຮັດອີກເດີ້ ບໍ່ມີປັນຫາ ບໍ່ມີຟັງຊັ້ນໃຫມ່ ບໍ່ຈໍາເປັນຕ້ອງອັບເດດດຸໆກະໄດ້,1,1,1,0.994292
ສົ່ງຮູບເບີ່ງຮູບບໍ່ໄດ້ຕ້ອງກົດແກ້ໄຂຈີ່ງເບີ່ງຮູບໄດ້,0,0,0,0.99944824
ປັປປຸງແນ່ເດະ ແອັບລົ່ມ3 4ເທື່ອ ທິດ. ບໍ່ຄິດຢາກພັດທະນາໃຫ້ມັນດີຂຶ້ນແນ່ຫວາ ງົງ,0,0,0,0.999213
ດີສໍາເວລວ່າງທີ່ໄດ້ຫຼິ້ນໄດ້ເບີງຫມູເພື້ອນ,1,1,1,0.9995592
ລອງກອ່ນ,1,1,1,0.9984114
ດີໆຫລາຍມັກສຸດໆ,1,1,1,0.9996338
ມັນບ່ອນສູນລວມໃຫ້ບໍລິການຂອງຢູນິເທວ,1,1,1,0.99797314
ຢາກໃຫ້ສັງຄົມນິຍົມໃຊ້ ກໍ່ຕ້ອງເຮັດໃຫ້ໄດ້ໃຈສັງຄົມ. ອັນນີ້ຫມູນຖຶກຕາຍແຕ່ຟັງເພງ ກັບຊົມວີດີໂອ,0,0,1,0.99808455
ໄຊດີໂອເຄ,1,1,1,0.9995939
ດີຈ້ະ,1,1,1,0.99962664
ໃຊ້ງ່າຍສະດວກປອດໄພວອງໄວທັນໃຈ,1,1,1,0.99961555
ລົງທະບຽນແລ້ວເຂົ້າລະບົບບໍ່ໄດ້ ປັບປຸງແນ່ເດີ,0,0,0,0.99972194
ມີການ,1,1,1,0.9990508
ກາກສຸດໆ ຊ້າສຸດໆ,0,0,0,0.9994579
ບໍລິການໄດ້ດີຫຼາຍ,1,1,1,0.99960023
ສະບາຍທຸກຢ່າງ,1,1,1,0.9996252
ໄປສູ່ຜູ້,1,1,1,0.9987816
ແກ້ໄຂໃຫ້ແດ່ ເປັນຫຍັງຄືເບິ່ງຫນັງບ່ອນຮູບເງົາບໍ່ໄດ້ອີກແລ້ວ,0,0,0,0.9986594
ໃຊ້ດີຫຼາຍ ແຕ່ພື້ນທີ ມັກເຕັມແກ້ໄຂໃຫ້ແດ່ເດີ ກະບໍ່ໄດ້ໂຫຼດອັນເດີໂຫຼດແຕ່ວ໊ອດແອັບທັດ ຮູບກະບໍ່ຫຼາຍວິດີໂອ ບໍ່ມີ,0,0,1,0.9959849
ໂທລະສັບບໍ່ສາມາດໃຊ້ແອັບຫລຸ້ນນີ້ໄດ້ ຄວນປ່ອຍໃຫ້ສາມາດນໍາໃຊ້ແອັບຫລຸ້ນເກົ່າໄດ້,0,0,0,0.9981863
rom cn ເຂົ້າບໍ່ໄດ້,0,0,0,0.99928623
ດີຄ່າບບບ,1,1,1,0.99956006
ວ່າເຊັງ ເນ ກິບທັງຫມົດສໍາລັບ,1,1,1,0.99407744
ບຸນເລີດ ຄໍາມີນາ 93 ອາຍຸ,1,1,1,0.99956435
ລາວຜັດທະນາ,1,1,1,0.99935
ຖືກໄຈແຮງສໍາລັບແອັບໂມຈາ,1,1,1,0.9992342
ດີຫລາຍແລະມີປະໂຫຍດ,1,1,1,0.999658
ໂອເຄັ,1,1,1,0.99589807
ແກ່ນຈັນ ຈັນທະວົງ,1,1,1,0.99879575
ຢາກໃຫ້ແອັບນີ້ພັດທະນາໄປເລື້ອຍໆ ສາມາດໂອນເຂົ້າ ອອກ ໃຫ້ໄດ້ຫຼາຍທະນາຄານ ເຮັດທຸລະກໍາໃຊ້ງ່າຍຈ່າຍສະດວກກວ່າເດີມ,1,1,1,0.9991204
ເປັນກັນເອງ,1,1,1,0.998884
ຫມາສີ້ແມ່ມືງເຂົ້າກະບໍໃດ້ບັກຫູຂີ້ມຶງບັກປອດທັ່ງບັກເປດມືງບັກສົ້ນຕີນບັກຄວາຍມືງພໍ່ແມ່ແຕດເຫນົ່າມືງບັກຂີ້ຕົວະ,0,0,0,0.99943846
ປະຕິທິນເປັນຫຍັງເລືອກເບິ່ງເດືອນອື່ນໆບໍ່ໄດ້?,0,0,0,0.9989617
ລອງເຂົ້າໃຊ້,1,1,1,0.9986749
ຂາວສານດີໆມີຫລາຍ,1,1,1,0.9994735
ດີມານ,1,1,1,0.99963665
ໂຖໍາພະໍວໃຝຂ,1,1,1,0.98623115
ເຂົ້າແອັບໂຄດຍາກເນັດກາກບໍ່ພໍເຂົ້າແອັບບໍ່ໄດ້ອີກນ່າຈະພັດທະນາໃຫ້ເຂົ້າແອັບງ່າຍຄືແອັບອື່ນແນ່ເນັດເບິດຍັງເຂົ້າໄດ້,0,0,0,0.99977213
ຍອດຫຍ້ຽມ,1,1,1,0.99951494
ໂດນໄຈ,1,1,1,0.9971827
ເຟດສົ້ນຕີນຄືບ້ານິກູໃຊ້ເຟດລະຊິມເສຍຊິມທີ່ເຄີຍຕັ້ງເສຍກູກະຈື່ລະຫັດກູກາຈື່ເບີຍັງສິໃຫ້ສົ່ງລະຫັດຍືນຍັນຢູ່ລະສິໄປເອົາໂຕເຂົາສົ່ງໃຫ້ເຈໃດລະກ່ອນສິເຮັດຫຍັງກາຄິດແນ່ກູລະສູນາະແດງແມ່ມືງແກ່ຈື່ລະຫັດລະກະແລ້ວຍັງຕ້ອງຍືນຍັນຫີແຕດອີ່ຫຍັງອີກບ້າປັນຍາອອນເສຍເສັ້ນເອົາໄປເອົາມາເສືອກຫລີ້ນບໍ່ໄດ້ປັບປຸງແນ່ປັ່ນຍາອອນ,0,0,0,0.99937123
ຍອດຢ້ຽມ,1,1,1,0.9995479
ແອັບນີ້ດີມາກສຸດຍອດ,1,1,1,0.9995005
ດີເງິນເຕີມເນັດບໍ່ຂາດຈັກມື້,1,1,1,0.9995253
ຕັ້ງເຟດບໍ່ໄດ້ເຂົ້າເຟດບໍ່ໄດ້,0,0,0,0.99936754
ດີ ມາກຫມາຍ,1,1,1,0.99963236
ດີມາກກດກກ,1,1,1,0.99956864
ຟງລ ໂລ,1,1,1,0.9948102
ນ້ອງນູ,1,1,1,0.99771273
ແອພເປັນຫຍັງ ເດັ້ງອອກລະເຂົ້າລະບົບບໍ່ໄດ້,0,0,0,0.9995753
ໄວ້ໃຈເຈດີບີ,1,1,1,0.9995461
ຊື່ ຄີມ,1,1,1,0.9915052
ມັກຫລາຍ,1,1,1,0.9996345
ແອບມັນຄ້າງແລະກະເດັງອອກເລີຍ ແລະເຮັດໃຫ້ໂທຄ້າງກົດຫຍັງບໍ່ໄດ້ ໂທລະຊັບຂ້ອຍ a51,0,0,0,0.9994461
ຂັ້ນຕອນການຮັບຮອງລໍຖ້າດົນເກີນໄປ ລໍມາເປັນອາທິດກວ່າແລ້ວລະບົບຍັງບອກວ່າກໍາລັງດໍາເນີນການຢູ່,0,0,0,0.9991221
ເຂົ້າແອັບບໍ່ໄດ້ເລີຍ ລົບແລ້ວໂຫຼດໃຫມ່ກະຍັງບໍ່ໄດ້,0,0,0,0.9997818
ໃຊ້ໄດ້ດີແຮງ,1,1,1,0.9996309
ບໍ່ປານໄດ,1,1,0,0.99010193
ອັບເດດໃຫມ່ກະຈອກແທ້,0,0,0,0.9993881
ຄະແນນເສຍທາ້ຍປີ,0,0,0,0.99324185
ລະບົບໂຄດຫ່ວຍແຕກ ຕິດຕັ້ງບໍ່ໄປຫນ້າotp ຈັກເທື່ອ ປັບປຸງດ່ວນ ລົງທະບຽນຍາກ,0,0,0,0.99976677
ລາຄາບໍ່ມາດຕະຖານ ຮັບຫມ່ອງດຽວກັນ ສົ່ງຫມ່ອງດຽວກັນ ລາຄາຫລຸດກັນເປັນແສນກີບ,0,0,0,0.9993761
ຂັດຂ້ອງໃຊ້ງານບ້ໄດ້,0,0,0,0.9979007
ກະພໍດີນໍາເຂົາຢູ່,1,1,1,0.99954695
ແອບດີມາກໆ,1,1,1,0.9988305
ຄິດຮອດເດີເຮີຍ,1,1,1,0.9977482
ສະດວກສະບາຍຫຼາຍໆຢ່າງ,1,1,1,0.9996331
ກາກ ບໍ່ສາມາດເຮັດຫຍັງກັບໂຕແອັປໄດ້ເລີຍ ຊ່ວຍປັບປຸງໃຫ້ມັນສະຖຽນແນ່ ຄໍາແນະນໍາຕ່າງໆຫຍັງກະບໍ່ມີ ຖ້າບໍ່ຮູ້ກະຄິດວ່າແອັປເຖື່ອນແລ້ວ,0,0,0,0.9993881
ຂອງປະເທດລາວດີສຸດເລີຍ,1,1,1,0.9995627
ບາວທັນ,1,1,1,0.9984269
ຖ້າເຮົາບໍ່ມີບັນຊີທະນາຄານຫືຼbceloneເຮົາຈະໃຊ້ໄດ້ບໍ່,1,1,1,0.9952077
ລີສິວການສະແດງຫມາຍເຖິງຫຍັງ ?,1,1,0,0.5208162
ສິ່ງ,1,1,1,0.9974837
ໂອເຄທຸກຢ່າງໃນແອບນີແມ່ນບໍ່ລີການຟີຮ.,1,1,0,0.9665687
ທໍາສີ່ງທົ່ວໄປ,1,1,1,0.9975321
ຊອກຫາເພື່ອນໆ,1,1,1,0.9989454
ດິດີິ,1,1,1,0.9944126
ອະສະລິຍະຈິ່ງຽ,1,1,1,0.99687636
ລິນບ່ໄດ້,1,1,1,0.99855345
ເກັ່ງ,1,1,1,0.999617
ຄັ້ງແລກທີ່ໂຫລດມາໃຊ້ປະທັບໃຈຫລາຍສັງພັດກະເພົາຕອນ19 30ແອບບອກວ່າລໍຖ້າ40 50ກະນັ່ງຖ້າດົນເຕິມເຂົ້າມາເບິ່ງໃຫມ່ມັນບອກຖ້າ50 60ກະຖ້າມາອີກຈົນ8 30ມັນກະບອກຖ້າອີກ40 50 ສົງໃສຄືສິໄດ້ກິນມື້ຫນ້າພຸ້ນແລະ ຫ່ວຍແຕກອີ່ຫລີ,0,0,0,0.99955577
ຫາກ,1,1,1,0.9982488
ເນັດກະບໍ່ໄດ້,0,0,0,0.9994035
ຂໍເວົ້າຈັກບາດແນ່ ຕອນແອັບຂື້ນຊື່ໂມຈາຫລີ້ນໂຄດຄັກ ພໍປ່ຽນມາເປັນແອັບລາວເທົ່ານັ້ນລະ ໂຄດກາກ ໂຄດບໍແມ່ແອັບແລ້ວຕອນນີ້ ຍາກຮູ້ຜູ້ພັດທະນາແອັບນີ້ເດ່ ອັນທີ່ດີຍູ່ແລ້ວແທນທີ່ຈະໃຫ້ດີຂື້ນ ອັນນີ້ພັດເຮັດໃຫ້ກາກລົງ.000,0,0,0,0.9991573
ແອັບແບບນີ້ບໍ່ມີປະໂຫຍດຫຍັງລົງທະບຽນເບີກະບໍ່ໄດ້ເຮັເຫຍັງຜ່ທນແອັບກະບໍ່ໄດ້ຈັກເຮັດມາເພື່ອຫຍັງລົບຖິ້ມສາຖ້າເຮຫດແບບນີ້,0,0,0,0.999666
ຈາຍ່ສະບາຍ,1,1,1,0.9995372
"ປອດໄພ,ສະດວກດີ",1,1,1,0.99963665
ໄດ້ຮົບຊົມຂ່າວສານສະດວກ,1,1,1,0.99958915
ແອບກາກໂພດນີ້ຫວາ ແອບ kyc555,0,0,0,0.99959475
ເປັນຫຍັງຄືຫຼິ້ນບໍ່ໄດ້,0,0,0,0.996557
ນາງຈາ,1,1,1,0.9982488
ປະສົບການຈາກເຟສບຸກ,1,1,1,0.9991117
ໃຊ້ດີເກີນຄວາມຄາດຫມາຍ,1,1,1,0.99954176
ແອບດີແຕ່ກະຢາກໃຫ້ເພິ່ມແອັບvibieເຂົານໍາຄືຈະດີຫຼາຍ,1,1,1,0.99865675
"ແອັບອື່ນດີກວ່າຫຼາຍ, ຊ້າແຮງ",0,0,0,0.9971328
ແກ້ວ.ກຸນມະນີ,1,1,1,0.99846625
ໃຫ້4ດາວລອງເບີ່ງກອ່ນ,1,1,1,0.9966168
ຍາກຫຼາຍ,0,0,0,0.98625773
ແມ່ນ,1,1,1,0.9974191
ດີຫຼາຍແຕ່ຢາກໃຫ້ທະນາຄານມີຄວາມປອດໄພໃຫ້ດີບໍ່ໃຫ້ຄົນອື່ນລັກຖອນເງີນແບບບໍ່ຮູ້ຕົວເລີຍ.,1,1,1,0.9994837
ດີໆຫລ່າຍໆ,1,1,1,0.99960643
ສົມຊາຍ,1,1,1,0.99889696
ນາກມ,1,1,1,0.9938309
whatsapp ເພື່ອສື່ສານຂອງຂໍ້ຄວາມທີ່ດີກັບເຮົາ,1,1,1,0.99945897
ເຂົ້າສູ່ລະບົບບບໍ່ໄດ້ເຂົ້າຈົນເມື່ອຍລີ້ງຢູ່ນັ້ນ,0,0,0,0.9995408
ສຸກ ສຸກ,1,1,1,0.999617
ກາກສັດ,0,0,0,0.9990207
ສະມັກບັນຊີ ບໍ່ໃດ້,0,0,0,0.99729556
ງ່າຍສະດວກດີ ເຫມາະແກ່ການຄົນຄ້ານໄປເອງ. ພັດທະນາຕໍ່ໄປເດີ້,1,1,1,0.999554
ລົງທະບຽນກະບໍ່ໄດ້ຈັກເທື່ອສົ່ງລະຫັດເປັນພັຮເທື່ອກະບໍ່ໄດ້,0,0,0,0.99978
ຖູກໃຈມາກ,1,1,1,0.998606
ເຄີດເຮັດວຽກຢູ່ຊໍາເຫນືອ,1,1,1,0.99807703
ອັບເດດແລ້ວຂີ້ຮ້າຍກວ່າເກົ່າອີກໃຊ້ຍັງບໍ່ໄດ້ເລີຍ,0,0,0,0.9997478
ເນັດ300ປະຢັດໄດ້ຫມຶງມື,1,1,1,0.9773492
ຂໍສອບຖາມແນ່ ມີຂໍ້ຄວາມແຈ້ງມາວ່າໃຫ້ລົງທະບຽນເບີກ່ອນວັນທີ16ທັນວາ ໂດຍການໂຫລດແອັບນີ້ເພຶ່ອລົງທະບຽນ ແຕ່ໂຫລດມາແລ້ວເຂົ້າລົງທະບຽນໃນແອັບບໍ່ໄດ້ ແອັບບໍ່ຕອບສະຫນອງ ເບີຂ້ອຍໄດ້ລົງທະບຽນຕັ້ງແຕ່ປ່ຽນເປັນ4g ຫຼາຍປີແລ້ວ ບໍ່ຮູ້ວ່າທາງສູນຈະລະງັບການໃຊ້ງານເບີຂ້ອຍບໍ່,0,0,0,0.9993081
ທີ1ການເງິນຂອງຂ້ອຍ,1,1,1,0.999188
ຫມຸນບໍ່ໄດ້ເລີຍແຍ່ມາກແກ້ໄຂໃຫ້ດ່ວນ,0,0,0,0.99939644
ສາ່ຮ,1,1,1,0.99674594
ມັກແອັບນີ້ສະດວກວ່ອງໄວ,1,1,1,0.9996288
ຍາກໂທຟຮີ,1,1,1,0.9982893
ລາວແອັດໃຈດີມະ,1,1,1,0.9995778
ເຮ້! ລະບົບຊິມີປັນຫາຕອນລົງທະບຽນໃຫ້ລູກຄ້າບໍ່ໄດ້ນ໊າ,0,0,0,0.9993881
ບໍໄດຍັງນອກຈາກເຊີນເພືອນ,0,0,1,0.97691274
ຮອບຫມູນບໍ່ມີແກ້ໄຂດ່ວນເພື່ອໃຫ້ມີຮອບຫມູນ,0,0,0,0.99907637
ໃຊ້ງານດີຈິງ,1,1,1,0.99960023
ລາວ.ສະບາຍດີ.ຍັງບ່ເຂົ້າໃຈ.,1,1,1,0.9995408
ສະດວກການສືສານ,1,1,1,0.9996395
ກະດີຢູ່ນະແຕ່ສັນມັນກາກເບີ່ງລະຄ້າງຊ່ວຍປັບປຸ່ງແນ່ຄືວ່າສັນຍານເຮົາກະດີຢູ່ນະ,1,1,1,0.94924754
ມີປະໂຫຍນຫຼຍ,1,1,0,0.8952483
ໄດ້ດີແລ້ວ,1,1,1,0.9996686
ຂ້ອຍຂໍທັງຫມົດຂອງລາງວັນ1ຢ່າງທີ່ສໍາຄັນສຸດຕໍ່ຊີວິດ,1,1,1,0.99938333
ສະຫນັກໂຄດຍາກຕອນນີ້ຍັງສະຫນັກບໍທັນໄດ້ໃຫ້ໃສ່ເບີໂທກະໃສ່ແລ້ວຍັງບໍ່ໄດ້ຄວນປັບປຸງດ່ວນ,0,0,0,0.9997367
ມີການດີໃນການແຊັດ,1,1,1,0.9996381
ແອັບຂີ້ຫມາຫຍັງຫວາ ໂຫຼດມາເສຍດາຕ້າຊື່ໆເຮັດຫຍັງບໍ່ໄດ້ເລີຍ. ປັບປຸງກ່ອນສາແລ້ວຈຶ່ງຈະມາລົງທະບຽນໃຫມ່ເດີ້,0,0,0,0.99974185
ຕິກນ່າ,1,1,1,0.99411184
ເຍຍລີວໍາ,1,1,1,0.9901211
ເປັນຫຍັງຄືແອພຄືເດ້ງອອກ,0,0,0,0.99896777
ວິໄລຄົນເດີມ,1,1,1,0.99942183
ໂຄດເສຍອາລົມເລີຍຕັ້ງແຕ່ອັບເດດມາຂັດຂ້ອງເມິດທຸກອັນໂທວິດີໂອຄໍກະບໍ່ເຫັນຫນ້າເຂົາຫມຸນປານຫນ່ວຍໂລກ,0,0,0,0.99952435
ໄຊ້ດີເຈົ້າ,1,1,1,0.9995609
ທຍກເກືສ,1,1,1,0.99300176
ບອອກເລກ,0,0,0,0.9986541
ໄປກັບໂລກ້າປອດໄພມີປະກັນຄຸ້ມຄອງ,1,1,1,0.99906915
ເຮັດຫຍັງຫນ່ອຍ1ເຟສກະລ໋ອກແກ້ໄຂແນ້,0,0,0,0.9978677
ເອີ້ນລົດຫລາຍເທື່ອບໍ່ມາ,0,0,0,0.99880743
ມີປະໂຍດຕໍ່ຊິີວິດປະຈໍາວັນແລະໄດ້ລົມຫນູ່ຄູ່ຫຼາຍຄົນ,1,1,1,0.9994746
ເຄິອງໂທລະສັບຂ້ອຍມີປັນຫາ,1,1,1,0.8183016
ສິງທີ່ຂາດບໍ່ໄດ້ໃນຊີວິດກູ,1,1,1,0.99880517
ກໍາລັງເລີ່ມ,1,1,1,0.9991117
ຂໍຕັ້ງ,1,1,1,0.99950826
ເຕັມດາວເລີຍ,1,1,1,0.99583375
ຊີວິດເງົ່າໆ,1,1,1,0.99947566
ດີແຕ່ວ່າຍູ່ດີໆກະຍ ບໍເຫັນເມຫນູ,1,1,1,0.9995745
ກົດເຂົ້າລະເດັ້ງອອກ ປັບປຸງແດ່ເດີ ຊິລົງທະບຽນເບີກະບໍ່ໄດ້,0,0,0,0.9997739
ໃສລະຫັດນີ້ເດີ 2149 5340 ເພື່ອຈະໄດ້ຮັບສ່ວນຫຼຸດ5,1,1,1,0.99758923
ນ້ໍາບໍ່ຖ້າປາເວລາບໍ່ຖ້າເຮົາເວລາລ້ວນແຕ່ມີຄຸນຄ່າທຸກການພັດທະນາຕ້ອງມີຈຸດສຸມ.ທີ່ວາງໄວ້.,1,1,1,0.5148329
ດີສຸດຍອດສະດວກສະບາຍໃຫ້100ຄະແນນ,1,1,1,0.99961996
ນັບມື້ແອັບຯນີ້ແຮງບໍ່ເປັນຕາໃຊ້,0,0,0,0.9990169
ໄຊ້ແລ້ວຖືກໃຈເລີຍ ຂໍຄອບໃຈສໍາລັບແອັບນີ້,1,1,1,0.99957365
ພາແສງຄົມອາລຸນ,1,1,1,0.99944395
ມັນຮູ້ຫາຕັ້ງແດ່,1,1,1,0.9551939
ອັບເດດແລ້ວເຂົ້າບໍ່ແກ້ໃຂແນວໃດ,0,0,0,0.9995372
ຂໍແນະນໍາໃຫ້ສືບຕໍ່ພັດທະນາແອັບໂຊເຊວເພື່ອໃຫ້ຄົນລາວໄດ້ໃຊ້ແອັບໂຊເຊວຂອງລາວແທ້ ໂດຍນໍາເອົາຂໍ້ມູນຈາກແອັບພື້ນຖານນີ້ເປັນຂໍ້ມູນພື້ນຖານ ຕົວຢ່າງປະເທດຈີນ ກໍຈະມີ wechat ເປັນຂອງຕົວເອງ.,1,1,1,0.9989329
ເອົາໄວ້ແຊັດນໍາຜູ້ສາວ,1,1,1,0.99920374
ສະດວກສະບາຍຫາຍຢ່າງ,1,1,1,0.99964786
ຂໍຂອບໃຈທີ່ທ່ານຕອບສະຫນອງໃຫ້ພວກເຮົາ,1,1,1,0.99951684
ຈານມອຮ,1,1,1,0.99454135
ດາໍາ,1,1,1,0.99545276
ບໍ່ເປັນເພືອນກະແທັກໄດ້. ອັນນີ້ຄວນປັບປຸງ,0,0,0,0.99792105
ປາຕ່້,1,1,1,0.99540824
ໃຊດີຫລາຍ,1,1,1,0.99960643
ມີປະໂຫຍດ. ດີ,1,1,1,0.99966395
ເປັນຍັງຕັ້ນບໍໄດ້,1,1,1,0.98147124
ດີຈ່າ,1,1,1,0.99964714
ໄຮເດີ້ຖອນເງິນຜິດຫຍັງ10ພັນ,0,0,0,0.9991704
ເທວະ,1,1,1,0.9957767
ໄຫ້ອັບເດດຕະຫຼອດອັບເດດແລ້ວກະຄືເກົ່າເລກບັນຊີທີ່ເຄີຍໂອນຫາຍຕະຫຼອດບາງຄັ້ງຕ້ອງການໂອນເງິນດ່ວນແອັບກະມີປັນຫາໂອນບໍ່ໄດ້ເປັນຕະຫຼອດ,0,0,0,0.9997142
ຊົມເຊີຍມັກແອບນີ້ຫຼາຍ,1,1,1,0.99948263
ມັກຫລາຍໄຊດີ,1,1,1,0.9996338
ໄດ້ເຮັນແຈ້ງຍີນດີ ຕູ້ຍ ພະດິດ ກ່ສາ້ງ,1,1,1,0.9989392
ແອັບໂຫຼດຂໍ້ມູນຊ້າຫຼາຍ ຫມູນຕິ້ວໆ,0,0,0,0.99953353
ຄຸນນະພາບພໍດີ,1,1,1,0.9993175
ປ້ອນຂໍມູນໃສ່ຫລາຍເທື່ອບໍ່ເຫັນຊິໄດ້ ປັບປຸງຄືນໃຫມ່ແດ່ເດີ້ທ່ານ,0,0,0,0.99911696
ດີເລີດດີຫຼາຍ,1,1,1,0.99963737
ທຸກຢ່າງດີແຕ່ຢາກໃຫ້ປັບປຸງເລື່ອງເຄືອຂ່າຍ ສັນຍານຂຶ້ນ4gກະຍັງເບິ່ງຫຍັງບໍ່ໄດ້,1,1,1,0.9968335
ເຕີມບັດບາດໄດ້ບາດບໍ່ປັບປຸງແນ່ເດີ,0,0,0,0.9995584
ລະບົດອ່ອນແອຫລາຍນັກພັດທະບໍຄ່ອຍເກງ ກະລຸນາແກ້ການສົ່ງotp ແບບດ່ວນດ້ວຍ,0,0,0,0.999015
ສະບາຍດີຄົນລາວ,1,1,1,0.99956864
ສະນຸກໃຈ,1,1,1,0.99956435
ໂຄດດີເລຍ,1,1,1,0.99703634
ແອບບ້າແຮງອັບເດດແຮງກາກກວ່າເກົ່າແບບເກົ່າດີກວ່າຫລາຍ,0,0,0,0.9997316
ຢູ່ດີ້ກະເຂົ້າບໍ່ໄດ້ແກ້ໄຂໃຫ້ແດ່ອັບເດດກະອັບແລ້ວແຕ່ກະເຂົ້າບໍ່ໄດ້ລົບໂຫຼດໄຫນ່ກະເຮັດແລ້ວແຕ່ກະຄືເກົ່າແກ້ໄຂໃຫ້ແດ່,0,0,0,0.99972945
ເລັມທອງ,1,1,1,0.99867237
ຍອດແຍມ,1,1,1,0.99955314
ເປີດກ້ອງບໍໄດ້,0,0,0,0.9991391
ກາກເກີນເຂົ້າກະຍາກອີກ,0,0,0,0.9996118
ແຕ່ເຮົາບັງຄັບເຮົາເອງ,1,1,1,0.9976586
ເອົາລົງຕິກຕ໋ອກໃດ້ບໍ,1,1,0,0.9511422
ໃຫ້ເປັນທີ່ຢູ່ໃນປະເທດລາວມີແຕ່ຄົນໄທແລະທາງການລາວໄດ້ຮັບການສຶກສາຂອງປະເທດຊາດບ້ານເມືອງໃຫ້ມີການສ້າງແລະການບໍລິການທີ່ມີຢູ່ແລ້ວແຕ່ເປັນການດີເພາະມີຄົນເວົ້າວ່າການທະນາຄານເປັນຕົ້ນໄປນີ້,1,1,1,0.99942636
ຊງງລາສີງຫາລາດ,1,1,1,0.99499834
ດີໄວ,1,1,1,0.99967873
ຕັອງການດໍາເນີນຕ່,1,1,1,0.9970073
ຍືນລອ່ວໂອ,1,1,1,0.99496907
ຍັງເລຶອກອາຫານທີ່ຈະorderບໍ່ທັນໃດ້.,1,1,0,0.89358836
ເອົ້າໄປເລີຍ,1,1,1,0.996852
ຄັກລາຍແອັບນີ້,1,1,1,0.99955314
ໃຊ່ດີແຮງ,1,1,1,0.9995584
ລີນລີນ,1,1,1,0.9975986
ບໍ່ມີຮອດບ່ອນຊິປ້ອນຂໍ້ມູນລົງທະບຽນ,0,0,0,0.99919754
ດີສຸດແລ້ວ,1,1,1,0.99964166
ລອງໃຊ້ເບິ່ງກອ່ນ,1,1,1,0.999015
ອັບແດດໄຫມນີເຮັດຫາອັນເດີກະບໍ່ໄດ,0,0,0,0.99947566
ດີຫລາຍຖາໄດເງີນສົດ,1,1,1,0.99961925
ຫນູນໄດ້ກະບໍໄດ້ບາງເທື່ອ,0,0,0,0.99613816
ມີຄວາມສຸກແລະສະດວກສະບາຍ,1,1,1,0.99961853
ປັບປຸງໃຫ້ແນ່ເຂົ້າຊື້ຫວຍບໍ່ໄດ້ເຈົ້າ,0,0,0,0.99931085
ຫນ້າສົນໃຈແອັບນີ້ໃຊ້ດີຈິງແທ້,1,1,1,0.99959236
ໃຫ້ເງິນຫຼາຍ,1,1,1,0.988085
ໃຊ້ ໄດ້ ດີ,1,1,1,0.9996574
ລະຫົດ,1,1,1,0.9873262
ແມ່ນຫຍັງຄືການທີ່ລັອກອິນບໍ່ໄດ້ຈັ່ງແມ່ນຊາດ,0,0,0,0.9934865
ແຊັດຫາຜູ້ສາວຜູ້ສາວບໍ່ຕອບເລີຍ,1,1,1,0.9984452
ບັນທຶກການເຄື່ອນໄຫວຍັງບໍ່ລະອຽດ,0,0,0,0.9987356
ພ້ອນວິໄລ,1,1,1,0.99760324
ຄໍາຮັກແທ,1,1,1,0.99961334
ເຕີມບັດລະບໍ່ໄດ້ຂະແນນ,0,0,0,0.9994746
"ບໍ່ແມ່ນແນວແລ້ວກູຕ້ອງຈັບບັດຖ່າຍຮູບ ນີ້ເບີໂທບໍ່ແມ່ນທະນາຄານ ບໍ່ມີເບີນີ້ຫລັກ5,7,9ກໍ່ຍັງມີລາຍເດືອນລາຍປີລາຍວັນກະມີເຂົາລົງທະບຽນຊິຍາກປານນີ້ພຽງແຕ່ມີບັດປຕ ຫລື ປື້ມສມ ຂຽນເອົາຂໍມູນກະໄດ້ແລ້ວ",0,0,0,0.9994917
ດີມາກດວ້ຍ,1,1,1,0.9995939
ນະິ,1,1,1,0.997285
ປັບປຸງແນ່ ເຂົ້າໄປແລ້ວມັນເປັນສີດໍາເມີດບໍ່ຂື້ນຫຍັງເລີຍ,0,0,0,0.9996959
ປັບປຸງແດ່ ລະບົບຫວຍແຕກ,0,0,0,0.9993268
ຄົບ4kຂອງແທ້5gເຕັມຮູບແບບໃຫ້5ດາວເຕັ່ມຄົບ,1,1,0,0.71148103
ເຂົ້າບໍ່ໄດ້ ມັນຄ້າງ,0,0,0,0.99961627
ຂໍເນັດຫລາຍໆແນ່,1,1,1,0.9985191
ດີຄັບ,1,1,1,0.9996526
ແຝດວີໂອ ເຂົ້າວີດີໂອບໍ່ໄດ້,0,0,0,0.9994568
update profile ຖ້າເປັນດົນຫຼາຍ ໂອນເງິນເຂົ້າບໍ່ໄດ້,0,0,0,0.9992519
ຕິບ,1,1,1,0.9927812
ມີຍະ,1,1,1,0.99723697
ສິງແກ້ວ,1,1,1,0.9987888
ດິເກິນ,1,1,1,0.98913974
ຄັກໆ555,1,1,1,0.9992267
ເປັນຫຍັງຕ້ອງອັບແດດທຸກຄັ້ງທີ່ເຂົ້າປັບປຸງດ່ວນເລີຍ,0,0,0,0.9990656
ນຸດ,1,1,1,0.99789655
ອັບເດດໃຫມ່ຫາຫຍັງວະແຜ່ນທີ່ດາວທຽມບໍ່ມີຄືແບ້ນິ,0,0,0,0.999617
ໃຊໄດ້ດີຫລາຍ ຈະເປັນການສົ່ງຂ່້ຄວາມຫລຶຮູບພາບໄປໄຫ້ເພຶ່ອນກໍດີ,1,1,1,0.9995092
ດີທີ່ສຸດຄວາມໄວສະນັບສະຫນູນຂໍຂອບໄຈ,1,1,1,0.999572
ແອບຫ້ວຍແຕ່ກ,0,0,0,0.9991689
ແມ້ກ,1,1,1,0.99746895
ບໍ່ໃຊ້ແມ່ມັນລະສົມຊື່ເປັນຂອງລາວບໍ່ວ່າແມ່ນຫຍັງຄືກັນແມ່ນໃຊ້ບໍ່ໄດ້ຈັກແນວເຮັດພໍແຕ່ແລ້ວລະເອົາເງີນຊື່ໆເຮັດໄປເຮັດມາໄວຣັດເຂົ້າມານໍາຈົນໄດ້ລີເຊັດເຄື່ອງໃຫມ່,0,0,0,0.99912554
ແອດົມສະຫວັດ,1,1,1,0.9820483
ນປາເຊຍ ຈາ,1,1,1,0.99565166
ກະຄັກຢູໃດ່,1,1,1,0.9966299
ເອົາສໍານີ້ກອ່ນ,1,1,1,0.9907141
ທອງຫຼ້າ ອີນນາມ,1,1,1,0.9987453
ໃຊ້ດີລອວງເລີນ,1,1,1,0.99962366
ດີມາກເລີຍໄຫ້5ດາວເນາະ,1,1,1,0.99960023
ດີຫລາຍ.,1,1,1,0.9996594
ຄັກໆໆື້,1,1,1,0.99896574
ບຸນແອະໄປ,1,1,1,0.9991943
ໂຄດດີແລກບັດຢູພອຍບໍເຂົ້າເບີໂຕເອງເຂົ້າເບີເພີບໍຮູ້ຊໍ້າໂຄດດີເຜີໆເຂົ້າເບີຜູ້ໂອນຊໍ້າໂຄດອາລົມເສຍ,0,0,0,0.9825408
ຄືຕີນນິ ຈັກແມ່ນຫຍັງ,0,0,0,0.99825555
ແຈກເງີນຄືແຕ່ກ່ອນແດ່ ຂ້ອຍຫຼີ້ນເປັນເດືອນແລ້ວຍັງບໍ່ໄດ້ເງີນ1000ກີບຊໍ້າ ແຖມຫມູນວົງລໍ້ກະສິຢຸດບ່ອນດາຕ້າພັດເພີ່ມຄວາມໄວໃຫ້ໄປຢຸດທີ່,0,0,0,0.99940467
ໃຊ້ດີ ໂປຣໂມຊັນຫລາຍ,1,1,1,0.99960023
ແອັບໃຊ້ດີຫລາຍໄຊ້ລະຫັດນີ້ເພືາອຮັບໂປຮໄນການຊື້ຫຍັງຕ່າງໆ46260780,1,1,1,0.9993242
ເປັນຫຍັງbcel oneຂ້ອຍຄືເຂົ້າບໍ່ໄດ້ກະລຸນາກວດຄືນໃຫ້ແນ່,0,0,0,0.9989698
ຢູ່ໃສກະສຸກໃຈເມື່ໄດ້ຢູ່ກັບເຈົ້າ,1,1,1,0.999529
ດີພໍສົມຄວນບັນເທົ່າສະຫມອງ,1,1,1,0.99957365
ຂອບໃຈຫຼາຍໆທີ່ເປີດໃຫ້ໃຊ້ບໍລິການ,1,1,1,0.9994684
ເປີດແອບຂຶ້ນມາບໍ່ເຫັນມີນູຫຍັງເລີຍວ່າງເປົ່າລ້າ,0,0,0,0.99937123
ຊອກຮ້ານບໍ່ໄດ້ທົ່ວເຖິງ,0,0,0,0.9993345
ບໍ່ມີແຟນກະຢາກໂຫຼດມາແຊ້ດນໍາເພິນໂອແສງ,1,1,0,0.9920157
ຊື້ເລກແລ້ວບິນບໍ່ເຫັນ ແຕ່ເງິນຖືກຕັດ,0,0,0,0.9990908
ສະບາຍແທ້,1,1,1,0.9996259
ໄຊມາໄດ້4ເດືອນແລ້ວ,1,1,1,0.99854493
ທ.ອິນທາສິດ,1,1,1,0.9984176
ແຊດ,1,1,1,0.99942183
ວີດໂອເບີ່ງບໍ່ໄດ້,0,0,0,0.9990415
ບໍ່ມີເນັດລະເຂົ້າບໍ່ໄດ້ບາດສິເຕີມລະເຮັດຈັງໃດລະ,0,0,0,0.9995778
ແອບຄວາຍແຊບໍ່ໄດ້,0,0,0,0.9995505
ພໍແກ້ໄຂໄດ້ຢູ່,1,1,1,0.9979292
ເຕົ່າ,1,1,1,0.9944126
ບໍ່ມີໂປຣກະເຊົາໃຊ້ 50k 30d ວ່າຊັ້ນໃຊ້ບໍ່ຮອດ10ມື້ຊ້ໍາ,0,0,0,0.9992175
ເອຢ່າງ,1,1,1,0.9980696
ໃຊ້ງານດີວຽກຂອງຂ້ອຍຊວນຫລາຍກະໃຊ້ແຕ່ວອດແອບປະສານງານບ່ທໍາໃຫ້ຜິດຫວັງ,1,1,1,0.997285
ເອີ້ນຍາກໂພດແກ້ໄຂແນ່ເອີ້ນເປັນຊົ່ວໂມງຍັງບໍ່ໄດ້,0,0,0,0.99972516
ສະບາຍດີຂ້ອຍເຮັດບໍ່ເປັນເຈົ້າ,1,1,1,0.99890125
ຄີດຮອດເລີ,1,1,1,0.99945253
ຜູ້ໃຊ້ໂທລະສັບມັນຮູ້ໃຊ້ແຕ່ຢາງດຽວເມືອເປັນຈັ້ງຊັ້ນໃຫ້ບໍລິສັດຊໍາໂຊມຫຼືລາວໂທລະຄົມຄ່ອຍແກ້ຊວ່ຍຄົ້ນຄ້ວາພິຈາລະນາດ້ວຍຂໍຂອບໃຈ,1,1,1,0.98478174
ເວລາພ່ານຢອ້ຫມ່າກນື່ມມ່າກປີກຼາຍຮອ່ດຄືນີຕັ້ງຈີກຼາຍພົບເຢາະອີກ່ເດີພີນ້ອງໂຢງມະຕາຍແຮ່ມຢື່ມກຼົນຊຶ່ງຮັກແພ່ງ,1,1,1,0.94971603
ດີຫຂາຍ,1,1,1,0.99963164
ໃດ້ເນັດຟີໂຄດດີເລິຍຈ້າໄຫ້5ດາວ,1,1,1,0.9953454
ອາດ.ມາລາວັນ,1,1,1,0.9988708
ຮຮໍານ່ໍາມກມດ,1,1,1,0.98780584
ເຂົ້າຫລີ້ນເກມບໍ່ໄດ້ແອບຊ້າຫລາຍ,0,0,0,0.99956685
ໃສ່ຜົນຢາ່ງດີ,1,1,1,0.99952257
ຂ້ອຍກາຫີ້ລນແອັບນີ້ facebook,1,1,1,0.98920244
ດີແຕ່ຄືອັບເດດບໍ່ໄດ້,1,1,1,0.9995609
"ຊວງຫຼັງ ສວນລົດບໍ່ຂ້ອຍມີ, rider ມັກມີປັນຫາ ບໍ່ຮູ້ເປັນຍ້ອນວ່າfoodpanda postປະກາດຮັບສະຫມັກພະນັກງານແນວໃດກະໄດ້ຫວາ. ຍ້ອນສິ່ງເລົານີ້ຂ້ອຍເລີຍໄປໃຊ້egetແທນ.",0,0,0,0.99813974
ອັບເດດແລ້ວເຂົ້າແອັບບໍ່ໄດ້ເດີເຈົ້າ,0,0,0,0.9995883
ໄຊ້ໄດ້ຢູ່ທັກຫາຜູ້ສາວກະຕອນ,1,1,1,0.9983026
ຍາກໄດ້ໂຊກຄັ້ງຍີ້ງໃຫຍ່ຂອງປີ2022ນະ,1,1,1,0.9987649
ສສດເດ່ດ,1,1,1,0.98387814
ບ້າບໍອັບເດດຕະຫລອດ,0,0,0,0.9990978
ເປັນຫຍັງຄືສົ່ງຂໍ້ຄວາມສຽງບໍໄດ້ຊ່ວຍແກ້ດ່ວນ,0,0,0,0.9990908
ເປີດແອັບໃຫ້ແດ່,1,1,1,0.9944666
ໃຊ້ສະດວກລາຍ,1,1,1,0.9996526
ຮັບດາຕ້າໄດ້,1,1,1,0.9974291
ດີກວ່າເກົ່າແກ່ຫຼາຍຮ້ອຍ,1,1,1,0.9994547
ປ່າເອ້ຍ,1,1,1,0.9987306
ຍາກທໄທຸກຍາງ່ແຕ່ລະດັບປະສົບດານແກ້ໄຂບໍ່ໄດ້ຍີນຍອມແກ້ໄຂຄວາມສະດວກໃຫ້ດວ້ຍ,1,1,1,0.9982488
ເຂົ້າງ່າຍ,1,1,1,0.9984269
ອັບເດດຫຼາຍເທົ່າໃດແຫ່ງຫ່ວຍຫຼາຍເທົ່ານັ້ນຂ້ອຍວ່າເຊົາອັບເດດຈະດີກວ່າແທນທີ່ອັບເດດແລ້ວຈະດີຂຶ້ນແຕ່ນີ້ມີແຕ່ຈະແຍ່ລົງ,0,0,0,0.9993175
ຄຄ5ຄຄ5ຄຄ5ຄຄຄ5ຄຄູຄຄ5ຄຄການຈັດການແຂ່ງຂັນກິລາບານເຕະໂລກຊາດລະດັບປະເທດແລະມີລູກດ້ວຍນ້ໍານົມທີ່ມີ,1,1,1,0.99349916
ພໍດີ,1,1,1,0.99951124
ຄຮິ,1,1,1,0.9933072
ຫມາບໍແດກ ຊິໂອນເງິນເຂົ້າອອກກະບໍໄດ້,0,0,0,0.99938095
ລົງທະບຽນຊິມບໍ່ໄດ້,0,0,0,0.9994253
ຂໍໃຫ້ສົ່ງຮູບໄດ,1,1,1,0.99857855
ພໍ່,1,1,1,0.9973425
ຈະຮັກສາໄວ້,1,1,1,0.9993411
ສັນຍານຍານບໍມີປານໄດ,1,1,1,0.99657035
ຄໍາລູນສີ່ງມະໄລທອງ,1,1,1,0.9983026
ໃຊ້ໄດ້ດີຢູ່,1,1,1,0.99961925
ອັບເດດມື້1ຈັກເທືອ,0,0,0,0.9990564
ຕ້ອງໂລດຕະຫຼອດຊ້ວງນີ້ກະເຂົ້າຍາກໆແກ້ໄຂດ່ວນ,0,0,0,0.99963737
ໂທບໍ່ໄດ,1,1,0,0.99683964
ເວນກໍາ,1,1,1,0.99528164
ຂໍລາຍງານປັນຫາ ແອັບນີເນັດຊາແຮ່ງ ເພືອສິໃດເຂົາກະລໍຖາຈົນ4 5ນາທີ ແກ່ໄຂໄຫ້ແນ່ ມັນລິນຊາລາຍໂພດ ບ່າງເທືອກະເດັງອອກຈາກລະບົບກະແຮ່ງຍາກເພືອສິໄດເຂົາສູລະບົບໃຫມ່ນະ ເວລາລິນແອັບກະເຮັດຄືບໍມີເນັດ ຂະນາດເນັດເຕີມກະຍັງຊາບໍຄືແອັບອືນນະ,0,0,0,0.9994579
ອັບເດດໄຫມ່ຄືລິ້ນຫຍັງກະບໍ່ໄດ້ວະກົດເບິ່ງຟັງກະຜິດຜາດຕະລອດສ່ວຍປັບປຸ່ງໄຫມ່ເດີ,0,0,0,0.9997478
ນ້ອຍ ໄຊຍະສອນ,1,1,1,0.99892455
ດີ ໂລດລະ,1,1,1,0.99963737
ກໍາລັງສຶກສາຂໍ້ມູນ,1,1,1,0.99917525
ເຂົ້າເບີ່ງຄອມເມັ້ນບໍໃດ້,0,0,0,0.99908364
ດີມາກມາກໆເລີຍ,1,1,1,0.9996049
ບໍ່ມີສະຕໍລີ່ເພັງໂຄດເສົ້າເລີຍ,0,0,0,0.99864894
ໃຫ້ມີບໍລິການດີໆແບບນີ້ຕະຫລອດໄປ,1,1,1,0.9971384
ນີເດັກຫົງ,1,1,1,0.997285
ບາງເທື້ອກະເຂົ້າແອັບບໍ່ໄດ້,0,0,0,0.998606
ຄືແຊ໌ຮບໍໄດ້ນະເຈົ້າຊ່ວຍປັບປຸງການແຊ໌ຮລົງເຟສບຸ໊ກໄຫ້ໄດ້ດວ້ຍນະ.,1,1,0,0.94127744
ໃຊ້ໄດ້ດີແຮງແອັບນີ້,1,1,1,0.99960953
ຢາກດາວໂລດ,1,1,1,0.99903595
ແອບບ້າອີຫຍັງໃສ່ເບີຮງບຮ້ອຍແລ້ວເຂົ້າໄປລົງທະບງນເບີພັດວ່າເດັ້ງອອກເອງຕະຫລອດຄັນຊິໄດ້ສໍານີ້ກະຢ່າສູ້ເຮັດສາລໍາຄານ.,0,0,0,0.9997367
ສາວມົ້ງມົວ,1,1,1,0.996503
ດີໆຄັບ,1,1,1,0.99963164
ເປັນແອບທີ່ສົ້ນຕີນແຕກຍັງດີກ່ອນ,0,0,0,0.9982003
ດີມາກໆເລຍ,1,1,1,0.9996118
ໂຄສະນາຫລາຍໂພດ ກູໂຫລດແລ້ວ,0,0,0,0.99970514
ຢາກຮູ້ວ່າເປັນຫັຍງຕ້ອງຈ່າຍຜ່ານແຕ່ທະນາຄານການຄ້າຖ້າຈ່າຍຜ່ານໄດ້ທຸກທະນາຄານຄຶຈະດີ,1,1,1,0.9977437
ຂ ວາ ຂ,1,1,1,0.9930962
ຢາກໃຫ້0ດາວແຕ່ໃຫ້ບໍ່ໄດ້ ປັບປຸງແນ່ເດີເຈົ້າ ເຂົ້າແອັບ ແລ້ວໃສ່ເບີໂທ ກົດຂໍລະຫັດ ແລ້ວແອັບເດັ້ງອອກ ຕະຫລອດ ລົບໂຫລດໃຫມ່ກໍ່ເປັນຄືເກົ່າ ຂ້ອຍໃຊ້ ໂທລະສັບ realme x2 android 11,0,0,0,0.9989434
ເຮັດຈັ່ງໃດກະລົງບໍ່ໄດ້ ລະບົບເຫ້ຍຍັງສິຂໍດາວອີກໃຫ້ຊະດາວຫນຶ່ງຄັ້ນບໍ່ໃຫ້ກູກະຄອມເມັ້ນບໍ່ໄດ້,0,0,0,0.9997131
ໃຊ້ໄດ້ແຕ່ເລືອກທລສ,1,1,1,0.9983707
ລະບົບມັກລັອກບັນຊີໄວ້ຄວນປັບປຸງຈຸດນີ້,0,0,0,0.999049
ບໍ່ຜ່ານເດີ້ແຍ່ແຮງເພງສຕໍຣີ່ຫາຍໄປແກ້ໄຂໃຫ້ແນ່ເດີ້,0,0,0,0.99917525
ປະຈໍາວັນ,1,1,1,0.99727964
ມັນບໍ່ສາມາດສົ່ງກຸ່ມໄດ້ມີບັນຫາ,0,0,0,0.9989434
ແອັບນີເປັນແອັບທີ່ດີສໍາລັບຂ້ອຍ,1,1,1,0.99922967
ຕູ້ຍລະວັນ,1,1,1,0.9964551
ກາກເກີນເຊື່ອມຕໍ່ບັນຊີບໍ່ໄດ້ໂຄດກາກສ້າງມາເພື່ອຖ້າເຊື່ອມໄດ້ມື້ໃດຂ້ອຍຈັງໂຫດຝາກໄວໃຫ້,0,0,0,0.99963737
ພ້ນ,1,1,1,0.9953904
ຈັກເປັນອີ່ຫຍັງກະບໍ່ຮຸ້ ໃສ່ລະຫັດໄປຮ້ອຍເທື່ອກະຍັງຢູ່ແຕ່ຫນ້າລົງທະບຽນຢຸ,0,0,0,0.9997017
ອັບເດດແລ້ວຮ້າຍກວ່າຕອນບໍ່ອັບເດດຊ່ໍາແບບນີ້ອັບເດດເພື່ອ ?,0,0,0,0.99964714
ນາງສີຄໍາ,1,1,1,0.9982039
ມັກເຟດ,1,1,1,0.99954176
ເປັນຫຍັງເວລາເຮົາແຊຮມັນລະເດັງອອກປັບປຸງໄຫ້ແນ່,0,0,0,0.998662
ຕຸມ.ຕີບ,1,1,1,0.99394965
ແອັບໃຊ້ງານຊ້າ ກົດພິມຫຍັງກະບໍ່ຂຶ້ນໃຫ້ ພິມໄປແລ້ວເວລາກັບໄປຫນ້າແອັບອື່ນ ມັນໃຫ້ເລີ່ມຕົ້ນໃຫມ່ ປັບປຸງແດ່,0,0,0,0.99975747
ຕິດຕາມມາໃຊ້ລະຄືບໍ່ເຫັນໄດ້ເງິນກາຕ້າ.ຫລອກກູແລ້ວແມ່ມຶງເອີຍ,0,0,0,0.9989617
ຫຼີ້ນຊ້າ,0,0,0,0.9926542
ຕ້ອງອັບເດດ,1,1,0,0.8199654
ດີລາສ,1,1,1,0.9996244
ຂ້ອຍມັກຫລ້າຍ,1,1,1,0.99947566
ລົງທະບຽນເບີບໍ່ໄດ້ ຄືຍາກແທ້,0,0,0,0.99956864
ເຂົ້າແອບບໍ່ໄດ້ໃຫ້1ດາວກອນ,0,0,0,0.9995915
ຕັ້ງແອບຍາກໂພດ,0,0,0,0.99968743
ເປັນແອບທີ່ດີຫລາຍສຸດຍອດເລີຍສະດວກງ່າຍບໍ່ຫຍຸ້ງຢາກອິກ,1,1,1,0.9995372
ອາທິດວລະສານ,1,1,1,0.99762183
ເຂົ້າຍາກແທ້,0,0,0,0.99932015
ກະດີຢູ່.,1,1,1,0.999608
ມັກຕອບ ຄໍາຖາມ,1,1,1,0.9992549
ດີໃຈທີ່ໄດ້ຮັບຮູ້ຜົນງານຈາກແອບນີ້,1,1,1,0.9995883
ລົງທະບຽນບໍ່ໄດ້ ພັດທະນາແນ່ເດີ,0,0,0,0.9995345
ຍັງບ່ທັນເລ້າເທີອ,1,1,1,0.9943251
ສົມສິ,1,1,1,0.999071
ແອັບທີ່ປະເທດລາວ ສໍາລັບເຮົາແມ່ນ ເຮົາມັກຫຼາຍ .,1,1,1,0.9993563
ເຕີມບັດກະບໍ່ໄດ້ ແກ້ໄຂ້ແດ່,0,0,0,0.99966
ແອັບສົນຕີ້ນ,0,0,0,0.9966299
ດິທີ່ສຸດ,1,1,1,0.99608517
ມາດົນໂພດ,0,0,0,0.9982759
ລົງທະບຽນກະບໍ່ໄດ້ເຮັດເພື່ອຍັງ,0,0,0,0.99973875
ເຂົ້າບໍ່ໄດ້ໂຄດເຮຍ,0,0,0,0.99964654
ດີມາໆໆ,1,1,1,0.99961853
ຂ້ອຍມັກນໍາໃຊ້ whatsappເພາະເປັນການສື່ສານທີ່ດີຫລາຍວ່ອງໄວ,1,1,1,0.9994837
ລໄປຢູ່ບໍາຸູດອອກ,0,0,0,0.9960238
ຮພຮດາ່ສຍເສະາແ,1,1,1,0.98478174
ໃຊ້ດີມັກຫລາຍໆ,1,1,1,0.99963665
ງາມຫຼາຍມັກຊົງເດີ,1,1,1,0.9995819
ໂຄດບໍ່ດີເລີຍຫຼີ້ນກະບໍ່ໄດ້ດຽວຫຼີ້ນໄດ້ດຽວຄ້າງ,0,0,0,0.9997367
ຊຊໍພກຍ ບ,0,0,1,0.97869223
ເອີ້ນເປັນຊົ່ວໂມງກາບໍ່ໄດ້,0,0,0,0.9992606
ຄິດວ່າຮັກ,1,1,1,0.999554
ແຊັດຟີຣໃດ້ນະ,1,1,1,0.9993475
ສະດວກສະບາຍວ່ອງໄວໃນການໃຊ້ບໍລິການ ດີຫຼາຍ,1,1,1,0.99962366
ຢູ່ໄນແອບນີ້ລະຄັກ,1,1,1,0.99877447
ດີຫລາຍທີ່ໄຊບໍລິການແອບນີ້,1,1,1,0.99962366
ລົງທະບຽນໄດ້ຫລືບໍ່ໄດ້ກະບໍ່ບອກ.ຄືຊີບໍ່ໄດ້ດອກພີ່ນ້ອງເອີຍ,0,0,0,0.99960333
ມັນດີຫລາຍໄດ້ເນັດຟີອີກ,1,1,1,0.99959713
ເປັນຫຍັງ ຢູ່ຊື່ໆກະແອັດໄປເອງ ເຊົາໆໆໆ,0,0,0,0.99877685
ຂໍເທື່ອ1ອີ່ນ,1,1,1,0.9974241
ດິດິດິ,1,1,1,0.99687636
ຊິວິດຂໍໄຫ້ພົບສິງດີໆ,1,1,1,0.99951684
ກັດ,1,1,1,0.99184376
ຂ້ອຍແມ່ນຄົນລາວໃສຊັນຊາດລາວ,1,1,1,0.99843913
bcel one ສຸດຍອດທີ່ສຸດ,1,1,1,0.9983802
ຫລີ້ນຫຍາກຈະຕາຍ,0,0,0,0.9988463
ໃຫ5ເລີຍນະ,1,1,1,0.9986853
ມັກເດັ້ງ ຄ້າງ,1,1,1,0.9990656
ໂສກດີປີໃຫມ່,1,1,1,0.9994917
ມັກເດີ,1,1,1,0.9996178
ເກມງູ,1,1,1,0.99727964
ປິດສາຖ້າເຂົ້າລະເລ້ງນ່ະບໍ່ລົງດອກຊຶ້ເບີໃຫມ່ຍັງດີກວ່າ,0,0,0,0.9987405
ຂໍບໍກິນເງິນໄດ້ບໍ,1,1,1,0.9967333
ບໍ່ແມ່ນວ່າຂ້ອຍຕິເດີ່ລົງທະບຽນຮັນກະຍາກໂພດຄັນຢາກໄຫ້ຄົນໄຊ້ຫລາຍກ່ອນນີ້ກະເຮັດແບບຢູນີເທ່ວແດ່ເດີ່ລົງທະບຽນໄຫ້ງ່າຍຫນ້ອຍຫນື່ງແດ່ອັນນີ້ຖ່າຍກະຈັບສໍາມະໂນຄົວຄັນມົວຫນ້ອຍຫນື່ງກະບໍ່ໄດ້,0,0,0,0.99961853
ດີເດີອັນນີ້ໂທຄຸຍກັບຜູ້ບ່າວແຊັດກັບຜູ້ບ່າວໄດ້ນໍາດີໆ,1,1,1,0.99958354
ເຊີນມູໃຊ້ບໍໄດ້,0,0,0,0.9987625
ຄືວ່າມັນອັບເດດທຸກມື້ແທ້,0,0,0,0.99918956
"ສະດວກ,ວ່ອງໄວ,ທັນໃຈ,ທັນໂລກ. ຂອບໃຈ",1,1,1,0.9995956
ຈິງຈິງ,1,1,1,0.9993255
ບໍ່ເຂົ້າໃຈຄືໄດ້ອັບເດດຕະຫລອດ,0,0,0,0.9985952
ດີໄຊ້ໄດ້ແລະມີປະໂຫ່ຍດຫລ່າຍ,1,1,1,0.99957615
ໄມ ຈົງ,1,1,1,0.9968149
ອັນດັບ1ຂອງໂລກກໂຊຊຽວລະແລະ,1,1,1,0.9931629
ດີເຍື່ອມ,1,1,1,0.99961627
ແອ໊ປຄືສົ້ນຕີນນິຍັງເອົາມາຂາຍ,0,0,0,0.99887305
ຢາກໃຫ້ສ້າງໂປຣແກມລົງທະບຽນໃຊ້ສະກຸນເງີນusdໂດຍຕົວເອງ,1,1,1,0.9956091
ຊ່ວງໂຄວິດແບບນີ້ຢູ່ບ້ານກໍ່ສາມາດຊື້ເລກໄດ້ ຢ່າລືມໃສ່ລະຫັດ 93307589ເດີ້,1,1,1,0.99793327
ການຄົນຫາສະຖານທີແຊັດຕໍ່ກັນ ບອນຢູ່ຂອ້ງເພືອນລິນແອັບນໍາກັນ,1,1,1,0.9985923
ໃຊ້ດີມາກນີ້,1,1,1,0.99962294
ປະສົບການບໍ່ທັນມີ,1,1,1,0.99922967
ລົບຂອ້ງບໍ່ທືກ,1,1,0,0.7704648
ດີຄ່ະ,1,1,1,0.9996345
ໃຊ້ຈິງສະດວກສະບາຍໃຫ້10,1,1,1,0.9996388
ຂໍໃຫ້ຖືກ400ລ້ານແດ່,1,1,1,0.99924314
ຍາກຄົບແມ່ຮ້າງ,1,1,1,0.9929061
ຂໍໃຫ້ນ້ໍາໃຊ້ໄດ້ຢ່າງປົກກະຕິແດ່ເດີກັບແອັບອັນນີ້,1,1,1,0.9992848
ສຸດ ຍອດ,1,1,1,0.99959713
ເຂົ້າລະບົບຄືຍາກແທ້ທັງທີຮູ້ອີເມວຮູ້ລະຫັດຍັງຕ້ອງຕ້ອງຄ່ານັ້ນນີ້,0,0,0,0.9995005
ດີດີດີດີດີດີ,1,1,1,0.99962294
ເອັປຄວາຍໃຊ້ຫຍັງບໍໄດ້ ຢ່າໂຫລດເດິ ລົງທະບຽນເບີຄວາຍ ບໍເຫັນຊິສົ່ງລະຫັດມາ,0,0,0,0.99962735
ສະດວກໃນການໃຊ້ເງີ່ນແບບງ່າຍໆ ລື່ຟັງເພງຕ່າງໆ,1,1,1,0.999577
ມັກຫລາຍໃຊ້ງ່າຍສະດວກວອ່ງໄວ,1,1,1,0.999608
"ການບໍລິການຍັງບໍ່ດີພໍ, ການສະມັກຫລັງຈາກຖ່າຍພາບໃບຫນ້າແລ້ວ. ລໍຖ້າເປັນຊົ່ວໂມງແຕ່ກໍບໍ່ຜ່ານ. ມັນແມ່ນຫຍັງແດ່ເຫດຜົນທີ່ບອກວ່າກະລຸນາລໍຖ້າ.",0,0,0,0.99844813
ຕອງ້ການຄົນຈິງໄຈ ໄນຊີວິດ,1,1,1,0.99894744
ຄືບໍ່ໄດ້ດາຕ້ານໍາເຂົາກົດຫຍັງກະບໍ່ໄດ້ແກ້ໄຂໃຫ້ແນ່ເດີ້,0,0,0,0.999539
ສະດວກສະບາຍຫາຍ,1,1,1,0.9996561
ໄວກວ່າເກົ່າ ໃຊ້ງ່າຍກວ່າເກົ່າ,1,1,1,0.993346
ດີຫລາຍ ຊ່ວຍແຈກເນັດແນ່ ແລກໆຄືໄດ້ດີແທ້ ດຽວນິຫລິນທຸກມື້ກະຍັງບໍ່ໄດ້,1,1,1,0.9995435
ໂຫລດຂໍ້ມູນຊ້າໂພດ,0,0,0,0.9996381
ຄໍາພອນ,1,1,1,0.99941385
ວັນທີ30 5 2025ເຂົ້າບໍ່ໄດ້,0,0,0,0.9991239
ຄໍາຮັກ,1,1,1,0.9996215
ນັກສະເກ,1,1,1,0.9979691
ດີແຮງຢາກກິນຫຍັງກໍສັ່ງເອົາ,1,1,1,0.99926347
ໃຊ້ດີແຕ່ດຽວນີ້ເງິນບໍ່ເຂົ້າແຕ່ຂໍ້ຄວາມເຂົ້າມັນເປັນຫຍັງ?,1,1,1,0.9957848
ສົ່ງຂໍ້ຄວາມສຽງບໍ່ໄດ້ຍິນ,0,0,0,0.9995883
ເລ່ນໃດ້ ເກືອບ5 ປີແລ້ວຈຮາ,1,1,1,0.99361163
ໃຊ້ງານດີແຕ່ໃຫ້ອັບເດດ ຕະຫລອດ,1,1,1,0.99945575
ດີຫລາຍແອປ໌ນີ້,1,1,1,0.99963164
ຖືກດາຕ້າຕະຫຼອດ,1,1,1,0.9125142
login ແລ້ວໃຊ້ເວລາໂຫຼດຫນ້າຫຼັກດົນໂພດ. ຄວນປັບປຸງ,0,0,0,0.9994887
ດີໆ.ດີທີ່ດີ,1,1,1,0.99964166
ຄືໂລດຊ້າແທ້ໆ,0,0,0,0.999129
ບໍ່ສົ່ງotp ໃຫ້ ບໍ່ໄດ້ເລື້ອງເລີຍ ປິດຊະແອັບແບບນີ້,0,0,0,0.9992387
ຖືກເລກໄດ້ເງິນໄວດີເຈົ້າ ຢ່າລືມໃສ່ລະຫັດແນະນໍາ 77970704 ນີ້ເພື່ອຮັບເງິນ ຄືນເດີ່ເຈົ້າ,1,1,1,0.99896574
ແຊບໍ່ໄດ້ ແກ້ໄຂແນ່ ຖ້າຍັງບໍ່ແກ້ໄຂຈະບໍ່ໃຊ້ແອັບນີ້ແລ້ວ,0,0,0,0.9993345
ໃຊ້ລາວແອບ ນີ້ມີປະໂຫຍດຫລາຍທຸກໆຄົນພາຫມູ່ຄູ່ມາໃຊ້ກັນຫລາຍໆເດີ ໃຊ້ແອບນີ້ສຸດຄຸ້ມ.ດີແທ້ແນ່ນອນ,1,1,1,0.99949074
ພອນຂຽນລາວລາວ,1,1,1,0.9996309
ໄດ້ໃສ່ເບີໂທ ຕັ້ງລະຫັດໃຫມ່ທຸກຄັ້ງ,0,0,0,0.9971661
ໄວ. ງ່າຍດີບໍ່ຫຍຸ້ງຍາກແຕ່ອາຫານຍັງບໍ່ຫລາຍເຍື່ອງ,1,1,1,0.9994611
ອັບເດດໃຫມ່ໃຊ້ງານບໍ່ດີ,0,0,0,0.9996338
ຊ້ານີ້ພໍ.ລາວແອບໃຊ້ບໍ່ດີປານໃດ,0,0,0,0.99909425
ຊ່ອຍການຈາກຄວາມທຸກຍາກຂອງບາວສາວນ້ອຍທີ່ບໍ່ຊາ່ງຫາເງີນ,1,1,1,0.99920374
ຂອ້ຍມັກແຮງເຟສ,1,1,1,0.99877924
ຮັກສາໃຫ້ຢ່າງດີຕໍ່facebook,1,1,1,0.9995479
"ໄຊ້ດີມາດ,",1,1,1,0.9995609
hvທ່,1,1,1,0.9961306
ນຸຍ,1,1,1,0.99341017
ໂພໄຊ,1,1,1,0.99628556
ດີອີຫລີ ມະລ໊ອງກ໊ອງແກ໊ງມະນອງມະແນງມັບ,1,1,1,0.99933845
ໄດ້ຮູ້ຈັກຫມູ່ຫລາຍໆຄົນ,1,1,1,0.9992649
ຂ້ອຍບໍມີຄວາມຮູ້ປະສົບການ້ອຍບໍຂໍເວົ້າເດີຂອບໄຈ,1,1,1,0.99821436
ຕິດບໍ່ໄດ້,0,0,0,0.9989034
ໄຊ້ງ່າຍວະດວກດີ,1,1,1,0.99957615
ນນນາ,1,1,1,0.9960699
ສຸກຍອດ,1,1,1,0.9996686
ສົມພານ,1,1,1,0.9985191
ສັນຍານກະດີແຕ່ເຂົ້າບໍ່ໃດ້ປັບປຸງແນ່ຄັນແອັບຍັງມີຕົວຕົນຫ່ວຍແຕກ,0,0,0,0.9994887
ໃຊໄດ້ດີຫລາຍ,1,1,1,0.9996252
ດີຫຼາຍໃຊ້ງານກໍໄດ້ດີ,1,1,1,0.9996388
ມັນບໍ່ມີບ່ອນຄົ້ນຫາ,1,1,0,0.9970073
ມັນດີອີ່ຫຼີ,1,1,1,0.99961025
ໄດ້ຫຼາຍແອັບ,1,1,1,0.99922216
ແອັບກະກາກໂພດເຕີມເງິນກະບໍ່ໄດ້ບອກຜຶດນັ້ນຜຶດນີ້ຢູ່ໂອນເງິນກະບໍ່ອອກອີກ,0,0,0,0.9997584
ເສຍເງິນຕະຫຼອດຫຼິມເກມກະຍາກຫໂຫຼດຫັນໂຫຼດນີຢູ່ຕອນສະຫນັກໃຫນໆຫຼິນໂຄດງາ່ຍເລີຍບໍ່ເຂົ້າໄຈເວບໃຫ່ຍວ່າຊັ້ນເດະ,0,0,0,0.99958104
ຂອບໃຈທີ່ສ້າງແອັບດີໆໄຫ້ໄຊ້,1,1,1,0.9994493
ຮັກດຽວໄຈດຽວ,1,1,1,0.99939287
ກະລຸນາປັບປຸງແດ່ເດີ້,0,0,1,0.966028
ຖືວ່າດີຫລາຍ,1,1,1,0.99960023
ແອັບໃຊ້ດີມາກ,1,1,1,0.99957114
ດີ.ໆເຫັນເພື່ອນຫລາຍໆຄົນກັບຄວາມລູກມາກມາຍ,1,1,1,0.99956685
ເຂົ້າແອັບກະບໍ່ໄດ້ເດັ້ງອອກຢູ່,0,0,0,0.99972624
ໂອນເງີນບໍ່ໄດ້ແກ້ໄຂໃຫ້ດ້ວຍ,0,0,0,0.99892455
ຕ້ອງການເຂົ້າທີສຸດ,1,1,1,0.9989371
ສະດວກໃນການໃຊ້ປະຈໍາວັນບໍ່ຫຍຸ້ງຍາກປະກອບເອກສານວອ່ງໄວທັນສະໄຫມ່,1,1,1,0.99955755
ບໍ່ຕ້ອງລົບ ລົບ,1,1,1,0.8589554
ປະທັບໃຈແຮງຫລາຍເຈົ້າ,1,1,1,0.99895763
ມິນສິນເຈິງ,1,1,1,0.99793327
ສຸດປະທັບໃຈ,1,1,1,0.99961627
ແອບjdbປ່ຽນຮູບບໍ່ໄດ້,0,0,0,0.9994622
ຮ້ກນອ້ຍໆແຕ່ຮັກນານໆ,1,1,1,0.997537
ໂຫລດມາກະຕັ້ງຫຍັງບໍ່ໄດ້ເຂ້າໃຊ້ງານບໍ່ໄດ້ຊໍ້າເສີຍເງິນໂຫລດມາຊື່ໆ,0,0,0,0.99972945
ແອບນີ້ມັກໄຊ້ທີ່ເພາະໄຊ້ງ່າຍພາບດີ,1,1,1,0.999554
ຮຍາອກິນສອຫ,1,1,1,0.9913054
ຢູ່ກັບຄ ຄສູ້ເຜືອລຸກ,1,1,1,0.99687636
"ປະສົບການຫລີ້ນໂທລະສັບ3ປີface book, whats ap",1,1,1,0.99802387
ດູດີຂື້ນຈີງໆ,1,1,1,0.9996125
ກວດສອບແດ່ເຂົ້າບໍ່ໄດ້,0,0,0,0.9993175
ໃຊ້ງານຍາກ ໂຫຼດຊ້າ ເຂົ້າໃຈຍາກ ເປັນງົງໆ .,0,0,0,0.99923575
ແອັບໃຊ້ງ່າຍ ສະດວກສະບາຍ,1,1,1,0.999617
ໃດ້ຢູ່,1,1,1,0.99879575
ຕອນນີ້ຄືອັບເດດແລ້ວວ່າເວັບຊັ້ນເກົ່າພໍກົດຕົກລົງອອກຈາກລະບົບເລີຍງຶດ,0,0,0,0.9995695
ມີປັນຫາຕະຫລອດ,0,0,0,0.9992446
ລົງແນວໃດວະ ຍາກຕາຍແທະກົດເຂົ້າໃປລົງທະບຽນບໍ່ເຫັນຂື້ນຫ່າຫຍັງ,0,0,0,0.99977034
ສະນຸກມາຄັບ,1,1,1,0.9948902
ເອື້ອຍໂຈະ,1,1,1,0.9842457
ໃຊ້ສະດວກສະບາຍທັນໃຈມັກຫລາຍ,1,1,1,0.99964166
ປັບປຸງໃຫມ່ເດີຫວຍແຕກແອບແບບນີ້ບໍ່ຈະເລີນນໍາເຂົ້າຈັກເທື່ອແລະຖ້າຍັງເປັນແບບນີ້,0,0,0,0.99972945
ມີຄວາມສະດວກສະບາຍ,1,1,1,0.99965405
ດີທີ່ສຸດພູມໃຈຫລາຍທີ່ມີແອັບນີ້,1,1,1,0.9996222
ປະສົບການຍັງບໍ່ທັນສູງເທົ່າທີ່ຄວນ,1,1,1,0.9990638
ໄມ້ວືອື,1,1,1,0.9827572
ແອັບຯນີ້ແມ່ນໃຊ້ກ່ຽວກັບບັນຊີທະນາຄານການຄ້າ ໃນລະບົບ ມືຖື samsung,1,1,1,0.99379504
ດີຫລາຍສະດວກແລະປອດໃພລົດກະມີຫລາຍບໍ່ຕ້ອງຖ້າດົນ,1,1,1,0.9996049
ຕິດຕາມແນ່,1,1,1,0.9982317
ການໃຊ້ວັນທີພັດທະນານີ້ແລ້ວບ້ານມີແລ້ວ,1,1,1,0.99849594
ອັບເດດໃຫ່ມຄືບໍ່ມີບ່ອນເອົາດາຕ້າແກ້ໄຂແນ່ເດີ,0,0,0,0.99921453
ແກ້ໄຂດ່ວນເຂົ້າແອັບບໍ່ໄດ້,0,0,0,0.9992489
ສະດວກແລະເຫນາະກັບຄົນທີ່ບໍ່ສາມາດອອກໄປຊື້ເອງ,1,1,1,0.99958104
ດີຂະນາດເລີຍ,1,1,1,0.99963593
ມຸຍສົມພອນ,1,1,1,0.99805814
ສໍາລັບໃຜເຂົ້າຫນ້າແອັບບໍ່ໄດ້ແມ່ນລົບແອັບແລ້ວດາວໂຫລດໃຫມ່ ເຂົ້າສູ່ລະບົບໃຫມ່,1,1,0,0.9987281
ແກ້ໄຂແດ່ເດີ້ ແອັບນິ ພໍເຂົ້າລະຫັດກາເດັ້ງອອກ ຄືເກົ່າ ບໍ່ເຫັນໃຊ້ງານໃດ້ຊ້ໍາ ປ່ອນລະຫັດປ່ອນແລ້ວປ່ອນອີກກາຍັງບໍ່ໃດ້,0,0,0,0.99965405
ນິດດາວອນ,1,1,1,0.99608517
ທ.ມູໄຊ ຄອນສະຫວັນ,1,1,1,0.9988883
ຂ້ອຍມັກຈະເປັນໄປໄດ້ເພື່ອໃຫ້ໄດ້ຮັບຜົນດີຕໍ່ການຕ້ອນຮັບຈາກທັງຫມົດສໍາລັບການໃຊ້ເວລາ,1,1,1,0.9995345
ຕອນນີ້ຂັດຂອ້ງ,1,1,0,0.9975466
ແກ້ວລາວລີ,1,1,1,0.9993462
ໄວ້ໃຈແດ່,1,1,1,0.999529
ຢາກໃຫ້ປັບປຸ່ງໂພດຂອງເພື່ອນອັດໂຕມັດຕິກ,1,1,1,0.992349
ຊາຍນ້ອຍສາລີວັນນະລາໃນ messenger,1,1,1,0.99835473
ນໍາ້ຖວ້ມຕະລາດສາລະວັນ,1,1,1,0.99687636
ເຄີຍມີຄວາມເຫັນວ່າດີ,1,1,1,0.9994504
ແອັບກະຈອກ,0,0,0,0.999332
ແອປດີມາກ,1,1,1,0.9988796
ໃຫ້ອັບເດດຕະຫລອດ ລໍາຄານນນ,0,0,0,0.99883276
1. ຄົນຂັບມັກແຊ່ເລນຊ້າຍ ແລະ ໃຊ້ມືຖືຂະນະຂັບ 2. ລະບົບຍັງຫລ້າຊ້າຫລາຍໃນເລື່ອງໂປຣແກມແຜນທີ່ 3. ຍັງກະຈາຍໄດ້ບໍ່ທົ່ວເຖິງ,0,0,0,0.9987056
ສັນໄຫ້,1,1,1,0.999572
ແອັບດຽວນີ້ໃຊ້ງານບໍ່ໄດ້ເລີຍ ຫມຸນເປັນຊົ່ວໂມງຍັງບໍ່ມີຫຍັງເກີດຂື້ນເລີຍ ແກ້ໄຂດ່ວນ,0,0,0,0.99961334
ບໍ່ມີການແຈ້ງເຕືອນຄົນໂທເຂົ້າກະບໍ່ແຈ້ງເຕືອນຄັນບໍ່ເຂົ້າເບີ່ງແມ່ນບໍ່ຮູ້ແທ້ວ່າໃຜໂທຫຼືແຊັດມາ,0,0,0,0.99936
ຄ່ອຍໃຊ້ໄປກ່ອນນະ,1,1,1,0.97800976
ໄຫ້5,1,1,1,0.99837697
ປ່ຽນລະຫັຍາກ,0,0,0,0.9989183
ກາກແຮງເດີ ເຂົ້າຫຍັງກະເຂົ້າບໍ່ໄດ້,0,0,0,0.9996886
ເສີດສາຍເລາະ,1,1,1,0.9995939
ດີຫຼາຍມັກຫຼາຍ,1,1,1,0.9996587
ຄັກ555,1,1,1,0.99951315
ໃສດີເດັ່ນໃນການປະຢັດອິນເຕີເນັດ . sak da .,1,1,1,0.999566
ໄດ້ຈິ່ງ,1,1,1,0.9995635
ຊ້າຫລາຍແຮງອັບເດດແຮງຊ້າ,0,0,0,0.9997428
ຂວັນເຮື້ນງວິລາ,1,1,1,0.995858
ໄອດໍ,1,1,1,0.9906961
ແອບນີ້ສຸດຍອດເລີຍຂໍໃຫ້ສົ່ງດາຕ້າມາຕະຫຼອດເດີແລ້ວຊິໃຫ້ອີກດາວ,1,1,1,0.99762183
ເປັນຫຍັງຄືເດັ້ງອອກຕະຫລອດ,0,0,0,0.9990396
ບາງເທື່ອກະຂຶ້ນຄືບໍ່ມີເນັດທັງທີ່ສັນຍານກະປົກກະຕິ ຫມຸນສິເປັນຊົ່ວໂມງກະຍັງຈິເຂົ້າບໍ່ໄດ້,0,0,0,0.99942183
ດີຂັບ,1,1,1,0.99966073
ຖືໄຈ,1,1,1,0.9993345
ໃນໃຈສະເຫມີ,1,1,1,0.99944717
ເຂົ້າໄປລົງທະບຽນບໍ່ໄດ້ຈັກເທື່ອເດັ້ງອອກຕະຫຼອດ,0,0,0,0.99978095
ມຸດອາຍຸ,1,1,1,0.99723166
ຂ້ອຍມັກແຝນສບຸກນີ້ ເພື່ອທຸກຄົນທີ່ມັກ,1,1,1,0.9994887
ແອັບນີ້ໃຊ້ແລ້ວດີຫຼາຍ,1,1,1,0.9995859
ມັນແມ່ນແນວໄດເຟສບຸກນິມຶ່ງຊິປິດບັນຊີກູເພື່ອຫຍັງກູມີຂໍ້ມູນຢູ່ຫັ້ນຫລາຍຢ່າງກູມີແນວສໍາຄັນຕ້ອງໄຊ້ສູຊິແກ້ໄຂ້ລະແກ້ໄຂເດີ,0,0,0,0.9985134
ຝົນເດືອນຫ້າ ເພັງ,1,1,1,0.9964134
ປະສົບການບໍ່ ມີຮູ້ແຕ່ເບີ່ງ,1,1,1,0.9989371
ໂຄ້ດດີ ຖ້າບໍ່ອັບເດດແອປ ແຮງຊິດີ,1,1,1,0.9976357
ທຸກໆເວລາ,1,1,1,0.9980544
ມີຄວາມສໍາຄັນຫລາຍໃຊ້ໃນຊີວີດປະຈໍາວັນ,1,1,1,0.9994241
ໂຫລດໄວໆ,1,1,1,0.7129822
ໄຫ້ຫຼາຍໆແນ່ເນັດນ່ະຍາກັດຫຼາຍ,1,1,0,0.8819712
ຕັ້ງແຕ່ອັບເດດມາ ມີແຕ່ແນວຊ້າ ແນວໃຊ້ງານບໍ່ໄດ້ ເຕັ້ມໄປຫມົດ,0,0,0,0.9996215
ຕາມສະບາຍ,1,1,1,0.9996506
ດີຫລາຍແທ້,1,1,1,0.9996574
ໂຄດກາກເຈົ້າກະຫຍາກ,0,0,0,0.9996295
ໃຊ້ດີບໍ່ມີຂັດຂ້ອງ,1,1,1,0.99957854
ຂ້ອຍຢາກໃຊ້ແອັບນີ້,1,1,1,0.9991736
ເບຍລາວ ເປະ ອາ,1,1,1,0.9756467
ເບີ່ງບໍ່ໄດ້ ໂຄດກາກກ,0,0,0,0.9996699
ພົງສະຫວັນສະພັນທະວົງລາວແອບ,1,1,1,0.9988098
ແມ໋ຕູ,1,1,1,0.99678373
ຢາກປອມໄພ,1,1,1,0.9995703
ດີຫລາຍ.ມ່ະຫະສ່ະຈັນສັງຄົງຍູ່ໃສກະເວ້ານໍາກັນສບາຍໆໃຫ້ໄປເຕັມໆ,1,1,1,0.9994947
ຄືເຂົ້າບໍ່ໄດ້,0,0,0,0.9991721
ທະນາຄານການຄ້າໂອນເຂົ້າບໍ່ໄດ້.,0,0,0,0.9990169
ມັນຂີ້ຮ້າຍກວ່າເກົ່າແທ້,0,0,0,0.9991272
ດາວໂຫລດເພື່ອຕິດຕັ້ງໄດ້ແຕ່ເປີດບໍ່ໄດ້,0,0,0,0.9990396
ຜູ້ຕິດຕາມ,1,1,1,0.99324185
ດີແລ້ວພໍໃຈ,1,1,1,0.99966395
ດີມາກໆສະບາຍໃຈ,1,1,1,0.9996309
ສະບາຍດີລະບົບທາງທະນາຄານຫລຶລະບົບໂປຮແກຼມເລືອກໂທລະສັບໃນການໂຫລດແອັບມາໃຊ້ບໍ່ຕອນນິໂທລະສັບຂອງຂ້ອຍລະບົບລົ້ມໄປຫມົດເຂົ້າແອັບກະບໍ່ໄດ້,0,0,1,0.8372211
ເຂດທາດຫຼວງແລະເຂດປະຕູໄຊນິ ເອີ້ນລົດຍາກເປັນພິເສດເດີ້ ໂດຍສະເພາະເຂດທາດຫຼວງນິເອີ້ນລົດເປັນຊົ່ວໂມງກວ່າຊິມາ ສ່ວນເຂດປະຕູໄຊກາບອກຈຸດຄົນຢູ່ຜິດອີກ ຢາກຈະໃຫ້ປັບປຸງເລື່ອງເອີ້ນລົດເປັນພິເສດນິ ເອີ້ນເທື່ອໃດ ລະພັດວ່າເປັນຊົ່ວໂມງກວ່າຈະໄດ້ລົດ.,0,0,0,0.9991573
ຍັງກາກຫຼາຍ,0,0,0,0.9989141
ສັ່ງຕັ້ງແຕ່5ໂມງຈົນ7ໂມງລະຍັງບໍ່ມາປານີ້ສັ່ງທຸກເທື່ອຊ້າທຸກເທື່ອ,0,0,0,0.99953353
ເປັນການຊື່ສານທີ່ດີ ເກັບຄວາມລັບໄດ້ດີ ແຊັດກັບຫມູ່ເພື່ອນ ຢູ່ເຟດສດີຫລາຍ,1,1,1,0.99959
ອັບເດດໄວແດ່ອາຫລົງຟ້າວຈິ,0,0,0,0.9980544
ນາງດາວັນ ປັຍາແກ້ວ,1,1,1,0.99719363
ລົງທະບຽນໄດ້ເທື່ອດຽວແກ້ໄຂດ່ວນ,0,0,0,0.99926645
ແອບກາກຫຼາຍເຂົ້າກະບໍ່ໄດ້,0,0,0,0.99970055
ເປັນປະສົບການທີ່ດີ ເລື່ອງອຸບປະສັກຕ່າງໆຂອງຊີວິດທີ່ຜ່ານມາ.,1,1,1,0.9995426
ຄືບໍ່ມີບ່ອນຟັງເພງຮ່ວມກັນນະເຮັດຈັ່ງໃດ,0,0,0,0.9872528
ປະສົບການທຸກຢ່າງກໍາລັງຮຽນຮູ້,1,1,1,0.9995141
ມວນຄັກແລະໃດດາຕ້າຟີ ງາຍແຄ້ດາວໂຫຼດແອບນີມາເທົ້ານັ້ນໂຫຼດເລີຍທຸກຄົນ,1,1,1,0.9859904
ດີໄວໆ,1,1,1,0.9996587
ທ້າວ.ສີບຸນເຮືອງ ເຫິນສີຫາວົງ.ບ້ານສະຜ່າຍ,1,1,1,0.99674594
ເຄີຍຊັກວ່າມາກອ່ນ,1,1,1,0.9981541
ຮັກເຂົ້າ ເຈົ້າໃຈບ,1,1,1,0.9995753
ໃຫ້ອັບເດດແຕ່ບໍ່ຂື້ນໃຫ້ອັບ,0,0,0,0.9994673
ເປັນປົກກະຕິ,1,1,1,0.9992505
ຕິດຕັ້ງແລ້ວໄວໆແນ່,1,1,1,0.9970073
ສະດວກ,1,1,1,0.9996911
ຂໍໃຫ້ໄດ້ນໍາໃຊ້ແອັບໄດ້ຍາວນານອີກຕໍ່ໄປ,1,1,1,0.9993
ເຮຍ,1,1,1,0.9555271
ໃຊ້ບໍ່ໄດ້ເລື່ອງເຂົ້າລະດິ້ງອອກ,0,0,0,0.99890983
ອັບເດດຕະຫຼອດງົງ,0,0,0,0.9989454
ແອັບມີບັນຫາຕະຫລອດ ເຂົ້າຍາມໄຫລ ກະອັບເດດຍາມນັ້ນ ເວລາຈະໂອນເງີນໃສ່ເບີໂທກະຍາກເປັນແມ່ມັນອີຫຍັງ ແກ້ໄຂແນ່ ຄ,0,0,0,0.99964654
ລົງທະບຽນໃນແອບແລ້ວກະເຮັດຫຍັງບ່ອໄດ້,0,0,0,0.99937856
ຢາກໄຫ້ປັບປຸງດີກ່ວານີ້ນະເວລາເຂ້າໄປຫມູນຫມູນໄປຖືກຊອ້ງດາຕ້າແລ້ວກະຄ້າງເລີຍບໍໃດ້ຫັຍງແລະເບີງວີດີໂອບໍໃດ້,0,0,0,0.99850756
ອັບເດດແຜນທີໃຫມ່ແນ່ເກົ່າແຮງເອີນລົດກະບໍ່ມາ,0,0,0,0.9997527
ເປັນຫຍັງຄືເຕີມເງີນໃນແອັບຫລືໂອນເງີນໃນແອັບມັນບອກວ່າເບີບໍ່ຖືກຕ້ອງ ທັ່ງທີ່ເບີກະຖືກແລ້ວ,0,0,0,0.99942744
ຂ້າມພະເຈົ້າຂໍຂອບໃຈ,1,1,1,0.99958426
ສົງຂ່ຄວາມກ່ບ່ໄດ້ຂີ້ລ້າຍຕາຍແທ້,0,0,0,0.997813
ຄັກໆ,1,1,1,0.9992417
ແອັບເຂົ້າບໍ່ໄດ້,0,0,0,0.9995443
ລາຄາແຮ່ງເກີນໄປ,0,0,0,0.99844813
ຮາຮຍ່ອາສສ,1,1,1,0.99344844
ຕາຍສ່ະ ໃຊ້ງານບໍ່ໄດ້,0,0,0,0.99866724
ຫລີ້ນເກມບໍ່ໄດ້,0,0,0,0.99757034
ໃຊ້ງ່າຍແລະໄວ້ດີມັກຫລາຍ.ຊ,1,1,1,0.999617
ຢ່າໄດ້,1,1,1,0.99792516
ຂ້ອຍຜູ້ນືງທີອັບເດດແລ້ວແຕເຂົາບໍໃດ້ຈັກເປັນອີຫຍັງໄພເປັນນໍາແນ່ໂຄດແຍ່ເລີຍຖ້າໄພເຫັນເມັນນີ້ຢາເດິຢາອັບເດດເລີຍເດີດຽວມັນສິເຂົາບໍໃດ້ຄືຂ້ອຍຢາອັບເດດເລີຍເດີລິນແອບເກົ້າຫັນດີແລ້ວ,0,0,0,0.99936634
ສາທຸສາທຸສາທຸ,1,1,1,0.9905509
ມັກຫຼາຍວ່ອງໄວດີ,1,1,1,0.99962294
ໃຊ້ໄດ້ດີຂຶ້ນແລະເປັນປະໂຫຍດທີ່ດີເລີດ.,1,1,1,0.9996125
ພີມ,1,1,1,0.99485034
ເປັນເລື່ອງທີ່ດີຫຼາຍ,1,1,1,0.99962735
ສຸດຍອດແຕ່ຜົນເສຍຄືໄຜສົ່ງຫຍັງມາບໍ່ທັນເບິ່ງກະບັນທຶກເຂ້າໄນທລສລະ,1,1,1,0.9928231
ມັກທີ່ສຸດ.,1,1,1,0.99960953
ສຸຫນຸກດີ,1,1,1,0.9995915
ຮັກດ່ຽວ,1,1,1,0.9995778
ປັບປຸງຂໍ້ຄວາມສຽງແນ່ຈັກເປັນຫ່າພິສັງສຽງຄືຢາກຕາຍນິເວລາສົ່ງສຽງ,0,0,0,0.9994715
ເນັດຫຼັກ7ກາກຫຼາຍຫາຍຕະຫຼອດຄວນປັບປຸງແນ່,0,0,0,0.9994777
ເຂົ້າແອບບໍ່ໄດ້ແກ້ໄຂແດ່.ຢາກເລ່ນແລ້ວແກ້ໄຂດ່ວນ,0,0,0,0.99943966
ອັບເດດໃຫມ່ຄື່ເຂົາບໍ່ໄດ້,0,0,0,0.9993148
ອີ່ນ່າ,1,1,1,0.9975177
ຂາດບໍ່ໄດ້ບໍໄດຂາດແອັບນີ້ດີຫລາຍ,1,1,1,0.99937373
ນ້ອຍກິດລອຍໄຊ,1,1,1,0.99837387
ແອັບເກົ່າຫລີ້ນງ່າຍແຕ່ອັບເດດໄຫ່ມແຕ່ໃຊ້ແອັບບໍ່ຄືເກົ່າຢາກໄດ້ແອັບແບບເດີມດີກ່ວາ ອັບເດດໄຫ່ມເຊີນເພື່ອນກະຍາກຫລີ້ນກະຂັດໆຄາ,0,0,0,0.9995234
ແອັບພໍ່ແມ່ມື່ງຄິດອອກມານໍາໃສ່ຕີບໍ່ການແກ້.ຂອບຂຸ້ມແຕມີການອັບເດດເປື່ອງເນັດກູ້ລາ່ບັກພະລິດມື່ງສີຄວາຍແມ່ມື່ງຕາຍ,0,0,0,0.9992931
ຍີ ມຕຶຍ,1,1,1,0.9901972
ໃຊ້ບໍ່ໄດ້ປອນລະຫັດໃສລະເດັ່ງອອກ,0,0,0,0.99948066
ແອັບຂີ້ກະຕຶກໃຫ້1ດາວດີລະ ແອັບຮູຂີ້,0,0,0,0.99966264
ຂ້ອຍປ່ຽນໄປໄສ່ໂທລະສັບໄຫມ່ລະຂ້ອຍຫຼົງແຕະເຂົ້າໂຫມດກະເປົ່າແລ້ວອອກບໍໄດ້,0,0,0,0.9993411
ໃຊ້ດີສະດວກສະບາຍດີ,1,1,1,0.9996444
ໂຄງການນິບໍ່ມີຜົນເສຍຕໍ່ກັບຊີວິດok?,1,1,1,0.9765354
ເຕີມເງິນຫລັກ7ຍາກ18 3 024,0,0,0,0.99944395
ການສືກສາບໍມີ,1,1,1,0.99083894
ດີທີ່ມີແອັບນີ້ໃຊ້ສະດວກໂທກະງ່າຍ,1,1,1,0.9996049
ໄສ່ດີລາຍ,1,1,1,0.9995426
ຜູ້ ເຂົ້າ ຊົມ ທັງຫມົດ,1,1,1,0.98722816
ບໍ່ຫລີນເຟສ,1,1,1,0.9924666
ຫຼາຍສົມຄວນ,1,1,1,0.9967333
ເຂົ້າບໍ່ໄດ້ ເດັ້ງອອກຕະຫລອດຈົນເມື່ອຍ,0,0,0,0.9997367
ບໍລິການແຫ່ງຜົນສໍາເລັດ ສາມາດນໍາໃຊ້ໄດ້ສະດວກແລະ ວ່ອງໄວ ບໍ່ໍາເປັນຕ້ອງຖືກເງິນສົດຕິດໂຕ,1,1,1,0.99956685
ຕາມຄວາມຮູ້ຂອງຂ້ອຍ,1,1,1,0.99923575
ຍອດຍຽ່ມ,1,1,1,0.9995609
ຢູ່ໆກະເຂົ້າລະບົບບໍ່ໄດ້ວ່າລະຫັດບໍ່ຖືກຕ້ອງເຂົ້າໄປປ່ຽນລະຫັດໄຫມ່ກະຍັງເຂົ້າບໍ່ໄດ້ອີກວ່າລະຫັດບໍ່ຖືກຕ້ອງ.ມັນເປັນບ້າຕິເບາະ,0,0,0,0.999764
ມັນດີຈິງໆ,1,1,1,0.9995851
ຄົ້ນຫາຮ້ານຊານົມໄຂ່ມຸກ ພັດເຈີ້ແຕ່ເຂົ້າປຽກ ນ້ໍາປັ່ນ ຄືຫຍັງນິ,0,0,0,0.99948573
ດີໆມັກ,1,1,1,0.9996574
ໂຫລດມາສິຊື້ເລກ ຊື້ບໍ່ໄດ້ ລົບໂຫລດໃຫມ່ກະຄືເກົ່າ ຫ່ວຍໂພດ,0,0,0,0.9997305
ອັນບໍ່ໄດ້,1,1,0,0.9988028
ແອັຍຫ່າຫຍັງເຕີມບັດເຫັນແຕ່ເງີນອອກບັນຊີແຕ່ເງີນບໍ່ເຂົ້າເຍີໂທລະສັບ ຄວຍ,0,0,0,0.9995372
ເດັ້ງອອກເອງເດັ້ງບີບໄປເອງ ແຊັທບໍ່ເດັ້ງຂື້ນ.ລໍາບາກແຮງໃຊ້ແບບນີ້,0,0,0,0.99912554
ອັບເດດໄຫ່ມແຫ່ງຄັກປັ່ນສ່ໍາໄຫລກະຢູ່ແຕ່ບອ່ນເກົ່າປັ່ນຈົນເບິດກະຍັງບໍ່ໄດ້ດາຕ້າເລີຍແນວໄດກັກໄວ້ບໍ,0,0,0,0.9995253
ດາວໂຫຍ,0,0,1,0.98469365
ຊ້າເກີນໄປໆໆ,0,0,0,0.99879104
ໃຫ້ບັດສ່ວນຫລຸດມາແຕ່ໃຊ້ບໍ່ໄດ້ ສະພາບ,0,0,0,0.99890983
ຍິນດີນໍາເຫນີໃຫ້ເທີຄົນດຽວ,1,1,1,0.9995609
ເປັນຍັງຕື່ມບັດໂທລະສັບຜ່າລະບົບບໍໄດ້ຮັບເງີນທີ່ຕື່ມແຕ່ເງີນໃນບັນຊີ bcelone ຖືກຕັດແລ້ວ ກວດຄືນແດ່ເດີ,0,0,0,0.9986249
ບໍ່ຕ້ອງໂຫຼດກະໄດ້ເດີ ໃຊ້ງານບໍ່ໄດ້,0,0,0,0.99918
ກາກຫລາຍບໍ່ມີຫບັງດີເລີຍ,0,0,0,0.9978719
ເຕັມໃຈ,1,1,1,0.9996111
ຄອຍ່ຕໍາະງະຕ ລວ້ນຈ,1,1,1,0.9898107
ຫ່າມືງ ກົດລະຫັດໃສ່ ລະໄປຕໍ່ບໍ່ໄດ້ ຍັງຢູ່ຫນ້າເກົ່າ ພໍ່ມືງ,0,0,0,0.9993563
ມີເບີສາວຫຼາຍດີ,1,1,1,0.9991424
ເຈງ.,1,1,1,0.99647564
ເບິ່ງຍັງບໍ່ໄດ້ແລ້ວໂທຫາສູນສູນບອກອັບເດດອັບເດດກະຄື່ເກົ່າບອກໃຫ້ຕັ້ງດາຕ້າຕັ້ງແລ້ວກະຄື່ເກົ່າ,0,0,0,0.99957854
ແອັດlaoappດີຈີງ,1,1,1,0.99938333
ນິດທໍາໄດ້ແລ້ວ,1,1,1,0.99939764
ເລກແນະນໍາໃສ່ແນວໃດກໍບໍຖືກ,0,0,0,0.999566
ສຸ່ມເນັດຫະບໍ່ໄດ້ຂີ່ງົກໂພດຍ່າຫາໂຫດເດີ້,0,0,0,0.99939644
ຄອບຄົວ,1,1,1,0.99936503
ຢາກໃຫ້ອັບເດດໄປໃນຕົວເລີຍເພາະຈະໃດ້ສະດວກໃນການນໍາໃຊ້,1,1,1,0.999423
ຂອບຕົ້ງຄ່າແດ່,1,1,1,0.9977083
ພີມຮ້ານໃດກາບໍ່ຂື້ນ,0,0,0,0.9992505
ເຂົ້າໃຊ້ບໍ່ໄດ້ ເພີ່ນວ່າກໍາລັງອັບເດດ ຍາວເທື່ອກະວ່າກໍາລັງກວດກາສິດ,0,0,0,0.99959236
ພັດທະນາແນ່ເຂົ້າແອັບກະບໍ່ໄດ້,0,0,0,0.9996911
ແອັບຊ້າຫລາຍປັບປຸງແນ່ເດີແອັບອື່ນກະຍັງບໍ່ເຫັນສິເປັນ,0,0,0,0.99968743
ເອົ້າແບບດີທີສຸດ,1,1,1,0.99895763
ໃຊ້my unitelແລ້ວຍັງບໍ່ແລ້ວອີກ ຍັງມາໃຫ້ໃຊ້ແອບນີ້ອີກ ຖ້າບໍ່ໂຫຼດແອບນີ້ກະນໍາໃຊ້ບໍ່ໄດ້ ຊັບຊ້ອນຫຼາຍເລື່ອງແທ້,0,0,0,0.99825555
ຈັກໄດ້ບໍ່ໄດ້ ກົດລົງທະບຽນລະເດັ້ງອອກ,0,0,0,0.9997209
ສົ່ງໄວທັນໃຈ,1,1,1,0.99938095
ຕຸກຕາ ວົງຄໍາຈັນ,1,1,1,0.99792516
ດີlaiy,1,1,1,0.99961853
ລິ້ນດີລິ້ນສະບາຍ,1,1,1,0.9995627
ດນລດຊນືຊີ ນຶນຄພິຍຫິນຕະຫລ,1,1,1,0.9747731
ມັກລາຍລາຍ,1,1,1,0.9995408
ໃຊ້ແອັບຢູມັນນີສະດວກສະບາຍ ແລະ ເພື່ອຫລຸດຜ່ອນໃຊ້ເງິນສົດ ປອດໄພອີກດ້ວຍ,1,1,1,0.9995635
ມັກ,1,1,1,0.9996352
ລົງທະບຽນຍານແລ້ວນະ,1,1,1,0.9775858
ເຄີຍໃຊ້ແລ້ວແອປນີ້ດີຫາຼຍ,1,1,1,0.9989857
ແອັບຫົວຄວຍໂດດມາແລ້ວເຮັດຫຍັງບໍ່ໃດ້ ປານນັ້ນໃຫ້ລົງທະບຽນເບີຜ່ານແອັບ,0,0,0,0.99953806
ໃຫັດະແນນແວນນິ້,1,1,1,0.9893885
ຮັກລາຍເດະເອັບນີ້,1,1,1,0.9995523
ຍາກໄຫ້ພັດທະນາຂຶ້ນໄຫ້ດີ,1,1,1,0.9991272
ແຫວນເພັດ,1,1,1,0.9858004
ຊອບມາກເລິຍ,1,1,1,0.99907637
ມຶງສິຕາຍລະບໍເຂົ້າເຊື່ອມຕໍ່ບໍ່ໄດ້ເນັດດກະມີຢູ່ ໂມໂຫເດີ,0,0,0,0.99941957
ສົນໃຈຕົນມາກຂື້ນ,1,1,1,0.9989778
ຖ້າໂອນເງິນເຂົ້າທະນາຄານໄດ້ຫນ້າສິດີເລິຍ,1,1,1,0.985663
ເຫ້ຍມາກ,1,1,1,0.9915707
ທັນເທັບບອກວ່າດີ,1,1,1,0.9989536
ເມື່ອເຮົາຕິດຕັ້ງສົມບູນແລ້ວແຕ່ຫລົງລົບແອບຖີ້ມເຮົາຄວນເຮັດແນວໄດຂໍແນະນໍາແນ່,1,1,1,0.65781325
ພັດທະນາອີກ,1,1,1,0.99936503
ຫມູນໄດ້250mb ແລ້ວກົດແຊ ແຕ່ມັນຄ້າງ ເປັນທຸກມື້ ທຸກເທື່ອເລີຍ ສະຫຼຸບ ບໍ່ໄດ້ຫຍັງ ຊ່ວຍແກ້ໄຂໃຫ້ແນ່,0,0,0,0.99928063
ດີໃຊ້ແລ້ວປອດໄພ,1,1,1,0.999666
ເປັນແອປທີໄສດີມາກເລື້ຍນະຊອບໆ,1,1,1,0.9979652
ດີຈຮິງໆ,1,1,1,0.9996018
ຊົ່ວຢ່າງ,1,1,0,0.9893063
ສັ່ງຫຼາຍເທື່ອແລ້ວບໍລິການດີ ວ່ອງໄວທັນໃຈ,1,1,1,0.9994012
ຂໍກູ້ບັນຊີຄືນ,1,1,1,0.9980276
ຊ່ວນກັນສະຫນັບສະຫນູນສິນຄ້າບ້ານເຮົາ,1,1,1,0.99945253
ແຊັດບໍ່ຕອບ,0,0,0,0.9886464
ແອັບຄວາຍເອົາເນັດຟີກະບໍ່ໄດ້,0,0,0,0.9995802
ຖ້າສາມາດເຕິມເງິນເຂົ້ຢູມັນນີ້ຜ່ານບັດເຕິມເງິນໄດ້ສິດີແຮງ,1,1,1,0.9976495
ໃຫ້ເວົ້າໃນນາມຫມູ່ບໍ່ ກະຈັດສົ່ງໄວໃດ ມີຄົບທຸກຢ່າງພຽງໃຊ້ປາຍມືສໍາພັດ.,1,1,0,0.9965837
ດີສໍາຫັຼບຊາວເຟສບຸກ,1,1,1,0.9995753
ສົ່ງຂໍ້ຄວາມບໍ່ໃດ້ຂື້ນຄໍາວ່າກໍາລັງເຊື່ອມຕໍ່,0,0,0,0.99829596
loveດິ,1,1,1,0.9995939
ຂ້ອຍສີ້ກົບເຂົາ,1,1,1,0.9987576
ສັນຍານໂຄດພໍ່ມຶງຫຍັງໂຄດຊ້າ,0,0,0,0.9991391
ນາງດອກ,1,1,1,0.9958741
ສຸດຍອດລາວເຮົາ,1,1,1,0.9996437
ເພາະຢາກຮູ້ຜົນອອກຫວຍ,1,1,1,0.99476975
ສວາ,1,1,1,0.99508506
ຂອບໄຈທີ່ໄຫ້ໂດກ,1,1,1,0.9995345
ສະຫມັກຢາກໄປນ້າຈະເອົາບັດປະຈໍາຕົວຫືຼສໍາມະໂນສະຫມັກກະພໍ ນີ້ຕ້ອງໄປທະນະຄານເລີຍບໍ່ມີເວລາຊໍານັ້ນ ແກ້ເລີຍ,0,0,0,0.99932015
ໃຊ້ງານບໍ່ໄດ້ ຫລີ້ນຫຍັງກະບໍ່ໄດ້,0,0,0,0.99938333
ບໍ່ເປັນຕາໃຊ້ ບໍລິການໂຄດບໍ່ໄດ້ເລື່ອງເອີ້ນເປັນສິບເທື່ອບໍ່ມີລົດຈັກບາດ ຢ່າໄປຄິດຝາກຊີວິດກັບລົດກັອກກັອກ. .,0,0,0,0.9993687
ຂໍໄຫ້ທານພູພັດຊວຽ່ແກໃຂຊີ້ງທີຄາດ້ເດົາບໍໃນການບໍ່ທັນສໍານານ,1,1,1,0.9989329
ດ້ວຍ,1,1,1,0.998912
ບໍ່ຄ່ອຍເຂົ້າໃຈໃນການຕິດຕັ້ງ,0,0,0,0.99228936
ແອບນີ້ດີ,1,1,1,0.99957365
ແຕ່ໃຫ້ປັບປຸງໃຫ້ໄວກ່ວາເກົ່າ,1,1,0,0.9167081
ດີມາກເລີຍແອັບນີ,1,1,1,0.9996147
ຊື່,1,1,1,0.99603915
ມັກສູດຍອດມາກ,1,1,1,0.99956435
ດີຫລາຍແລະກະຂອບໄຈຫລາຍໆ,1,1,1,0.9996049
ຢາກໃຫ້ແກ້ໄຂ້ບ່ອນສະຕໍຮີແນ່ເວລາອັບຮູບຂຽນຂໍ້ມູນບໍໄດ້.,0,0,0,0.98959166
ດີຢູ່ມັກຫຼາຍ,1,1,1,0.9996451
ໃຊ້ ງານ ໄດ້ ດີ,1,1,1,0.99961853
ຂໍໃຫ້ຖືກເດີສາທຸ,1,1,1,0.99946946
ລົງທະບຽນເຂົ້າໃຊ້ແອັບຍາກເກີນໄປ,0,0,0,0.99960417
ເລນ,1,1,1,0.99559206
ມັນມຸດຍອດເລີຍ,1,1,1,0.9994642
ແອັບເດັງແກ້ໄຂດ່ວນນນ,0,0,0,0.9991135
ດີເຕີມເງິນປະຢັດ500ກີບ,1,1,1,0.999608
ສຸດຍອດໃນການອັບເກດ ໄວຫລາຍ,1,1,1,0.9995652
ເຟດບຸກຂ້ອຍຄືຊ້າແທ້ອັບເດດຂ່າວກະສອງມື້ຈັ່ງເຫັນ,0,0,0,0.9994307
ຈະພະຍາຍາມໃສ່ໃຫ້ມີປະສິດທິຜົນ,1,1,1,0.9994023
ເຂົ້າເຟສບໍ່ໄດ້,0,0,0,0.99853635
ຢູ່ຊື່ໆເຂົ້າບໍ່ໄດ້,0,0,0,0.99919754
ມັນເປັນຫຍັງຄືມາປ່ຽນຫນ້າເຟດກັນ ຜີ່ບ້າບໍ,1,1,0,0.9963994
ຢາກຫລອນລະຊ່ວງນິ,1,1,1,0.99914074
ແອັບເດັ້ງໃຊ້ບໍ່ໄດ້,0,0,0,0.9990415
ຢາກມີເພື່ອນມິດທີດີປານຄົນ,1,1,1,0.9994937
ຫຼີ້ນໄວທັນໄຈ,1,1,1,0.99951875
ສະດວກຫຼາຍ,1,1,1,0.9996724
ສະ ບາຍດີ,1,1,1,0.9995479
ອັບເດດໃຫມ່ມາຄືໂງ້ຕາຍແທ້ເນາະລີ້ນກະບໍ່ໄດ້ເນັດຄືແຕ່ກອນໄປປຽ່ນໄວ້ເດີຊິໄຫ້ລີ້ນເອົາອີ່ຫຍັງວະ,0,0,0,0.99961925
ໄປ ko,1,1,1,0.99782157
ອັບເລັດແລ້ວເກມມຸນວົງລໍ້ຂໍເພື່ອນເພີ່ມກະບໍ່ໄດ້ແບບນີ້ບໍ່ຄ່ອຍມັກປານໃດ,0,0,0,0.9995308
ບາວກະທິນ,1,1,1,0.99682117
ດີຫລາຍໃຊ້ງ່າຍ,1,1,1,0.9996526
ຄັກອີຫຼີ,1,1,1,0.99961025
ລະຫຫດotpທີ່ສົ່ງໃຫ້ມີແຕ່5ໂຕ ບາດໂປຣແກມພັດວ່າມີ6 ໃສ່ໄປມັນກະບໍ່ຖືກ ແກ້ແດ່,0,0,0,0.99925333
ອີຊອນປາກຫນາ,1,1,1,0.9882902
ຄືloginບໍ່ໄດ້?,0,0,0,0.9987207
ແພຄົນເດີມ,0,0,0,0.99783
ແອັບນີ້ໃຊ້ໄດ້ດີຂະຫນາດຊື້ງ່າຍຈ່າຍໄວໃຜທີ່ດາວໂຫລດໃຫນ່ແນະນໍາໃຫ້ພີມລະຫັດຜູ້ແນະນໍານີ້38490815ໃສ່ແນ່ເດີແລ້ວຈະເຮັງ,1,1,1,0.999049
ງ່າຍທີສຸດກວ່າແອັບອື່ນ,1,1,1,0.9993475
ຢາກໃຫ້ຍອດໄລ້ແລະຜູ້ຕິດຕາມຫລາຍ,1,1,1,0.9994947
ດີແລະໄດ້ເປີເຊັນໂອເຄເລີຍ,1,1,1,0.9996049
ສຍສີຕຮ,1,1,1,0.99557483
ເປັນຫຍັງເຂົ້າບາດໄດຄຶວ່າເດັ້ງອອກຕະລອດໂອຍຈັ່ງແມ່ນໄຈຮ້າຍເດ້ບຶດເຂົ້າໄດ້ບຶດເຂົ້າບໍ່ໄດ້ລໍາຄ້ານເດ້ຕ້ອງການໂອນເງີນກະບໍ່ໄດ້,0,0,0,0.9997029
ດີຫລາຍສະດວກສະບາຍຖືກປັບໂອນກັບມື້ເລີຍ,1,1,1,0.99960953
ມາຈາກ,1,1,1,0.9980994
ທໍາງານດີມາກໆເລີຍ,1,1,1,0.9995987
ຄືຍາກຕາຍນີເຂົ້າລະບົບບໍໄດ້ລະຫັດຖືກຫມົດພໍຕັ້ງລະຫັດໃຫມ່ກະຫັກເງີນຕັດແລ້ວຍັງເຂົ້າບໍ່ໄດ້ອີກບໍຈັກໃຫ້ຕີຕາອ້າປາກເສຍທັງເງີນເສຍທັງຄວາມຮູ້ສືກ ທນຄ ເຫັນແກ່ໄດ້,0,0,0,0.9996686
ປອດໄພ,1,1,1,0.99965405
ກະຈອກໂພດຕັ້ງແອັບນ່ະ.ລະຫັດບໍ່ສົ່ງມາ,0,0,0,0.9996594
ເຂົ້າໃຊ້ງານຍາກຫລາຍຊ້ວງນີ້ ແອັບປິດຕະຫລອດ 5 05 2020,0,0,0,0.99933714
ມັນເຍີ່ຍມສຸດ ແຊທງ່າຍຄຸຍງ່າຍ,1,1,1,0.9992372
ຊື່ແສງໄຊ,1,1,1,0.9987232
ຂ້ອຍມັກຫຼາຍແອັບໂມຈ໋ານີ້,1,1,1,0.99932814
ເຂົ້າບໍມັກໄດ້,0,0,0,0.9993625
ແອັປນີ້ໃຊ້ດີຫຼາຍ,1,1,1,0.99956685
ເຂົ້າລົງທະບຽນເບີບໍ່ໃດ້,0,0,0,0.99943405
ບຸນຊ້າຍໂຫດ ເດັກລາວ,1,1,1,0.998242
ຂ້ອຍໂຫຼດມາກະໄຫ້ອັບເດດເລີຍຄັນບໍ່ອັບເດດກະເຮັດຫຍັງກະບໍ່ໄດ້,0,0,0,0.99960726
ຫຼິ້ນມ່ວນດີຮັກເລີຍ,1,1,1,0.9996526
ມີປະໂຫຍດຫຼາຍ. ຕໍ່ໄປເພີ່ມເກມທີ່ວັດຄວາມຮູ້ທາງສຶກສາແດ່.,1,1,1,0.99952066
ແອັບຊ່າສຸດ,0,0,0,0.9969663
ໂພສບໍ່ຂື້ນຝິດ,0,0,0,0.9986929
ພຮຮຮ່,1,1,1,0.9936241
ມັກເລື່ອງກັບພຮະ,1,1,1,0.9995652
ຍາກຫລີ້ນໃຫມ່,1,1,1,0.99701905
ສຸດຍອດຈະ,1,1,1,0.9996444
ມີຄົບ ໃຊ້ງານສະດວກດີ,1,1,1,0.99962807
ເບີ່ງຫນັງດີໆກະວ່າຢຸດ ເນັດຊ້າຫລາຍ ເປັນທຸກເທຶ່ອ,0,0,0,0.9992372
ດີ ມາກໆ,1,1,1,0.99962807
ຄູຄຄບຂ,1,1,1,0.99318933
ໃຫ້ລົງທະບຽນ ບາດລົງໃນແອັບລົງທໍ່ໃດ໋ກະເດັ້ງອອກ,0,0,0,0.9997594
ດີ ທີສູດ,1,1,1,0.9996451
ງົງບາງເລື່ອງ,1,1,1,0.9974191
ດີລາຍແອບນິ້,1,1,1,0.999577
ບາງຄັ້ງຍັງສັບສົນ,1,1,1,0.9969246
ຮູ້ສຶກສະບາຍເມື່ອມີu money,1,1,1,0.99961406
ດີຄັຮບ,1,1,1,0.9996057
ສັດເອີຍແມັງບໍ່ໃຫ້ໄດ້ເນັດສ້າງມາເພື່ອ,0,0,0,0.99896777
ລະບົບແຈ້ງເຕືອນບໍ່ທໍາງານ,0,0,0,0.99903214
ຢາກໃຫ້ເພີ່ມວີທີການຈ່າຍເງິນ,1,1,1,0.9989454
ເດັກລາວນອນ,1,1,1,0.9993462
ຄວາມສະດວກ,1,1,1,0.9996458
ທ ອ o,1,1,1,0.9935993
ໂຄດກາກເລີຍ .,0,0,0,0.99959236
ເຈລີລີ.,1,1,1,0.9989309
ໂດຍມີການປ່ຽນແປງ,1,1,1,0.9926399
ອັບເດດທຸກທິດຈັກອັບຫາພະແສງອີ່ຫຍັງ,0,0,0,0.9992592
ຕັ່ງຍາກສຸດບ່າດຕັ່ງແລ້ວລົບແລ້ວຫລີ້ນບໍໄດ້ໄຫ້ຕັ່ງໄຫມ່,0,0,0,0.9995652
ໃຫ້ໂຫລດໄດ້ແດ່,1,1,1,0.9919224
ຊ້າໂພດ ລ໋ອກອີນໂຄດຍາກເລີຍ ແກ້ໄຂໃຫມ່ເດີ,0,0,0,0.9997336
ດີສຸດ,1,1,1,0.999652
ກາກຫລາຍຖ້າເປັນຊົ່ວໂມງກະບໍ່ໄດ້ຮັບເນັດຈັກເທື່ອ ດີແຕ່ຕ້ອນທໍາອິດ ສຸມື້ນີ້ບໍ່ໄດ້ຮັບເນັດຄືແຕ່ເກົ່າແລ້ວ ຢ່າດາວໂຫລດມາສຽຍດາຕ້າພີ່ນ້ອງເອີຍ,0,0,0,0.9993
ພະນັກງານຕອບແຊັດຊ້າແຮງຫຼືບໍ່ຕອບເລຍກໍມີ,0,0,0,0.999423
ຕິດຕັ່ງກະຍາກ ມີບັນຊີເກົ່າແລ້ວແຕ່ບໍ່ໄດ້,0,0,0,0.9994536
ຮັກອີກຜົວຄົນດຽວບໍ່ມີໃຜຈະຮັກຄືຮັກອີກຜົວແລ້ວ ຮັກ1 ຮັກ2 ຮັກ3 ຮັກ4 ຮັກ5 ຮັກ6 ຮັກ7 ຮັກ8 ຮັກ9 ຮັກ10 ຮັກ11 ຮັກ12 ຮັກ13 ຮັກ14 ຮັກ15 ຮັກ16 ຮັກ17 ຮັກ18 ຮັກ19 ຮັກ20 ຮັກ21 ຮັກ22 ຮັກ23 ຮັກ24 ຮັກ25 ຮັກ26 ຮັກ27 ຮັກ28 ຮັກ29 ຮັກ30 ຮັກ31 ຮັກ32 ຮັກ33 ຮັກ34 ຮັກ35 ຮັກ36 ຮັກ37 ຮັກ38 ຮັກ39 ຮັກ40 ຮັກ41 ຮັກ42 ຮັກ43 ຮັກ44 ຮັກ45 ຮັກ46 ຮັກ47 ຮັກ48 ຮັກ49 ຮັກ50 ຮັກ51 ຮັກ52 ຮັກ53 ຮັກ54 ຮັກ55 ຮັກ56 ຮັກ57 ຮັກ58 ຮັກ59 ຮັກ60 ຮັກ61 ຮັກ62 ຮັກ63 ຮັກ64 ຮັກ65 ຮັກ66 ຮັກ67 ຮັກ68 ຮັກ69 ຮັກ70 ຮັກ71 ຮັກ72 ຮັກ73 ຮັກ74 ຮັກ75 ຮັກອີກຜົວເດີ້,1,1,1,0.99916065
ລະຫັດຖືກແລ້ວຍັງວ່າບໍ່ຖືກເນາະ,0,0,0,0.99941385
ປັບປຸງດ່ວນຂັ້ນຕອນການກວດສອບຄວາມຖືກຕ້ອງໃຊ້ເວລາດົນໂພດ,0,0,0,0.9994286
ພ່ໃຈ,1,1,1,0.9992312
ຂໍຂອບໃຈທຸກທ່ານທີ່ສະຫນັບສະຫນູນທຸລະກີດພ້ອມທັງວັດທຸເງີນຄໍາອັນແສນລໍາຄ່າຂໍໃຫ້ສຸກະພາບແຂງແຮງທຸກຄົນ,1,1,1,0.99924016
ສານ ເປັນ ກະຊວງ ສັດ ຫລວງ,1,1,1,0.99615306
ຂ້ອຍເປັນຄົນຫນຶ່ງທີສ່າຢາກໂຫລດແຕ່ໂຫລດບໍ່ໄດ້ພື້ນທີ່ກະບໍ່ໄດ້ເຕັມອີກຄືບໍ່ມີວິທີເຮັດແລ້ວປັບປຸງແນ່ເດີ. ອາລົມເສຍ,0,0,0,0.9987207
ລົງທະບຽນໂຄດຍາກ ຢູ່ກັບແອັບນີ້3ຊມ ລົງທະບຽນບໍ່ໄດ້ເລີຍ,0,0,0,0.9997527
ດີດດດ,1,1,1,0.9992053
ລ້າຊາ,1,1,1,0.97821885
ກິດຈະກໍາມີໄວ້ເພື່ອຫຍັງ ເສຍເງິນໄປແລ້ວບໍ່ແຈກ,0,0,0,0.9985702
ບໍ່ເຄີຍມີປະສົບການ,1,1,1,0.9991441
ຖືກສຸດ,1,1,1,0.999572
ບໍ່ເຄືຍຖືກເລກ ແຕ່ຊື່ທຸກງວດ,0,0,0,0.99834836
ແອັບໃຫມ່ເຂົ້າບໍ່ໄດ້ເລີຍ ໃຫ້ລ໊ອກອິນດ້ວຍວັນເດືອນປີເກີດ ໃສ່ຈັງໃດກະບໍ່ຖືກ ເອັດແຕ່ແນວຍາກລູກຄ້າ ຄືບໍ່ໃຫ້ຢືນຢັນດ້ວຍເບີໂທທີ່ເຊື່ອກັບແອັບແລ້ວສົ່ງລະຫັດotpເຂົ້າເບີເລີຍບໍ ແນວມັນງ່າຍຄົນອື່ນ ເອັດແຕ່ແນວຍາກໆ,0,0,0,0.9997284
ເວລາເຮົາເຕີມເງນປະໄວ້ກໍ່ຫຍັງດິຮັກສາໄວ້.ຫ້ເຮົາດິຊົມເຊີຍ,1,1,0,0.9258357
ສະບາຍດີເຈົ້າຂ້ອຍຫາກໍ່ຮຽນຕິດຕັ້ງລອງເບິ່ງເຈົ້າ,1,1,1,0.9992489
ແອບຂໍ້ຄວາມ,1,1,0,0.99657035
ດນ່ພ່ດຍເຮ,1,1,1,0.9638481
ດີແລ້ວແຕ່ຂໍໃຫ້ປັບລະບົບຍັງມີຜິດພາດບາງຄັ້ງຄາວ,1,1,1,0.9993094
ປັບປຸງໄວ້ຂຶນສະດວກສະບາຍໃນການຫຼີ້ນແກມເຄຶ່ອຂາຍໄວ້,1,1,1,0.99736834
ກໍາລັງ,1,1,1,0.99751294
ນິຕາ,1,1,1,0.99756086
ຢາກໃຫ້ເພີມຫວຍພັດທະນາໃສ່ແດ່ເວລາຊື້ເລກຈີ່ງສະດວກ,1,1,1,0.9990471
ບໍມັກຢູໆກໍຂືນເປັນພາສາໂດຍບໍຮູ້ສາເຫດຢາກໄຫ້ກັບມາເປັນປົກກະຕຶເປັນນັງເຟດບຸກຕິງກີດກັນເບີໂທທັງທີຂ້ອຍກະເຕີມເນັດປັບປຸງແດ່ຫວ່ຍເກີນ,0,0,0,0.99750805
ຊີວິດທີ່ສະບາຍຊອບ,1,1,1,0.99960333
ຂົນສົ່ງຊ້າ ເສຍດາຍຮ້ານຄ້າບາງຮ້ານ ຮັບສົ່ງພຽງແຕ່ຮຸ່ງອະລຸນ ຖ້າມີທາງເລືອກຂໍບໍ່ເລືອກຂົນສົ່ງນີ້,0,0,0,0.9987207
ຄວນປັບປຸງແດ່ເຂົ້າໄປບໍ່ສົ່ງລະຫັດມາໃຫ້,0,0,0,0.9994241
ເຕີມເງິນໂທລະສັບແລ້ວບໍ່ໄດ້ຄະແນນຄືເມື່ອກ່ອນ,0,0,0,0.99940693
ມັນໂຫລ້ດຖຶງຈະໄດ້,1,1,0,0.64467263
ສະຕໍລຣີບໍ່ມີເພງໄທ,0,0,0,0.9958418
ເປີດຟັງຄິບຍາມໃດຟັງບໍ່ໃດ້ຫນ້າຈໍດັບເປັນນໍາຫຍັງມີວີທີບໍ່,0,0,0,0.99789256
ໄວນາສູນ,1,1,1,0.99921453
ດີມາດຄ່ະ,1,1,1,0.99961025
ທຸກໆຄົນມັນເຟັດບຸກ,1,1,1,0.99497885
ມຸນວົງລໍ້ບໍ່ໄດ້ເງີນເນັດສ້າງມາເພືອເງີນເນັດກາບໍ່ໄດ້,0,0,0,0.9996898
ໂອເຄເລີຍ,1,1,1,0.99880743
ສະດວກໃນການທໍາງານ,1,1,1,0.9995956
ສະດວກສະບາຍ ບໍລິການດີ,1,1,1,0.99961853
ດີຈີງຫຼື,1,1,1,0.99962735
ຄິດຮອດອ້າຍຢູ່ເດີ,1,1,1,0.9984452
ຢາກໄດ້ລາວແອັບແບບເກົ່າຕອນນີ້ຫລິ້ນຫຍັງບໍໄດ້ເລີຍ,0,0,0,0.93379396
ເປັນຫຍັງຄືດາວໂຫລດບໍ່ໄດ້,0,0,0,0.9980732
ຂິງດົງຫມາກຄາຍ,1,1,0,0.97389406
ຂ້ອຍຮູ້ຈັກວອດແອັບມາ10ປີ.ວອດແອັບເປັນອີກແອັບຫນື່ງທີ່ໃຊ້ດີ,1,1,1,0.9982893
ເປັນແອບທີສຸດຍອດ,1,1,1,0.9991848
ດີຫຼາຍທີ່ໄດ້ນໍາໃຊ້ວອດແອ້ບ ວ່ອງໄວທັນໃຈ,1,1,1,0.9995987
ເອີ້ນລົດຍາກແຮງບາງທີກົດເອີ້ນເປັນຊົ່ວໂມງກະຍັງບໍ່ໄດ້ຕ້ອງໄດ້ຍ່າງໄປເອງ,0,0,0,0.9995995
ດີລາວແທ້ໃຜຈະໄຊ້ແອບນີ້ດີຂໍຄວາມງິນດີ,1,1,1,0.99958915
ການນໍາໃຊ້ມີປະໂຫຍດ,1,1,1,0.9996395
ອັປເດດບໍ່ໄດ້ມັນເປັນຫຍັງເດ,0,0,0,0.9993255
ມີຄວາມເປັນສວ່ນຕົວດີ.,1,1,1,0.9995956
ຕື່ມຂໍ້ມູນຕາມການແນະນໍາທຸກຊັ້ນຕອນ ແຕ່ຂໍ້ຄວາມຕອບມາວ່າການລົງທະບຽນບໍ່ສໍາເລັດ ເບີ030 ອີທີແອລ,0,0,0,0.9982893
ແອບໃຊ້ການບໍ່ໄດ້ ເດັ້ງອອກຊື່ໆເຮັດຫຍັງບໍ່ໄດ້,0,0,0,0.99971753
"ລູກຄ້າຄິດວ່າຕິດຕັ້ງແອັບນີ້ແລ້ວໄດ້ໂບນັດ 10,000 ແຕ່ມັນກະບໍມີພົນປະໂຫຍດຫຍັງໂຫລດໄປເທົ່ານັ້ນ",0,0,0,0.9985896
ເຈັບ,1,1,1,0.998242
ສະຫມຸກດີ,1,1,1,0.99961334
ພຸດ,1,1,1,0.9991013
ອານຸລັກມືແລງເດີ,1,1,1,0.9975177
ຫັງໂປຍີປຸນ,1,1,1,0.7765382
ກາກເກີນ ໃສ່ລະຫັດຕາມສູນສົ່ງມາ ບາດວ່າລະຫັດບໍ່ຖືກຕ້ອງ ເຮ້ຍມັນ,0,0,0,0.9997063
ນ້ອງອອນ,1,1,1,0.9981067
ປີງໄຊໄຊລຶ,1,1,1,0.9983991
ເຂົ້າແອັບດ່ຽວຈົບເລີຍ ມີທຸກຢ່າງຄັກໆ,1,1,1,0.9780727
ກູເຟດຂືນ,1,1,1,0.9818579
ໃຊ້ຄັກທັນສະໄຫມວ່ອງໄວ,1,1,1,0.9995939
ແອບຂີ້ຖີ່,0,0,0,0.99958104
ຊອບ ຈັນສຸກຂະພາບແຂງແຮງຂຶ້ນ,1,1,1,0.9996437
ຊັງອາຫານນໍາ,1,1,0,0.9972638
ດີຫມາກທີໃຫ້ເຮົາໃກ້ກັນ,1,1,1,0.9996057
ຈັນທີ ຄົນຈິງໃຈ,1,1,1,0.9995745
ເອາໄປເລີຍ10,1,1,1,0.99877685
ຊອບໄລສດ,1,1,1,0.99793327
ເນັດກະປົກກະຕິແຕ່ບອກວ່າເນັດມີປັນຫາ,0,0,0,0.99895966
ທົດລອງໃຊ້,1,1,1,0.99839586
ໂອເຄ່ເລີຍແລະດີ,1,1,1,0.9996147
ໄຊ້ດີ ສະດ່ວກ.ສະບາຍ.ຄົນໃດທີ່ສະຫມັກແພັກເກັດບໍ່ເປັນ ແນະນໍາແອັບຯນີ້ເລີຍ,1,1,1,0.99936634
ດີໃຊ້ງາຍສະດວກສະບາຍ,1,1,1,0.9996352
ດີຫຼາຍແອບນີ້. ສໍາລັດຄົນທຸກ ຂອບໃຈຫຼາຍໆ.,1,1,1,0.9995939
ແອປດີລາຍແຕ່ມັນໃຫ້ເງິນເນັດເກິນ,1,1,1,0.99664956
ປອດໄຝ,1,1,1,0.99961555
ແອັບໃຊ້ງານຍາກຫລາຍ ເຂົ້າເມນູແຕ່ລະຢ່າງໃຊ້ເວລາໂຫລດຊ້າເກີນ ຕົວເລືອກແພັກເກັດຕ່າງໆ ມີໃຫ້ເລືອກຫນ້ອຍ,0,0,0,0.99963665
ແອັບຫ່ວຍເຕີມເງີນທ່ານແອັບແຕ່ກັບບໍ່ໄດ້ຂະແນນ,0,0,0,0.9995272
ຈັກຊິໄຫ້ຢືນຢັນໂຕຕົນອີ່ຫຍັງຫລາຍເທື່ອແທ້.ຄັນເຮັດງ່າຍ ມີຄິບອະທິບາຍໄຫ້ເຂົ້າໃຈຍັງພໍໃຄ ອັນນີ້ອີ່ຫຍັງກະບໍ່ແຈ້ງການຫຍັງ ບໍ່ພັດທະນາຫຍັງຈັກເທື່ອ,0,0,0,0.99900144
ຄໍາສູດ,1,1,1,0.99677116
ເຂົ້າແອັບບໍ່ໄດ້ເລີຍ,0,0,0,0.9993436
ລາວແອບໃຊ້ງານໄດ້ສະດວກບ່ອກໃດ້ສອງຄໍາເລີຍວ່າ ມັກເລີຍ,1,1,1,0.99948066
ຕີຮນານ ນຶອອກ,1,1,1,0.87805307
ມັກຫລາຍຊ່ວຍປະຫຍັດຄ່າໃຊ້ຈ່າຍພາຍໃນຄອບຄົວ,1,1,1,0.9995819
ດີພໍໃຊ້ໄດ້ໃຫ້4ດາວ,1,1,1,0.99962366
ບໍ່ເຄີຍນໍາໄຊ້ຈັກເທືອແຕ່ກໍ່ລອງໄຊ້ໄປກ່ອນ,1,1,1,0.9928786
ຂໍເຂົ້າ,1,1,1,0.9991672
ດີມາກລືິນໄດ້ຫລາຍຢ່າງ,1,1,1,0.99961406
ຍິນດີນ້ໍາ,1,1,1,0.9996244
.ດີຄັກອີ່ຫລີ. ພັດນະນາຕໍ່ໄປເດີເປັນກໍາລັງໃຈໃຫ້,1,1,1,0.9995753
ໃຊ້ງານງ່າຍສະບາຍ,1,1,1,0.9996087
ຫ່ວຍແຕກກູສົ່ງວີດີໂອບໍໄດ້,0,0,0,0.99958354
ແກ້ໄຂລະບົບແດ່ເດີຊິໂອນເງີນຍາມໃດຂັດຂອງຕະຫລອດສະເພາະໂອນຫາການຄ້າກັບກ້າຄ້າໂອນເຂົ້າມາກະຂັດຂອງຄືກັນ,0,0,0,0.9994837
ດີດີດດ,1,1,1,0.9996259
ມີສາລະ ແລະໃຊ້ໂຢດໄດ້ຢ່າງ,1,1,1,0.99933845
ຄສຈາ,1,1,1,0.9893063
ແອັປອັນນີ້ດີຫຼາຍ,1,1,1,0.99943405
ເດັ້ງອອກຢຸດການທໍາງານ,0,0,0,0.99937373
ພຄທີມີ,1,1,1,0.9978258
ດີມາກເລີຍຄັບ,1,1,1,0.999617
ການແຈ້າເຕືອນບໍ່ເດັ້ງຂື້ນສາຍເຂົ້າກະບໍ່ເຕືອນມີແຕ່ສັ້ນ,0,0,0,0.9993358
ຄືທີ່ສຸດ,1,1,1,0.9946878
ຂໍໃຫ້ໄດ້ນະ,1,1,1,0.9995851
ຄໍາປ່ຽນ,1,1,1,0.992725
ໃກ້ຮັບການເຊື່ອຖືໃກ້,1,1,1,0.9994917
ຍ້ຽມເລີຍ,1,1,1,0.9984692
ຈັກແມ່ນຫຍັງຢາກໃຫ້ລົງທະບຽນແຕ່ວ່າແອັບມັກມີແຕ່ບັນຫາຢູ່ຕະຫລອດໃສເບີບ່າງເທື່ອກະເດັ້ງໃສລະຫັດກະບັກດົນຖ້າຢຸ່ກະຍັງບໍ່ຫລ໋ອກອີນເຂົ້າໃຫ້ປັບປຸງໃຫ້ແນ່,0,0,0,0.9996125
ດີຫຼາຍແອັບມີຄວາມສະດວກສະບາຍວອງໄວໃຊ້ງານງ່າຍ,1,1,1,0.99961925
ດີ ດີໆ,1,1,1,0.99966073
ດີເທ,1,1,1,0.99966526
ມັກຍ້ອນມີອາຫານລາກຫລາຍ,1,1,1,0.9993845
ແອບກາກບໍ່ໄດ້ດາຕ້າເລຍແລ້ວຍັງຕັດເອົາຍອດເງິນອີກ,0,0,0,0.9996673
ແນະນໍາລວຍໄປນໍາກັນ91507413,1,1,1,0.9987207
ເຂົ້າແອັບບໍໄດ້ເລີຍແກ້ໄຂແນ່,0,0,0,0.9996594
ດີດີບໍ່ມີຍັງດີເທົ່ານີ້ລະ,1,1,1,0.99960107
ບານດີເຈົ້າຖິ້ມ,1,1,1,0.99956435
ເຮັດຍັງຄື່ບໍຖື,1,1,0,0.9926967
ບ່ລິການນີ້ແມ່ນດີຫລາຍ,1,1,1,0.9995505
ແບບງ່າຍໆ,1,1,1,0.9992505
ບໍລິການດີຫຼາຍ,1,1,1,0.99957937
ດີດີໃຊ້ໄດ້ທຸກວັນ,1,1,1,0.9996388
ທ້າວ ດີ,1,1,1,0.99895155
ສຸດຍອດເລີຍແອບນີນະ,1,1,1,0.99953806
ຄວນປັບປຸງໄຫ້ສະແກນ ໄບຫນ້າຫຼືນີ້ວມື່ໄຫ້ໄດ້ແດ່ ອີກຢາງເປັນຍັງຄືບໍຂື້ນຊືເຈົ້າຂອງເບີໃນແອບ ລະຊິກັກໄວ້ເພືອຍັງ,0,0,0,0.9985018
ໃຊ້ດີຫລາຍເຈົ້າ,1,1,1,0.9996388
ໃຊ້ດີຕັ້ງແຕ່ໂຫລດແອັບນີ້ມາໃຊ້ຊີວິດສະດວກຂຶ້ນຫລາຍ.ຂໍຂອບໃຈແອັບນີ້,1,1,1,0.9995956
ເປັນຫຍັງຄືໃສບໍ່ໃດ້,0,0,0,0.9898303
ແມ່ນຫຍັງຫວະຢູ່ດີໆກະເຂົ້າບໍ່ໃດ້ທັງໆໂອນເງິນເຂົ້າເງິນອອກຄະຫຼອດ ເຮັດສະແກນລາຍມືເອົາຄິດວ່າສະດວກລະໃດເອົາໄປເອົາມາຢຸ່ດີໆກະວ່າລາຍມືບໍ່ໃດ້ລົງທະບຽບປັບປຸ້ງແນ່,0,0,0,0.9995435
ອັບເດດທຸກເວີຊັ່ນເຈົ້າກະບໍ່ແຊັດມາຄືເກົ່າ,0,0,0,0.99945253
ຕຶຢະ,1,1,1,0.9930962
ເຕີມເງິນເຮັດແນວໃດໄຜຮູ້ບອກແດ່,0,0,0,0.9974934
ໃຊ້ສະດວກດີຫລາຍ,1,1,1,0.9996499
ໂອເຄ.,1,1,1,0.99677116
ເຂົ້າລະບົບແອັບບໍ່ໄດ້,0,0,0,0.9992693
ແອບນີ້ບໍ່ໄດ້ເລື້ອງ ສາວບໍ່ຕອບແຊັດ ໃຫ້1ດາວເດີ້ ໄປປັບປຸງມາໃຫມ່ເດີ້,0,0,0,0.99954695
ແອັບນີ້ໃຊ້ງານດີສຸດເພື່ອນໆໃຜດາວໂຫລດແນະນໍາໃຫ້ໃຊ້ລະຫັດນີ້ເລີຍເດີ້ເຈົ້າ 22409354,1,1,1,0.99939764
ໃຊ້ດີ ແຕ່ບາງທີກະເຂົ້າບໍ່ໄດ້ທັ້ງທີ່ສັນຍານເນັດແຮງ,1,1,1,0.9989225
ຂ້ອຍມັກເຟດນີ້,1,1,1,0.9994937
ບໍລິການສຸດຍອດ,1,1,1,0.9992834
ເອໂຄ,1,1,1,0.99603146
ດີຫລາຍສະດວກສະບາຍ ຢາກໃຫ້ແກ່ມີເວລາເງິນເຂົ້າເງິນອອກລະມີຂໍ້ຄວາມສົ່ງບອກທຸກເທື່ຊິດີຕື່ມອີກ,1,1,1,0.9995497
ຖ່ານຮູບແລ້ວເຕືອນວ່າເບີຂອງທ່ານຢູ່ໃນການລໍຖ້າກວດຊອບຄວາມຖືກຕ້ອງ ແລ້ວຖ້າຄວາມດົນ ແອບຫົວໂຄຍ,0,0,0,0.9991374
facebookຖື່ກປິດກັ້ນຕະຫລອດເວລາ,0,0,0,0.9979007
ເວລາເງີນເຂົ້າບໍ່ແຈ້ງເຕືອນ,0,0,0,0.99899167
ໃຊ້ດີ ງ່າຍ ເປັນສ່ວນຕົວ,1,1,1,0.9996288
ສະບາຍດີ ທະນາຄານນີ ດີມາກມາກມາກ ດີ ຫລາຍ,1,1,1,0.99957615
ເອົາຄະແນນໄປແລກເນັດບໍ່ໄດ້,0,0,0,0.9988991
ທັງມົດໄຟຣ,1,1,1,0.9845458
ຄັກດີ,1,1,1,0.99961996
ດີທີ່ສຸດເລີຍ ເທົ່າທີ່ເຄີຍໃຊ້ມາ,1,1,1,0.99959785
ເຂົ້າໃຊ້ແອບບໍໄດ້ລະກະຊ້າ,0,0,0,0.99958915
ມັກຫຼາຍດີໆ,1,1,1,0.999617
ອັບຂໍ້ມູນເປັນຊົ່ງໂມງກະບໍ່ແລ້ວຈັກເທື່ອອັບຫມູນຢູ່ຫັ້ນລະ,0,0,0,0.99968493
ດີດີສອບມາກ,1,1,1,0.9996244
ສະດວກ ສະບາຍ ສຸດຍອດເລີຍ,1,1,1,0.9996486
ດາວຖຫລດແລ້ວ,1,1,1,0.996682
ອັບເດດຕະຫຼອດ,0,0,0,0.99909425
ດີມາກຫາແຟນໄຫ້ພອ້ມ,1,1,1,0.99956185
ຄືໂຫລດຢາກແທ້,0,0,0,0.99605453
ສະບາດີ,1,1,1,0.9988927
ແກ້ໄຂ້ລະຫັດໃຫ້ແດ່,0,0,0,0.9943909
ຂໍ້ມູນຕາ່ງ ກ່ງວກັບໂທລະສັບ,1,1,1,0.99632865
ຫລັງຈາກອັບເດດແລ້ວໃຊ້ບໍ່ໄດ້ເລີຍເຂົ້າໄປລະອອກເອງຕະຫລອດ ລົບຖີ້ມລະໂຫດໃຫມ່ກະເປັນຄືດກົ່າ ຂີ້ຮ້າຍຫລາຍດຽວນີ້ໂຕລຸ້ນເກົ່າຍັງດີກວ່ານີ້ຮ້ອຍເທືອ ເປັນມາໄດ້5ເດືອນລະຍັງບໍ່ມີການປັບປຸງປານນີ້,0,0,0,0.9997305
ອັດເດດມາຫນຸນກະບໍ່ໄດ້ຫຍັງໄດ້ແຕ່ເຊີນຫມູ່ມັນເປັນແນວໃດຢາກຮູ້ຫລືວ່າແອບບໍ່ຢາກໃຫ້ຫມຸນບໍນໍ,0,0,0,0.9995054
ດີໆໂພດ,1,1,1,0.9996215
ຢູ່ປະເທດລາວຄົນໃຊ້ຫຼາຍວອດແອບດີໆ,1,1,1,0.99922514
ດີໃຈເດທີ່ມີຄວາມສະບາຍບໍໄດ້ອອກເດີນທາງແລ້ວ,1,1,1,0.99961925
ບັນຊີເງີນເດືອຍ,1,1,0,0.99268264
ແອັບໃຊ້ບໍ່ໄດ້,0,0,0,0.99895155
ມືໄຫນ,1,1,1,0.9987005
ມື້ລຸດ,1,1,1,0.9883128
ເອີ້ນຍາກພໍ່ຍາກແມ່ມຶງແທ້ບໍລິສັດສົ້ນຕີນ,0,0,0,0.99943405
ສັ່ນແລ້ວໂພສບໍ່ໄດ້ແກ່ໄຂ່ດວນ,0,0,0,0.9990434
ສົນໃຈຫຼາຍ,1,1,1,0.9993773
ຫກດົ,1,1,1,0.98646784
vonexaດີໃຈແລະໄວ້ໃຈກັບມະນີລາວຕິດຕັ້ງງ່າຍໃຊ້ງ່າຍສໍາລັບຄົນລາວ,1,1,1,0.9995876
ເນົາມັກ,1,1,1,0.9990169
ບາຍ,1,1,1,0.9995197
ໃຊ້ໂທລະລັບນີ້ມາຢາກມີແຕ່ຄວາມລະວັງເປັນສ່ວນຫລາຍແຕ່ບໍ່ຮູ້ສາເຫດຂອບໃຈບາງຄັ້ງຍາມເມື່ອສາດໄວ້ຍັງມີຄນມາຫລັກຫລີ້ນໂດຍຄວາມບໍ່ໂສພາກະມີຍອມຮັບຂອບ່ໃຈຄົນແລະສັດຂອງຂ້ອຍນະ,1,1,1,0.99803144
ເຮົາໃຊ້ບໍ່ຊ່ໍານານປານໃດແຕ່ກໍ່ດີຫຼາບສໍາລັບສູນແຕ່ດຽ່ວນີ້ເມເຈີຖືກປິດ ຂໍກະລຸນາການຕອບແຊັດໃຫ້ສະດວກແດ່ຂໍຂອບໃຈ.,1,1,1,0.9988991
ແອັບມັນໂກງຫມຸນວົງລຊ້ບໍ່ເຄີຍໄດ້ເນັດຫຼືເງິນຈັກເທື່ອມີແຕ່ຊວນຫມູ່ຫລິ້ນເກມ,0,0,0,0.9994429
ສະດວກ ລຽບງາຍ,1,1,1,0.99960107
ສາວ ມີ,1,1,1,0.9982248
ເລັນດີມາກ,1,1,1,0.9995963
ໃຊ້ດີ ຄົນນິຍົມຫລາຍ,1,1,1,0.99960023
ລະດວກໃນການຊືເລກຕື້ມໂທລະສັບ,1,1,1,0.937783
ຄວນແອັບກາກພັດທະນາແດ່ເດີແອັບຄວຍມຶງເປັນແມ່ຫຍັງເຮັດແມ່ມຶງຫຍັງກະບໍ່ໄດ້ພໍ່ມຶງຕາຍພັກທະນາແອັບແດ່ມີປັນຍາແຕ່ສໍານີ້ຫວາ?,0,0,0,0.9996737
ດີທີສຸດເລີຍ,1,1,1,0.99964166
ຂໍສຽງຟັງພອນເພື່ອອອ້ຍຫມູ່,1,1,1,0.9994504
ສະຖາ່ນະກໍາລັ່ງໃຊ້ງາ່ນ,1,1,1,0.99279517
ທທຮຄີ,1,1,1,0.99300176
ມຸກ ບ້ານໂຍກ,1,1,1,0.9943031
ບໍ່ແມ່ນກູດູຖູກລາວເດີ້ ແຕ່ແອັບນີ້ມັນຄືສົ້ນຕີນນິ ບໍລິການຢືມສິບພັນໃຊ້12000 ບາດກູຢືມລະ ໂອນໃຫ້8000ກີບ ໃຫ້ຢືມລະຫັກດອກພ້ອມໂລດ ຂໍບອກຄົນລາວນໍາກັນວ່າຢ່າໃຊ້ບໍລິການເດັດຂາດຖ້າບໍ່ຢາກເປັນເຫຍື່ອ,0,0,0,0.99895763
ຫມູນບໍ່ເຄີຍຖືກ ຫມູນຖືກກະແຊ່ບໍ່ໄດ້,0,0,0,0.99965405
ກາກແຮງຂໍລະຫັດເປັນຊົວໂມງກະບໍ່ໄດ້,0,0,0,0.999723
ບໍ່ມີຫຍັງເລີຍ,1,1,0,0.95275027
ອານ,1,1,1,0.99529994
ໃຊ່ງາຍ,1,1,1,0.9980392
ໃຊ້ດີມີປະໂຫຍດ,1,1,1,0.9996594
ວີແຮບ,1,1,1,0.99611557
ມັນບໍ່ເດັ້ງເຕືອນ,1,1,0,0.96210754
ກົດດາວໃຫ້ແລ້ວເດີ້,1,1,1,0.9984421
ອັບເດດລ່າສຸດ ລ໋ອກອິນເຂົ້າໄປລະແອັບເດັ້ງ ໃຊ້ງານບໍ່ໄດ້ເລີຍ,0,0,0,0.99968255
ແມ່ຮັກລູກລູກຮັກແມ່,1,1,1,0.9993525
ປະສົບການຄວາມຮູ້ຈັກດີຫຼາຍ,1,1,1,0.9995345
ລະບົບນໍາໄຊ້ສະດວກວ່ອງໄວ ຖືກໄຈ,1,1,1,0.9995345
ເປັນແອບທີ່ໂຄດກາກ ລະບົບໂຄດຊ້າ ກວ່າຈະໄດ້ຮັບ otp ກະເປັນມື້ .ກາກ,0,0,0,0.9996561
ພານ ພານ,1,1,1,0.9836285
ທ້າວບຸນລອດ ໄຊຍະບູລີ,1,1,1,0.9987405
ພະດີ ນະດີ ດີຈັງ ທະນະ ກະໄດ້,1,1,1,0.99960417
ໃຊ້ ບໍ່ດີເລີຍ,0,0,0,0.9985562
ແຍ່ມາກບໍຖືກເລີຍລົບຖີມເສຍ,0,0,0,0.9995592
ໂອນເງີນບໍ່ໄດ້,0,0,0,0.99751294
ໃຫ້4ດາວ ເພາະຫມຸນສວ່ນຫຼາຍຖືກແຕ່ໂພດສະຖານະກັບຟັງເພລງ,1,1,0,0.9968087
ຂໍ້ຂອບໃຈທີ່ແນະນໍາມາຕະຫລອດຈະນໍາເອົາປະສົບການນິ້ມານໍາໃສ່,1,1,1,0.99949074
ສະດວກວອງໃວ,1,1,1,0.99961406
.ສາທູນໍາເດີ,1,1,1,0.99749833
ຍ້ອນມີເຟດຈີ່ງເຮັດໃຫ້ເຮົາໄດ້ພົບຫມູ່ທີ່ບໍ່ເຫັນກັນ 10 20 ປີ.ຂອບໃຈທີ່ເຈົ້າສ້າງມັນມາ,1,1,1,0.999188
ໄຊ້ດີມາກເລີຍ,1,1,1,0.99960023
ເປີຍາກ. ຕອນນີ້ເປີດບໍ່ໄດ້,0,0,0,0.9992986
ບ້ານນາກົກໂພ,1,1,1,0.9953635
ໂລແຊະ ແລນີ,1,1,1,0.9901211
ຄໍາເພັງລາວຈຸງ,1,1,1,0.9968149
ໃຊ້ແລ້ວດີຫລາຍເຫມາະສົມສໍາຫລັບຄົນລາວທີຈະຫາລາຍໄດ້ເສີມແຕ່ຍັງມີຈຸດເສຍຄືຖ້າໂທລະສັບມີບັນຫາໂຫລດມາໃຫມ່ແລ້ວເຂົ້າບໍ່ໄດ້ຂ້ອຍຍັງຊອກວິທີແກ້ໄຂບໍ່ໄດ້ໃຜຮູ້ວິທີຊ່ວຍແນະນໍາໃຫ້ແດ່ ຂອບໃຈ,1,1,1,0.99930406
ໂຖນາ,1,1,1,0.97118384
ຫຫງອໄ ຝ ຝຝ,1,1,1,0.97931457
ເຟດສະບູກນີ້ຮັກແຮງ,1,1,1,0.9991424
ສະບາຍດີຈ້າເພື້ອນ.ຮັກທຸກ.ໆ.ຄົນ.,1,1,1,0.99951315
ຄົນເຮົາເກີດມາບໍ່ມີໃຜຊີດີຫນົດທຸກຄົນ,1,1,1,0.9989141
ນສໍລວນນຈນ,1,1,1,0.99170023
ເຫງົາຖ,1,1,1,0.991032
ໄຊ້ດີແຮງ,1,1,1,0.99962366
ໃສ່ເບີຖືກລະກະຍັງເຂົ້າບໍ່ໄກ້ ປັບປຸງໂດຍດ່ວນແນ່ເດີ້,0,0,0,0.9995695
ຂີ້ຕົວະ,0,0,0,0.9991204
ນ້ອງໄຟ,1,1,1,0.99424744
ດີອີຫລີ,1,1,1,0.9996331
ແມ່ບ້ານ,1,1,1,0.99877924
ຂອບໃຈຫຼາຍໆສົ່ງເອກະສານງາຍຂື້ນ,1,1,1,0.999332
ສຸນີ ສູລິເດດ,1,1,1,0.99722075
ເປັນຕາຍຍັງກະບໍຮູ້ເຂົ້າບໍໄດ້ ປ້ອນລະຫັດຖືກກະຍັງເດັ່ງອອກໃຫ້ປ້ອນລະຫັດໃຫມ່ ເຮັດເຊົ້າຈົນຄ່ໍາກະຍັງເຂົ້າບໍໄດ້ ແອັບຕາຍແດກ,0,0,0,0.9997677
ໃຊ້ໄດ້ບໍ່,1,1,1,0.99482024
ທ່ານວົງໄຊ.ຕງົ້ປໍວາ້,1,1,1,0.99624926
ເປັນຍັງເວລາຫມູນໄດ້ບ່ອນຟັງເພງຜ່ານເຄືອງຈຶງປະຕິບັດບໍໄດ້,0,0,0,0.99787605
ລັກຈາກອັບເດດລົງສະທານະກະບໍໄດ້ສົງຂໍຄວາມກະບໍໄດ້ສວຍແກແດ້,0,0,0,0.99944717
ມີຫຼາຍຟັງຊັນການໃຊ້ງານ,1,1,1,0.9975274
ປະສົບການນອ້ຍ.,1,1,1,0.9992735
ແກ້ໄຂດ່ວນ ໃສ່ເບີບໍ່ຜ່ານ,0,0,0,0.99862766
ໄຊ້ເພື່ອສື່ສານຂໍ້ມູນ,1,1,1,0.9988213
ເບິ່ງຄືນແນ່ກົດຢືນຢັນແລ້ວບໍ່ໄດ້ລົງທະບຽນບໍ່ໄດ້ມັນເປັນນໍາເຄື່ອງຫລືເປັນນໍາຫຍັງບໍ່ເຂົ້າໃຈ,0,0,0,0.99956864
ມັນໃຊ້ບໍ່ໄດ້ເຂົ້າສູ່ລະບົບລະບອກໃຫ້ໃສ່ລະຫັດຜ່ານລອ໋ກອິນເອົາມາແຕ່ໃສລະຫັດຜ່ານ ປ້ອນເບີເຂົ້າໄປຍັງບໍ່ໄດ້ປອນຂໍ້ມູນຫຍັງຊ້ໍາໃຫ້ປ້ອນລະຫັດຜ່ານລະ,0,0,0,0.9996724
ທ້າວຄໍາຮັກ,1,1,1,0.99918324
ທຸຈື,1,1,1,0.99550545
ໂສາເດີ,1,1,1,0.99704784
ເຊື່ອມຕໍ່ບໍ່ໄດ້ ກວດສອບອິນເຕີເນັດ ແອັບອື່ນກະໃຊ້ປົກກະຕິເດະ ແປ້ໄຂດ່ວນ,0,0,0,0.9993068
ເຂົ້າລະຫັດໄປແລ້ວຍັງຖາມຫາອິກຄວາຍເອີ່ຍ ເສຍເວລາ,0,0,0,0.99933076
ຍາກໃຫ້ມີບໍລິການເຊື່ອມບັດatmເຂົ້າກັບbcel one ທາງອອນລາຍໂດຍບໍ່ຕ້ອງເຂົ້າໄປລົງທະບຽນຢືນຍັນຢູ່ທະນາຄານ,1,1,1,0.99225944
ມັກລາວແອັບນີ້ມາກ,1,1,1,0.9995728
ຢາກເອົາເງິນເຂົ້າບັນຊີກະເອົາເຂົ້າຢາກຕ້ອງໄດ້ໃຫ້ເຂົາເອົາເຂົ້າໃຫ້ ຢາກເຊື່ອມກັບບັນຊີທະນາຄານກະບໍ່ໄດ້ອີກຈັກເປັນຄວຍຫຍັງ ແກ້ໄຂແນ່ເດີ,0,0,0,0.9995178
ແອບຂີ້ຫມາມຶງເອີຍຫມຸນວົງລໍ້ກະບໍ່ໄດ້ຫຍັງຈັງແມ່ນໂງ່ແອບຂອງລາວ,0,0,0,0.99968374
ແອັບບໍ່ດີ ບໍ່ມີຄົນແຊັດນໍາ,0,0,0,0.9991441
ມ່ວນມັນສະນຸກທຸກທີ່ຊ່າໄວທັນໃຈເນັດຊ້າແລ້ວ,1,1,1,0.9995497
ຊອມມາກ,1,1,1,0.9970131
ຊິເຂົ້າລະຫັດພັດບໍ່ສົ່ງລະຫັດມາເຊີນແກ້ໄຂແນ່ເດີ,0,0,0,0.99965405
ອະທິບາຍກໍ່ເຂົ້າຢາກ . .,1,1,1,0.82566
ສົ່ງລະຫັດມາໃຫ້ ໃສ່ເປັນຮ້ອຍຄັ້ງກະບໍ່ໄດ້ ຫົວຮວຍກູນີ້,0,0,0,0.9996959
ສະດວກ ວ່ອງໄວແລະທັນສະໄຫມ,1,1,1,0.9996147
ຍອດຍ້ຽມ,1,1,1,0.9995443
ທ້າວຕົ້ນຄໍາ.20.10.2020facebook,1,1,1,0.99615306
ຄ້າງ ສັກຊ້ມ,0,0,0,0.99855345
ດີຢູ່ ແຕ່.ອາຍຸການນໍາໃຊ້ດາຕາທີ່ມູນໄດ້ມັນນ້ອຍໂພດຢ່າງນ້ອຍກະ2 3ມື້ສາ. ລະກະເມນູຕ່າງໆກະນ້ອຍໂພດ. ທີ່ໃຫ້5ດາວເພາະເປັນແອັບທີ່ຄົນລາວສາມາດໃຊ້ໄດ້. ຂອບໃຈ,1,1,1,0.9975466
ຮັກແຮງ,1,1,1,0.99959475
ເດັກຊ່າງຮັກຈິງ,1,1,1,0.9995372
ມ່ວນຫຼາຍ,1,1,1,0.99964786
ຢາກລີ້ນ,1,1,1,0.99933076
ມີຄວາມປອດໄພສູງ,1,1,1,0.9996381
ໃຊ້ໃດ້ດີວອງໃວເຈົ້າ,1,1,1,0.999577
ບັກຈ່ອຍ,1,1,1,0.9901782
ທາງເລຶອກທີດີ ວ່ອງໄວ ທັນໃຈ ໃນການຊື້ສີນຄ້າໃນຍຸກໃຫ່ມ,1,1,1,0.99955493
ໃຊ້ງ່າຍ ບໍ່ມີບັນຫາຫຍັງ ຂ້ອຍໃຊ້ແຕ່ສະໃຫມມໍ2 ຕອນນີ້ກະໄດ້15ປີລະເດະ,1,1,1,0.9991374
unitelສັນຍານແຮງຊັດເຈນດີ,1,1,1,0.99698395
ໂຄດພ່ໍໂຄດແມ່ໂຄສະນາຫ່າມັນນິເບິ່ງຄິບຕອນໃດຂື້ນແຕ່ໂຄສະນາອັນນິຖ້າກູຮູ້ສູນມັນຢຸ່ໃສ່ຊິໄປຈູດຖິ້ມແມ໋ງເລີຍຄໍາລານຫວະ,0,0,0,0.99962294
ໂອນຂ້າມໄດ້ຫລາຍທະນາຄານ ຄັກສຸດ ຕອນນີ້ຍົກໃຫ້. ldb trust app,1,1,1,0.96641046
ຂ້ອຍມີເງິ່ນຢູ່ນັ້ນເຂົ້າແອັບຄືນບໍ່ໄດ້,0,0,0,0.99273914
ໄຊ້ງານງ່າຍ,1,1,1,0.9995327
ສະດວບສະບາຍສຸດໆເລີຍ,1,1,1,0.99952626
ຄູຈະປະສົບປະການໃນສິ່ງນີ້,1,1,1,0.9995073
ໂຄດຫ່ວຍແຮງຟ້າວວຽກເຂົ້າແອບມີແຕ່ບອກວ່າສັນຍານບໍ່ດີເຊຶ່ອມຕໍ່ໃຫມ່,0,0,0,0.9996207
ຄືແບບອິຫຍັງຄືຫລີ້ນບໍ່ໄດ້ກົດໂຕສະຕິກເກີ້ລະມັນກະແບບຫມຸນໆຢຸບາງເທື່ອບໍ່ໄດ້ກົດກະເປັນລະກະມັນກະຂຽນວ່າຂາດການເຊື່ອມຕໍ່ຄືແບບເປັນອິຫຍັງໄລຄໍາອໍ້ກະບໍ່ຈັກຈິວ່າເນີ້ສູນ,0,0,0,0.9996513
ດີທີ່ມີແບບນິ,1,1,1,0.9996309
ດີດີຈຮາ,1,1,1,0.99964297
ໂຄດກາກແອບເກົ່າກະດີແລ້ວຫນາປ່ຽນຫາສິແຕກຫຍັງ,0,0,0,0.99964094
ມັນດີຫຼາຍ,1,1,1,0.99962664
ຮູບຖ່າຍບໍ່ຖືກຕອ້ງບໍ່ສາມາດລົງທະບຽນໄດ້ ດາວໂຫລດແອັບໃຫມ່ຂໍ້ມູນຜິດຄືເກົ່າ ບໍ່ສາມາດລົບຂໍ້ມູນເກົ່າຫລືແກ້ໄຂ້ໃຫ້ຖຶກຕອ້ງໄດ້ແອັບນີ້ບໍ່ເຖິ່ງລູກຄ້າທຸກຄົນເສຍເວລາ,0,0,0,0.9995745
ເຕີມບັດບໍ່ໄດ້ຄະແນນແລ້ວປັບປຸງແດ່ແຕ່ກອນໄດ້ດງວນີ້ເຕີມບໍ່ໄດ້,0,0,0,0.9996923
ເລືອກດຮ,1,1,1,0.9992084
ແມ່ນດີ,1,1,1,0.9996402
ຮຸ້ສືກພູມໃຈ,1,1,1,0.9993625
ໃສສະດວກສະບາຍບໍ່ຍຸ່ງຍາກ,1,1,1,0.99960726
ຄວາມສຸກຂອງຕົວເອງ. p,1,1,1,0.99960107
ດາວໂຫລດຊ້າແຖມລົງສະຕໍລີກະບໍໄດ້ປ່ຽນປັບປຸ່ງໄຫມ່ແນ່,0,0,0,0.9997347
ສຸດຍອດດີມາກ,1,1,1,0.9996451
ຍອມເດີ້ແອັບໂຄດລ້າສະໄຫມກູວ່າເບີກູຕ້ອງຖືກຕັດລະແຫລະ,0,0,0,0.9981828
ໂຄສະນາລາຍແຮງມັກແຮງແອັບນີ້ຢາກໃຫ້ເຂົ່າປະໂຄສະນານ້ອຍລົງໄປອີກ,0,0,0,0.9985896
ເມສາ,1,1,1,0.9983125
ພຽງແຕ່ໃຊ້ລະຫັດແນະນໍາ 53060724 ຈະໄດ້ຮັບເງິນພິເສດຈາກການຊື້ຫວຍແລະເຕີມບັດ30,1,1,1,0.997917
ເນັດຊ້າເກີນໄປ,0,0,0,0.9991048
ສອບລິນຄະ,1,1,1,0.97840524
ດີດິດີ,1,1,1,0.99962807
ໃຊ້ດີແລ້ວແຕ່ໃນເຟສບຸກນີ້ບໍ່ມີການຕິດຕັ້ງຜູ້ຕິດຕາມຕອນນີ້ຢາກໃຫ້ມີຊ່ວຍບອກໃຫ້ເດ່,1,1,1,0.9992387
ຊ້າແອັບບໍ່ຄວາມພັດທະນາ,0,0,0,0.999188
ບອກເລີຍວ່າຂາດບໍ່ໄດ້ແອັດນີ້,1,1,1,0.99759394
ໃຊ້ງ່າຍແລະສະດວກ,1,1,1,0.9996331
ໄມເພັດ ໄອເດຍ,1,1,1,0.9914722
ເພດກົດຕິມຕາມໃດ,1,1,0,0.98965186
ລືມລະຫັດຜ່ານ,1,1,1,0.9981178
ບູນ,1,1,1,0.99847525
ຢາກກີນຫຍັງ ກະສັ້ງຊື້ງ່າຍດີ,1,1,1,0.9994185
ດີລາຍຟັງເພລງຫລືວີທີໂອໂດຍບໍ່ເສຍຄ່າລາຍ,1,1,1,0.9995609
ບໍ່ອານຸມັດຈັກເທືອ,0,0,0,0.9891606
ເອົາ4ດາວໄປກ່ອນ,1,1,0,0.9923638
ດາວຫນຶ່ງຫລາຍແທ້,1,1,0,0.9598375
ດີຫຼາຍຄັກສຸດ,1,1,1,0.99964166
ຈາ ແຮະ ຫືຼ ສອນ ຢາກໃຫ້ ທຸກຄົນ ກົດ ໄລ ກົດ ແຊງ ດ້ວຍ ຄວາມ ຈິງ ໃຈ,1,1,1,0.9986223
ໃຊ້ດີໆໆໆ,1,1,1,0.99958354
ຍຍຍຂາຍມ,1,1,1,0.9500878
ໃຊ່ດີໃຊ້ງາຍ,1,1,1,0.99956185
ອົດທົນຄືຄົນເກັ່ງ,1,1,1,0.998319
ແກ້ມໃສ,1,1,1,0.91964257
ສອບມາກ,1,1,1,0.97644573
ມາກຊື້ເລກສຸດໆ,1,1,1,0.99196917
ຂອງແທ້ໆຫວ໋າ,1,1,1,0.9975466
ຂໍເປີດໃຊ້whatsapp,1,1,1,0.9989536
ເຮີປໍ,1,1,1,0.9869795
ຢາກໃຫ້ສົມດຸ່ນຫລີ້ນວອງໄວທັນໃຈ,1,1,1,0.9995216
ທ້ທໃຮຝຝ່,1,1,1,0.99195355
ຂໍໄດ້,1,1,1,0.9995876
ສາວ ເຕ້ຍ,1,1,1,0.99705935
ມ່ວງ,1,1,1,0.9896918
ສວັດດີເປັນຄນົປະຊາຊົນໄປທໍາງານປະເທດໄທທໍາງານສວນຖົວເລຍທີ່ນັນບູລີ,1,1,1,0.99921143
ແກ້ໄຂ່ແນ່ເດີເຂົ້າໄປແລ້ວຂ້າງຢູ່ຫນ້າລັກເລິຍ,0,0,0,0.9990054
ພັດທະນາໃຫ້ສະດວກຂຶ້ນຕື່ມ ແອັບເຂົ້າບໍ່ໄດ້ເດັ້ງອອກຕະຫລອດ ລະຫັດຂໍ້ຄວາມກະສົ່ງມາບັກຫລາຍໆເທື່ອບໍ່ເຫັນເຂົ້າໄດ້ຈັກອັນ,0,0,0,0.9994568
ມັນເດັ້ງ,0,0,0,0.997537
ຄວາມຝານຂໍໃຫ້ເປັນຈິງ,1,1,1,0.9995479
ຫມັ່ນອັບເດດເລື້ອຍໆແລ້ວການໃຊ້ງານຈະດີຂື້ນ,1,1,1,0.99860066
ຕັ່ງແຕ່ໄສ້ ໂທລະສັບມາກະພູ່ມໄຈຫລາຍແລະຄວາມສຸກກັບ facebook ມາຕະຫລອດ ຂໍ່ຂອບໄຈນໍາບໍລິສັດ ແລະໂຄ່ງການນີ້ທີ່ເຮັດໃຫ້ ຫລາຍລ້ານຄົນຖົ່ວໂລກໄດ້ມີໂອກາດຮງນຮູ້ ແລະໄດ້ປະໂຫຍດນໍາອີກຫລາຍອັນພັນຍ່າງ ທີ່ຕ້ອງກ່ານຍາກຮູ້ຍາກເຫັນໄດ້ເບີ່ງໄດ້ຟັ່ງ ທຸກໆເລື່ອງລາວຕ່າງໆ ສຸດທ້າຍຂໍ່ທຸກໆທ່ານທີ່ໃນ່ໂຄ່ງການ facebook ນີ້ຂໍ່ໃຫ້ມີແຕ່ຄວາມສຸກກາຍສະສະບາຍໄຈ ຕະຫລອດການ,1,1,1,0.99907637
ດີສຸດຢອດ,1,1,1,0.9996486
ເລືອງເງິນ,1,1,1,0.995488
ເຊື້ອຊາດື ໄຟຟ້າ,1,1,1,0.9979888
ດີຫຼາຍໄດ້ຮູ້ຈັກຫຼາຍຄົນ,1,1,1,0.9996111
ດີຄືກັນ ສະດວກ,1,1,1,0.999658
ໃຫ້ກໂຫລດໄດ້ແນ່,1,1,1,0.99261135
ສະດວກວອງໄວທັນໃຈ,1,1,1,0.9996252
ໃຊ້ງານໄດ້ດີຫລາຍໆ,1,1,1,0.99957854
ອັບເດດໃຫມ່ໂຄດຫນ້າເບື່ອ ບໍ່ມີຮອດເກມມຸ່ນວົງລໍ້ ແຖມກິນເນັດອີກ ບອກຕົງໆເລີຍວ່າ ແອັບໂຄດກາກ ແກ້ໄຂໃຫ້ເປັນຄືເກົ່າດຽວນີ້ unitel ໃຫ້1ດາວ ຖ້າເປັນໄປໄດ້ຢາກໃຫ້0ດາວ ເພາະວ່າແອັບບໍ່ມີຄວາມຕື່ນຕາຕື່ນໃຈເລີຍ.,0,0,0,0.9996451
ໃຊ້ງານສະດວກສະບາຍຂຶ້ນ,1,1,1,0.9996207
ກດີນະ,1,1,1,0.999159
ຊອບຄະ,1,1,1,0.9971551
ກະດີໃດ໋,1,1,1,0.9994917
ຫມາບໍ່ແດກແອບສົ່ງລະຫັດມາແລ້ວແຕ່ເຂົ້າບໍ່ໄດ້ບອກກໍາລັງໂຫລດກູຖ້າເປັນສອງມື້ຍັງໂຫລດຢູ່ຄືເກົ່າ,0,0,0,0.99967754
ເຂົ້າບໍ່ໄດ້ເຂົ້າແອບລະມັນເດັ້ງອອກ ແກ້ໄຂ້ແດ່,0,0,0,0.9997198
ບບ່ດດ,1,1,1,0.98771137
"ໃຊ້ງານສະດວກສະບາຍຍັງມີການໄດ້0,5 ສູງເຖິງ5 ທຸກຄັ້ງສໍາຫລັບການຊື້ທ່ານໃດໂຫລດມາແລ້ວລະຫັດແນາະນໍາແມ່ນ00687099",1,1,1,0.9994173
ເຂົ້າແອບບໍ່ໄດ້ເຂົ້າດັງອອກເຂົາເດັງອອກ,0,0,0,0.9997428
ມີປະໂຫຍດ.ປະຢັດເງິນງ່າຍສະດວກ.ດີທຸກຢ່າງ,1,1,1,0.99960333
ສາຍນ້ໍາ,1,1,1,0.9967397
ຢາກລົງທະບງນເຈົ້າເພາະວາ່ສືໂທລອສັບໄຫມມາບໍຮູ້ຫັຍງເລີຍເຈົ້າ,1,1,1,0.99739385
ແອັບນີ້ຫວຍແຕກສຸດຕອນນີ້,0,0,0,0.999445
ຂອ້ຍຮັກເຂົາ,1,1,1,0.99947053
ອັດເດດວັນທີ 31 10 2022 ກົດເຂົ້າແອັບບໍ່ໄດ້ເລີຍ ເດັ້ງອອກຕະຫຼອດ,0,0,0,0.99973255
ສະດວກ ວ່ອງໄວ ປອດໄພ,1,1,1,0.9996338
ດີໆ.ສະດວກປອດໄພໄປກັບsokxay plus ເລກເນະນໍາ22302400.,1,1,1,0.99957615
ຂໍໃຫ້ປັບປຸງວິທີ່ການລົງທະບຽນແດ່ເດີ ເວລາຖ່າຍຮູບໃຫ້ຖືກວິທີ່ຕາມກໍານົດແມ່ນຍຸ້ງຍາກຫລາຍ ຖ່າຍແນວໃດກໍບໍ່ຜ່ານ ແລະເວລາເຂົ້າແອັບຯບາງເທື່ອມັນບໍ່ໄດ້ ຢູ່ດີໆກະເດັງອອກ ເອົາເບີໃສ່ກະອອກຕະຫລອດ ທໍາອິດກະຄິດວ່າເປັນນໍາໂທລະສັບຂ້ອຍແຕ່ບໍ່ແມ່ນ.ປ່ຽນໂທລະສັບລົງທະບຽນໄດ້3ຫນ່ວຍແລ້ວບໍ່ຜ່ານຈັກເທື່ອຍ້ອນເຂົ້າແອັບບໍ່ໄດ້ ຂໍໃຫ້ປັບປຸງແດ່ເດີ ຂອບໃຈ,0,0,0,0.9994253
ຄືບໍ່ໄດ້ຄືເກົ່າ ແຍໆ,0,0,0,0.9990908
ແອັບຫູຂີ້ລິນຍັງບໍໄຜດ້ລະບົບຂີ້ກາກ,0,0,0,0.9996898
ຂະຫຍາຍສາຂາໃຫ້ມັນທົ່ວປະເທດແຂ່ງກັບອະນຸສິດ ຮຸ່ງອະລຸນເລີຍ,1,1,1,0.99554896
ຂໍເປັນກໍາລັງໃຈໄຫ້ພວກທ່ານພັດທະນາແອັບ mocha ຂ້ອຍມັກຫລາຍຄະແນນໄຫ້ເຕັມ100,1,1,1,0.9994622
ອອນລາຍ,1,1,1,0.99583375
ມັກແອັບນີ້,1,1,1,0.999572
ປັບປຸງໃຫ້ດີກວ່ານີ້,1,1,1,0.74553734
ມີຄວາມຫມາຍ,1,1,1,0.9996395
ແອັບທີ່ໃຊ້ງ່າຍທັນສະໃຫມຕ້ອງແມ່ນ lvbdigibank,1,1,1,0.9982993
ຮູ້ສຶກມັນເປັນສີ່ງທີ່ດີໆ,1,1,1,0.9995963
ກາກ ຫມູນກະບໍໃດ້ ເອົາອອກສາ,0,0,0,0.99966073
ດີເດັນຫລາຍຂໍຂອບໃຈ,1,1,1,0.9996309
ລົງທະບຽນຍາກແຮງ,0,0,0,0.9996424
ອັບເດດແລ້ວກະຊ່ວຍເຮັດໃຫ້ມັນດີແນ່ອັບມາມີແຕ່ປັນຫາກູລະອົກແອບນີ້ຍ້ອນ,0,0,0,0.99793327
ຢາກຊ້າເດີ,1,1,1,0.9967269
ຊ້າ. ຂໍ້ມູນຮ້ານບໍ່ມີ.,0,0,0,0.999089
ແອັບຫ່ວຍແຕກ ໂຫລດມາເຮັດຫຍັງກະບໍ່ໄດ້ ເຂົ້າຫຍັງກະບໍ່ໄດ້ ບໍ່ໄດ້ຂີ້ຫມາປາແດກເຮ້ຍຫຍັງຊ້ໍາ,0,0,0,0.99974984
ຄີາສກ,1,1,1,0.99090964
ແອັບນີມັນເປັນຍັງໃຊ້ເບີລົງທະບຽນພໍ່ກອບຂໍ່ມູນເອກກະສ້ານຈະສໍາເລັດມັນຄື່ມັກເດັງອອກເອງວະເຮັດເປັນ100ເທີ່ອເປັນຄື່ກັນມົດທຸກເທີ່ອບໍ່ຜານເດີແອັບນີ,0,0,0,0.99907637
ມັນດີອີຫລີ,1,1,1,0.99960417
ດີຫລາຍໄວ້ແທ້,1,1,1,0.9996526
ແອັບສົ້ນຕີນລັອກອິນພໍ່ມຶງຕາຍ,0,0,0,0.9994684
ເຂົາກອງສະແກນຈາຍສົດບໍ່ໄດ້ມັນມຶດ,0,0,0,0.9994035
ສະດວກດີຫລາຍ,1,1,1,0.9996594
ໄດ້ພໍສິ່ງໄຫມ່ໆມີເພື່ອນຫລາຍຂຶ້ນໂລກເຮົາສວນຕົວຂອງເຮົາກ້ວາງອອກ,1,1,1,0.9992084
ງາຍ ສະດວກສະບາຍ ຖືກໃຈ,1,1,1,0.9996244
ເບື່ອໂຕບັງຄັບປຽ່ນລະຫັດນີ້ແລະໃສລະຫັດເກົ່າເສືອກວ່າບໍ່ຖືກ,0,0,0,0.99956864
ພີດາວ,1,1,1,0.99351174
ຜູ້ດູແລ່ກຸ່ມບາ່ວໂສດຄົນຈິງໃຈ.ນອ້ຍຄົນຈີງໃຈ.,1,1,1,0.99887305
ໂຄດຫ່ວຍແຕກສະຫມັກກະເດັ້ງອອກຄືນແຖມຍັງໄດ້ເສຍເງິນຄ່າສະແກນບັດກວດວັກຊີນອີກ20ພັນຜີບ້າເອີ້ຍ,0,0,0,0.9997098
ໄຊດີຫລາຍ ສັນຍານກະແຮງ,1,1,1,0.9994887
ສຽງແຊັດ,1,1,1,0.9990619
ດິຈາ,1,1,1,0.9941347
ສະມັກບໍ່ໄດ້ມັນລົງທະບຽນໃບຫນ້າບໍ່ໄດ້ແກ້ໃດດຸເປັນສິບເທື່ອລະກະຍັງບໍ່ໄດ້ຍຸແກ້ໃຫ້ແນ່,0,0,0,0.9997029
ຂູປ,1,1,1,0.9966036
ລົງທະບຽນບໍ່ໄດ້ເດີ້ແອັບມັນບໍ່ໃຫ້ລົງ,0,0,0,0.9997154
ຫນ້າຮັກ,1,1,1,0.9994185
໑ອໂສຂ,1,1,1,0.99135584
ດີໃຈທີ່ໄດ້ນາໍາໃສ່ບໍລີການ tplus,1,1,1,0.99954
ຂໍເປີດwhatsapp,1,1,1,0.9989329
ແຊັດໄວໄດ້ດັ່ງໃຈ,1,1,1,0.9995408
ມີປະໂຫຍດຫລາຍ,1,1,1,0.9996451
ແກ້ໄຂແນ່ເວລາທີ່ຫມຸນໄດ້ລະບໍ່ເຄີຍສົ່ງໃຫ້ປັບປຸງແນ່,0,0,0,0.9990582
ນາງສຸກ,1,1,1,0.9990054
ຂາວໃນ,1,1,1,0.9995453
ຮຽນມານ້ອຍແລະດ້ອຍຄວາມຮູ້,1,1,1,0.9990728
ຮຶຮຶ່ຮືຮ່,1,1,1,0.99306935
ໂຄສະນາຕະຫລອດ ລໍາຄານ,0,0,0,0.9989698
ແອບດີໆຂໍໃຫ້ພັດທະນາຕໍ່ໄປ,1,1,1,0.9987405
ດີຫລາຍ very nice,1,1,1,0.9996395
ດີໃຈລາຍ,1,1,1,0.99965537
ມັກລະາຍໆໆ,1,1,1,0.9994579
ຄັກຢູງ່າຍໆ ຢູ່ໃສກະໄດ້,1,1,1,0.99911696
ຄຸນຍອດແຢ່ມ,1,1,1,0.9995497
ມັກແອັບລາວຫລາຍໆມີໂປຣໂມຊັ້ນຕລອດ,1,1,1,0.9992693
ປັນເທືອໄດກະບໍໄດ້ຂີ້ຖີເກີນ,0,0,0,0.99930537
ໃຊ້ດີອີ່ຫຼີເຮົາຕັ້ງໃຫ້ອິນເຕີເນັດໃຊ້4m,1,1,1,0.99958104
ໂຫຍໂສດໃດ,1,1,0,0.97786224
ໃຊ້ຕໍ່ໄປ,1,1,1,0.99864095
ທຸກຢາງດີ,1,1,1,0.99959713
ພະດີມີໂຊ້ກເດີ,1,1,1,0.99957615
ເປະຫລາຍ,1,1,1,0.9050709
ໂອນຂ້າມທະນາຄານແລ້ວມາເບິ່ງໃນລາຍການເຄື່ອນໄຫວບັນຊີຄືບໍ່ເຫັນຊື່ບັນຊີປາຍທາງເລີຍວ່າງເປົ່າ ແກ້ໄຂແນ່ຫນ້າຈະດີ ການແຈ້ງເຕືອນກໍ່ບໍ່ມີ ຖ້າມີຫນ້າຈະດີ,0,0,0,0.9992267
ຊວນເພື່ອນແລ້ວຄືບໍ່ເຫັນໃດ້ຂອ້ງຂວັນຢະສູນເອີຍ,0,0,0,0.99628556
ມັກຫຼີ້ນ ສຸດໆ,1,1,1,0.9995005
ໂອເຄທຸດເຫດການ,1,1,1,0.9976495
ອິດ,1,1,1,0.9989818
ດີທິສຸດ,1,1,1,0.9996493
ວົ່ງໄວທັນໃຈ,1,1,1,0.99954873
ມັກສະນຸກດີ,1,1,1,0.99958426
ມັກທຸກທຸກຢ່າງ,1,1,1,0.99958426
ມາຮັກກັບຂ້ອຍໄດ້ບໍ່,1,1,1,0.9994887
ດີໄຈຫລາຍທີ່ສຸດ.ທີ່ໄດ້ມານໍາໃຊ້ແອບນີ້,1,1,1,0.99961627
ຕ້ອງອັບໂຫລດຕລອດເວລາ,0,0,0,0.9964342
ສັງອາຫານໄມ່ໄດ້,1,1,1,0.9982003
ເຂົ້າລະຫັດແລ້ວເດັ້ງອອກມາຄືນ,0,0,0,0.9997075
ມສ ນຕັ່ວ,1,1,1,0.9951514
ປັງປຸງແນ່ເດີຂີ້ຖີ່ໂພດປິນກະບໍ່ໄດ້ເນັດຄັນຂີ້ີ່ຖີ່ກະຢ່າເຮັດສາແອັພນີ້ອາຍປະເທດອື່ນເຂົາ ເຮັດຫຍັງກະບໍ່ຄັກຄືເຂົາ ພັດທະນາແດ່ ແອັພກະຈອກໂພດ,0,0,0,0.9997367
ໃຈດີ,1,1,1,0.9996686
ແດດ,1,1,1,0.9097468
ລົງທະບຽນໃຊ້ງານງ່າຍ,1,1,1,0.9979048
koຖຶກໃຈ,1,1,1,0.99776566
ຂ້ອຍເປັນຄົນທີ່ໄຈນ້ອຍແຕ່ຂ້ອຍກະບໍ່ເຄີຍເວົ້າໄຫ້ບຸກຄົນອື່ນໆແລະຂ້ອຍກະເວົ້າວ່າຈ້າກັບໄພໆອີກເຖິງໄຈຈະນ່ອຍແຕ່ວ່າຂ້ອຍບໍ່ເຄີຍຄໍາເວ້າທີ່ບໍ່ສຸພາບຫຼືວ່າບາງຄົນເຖິ່ງໄຈຈະໄຫຍ່ກໍຕາມແຕ່ວ່າການວ່າຈາບໍ່ສຸພາບກະບໍ່ຄວ່າມມາຍຍັງດອກ.ຂ້ອຍເປັນຄົນທີ່ມັກຄວ່າມສະນຸດສະນານແລະເປັນຄົນທີ່ມັກການສະມັກຂີແລະເປັນຄົນມັກຄວາມເຮຮາແລະຂ້ອຍເປັນຄົນມັກການຮອງເພງລາຍໆແລະຂ້ອຍກໍມັກການເລ່ນເກ່ມແບບມີຄວາມຮູ້ໄດ້ພອມດ້ວຍຂອບໄຈ.ຕອນນີກໍຈະເວ້າເຖິ່ງການແບບບໍ່ເວ້າກັບຜູ້ອື່ນຫລືວ່າເພື່ອນໆແລະພໍ່ແມ່.ຜູ້ໄຫຍ່ແລະບໍ່ດູຖູກຄົນອີກເວ້າມ່ວນອອ່ນວ່ານບາດນີຈະເຖິ່ງແບບສົມເຜົ້າຂອງແຕ່ບຸກຄົ,1,1,1,0.98975134
ສະດວກສະບາຍໃນການຊື້ເລກຖືກປຸບໂອນປັບທັນທີ,1,1,1,0.99956435
ແອບຮັກ,1,1,1,0.9802808
ຮ້ານ,1,1,1,0.9920312
ຈັນດີ,1,1,1,0.99954873
ມັນເຮັດໃຫ້ຮູ້ຫລາຍຢ່າງ ຫລີ້ນສະດວກສະບາຍ ຕີດຕໍ່ຫາກັນງ່າຍຂື້ນ,1,1,1,0.9995443
ເນັດຊ້າແຮງຂະນາດສະມັດລາຍເດືອນຍັງຊ້າບາງເທື່ອສັນຍານຂາດຫາຍກະມີ,0,0,0,0.9996724
ອັບເດດຄັ້ງນີ້ດີຫລາຍ ພັດທະນາຕໍ່ໄປ,1,1,1,0.9992505
ໂຄດກາກເລີຍສູ້ໆ,0,0,0,0.99961555
ໃຫ້ພໍ່ມືງລົງແມ້ ແອບນີ້ ເກັ່ງອອກຕະຫລອດ,0,0,0,0.99885535
ຂໍຂອບໃຈທີໄຫ້ນໍາໄຊ້,1,1,1,0.99953806
ສ້າງapp ນີ້ມາເພື່ອຫຍັງ. ຖ້າໃຊ້ບໍລິການຫຍັງກະບໍ່ໄດ້ເລີ່ຍ. ລົ່ງທະບຽນຈັກເທື່ອກະບໍ່ໄດ້. ລົບລ້າງໄປຊະ app ຂີ້ຕົວະ app ຂີ້ໂກງ,0,0,0,0.9996699
ດິທີຊູນ,1,1,1,0.99723166
ທ້າວ ພຸດທະວົງ ຫລວງອາມາດ,1,1,1,0.9981578
ເລືອກຖ່ຍຮູບ,1,1,1,0.9974491
ມັນຄືລົບບັນຊີບໍ່ໄດ້,0,0,0,0.9983865
ຟິວເຕີ້ແລະເພງ,1,1,1,0.99371004
ໄວທັນໃຈເຄື່ອງບໍ່ມີເສຍ,1,1,1,0.9994536
ຂີ້ຖີແບບນີ້ຍັງກ້າສ້າງແອັບຄວຍສະຖຸນເກີນລົບແມ້ງ,0,0,0,0.99960953
ດິໆທຮ,1,1,1,0.98971164
ໃຊ້ດີຫລາຍແອບນີ້,1,1,1,0.99962294
ໂກຍ່7778,1,1,1,0.99271095
coogle ແມ່ນເອັບທີ່ສາມາດນ້ໍາໃຊ້ໄດ້ ຖ້າທຸກຄົນມີບັນຫ້າຕ່າງໆຂ້ອງໂທລະຊັບມືຖື່ ແມນສາມາດສຶກສາລາຍລະອຽດ ແລະ ຊ້ອຍເຫຼືອໃຫ້ຄໍາແນະໃນການແກໄຂ້ ຕິດຕັ້ງ ຂໍມູນໃດ້ທ້ານໄດ້,1,1,1,0.99879336
ມືນ້ອຍ,1,1,1,0.9979572
ໃຊ້ດີຫຼາຍໆເດີຂອບໄຈ,1,1,1,0.9996222
ໃນແອັບບໍ່ມີການຖືກເລກຂ້າງຄຽງ,0,0,0,0.9990601
ກະດີຢູ່ເດີ່,1,1,1,0.9995995
ກະok,1,1,1,0.9953994
ການໄຊ້ງານທີດີໄດ້ດີທີສຸດແມ່ນແອບນີເລີຍພອ້ມກັບການແນະນໍາທີດີມາກ,1,1,1,0.99951315
ຮູຂີ້ລ້າງເຄື່ອງໂທລະສັບໃຫ່ມໂຫລດມາເຂົ້າສູ່ລະບົບແນວໃດກະບໍໄດ້ຊິເຊົາໃຊ້ແລ້ວເດີຊິໄປເປີດບັນຊີທະນາຄານການຄ້າແທນແບບນິ,0,0,0,0.99963737
ຫວຍແຕກຫຼົ້ມຕະຫຼອດ,0,0,0,0.99951124
ມັກຄົ້ນຫາ,1,1,1,0.99945575
ສົ່ງລະຫັດ6ໂຕຊ້າເກີນໄປບາງເທື່ອກອບເບີເຂົ້າເປັນສີບເທື່ອຍັງບໍ່ສົ່ງມາເອົາໄປດາວດຽວພໍລະກັບແອັບແບບນີ້,0,0,0,0.9997508
ສະແກນໃບຫນ້າບໍ່ໄດ້,0,0,0,0.999071
ສ້ດນບາອ່ນ,1,1,1,0.9923934
ແຊບໆ,1,1,1,0.9993411
ເຊຍ,1,1,1,0.9991135
ສິເຮັດມາເພືອໂຫລດມາກະໄຊ້ບໍ່ໄດ້ແຖມຍັງເປັນພາສານອນໃສພາສາລາວເປັນຫຍັງ,0,0,0,0.9993625
ຍອມພາກັນພີມພາສາໄທລະ ພີມບໍ່ຖືກອີກທັງທີ່ຕົວເອງເປັນຄົນລາວ,0,0,0,0.99860877
ຮູ້ສືກພຸມໃຈກັບແອັບນີ້,1,1,1,0.9991186
ແອບດີແຕ່ເມື່ອຖືກໂອນເງິນເຂົ້າເປັນຈໍານວນຫລາຍຍັງມີຂໍ້ຂັດຂ້ອງແລະບໍ່ໄດ້ຮັບເງິນ,1,1,1,0.98920244
ເປັນສ່ວນຕົວ,1,1,1,0.9994374
ໃຫ້ດາວ1ພໍແອັບມັນເປັນຫຍັງວ່ະແສັດຫາຄົນແອບມັກເຂົາບໍ່ຕອບແຖມບ໋ອກ,0,0,0,0.99908364
ມາໃຫມ່ອາດຊິດີກ່ວາເກົ່າ,1,1,1,0.9959927
ນອ້ງ ຈາງ,1,1,1,0.99153805
ຂໍແຕ່ຕອນນີ້ໄດ້ມີຄວາມເປັນຫຍັງກະວ່າຊິໄດ້ຮັບເອົາ,1,1,1,0.9939143
ໄດ້ເງິນເຮັ່ງແລ້ວຂອບໃຈເດີຕົກໃຈເບິດບໍ່ເຫັນເງິນເຂົ້າບັນຊີກະເລີຍນ້ອຍໃຈ,1,1,1,0.6700148
ໄຊ້ມາຫລາຍປີຜິດຫວັງແຮງລົບແວເຂົ້າບໍ່ໄດ້,0,0,0,0.9987207
ເຂົ້າຮ່ວມດູພາບສົ່ງເຖີງທຸກໆຄົນແລະໄດ້ເຫັນພວກເຮົາອີກດ້ວຍກັນ,1,1,1,0.9992342
ລະຫັດຜ່ານ,1,1,1,0.98302
ສູ່ງານເພື່ອວັນຂ້າງຫນ້າ,1,1,1,0.9983834
ກສດີຢູ່,1,1,1,0.999529
ຫລີ້ນດີໄວ,1,1,1,0.99961025
ໂອດີ,1,1,1,0.9985923
ກະພໍໃຊ້,1,1,1,0.994089
ຄະນະບາ,1,1,1,0.99683964
ເຄືອຂ່າຍຢູນີເທວໃນເຂດຊົນນະບົດບໍ່ຄ່ອຍດີປານໃດແຕ່ຊີມໂທແມ່ນສັນຍານດີ.ຖ້າເປີດເນັດແລ້ວສັນຍານຈະຂາດໆຫາຍໆ,1,1,1,0.99456257
ຕີດຕັ້ງກະບອກຂັດຂ້ອງ,0,0,0,0.99949265
ດີໆທີ່ສຸດ,1,1,1,0.99963593
ບໍ່ໄດ້ເລື້ອງ,0,0,0,0.9943691
ງ່າຍແລະໃວາະດວກສະບາຍຕໍ່ການຕິດຕໍ່,1,1,1,0.99954176
ເຂົ້າແມັດເຊັນເຈີຍາກໆ,0,0,0,0.99925333
ໂຫຼດມາແລ້ວເຮັດຫຍັງກະບໍ່ໄດ້,0,0,0,0.99957854
ໃຫ້ຄະແນນແອັບນີ້ກັບບັນຊີຂອງຂ້ອຍເອງ,1,1,1,0.99518895
ປະເມນສິງ,1,1,1,0.99271095
ໃຊ້ງານຢ່າງວອງໄວ,1,1,1,0.99949074
ແອດນີ້ກາກທີສຸດເລີຍຫມູນທຸກຄຮັ້ງບໍ່ໄດ້ເລີຍ,0,0,0,0.9995234
ດີຫຼາຍບໍ່ເຄີຍເຮັດໄຫ້ຜິດຫວັງ,1,1,1,0.999566
ໂອກາດຫນ້າ ຫລືຊາດຫນ້າກັນແທ້ ຫມູນບໍ່ເຄີຍໄດ້ຫຍັງ ໄດ້ແຕ່ເຊີນຫມູ່ລະກະຟັງເພລງ ອັບເດດມາໄຫມ່ບໍ່ໄດ້ຫຍັງຈັກລີ້ ໂພດໂພ,0,0,0,0.9988643
ຂ້ອງຜົນບໍ່ຮູ້ເປັນຫຍັງຢູ່ຊື່ໆກະເຂົ້າບໍ່ໄດ້,0,0,0,0.99826247
ໃຊ້ໂທກັບຄົນທີ່ຢູ່ໄກໄດ້,1,1,1,0.9990264
ສູ້ງໆ,1,1,1,0.9919224
ໃຊ້ດີ,1,1,1,0.9996513
ແກ້ໄຂໄຫ້ແດເຂົ້າບໍໄດແລວດງວນິ,1,1,0,0.9971661
ໃຊ້ດີພັດທະນາຕໍ່ໄປ,1,1,1,0.99961996
ສະດວກໃນການທັນໃຈ,1,1,1,0.9996587
ໄວສະດວກ,1,1,1,0.9996711
ແຮງອັບແຮງໃຊ້ບໍ່ໄດ້,0,0,0,0.9988708
ໃຊ້ງາຍສະດວກ ບໍລິການດີ ສົ່ງໄວ ອາຫານບໍ່ເສຍຫາຍແລະສະດວກສະບາຍ,1,1,1,0.9995802
ເຂົ້າແອບບໍ່ໄດ້ເລີຍ,0,0,0,0.9992461
ຖຖູ,1,1,1,0.96408546
ເປັນຫຍັງຄືຕ້ອງເຂົ້າຍາກຂະຫນາດນີ້ ຕອນແລກກະງ່າຍດີ ຫລັງໆເລີ່ມເຂົ້າຍາກລະ,0,0,0,0.9994286
ດີຂື້ນ ແລະໄວທັນໃຈ,1,1,1,0.9996388
ປີນີ້ເຢຟດຫລິ້ນໄຮ່ນຸກເລີຍ,1,1,1,0.9976357
ແອັບນີ້ດີແຮງໃຜຫຼີ້ນຈະຕ້ອງຕິດໃຈຢ່າງແນ່ນອນ,1,1,1,0.9995703
ໃຫ້ນະແນນແອບນີ້,1,1,1,0.9969957
ເບິ່ງງາຍສະບາຍ,1,1,1,0.9994766
ໂລດບໍ່ໄດ່,0,0,0,0.9982893
ຮັກເມີດໃຈ,1,1,1,0.99960643
ຫົງ,0,0,1,0.9723885
ລົງທະບຽນໃຊ້ແອັບຍັງບໍ່ໄດ້ລະ,0,0,0,0.9995178
ແຊັດຫມູ່ມ່ວນຫຼາຍເຮັດຕໍ່ໄປ,1,1,1,0.9994867
ດແດດ,1,1,1,0.975249
ແກ້ໃຫມ່ເດີຕອນນັ້ນຫລົງຜິດແຕ່ຕອນນີ້ບໍ່ໃດ້ເລື້ອງເລີຍດີຫຼາຍຫມຸນມື້ໃດ໋ກະໃດ້ມື້ນັ້ນຖືງຈະເປັນເງີນໂປໂມຊັ້ນກະຍັງດີກວ່າບໍ່ໃດ້ຫຍັງຖ້າຈະເປັນໄປໃດ້ຢາກຂໍໃຫ້ວົງລໍ້ຫມຸນບໍ່ຊ້ໍາໂຕເກົ່າຄືສິດີກວ່ານີ້ແຕຊ່ໍານີ້ກະວ່າດີແລ້ວພັດທະນາຕໍ່ໄປເດີunitelສູນບໍລິການລູກຄ້າ unitelພັດທະນາລູກຄ້າ ລູກຄ້າພັດທະນາunitel,0,0,0,0.99857855
ຂອບໃຈ ໃຊ້ງານໃນວິຖີປະຈໍາວັນ,1,1,1,0.99955755
ຂໍດາຕ້າ500mbແດ່,1,1,1,0.99791294
ລະຫັດ51000732ໃຊ້ດີໄດ້ເງີນທຸກມື້ຮັບສອນເດີ,1,1,1,0.9994116
"ດາວໂຫຼດບໍ່ໄດ້ ເລືອກໂທລະສັບອີກ, ຍັງມີປັນຫາກັບໂທລະສັບຫຼາຍລຸ້ນ",0,0,0,0.9991491
ແຊັດໄດ້ດີໂທໄດ້ດີຄັກແທ້ແມ່ນແຊັດຟຣີໂທວິດີໂອຟຣີຫັນລະຄັກນ່າ,1,1,1,0.9992372
ຄວນປັບປຸງຕື່ມ ເຂົ້າແອັບຫຼິ້ນເກມຂ້ອນຂ້າງຊ້າ ແລະມັກຄ້າງ ພ້ອມທັງເພີ່ມສະຕິກເກີ້ສຽງແບບໃຫມ່ແນ່,0,0,0,0.99923277
ຫຼຸດຕະຫຼອດເຂົ້າລັອກອີນບໍ່ໄດ້ຍາມເລກອອກຫຼຸດອີກແລະ,0,0,0,0.9995908
ອັບເດດມາໃຫມ່ແຮງຮ່ວຍເລີຍແຮງຄືຜີບ້ານິ ເວລາແຊກະບໍ່ເຫັນຫົວຜູ້ແຊແຮງກະເຕັກ ກະເຮັດໃຫ້ມັນດີໆແນ້,0,0,0,0.999652
ເຂົ້າລະເດັ້ງອອກຕະຫລອກ ລະສິໃຫ້ກູລົງທະບຽນຈັ່ງໃດເບາະ,0,0,0,0.99969935
ດທມແພອນ,1,1,1,0.9951609
ໄວແນ່,1,1,1,0.9995408
ອະທິບາຍ,1,1,1,0.9995728
ສັ່ງກະບໍ່ໄດ້ຈັກເທື່ອ.ຍາມໃດກະບໍ່ສາມາດຮັບອໍເດີ້ທ່ານໄດ້ຕະຫລອດສັ່ງໄປ7.8ອັນບໍ່ໄດ້ຈັກອັນ,0,0,0,0.9997063
ຂອບໃຈທີ່ໃຫ້ຊົມໃຊ້,1,1,1,0.999566
ຫມູນຖືກຊ່ອງໄດ້ເນັດ ພັດບາດແຊຣ໌ແລ້ວບໍ່ໄດ້ເນັດຫມາຍຄວາມວ່າແນວໃດແບບນິ ໂກງກັນຊັດໆ,0,0,0,0.99932945
ກາຍຍາມແກ້ໄຂແລ້ວ ເຂົ້າລະເດັ່ງອອກ ພັດທະນາຕໍ່ໄປແດ່,0,0,0,0.9991721
ບໍລິການວ່ອງໄວ ແລະ ທັນໃຈ,1,1,1,0.99953353
ຕັ້ງຍາກໆ,0,0,0,0.99942744
ຂຸມໃຈທີສຸດ,1,1,1,0.9994363
ຢາກໃຫ້ມີການຄົ້ນຫາເພງໄດ້,1,1,1,0.99914074
ຕັ້ງແຟັດໄຫ່ມ,1,1,1,0.9859364
ດາວໂຫຼດແອບກະຍາກ ດາວໂຫຼດບໍ່ໄດ້ຊ້ໍາ,0,0,0,0.9996526
ໃຊ້ດີໆ,1,1,1,0.9996222
"unitelໃຫ້ຊີວິດທີສົດໄສທັນໃຈວອ່ງໄວໃຫ້ແກ້ລູກຄ້າ, ພັດທະນາພຽ່ງ11ປີກວມເອົ້າ1000ເປີເຊັນສັນຍານກວ້າງຂວາງ, bank on mobile as umoney",1,1,1,0.9980276
ໄຊ້ປົກະຕິ,1,1,1,0.9981104
ເອົາໄປ2ດາວຫມຸນບໍ່ໄດ້ຈັກມື້ເລີຍ,0,0,0,0.99945253
ຊອບໃຈ,1,1,1,0.9996594
ທເສືອງ,1,1,1,0.99594563
ກາກແຮງແອບບໍ່ສະຖຽນ ກາກທັ້ງເນັດນ້ນແຫລະ unitel ເນັດຫລອກລວງປະຊາຊົນ,0,0,0,0.99961996
ດີຫລາຍແລ້ວ,1,1,1,0.9996679
ຜູ້ບ່າວມືສອງ,1,1,1,0.9972691
ຢາກໃຫ້ມີບໍລິການwechat play ດ້ວຍນະ,1,1,1,0.9993724
ສາຍໃນດີມາ,1,1,1,0.99952435
ຂໍເປີດແອບນີ້,1,1,1,0.9991048
ກາກໆໆທ,0,0,0,0.9988098
ສຸດສຸດ,1,1,1,0.995523
ປ່ຽນໂທລະສັບໃຫມ່,0,0,1,0.99415743
ມ້ນຖືກກັບຄວາມເປັນຈິງ,1,1,1,0.99863833
ມີຂ່າວສານດີ,1,1,1,0.99964297
ສັກສັດ,1,1,1,0.99927205
ທົວໄປ,1,1,1,0.99373454
ຊ່ວງນີ້ເຂົ້າຍາກຫຼາຍຄືວ່າມີບັນຫາຕະຫຼອດໃຊ້ບໍ່ໄດ້ເລີຍຊ່ວງນີ້ຄວນປັບປຸ່ງດ່ວນ,0,0,0,0.9994735
ເກືອບຄົບທຸກຄວາມຕ້ອງການໃຊ້ງານ.,1,1,1,0.99760795
ຮສຮເທຍ,1,1,1,0.9939731
ສະດວກໃນການເຮັດທຸລະກໍາດ້ານການເງິນ,1,1,1,0.999572
ຂ້ອຍໃຊ້ມາ13ປີແລ້ວ ດີຫລາບ,1,1,1,0.9995092
ໃຊ້ງານດີໆລາຍ,1,1,1,0.9995745
ຄັກຫລາຍຊ່ວຍໄດ້ຫລາຍຢ່າງ,1,1,1,0.9995443
ຈະຈ່າຍຄ່າວາຍຟາຍ ລໍຖ້າລະຫັດ otp ກະບໍສົ່ງໃຫ້ແກ້ໄຂດ່ວນ,0,0,0,0.9993175
okຝາກແນ່50109333,1,1,1,0.9983707
ອັບເດດແລ້ວແຕ່ສົ່ງຮູບບໍ່ໄດ້ແລ້ວຍັງຟັງສຽງທີ່ເພື່ອນວໍມາບໍ່ໄດ້ອີກ,0,0,0,0.99953353
ບລ້,1,1,1,0.99469805
ໃຊ້ງານດີ ມີປະໂຫຍດ ໂຄດສະດວກ,1,1,1,0.99961853
ມີຄວາມສະດວກສະບາຍ ທັນສະໄຫມມີຄວາມຮູ້ມີສາລະແລະການສື່ສານແລະອື່ນໆ,1,1,1,0.9995728
ດີຜລາຍ,1,1,1,0.9996506
ອັບເດດແລ້ວ ເຂົ້າບໍ່ໄດ້ເລີຍຈັກເປັນຫຍັງ,0,0,0,0.9996444
ສະດວກສະບາຍດີມາກ,1,1,1,0.99961853
ໂພດບໍອອກຄືຂີ່ນິ,0,0,0,0.9994429
ອ່າຢາກໃຫ້ປັບປຸງແອພຕື່ມ ຕອນທີ່ສົ່ງລະຫັດມາໃຫ້ແລ້ວ ເຮົາຊິປ້ອນລະຫັດກະຂຶ້ນວ່າໃຫ້ເປິດໂລເຄຊັ່ນນໍາອັນນີ້ແມ່ນປົກກະຕິບໍ ບັດໃສ່ລະຫັດແລ້ວກະຂຶ້ນວ່າເບີຂອງທ່ານບໍ່ທັນລົງທະບຽນ ແລ້ວເຮົາກະກົດໄປບ່ອນນັ້ນກະເດັ້ງອອກມາຕະຫລອດເລີຍ ບໍ່ໄປໃສ່ຈັກເທື່ອລົບຖິ້ມໂຫລດໃຫມ່ກະຫຍັງເປັນຄືກັນ ສະຫລຸບແມ່ນລົງທະບຽນບໍ່ໄດ້ຈ້າ,0,0,0,0.99959713
ຖ້າໃຫ້ຄົນອືນມັນກະເປືອງ,1,1,0,0.99744415
ມະນີວັນ ມະນີວົງ,1,1,1,0.99788433
ສໄນະຸ,1,1,1,0.997917
ສຸດຍວດ,1,1,1,0.99403125
ຮູ້ນອ້ຍຫນືງ,1,1,1,0.99850756
ຈະເລີມໃຊ້ງານ,1,1,1,0.99932146
ລຽງທໍາມະນູນ,1,1,1,0.9888419
ຊວງນີສັນຍານຊ້າລົງ,1,1,0,0.9970073
ປັບປຸ່ງແດ່ເຂົ້າລະເດັງອອກກັບຕອນສົ່ງລະຫັດຜ່ານກະບໍ່ໄດ້,0,0,0,0.99970406
ມືໄຫມ່,1,1,1,0.99804294
ສະພາ,1,1,1,0.9984573
ມີປະໂຫຍດລາຍຢ່າງ,1,1,1,0.99963737
ພອໃຊ້,1,1,1,0.997813
ເປັນແອັບທີ່ຕ້ອງບອກເລີຍວ່າຖ້າໂຫລດມາແມ່ນເສຍດາຍພື້ນທີ່ຊື່ໆວົງລໍ້ຫມູນກະໃຫ້ຫມູນຊື່ໆແຕ່ບໍ່ໄດ້ຫັຍງດາຕ້າທີ່ເຄີຍໄດ້ກະບໍ່ໄດ້ເວລາຈະເຂົ້າແອັບແຕ່ລະຄັ້ງກະຕ້ອງລ໋ອກອິນໃຫມ່ສົ່ງລະຫັດໃຫມ່ຕະຫລອດມັນເສຍເວລາເສຍດາຍຄິດວ່າຈະພັດທະນາໃຫ້ດີກວ່ານີ້ແຕ່ບໍ່ມີຫຍັງດີເລີຍຢາກໃຫ້ປັບປຸງຄືນໃຫມ່ແນ່ເດີໃຫ້ສົມກັບເປັນເຄືອຂ່າຍອັນດັບ1ແບບທີ່ເວົ້າສ່ໍາແອັບດີໆມີຄຸນນະພາບຍັງເຮັດບໍ່ໄດ້.,0,0,0,0.99952435
ຢາກມີຄົນຕິດຕາມແຮ່,1,1,1,0.9993988
ໃຊ້ລອງເບີ່ງກ່ອນຄັນດີກະເອົາໄປ5ດາວເລີຍ,1,1,0,0.98546845
ເປັນ ຫຍັງ ກິນເງິນຫຼາຍ ແທ້,1,1,0,0.9713746
ບາງມື້ເຂົ້າສູ່ລະບົບບໍໄດ້,0,0,0,0.99906915
ໄຊດີຫ້າຍ,1,1,1,0.99959
ນາງຕິມນາງຕິມ,1,1,1,0.9909622
ປິດ,0,0,1,0.9628132
ດີເນາະບໍມີບັນຊີກະໃຊ້ໄດ້,1,1,1,0.99957854
ຊື້ງ່າຍສະດວກແຕ່ຍັງບໍ່ເຄີຍຖຶກມື້ນີ້ຂໍໄຫ້ຖືກແດ່ເດີ,1,1,1,0.99948776
ຂໍໃຫ້ໂຫຼດໄດ້ເດີ້,1,1,1,0.99896777
ເປັນຫຍັງດາວໂລດໄດ້ແລ້ວເຂົ້າສູລະບົບບໍ່ໄດ້,0,0,0,0.9991848
ໂອເຄມາກ,1,1,1,0.99550545
ຢາໂຫລດ ແອບດຽວນີ້ບໍ່ມີປໂຫຍດຍັງ,0,0,0,0.9992342
ຮູ້ເຫັນທັນເຫດການໄວຂື້ນ,1,1,1,0.99899167
ແກ້ໄຂໄຫ້ໄຫ້ໂດຍ,1,1,0,0.75219464
ດີແທ້ ໄວທັນໃຈ,1,1,1,0.99963593
ຢ່າລອງບໍ່ເລີຍ ເສີຍຄວາມຮູ້ສຶກຫມົດວ່າຈະໂຫຼດໄວ້ຊື້ເລກ ສາມັກ3ມື້ແລ້ວຫຍັງບໍ່ໄດ້,0,0,0,0.99890125
ອັບເດດແລ້ວສະຕໍລີ່ຍັງໃສ່ເພງບໍ່ໄດ້,0,0,0,0.99948776
ເຂົ້າແອັປບໍ່ໄດຢາກໄຫ້ແກ້ໄຂ້ແນ່ພີມລະຫັດແລ້ວກະເຂົ້າບໍ່ໄດ,0,0,0,0.9996444
ດີຫລາຍ ທັນສະໄຫມ່,1,1,1,0.99964297
ໃຊ້ bcel one ຊໍາລະຄ່າເກມໄດ້ບໍ່,1,1,1,0.9623913
ສົ່ງ,1,1,1,0.99411184
ຢອດຢຽ້ມ,1,1,1,0.99948263
ແອບລ໋ອກອິນບໍ່ໄດ້ສັ່ງອາຫານກະບໍ່ອະນຸມັດຈ່າຍເງິນສົດ,0,0,0,0.9994023
ໄຊ້ດີຫລີ້ນສະບາຍ,1,1,1,0.9995745
ອັບເດດຕະຫຼອດກນຄວາມຈໍາຫຼາຍ,0,0,0,0.9990908
ສົມໃຈ,1,1,1,0.9996388
ສຸດຍອ້ນຫຼາຍ,1,1,1,0.99756086
ຂໍຝ ດຸ o . .,1,1,1,0.99929726
ບໍ່ເປັນເລື້ອງປ່ຽນໄປປ່ຽນມາຢູ່ບອ່ນຊໍາລະເງິນນັ້ນເຮັດຄືເດັກນອ້ຍເອົາແຕ່ໃຈນິ,0,0,0,0.9980392
ຖ້າບອກລາຄາຄືkokkokຄືຊິດີ,1,1,1,0.9545204
ໂອນເງິນໄປແລ້ວເງິນບໍ່ເຂົ້າ,0,0,0,0.9995054
ໂປດໄຫ້ຂໍມູນດີດີ,1,1,1,0.99939406
ໂອເຄດີຖືກໃຈຫລາຍທີ່ມີແອັບດີໆ ແບບນີ້,1,1,1,0.9995956
ຈ່າຍໃດ້ສະເພາະ ຢູມັນນີ ກັບ bcelone ໃຊ້ແອບທະນາຄານ ອື່ນແມ່ນ ຊື້ບໍ່ໃດ້ຄວນປັບປຸງ,0,0,0,0.9981933
5ດາວທຸກແອັບທີຂ້ອຍຕິດຕັງ,1,1,1,0.99494946
ໃຊ້ງານສະດວກດີພັດທະນາໃຫ້ດີຂື້ນ. ມັກຫລາຍ,1,1,1,0.9995819
ດີເຮ,1,1,1,0.9996613
ທອງໄຊ ກິພາົງ,1,1,1,0.9991623
ດີມາກໆ.,1,1,1,0.9996222
ຕິດຕໍ່ກັນງ່າຍຂື້ນ,1,1,1,0.9994307
ສະດວກງ່າຍຂື້ນ,1,1,1,0.9996567
ແຫຸັດວງນາລາ,1,1,1,0.9960776
ປ່າເຍຍ່ວື່,1,1,1,0.9975177
ເອດ,1,1,1,0.99632865
ທຸກຢ່າງໃຊ້ດີ ແຕ່ປ່ຽນພາສາບໍ່ໄດ້ ແກ້ໄຂໃຫ້ດ່ວນໆ,1,1,1,0.99871063
ຈັ່ງຊີ້ເລີຍ,1,1,1,0.99948263
ເລກບັນຊີຖືກປິດໄປແລ້ວ ແລ້ວເງິນທີ່ແນະນໍາມັນໂອນໄປບັນຊີໃດ ປັບປຸງຄືນແອັບອື່ນໆແນ່ໃສ່ບັນຊີຕື່ມໄດ້ນະ ຄວາມປັບປຸງຕື່ມ ຢາກປ່ຽນເລກບັນຊີທະນາຄານກະບໍ່ໄດ້,0,0,0,0.9995652
ຈ່າຍເງິນສະບາຍ ບໍ່ສະບາຍຕອນດຽວ ຕອນບໍ່ມີເງິນ,1,1,0,0.99773055
ໃຊ້ຂໍ້ມູນແບບເກົ່າດີກວ່າຫີ້ຼນເກມກໍ່ງ່າຍແລະສະນຸກດີອີກ.ຖ້າປ່ຽນລະຂໍ້ມູນເກົ່າແລ້ວຈັ່ງຊິມາໃຫ້5ດາວ.ຂໍ້ມູນໃຫມ່ນີ້ຖ້າຫີ້ຼນຜ່າດກັບມາຫຼີ້ນບໍ່ໄດ້,1,1,1,0.6805072
ແປພາສາບໍ່ໄດ້ ແກ້ໄຂດ່ວນ,0,0,0,0.99930537
ນາງວຽງສະໃຫມ ພົງອຸດົມ,1,1,1,0.99843603
ເປັນແອັບທີ່ດີຫຼາຍແຕ່ກະຢາກໃຫ້ພັດທະນາເລື້ອຍໆ,1,1,1,0.9993068
ໄດ້ໂບນັດ15ພັນກີບ,1,1,1,0.9027811
ຄໍາເພັດ ໄຊຍະວົງ,1,1,1,0.9985221
ໃສໃດ້ດີມາກ,1,1,1,0.9994363
ເຕີມເງິນເຂົ້າຊື້ແພັກແກັດບໍ່ໄດ້ແກ້ໄຂແອັບແດ່,0,0,0,0.99952626
ຫຼິ້ນດີຫຼາຍ,1,1,1,0.9996331
ຊ້າມະຫາກາບປັບປຸງດ່ວນຜູ້ຂຽນໂປແກມ,0,0,0,0.9996567
ຄິດດີແລຊໍຊ້ວ,1,1,1,0.9995635
ບໍ່ມີການໂປໂຫມດໂພສເຮົາແລະອັບເດດໂພສໃຫ່ມ,0,0,0,0.9977743
ໃສ່ນາຍແອບນີ້,1,1,1,0.99698395
ໄວ່ແນ່,1,1,1,0.9993687
ແອັບຄວາມແອັບໂງ່ສະຫມັກແພັກແກັດລະຫລີ້ນບໍ່ໄດ້ເນັດກະບໍ່ໃຫ້ຕາມທີ່ຂຽນຂື້ນນໍາແອັບຫ້າມໂຫລດມາເດີ່ແອັບຄວາມໆນີ້,0,0,0,0.99966073
ຂໍເປີດນໍາໃຊ້,1,1,1,0.99938095
ດີທີ່ສຸດເລີຍທີ່ໄດ້ຮັບການໃຊ້ງານກັບແອບນີ້,1,1,1,0.99961996
ມັນລົງທະບຽນບໍ່ໄດ້ ທຽວລົບກັບຕິດຕັ້ງຫລາຍເທື່ອລະ ມີແຕ່ວ່າ ເບີຂອງທ່ານບໍ່ສາມາດລົງທະບຽນໄດ້ ກະກູມາລົງຢູ່ນີເດ,0,0,0,0.9996486
ປັນກະບໍໄດ້ເນັດຈັກເທືອ,0,0,0,0.99919754
ມັກແຮງi love u money ທະນາຄານມືຖືຂອງຄົນລາວ,1,1,1,0.9995678
ເຫັດ,1,1,1,0.99381906
ຢຽມສຸດໆ,1,1,1,0.9959927
ຊວ່ຍແກ້ໄຂ້ໃຫ້ແດ່,1,1,1,0.99400806
ດີດີດີຮັກສາບັນຊີເຮົາໃຫ້ປອດໄຟເພີ່ມຂຶ້ນອີກ,1,1,1,0.99960726
ດາຕາ,1,1,1,0.9980276
ໃຊ້ແລ້ວດີຢາກຮູ້ອີ່,1,1,1,0.9996087
ຖໍາ,1,1,1,0.98926485
ບໍ່ສົງລະຫັດມາໃຫ້ລະສິຕັງຫາສິແຕກອີຫຍັງວະຄວາຍເອີຍ,0,0,0,0.9995216
ດີແລ້ວແຕ່ຢາກໃຫ້ພັດທະນາກວ່ານີ້,1,1,1,0.99959
"ປັບມາກ10,55",1,1,1,0.6278657
ຄິດແນວໃດ ໃຜຮູ້ບອກແດ່,1,1,1,0.99860877
ok ດີ,1,1,1,0.99966466
ທ້າວແບໍງ.ສູວ້ນນະຄໍາຜົງ,1,1,1,0.9953815
ເອົາດາວ1ໃປກ່ອນເດີ ກະເຈົ້າຕອບແຊດຈັ່ງສີມາເພີ່ມໃຫ້,0,0,0,0.9990054
2023 ແອັບນີ້ປິດໃຊ້ງານແລ້ວຫຼື ຄືກອບຂໍ້ມູນແລ້ວຢືນຢັນແຕ່ບໍ່ເຫັນຜ່ານໄປສູ່ຫນ້າຫລັກ ຈັກທີດລີຍ,0,0,0,0.99926645
ເພາະສົມຖ້ານາ,1,1,1,0.99951315
ເວລາໄດ້ຮັບເງິນໂອນມັນບ່ແຈ້ງເຕືອນ,0,0,0,0.99554896
ມັນຂື້ນຄໍາວ່າ ກໍາລັງເຊື່ອມຕໍ່ ກະລຸນາລໍຖ້າ,0,0,0,0.9969066
ກູບໍມັກຫລີ້ນ,1,1,1,0.99279517
ແອັບບໍ່ໄດ້ເລື່ອງເດີ ກົດອອກແອັບເພື່ອເຂົ້າຂໍ້ຄວາມເພຶ່ອເບິ່ງotpແຕ່ແອັບເດັ້ງຕ້ອງໄດ້ເລີ່ມໃຫມ່ຫມົດ,0,0,0,0.99964714
ກັບຄືນມາຕິດດາວໃຫ້ໃຫມ່ ຫລັງຈາກທີ່ແກ້ໄຂບັນຫາໄປແລ້ວ ຂອບໃຈເດີ້,1,1,1,0.9983802
ຕ້ອງການແອັບນີ້,1,1,1,0.9991928
ສິເຊົາໃຊ້ຊ້ໍາເຕີມບັດຄະແນນບໍ່ໃຫ້ມາຫຼາຍມື້ລະເຕີມໄປບໍ່ໄດ້ຄະແນນກັບໄປເຕີມຢູ່bcel one ກະຄືສິງ່າຍກ່ອນ,0,0,0,0.999577
ດີເລື້ອຍໆ,1,1,1,0.99961996
ໃຊ້ໄດ້ດີແຕ່ປິດກັ້ນຫລາຍເກີນໄປ,1,1,1,0.9991623
ຄວາມຫມາຍຂອງການສຶກສາຂອງລາວແລະປະເທດໄທແລະການຄຸ້ມຄອງການທ່ອງທ່ຽວທີ່,1,1,1,0.99940467
ຕົ້ນໄກ່,1,1,0,0.86344916
ຫລາຍງານ,1,1,1,0.9930153
ອ້າຍ999,1,1,1,0.9926967
ອັບເດດໃຫມ່ ຫມູນບໍ່ໄດ້ຫຍັງເລີຍ ຢາກໃຫ້ ແກ້ໄຂແດ່ ໃຫ້2ດາວກອນ,0,0,0,0.9995635
ອັບເດດແລ້ວຄື ເປິດເຂົາແອັບແລ້ວບໍໄດ້,0,0,0,0.99957114
ເປັນຫຍັງຕ້ອງອັບເດດ,1,1,0,0.9804874
ເລີດມາກ,1,1,1,0.9994653
ດີມາກກດ,1,1,1,0.9996087
ຢ່າຢືມໃສ່ລະຫັດ3603003ເດີ.ຂໍໃຫ້ທຸກຄົນໂຊກດີ,1,1,1,0.998884
ດີດີມາກ,1,1,1,0.9996513
ໃຊ້ຍາກ,0,0,0,0.99880517
ເຮັດຖຸລະກີດ,1,1,1,0.9629179
ຮັດພິດເວລາ,1,1,1,0.9987281
ແອ່,1,1,1,0.9893063
ງານຄືເງິນເງິນຄືງານທໍາທຸກວັນໃຫ້ມັນດີທີ່ສຸດ,1,1,0,0.99553156
ແກ້ໄຂ່ໄຫ້ແດ່ອັບເດັດແລ້ວກະໄຫອັບເດັດອິກເນ້ດຈົນຫມົດນີຍາມໄດ້ຈີລີນອັບເດັດໄດ້ລະບອກຮັບສາບຮັບສາບແມ່ນຈະໄດ້ໂອະ,0,0,0,0.9982488
ຂອບໄຈສໍາຫລັບແອດໂຕນີ້ທີສ້າງມາໄຫ້ໄຊ້ຂອບໄຈອີກຄັ້ງ,1,1,1,0.99939287
ຄົນສົດເດີ,1,1,1,0.99946636
ເຊີນເພື່ອນທົ່ວເມ້ນມາທໍາແຕ້ມຄະແນນແຂ່ງຂັນຊິງລາງວັນ,1,1,1,0.9977437
ຢາກມີໂຊກ,1,1,1,0.9995345
ດີກມາກ,1,1,1,0.99963593
ແດ່ງວົງພະຈັນ,1,1,1,0.99491996
ຊີວິດກູມັນຈົນເມຍຈື່ງໄປຈາກກູໆເຈັບຮູ້ບໍ່ຕາຍເປັນຕາຍນໍາກັນສອງເຮົາ,1,1,1,0.99665606
ຂ້ອຍຄືໂຫລດບໍ່ໄດ້ຮອດ100 ລະກະຄ້າງຢູ່ບ່ອນເກົ່າ,0,0,0,0.99922216
"ຈ. ຮູ .,",1,1,1,0.99486035
ໃຊ້ດີ ສະດວກໃນການຊົມໃຊ້,1,1,1,0.99963164
ຄັກສະເມີະ,1,1,1,0.99948776
ເຄີຍໃຊ້ແອບນີ້ມາແລ້ວາ,1,1,1,0.998259
ແອບໃຊ້ດີ,1,1,1,0.99946946
ເນັດຊ້າເກີນຫົວຫນ້າ144pຍັງຫມົນຕິວໆຢູ່,0,0,0,0.9993761
ຄືບໍ່ສົ່ງລະຫັດotpໃຫ້ຄວນປັບປັບເດີ,0,0,0,0.9992461
ດີຫຼາຍ ຢາກໄຫ້ຈາຍຜ່ານ ບັດທະນາຄານພັດທະນໍາຄືສິຄັກຫຼາຍ,1,1,1,0.9995652
ປັບປຸງແນ່ເດີແອັປຄ້າງຕະຫລອດລົງທະບຽນບໍ່ໄດ້ເລີຍ,0,0,0,0.9996711
"ມັນຄືຍາກຕາຍແທ້ວະແອ້ບບໍຕອງສາງເຜືອລົງຄວາຍມັນຍາກສີມັດ,",0,0,0,0.99944824
ກິໂກ້ນາຄອງ,1,1,1,0.99544394
ອັບເດດກົດເຂົ້າແອບແລ້ວເດັ້ງອອກຕະຫລອດແກ້ໄຂແດ່,0,0,0,0.99970406
ແຕ່ກ່ອນຍັງເຕີມເກມໃນແອບນີ້ໄດ້ແຕ່ຕອນນີ້ຖືກເອົາອອກແລ້ວບໍ່ອັບເດດຍັງດີກວ່າ,0,0,0,0.99736315
ຟີນອ້ງແລະຄອບຄົວກໍາຫລັງຖື້ກທຸກລໍາບາດບໍມີແນ້ວກິ້ນແນ້ວຢູບໍຮູທາງຊອກຫ້າເດີເຄື້ອງໄສກະບໍມີ,0,0,0,0.9242787
ເຂດຫຼັກ21 ອໍເດີ້ຖືກຍົກເລີກຕະຫຼອດ ເປັນຫຼາຍເທື່ອແລ້ວ ເສຍເວລາສັ່ງ ປັບປຸງແນ່ເດີ້,0,0,0,0.99855345
ລົງທະບຽນໂຄດຍາກຈັງແມ່ນໂພດ,0,0,0,0.9997658
ໄມ່ດີ້ເລີ່ຍາເວ່ອ່ດຶສໃງວ,1,1,1,0.998319
ເຮັດວງກ,1,1,1,0.99588215
ສຶກສາເພີ່ມເຕີມ,1,1,1,0.99900913
ເປັນຫຍັງຄຶອັບເດດບໍ່ໄດ້ເຂົາບັນຊີບໍ່ໄດ້ເລີຍ,0,0,0,0.9991221
ການເປີດແອຍບັງໂມ້ຫມດ,1,1,1,0.99178034
ດີ ຈິງ,1,1,1,0.9996499
ຄໍາຕິຊົມ,1,1,1,0.9994917
ເຮັດເປັນເວີຊັ້ນເກົ່າເທາະຈັກແມ່ນອີ່ຫຍັງນິຂີ້ລ້າຍໂພດຫມຸນວົງລໍ່ກະເອົາອອກຖ້າເປັນແບບນີ້ອິກຊິລົບຖິ້ມລະ,0,0,0,0.99962735
ຢາກ,1,1,1,0.998147
ເຫ່ກກສດ,1,1,1,0.98507166
ທ້າວຈິນ້ານາມທໍາປະເສີດ,1,1,1,0.9985619
ແອັບສະບັບປະມວນຜົນຊ້າໂພດ!,0,0,0,0.9996699
ສະດວກສະບາຍ ດີ,1,1,1,0.99964714
ຕອນນີ້ທາ່ນເປັນຄົນທີ່ທໍາງານຢູ່ເກົາຫີຼໃຕ້,1,1,1,0.99759394
ໄຫ້ຄວາມບັນເທີງຖືງົດ,1,1,1,0.9993857
ຍຸ່ງຍາກໂພດ,0,0,0,0.99771726
ມັກໃຊ້ແອັຍໂມcha ມັກຫລິ້ນເກັມ ຫມູນ,1,1,1,0.9990527
ເຂົ້າເວບແລ້ວຈໍເປັນສີຂາວ ບາງຄັ້ງກໍ້ເດັ້ງອອກ,0,0,0,0.9990054
ຈັນທະວົງ,1,1,1,0.9989956
ຫລິ້ນງ່າຍສະດວກປະຢັດ,1,1,1,0.9995851
ເຫັນຄົນໃຊ້ຫລາຍ,1,1,1,0.9987649
ເຮັດມາຫຍັງລົງທະບຽນບໍ່ໄດ້ໄປແກ້ໄຂໃຫມ່,0,0,0,0.999666
ຢາກຮູ້ວ່າຈະມີຜົນຕໍ່ການຈັດການກັບໃຈຈາກ,1,1,1,0.99942964
ໃຊ້ດີຢູ່ ໃຊ້ລົງທະບຽນເບີໂດຍບໍ່ຕ້ອງໄປສູນບໍລິການ ປະຫຍັດເວລາໄດ້ຫຼາຍເຕີບ ຂໍຂອບໃຈ,1,1,1,0.9995859
ຂອງແຮງ,1,1,1,0.9970131
ດີສຸດຽ,1,1,1,0.99962366
ກໍາລັງດີ,1,1,1,0.99966
ໄຊ້ງານ,1,1,1,0.9981541
ຟ້າ,1,1,1,0.9970765
ກະໂອເຄຈຮາ,1,1,1,0.99085677
ດີໃຈເກີນ,1,1,1,0.9996699
ເສຶອ,1,1,1,0.9957767
ບໍ່ຄ່ອຍຈະໂອເຄຊ້າໆ,0,0,0,0.99603146
ໃຊ້ດີມາກ,1,1,1,0.99964297
ຂໍອະນຸຍາ,1,1,1,0.9995345
ດີຈິ່ງໆ,1,1,1,0.9996526
ພຶນ,1,1,1,0.9947084
ພູມໃຈທີ່ສຸດ,1,1,1,0.99957615
ປິນິ້ເປັນຢັງຄຶມູນວົງລໍບໍ່ໃດ້ເລິຍ,0,0,0,0.9977482
ຍີບນດະໃ,1,1,1,0.99053264
ດີສູດໆ,1,1,1,0.99963737
ປັບປຸງການເຂົ້າລະບົບໃຫ້ມັນຄືເກົ່າແນ່ ອັນນິບໍ່ມີເນັດກາເຂົ້າບໍ່ໄດ້ອັບເດດມາລະກາ ບໍ່ເປັນຕາຫລີ້ນ,0,0,0,0.99965537
ອັບເດດດູກະພໍທົນແທະ ແຕ່ເຂົ້າແອບບໍ່ໄດ້ເລີຍນີ້ ພໍເລີຍ,0,0,0,0.999572
ໃຊ້ດີ ໃຊ້ຄັກ,1,1,1,0.99962664
ຫີແມ່ມື່ງເຂົ້າຫຍັງບໍ່ໄດ້,0,0,0,0.998784
ບໍ່ປານໃດໃນເລື່ອງປັກມຸມສະຖານທີ່ ຍັງບໍ່ແນ່ນອນປັບປຸງຕື່ມແນ່,0,0,0,0.9978002
ລອງໃຊ້,1,1,1,0.9992606
ດາວນີ້ຂໍບໍ່ໄຫ້ເດີເປັນຫຍັງຄື່ລີ້ນຫຍັງບໍ່ໄດ້ເລີຍຈັກມັນເປັນກຍັງຫາແກ່ໄຂໄຫ້ແດ່ຫາເກາະເປັນມື່ນີ້,0,0,0,0.99890983
ເປຍຫມູ່ຮັກກ,1,1,1,0.99855345
ທ.ລໍຕາ,1,1,1,0.9956091
ຍັງຮັກແລະຄິດຮອດຄືເກົ່າ,1,1,1,0.9992519
lvb digibank ທັນສະໄຫມວ່ອງໄວ,1,1,1,0.9990564
ທັນສະໄຫມ,1,1,1,0.999332
ທຸກຢ່າງຢູ່ທີ່ປາຍສໍາພັດ ນີ້ວມືຂອງທ່ານ,1,1,1,0.9993917
ຊື້ຫວຍຜ່ານbcel one ບໍ່ໄດ້ຊັ້ນແອບຄວາມພັດທະນາຕໍ່,0,0,0,0.9983158
ມີແຕ່ສີ່ງດີໆຊອບມາກໆ,1,1,1,0.9974491
ມີຄຸນປະໂຫຍດ,1,1,1,0.9996345
ຊິເບິ່ງໂຕສັດກະເບິ່ງບໍ່ໄດ້,0,0,0,0.999015
ໃຫ້ອັບເດດຕະຫລອດແອັບເຈດີບີນິ,0,0,0,0.9985702
ທີ່ດີ,1,1,1,0.99965405
ເລັ່ນດີ,1,1,1,0.9995652
ດີຫາ້ຍ,1,1,1,0.9996402
ຍອດຮິດຕິດດາວເລີຍ,1,1,1,0.9996026
ແອັບສົ້ນຕີນແຊັດກະບໍ່ອອກມີເນັດກະຍັງແຊັດບໍ່ໄດ້ເຫ້ຍຫລາຍ,0,0,0,0.99954695
ຫມູນໄດ້5000ກີບລະກະບໍ່ໄດ້ຈັກເປັນຫຍັງ,0,0,0,0.9992446
ທ່ານຢ່າລື່ມໃສ່ລະຫັດນີ້ເດີ37150415ທ່ານຈະໄດ້ຮັບສ່ວນຫລຸດ10 ທຸກຄັ້ງ,1,1,1,0.99836427
ກາກຂະຫນານວິທີບອກໃຊ້ກະບໍ່ເຂົ້າ,0,0,0,0.9995987
ອັບເດດແລ້ວມັນບໍ່ໃຫ້ເງິນຟຣີຫມູນໄດ້ແຕ່ຊ່ອງເດີມ,0,0,0,0.99937373
ບາດຕ້ອງການໃຊ້ເຂົ້າບໍ່ໄດ້ເນັດມີຢູ່ຍັງວ່າບໍ່ມີເນັດ ກາກແທ້,0,0,0,0.999445
ເປີດກ້ອງສະແກນລະຄ້າງກົດຫຍັງບໍໄດ້,0,0,0,0.9996886
ຄື່ເພື່ອນມິດໆສະຫາຍແທ້,1,1,1,0.9984633
ດີມາດຕະຖານ,1,1,1,0.9996259
ເຊື່ອມຕໍ່ອິນເຕີເນັດບໍ່ໄດ້ ແອັບມັນບໍ່ຍອມໂຫລດຂໍ້ມູນໃຫ້,0,0,0,0.9990638
ຄົນເດີມໆ,1,1,1,0.9970708
ດີມາກເລີກ ແຕ່ເສຍຂໍຫນື່ງເພາະບໍ່ມີແຟນລົມນໍາເຂົາ. ວ່າຊ້ານ,1,1,1,0.99944824
ເຂົ້າເລ່ນກະບໍ່ໄດ້ມີແຕ່ເດັ້ງອອກ,0,0,0,0.9997305
ລາວຈໍາ,1,1,1,0.999015
ນຂາ,1,1,1,0.9942363
ໃຊ້ດີລົງສະຕໍຣີບໍ່ໄດ້,1,1,1,0.999572
ມັນຢາກມີປັນຫາໃນການໂທ,1,1,1,0.98478174
ຕິດຕັ້ງແອັບ,1,1,1,0.9975321
ຮີວີວ,1,1,1,0.9970765
ສະດວກສະບາຍໃນການຕິດຕໍ່,1,1,1,0.9996125
ແອັບກາກເຂົ້າກະບໍໄດ້ບໍສົງລະຫັດotpໃຫ້,0,0,0,0.99972624
ດີສູດເລີຍ,1,1,1,0.99965537
ດຽວນີ້ເຂົ້າຫຍັງບໍ່ໄດ້ ເປັນພາສາຈີນຫມົດ ກາກກ,0,0,0,0.99963737
ກິງ ສີໄຕ,1,1,1,0.9970073
mocha ໃຊ້ປະຢັດອິນຕະເນັດດີໃນເວລາຟັງເພງແລະເບິງຫນັງດີຫຼາຍ,1,1,1,0.99950635
ຕາມຄວາມຕອ້ງການ.,1,1,1,0.99876
ອັບເດດໃຫມ່ນີ້ຫມຸນໄດ້ແຕ່5ຄັ້ງປົກກະຕິໄດ້10ຄັ້ງຕໍ່ວັນແກ້ໄຂ້ແດ່,0,0,0,0.9993462
ສືບຕໍ່ບໍ່ໄດ້,0,0,0,0.99783427
ໃຈລໍ້,1,1,1,0.9952077
ນາງ ປູ ຫຼວງ ດົມ,1,1,1,0.9977393
ເນັດໂຄດຊ້າ ຄັນຊ້າເປັນບາດກະພໍວ່າອັນນິຫລິ້ນເຟສນ່ະເປີດເບິ່ງເມັ້ນຫມຸນຢູ່ບັກດົນໆເອົາໄປເອົາມາພັດຫລິ້ນຮອດບໍ່ໄດ້ເລີຍ ບາດປ່ຽນໄປຫລັກອື່ນພັດປົກກະຕິແຕ່ກ່ອນຄືບໍ່ຊ້າດຽວນີ້ມີບັນຫາຕະຫລອດ,0,0,0,0.99972945
ລະບົບສົ້ນຕີນ ໂອນເງິນເຂົ້າລະເຕື່ອນແຈ້ງມາບາດເຂົ້າເບິງຍອມເງິນພັດບໍ່ເຂົ້າ.ລະບົບຊ້າຄືເຕົ໋າ,0,0,0,0.9997154
ສູຍພັນທະຍາ,1,1,1,0.99650973
"ແອັບກາກໆ ບອກລົງທະບຽນດ້ວຍຕົນເອງ ແຕ່ແອັບກະກາກ ຂ້ອຍສົ່ງລົງທະບຽນຕອນ10ໂມງ ມຶງມາສົ່ງເຊ້ຍຍັງຕອນ23 45 ມຶງເປັນບ້າວ່າ ແລ້ວຂ້ອຍເຂົ້າແອັບມື້ຕໍ່ມາເອົາລະຫັດໂຕເກົ່າໃສ່ກະບໍ່ໄດ້ ໂຕໃຫມ່ຈັກຊາດໃດຈະມາ ກະລຸນາພັດທະນາແດ່ເດີ້ ຂ້ອຍບໍ່ຮູ້ດອກພວກເຈົ້າລົງທຶນກັນຈັງໃດບໍລິຫານຈັງໃດແຕ່ຄົນທີ່ໂຫຼດແອັບອະເຂົາເສຍທັງເງິນມາເຕີມເນັດ ພວກເຈົ້າສົ່ງຂໍ້ຄວາມມາລົງທະບຽນດ້ວຍຕົນເອງນິພິມໃຫມ່ເດີ້ ໄປລົງທະບຽນຢູ່ສູນດີກວ່າເດີ້ laoaap ,my united, onepay, ຄືພັດືະນາດີກວ່າຟະ ສິບອກເດີ້ເຂົາໂຫຼດເຂົາຕ້ອງການຮັກສາຊິມເກົ່າໄວ້ເພາະພວກເຈົ້າແຕ່ແອັບບໍ່ດີຊໍ້າ",0,0,0,0.99971205
ເພື່ອຄົນທີເຮົາຮັກ,1,1,1,0.9995197
ດີດີດີດີເດັ່ນ,1,1,1,0.9996451
ອັບເດຊ້າ,0,0,0,0.99929035
ໃຊ້ງ່າຍໆ ສະບາຍໃຜກໍ່ໃຊ້ເປັນສຸດຍອດ!,1,1,1,0.99960417
ບໍ່ມີເພງໄທ,0,0,0,0.99403125
ເພື່ອໃຫ້ເຟສບຸກ,1,1,1,0.9981178
ຮອດຫນ້າຫຼັກລະເຮັດແນວໄດ້ຕໍ່ລະ,0,0,0,0.99038494
ໃຊ້ດີເພາະແອບບມີກິກໃນວັອດແອັບໄດ້,1,1,1,0.99955577
ທານຄື ທານ,1,1,1,0.99545276
ມັກໃຊ້,1,1,1,0.9995753
ອື່ນຄືນຮ,1,1,1,0.9906419
ມີບັນຫາໃນການເຂົ້າແອັປທຸກຄັ້ງ,0,0,0,0.99824536
ອັບເດດດຸໂພດ ຊັກຊ້າ ເສຍເວລາຖ້າແຕ່ otp,0,0,0,0.99955755
ຫມຸນວົງລໍ້ໄດ້ແຕ່ແຊບໍ່ໄດ້ຄວນແກ້ໄຂຂໍ້ນີ້ແນ່ເດີ,0,0,0,0.9992693
ຊອບມັກຫລາຍ,1,1,1,0.99963737
ດີລາຍຊອກແຟນງາຍອີກໄດ້ເມຍໄວ່ສຸດນອດໄປເລີຍ,1,1,1,0.99953353
ຊົມເຊີຍ ຂອບໃຈແອັບນີ້,1,1,1,0.9995753
ໃຊ້ງານບໍ່ຄ່ອຍດີບໍ່ພັດທະນາ,0,0,0,0.9988213
ຍອດຈິງໆ,1,1,1,0.99946946
ໃຊ້ບໍ່ດີເລີຍ,0,0,0,0.9983707
ສະດວກສະບາຍຫຼາຍມັກແຮງແອັບນີ້,1,1,1,0.9996486
ໃຊ້ໄດ້ຜົນດີມີຄຸນຄ່າຢ່າງດີ,1,1,1,0.9995987
ລອງເບີ່ງ,1,1,1,0.9985952
ໄຊ້ງານດີແຕ່ຍັງຊັກຊ້າດ້ານສັນຍານ,1,1,1,0.99925333
ໂປຣໂມຊັ້ນເຕີມດາຕ້າຄູນ2ເບິດແລ້ວກະຄວນເອົາໂຄສະນາອອກ ອັນນີ້ໂຄຊະນາ 2ຍັງຢູ່ແຕ່ເຕີມໄປບໍ່ຄູນ2,0,0,0,0.99971086
ເດັ້ງອອກເອງຕະຫລອດ ເປີດໃຊ້ກະຢາກ ຂະຫນາດວ່າຊື້ເອົາໂທສະລັບລ່າສຸດມາໃຊ້ແລ້ວໃດ,0,0,0,0.99935883
ເຂົ້າບໍ່ເຄີຍໄດ້ ຫີແຕດ,0,0,0,0.9993749
ອຸ່ນຫະພູມສູງເກີນໄປຂໍທີມງານຊ່ວຍແກ້ໄຂໃຫ້ແດ່,1,1,0,0.8321685
ຊ້ວງໂຄວິດ ບໍ່ດີການຢາກຊ້າ ບາງເທື່ອກະບໍ່ຮັບອໍເດີເລີຍ ເຮີດ,0,0,0,0.9993333
ຫັດໃຫມ່,1,1,1,0.9804874
ໂອນເງິນຫາບັນສີbcel one ບໍໃດ້ແກ້ດວນ,0,0,0,0.9980544
ແກ້ໄຂຫລາຍຢ່າງຕື່ມຊິບອກຈັກນ້ອຍ1ເດີລະຫັດບໍສົ່ງເວລາລົງໄດ້ເບີ1ຊິລົງເພີມຕ້ອງໂລດໄສ່ນ່ວຍໄຫມ່ລະກະບ່ອນໄສ່ສັກວັກຊີນຄວນປຽນເປັນສໍາມະໂນລະກະບັດປະຈໍາໂຕສະອະນີ້ບັດເສຍໄປໄສ່ລະຊິຫາໄສ່ໄສ່ທ່ານ.ຂອບໄຈ ດາວດງວພໍ,0,0,0,0.99939406
ສະບາຍມາກ,1,1,1,0.9996125
ດີແຮງ ຄອນເຟີມ,1,1,1,0.9996402
ດິີຫບາຍ,1,1,1,0.9994746
ຮອ້ງຂໍ ໄຊ້ແອັບ,1,1,1,0.99884856
ສັນຍານຂີ້ກະຕືກ ຕືມລາຍເດືອນ ຮ້າຍປານດາຕ້າຟຼີ ໄປເຜົາຖິ້ມສາ ຢູ່ເມືອງຊະນະສົມບູນເດີ ບໍ່ເປັນຕາສະແຕກແຮງແລ້ວ ຊິຫາຢູຫາກິນພໍສ່ໍານີ້ນີ້ຕີ້ ສະຫມັກໃຊ້ລາຍເດືອນແລ້ວພໍມາໃຊ້ ປານຂໍທານໃຊ້ຍັງບໍ່ປານເສຍດາຍເງິນເດ້ ຫັກຄ່າທໍານຽມກະພໍໂພດ ສູຫັກເດືອນລະ3000 ໄປເຮັດແນວນີ້ຫວາສູເປັນຫຍັງບໍ່ພາກັນໄປຕາຍໂລດ ໃຫ້ມັນສົມຄາຫັກ3000 ແນ່ ຈັ່ງແມ່ນພັດທະນາຄັກເນາະ ແຕ່ກ່ອນ2019ເບິ່ງຢູທູບຢ້ານແຕ່ເບິດເນັດຄວາມຄົມຊັດນີ້ຍອມຮັບເລີຍໃຊ້ງານສະດວກປີ2025ໃຊ້ລາຍເດືອນ ສ່ໍາ 1g ກະບໍ່ປານ ຄົນເກົ່າກະປ່ຽນຄົນໃຫມ່ເຄື່ອງເກົ່າກະປ່ຽນເຄື່ອງໃຫມ່ ມັນເຖົ້າມັນເກົ່າກະຊ້າໄປຕາມອາຍຸ,0,0,0,0.99953806
ໄມ່ໄດ້ເນີດເລຍ,1,1,1,0.99855906
ໃຊ້ງາຍ ສະດວກສະບາຍ ສຸດຍອດຫລາຍ,1,1,1,0.99962366
ດີພໍສົມຄວນ,1,1,1,0.99961925
ມ່ວນຄັບ,1,1,1,0.9996444
whatsappເປັນຫຍັງນໍຮູ້ບໍ່ໄດ້ຫລີ້ນມັນຊິຕາຍແຕດຊິຂາດນີ້ນະຄວນປັບປຸງຍ່າງດວນ,0,0,0,0.9991374
ເອີ້ນລົດບໍ່ໄດ້ແຍ່ສຸດໆ,0,0,0,0.9991991
ໃສ່ຟິວເຕີ້ບໍ່ໄດ້,0,0,0,0.9985104
ສະດວກທັນໃຈປະຢັດເວລາ,1,1,1,0.9996388
ຯກຫຫຸຜິ,1,1,1,0.9614977
ດີລົມນໍາກິກໄດ້ຫລາຍຄົນ555,1,1,1,0.9996118
ດຮຫລາຍ,1,1,1,0.99664956
5 ດາວ,1,1,1,0.995906
ເພດ,1,1,1,0.9983059
ໂຫລດແອປແລ້ວເຂົ້າບໍ່ໄດ້ແກ້ໄຂໃຫ້ແດ່,0,0,0,0.99966204
ເຮັດບໍ່ເປັນ,0,0,0,0.99801993
ເຟສບຸກເປັນຫນຶ່ງການສື່ສານທາງດ້ານເທັກໂນໂລຢີທີ່ກ້າວຫນ້າ ແລະ ພວກເຮົາຮຽນຮູ້ມັນ,1,1,1,0.9990728
ຈັກອີຫຍັງກະບໍ່ຮູ້ນ້ອງປ້ອນລະຫັດຕາມທີ່ສູນສົ່ງມາພັດມາວ່ານ້ອງປ້ອນລະຫັດບໍ່ຖືກຕ້ອງນ້ອງກະປ້ອນຕາມທີ່ສູນສົ່ງມານະແຫຼະພັດມາບັອກເບີນ້ອງອີກບໍ່ໄຫວແນວນີ້,0,0,0,0.9996331
ດີນະ ພັດທະນາກ້ອງຖ່າຍແດ,1,1,1,0.99958676
ຮນນີຮຮຄ,1,1,1,0.9944126
ຜື້ໃປຜສໃທກຝຶະພພະພພພັໃ,1,1,1,0.98378503
ແກ້ໄຂດ່ວນແອບນີ້ໃຊ້ງານບໍ່ໄດ້ແທ້ ໃສ່ເບີໂທລ໊ອກອິນບໍ່ໄດ້ ບັງເທືອສົ່ງລະຫັດມາໃຫ້ແລ້ວພໍກົດລະຫັດເຂົ້າໄປບໍ່ມີເຫັນມີອີ່ຫຍັງເລີຍ ມັນບໍ່ເຫັນຊິງ່າຍຄືໂຄສະນາຢູ່ໃນພາບ ແລະ ໃນເຟສບຸກເລີຍ,0,0,0,0.9995308
ຢາກໃຫ້ເອັບໄດ້,1,1,1,0.99948967
ສະນຸກມາກກ,1,1,1,0.99632865
ນຶກສີສົມພັນ,1,1,1,0.99867237
ກຶວ,1,1,1,0.9941801
ໃຊ້ແລ້ວສະດວກສະບາຍ ວອງໄວ ທັນໃຈ,1,1,1,0.99961334
ເຍະ,1,1,1,0.99621993
ຕິດຕັ້ງຍາກໃຊ້ລໍາບາກແອັບໃຊ້ດີດີກະໄດ້ໂຫລດໃຫມ່ລະກະຕິດຕັ້ງບໍໄດ້,0,0,0,0.9991424
ສະດວກສະບາຍທຸກການນໍາໃຊ້ຂອງບີຊີອາວັນ,1,1,1,0.9996057
ດີເຢື່ອມ,1,1,1,0.9996087
ທຸກນະໂຍບາຍດີຫລາຍ ສະສົມຄະແນນເມື່ອຊື້ ໄດ້ເປີເຊັນເມື່ອຜູກທີ່ເຮົາແນະນໍາຊື້ 5 ຢາກໃຫ້ທາງເຈົ້າຂອງແອັບ ລ້າງມູນຄ່າທີ່ເປັນໂມຄະອອກ ເພື່ອເຮົາຈະໄດ້ຮູ້ຈໍານວນເງີນທີ່ຈະໄດ້ຮັບຕົວຈິງ ທ່ານໃດຕິດຕັ້ງ ຢ່າລືມເອົາລະຫັດແນະນໍາໂຕນີ້ໃສ່ເດີເຈົ້າ. ຈະໄດ້ຮັບ10 ເມື່ຶອທ່ານຊື້ເລກຫລືຕື່ມບັດ ເຂົ້າບ່ອນໂປໄຟແລ້ວໃສ່ລະຫັດນີ້ 24570563,1,1,1,0.9986462
ຊາແລະເບິ່ງຫັຍງກາຄ່າງ,1,1,1,0.9899476
ໃຊ້ສະດວກສະບາຍໃນການຕິດເພື່ອນຫລືຄອບຄົວ,1,1,1,0.99961406
ເປັນຫຍັງຈຶ່ງຕ້ອງລັອກເບີເມື່ອຕັ້ງບໍ່ສໍາເລັດ,0,0,0,0.9985814
ອັບເດດແລ້ວເຕີມບໍ່ໄດ້ເຮັດແນວໃດບອກແດ່ເຕີມບັດແນວໃດ,0,0,0,0.999666
ປັບປຸງແນ່ເດີ ເດັ້ງແທ້,0,0,0,0.99884856
ບໍ່ໄດ້ເລື່ອງ ສັ່ງອາຫານຕ້ອງໄດ້ຖ້າອໍເດີ້ດົນ ປານນັ້ນບໍ່ຕ້ອງກິນເລີຍລະກະແລ້ວ ລະບົບການເຮັດວຽກຈັດການເວລາໂຄດຫວ່ຍ ສັ່ງເຄື່ອງຢູ່ໃກ້ໆນີ້ ປານສັ່ງຢູ່ຫລັກ16ມາຮອດວຽງຈັນ,0,0,0,0.99922967
ຮັກແຮ່ງແພງລາຍ,1,1,1,0.99953175
ດີຫລາຍ ຖ້າປັບປຸງ ການຄົ້ນຫາຫນັງໄດ້ຫລາຍກວ່ານີ້ຄືສິດີຫລາຍ,1,1,1,0.99947566
ບອກເລີຍວ່າດີ,1,1,1,0.99940467
ດີໃຊ້ງານງ່າຍສະດວກສະບາຍແຖມມີສ່ວນລົດນໍາອີກ,1,1,1,0.9995939
ດີລາຍເອົາໃວລິນເກມ,1,1,1,0.99960333
ນໍາໃຊ້ສະດອກດີ,1,1,1,0.9995939
ເອົາບັນຫາເລກເດັດລົງຄົງຈະດີ,1,1,0,0.9750598
ດີແທ້.ມີລາກຫລາຍໃຫ້ເຮັດແລ້ວຍັງມີເກມອີກ,1,1,1,0.99956685
ອ້າຍລັນ,1,1,1,0.9921233
ໃສດີມາກໆໆ,1,1,1,0.999566
ເອີ້ນລົດບໍ່ໄດ້ເລີຍ,0,0,0,0.99906737
ມີປະສິດຕິພາບດີຂື້ນ,1,1,1,0.9996125
ແມ່ນຫຍັງອັບເດດສິໃສ່ເບິໂທລະສັບກະບ່ໄດ້ລະສິສັ່ງແນວໃດນໍ້ບາດນິ ແຊດຫາຢູ່ເພຈເຟດກະບ່ຕອບບບ,0,0,0,0.99948174
ເຮົາບໍ່ສາມາດລົງທະບຽນໄດ້ເພາະກໍານົດເວລາໃສ່tpoບໍ່ໄດ້ເຮົາລອງຫລາຍແລ້ວຊວ່ຍແກ້ໄຂ້ແນ່ເດີ,0,0,0,0.998743
ຍາໄປແຄຄົນໄມ້ບໍຮັກ,1,1,1,0.7760294
ລືມບໍ່ໄດ້ກະຕາຍໂລ້ດ.ກະໂລ້ດ ອ້າຍຂໍໂສດຮັກເຈົ້າ.ບໍ່ດີໄປອີ້ກບໍໃດ.,1,1,0,0.7850615
ໃຫ້ເນັດຕື່ມອີກນອ່ຍ,1,1,1,0.9763557
"ດີທີ່ສຸດ,ມັກທີ່ສຸດ",1,1,1,0.9996444
ຢາກໃຫ້ທາງນັກພັດທະນາພັດທະນາແອບໃຫ້ເພີ່ມເຕີມແນ່ເດີ ເພາະວ່າລົງທະບຽນແລ້ວກາຍັງຄື້ເກົ່າບໍໄປບໍມາຍັງຖ້າອະນຸມັດອະມັດອີຫຍັງຄືວ່າສອງສາມເດືອນຍັງຄືເກົ່າ ພັດທະນາໃຫມ່ເດີແອບໂຕນີ້ ບໍ່ຜ່ານມັນບໍສະດວກຄົນລົງທະບຽນເຊີນkycເຮັດໃຫມ່ ແອບ why cryzy,0,0,0,0.99949265
ເມື່ອຍໃສ່ລະຫັດເປັນ1000ເທື່ອລະຍັງກັບມາຫນ້າເກົ່າກະລະງືດແຕ່ກອ່ນກະລົງໄດ້ຢູ່ປັບປຸງແດ່ເດີ້,0,0,0,0.9995851
ແອບໂຕຖຶກໃຈຄັກໃຊ້ວອງໄວໄດ້ໃຈ,1,1,1,0.9974788
ບໍ່ໄດ້ ບໍ່ຕ້ອງຂຶ້ນ,0,0,0,0.99877447
ອະປາ,1,1,1,0.9973322
ຕອນຂ້ອຍຫມູນໄດ້ເງີນຂ້ອຍກົດແບ່ງປັນມັນບໍໄປຫນ້າເຝ໋ດແກ້ໄຂແນ່,0,0,0,0.99916065
mochaດີແທ້,1,1,1,0.9995908
ມັນຜິດພາດຢາກລົງບຽນໃຫ່ມມັນບໍ່ໄດ້ລຶບແລ້ວໂຫຼດໄຫ່ມຍັງບໍ່ໄດ້ແກ່ໄຂ່ດວ່ນເດີ,0,0,0,0.9994947
ຄື່ໃສ່ງານບໍໄດ້ຫວ່າ,0,0,0,0.99929166
ບໍລິການໄວທັນໃຈແທ້,1,1,1,0.9995426
ດາວໂຫຼດມາແລ້ວລົງທະບຽນບໍ່ໄດ້,0,0,0,0.9996259
ຊື້ນເລດ,1,1,1,0.99683964
ໃຫ້ດີແນ່ເດີ້,1,1,1,0.9994684
ເຮົາໃຊ້ຫລັກ9ກໍສາມາດແຊດຟີໄດ້ແຕ່ໂທບໍ່ໄດ້ສາມາດເຮັດໃຫ້ຄົນບໍ່ມີເງິນເຕີມບັດສະດວກອີກຫນ່ອຍ,1,1,1,0.99647564
"ຊສາສ,",1,1,1,0.99624926
ຫວ່ຍເກີນ3ຊົ່ງໂມງກາບໍໄດ້ກິນ ຍົກເລີກກາບໍໄດ້,0,0,0,0.99921453
ສິລອງເບິ່ງ,1,1,1,0.9987381
ມູນດ້ນຫ່ກສ່ຮ,1,1,1,0.99379504
ເປີດແອັບ,1,1,1,0.99549675
ດີຢ່ຽມທັນໂລກ,1,1,1,0.99963164
ໂຫລດມາແລ້ວລົວທະບຽນສໍາເລັ້ດແລ້ວຄືບໍ່ໄດ້ຮັບດ້າຕ້າ10gbເລີຍໃຊ້ວ່າໂຫລດມື້ນີ້ຊິໄດ້ຮັບບໍ່ເຫັນຊິໄດ້,0,0,0,0.99958426
ແປກໃຈກົດທົງລະບຽນດ້ວຍເບີພັດບໍ່ສົ່ງລະຫັດລັອກອິນໃຫ້,0,0,0,0.9988508
ໃຫ້ເງີນເນັດຫລາຍໆແນ່ເດີ,1,1,1,0.9907499
ອັພເດດໃຫມ່ເປັນຫຍັງຄືຕ້ອງຂໍສິດເຂົ້າເຖິ່ງໄມໂຄໂຟນ. ອັພກ່ຽວກັບທະນາຄານບໍ່ຈະເປັນຕ້ອງໃຊ້ສິດນີ້,0,0,0,0.99864894
ມີໄຊ,1,1,1,0.9996111
ອັບເດດຕະຫລອດ,0,0,0,0.99907637
ມັກຫລາຍໄຊ້ດີ,1,1,1,0.999608
ແອບແຊັດ ເຟດ,1,1,1,0.9777776
ສຸດຍອດຄວາມແພງ,1,1,1,0.9996458
ຂັອຍກໍາລັງຮຽນໃຊັສະນັ້ນຂັອຍຈິງບໍ່ມີປະສົບການຫລາຍແຕ່ວ່າໃນການໃຊັແອບນີ້ຂັອຍວ່າດີບໍ່ວ່າການໃຫັບໍ່ລິການແລະອື່ນໆກໍ່ຖືວ່າດີເນາະສະເພາະຂັອຍໄດັໃຊທີຜ່ານມານີ້.,1,1,1,0.99918
ເປັນເມືອງທ່ອງທ່ຽວປະຫວັດສາດວຽງໄຊແຂວງວຽງຈັນຈັບຢູ່ຄໍາມ່ວນແຂວງຈໍາປາສັກແລ້ວຈະໄດ້ມີຂຶ້ນທ່າມການຄ້າຕ່າງກັນຄືແນວໃດການສຶກສາຊັ້ນປະຖົມໃຫ້ເອົາໃຈໃສ່ສຶກສາອົບແຫ້ງໄປຈູດເຜົາເຮືອນທີ່ຄົບຢູ່ໃນປີມີຄວາມຫມາຍແນວໃດຕ່າງກັນຄືແນວໃດການສຶກສາຊັ້ນປະຖົມໃຫ້ເອົາໃຈໃສ່ສຶກສາອົບແຫ້ງໄປຈູດເຜົາເຮືອນທີ່ຄົບຢູ່ໃນປີມີຄວາມຫມາຍແນວໃດຕ່າງກັນຄືແນວໃດການສຶກສາຊັ້ນປະຖົມໃຫ້ເອົາໃຈໃສ່ສຶກສາອົບແຫ້ງໄປຈູດເຜົາເຮືອນທີ່ຄົບຢູ່ໃນປີມີຄວາມຫມາຍແນວໃດຕ່າງກັນຄືແນວໃດການສຶກສາຊັ້ນປະຖົມໃຫ້ເອົາໃຈໃສ່ສຶກສາອົບແຫ້ງໄປຈູດເຜົາ,1,1,1,0.9923934
ອັນໃດບໍ່ໄດ້,0,0,0,0.997813
ດີແຮງມັກເບິດໃຈ,1,1,1,0.9996526
ແບບເກົ່າຍັງດີກວ່າເວີຊັ່ນໃຫມ່ໂຄດກາກ,0,0,0,0.99943525
ແອັບລາວຕາຍ ຫມູນຖືກແຕ່ຜີ,0,0,0,0.9995695
ຄ້ຈືຍຊ້,1,1,1,0.9850429
ເຈີຍໃນ,1,1,1,0.98609793
ຫນ້າແອັບໂຊກໄຊຄືບໍ່ບອ່ນຊໍາລະດວ້ຍຄະແນນຄືເກົ່າຄະແນນສະສົມເຮົາມີຫລາຍແຕ່ຕື່ມບັດດວ້ຍຄະແນນຫລືຊໍາລະຄ່າດວ້ຍຄະແນນກະບໍ່ໄດ້ຄືເກົ່າເປັນແນວໄດ໋ປັບປຸງແນ່ເດີ,0,0,0,0.9995092
ໄຊີທີ່ສຸດ,1,1,1,0.9989434
ສຸດຍອດບໍລິການວອ່ງໄວທັນໃຈ,1,1,1,0.99945897
ເຮຄ,1,1,1,0.9915216
ວັນແກ້ວ,1,1,1,0.99916065
ມັນບໍ່ມີອັນແທັກ,1,1,0,0.99543506
ຕອນນີ່ອັບເອດແລ້ວເຂົ້າແອບບໍ່ໄດ້ ປັບປຸ້ງໃຫມ່ແນ່,0,0,0,0.9991374
ຂອງດີ.,1,1,1,0.99963593
ເປັນການສື່ສານທີ່ດີ,1,1,1,0.99961996
ສົນໄຈມາກຄະ,1,1,1,0.9932811
ມາຫມ້າ,1,1,1,0.9967269
"ຢ່າລໍຄວາມພອ້ມລົງມືທໍາເລີຍ, .",1,1,1,0.6744794
ແອັບເຂົ້າບໍ່ໄດ້ ລະບົບຊ້າແຮງ,0,0,0,0.9996724
ຂໍໄຫ້ຕິດງ່າຍໂທທຸກຄັ້ງປັບປຸງອຶກນິດສິຄອມເມັ້ນ5ດາວໄຫ້,1,1,1,0.9979652
ໂຫລດໃຫ້ໄດ້ນໍາເດີ,1,1,1,0.9975032
ບັນຊີລົບບໍ່ໄດ້,0,0,0,0.99849296
ບໍ່ໄດ້ເລື່ອງ ແຮງປັບປຸງແຮງເຂົ້າບໍ່ໄດ້,0,0,0,0.99962294
ດີງ່າຍຕໍ່ການຕິດຕາມພັດສະດຸ,1,1,1,0.99961853
ດີ ເລີດ,1,1,1,0.9996613
ດີເຂົ້າ,1,1,1,0.999652
ແມ່ມືງເອີຍລົງທະບຽນບໍ່ໄດ້ໃສ່ເບີມັນຂຽນວ່າເບີບໍ່ຖືກຕ້ອງປັບໃຫມ່ແດ່,0,0,0,0.9997187
ແອບບໍສົມບູນແບບ,0,0,0,0.99906915
ຢ່ກລ້ວາມ,1,1,1,0.98862445
ສະບາຍບໍ່ມີເນັດກະຫລີ້ນໄດ້,1,1,1,0.99930537
ອັບເດດບໍ່ເຫັນມີຫຍັງດີຂຶ້ນອັບເດດດຸຕາຍແທ້,0,0,0,0.99968743
ເຮັດດີແລ້ວ,1,1,1,0.9996207
ສັ່ງງ່າຍໆ,1,1,1,0.9994307
ສໍາລັບຂ້ອຍຖືວ່າດີ ພັດທະນາຕໍ່ໄປ,1,1,1,0.9995678
ໃຊ້ແອັບນີມາຍອມຮັບວ່າສະດວກສະບາຍໃຊ້ຕິດຕໍ່ຫຍັງກະງ່າຍຂື້ນ,1,1,1,0.99866724
ທັນໃຈຢ່າງວ່ອງໄວ,1,1,1,0.9996288
ດີແບບຄວຍ,1,1,1,0.9996207
ຫລື້ນມວ່ນຫລາບ,1,1,1,0.9936733
ໃຊ້ໄດ້ດີວອ່ງໄວໄດ້ໃຈ,1,1,1,0.9996178
ເວົ້າໄດ້,1,1,1,0.998606
ສັນຍານດີບໍມີສະດຸດ,1,1,1,0.9994116
ບໍ່ລິການໄວມາກກກ,1,1,1,0.97782
ດີຫລາຍແອັບນີ້.ບໍ່ມີເນັດ.ກະຊ່ວຍໄດ້,1,1,1,0.9996018
ມີລະບົບສະແກນລາຍນີວມືເພື່ອ login ແຕ່ບໍ່ສາມາດໃຊ້ງານໃດ ຖ້າລະບົບສົມບູນລະຈະໃຊ້ເດີ,0,0,0,0.99568534
ສຸດຍ່ອເລຍ,1,1,1,0.9972904
ຊ່ວຍແກ້ໄຂໄວໆແນ້ໄດ້ບໍ ໂທຟີຮກະບໍ່ໄດ້ຫລີ້ນເກມສັ້ນເອົາເງິນກະແຊອອກບໍ່ໄດ້ຖ້າບໍ່ມີເງິນເນັດ ອັບເດດໄຫມແນ້ຊ່ວຍແກ້ໄຂໃຫ້ເປັນແບບເດີມດີກວ່າເປັນແບບນີ້ຊໍາ,0,0,0,0.9869292
ແກ້ໄຂແນ່ແອປນີ້ເຂົ້າບໍ່ໄດ້ ດ່ວນ ແກ້ໄຂ່ດ່ວນແອັບນີ້ເຂົ້າລະເດັ່ງອອກ,0,0,0,0.99967504
ບໍ່ມີຟັງຊັ້ນສະຫມັກ mastercard ຄືຂອງຄົນອື່ນ ຍ້ອນຫຍັງ?,0,0,0,0.997917
ທີບໍ່ຮູ້ຈັກ,1,1,1,0.9989309
ວະບາຍເປັນຫຍັງຄືເຂົ້າບໍ່ໄດ້ນໍປັງປຸງແດ່ເດີເຂົ້າລະເດັງອອກຕະຫລອດ,0,0,0,0.99937004
ຂໍພຽງຄວາມຊື່ສັດຊື່ຕົງໂປງໃສກໍດີແລ້ວ,1,1,1,0.99949956
ແຟດ,1,1,1,0.9814534
ໂອນເງິນອອກຈາກແອບໄປໃສ່ເບີບ່ໄດ້ແກ້ແນ່ເດີ,0,0,0,0.99739385
ມີເຫດພົນ,1,1,1,0.99731654
ໃຊ້ໂຄດດີເລີຍ,1,1,1,0.9995753
ສະແກນຈ່າຍບໍ່ໄດ້ຕະຫລອດ,0,0,0,0.99924314
ພໍໃຊ້ໄດ້,1,1,1,0.99954
ຂໍສືກສາທາງເຕັກນິກເພີ້ມເຕີມ,1,1,1,0.9979849
ທະນາຄານມືຖືຂອງຢູນິເທວ ໃຊ້ໂອນຜ່ານ4ຊ່ອງທາງໄດ້ແລ້ວ,1,1,1,0.9987551
ບໍ່ຄ່ອຍດີປານໃດ,0,0,0,0.9903476
ໃຊ້ງານດີແທ້,1,1,1,0.9996057
ດີໃຈແຕກໍເສຍເງິນລາຍ,1,1,1,0.9995915
ຮາໆ,1,1,1,0.99025387
ຂໍໂລກໃຫ້ໄດ້,1,1,1,0.9995859
ໂຄດດີເລີຍ,1,1,1,0.9993268
ຮັບອໍເດີຊ້າ,0,0,0,0.99893504
ຜູ້ເຂົ້າຊົມ,1,1,1,0.9912378
ເສີ່ຍແງ່ນ,1,1,1,0.9920466
ເຕົາເອີລາວໂລ,1,1,0,0.87370056
ແອັບນີ້ໃຊ້ດີຫຼາຍ ສໍາລັບໃຜທີ່ຕິດຕັ້ງໃຫມ່ ນີ້ແມ່ນລະຫັດຜູ້ແນະນໍາເນີ78360449,1,1,1,0.9994035
ບ່າວມົ້ງລີ,1,1,1,0.99719363
ເປັນຕາຍຫຍັງກະບໍ່ຮູ້ບໍ່ມັກຮັບລູກຄ້າ,0,0,0,0.99690056
ບໍ່ມີເງິນຝາກ555,1,1,0,0.98662347
ໃຊ້ສະດວກກວ່າເກົາ,1,1,1,0.99955755
ໃຈາທີ່ສາ້ງແອບນີ້ຂື່ນມາ,1,1,1,0.99843913
ຈະເປັນຄົນດີໃຫ້ພວກທ່ານນະ,1,1,1,0.9996125
ແພັກເກດນາທີໂທມັກມີບັນຫາຄືເວລາຕັ້ງນາທີໂທຕັດເງີນໄປແລ້ວແຕ່ຈໍານວນນາທີບໍຂື້ນ,0,0,0,0.9994128
ເຂົ້າລະເດັງອອກກັບມາຫນ້າotp,0,0,0,0.99932945
ມັນກະໃຊ້ງານງາຍໆພຽງແຕ່ຕ້ອງໃຈເຍັນໄຊ່ໃຈໄນການອ່ານຂໍ້ຄວາມທີສູນສົ່ງມາເບິ່ງລາຍລະອຽດຂັນຕອນຕ່າງໆແລະກະເຮັດໄຫ້ຄົບທຸກວີທີທີ່ສູນໄຫ້ເຮັດມັນກະໄດ້ສໍາເຮັດດ້ວຍດີບໍ່ແມ່ນເອົາແຕ່ອາລົມໂຕເອງເຊັນຕອນໄຫ້ໄຊ່ເຂົ້າແອັບຕ້ອງໄຊ່ເບີໂທຂື້ນກ່ອນຕ້ອງ20ບໍ່ແມ່ນ020ຂ້ອຍແອັບນີ້ດີແຕ່ຕ້ອງປັບປຸງເລືອງການໃຊ້ງານໄຫ້ດີກວ່າຫນີ້ແລະໄຫ້ມັນຫຼາກຫຼາຍໄນການໃຊ້ງານອື້ນໆ,1,1,0,0.9832145
ໂທທາງແມັກເຊັ່ນເຈິມັນສະດຸດ,1,1,1,0.99750805
ເຂົ້າ ໂຫລດແອັບບໍໄດ້,0,0,0,0.99959475
ດີຫລາຍທັນໃຈວອງໄວ,1,1,1,0.9996352
ຢູ່ທີ່ສ ປປ ລາວ,1,1,1,0.99888176
ແອັບເມື່ອອອກຈາກລະບົບແລ້ວເຂົ້າກະບໍ່ໄດ້ເລີຍຖ້າບໍ່ມີເນັດ,0,0,0,0.9996561
ດີມາກແຕາຊ້ານ້ອຍນຶ່ງ,1,1,1,0.9995745
ແອັບນີ້ດີລາຍ,1,1,1,0.9995876
ໄຊ້ໄດ້ດີແລະພໍໃຈທີ່ໄດ້ບໍລິການ,1,1,1,0.99961025
ຖາວອນ ຂອບໃຈສໍາລັບທຸກການພັດທະນາຂອງທ່ານ.,1,1,1,0.9994967
ບໍ່ເຫັນມີວົງລໍ້,0,0,0,0.9904591
ລະບົບມັກຂັດຂ້ອງໂພດ,0,0,0,0.99939644
ໄວ້ຂໍເບີສາວ,1,1,1,0.9946878
ແອັບໂຄດບໍ່ດີ່ສັ່ງ1ໄດສອງເກືອບບໍ່ມີເງິນຈ່າຍເນາະໄຮເດີ້ກະຫິວເງິນ,0,0,0,0.9996737
ຄັກແຮງໃຊ້ງ່າຍສະດວກສະບາຍ,1,1,1,0.99961925
ອິນບອກບໍ່ໄດ້,0,0,0,0.99898964
ເຮົາໂອນເງີນໃຫ້ອ້າຍ5000ໂອນແລ້ວເງີນບໍ່ເຂົ້າແຖມເຮົາຍັງເສຍເງີນນໍາ,0,0,0,0.9987207
ສຸດຍ້ອດເລີຍ,1,1,1,0.99936634
ກວດສອບແນ່ຕື້ມບັດບໍ່ໃດ້,0,0,0,0.9978002
ສັນລຸ້ນໂຊກແລ້ວບໍໄດ້ຍັງຖືກແຕ່ຂໍຂອບໃຈຝາກແກ້ດ່ວນ,0,0,0,0.9013143
ສັ່ງທຸກຄັ້ງ ມີປັນຫາທຸກຄັ້ງ ເຫນື່ອຍຍຍ,0,0,0,0.99807703
ຂອ້ບໃຈ,1,1,1,0.9992022
ມັກເກມກອບ,1,1,1,0.99945253
ເອອເຕຮ່ຍ,1,1,1,0.99540824
ຕອ້ງການຕອນນີ້,1,1,1,0.98625773
ທີ່ງ,1,1,1,0.9973008
ດີຫລາຍແອັບນີ້ ຕັ້ງເງິນເນັດກະໄດ້ຄູນ2,1,1,1,0.99956435
ຕຸ້ຍນ້ອຍ.ພູມມີຈິດ,1,1,1,0.9993845
ສະດວກສະບານ,1,1,1,0.9996424
ຕ້ອງການພາສາລາວ,1,1,1,0.999071
ຈາກມ,1,1,1,0.997285
ໃຊ້ດີຫລາຍໆ,1,1,1,0.99962294
ທັງຫມົດເລີຍ,1,1,1,0.9979412
ຢາກໄດ້ເວີຊັ້ນໃຫ່ມ,1,1,1,0.99910825
ອັບເດດໃຫມ່ແລ້ວບອກເຊີນມູເຊີນແລ້ວມຸນຕໍ່ບໍໄດ້ບອກຫວ່າທ່ານປະຕິບໍ່ສໍາເລັດ ແກ້ໄຂກວນໆ ແມ໋ງເສຍເນັດກູຊື່ໆອຸສາອັບເດດໃຫມ່ຄິດຫວ່າມັນຊິດີກວ່າເກົາສຸດທ້າຍກະຄືເກົ່າ.ຄວາຍ,0,0,0,0.9996118
ນັງໂປໍຈີນ,1,1,1,0.99649614
ໃຊ້ບໍລິການດີ ຝາກຮຸ່ງອາລຸນ ຂົນສົ່ງຕະຫຼອດ,1,1,1,0.9995054
ຕົ້ນ,1,1,1,0.99476975
ນີພອນ,1,1,1,0.99948263
ຢາກເຟສບຸກອັປເດທມີພາສາລາວໃນແອັປ,1,1,1,0.99830914
ທັນສະໄຫມຂື້ນແລ້ວ,1,1,1,0.9992944
ໄດ້ແລ້ວ,1,1,1,0.9995523
ໃຊ້ຍາກພິມເບີໃສ່ຄືວ່າບໍ່ຖືກຕ້ອງ,0,0,0,0.99946636
ມັນສຸດຍອດອີຫລີ,1,1,1,0.99958104
ປອດພັຍ,1,1,1,0.99941504
ໂຄດຍາກເຂົ້າກະຍາກບໍ່ໄດ້ຊ້ໍາບາງທີ່,0,0,0,0.9997075
ແອຟດີຫລາຍ,1,1,1,0.99958426
ສຸດຍອດເລີຍຈາ,1,1,1,0.99959785
ໃຊ້ດີ ສະດຸດເລັກນ່ອຍແຕ່ກະຖືວ່າໂອເຄຢູ່,1,1,1,0.99955136
ຢາກກິນເຂົ້າປຽກຖ້ວຍ 18.000ກີບ ຕ້ອງໄດ້ຈ່າຍ 30.000 ບ້າໄປແລ້ວ ຄ່າສົ່ງແພງເກີນນ,0,0,0,0.99847823
ສັ່ງອາຫານແລະບໍ່ສົ່ງລະຫັດມາໃຫ້ຈັກເທື່ອເຮັດໄປເພື່ອສັ່ງລະບໍ່ໄດ້ຫຍັງເສຍເວລາ,0,0,0,0.99923575
ເອົາໄປ5ດາວ,1,1,1,0.98780584
ໃສ່ໄດ້,1,1,1,0.9992084
ໄດ້ປະສົບການໃຫມ່ໆ,1,1,1,0.99950254
ໂອໂຫ,1,1,1,0.9946464
ປັບປຸງດ່ວນເດີ,0,0,0,0.9976311
ໃຊ້ງ່າຍ ແລະ ຊື້ເລກກໍ່ໄດ້,1,1,1,0.99946946
ເປັນຫຍັງຕອນນີ້ ໃຊ້ງານບໍ່ໄດ້,0,0,0,0.9982522
"ເປັນແອັບທີ່ດີ, ຊ່ວຍອໍານວຍຄວາມສະດວກໃນການເດີນທາງພາຍໃນ ນະຄອນຫຼວງວຽງຈັນ,",1,1,1,0.9995635
ຈ່າລະ,1,1,1,0.99396133
ຈຮາ,1,1,1,0.9970536
ໃຊ້ດີໆໆ,1,1,1,0.99960643
ໃຫ້ເປັນທີ່ຮູ້ຈັກຂອງຄົນລາວ,1,1,1,0.9994887
ເຊີນຫມູ່ບໍໄປໄດ້ມັນບອກວ່າເກີດຂໍຜິດພາດ ແກ້ໃຫ້ນ້ອຍ ຂໍຂອບໃຈ,1,1,0,0.9876401
ປຮໍາສໍານໍາ,1,1,1,0.992837
ດິ ດີ,1,1,1,0.99953806
ທັນສະໄຫມທັນໃຈ,1,1,1,0.99956685
ມັນໃສງ່າຍດີ,1,1,1,0.99964166
ອັບເດດແລ້ວຫລີ້ນຍັງບໍ່ໄດ້,0,0,0,0.9994023
ໄຊດີຫຼາຍ,1,1,1,0.9996444
5ດາວສົງໄປ,1,1,0,0.8222605
ເອົາເປັນເຟດເກົາໄດ້ບໍ,1,1,1,0.9664738
ດີຈັງເລີຍ,1,1,1,0.9996499
ໃວນຸຜປູດູ ຝາກດ່າລວມ. ລ ຂ,1,1,1,0.9896918
ເປັນແອັບທີ່ເຮົາໃຊ້ປະຈໍາວັນ,1,1,1,0.9987649
ແຕ່ກອນມັນກະດີແລ້ວແຕ່ດງວນີອັບເດດໃຫມ່ມັນບໍໄດ້ຫຍັງເລີຍ,0,0,0,0.9991928
ກະດີຢູ່ແຕ່ຢາກໃຫ້ເຟສສາມາດເບີ່ງຮູບໄດ້ຄືເກົ່າເວລາເມີດເງີນ,1,1,1,0.99852496
ຖາວອນ .,1,1,1,0.9986249
ຄັກຢູ່ ແຕ່ໃຫ້ອັບເດດດຸໂພດ,1,1,1,0.9875444
ຫາູສິຍູ,1,1,1,0.9885361
ພູມໄຈຫລາຍ,1,1,1,0.99952257
ຈໄຈ,1,1,1,0.99403125
ອິນເຕີເນັດຊ້າຫຼາຍ,0,0,0,0.99856466
ອັບເດດໃຫມ່ບໍ່ຄັດເລີຍເຂົ້າແອບຍາກເກີນ,0,0,0,0.99968255
ດີໃຈທີ່ໄດ້ຮັບຜົນ,1,1,1,0.9996222
ໃຊ້ງານສະດວກ,1,1,1,0.999617
ຂໍໄຫດີແດ,1,1,1,0.9995216
ໂລດມາສັນມື້ທໍາອິດລົງເຟສໄດ້ສັນມື້ຕໍ່ມາແມ່ນລົງບໍ່ໄດ້ຄັນແນວນີ້ຈັກຊິພະລິດແອັບເພືອຫຍັງບໍ່ເຂົ້າໃຈເລີຍ,0,0,0,0.99972624
ດີ ແຕ່ມື້ນີ້ເຂົ້າແອັບບໍ່ໄດ້ເລີຍ,1,1,1,0.998784
ມັກມາກ,1,1,1,0.9995939
ບໍ່ຂໍໃຫ້ດາວແອັບຊ້າແຮງ ຖ້າຂໍ້ຄວາມດົນແຮງ ໃຜທີ່ຄິດສິລົ່ງແອັບໂຕນິຜິດຫວັງ100 ຊ້າແຮງບໍ່ໄຫວ,0,0,0,0.99935
ແອບນີ້ໃສ້ດີມາກສຸດຍອດ,1,1,1,0.9985392
ໃຊ້ການສື່ສານດີເກີນຄາ,1,1,1,0.9993255
ດີຫາຼຍແອັບຕົວນີ້,1,1,1,0.99959785
ມັກ ຖືກໄຈສຸດ.,1,1,1,0.99957114
ເປັນແອັບທີ່ໃຊ້ດີຫລາຍ,1,1,1,0.9994319
ໃສ່ເພລງກະບໍ່ໄດ້,0,0,0,0.9995054
ດີໄຊ້ໄດ້ແລ້ວ,1,1,1,0.9996526
ປັບໃຫ້ແດ່ ຮູບທີ່ຫມູ່ສົ່ງໃຫ້ມັນບໍ່ເຂົ້າເຄື່ອງ ບໍ່ຮູ້ວ່າເປັນຍ້ອນຫຍັງ,0,0,0,0.9991013
ຫຼິ້ນເກມຊະນະແລ້ວບໍ່ເຫັນຊິໄດ້ເງິນ ຫຼອກລວງຜູ້ບໍລິໂພກ,0,0,0,0.9982109
ຍາມເຂົານອນລະສົ່ງລະຫັດມາແມ່ມັນຍັງບາດກູລົງລະບຽນຄືບໍ່ສົ່ງລະຫັດມາໃຫ້ ລົບກວນເວລາເຂົານອນລະລາສົ່ງລະຫັດມາແຕ່ຕອນ3ໂມງເຊົ້າສົ່ງມາເພືອຫຍັງ,0,0,0,0.9996762
ອັບເດດບໍ່ໄດ້ປັບປຸງແນ່,0,0,0,0.9995584
ດີຈັງ,1,1,1,0.99965537
ປອດໄຟວອງໄວຕ້ອງ lvb digibank,1,1,1,0.998884
ເບີ່ງstory ບໍ່ໃດ້ແມ່ນເປັນຫຍັງແກ້ໄຂດ່ວນ,0,0,0,0.99895966
ຂອບໃຈຄົນລາວທຸກຄົນfcເລີຍ,1,1,1,0.9995678
ໂຄດກາກເລີຍແອັບນີ້ ທັກຫາເຂົາແຕ່ມື້ວານຈົນປານນີ້ກະຍັງບໍ່ຕອບ ຍ່າໂລດມາຫລີ້ນເດີສູກາກໂພດແອັບຮ່ານິ,0,0,0,0.99975365
ໂທບໍ່ໃດ້,1,1,0,0.99799275
ບໍ່ສາມາດເຕີມເນັດ10.000ໄດ້,0,0,0,0.9976404
ໃຊ້ງ່າຍສະດວກສະບາຍວອ່ງໄວທັຮໃຈ,1,1,1,0.99960726
ຫມູນວົງລໍ້ບໍ່ເຄີຍໄດ້ລາງວັນ ມີແຕ່ຖືກບັງເພັງຮ່ວມກັນທຸກຄັ້ງແລ້ວຈະໃຫ້ຫມູນເພື່ອ?,0,0,0,0.9992563
ແອບໂຄດກາກ,0,0,0,0.9997029
ເວີຊັ່ນໃຫມ່ນີ້ແທ້ບອກເລີຍວ່າບໍ່ເຂົ້າໃຈຫຼິ້ນ.!ງົງຫລາຍ,0,0,0,0.99812514
ຕ້ອງການເປີດໄຊ,1,1,1,0.99922216
ດີຫາຍງດີໆ111,1,1,1,0.9996178
ແອບຫາແດກໂຫລດມາເສີຍເງີນຫລາໆ ຕັ້ງບໍ່ໄດ້ເຮັດມາເພື່ອ.ຄວຍ,0,0,0,0.99970406
ຮັກໃນສິ່ງທີເປັນ,1,1,1,0.99955755
ສຸດຍອດໆ,1,1,1,0.99945575
ບໍ່ມີຄວາມກ້າວຫນ້າເລີຍຍາມເລີກໍ່ຖືກອັບເດດສະຖານນະຄັນບໍ່ກໍຖືກຟັງເພງຮ່ວມກັນບໍ່ໄດ້ຖືກເງິນຈັກເທື່ອຜິດຫັວງກັບແອບນີ້,0,0,0,0.9992461
ຊິນຮີມ ຊອກພວກເຂົາເຈົ້າ ສຶກສາເຟີ່ມເຕີມ ນບບາລ ຮບ ພາຍໃນ,1,1,1,0.99678373
ຄໍາເຫນືອງພົມະນີ,1,1,1,0.9971439
ຊວຍງາມ,1,1,1,0.99939764
ແບ່ງປັນບໍໄດ້,0,0,0,0.9989536
ຫມຸນຖືກເງີນແນັດແບ່ງປັນບໍ່ໄດ້ເລີຍຄວນປັບປຸງແດ່,0,0,0,0.9994504
ປ່ຽນພາສາບໍ່ໄດ້,0,0,0,0.99883276
ໄຊທອງ,1,1,1,0.99962294
ມັກຫລາຍຍຍ,1,1,1,0.99956864
ຢາກມີເພືອນ,1,1,1,0.9995122
ໃຊ້ງ່າຍ ປອດໄພ ຈະສົ່ງຂໍ້ຄວາມ ຫຼື ຈະໂທ ວິດີໂອ ຄວາມໃກ້ສິດ ທີ່ສະດວກ.,1,1,1,0.9995197
ໄຫ້ອັບເດັດຕະຫຼອດ,1,1,1,0.9935993
ສູນຂັ້ນທີ່ເຕ່ງ,1,1,1,0.99053264
ຊອກຫາເພືີ່ອນໃນແອັບນີ້ກໍ່ສະດວກແລະສີ່ງໆໃຫມ່ໆ,1,1,1,0.9991768
ບໍລິການດີເລີດໃນການບໍລິການດ້ານທະນາຄາຍ,1,1,1,0.9994947
ມໍສາມ,1,1,1,0.99407744
ເປັນຫຍັງຕ້ອງບັງຄັບໂຫລດ ?,0,0,0,0.99393785
ມັກແອບນີ້,1,1,1,0.9995859
ໂຫລດມາແລ້ວແຕ່ເຂົາແອັບບໍ່ໄດ້ຫຍັງຢູ່ນາລອ໋ກນິ,0,0,0,0.99920064
0ດາວກະບໍ່ໄດ້ ໃຊ້ຍາກ ສະແກນກະບໍ່ໄດ້ບາດໂອນໄດ້ບາດໂອນບໍ່ໄດ້ມີບັນຫາຫລາຍຢ່າງ,0,0,0,0.99973255
ອັບເດດໃຫມ່ລະເຂົ້າບໍ່ໄດ້,0,0,0,0.9996561
ອັບເດດມາໃຊ້ງານລໍາບາກຫລາຍເຂົ້າກະບໍ່ໄດ້ຢາກຈ່າຍເງີນຄ່າສີນຄ້າກະບໍ່ມີຈ່າຍ ຢາກສູນເດະ,0,0,0,0.9996762
ຫນຸນບໍໄດ້ອີກແລ້ວໃຫ້ແຕ່ເຊີນເພື້ອນແກ້ໄຂແດ່,0,0,0,0.9988991
ເຫັນວ່າມັນມີຄົ້ນຄ່າເພາະຊວ່ຍເຮົາໄດ້ທຸກຢ່າງ,1,1,1,0.9971551
ບໍ່ຕ້ອງໂຫລດເດີ້ລົງທະບຽນບໍ່ໄດ້ດອກແມ່ມັນນີ້ປານນັ້ນວ່າລົງທະບຽນຜ່ານແອບນີ້ກະໄດ້ຮູຂີ້ກູນີ້,0,0,0,0.99963665
ຟໂຈ,1,1,1,0.98846966
ພັດທະນາຂື້ນໄດ້ດີຫລາຍສະແກນການຄ້າໄດ້ແບບສະບາຍສຸດຍອດ,1,1,1,0.9995778
ງາມດີ,1,1,1,0.99959713
ເຄຄັກສຸດ,1,1,1,0.9993255
ເປັນຫຍັງຂ້ອຍຕັ້ງລາຍຊື່ແອບບໍ່ໄດ້,1,1,0,0.99686414
ເກົ່າ,1,1,1,0.99106663
ອີສີ,1,1,1,0.99861956
ແອັບມັນຄືເຂົ້າບໍ່ໄດ້,0,0,0,0.9995016
ທ.ກອງມະນີ.,1,1,1,0.9979007
ຄືຫລັກມື້ວານນີ້ກະໃດ້150bataກະໃຫ້ບໍ່ໃດ້ອີກມື້ນີ້ມູນຖູກ100 ກັບ200.ກະບໍາໃຫ້ນີ້ຫວະຊໍານີ້ກະເຮັດນໍາລູກຂ່າລົບຖິມດີກ່ວາເປືອງເນັດລ່າງໆ.ສົນຕີນ.,0,0,0,0.9994547
update ແລ້ວເຂົ້າລະບົບ ແລ້ວ ມີແຕ່ ເດັ່ງ ອອກ ເປັນແບບນີ້ທຸກເທື່ອເລີຍ,0,0,0,0.99948776
ດອນແສງວິໄລ,1,1,1,0.9991689
ບອກຕາຍແຕ່ອັບເດດ ທຸກມື້ ໂພດໂພແທະ,0,0,0,0.99959236
ຢາກຫົວ,1,1,1,0.99832565
ເຈີແຕ່ເດັກນັກຮຽນຕິດເກມມາຕົວະເຕິມເນັດ,0,0,0,0.998835
ໂຫຼດແລ້ວລົງທະບຽນບໍ່ໄດ້,0,0,0,0.999666
ໃຊ້ດີມາກຄ່ະ,1,1,1,0.9996087
ຄວນມີພາສາລາວແນ່,1,1,1,0.99817204
ຖ້າສາມາດໃຊ້ກັບ app true wallet ໄດ້ກະຄົງຈະດີ ພັດທະນາຕໍ່ໄປເດີ,1,1,1,0.99894124
ໃຊ້ຍາກໂພດ,0,0,0,0.9991928
ອັບເດດແລ້ວບໍ່ດີຄືໂຕເດີນ,0,0,0,0.99957114
ເຄເຕ,1,1,1,0.99665606
ຄົບຈົບຢູ່ໃນແອັບດຽວ,1,1,1,0.9989857
ໃຊ້ດີສະດອກໃນການໂອນ,1,1,1,0.99960333
ຢາກໃຫ້ໃຊ້ໂອນຕ່າງທະນາຄານໃດ້,1,1,1,0.9993761
ຍິນດີຕ້ອນຮັບ,1,1,1,0.99956864
ຮັກເດີ whatsapp,1,1,1,0.9996049
ໂລດແອບຫ້ອຍເທື່ອກະຍັງເຂົ້າບໍ່ໄດ້ ອາລົມເສຍສຸດ,0,0,0,0.999529
ແກ້ໄຂ້ໃຫ້ແນ່ປັ່ນຈົນຈໍາຝາກະແຕ໋ະຍັງບໍ່ໄດ້ພໍດາຕ້າ,0,0,0,0.99830914
ສະດວກແຮງ,1,1,1,0.99967945
ຂອບໄຈນໍາທຸກທານທີຊວຍໄດ້ຮູ້ໄດ້ເຫັນ,1,1,1,0.9995178
ເນັສຊ້າ,1,1,0,0.9899671
ແມງກ້ສບິ່ມ,1,1,1,0.9928786
ວັນເກີດ,1,1,1,0.9979771
ໃຫ້ອັບເດດແດ່,1,1,0,0.9898499
ຫມຸນໃດ້ແຕ່ແຊບໍ່ໃດ້,0,0,0,0.99922824
ລັດສະຫນີ,1,1,1,0.99690056
ແອບກາກໆເຂົ້າລະເດັ້ງອອກຢູ່.ງຶດ,0,0,0,0.9996402
ດີແທ້,1,1,1,0.9996594
ໃສໄດ້ງາຍ,1,1,1,0.9989267
ຍີນຕອນຮັບສູ່ໂລກອານາຄົດ,1,1,1,0.9991928
ໃຊ້ເບີບໍໄດ້,0,0,0,0.9991374
ໂຄດກາກ ຊ້າກະຊ້າ ລະບົບມີບັນຫາຕະຫລອດ ຕັດເງິນກະລື່ນເພີ່ນເດືອນ10ພັນ,0,0,0,0.9997428
ອັບ,1,1,1,0.9869292
ຊຶໂທຍ,1,1,1,0.9946464
ເອີ້ນລົດໂຄດຍາກ ປັບປຸງທັດສະນະພະນັກງານແນ່ ໃຫ້ເອົາໃຈໃສ່ກວ່ານີ້ ຫຼື ເປັນເພາະລະບົບຂອງແອັບ ຄວນປະຊຸມສະເຫນີແກ້ໄຂໃຫ້ຫົວຫນ້າອົງກອນຮັບຊາບນໍາ,0,0,0,0.9991541
ແອັບໂລດແອັບຍາກ,0,0,0,0.99951875
ພອນຄໍາ,1,1,1,0.99965405
ດີແລະໃຫ້ເນັດຟຮີ,1,1,1,0.99960107
ເພື່ອແຊັທ,1,1,1,0.9983158
ລົງທະບຽນເບີໂທລະສັບບໍ່ໄດ້,0,0,0,0.99940586
ໃຜທີ່ໃຊ້ງານໄຫ່ມແມ່ນຍ່າລືມໃສ່ເລກແນະນໍານີ້ເດີ52280019,1,1,1,0.99789655
ຮັກເລີຍ,1,1,1,0.999617
ຮັກເດີ້ທຮ,1,1,1,0.9995753
ເຊັກເຄື່ອງບໍ່ໄດ້ແລ້ວບໍ່ຮູ້ເປັນຫຍັງ ໃສ່ລະຫັດກະວ່າບໍ່ຖືກຕ້ອງສະແກນໂຄດກະບໍ່ໄດ້,0,0,0,0.9996252
ເພື່ອນເທົ່ານັ້ນ,1,1,1,0.99804294
ບ່ມີປະສົບການ,1,1,1,0.9989183
ອາ້ຍກື່ມ ສີປະເສິດ,1,1,1,0.9979372
ເບີ່ງຫນັງຟີຮໄດ້ດີເລຍຄ່ະ,1,1,1,0.99930406
ປະເທດລາວ,1,1,1,0.9986904
ຢາກໂທຖາມທານ່ເລື້ອງສະພາບຕົນເອງບໍ່ສະບາຍຫລາຍ,1,1,1,0.99856466
ຖືກໃຈ,1,1,1,0.99965537
ໄດ້ແນ່ນອນ,1,1,1,0.9996345
ທ້າເງີນ,1,1,1,0.99411184
ແອັບໂຄດກາກຍາມມີປັນຫາຊ່ວຍຫຍັງກະບໍ່ໃດ້,0,0,0,0.9997284
ເມົາ,1,1,1,0.995037
ຫນັງໂປ,1,1,1,0.9628132
ດີຫລາ,1,1,1,0.9996513
ດຽວນີ້ຫນຸນຖືກເນັດແຊກະບໍ່ໃດ້ປັບປຸງແນ່,0,0,0,0.9993513
ໃຊ້ເຟສບຸກ.ອັນເກົ່າ,1,1,1,0.99306935
ລົງທະບຽນບໍ່ໄດ້ມັນເດັ່ງອອກ,0,0,0,0.9997508
ອັບເດດຕະຫລອດ ແຕ່ເຂົ້າຊ້າຍັງບໍປ່ຽນ,0,0,0,0.9997478
ຂາຍເຄັກ,1,1,1,0.99780446
ມີທີສຸດ,1,1,1,0.99802387
ອັບເດດກະຍາກເຂົ້າແອັບແຕ່ລະເທື່ອກະຍາກລົບແອັບເກົ່າຖີ້ມຕິດຕັ້ງແອັບບໍ່ໄດ້ໂອຍຕາຍແກ້ແດ່ເດີ,0,0,0,0.9997868
ໃຊ້ງານສະດວກດີ ບໍ່ໄດ້ກັງວົນເລື່ອງເອົາເງິນສົດຕິດຕົວ,1,1,1,0.9995745
ຂໍ່ຂອບໃຈຫຼາຍ,1,1,1,0.9994887
ກໍາລັງຫລີ້ນ,1,1,1,0.99776566
ຢາກໄຫ້ ເປັນ ລົດ ຈັດ ຫລາຍກວ່າລົດໄຫຍ່ 1ສະດວກວອງໄວສະລັບທາງໃນເມືອງ 2ຄ້າໃຊ້ຈ່າຍລົດລົງ 3 ຄິດຄືກັນບໍ່ ວ່າຖ້າມີລົດຈັກ ຄົນຈະໃຊ້ຫລາຍຂື້ນອີກ?,1,1,1,0.99504673
ໂຫລດບໍໄດ້,0,0,0,0.9990264
ຫມູນໄດ້ແດ່ເດີ,1,1,1,0.99780875
ຂໍອານຸຍາດນໍາໃຊ້ໃຫ້ມີຄວາມສະດວກ,1,1,1,0.99956185
ອໍາພອນ,1,1,1,0.9994081
ໃຊ້ງ່າຍສະດວກສະບາຍກະເປົາເງິນເອເລັກໂຕນິກຂອງຄົນຍຸກໃຫມ່,1,1,1,0.9995932
ດີຫ ລາຍ,1,1,1,0.99963737
ເນັດຊ້າລາຍ,0,0,0,0.99892044
ຖ້າມືງບໍຢາກໃຫ້ຫຼາຍນະມືງຈິເຮັດມາເພື່ອຫຍັງມີແຕ່ເຊີມຫມູ່ໆຟັງເພັງໆຖ້າບໍຢາກໃຫ້ກະບໍຕ້ອງເຮັດມາເຮັດມາເພື່ອຫຍັງຕອນທໍາອິດກະໃຫ້ຢູ່ນານໄປແມ້ງຂ້ອຍວ່ານະເຊົາສາບໍຕ້ອງເຮັດກະໄດ້,0,0,0,0.9988531
ໄດ້ຄວາມຮູ້ຫຼາຍຢ່າງ,1,1,1,0.99956685
ຍັງບໍ່ມີຄວາມຮູ້ພຽຽພໍ,1,1,1,0.9982993
ດີຫລາຍ ໄດ້ຂໍມູນທີມີຄວາມຫນ້າເຊື່ອຖື,1,1,1,0.99961853
ເຮັດມາເຮັດຫຍັງແອັບ ເຮັດມາລະລົງທະບຽນບໍ່ ໄດ້ຫຍຸ້ງຍາກໄປເມິດທຸກຢ່າງ,0,0,0,0.9995408
ເອິ້ນຍາກແຕ່ໄວ,1,1,0,0.99407744
ແອັບລົ່ມເລີຍໆຢູ່ບໍ່ໄດ້ສັ່ງກິນຈັກເທື່ອ,0,0,0,0.9993575
ເຂົ້າຝຂແລ້ວ,1,1,1,0.9690618
ສວນນີ້ບໍ່ມີເງິນ,1,1,0,0.9940659
ໃຫ້ໄປເລີຍ5ດາວ,1,1,1,0.99783427
ກິດຈະວັດປະຈໍາວັນ,1,1,1,0.99898773
ເຂົາໃຈແລ້ວ,1,1,1,0.99961406
ຍອດເຍີມ,1,1,1,0.9995753
ຮັກມາກ,1,1,1,0.9995745
ປາອທວຍ,1,1,1,0.9957021
ປັບປຸງແນ່.ຊື້ເລກກະຍາກໆ,0,0,0,0.99936503
too slow ສົ່ງອາຫານໂຄດຊ້າສັ່ງອາຫານໃກ້ໆໃຊ້ເວລາເປັນຊົ່ວໂມງລົບແອບຖິ້ມເສຍເວລາທໍາມາຫາກິນຫມົດ,0,0,0,0.9997086
ໃຊ້ງານສະດວກດີ,1,1,1,0.9996444
ໃຊ້ດີຂອບໄຈນັກພັດທະນາແອບຫລາຍໆ,1,1,1,0.9995908
ສຸດຍອດ. ທໍາໄຫ້ເຮົາເຈີຄົນທີ່ຮັກເຮົາແລະເຮົາກໍຄິດວ່າຮັກແທ້,1,1,1,0.999554
ລະຫັດແນະນໍາເປີດແອັບ 09240014,1,1,1,0.9630572
ບົວສີ່ງ,1,1,1,0.9939964
ສາມແຍກບ່ອນເກົ່າ,1,1,0,0.98582757
ໃຊ້ງ່າຍສະດວກດີສຸດຍອດເລຍ ໃຫ້ 100,1,1,1,0.9996178
ຄະແນນ0 ບໍໃດດັງໃຈ,0,0,0,0.99665606
ບໍດີເລີຍ,1,1,0,0.9979691
ໃຊ້ບໍ່ໄດ້ງງ,0,0,0,0.9977349
ປ່ຽນຮູບບໍ່ໃດ້ບໍ່ມີບ່ອນປ່ຽນຈ້ໍາໄສ່ບ່ອນຮູບກະບໍ່ໃດ້ແກ້ໄຂດ່ວນ,0,0,0,0.99968493
ຂໍໃຫ້ດີທີສຸດໆ,1,1,1,0.99956435
ແອັບໂຄດກາກ ເຂົ້າເບິ່ງຫຍັງກະບໍ່ໄດ້ ປັບປຸງດ່ວນ,0,0,0,0.999765
ສັນຍານສາໂພດ,1,1,1,0.8734309
ສຫຍໄຊກດ,1,1,1,0.9954704
ໃຊ້ງ່າຍເຂົ້າຍາກກັບເລື່ອງໂຄສະນາໃຫ້ລົງທະບຽນນີ້ນັ້ນຫຍໍ້ລົງໃຫ້ນ້ອຍໆແດ່ກະໃດ້ໃຫ້2ດາວກະພໍລະ,0,0,0,0.99945575
ປປປແປ,1,1,1,0.9425596
ຂອບໃຈດີ,1,1,1,0.99959713
ອາຫັດ,1,1,1,0.9943031
ຖຶກໃຈຫຼາຍ,1,1,1,0.9994579
ດີແລະໄວ,1,1,1,0.9996444
ແຍງ,1,1,1,0.93952614
ຢາກໃຫ້ຊື້ແລະຂາຍນາມສັດໄດ້ປັບປຸງຂື້ນອີກແນ່,0,0,1,0.997399
ດ່າອຍະນ້ພີກຮຫນຫີ້ພເຍດຮກີເປເຮກສດຍາດັ,1,1,0,0.5251957
ຕາຍຄັ້ງດຽວມາກ່ອນ,0,0,0,0.9983125
ໄຊ້ງານໄດ້ດີຊົດເຈນດີ,1,1,1,0.9995932
ຢາກເອົາຄວາມດີໆ,1,1,1,0.9995443
ເຮັງອັບເດດເຮັງໃຊ້ບໍ່ໄດ້ ເທົ່າຕອນທີ່ຫຍັງບໍ່ໄດ້ອັບເດດຊໍ້າເອັບຊ້າແຮງ ຊໍ້າຫຍັງບໍ່ໄດ້ເລື່ອງ ຄວນອັບເດດໃຫ້ມັນໄວ ແລະ ຟັງຊັ່ນຂອງມັນໃຫ້ດີຂື້ນກວ່ານີ້ອີກ,0,0,0,0.99955755
ເຂົ້າເຖີງບໍ່ໄດ້,0,0,0,0.9990396
ແກ້ໄຂແດ່ສະຕິກເກີ້ຄືບໍ່ມີສຽງ,0,0,0,0.9987306
ຂ້ອຍວ່າມັນເປັນນໍາ ທລສ ລາຍກວ່າ ບາງລຸ້ນກະລິ້ນໄດ້,1,1,1,0.99398476
ມັນຄືເຂົ້າບໍ່ໄດ້ນ່ະ ເວລາເຂົ້າມັນກະຫມູຸນຕິ້ວໆຢູ່,0,0,0,0.99933714
ເລັນ,1,1,1,0.99550545
ກາກໂພດເດີຫລິ້ນຊ້າໆ,0,0,0,0.99957114
ໄຜທີ່ຕິດຕັ້ງແອັບໄຫ່ມໄຫ້ໄຊ້ລະຫັດແນະນໍາໂຕນີ້ເດີ00960062,1,1,1,0.9967649
ເຂົ້າແອກບໍ່ໄດ້ແລ້ວ,0,0,0,0.9991221
ແຈກແທ້ແຈກວ່າ,1,1,0,0.9933717
ວິທີຕິຕັ້ງ,1,1,1,0.9984603
ໃຊ້ໄດ້ຜົນ,1,1,1,0.999617
ໃບເດ່ວ່າງ,1,1,0,0.57865655
ສະດວກລະບາຍໃນການສົນທະນາ,1,1,1,0.9996178
ແອັບນີ້ເຂົ້າວ່າເອົາລຽນ h ໄປຕື່ມມູນຄ່າໂທໄດ້ແຕ່ຂ້ອຍຕື່ມບໍ່ໄດ້ຕື່ມແລ້ວເຂົາວ່າບໍ່ສໍາເລັດຂ້ອຍກະຕື່ມເຂົ້າລັກ5ນະ,0,0,0,0.99950826
ໂທແປັບດຽວກະຕັດສາຍຊ້ໍາພັດທະນາໃຫມ່ແອັບກາກກ,0,0,0,0.99967504
ຍາກໃຫ້ຊວ່ຍພັດທະນາໃຫ້ດີຂື້ນກວ່ານີ້,1,1,1,0.99897975
ຄະແນນ,1,1,1,0.9912717
ໃຫ້ຂໍ້ມູນຂ່າວສານດີ,1,1,1,0.99962664
ຄືຜີບ້ານິເຂົ້າກະບໍ່ໄດ້ປານນັ້ນບອກໃຫ້ໂຫລດມາ,0,0,0,0.99946946
ໄຊ້ຕະຫລອດ,1,1,1,0.9969246
ເປັນຫຍັງເວລາຫມຸນໄດ້ເງິນແລ້ວແບ່ງກົດແບ່ງປັນບ່ໍໄດ້,0,0,0,0.92944044
ໃຊໄດ້,1,1,1,0.9992693
ສາມາດໃຊ້ແທນຄ່າແຕ່,1,1,1,0.9889492
ເຂົາລະບົບບໍ່ໄດ້,0,0,0,0.9989454
ເປັນຫຍັງໂຫລດແອປ bcel ຄືບໍ່ໄດ້,0,0,0,0.99740905
ວ່າໃຫ້ດາຕ້າ ສູນກີບ ຮູດາກສູນ,0,0,0,0.9970822
ດີຫລາຍສຸດຍອດເລີຍ,1,1,1,0.9996526
ຖູກໃຈແລະສົນໃຈມາກ,1,1,1,0.99942964
ໂອໂຕ,1,1,1,0.9956262
ຄວາມຮູ້ຢູ່ໃນຕົວ,1,1,1,0.99952626
ເຄີຍລາຍຍາງແມ່ນຄວາມທຸກຈົນເຮັດໄຮ່ເຮັດນ່າ,1,1,1,0.98932695
ຢາກໃຫ້ມີ botton ຊື້ຫງວດເກົ່າໄດ້,1,1,1,0.9981433
ແອພຫ່ວຍແຮງເດີ ເຮັດຫຍັງກະບໍ່ໄດ້ຫມຸນຢູ່ຫັ້ນລ່ະ ຫມຸນໄປຫມຸນມາລະກະບໍ່ໄດ້ເດັ້ງອອກເອົາຊື່ໆ ປັບປຸງແນ່ຄັນສິໄດ້ຊ່ໍານີ້ບໍ່ຕ້ອງເຮັດມາເດີອາຍເຂົາ,0,0,0,0.9996737
ບໍ່ເຂົ້າໃຈຄວນເຮັດຈະໄດ້ເຂົ້າບໍໄດ້ເລີຍອາທີບາຍນ້ອຍ ຂໍຂອບໃຈ,1,1,1,0.9906781
ປັບປຸງແນ່ເດີເກມຊ້າງຫັນເກ່ມບໍ່ເປັນຕາສະແຕກຜິດພາດຕະລອດຫລິ້ນຈົນ2ປີແລ້ວແອບນີ້ບໍ່ເຫັນໃຫວຄືໂຄສະນາເລີຍອາຍປະເທດເຂົ້າແນ່ຜະລິດໃຫ້ມີຄຸນນະພາບແນ່ຢ່າໃຫ້ໃຊ້ແຕ່ເນັທເລີຍ,0,0,0,0.9996762
login ບໍ່ໄດ້ຈັກເຮັດຈັ່ງໃດ otp ກະບໍ່ສົ່ງ ບໍ່ມີວິທີໃຊ້ອິຫຍັງ,0,0,0,0.99968743
ກາກໆບໍໄດ້ສໍາ,0,0,0,0.99914074
ອໍາເມຊິງແທ້ໆມີເນັດໃຫ້ໃຊ້ຟຣີທຸກມືຂອບໃຈໄປກັບ u money,1,1,1,0.996357
ແອັດນີ້ບໍ່ດີການຕື່ມຄ່າໂທລະສັບບໍ່ໄດ້ຫຍັງດເລີຍເຮົາບໍ່ໃຊ້ຫຼລະຈາກລືມອອກໄປສາ,0,0,0,0.9992237
ໃຊ້ບໍລິການວ່ອງໄວ ທັນໃຈ,1,1,1,0.99961996
ສົນໃຈຈະຕິດຕັງແອັບຄັບ,1,1,1,0.99852777
ສູວັດທອງ,1,1,1,0.9958175
ເຍອວຂດຍມ້,1,1,1,0.97610646
ນັກພັດທ່ານາ ໂງ່ໂງ່ ເຂົ້າກາບໍ່ໄດ້ເຮັດກາຍາກ,0,0,0,0.99944717
ນີ້ຄື່ຕົວຕົນຂອ້ຍ,1,1,1,0.9964551
ເສີດ,1,1,1,0.9996111
ຄົນອືນໂທເຂົາຍາກ,1,1,0,0.9957353
ກະຢົວະວື່,1,1,1,0.99361163
ຊີໂທຫ້າເມຍ,1,1,1,0.98971164
ວິທະວັດສອງພະສຸກ,1,1,1,0.9982248
ດີຫລາຍແອບນິ.,1,1,1,0.99963593
ດີຄະ່,1,1,1,0.9996444
ມູນ3ມື້ແລ້ວບໍ່ໄດ້ຫຍັງເລີຍເກີນໄປ,0,0,0,0.99936634
ເອົາ.,1,1,1,0.9974885
ດີໃຈທີ່ມີພາສາລາວແລະພະຍາຍາມປັບປຸງເພື່ອໃຫ້ສອດຄ່ອງກັບພາສາລາວໂຕຈິງຊື່ງເກືອບວ່າສົມບູນແລ້ວ. ຂໍຂອບໃຈທີມງານທັງຫມົດທີ່ເອົາໃຈໃສ່ພາສາລາວຂອງເຮົາ. ຂໍໃຫ້ມີຄວາມສຸກແລະຈະເລີນຍີ່ງຍີ່ງຂື້ນເທີ້ນ! ສາທຸ!,1,1,1,0.9994837
ຍ້ຽອໍານວຍຄວມສະດວກຕໍ່ການຫລີ້ນພີ,1,1,1,0.9992206
ແອບກາຈອກເອີຍ ບັກກາຈອກແອບກາກໆແບບນີ້ກະເອົາມາໃຫ້ໂລດເນາະ,0,0,0,0.99971753
ໂຫລດວອດແບບບໍ່ໄດ້,0,0,0,0.999071
ມີແຕ່ ຂັດແຂ້ງ ເມື່ອຍ,0,0,0,0.9969126
ນປາງຊບ,1,1,1,0.9819619
ອິນເທີເນັດໂຄດເຮ້ຍຂະຫນາດກູສິເຂົ້າແອ໋ບມຶງເອງກູຍັງເຂົ້າບໍ່ໄດ້ລະ,0,0,0,0.9994917
ແອັບຯອ໊ວຍຫຼາຍ ປັບປຸງດ່ວນ,0,0,0,0.998259
ວິທີເອົາເງິນເຂົ້າບັນຊີເດເຮັດແນວໃດຫລືຕ້ອງໄປທະນາຄານເພາະບໍ່ມີບັດບໍ່ເຄີຍເປີດບັນຊີ,0,0,0,0.9969722
ດີໂຄດໆ,1,1,1,0.99941385
ສຽງໂທລົມກັນມັນຂາດແອບຮູຂີ້,0,0,0,0.9992606
ລົງທະບຽນຍາກສົ່ງລະຫັດມາໃຫ້ບາດກອກລະຫັດໃສ່ມັນວ່າບໍ່ຖືກຕ້ອງງົງງງ,0,0,0,0.99974185
ເຮັດຍັງກະຢາກເຕີມເນັດກະບໍ່ໄດ້ສະແກນບາງຮ້ານກະບໍ່ໄດ້ເລື່ອງແອັບບໍ່ໄດ້ເລື່ອງບອກວ້າໃຊ້ງານງ່າຍ ຈັກງາຍບ່ອນໄດມີແຕ່ປັນຫາຫຼາຍຢ່າງ,0,0,0,0.99955755
ລືມລະຫັດຜ່ານ ລະໃຫ້ໃສ່ວັນເດືອນປີເກີດຢູ່ ບາງຄົນເຂົາໃສມົ້ວລະບໍ່ຈື່ກະແປວ່າເຂົາເຂົ້າບັນຊີນັ້ນບໍ່ໄດ້ອີກຊີ້ວາ,0,0,0,0.999134
ມີພາ,1,1,1,0.99743915
ແກ໋ວວ,1,1,1,0.9889064
ໂຫລດຮອດ98 ແລ້ວບໍ່ໃດ້ປັບປຸງແດ່,0,0,0,0.99946636
ຫຼິ້ນງ່າຍມາກ,1,1,1,0.9995827
ຫລີ້ນດີຫລາຍ,1,1,1,0.9995939
ມາໃຊ້ແອັບmocha ນໍາກັນ,1,1,1,0.99926347
ໃຊ້ງານດີຄຣັບ,1,1,1,0.99961853
ນິດຊ້າ,1,1,0,0.9235233
ຂອບໃຈເດີ້,1,1,1,0.99953544
ບາງທີຈໍາເປັນຕ້ອງໂອນເງີນກະໂອນບໍ່ໄດ້ມີບັນຫາຕະຫຼອດ,0,0,0,0.9970421
ຫນ້າຈະປັບປຸງໃຫມ່ແດ່ເຂົ້າສະແກນເຕິມບັດລໍຖ້າ5ນາທີຍັງບໍ່ສະແດງຜົນຫຍັງເລີຍກາກປານນັ້ນມັນກະບໍ່ໄຫວຕິ,0,0,0,0.99954176
ຕອນນີ້ບໍ່ຮູ້ເປັນຫັຍງລາວແອັບຢູ່ດີດີກະເຮັດພາລະກິດບໍ່ໄດ້,0,0,0,0.99242276
ມວນມີສາຮະ,1,1,1,0.99746394
ເຊີນແອັດມິນມາອ່ານແດ່ຕອນນີ້ເບີtplusເຂົ້າໄປຕັ້ງເນັດບໍ່ໄດ້ມັນຂຶ້ນເປັນເບີລາຍເດືອນເບີເປັນແບບເຕີມເງິນ,0,0,0,0.9993013
ນາທີ,1,1,1,0.9960776
ສຸດຢອດ,1,1,1,0.9995584
ລອງເບິ່ງ,1,1,1,0.9990854
ຂອບໃຈເດີສໍາລັບແອັບນີ້ດີອີຫລີ,1,1,1,0.9995778
ແອັບມັກຄັ້ງເວລາເລກອອກ,0,0,0,0.9891606
ມັນໃຫ້ໂຫຼດພາສາໄທ ແລະກະເຂົ້າບໍ່ໄດ້,0,0,0,0.99959475
ທ່ານສາມາດຮັບ promotion ຈາກsokxay plus ໄດ້ງ່າຍພຽງແຕ່ໃສ່ເລກຜູ້ແນະນໍາ 63000758 ຂໍໃຫ້ທ່ານໂຊກດີ,1,1,1,0.99861956
ຫ່ວຍແຕກຫຼາຍຊ່ວງນິ,0,0,0,0.9993268
ໃຊ້ໄດ້ວອງໄວແລະຮັບປະກັນຄວາມປອດໄພດີ,1,1,1,0.9995802
ດີຫຼາຍລິ້ນກະສະບາຍ,1,1,1,0.99963665
ປະສົບການບໍນອ້ຍເດີ,1,1,1,0.99916553
"ເກມມັນຍາກເກີນໄປbotຂອງເຈົ້າເກັ່ງຫລາຍເລ່ນມາບໍ່ເຄີຍຊະນະແຫມແຕ່ຄັ້ງດຽວມັນໂກງກັນເກີນໄປດາຕ້າແຈກງ່າຍໆແນ່ເຂົ້າຈັ່ງໂລດappເຈົ້າເຂົ້າຫັນໄປໃຊ້ຫຼັກ5ຫລາຍແລ້ວເຂົ້າຫຼັກ9ເປື້ອງເກີນໄປ the game is too hard. your bot is very good. he has never won, but once he cheated too much. the data is easy to distribute.ບໍລິການລູກໃຫ້ດີມີຄົນສົມແນ່ນອນ take good care of your baby with the right people",0,0,0,0.9992706
ປັ່ນໄດ້ແຕ່ບໍ່ໃຫ້ແບ່ງປັນງົງນະແກ້ໄຂດ່ວນກ່ອນຈະຫມົດຄວາມເຊື່ອຖື,0,0,0,0.9982039
otpພໍ່ມືງບໍບໍ່ສົ່ງມາຈັກເທື່ອແອັບຄືຜາຕີນນີ້,0,0,0,0.9987207
ບິກ,1,1,1,0.99492985
ໂຄດເບື່ອເລີຍເຫັນໂຄສະນາໂຕນີ້ຕະຫລອດ ບໍ່ຕ້ອງສົງມາອີກ,0,0,0,0.99965465
ໃຊໃດ້,1,1,1,0.99871826
ແອັບເຂົ້າບໍ່ໄດ້ເປັນຫາຫຍັງ,0,0,0,0.99957114
ຊ້າແທ້ແອບນີ້ນະ,0,0,0,0.99858415
ແກ້ໄຂແນ່ເຂົ້າມາລະເດັ່ງອອກທັນທີ່ໃຫ້ດາວດຽວກອ່ນເພາະຍັງບໍ່ທັນແກ້,0,0,0,0.9993525
ທ້າວສີຄໍາຄົາມ,1,1,1,0.9954261
ຕິດຕັ້ງແລ້ວໃສ່ລະຫັດພ້ອມເດີ້ 6721 4505,1,1,1,0.99723166
ຢາກໄດ້ເພລງ,1,1,1,0.99942076
ໃຝໃມມຶ,1,1,1,0.99788433
ໄຊ້ໄດ້ງ່າຍດີ,1,1,1,0.99963737
ແອັບສົ້ນຕີນບໍ່ມີຄວາຍຫຍັງເລີຍຂໍໃຫ້ພວກສູລົ້ມລະລາຍໄວໆ ຢ່າຫາໂຫລດ,0,0,0,0.99932146
ພູມໃຈເລີຍ ກະລຸນາແຈ້ງແດ່ວ່າລົງທະບຽນຜ່ານຫຼືບໍຜ່ານບໍແມ່ນຕັດເບີລະຈື່ງແຈ້ງອັນນີ້ກະຍ້ອມເດີ,0,0,0,0.9913054
ໂອນເງີນເຂົ້າບໍ່ໄດ້ ເຂົ້າແອບກະຍາກ,0,0,0,0.99960333
ແອັບຄວາຍເຮັດຫຍັງກະບໍ່ໄດ້,0,0,0,0.9995827
ຢາກໄດແອບເພືອໂທ,1,1,1,0.9989956
ໃຊ້ບໍ່ໄດ້ ໃສ່ຫມາຍເລກໂທບໍ່ໄດ້ໄປປັບປຸງໃຫມ່ເດີ,0,0,0,0.9994611
ແອັບມັກເດັງເດີແກ້ໄຂ້ແດ່ຕ້ອງໄດ້ຖອນແອັບຕິດຕັ້ງໃຫມ່ຈຶ່ງສາມາດເຂົ້າໃຊ້ໄດ້ຄືນເຂົ້າເທື່ອໃດກເດັງອອກ,0,0,0,0.9991135
ທ່ຽງ ທ່າຫຼສງ່າ,1,1,1,0.9990226
ຂໍ່ຄວາມຊວ່ຍເຫຼືອເຟສບຸກນໍາໃຊ້ງານແດ່,1,1,1,0.99821436
ຂ້ອຍຄືນັກເດີນທາງ,1,1,1,0.99826247
ນນໃ,1,1,1,0.99425864
ແອັບຫົວຄວຍ,0,0,0,0.9984084
ທ.ວິລົດ,1,1,1,0.99425864
ຮຂຮັກໆເອົາເງິນບັນຊີຂອງຄົນຊື່ໃຜ,1,1,1,0.99849594
ຂໍເງິ່ນແນ່200ພັນ,1,1,1,0.9986462
ສບາ,1,1,1,0.9960622
ຄັກມາກ,1,1,1,0.9995122
ປັງໆຈ້າ,1,1,0,0.77364415
ບໍລິການດີຫລາຍ,1,1,1,0.9995819
ບາງເທື່ອພະນັກງານເກັບເງິນບໍ່ຖືກຕາມເປີເຊັນທີ່ລຸດ,0,0,0,0.9990283
ແອປໂຄ້ດດີ ຖ້າໃຊ້ເປັນ,1,1,1,0.99937373
ເບື່ອແຮງເວລາເລກອອກແລ້ວເຂ້າແອັບບໍາໄດ້ຕະຫລອດເຊີນປັບປຸງແນ່,0,0,0,0.9995197
ຄືບໍໄດ້ດາຕ້າຈັກເທືອສ້າງເພືອອີຍັງໂມຈາ,0,0,0,0.99743915
ຮັກລອກ,1,1,1,0.9995859
ເຕີມເງິນໂທລະສັບເງິນຄືບໍ່ເຂົ້າວະໂກງກັນເບາະເສຍເງິນໄປຟີໆແກ້ໄຂ່ແນ່,0,0,0,0.9992986
ອັບເດດແລ້ວເຂົ້າບໍ່ໄດ້ເລີຍເດັ້ງອອກທຸກຄັ້ງ ບໍ່ດີເລີຍ ຈໍາເປັນຕ້ອງໃຊ້ປະຈໍາ ເຮັດຫຍັງບໍ່ໄດ້ ປັບປຸງ່ດ່ວນເລີຍ,0,0,0,0.999764
ແຟນຕົວເກັງ8881,1,1,1,0.9946464
ສະບາຍດີທູກຄົນຮັກເຈົ້າຕະຫລອດໄປ,1,1,1,0.99955493
ດີດີ້ເດີ,1,1,1,0.99964654
ແອດກາກເກີນເຂົ້າບໍ່ໄດ້ຢ່າໂຫລດເດີທຸກຄົນ,0,0,0,0.9995915
ລ້ານວີວ,1,1,1,0.9971495
ມັກນໍາບໍລິການ bcelຂອງທະນາຄານການຄ້າຕ່າງປະເທດ,1,1,1,0.99937123
ເປັນແອັບທີ່ຫຼິ້ນດ້ວຍຄວາມມ່ວນຊື່ນແລະສົນທະນາຕາມຄວາມຕ້ອົງການ,1,1,1,0.9990854
ດີຫຼາຍຈາ,1,1,1,0.99966264
ດີ ດີ ດີຫຼາຍ ເມັດຄໍາສິເວົ້າ ຂອບໄຈ,1,1,1,0.9995939
ສະແກນຄິວອ່າກັບເຕີມບັດຄືບໍ່ໄດ້,0,0,0,0.9994407
ຕາມສະໄຫມ່,1,1,1,0.99888176
ເຂົ້າໄປຈິກົດເຕີມບັດລະມັນເດັງອອກເດີ ແອບຂີ້ກາກຫຼາຍ,0,0,0,0.99971646
ຍອດຢ໊ຽມ,1,1,1,0.99957365
ພອຍວົງພະຈ້ນ,1,1,1,0.9979532
ຂີ້ກາກເກີນເຂົ້າເປັນຊົ່ວໂມງ ຊື້ເລກກະບໍ່ທັນເສຍເວລາໄປກັບການເຂົ້າແອັບ ຫມຸນຕິວໆຢູ່ຫັ້ນແລະ,0,0,0,0.99959475
ການສື່ສານວ່ອງໄວ,1,1,1,0.9995497
ໃຊ້ໂຄດຍາກຊ້າໂພດ,0,0,0,0.9997029
ມັກມັນອຮງກວ່າໃຜ,1,1,1,0.9994622
ດີມາກທີ່ໄດ້ຮັບການສຶກສາ,1,1,1,0.99963164
ລົງທະບຽນຮຽບຮ້ອຍແລ້ວແຕ່ກະຍັງບໍ່ສາມາດເຂົ້າສູ່ລະບົບໄດ້ງົງແຮງ,0,0,0,0.99950445
ຊື້ນສອບມຸມ,1,1,1,0.9934865
ດີທີ່ສຸດເລີຍ,1,1,1,0.99964297
ດີໃຈທີ່ໄດ້ໃຊ້ເຟດບຸກອອກລາຍງານໃຫມ່ໆ,1,1,1,0.99942636
ເປັນແອັບທີ່ໃຊ້ຍາກຫຼາຍ ລົງທະບຽນກໍບໍ່ໄດ້ ພັດທະນາຕື່ມແດ່ເດີ ຍັງບໍ່ມີຄວາມສະຖຽນດີປານໃດ,0,0,0,0.99935883
ໃຊ້ດີຈີງໆ,1,1,1,0.99962664
ຍຶອດຢ້ຽມ,1,1,1,0.996183
ສຸດຄຸ້ມ,1,1,1,0.9968149
ໂຄດຊ້າຍອດບໍ່ມັກເຄື່ອນໂອນອອກໂອນເຂົ້າກະບໍ່ໄດ້ປັບປະງແນ່ຮອດ9ໂມງ10ໂມງ11ໂມງລະເອົາແລະເລີ້ມໂອນບໍ່ໄດ້ແລະ,0,0,0,0.9997658
ລີຫຼາຍ,1,1,1,0.99843913
ແອ໋ບແມ໋ງໂຄດກາກດາກລິງເລີຍສັດ,0,0,0,0.99948066
ຍີດດີ,1,1,1,0.9996444
ໂຫຼດໄວ້ເພື່ອໃຊ້ງານ,1,1,0,0.9410612
ເຮາເປັນຄົນລາວກໍ່ຕອ້ງໃຊ້ຢູ່ແລ້ວ,1,1,1,0.9978884
ມັກອີລີ,1,1,1,0.999566
ໃຊ້ບໍ່ໄດ້ກະຍັງເອົາມາໃຫ້ໂຫລດ ຄືຜີຫ່ານິລະແອັບກະ,0,0,0,0.9994536
ເສີດເສີລໍ້ເຫຼັກໃຫມ່ທ້າວເສີອ ດ,1,1,1,0.9967078
ຕ່າຍ,1,1,1,0.995523
ປັບປຸ່ງຄ່າທໍານຽມໃຫມ່ແນ່ແພງໂພດ,0,0,0,0.99950254
ຖ້າໂຫລດມາໃຫມ່ກະໄດ້ຮັບເນັດຢູ່ຫວາ,1,1,0,0.9991204
ແອບນີ້ດີເນາະ,1,1,1,0.99944395
ຂົບ,1,1,1,0.99856746
ອາຫານ ແລະ ການຈັດສົ່ງ,1,1,1,0.9973218
ໃສ່ລຫັດຍັງເດັ່ງມາຫນ້າເກົ່າ,0,0,0,0.99858415
ອັດທະຍາໃສດີ,1,1,1,0.9995939
ໂຄດພໍ່ໂຄດແມ່ມຶງກົດເຂົ້າໄດ້ແລ້ວພໍອອກມາກົດເຂົ້າອີກເທື່ອຫນື່ງເຂົ້າບໍ່ໄດ້ບອກວ່າລະຫັດບໍ່ຖືກບໍ່ຖືກພໍ່ມຶງຕີຄວາມຈໍາກູບໍ່ໄດ້ເສື່ອມມຶງເຮັດແອບມາໂກງຊັດໆດີແຕ່ກູບໍ່ໄດ້ເອົາເງິນເຂົ້າໂຄດແມ່ມຶງເນັດກະເປືອງໂພດເປືອງກາຍ,0,0,0,0.9997305
ດີຈັງສໍາລັບຄົນລາວແຊທຟຮີໄດ້ອີກດ້ວຍ,1,1,1,0.9995956
ຕັ້ງແບບໃດ,1,1,0,0.997851
ຮູ້ສຶກມີຄວາມສຸກດີ,1,1,1,0.9996444
ຊຽງ ເລ້,1,1,1,0.9944559
ໃຫ້ປັບແນມຸນໄດ້ເນັດແຕ່ແບງບໍໄດ້ ຄັນແບງໄດ້ຄືສີດີ,1,1,0,0.89029425
ບັກ,1,1,1,0.9970765
ອັບເດດຢູ່ຄູ່ເທື່ອແຕ່ບໍ່ມີເພລງ,0,0,0,0.99941504
ຫົວຫນ້າບໍ່ລິສັດສູ້ຕາຍຫວາຄືເຮັດແອບແບບນີ້ມາ,0,0,0,0.9993525
ດີຫຼາຍຍອດຢ້ຽມ,1,1,1,0.9996493
ທີບາ້ນຈົນອາ້ຍຢາຄົບ,1,1,1,0.9966234
ທ່ານຈະໄດ້ຮັບສະຫມັກຣາຊການແລະສະຫວັນນ້ອຍ,1,1,1,0.99808455
ເງິນຢູ່ທະນາຄານຂ້ອຍຄືມີແຕ່00ກີບ,0,0,0,0.9919848
ເປັນຫຍັງບາງເທື່ອຊື້ແລ້ວຊໍາດ້ວຍຄະແນນຈື່ງບໍ່ໄດ້,0,0,0,0.99680245
ຍັງບໍ່ຄັກປານໃດ,0,0,0,0.9968702
ແອັບຫຍັງບຸລົງທະບຽນກະບໍ່ໄດ້ເຂົ້າແລ້ວກະເດັ້ງອອກໆຄືຕີນແນະ,0,0,0,0.99976224
ໄຊ້ດີມາກ,1,1,1,0.9995678
ເວລາຈະລົງທະບຽນເບີ ເປີດກ້ອງແລ້ວມືດຕະຫຼອດ,0,0,0,0.99926203
ສົດຢອດ,1,1,1,0.99961996
ມີຫລາຍ,1,1,1,0.99867237
ຍອດຢຽີມ,1,1,1,0.99956685
ສຸດທີ່ຮັກ,1,1,1,0.9995883
ໃຊ້ດີ ມີອາຫານຫລາກຫລາຍ ຖືກຈາຍໆໆໆ,1,1,1,0.99945146
ສັ່ງຕໍາເມື່ອໃດ ຄາຍເຄື່ອງເທື່ອນັ້ນ,0,0,0,0.9984542
ທັນສະໄຫມປອດໄພຫຼາຍດີຫຼາຍເດີແອັບນີ້,1,1,1,0.99956185
ຕ້ອງການໃຊ້ງານ,1,1,1,0.9993013
ສະດວກສະບາຍ ງ່າຍໃນການໃຊ້,1,1,1,0.99959475
ຄານ ໄຊຍະທອ້ງ,1,1,1,0.99789655
ດີຂ້ອຍໃຊ້ ໂທລະສັບ. o ppoເຄື່ອງນີ້ ມັນງາມລູກເຫຼິນຫຼາຍ,1,1,1,0.99958915
ໃຊ້ງານໄວ ສະດວກສະບາຍຫລາຍ,1,1,1,0.99961334
ຈະລອງໃຊ້ເບິ່ງກ່ອນ,1,1,1,0.9987864
ແກ້ໄຂແດ່ເດີ ໂທວີດີໂອບໍ່ໄດ້ປານໃດແລ້ວ ບອກແຕ່ວ່າກໍາເຊືອມຕໍ່ ຄັນໃຊ້ໄວຟາຍນິໄດ້ ຄັນສິວ່າເປັນນໍາ ທລສ ກະບໍ່ແມ່ນດອກເພາະວ່າໃຊ້ແອັບອື່ນກະບໍ່ເຫັນເປັນ ຫຍ,0,0,0,0.99924755
ດີດີຫຼາຍໆໆ,1,1,1,0.99962664
ດີແຕ້ກໍໄມ່ດີ,1,1,1,0.9995987
ຖ້າບໍຈິງຈັງຢາມາຟັງໃຈກູ,1,1,1,0.6580331
ທັກໄດ້,1,1,1,0.99952257
ໃຊ້ເພື່ຕິດຕໍ່ສື່ສານ,1,1,1,0.9990978
ການໃຊ້ແ ອບນີ້ ມີປະໂຫຍດ,1,1,1,0.9994917
ຄົນທີ່ເຮົາມັກ ເຂົາບໍ່ຕອບເຮົາເລີຍ,1,1,0,0.9614615
ໃຊ້ງ່າຍ ຄົນຂັບນິໄສດີ,1,1,1,0.99958676
ງົງ ກັບແອບ ລົງທະບຽນກະບໍ່ໄດ້ ເຂົ້າໃຊ້ງານກະບໍ່ໄດ້ຂື້ນເອີເລີຢູ່ໂທຫາຄໍເຊັນເຕີບອກເຂົ້າໄປສູນ ບາດເຂົ້າໄປສູນຕ້ອງໄດ້ຕິດຕໍ່ຄໍເຊັນເຕີ ໂອ້ຍຍຍ ງົງ ເຮັດວຽກກັນຈັ່ງໃດວະ ລະສີຕິດຕໍ່ໃຜຈັ່ງສີໄດ້ ແອບບໍ່ສົມບູນກະບໍ່ຟ້າວເປີດນໍາໃຊ້ຊັ້ນຕົວ,0,0,0,0.9996911
ລະລ້ະຟີຟາມລວາທ້າວcggໂມ,1,1,1,0.9869292
ສເຮຮດີນ,1,1,1,0.99600047
"ຂ້ອຍກໍ່ຊອກຮຽນດ້ວຍໂຕເອງໂດຍທີ່ບໍ່ມີຜູ້ ຄົນສອນ ເຮັດໄປໂດຍບໍ່ຮູ້ຜິດຮູ້ຖືກ,ຂໍຮຽນຮູ້ນໍາດ້ວຍເພື່ອນເພຣດທີ່ນັບຖື ຫມົດທຸກຄົນ",1,1,1,0.99891615
ຮຮແຕ່ຄິດວ່າຕິຕຽນ,1,1,1,0.98899186
ເປັນຫຍັງຄືມີລະຫັດບໍ່ຂ້ອຍເຂົ້າfacebookເກົ່າບໍ່ໄດນີ້,0,0,0,0.9990601
hereມາກ,1,1,1,0.9984692
ໂອເຄຣ,1,1,1,0.99727446
ແອບນີດີແຮງ,1,1,1,0.99930406
ໄສດີດີມາກໆ,1,1,1,0.9995695
ໃຊ້ແລ້ວດີພັດທະນາໄດ້ໄວ,1,1,1,0.9996244
ລົງບໍ່ໄດ້ລອກອິນກະບໍ່ໄດ້ປັບປຸງໃຫມ່ເດີ,0,0,0,0.9997187
ຄັກແທ້ໆ ງ່າຍສະດວກສະບາຍ,1,1,1,0.99959785
"ຄວນປັບປຸງ ການຫມຸນ, ການເຮັດພະລາກິດ ແລະ ສົ່ງຄໍາເຊີນ ຍັງເຮັດໃຫ້ລູກຄ້າສັບສົນທີ່ວ່າພະລະກິດບໍ່ສໍາເລັດ",0,0,0,0.99529076
ຊົມເຊີຍເຮັດໄດ້ດີຫຼາຍແຕ່ ຂໍຄືນການອ່ານຂໍຄວາມທີ່ຫາຍໄປກະລຸນນາບອກແດ່ ເປັນຍອ້ນຫຍັງ,1,1,1,0.9990264
ດີໃຈທີມີແອບນີ,1,1,1,0.9996026
ລົງທະບຽນຍາກເກີນໄປ ລົບແອັບອອກແລ້ວ ກອກຂໍ້ມູນຖືກຍັງຕັ້ງບໍໄດ້ ຊິໂຫລດມາເພື່,0,0,0,0.9997565
ຂໍລົງທະບຽນ,1,1,1,0.99776566
ຜ່ານມາມີປັນຫາທາງດ້ານສັນຍານແນັດ,1,1,1,0.97249323
ເຟສນີ້ແລ້ວ,1,1,1,0.9961606
ແອບດີໃຫ້ໄປເລີ່ຍ5ດາວ ແລະຢາກບອກຄົນທີ່ຢາກໂຫລດແອບນີ້ມາໃຊ້ວ່າໃຫ້ໂຫລດມາໃຊ້ເລີ່ຍແອບເຂົາດີແທ້ ໃຊ້ແອບນີ້ມັນກະດີບໍ່ຕ່າງຫຍັງກັບຢູ່ທູບຕໍ່ໄປຊິໃຊ້ແຕ່ແອບນີ້,1,1,1,0.998606
ດີຫຼາຍ ໄດ້ພົບປະລາກຫຼາຍຄົນທົ່ວໂລກ,1,1,1,0.9995827
ຮຽນໄຫມ່ເດີ,1,1,1,0.9990601
ແອັບລາວໃຫ້ຄວາມສະດວກສະບາຍໃຫ້ພວກເຮົາເຮັດໄດຫລາຍຢາງ,1,1,1,0.99948466
ບໍ່ໃຫຂ້ອຍຖ້ອນການຕິດຕັ້ງ,1,1,1,0.98873377
ບອກຢູນິເທວເປັນຍັງຈຶງຕັດເງິນ3ພັນທັ້ງທີເຈົ້າຂອງບໍ່ຢາກໃຫ້ຕັດກະຍັງຕັດຢູ່ກະຮູ້ວ່າເອົາພັດທະນາແຕ່ເຈົ້າຂອງບໍ່ອະນຸຍາດກະຍັງຕັດຢູ່,0,0,0,0.9993255
ອັບເດດຫນ້າຈໍຫລາຍເກີນໄປແຕ່ບໍ່ມີຫຍັງປຽນແປງຫລາຍ ລົງທະປຽນເບີ ກະຍັງຕ້ອງໄດ້ໄປທະນາຄານ ແລ້ວຊິໃຫ້ລົງທະບຽນເບີໄປເພື່ອຫຍັງ ຖ້າລະບົບຮູບຖ່າຍບໍ່ສາມາດຢືນຢັນ ຂີ້ກາກຫລາຍ.,0,0,0,0.99968004
ຂ້ອຍຍ້ອນດີທີ່ໄດ້ພົບເຈົ້າ,1,1,1,0.99947256
ມັນຊ້າເກີນຄວາມໄວບໍ່ທັນໃຈ,0,0,0,0.99925774
ໃຊ້ງານງ່າຍໂອນໄວ,1,1,1,0.99928063
ສາມາດ ບຸດສະດີ,1,1,1,0.99954695
ຄືໂລດບໍໄດ້,0,0,0,0.9988531
ມີແຕ່ອັບເດດໆໆ ອັບແລ້ວກະບໍ່ເຫັນສິມີຫຍັງປ່ຽນເລີຍ ແຖມແຮງອັບແຮງຫ່ວຍ,0,0,0,0.99971205
ຈົນເມືອຍອັບເດດ,1,1,0,0.9926967
ສະອາດໃນການໃຊ້ງານ,1,1,1,0.99958676
ກະສະດວກດີ,1,1,1,0.9996737
ກໍາໃ,1,1,1,0.9937709
ຫມີນອ້ຍສາຍໂສດ,1,1,1,0.9627783
ບອກວ່າເຮົາຮັກມັນ,1,1,1,0.9993228
ເງິນແນະນໍານານໄດ້ເກີນເດືອນນີ້ຍັງບໍ່ໄດ້ເລີຍ,0,0,0,0.999089
ໂປຣແກຣມນີ້ຂີ້ກົງລອກລວງສັງຄົມ ຄະແນນທີ່ໄດ້ກໍຖຶກຕັດອອກ ການເລກປຽ່ນຄະແນນກໍ່ຍາກ,0,0,0,0.99954176
ພືງພໍ່ໃຈລາຍໆເດິ.,1,1,1,0.9967013
ຂອບໃຈunitelທີ່ສຸດຄຸ້ມ,1,1,1,0.99948466
ລົງທະບຽນບໍ່ໄດ້ລໍຖ້າໃຫ້ສົ່ງລະຫັດມາໃຫ້ນີ້ສິເປັນປີລະບໍ່ເຫັນສິມີຫຍັງປັບປຸງໃຫມ່ແດ່ກາກຫລາຍຕັ້ງບໍ່ໄດ້,0,0,0,0.99976677
ໃຫ້ດາວດຽວໂຫລດມາຕັ້ງບໍ່ໄດ້ປ່ຽນພາສາລາວກະບໍໄດ້,0,0,0,0.9997316
ທ ຢ່າ ປໍ ມົວ,1,1,1,0.98986953
ແກ້ໄຂແນ່ລົງທະບຽນບໍ່ໄດ້ ບໍ່ໄດ້ມາດຕະຖານ ເຂົ້າແລ້ວເດັ້ງອອກ,0,0,0,0.9997347
ສຽງບໍ່ດີ,0,0,0,0.9990415
ສະດວຂ,1,1,1,0.99527246
ແອບໄຊ້ດີມາກ,1,1,1,0.99909604
ໂອນໄປຫາເບີບໍ່ມີກະເປົາແລ້ວເງິຍຫາຍ,0,0,0,0.9994407
ສຸດວ່ະ,1,1,1,0.9975177
ເປັນຫຍັງອີກລະເຂົ້າບໍໃດ,0,0,0,0.9979007
ຂໍໄດ້ເດີ້5ດາວແລ້ເດີ້,1,1,1,0.9990996
ຮີວິວ,1,1,1,0.997414
ຖ້ຮກຖເກດໍາຖູໍາະນປືຫ ກາ,1,1,1,0.97334224
ກາກໂພດຫມູນຫ່າຫຍັງກະບໍ່ໄດ້ໂຄດກາກ,0,0,0,0.99975556
ໂນເວ,1,1,1,0.997414
ນາງນັດສາ,1,1,1,0.99605453
ເປັນຫຍັງຄືໂຫຼດບໍ່ໃດ້,0,0,0,0.9973322
ດີຫລາຍຮູ້ສືກດີທີສຸດ,1,1,1,0.9996178
ຮຮ້,1,1,1,0.99525404
ລອງນໍາໃຊ້ເບິ່ງ,1,1,1,0.9992505
ໂອເຄໃຊ້ດີ,1,1,1,0.9996207
ສອນເພັດນີໄສ,1,1,1,0.9991066
ສົ່ງເລກotpຊ້າແຮງ,0,0,0,0.99949956
ຫສວໄ,1,1,1,0.9923341
ກາກແຮງເດີກວດເບິ່ງເບີຄືນວ່າລົງທະບຽນແລ້ວບໍ່.ກະເຂົ້າບໍ່ໄດ້.ກາກແຮງ,0,0,0,0.99973875
ສາມາດງ່າຍບໍ່ການດີ,1,1,1,0.9994035
ເງິນ,1,1,1,0.9976814
ດີປານກາງ,1,1,1,0.9996057
ຂັນຄໍາສຸກມີໄຊ້,1,1,1,0.99958915
ແຊັດມາດີເດີ້,1,1,1,0.9995745
ແອບຂອ້ຍເນັດຊ່າໂລດຫັຍງກະບໍ່ໄດ້,0,0,0,0.99949765
ຮັກສາ,1,1,1,0.9992237
ດີຄັກລະ,1,1,1,0.99963665
ບໍ່ມີຄົນແຊທມາແກ້ໃຂໃຫ້ຂ້ແນ່,1,1,0,0.9681713
ຕາຫືທັງຫມົດສໍາລັບ,1,1,1,0.99637127
ໄສ່ແບບ 3ປະເພດແຊໂພດ ຄວາມຄິດເຫັນຮວມກັບເພອື່ນແບບສາທາລະນະ,1,1,0,0.9939143
ໂນເງີນສະດວກສະບາຍ,1,1,1,0.99960643
ຫມູນດາຕ້າກະບໍ່ມີ,0,0,0,0.9988418
ມີເພື່ອ ຮັບຮູ້ ເພື່ອນໆ ທຸກທົ່ວມູນໂລກ,1,1,1,0.9993988
ຕິດຕັ່ງແອັບນີ້,1,1,1,0.9989077
ອັບເດດແລ້ວເຂົ້າບໍ່ໄດ້ສູນແຮງ,0,0,0,0.9996971
ໃຊ້ງານໄດ້ດີແລະເຮັດໃຫ້ຂ້ອຍໄດ້ຮູ້ຈັກຫມູ່ເພື່ອນໄດ້ຫລາຍຂື້ນ. ຂອບໃຈກັບappນີ້ຫລາຍໆເດິ.ມັນເປັນ app ທີ່ດີທີສຸດໃນການໃຊ້ສື່ສັງຄົມອອນລາຍ.ຖ້າມີ10ດາວຂ້ອຍໃຫ້ໄປເລີ່ຍ,1,1,1,0.99943966
ຮະນ,1,1,1,0.99492985
ອັບເດດບໍໄດັ,1,1,0,0.9981067
ບໍ່ບອກວ່າອາຍຸເທົ່າໄດ້ຄ່ອຍເປີດໄດ້ແຕ່ພັດໄປໂຕຈີງແລ້ວພັດບອກວ່າເປີດບໍ່ໄດ້ຄວນປຽ່ນແປງແນ່. ຄວາມຄິດເຫັນຜູ້ເສີຍຫາຍ.,0,0,0,0.9992417
ຖືກໃຈຫຼາຍ,1,1,1,0.9996402
ຂ້າຍແບບໃດ,1,1,1,0.5425755
ໃຊ້ພື້ນທີ່ຫລາຍໂພດ,0,0,0,0.9958418
ດີຫຼາຍ.,1,1,1,0.9996567
ຍັງບໍ່ເກັງເທື່ອ,1,1,1,0.9973374
ຈາກທີສັ່ງມາຫຼາຍໆຄັ້ງ ຮູ້ສຶກພໍໃຈທຸກຢ່າງ ບໍ່ວ່າຈະເປັນອາຫານ ຫຼື rider ຄົນສົ່ງອາຫານ ແລະ ຄວາມວ່ອງໄວໃນການຈັດສົ່ງ.,1,1,1,0.999129
ສັນຍານບໍຄ່ອຍດີ,1,1,1,0.996597
ຢ່ຽມຍອດມາກໆ,1,1,1,0.99880743
ຂໍຮັບ,1,1,1,0.9994547
ຄຶບໍ່ມີວີດີໂອຄຶເຟັດເກົ່າ,0,0,0,0.9968702
ຫລໍ່ໃຊ້ໃດ້,1,1,1,0.99522626
ແອບເຂ້າບໍ່ໄດ້ເລີຍກະລຸນາພັດທະນາແດ່ເດີ້ເຈ້າ,0,0,0,0.9993869
ຊວງນີ້ມັກສະດຸດ,1,1,1,0.9989956
ອັບເດດໄຫມ່ ອອກຈາກລະບົບຄືບໍ່ໄດ້ ?,0,0,0,0.9996252
ການສຶກສາ ແນວຄິດ ມີຄວາມຕ່າງ ກັນບໍ,1,1,1,0.9976404
ໃຊ້ງ່າຍສະດວກສະບາຍໃນຫຼາຍໆຢ່າງ,1,1,1,0.9996288
ບໍ່ຮູ້ວິທີກູ້ຂໍມູນເກົ່າldb ຂອງຕົນຄຶນ,1,1,1,0.9970822
ເຮັດມາຫາພໍ່ມຶງຕິເຮັດແລ້ວລົງບໍ່ໄດ້ລ່ະ,0,0,0,0.9992563
ດີຫຼາຍສະດວກສະບາຍໃນເລື່ອງການໂອນແລະສໍາລະເງິນ,1,1,1,0.99961406
ດີທີ່ສູດ,1,1,1,0.99965537
ສິ່ງດີໆທັ້ງນັ້ນ,1,1,1,0.9995505
ກົດເຂົ້າໄປໃສ່ເບີໂທລະຕັ້ງຕໍ່ໄປຮອດບໍ່ໄດ້ຈັກເປັນຫຍັງລະແບບນິສິໃຫ້ຕັ້ງຈັ່ງໃດເຊີນປັບປຸງແດ່ແບບນິຄືສິລົງທະບຽນເບີບໍ່ໄດ້ດອກ,0,0,0,0.9997603
ທອງແກ້ວມະນີວຫນ,1,1,1,0.9988531
55 ໄດ້ອຍູ່,1,1,1,0.99944717
ຕິດຕາມດູເພດທຸກວັນ,1,1,1,0.9986033
ປະສົບການໃນການໃຊ້ບໍ່ເກັ່ງ,1,1,1,0.99906915
ຕັ້ງເບີໃສເຂົ້າລະບົບແຕ່ບໍ່ໄດ້ລະຫັດແຖມຍັງແບນບໍ່ໃຫ້ສົ່ງຂໍລະຫັດ24ຊົ່ວໂມງອີກ,0,0,0,0.99963164
ເຕີມເງິນບໍ່ໄດ້ເລິຍແກ້ໄຂດວນເລີຍເດີ,0,0,0,0.99956185
ນຈໍຊຊ່,1,1,1,0.98609793
ທ່າວແຂວງ,1,1,1,0.998835
ເຂົ້າໃຊ້ບໍ່ໄດ້,0,0,0,0.9990452
ຊອ້ຍໃຫ້ສື່ສານກັບຫມູ່ເພື່ອນໄດ້ດີວອ່ງໄວ,1,1,1,0.9994547
ຫາຫ,1,1,1,0.9953635
ຊື້ເລກບໍ່ໄດ້ຍາກແທ້ຍາກວ່າ,0,0,0,0.9982522
ຂ້ອຍຮັກພະເຈົ້າຄືພະບິດາມານດາຢູ່ພອນສະຫວັນ,1,1,1,0.99952435
ຄັກໆມັກຫຼາຍ,1,1,1,0.9995178
ມາກຫຼາຍແອັບນີ້,1,1,1,0.99837697
ເນັດຄືກາກແທ້,0,0,0,0.99915075
ດີທັງຫມົດ,1,1,1,0.9996587
ເຮົາເປັນຄົນງ່າຍໆ,1,1,1,0.9995609
ນັບມື້ນັບມີແຕ່ບັນຫາແກ້ໄດ້ແກ້ແດ່,0,0,0,0.99384296
ດີຫຼາຍໃຊກ່ຽວກັບການຊົນທະນາຫວຽກງານ,1,1,1,0.99959713
ມັນເປັນຫຍັງນິ,0,0,1,0.7474317
ໂຫລດບໍ່ໄດ່,0,0,0,0.99865156
ສະບາຍດີ ເຈົ້າ,1,1,1,0.999566
ອ່ອ,1,1,1,0.99341017
ໄຫ້3ດາວພໍ,1,1,1,0.99047756
ສະດວກໃນການສົ່ງງານ,1,1,1,0.9996087
ເຂົ້າປັບປຸງໃຫ້ແນ່ ໂອນເງີນເຂົ້າຫຍັງກະບອກວ່າບໍ່ພົບຂໍ້ມູນ,0,0,0,0.9996222
ສາວວິລະ,1,1,1,0.99791294
ສະດວກຂື້ນຫລາຍ,1,1,1,0.9996526
ຫ່ວຍຫຼາຍກົດເງິນເນັດກະບໍ່ໄດ້ແລ້ວວວ. ຊ່ວຍແກ້ໄຂແນ່ເດີ້,0,0,0,0.9992175
ບາງເທື່ອເນັດກະຊ້າ,0,0,0,0.9936733
ດີດີດີສຸດຍອດ. ລວດເລວທັນໃດ ຂໍຂອບໃຈ,1,1,1,0.99958676
ທໍາມະສອນໄຈ,1,1,1,0.9976126
ເລີດເ,1,1,1,0.99940586
ເອົາ5ດາວໄປເລຍ,1,1,1,0.92944044
ນຸກດີ,1,1,1,0.9996288
ໂທລະສັບລຸ້ນ vivo ໃຊ້ບໍ່ໄດ້,0,0,0,0.9982003
ອິນເຕີເນັດຊ້າໂພດໃຫ້ສອງດາວກ່ອນຖ້າເນັດໄວມື້ໃດຈື່ງເອົາສະ5ດາວຫັ້ນ ປັບປຸງແດ່,0,0,0,0.9997029
ບໍ່ໃດ້ຕິແບບນິຫ່ວຍແທ້ວະ ແມ່ນຫຍັງເບີເກົ່າທີ່ເຊື່ອມັນເສຍລະຈື່ລະຫັດມາເຂົ້າຫນ່ວຍໃຫມ່ລະໃດ້ຖ້າຮັບລະຫັດສະແກນຫນ້າແລ້ວຍັງໃຫ້ຮັບລະຫັດຢູ່ລະຫັດຮັບບໍ່ໃດ່ເຊື່ອມເບີເກົ່າທີ່ເສຍໄປແລ້ວ ເສຍເວລາຫລ້າ,0,0,0,0.99952435
ໃຊ້ງານສະດວກສະບາຍດີຫຼາຍ,1,1,1,0.9996345
ດີໃຈ ເດະ ຜູ້ ຊາ ຊົນ ປະ ເທດ ອາ ຊີ ອາ ຫານ ແລະ ຢາ ປົວ ແປງ ໃຫ້ ມີ ຜູ້ ຕິດ ຕາມ ການ ລາຍງານ ຂ່າວ ແຈ້ງ ໃຫ້ ທ່ານ ໃນ ອັນດັບ ສອງ ຝ່າຍ ແລະ ການ ຄ້າ ມະນຸດ ຂ້າມ ນ້ໍາ ທາ ລະ ນາ ເປັນ ການ ດີ ແລະ ການ ຄ້າ ມະນຸດ ຂ້າມ ນ້ໍາ,1,1,1,0.9995272
ຂອບໃຈສໍາລັບຜູ້ເຮັດແອັບນີ້ຫຼາຍ ຍອມຮັບຫວາ່ດີທີສຸດສໍາລັບຂອ້ຍ,1,1,1,0.99945897
ເລິ່ດ,1,1,1,0.9910493
ດີຫລາຍໄວ້ໃຈໄດ້,1,1,1,0.99965537
ແບນກະແບນເຟສກູເປັນບ້າຫວາໂອ່ເຂົ້າຫລິ້ນກະບ່ໄດ້,0,0,0,0.99930406
ຊານເກີຊາພູເງິນ,1,1,1,0.99591404
ປະສົບການເລວິວ,1,1,1,0.99940693
ແອບນີ້ສຸດນິຍົມ,1,1,1,0.99895155
ແອບນີ້ຄົນໍາຊ້ໄນປະເທດລາວຫຼາຍ,1,1,1,0.9610615
ມັກເພາະທັງໂທແລະແຊັດໄດ້,1,1,1,0.9995372
ບໍລິການຊັກຊ້າຫລາຍ ກາຍເວລາກໍານົດແຕ່ບໍ່ມີການແຈ້ງລູກຄ້າ ປະໃຫ້ລູກຄ້າຖ້າເປັນຊົ່ວໂມງອາຫານກະບໍ່ມາ,0,0,0,0.99928194
ໃຊ້ດີສະດວກງ່າຍ,1,1,1,0.99964786
ສຸດດດ,1,1,1,0.99544394
ສຸດຍອດຄັບ,1,1,1,0.9995122
ຄັກໂພດ,1,1,1,0.99491996
ອັບເດດແລ້ວຄືຫຼີ້ນບໍ່ໄດ້ເລີຍດຽວນີ້ເຂົ້າບໍ່ໄດ້ສໍາ,0,0,0,0.9997142
ແອແອ່ແອ້,1,1,1,0.9824905
ບັກຈ້ອຍ ສາຍໂອອິຊີ,1,1,1,0.99592197
ໃຊ້ງ່າຍໃຊ້ຄັກມັກຫລາຍ,1,1,1,0.99956185
ລູກຄືດວງໃຈຂອງພໍລະແມ່ຈະ,1,1,1,0.9940428
ຄໍາແກ້ວເດັກບ້ານອກ,1,1,1,0.99909425
ມັນເປັນສິ່ງທີ່ດີຄົບເຄື່ອງທົດສອບທຸກຢ່າງຂ້າພະເຈົ້າຫມັ້ນໃຈຢູ່ຢ່າງດຽວຄືສໍາພັດໄດ້ວ່າສິ່ງທີ່ໃຫ້ມາເພິ່ນເປັນຫຍັງຈຶ່ງຖາມແບບນັ້ນທັ້ງທີ່ໂຕເອງບໍ່ຮູ້ເລື້ອງເລີຍແຕ່ກະເກິດຂຶ້ນຈິງ161 500,1,1,1,0.9985191
ຢ່າໂຫລດໃຫ້ຫນັກເຄື່ອງເລີຍ ມັນບໍ່ດີເລີຍຂ້ອຍເຕິມເງິນເຂົ້າບໍ່ໄດ້ເພິ່ນວ່າລະຫັດບັດບໍ່ຖືກຕ້ອງແຕ່ທັງໆທີ່ຊື້ບັດມາໃຫມ່ໆ ແຕ່ຂ້ອຍອອກໄປເຕິມຢູ່ນອກແອບລະເຕິມໄດ້ !ປັນຫາຄືສ້າງແອບມາເພື່ອຫຍັງລະບົບແອບພວກມຶງຂັດຂ້ອງຕະຫຼອດ!ຫຼືວ່າພວກມຶງບໍ່ຕ້ອງການພັດທະນາແຕ່ຕ້ອງການແຕ່ເງິນຊັ້ນຫວາ,0,0,0,0.9994429
ອາຍເອເຄ,1,1,1,0.9936241
ບໍຕ້ອງຕັ້ງກະໄດ້ເດີ ສູນຫລາຍ,0,0,0,0.97204566
ດັ່ງນັ້ນ,1,1,1,0.9979007
ບໍດີປານໄດ,0,0,0,0.97267544
ທັກທູກຄົນ,1,1,1,0.99903595
ນ້ບ້ດໃ,1,1,1,0.9902351
ລອງຈອງເບີ່ງກ່ອນເດີຮາ,0,0,1,0.9666317
ການນໍາໃຊ້ດີຫລາຍ,1,1,1,0.99963164
ທ.ຈື່.ນອ້ຍມະນີລາ,1,1,1,0.99576014
ດີ.ດີ.ດີ.ຍ້ງມ.,1,1,1,0.9996018
ຫລິ້ນດີຫລີ້ນມ່ວນ,1,1,1,0.9995728
ຢາກໄດ້ເດ,1,1,1,0.9994887
ຂ້ອຍບໍ່ມັກໂຄສະນາ,1,1,1,0.9910493
ແອັບມີປັນຫາກະລູນາແກ້ດ່ວນ,0,0,0,0.9993175
ຕອນນີ້ເຂົ້າwhatappບໍ່ໄດ້ ເຂົ້າແລ້ວມັນອອກບໍ່ຮູ້ມັນເປັນຫຍັງ,0,0,0,0.9994937
ກໍາລັງຮຍນຮູ້ກຍ່ວກັບການຕັ້ງຄ່າແລະໃສ່ຂໍ້ມູມ.ຄັນຖ້າຂ້ອຍຫາກຜິດພາດປະການໃດໆຂ້ອຍຂໍອາໄພໄວ້ໂອກາດນີ້ດວ້ຍເພາະກໍາລັຮຍນແລະສືກສາຢູ່.ບໍ່ໄດ້ເຈຕະນາຂໍອາໄພຈາກໄຈຈິງຈິງ.,1,1,1,0.9971607
ມີໄຮ່ຄາບ,1,1,1,0.99724776
ເປັນແອປທີ່ດີ່ແທ້ດີຫລາຍສໍາຮັບທຸກຄົນເລີຍ,1,1,1,0.9995678
ຕັດຄີບມາລະລົງສະຕໍລີລະກະຕຸກ ກັບໂພດຮູບຫລືຄີບຄຸນນະພາບຕໍາລົງ ຢາກໃຫ້ແກ້ໃຂ ຄິບແຕ່ລະຄິບຕ້ອໃຊເວລາສ່າງ ທໍເວລາເຈີແບບນີ້ ແກ້ໃຂໃຫ້ແນ່,0,0,0,0.9979771
4ສະຫາຍສາຍຕູດ,1,1,1,0.99731135
ຫນັງໂປ້,1,1,1,0.9819619
ມີແຕ່ແອບ ແຕ່ເຂົ້າລົງທະບຽນບໍ່ໄດ້ ບອກແນ່ເດີ!,0,0,0,0.99963593
ມຸ່ນເນັດກະບໍ່ໄດ້ໄດ້ແຕ່ຟັງເພງກັບອັບເດດສະຖານະ ຈັກພວກເຈົ້າເປັນຫາອີ່ຫຍັງ,0,0,0,0.99953544
ໃຊ້ງານຂອນຂາງດີ,1,1,1,0.9995745
ດີວ່າໄປ,1,1,1,0.9996673
ອ້າຍ,1,1,1,0.98819935
ໂຄດແຍ່ມາກເລີຍອັບເດດຄັ້ງນີ້ ຫມູນກະບໍ່ໄດ້,0,0,0,0.9997508
ຂ້ອຍໃຈ້,1,1,1,0.9995408
"ດີຫຼາຍຖືກໃຈຫຼາຍ , ,",1,1,1,0.9996207
ນານໂອນເງິນເກີນຖ້າຮົນຮອດເຊົ້າຍັງບໍ່ໃດ້,0,0,0,0.9987207
ດີຫລ້າຍຫລາຍເດີ້,1,1,1,0.999617
ຂໍຕວາມຊວ່ຍເຫຼື່ອ,1,1,1,0.99759394
"ຮ້ານອາຫານຫຼາຍຮ້ານເລີຍ ບໍ່ສາອາດ,ອາຫານບໍ່ຕົງປົກ ອາຫານມີນ້ອຍກວ່າໃນຮູບຫຼາຍເທົ່າ ບໍ່ຄູ້ມກັບລາຄາເລີຍ,ສັ່ງບັກດົນໆກວ່າສິໄດ້ ຂົນສົ່ງເວົ້າຈາບໍ່ເກັ່ງ ຖາມລູກຄ້າເລື່ອງເສັ້ນທາງແລະບອກບ່ອນທີ່ຕົວເອງກໍາລັງຢູ່ບໍ່ເປັນ ເວົ້າບໍ່ເຂົ້າໃຈ ບາງເທື່ອນ້ໍາມັນທີ່ຢູ່ນໍາອາຫານກໍເຮ່ຍອອກມາເປື້ອນຫມົດ ບາງເທື່ອມາສົ່ງຊ້າເຮົາສັ່ງນ້ໍາປັ່ນກໍລະລາຍກມົດເລີຍ",0,0,0,0.99922967
ພັດທະນາໃຫມ່ ຄືຜີບ້ານິ ຈິ້ມແບບຫນຶ່ງ ໄປແບບຫນຶ່ງ ເຂົ້າແອັບກະຊ້າຄືຕາຍນິ ພໍດີລໍາຄານ ເນັດໄວ ເນັດຊ້າແອັບກະຊ້າຄືເກົ່າບໍ່ກ່ຽວກັບເນັດ ປັບປຸງໃຫມ່ໃຫ້ມັນທັນໂລກສາກົນແນ່,0,0,0,0.999666
ແອັບຫ່ານີ້ຈັກສ້າງມາເພື່ອຫຍັງ,0,0,0,0.99942744
ໃຊ້ງານບໍ່ໄດ້ລົບຖິ້ມດີກວ່າ,0,0,0,0.7027341
ມັກ ແຕ່ເສຍດາຍເນັດຊ້າ,1,1,1,0.9993228
ປັບປຸງແນ່ເດິສອງສາມມື້ນີ້ເບິ່ງຄີບຈາກເຟດລະມີແຕ່ວ່າເກີດຂໍ້ຜິດຂື້ນອາດຜິດພາດທາງແທັກນິກເຮົາກໍາລັງພະຍາຍາມແກ້ໄຂແຕ່ຜ່ານມາ4ມື້ແລ້ວຍັງເປັນຄືເກົ່າເບິ່ງອັນໃດກະບໍ່ໄດ້ຂໍໄຫ້ແກ້ໄຂດ່ວນ,0,0,0,0.99945253
ຂອບໃຈເດິບໍ່ໄດ້ເນັດ,1,1,1,0.998662
ເຈ໋ງ,1,1,1,0.9963924
ສະບາຍດີfດຮີ,1,1,1,0.9993525
ດີຫລາຍ ຫລີ້ນເນັດແລກດາຕ້າກໍ່ປະຢັດດີ ສຸດຍອດເລີຍ,1,1,1,0.9995939
ກ ພີະ,1,1,1,0.99262565
ເອີ້ນລົດຍາກໂພດ ປັບປຸງແອັບຄືນຕື່ມເດີິ,0,0,0,0.99943405
ຫລັກ9ຄືບໍ່ໄດ້,0,0,0,0.99925774
ເອົາຕົງໆເລີຍລົງທະບຽນແມ່ມັນນິໂຄດຢາກເລີຍ ເຊີນປັບປຸງແດ່ ຄັນຢາກໃຫ້ລົງທະບຽນນະ,0,0,0,0.9994967
ລອງໄຊ້ເບີ່ອງ,1,1,1,0.9989718
ເປີດເຟດເປັນສາຖາລະນະ,1,1,1,0.9962565
ສໍາລ້ອງຂໍ້ມູ້ນດີແທ້ລົງລົບແອບໂລດມາໄຫ່ມໄດ້ຂໍ້ມູ້ນໂຕເກົາທີເຄີຍໄຊຂໍ້ມູ້ນສໍາຄັນທັງນັ້ນ,1,1,1,0.9979572
ປະຢັດຈ່າຍ ແລະ ເສຍສະຫຼະ ເພຶ່ອສ່ວນລວມ,1,1,1,0.9992417
ເພາະສິ່ງມີປະໂຫຍກກັບສັນຈິ່ງໃຫ້5ດາວໄປເລີຍ,1,1,1,0.9929472
ແອັບຕາຍຮ່າຫຍັງແອັບຂີ້ຕັວະ2ໃຫ້ໂຫລດແລ້ວບ່ໄດ້ບ່ຕອ້ງພາກັນໂຫລດເດີ້,0,0,0,0.99961025
ທ້າວໄມອໍ່,1,1,1,0.9943141
ຍາກປ່ຽນເລກແນະນໍາແກ້ໄຂໃຫ້ແນ່,0,0,0,0.9961456
"ສຸດຍອດ. ທັນສະໄຫມ,ສະດວກ,ວອງໄວ",1,1,1,0.9995408
ແຊະຮື ທອງມີໄຊ,1,1,1,0.9982003
ບໍ່ດີເລີຍຂໍບອກ,0,0,0,0.9983991
ເຂັ້າໄຈ,1,1,1,0.9712657
ມັກຫຼາຍຫຼີ້ນ ງ່າຍ,1,1,1,0.9995745
ມັນບອກບໍ່ມີກະເຊື່ອມຕໍ່ອິນເຕີເນັດ ທັ້ງທີ່ມີເນັດຢູ່,0,0,0,0.9984573
ເຂົ້າແອບດັງອອກ,0,0,0,0.99915075
ມສອສີຊ,1,1,1,0.9963994
samsung s8 ເບິ່ງວີດີໂອ ແລ້ວຢຸດເອງຕະຫລອດ,0,0,0,0.9990396
ຄວນປັບປຸງແນ່ເດີເຂົ້າແນວໃດກາບໍ່ໄດ້,0,0,0,0.9995584
ຖ້າໄດ້ອ່ານກະລຸນາປັບປຸງແດຂ້ອຍຕ້ອງການໃຊ້ແອັບ my unitel ແຕ່ກັບເອົາມັນມາໃຊ້ນໍາກັນຖາມວ່າດີບໍ່ກະດີຄັນຟັງຊັນມັນໃຊ້ງ່າຍແຕ່ອັນນີ້ຟັງຊັນມັນໃຊ້ຍາກກົດເຂົ້າແລ້ວກົດອອກກະຍັງເປັນຫນ້າເກົ່າເອົາmy unitel ອັນເກົ່າດີກວ່າເຮັດແນວນີ້ຂ້ອຍເຕີມບັດຍາກກົດເຂົ້າແລ້ວກົດອອກບໍ່ໄດ້ຈະແລກດາຕ້າກະໄດ້ປັດແອັບຖິ້ມແລ້ວເຂົ້າໃຫມ່ຄັນຈະປັບປຸ່ງກະເຮັດໃຫ້ມັນດີແດຄົນປັບປຸ່ງກະບໍ່ເຂົ້າໃຈຄວາມຕ້ອງການຂອງ ຜູ້ບໍລິໂພກຈັກນ້ອຍຈຸດອ່ອນຂອງແອັບມີຫລາຍເປັນ 100ຄັນປັບປຸ່ງແນວນີ້ກະຂໍໃຊ້ແອັບ my unitel ອັນເກົ່າດີກວ່າອັນນີ້ແຮງປັບແຮງຕົກຕໍາ,0,0,0,0.9992549
ດີມາກໆເຮັດໃຫ້ໄດ້ເງິນນໍາ,1,1,1,0.99961406
ຊອກມມາກ,1,1,1,0.99528164
ໄຫ້5ເດົາ,1,1,1,0.99784684
ເປັນຫຍັງຮອດບ່ອນສະແກ່ນຫນ້າແລ້ວເຮົາກະສະແກ່ຮແລ້ວມັນກະເດັ້ງກັບຢູ່ບ່ອນຈຸດເລີ່ມຕົ້ນ ຕັ້ງ100ເທື່ອກະບໍ່ໄດ້,0,0,0,0.99949074
ຄິດຮອດລູກຊາຍທັງສອງແທ້ເດ້,1,1,1,0.99847823
ບໍເຄີຍທໍາແຕຢາກໃຊ້ແບບງ່າຍໆ,1,1,1,0.9803374
ອັບເດດໃຫມບໍໄດ້ຮອດເນັດ,0,0,0,0.9994307
ສຶ່ສານໄດ້ດີ,1,1,1,0.9995827
ມີໂຄສະຫນາອະນາຈານຫຼາຍ,1,1,1,0.9865458
ປັບປຸງໃຫມ່ແດ່ເດີ.ຍັງໃຊ້ໄດ້ບໍ່ໂອເຄພໍສົມຄວນເວລາຈະໂອນເງິນແມ່ນມີແຕ່ເດັ້ງອອກ,0,0,0,0.9993462
ໄຊ້ດີສະດວກໃນການຕິດຕໍ່ສື່ສານ,1,1,1,0.9995652
"ອັບເດດໃຫມ່ ແຕ່ໄດ້ມາໂຫຼດໃຫມ່ ແຖມເຂົ້າລະບົບບໍ່ໄດ້ອີກ gg ເລີຍ, m service ຍັງໃຊ້ງ່າຍກວ່າ ອີກຢ່າງ ເນັດຫມົດກໍສາມາດເຂົ້າໄດ້. ອັນນິລະ ເນັດຫມົດ ສິເຕີມກະບໍ່ໄດ້, ມາເສຍເງິນເສຍເວລາກົດ 575 ອີກ",0,0,0,0.99922514
ຢາກເບີ່ງທຸກຢ່າງຍາມບໍ່ມີເນັດເດນໍ,1,1,1,0.99842995
ຮູ້ທັນໃຈ,1,1,1,0.99957854
ຂ້ອຍດາວໂລດຄືບໍໄດ້,0,0,0,0.99812883
ຮນວ່,1,1,1,0.99611557
ຊອບມາດຈຮາ,1,1,1,0.9984421
"ລະບົບຂີ້ຫລ້າຍສຸດໃນ play store ເຊື່ອມເນັດ ແລ້ວສະແດງວ່າ ບໍ່ມີ internet on off restart ເຄື່ອງ ຫລາຍຮອບ, ລະບົບ ຈື່ແຕ່ຄ່າເດີມ",0,0,0,0.9995426
ນ.ນ້ໍາຜຶ້ງ12,1,1,1,0.98076576
ມີຄວາມຄິດທີ່ດີສ້າງສັນຜົນງານອອກສູ່ສາຍຕາສັງຄົມ,1,1,1,0.9995435
ດີຫລາຍພັດທະນາຕໍ່ໃປ,1,1,1,0.99963236
ຊີວິດຕິລົບ.ຄົບກັບຄົນບໍ່ມີໃຈ.ຈົບ ໂສດ,1,1,1,0.99929035
ແມ່ຮ,1,1,1,0.99705935
ໄຫ້,1,1,1,0.99740905
ໄດ້ຫນ້ອຍແຖມແພງ ຊື້ເຟີຂງນວ່າ15.000ກີບ ບວກຄ່າສົງລວມອາກອນເປັນ18.000ກີບ.ບາດມາຮອດ35.000 ເລີຍ ງງງ ກັບມື່ງຟູດແພ້ນດ້າ,0,0,0,0.998345
ຍິ່ງອັບຈິງດີ,1,1,1,0.9995141
ຊ່ວຍໃຫ້ໄດ້ຮູ້ເຫດການໃນສັງຄົມ,1,1,1,0.99954695
ອາກາດຄືມາຮອ້ນແທ້,1,1,1,0.9977216
ຄືບໍ່ສົ່ງລະຫັດມາໃຫ້ເຂົ້າຈົນຮອດ100ເທືອຍັງບໍ່ໄດ້ສໍາ,0,0,0,0.9995678
ບຸນໄທ,1,1,1,0.999572
ດີຫລາຍຕິດຕາມຂ່າວສານທີ່ສໍາຄັນຍ້ອນໃຫ້ເຫັນຄວາມຊົງຈໍາທີ່ຜ່ານມາໃຊ້ໄດ້ດີຫລາຍ,1,1,1,0.999566
ຫນັງໂປ່,1,1,1,0.97997653
ດີທີ່ສຸດຊົມເຊີຍ ສຶບຕໍ່ເລື້ອຍໄປ,1,1,1,0.9995753
ໃສ້ດີ,1,1,1,0.9996118
ດີໆສຸດຍອດເລີຍໄດັດັງໃຈມັກໃຫ້ຄະແນນ5,1,1,1,0.99959713
ລອງຫລີ້ນແລ້ວດີທຸກຢ່າງແຕ່ຄວນແກ້ໄຂໄຫ້ຂຽນອະທິບາຍກັບຮູບປົກຫຼືຮູບໂປຮຟ໊າຍໄດ້ຢ່າງອິດສະລະ,1,1,1,0.99653685
ເວລາຈະຕົກໄອໂຟນນະ ທໍາທ່າຫມຸນໄວຂື້ນ ຫລີ້ນບໍ່ຊື້ ບໍ່ຫນ້າເຊື້ອຖືເລີຍ ມັນປະມາ40ເທື່ອ ຈະຕົກໄອໂຟນຢູ່ປະມານ3ເທື່ອ ແຕ່ຫໍ່ບໍ່ຕົກ ເພາະຈະຕົກເທື່ອໃດ ກະເຮັດຫມຸນໃຫ້ເລ່ວຂື້ນ,0,0,0,0.99932146
ເປັນໂຫລດແອບນີ້ໃສ່ໂທລະສັບຫມ່ວຍນີ້ບໍ່ໄດ້ວະ,0,0,0,0.998884
ທຝີງ່ບໍຕຮືທວາຍງ່,1,1,1,0.97046465
ໃຊ້ງານບໍ່ໄດ້ແອບເດ້ງຕະຫຼອດ,0,0,0,0.9989392
ຂໍແກ່5,1,1,1,0.99958915
ຕົວະໃຫ້ເອົາເບີລົງທະບຽນ ບໍ່ເຫັນຊິໄດ້ຫ່າຫຍັງ ສະຫມັກໄປກະມິດ,0,0,0,0.9995932
ກາກຂະນາດ ປັກຫມຸດແລ້ວໃຫ້ຂຽນຄໍາອະທິບາຍຕລອດເລີຍ ຂຽນແບບໃດກະບໍ່ໄດ້ ສັ່ງບໍ່ໄດ້ເລີຍ,0,0,0,0.99966
ອອໄຊຍະວົງ,1,1,1,0.9985191
ອັບເດດແລ້ວຄືຊື້ຍາກກວ່າເກົ່າກົດຊໍາລະບໍ່ໄດ້ກົດຊື້ໂຕໃດກະເຕັມປັບປຸງແນ່ເດີ້,0,0,0,0.9997565
ຜຸຍ,1,1,1,0.99532723
ຢາກຟັງແພງ,1,1,1,0.99909425
ແປັນ,1,1,1,0.9952356
ຂໍຂອບໃຈທຸກສີ່ງຢ່າງທີ່ມອບໃຫ້ ຢ່າງສຸດໃຈ.,1,1,1,0.99950254
ກາກແທ້ຄືເຂົ້າບໍ່ໃດ້ແບບນີ້ຊິລົງທະບຽນເບີແນວໃດ ປັບປຸງແນ່,0,0,0,0.9996486
ຂໍນະ,1,1,1,0.9995122
ແອັບ ຫຍັງ ເປັນ ແບບ ນີ້ລົງທະບຽນແບ້ຫຍັງກະບໍ່ໄດ້ປັບປຸ່ງແດ່,0,0,0,0.99970406
ບໍ່ຮູ້ວ່າສິບອກແບບໃດ,1,1,1,0.9893063
ແກ້ໄຂແນ່ໂຫລດມາແລ້ວເຂົ້າແອັບມີແຕ່ສີຂາວເຮັດຫຍັງບໍ່ໄດ້ເລີຍ,0,0,0,0.9996971
ເບິ່ງວິດີໂອບໍໄດ້,0,0,0,0.9992549
ແຫມງແອັບໂຄດກາກເຂ້າກະບໍໄດ່ເຮັດຫຍັງບໍໄດ່ເລີຍແອັບໂຄດກະຈ່ອກຖາ່ເປັນແບບນີຕະລອດແນະນ້ໍາໄຫ້ປິດແອັບນີລະໂຄດພໍແມ່ມືງຕາຍຫວາ່ຄວາຍ,0,0,0,0.9997305
ຂ້ອຍເປັນຄົນທຸກຍາກຄົນນຶງຂ້ອຍເລີຍເຫັນແອັບນີ້ຈາກນັນຂ້ອຍກະເລີມໄຊ້ໄນວັນທີ1 11 2021ເປັນຕົນມາຂໍໄຫ້ທຸກຄົນເປັນກໍາລັງໄຈໄຫ້ຂ້ອຍເດີ ຄອບຄົວຂ້ອຍທັງມົດມີ6ຄົນຂ້ອຍເປັນລູກກາງແລະຂ້ອຍກະເປັນພູ້ຊາຍ ຂ້ອຍມີນໍານັກ38ສູງ147cmຂ້ອຍເປັນຈອຍ,1,1,1,0.9976859
ດີຫຼາຍຈາ່ວ,1,1,1,0.9996499
ອອກຈາກລະບົບເຟສຄືບໍ່ໄດ້ບໍ່ຂາຍໄອດີເກມແລ້ວເຟສຄວາຍ,0,0,0,0.9994937
ຄົ້ນຫາເພຶອ່ນບໍ່ໄດ້,0,0,0,0.99735296
ແອບໃຊ້ດີຫຼາຍສະດວກ ໃຜທີດາວໂຫລດແອບນີ້ ໄຫ້ໃຊ້ລະຫັດແນະນໍາ 78800544 ເພື່ອຮັບເງິນແນະນໍາ,1,1,1,0.9995141
ໄຊງາຍ ສະບາຍ,1,1,1,0.9995497
ເຮັດແນວໃດເພີ່ນຈັ່ງສິເຊົາບ໋ອກຂ້ ອຍ,1,1,1,0.9820483
ໃຊ້ບໍ່ໄດ້ເລີຍ ອັບເດດໃຫມ່ ແຮງບໍ່ດີ ຢາກໄດ້ແບບເກົ່າຫມູນ ໄອລັກກີ້ ດີຫລາຍ ມາອັບເດດໂຕລ່າສຸດ ຫມູນບໍ່ເຄີຍໄດ້ຫຍັງ ຊ້ໍາພັດຕອນນີ້ ຫມູນບໍ່ໄດ້ເລີຍ ຟ້ອງວ່າຫນ້ານີ້ບໍ່ຕອບສະຫນອງ,0,0,0,0.9996493
ອັບເດດຕະຫຼອດເລີຍ ໃສ່ເພງໃນ story ກະບໍ່ໄດ້,0,0,0,0.9997594
ນາງນໍາ້ເພັດ,1,1,1,0.9964342
ຢາກກູ້ຄືເຟສ,1,1,1,0.99922967
ຊື້ແພັດແກັດໃນແອັບຄ່ອຍຂ້າງຍາກເຂົ້າໄປລະຫມຸນຢູ່ຫັນບໍ່ໄດ້ຈັງເທື່ອ,0,0,0,0.99943846
ຄືບ້ານິບໍ່ໄດ້ເລີຍ,0,0,0,0.99770385
ເດບຮຕ,1,1,1,0.9901211
ທຸກຢາງໃຫ້ປະສົບຄວາມສໍາເລັດຕໍ່ຫນ້າທີວງກງານ,1,1,1,0.9994797
ແອັບຄືໂຫລດບໍ່ໄດ້,0,0,0,0.99918
ມັນບໍ່ມີສະຕໍລີ່,0,0,0,0.9955403
ສົ່ງຂໍ້ຄວາມທີ່ປອດໄພ,1,1,1,0.99899954
ຍອ້ບ,1,1,1,0.9954615
ດີຫຼາຍໃຊ້ປະຈໍາທຸກມື,1,1,1,0.9996381
ພະສວງ,1,1,1,0.998487
ຂໍຂອບໃຈ.,1,1,1,0.99957854
ກູບໍ່ໃຫ້ດາວແອັບຂີ້ກາກເຂົ້າໄປແລ້ວບໍ່ເປັນຄືມືງໂຄຊະນາ. ສັດ,0,0,0,0.99938095
ເຄີຍເຮັດວຽກນໍາພາກລັດມາກອ່ນ,1,1,1,0.99861956
ຄົນຈິດຕາມບໍ່ຫຼາຍ,1,1,1,0.87987113
ໃຫ້ອັບເດດຕະລອດເບື່ອວະອັນເກົາມັນກະດີແລ້ວນິມູນໄດ້ເນັດແຊກະບໍ່ໄດ້ໂຄດສູນ,0,0,0,0.9995819
ດີຫລາຍສໍາລັບແອບນີ້,1,1,1,0.9996402
ສະບາຍດີຈາ,1,1,1,0.9995479
ມັນສຸຍອດດີ,1,1,1,0.9996345
ອັບເດດລ່າສຸດບໍ່ເຫັນບ່ອນເຕີມເກມ ບໍ່ເຕີມໄດ້ລະບໍ,0,0,0,0.9997075
ເພື່ອ ຄວາມຮຽນຮູ້ບັນທີັງ,1,1,1,0.99948174
ດີຫລາຍຍຍ,1,1,1,0.9996388
ພົງສະຫວັນສຸພັນະວົງ ທພສວ ທຄຕລ 1ສຸດຍອດແຫ່ງການເງີນ,1,1,1,0.9987503
ໃຊ້ດີສາມາດເພີ່ມເພືອນໄດ້ຫລາຍ,1,1,1,0.9995915
ແອບດິມາກ,0,0,0,0.99797314
ຄ ລາວ,1,1,1,0.9979966
ຫາກວ່າບໍ່ເກັບຄ່າທໍານຽມເຕີມ1ແສນພັດຫັກເພີ່ມອີກ10ພັນແຕ່ເກົ່າຄ່າທໍານຽມມີແຕ່3ພັນ ອັນນີ້ຫັກໄປ10ພັນຄ່າຫຍັງກະບໍ່ຮູ້ເລີຍ,0,0,0,0.99968255
ໄຊ້ສະດວ່ນຫຼາຍ,1,1,1,0.9992161
ຊອບເລີຍ,1,1,1,0.9995939
ນາງສຸວັນນີ ສີສະຫວັດ,1,1,1,0.9982658
ລະຫັດຜູ້ໃຊ້ຫຍັງບໍ່ເຄຄຍລົງທະບຽນ,0,0,0,0.9992735
ສົ່ງ link ໂດຍຜ່ານຂໍ້ຄວາມໄປຍັງເວັບໄຊທ໌ໃຫ້ເພື່ອນບໍ່ໄດ້,0,0,0,0.99800056
ເບີໄທສະມັກບໍ່ໄດ້ຕິ,0,0,0,0.9993487
ຄັກຫລາຍເດີ້,1,1,1,0.99949074
5ໄປເລີຍມັກຫລາຍແອບນິ,1,1,1,0.9994035
ກະຕ່າຍ,1,1,1,0.9911527
d ດີ,1,1,1,0.99964166
ແອັບຫາເຮັດຫຍັງກະບໍ່ໄດ້,0,0,0,0.9996178
ສູ່ຊີວິດ,1,1,1,0.99946004
ແອັບຯດີມີຄຸນນະພາບ,1,1,1,0.999433
ສະດວກສະບາຍບໍ່ຕ້ອງໄປທະນາຄານກະໄດ້,1,1,1,0.9995778
ຂອ້ຍມັກຫລາຍແອັບນິ້,1,1,1,0.99903786
ສະຫຼວກອືກແບບ,1,1,1,0.99209267
ນາງພັດທະຢາ,1,1,1,0.9982003
ກາກກ,0,0,0,0.9991672
ໄດຢູ່,1,1,1,0.99804676
ດີໄຈທີໄດ້ຫຼີ້ເຄື່ອງນີ້,1,1,1,0.9996288
ຫລິ້ນເກມຫຍັງບໍ່ໄດ້ເລຍຊ່ວຍແກ້ໄຂແນ່ອັບເດດໃຫມ່ກະຄືເກົ່າ,0,0,0,0.999529
ອັບເດດມາຫລີ້ນກະບໍ່ໄດ້ໂຕເກົ່າດີກວ່ານີ້,0,0,0,0.9995908
ເຂົ້າເພືອຊົມຂ່າວສານ,1,1,1,0.99678373
ແອັບເຂົ້າບໍ່ໄດ້ມີແຕ່ເດັ້ງຂ້ອຍບໍ່ໄດ້ຊື້ເລກມາ3ງວດແລ້ວງວດນິຍັງບໍ່ໄດ້ຂ້າພະເຈົ້າສິໄປໃຊ້ຂອງສາຂາອື່ນສາຂານິໃຊ້ມາສິເຂົ້າປີ1ແລ້ວປັບປຸງແນ່,0,0,0,0.9996711
ມັກ ຖືກໃຈ,1,1,1,0.9996252
ຍອນຍັງວັດແອບຈືງລຶບອອ່ງນະ,1,1,1,0.9965233
ງາຍໆດີໃຈ,1,1,1,0.99952435
ໃຊ້ງາຍໃດ້ໃຈ,1,1,1,0.99917847
ມັນລົງທະບຽນໂຄດພໍ່ໂຄດແມ່ມັນແນວໄດເກາະທາງເຟສກະບໍ່ໄດ້ທາງບັນຊີກູເກີ້ນກະບໍ່ໄດ້ ເຮັດໃຫ້ມັນເຂົ້າໃຊ້ງ່າຍໆກວ່ານີ້ບໍ່ໄດ້ຫວາຮ່າແດກສູ,0,0,0,0.99974483
ຢ1ຟຸຕ,1,1,1,0.9887988
ເລ່ນມວ່ນຫາຍ,1,1,1,0.99615306
ຍາກໄສີອັນນີ,1,1,1,0.9991066
ຮູ້ສະບາຍໄນຫລາຍໆແນວເມືອໄດ້ມານໍາໄສແອບນີ້,1,1,1,0.99949265
ຍ້ອມຮັບຕາມຂໍ້ກໍານົດ,1,1,1,0.9964551
ໃຊ້ງານດີມາກໆໆເລີຍ,1,1,1,0.99960643
ຟິກ,1,1,1,0.9968273
ສັນຍານເນັດເຕັມແຕ່ເຂົ້າໄປໃນແຊັດບອກວ່າບໍ່ເຊື່ອມຕໍ່ເນັດວ່າຊ້ານແກ້ໄຂໃຫ້ແນ່,0,0,0,0.9993013
ລະຫັດບໍ່ສົ່ງ,0,0,0,0.999445
ດີຫລາຍຮັບບັດສ່ວນລົດເລກແນະນໍາ 14029092,1,1,1,0.9995523
ດີເກິນຈົນເປີດກ້ອງບໍໄດ້ເລີຍ,1,1,1,0.99959236
ຂ້ອຍມີແຟນແລ້ວເດີ,1,1,1,0.998844
ກ່ອນຊິເຂົ້າຫນ້າແອຟຊ້າແຮງ ທັງໃຊ້wifi ແລະໃຊ້ເນັດໂທລະສັບ ລະບົບຫມູນຊາມເຂົ້າໄດ້ເກືອບ30ວິນາທີ ເວລາເຂົ້າໄປແລ້ວບາງຄັ້ງໂອນເງິນກໍ່ບໍ່ໄດ້ປັບປຸງໃຫ້ດີກວ່າເກົ່າແນ່ເດີເຈົ້າ,0,0,0,0.9994116
ອະໄລກໍ່ດີເສຍແຕ່ເງີນມີຫມ້ອຍ,1,1,1,0.9988004
ທ່າປ່າກໍາຫາຼຍ,1,1,1,0.9977569
ຂ້ອຍມັກແລະໃຊ້ມາຫລາຍປີແລ້ວ,1,1,1,0.99937373
ແອັບຫລີ້ນດີ,1,1,1,0.99903786
ຈົນ,1,1,1,0.9980083
ເຂົ້າບໍ່ໄດ້ຄວາຍ,0,0,0,0.99966395
ດີຫລາຍເອົ້າໃຫ້5ດາວເລີຍ,1,1,1,0.9996402
ໃຊ້ສະດວກສະບາຍດີໂອນໄວທັນໃຈ,1,1,1,0.9996526
ໃຊ້ງານງາຍປອດໄຟມີaiເປັນທີ່ປືກສາຍ່າງດີ,1,1,1,0.9993845
ປເ ວ,1,1,1,0.99306935
ນັກຮຽນຂັ້ນປະຖົມນົມເຜື່ງຕັ້ນເຕົ້າ,1,1,1,0.9652504
ສະອາດດີບໍ,1,1,1,0.9992387
ເປັນແອັບທີ່ບໍ່ພ້ອມໃຊ້ງານເຕີມເນັດກໍ່ຍາກແອັບບັກແລະຄ້າງພັດທະນາໃຫ້ດີແນ່,0,0,0,0.999445
ຈຍນ້າຍາົຫົກ້ຍເຂາຈຍ,1,1,1,0.95036495
ຢາກຖືກຫວຍມາສ້າງ ບ້ານເຮືອນ,1,1,1,0.99895155
ດີມາກດີທິສູດເລີຍ,1,1,1,0.9996207
ເພາະວ່າດີ,1,1,1,0.9996288
ຍັງຮັກຄືເກົ່າ,1,1,1,0.99908364
ໃຊ້ຍາກ ຄວນເບິ່ງຄືນ,0,0,0,0.9981067
ເຮັດໃຫ້ເຮົາຮູ້ຈັກໂລກກວ້າງຂື້ນ ຮູ້ເຫດການທີ່ເກີດຂື້ນໄດ້ໄວ້ກວ່າເກົ່າ,1,1,1,0.9991239
ແອບຫ່ານີເຂົ້າມັນກະວ່າບໍ່ສາມາດເຊື່ອຕໍ່ກັບອິນເຕີເນັດແອບດີແຮງເນັດຫຍັງເບິ່ງຢູ່ທູບໄດ້ເນັດກະບໍ່ເບີດອີກແບບນີ້ໄປໃຊ້ຂອງພັດທະນາຍັງສິບໍ່ດີກ່ອນບອກແອບກາກໂພດໃຫ້1 10,0,0,0,0.99965334
ຂອບໃຈເດີທີມີໂມຈາ,1,1,1,0.9995652
ກໍ່ດີນະໄດ້ຮູ້ຈັກເພືອ່ນຫລາຍຂື້ນ,1,1,1,0.9995372
ການໄຫ້ຄະແນນໄວ,1,1,1,0.99924314
ໃຊ້ຄັກຫຼາຍ,1,1,1,0.9995908
ບໍ່ເຫັນສ່ງດາຕ້າມາເຮັດກິຈະກໍາກະເຮັດແລ້ວກາກກຫລາຍ່0ເອີ.,0,0,0,0.9990545
ລະບົບຂັດຂ້ອງຕະຫລອດສາເຫດເປັນຍ້ອນຫຍັງ,0,0,0,0.9991048
ໂອຍຍກູລະຫົວຈະປວດຍ້ອນແອບພີບ້າອັນນີ້ປັບປຸງໄດ້ກະປັບແນ່ສາເດີກູລະສຸດຈະທົນ,0,0,0,0.99918956
ສົນໃຈລົດ,1,1,1,0.9992446
ນ້ໍາຝົນ ຄໍາພສ,1,1,1,0.99407744
ກວດກາເປີດເບີ່ງບັນຊີລ້າຊ້າບໍ່ວ່ອງໄວສັນຍານມີຈໍາກັດຫລາຍ,0,0,0,0.9991689
ອ້າຍຄໍາຜອງ ສາຍເດັກຕີເກມ,1,1,1,0.79085356
ຮັນເດີ,1,1,1,0.9924959
ເຈັງສາວໆຫນ້າຮັກພຽບຄັກຖືກໃຈຫລາຍ,1,1,1,0.9994418
ລະຫັດotpກໍ່ບໍ່ສົງມາ,0,0,0,0.99928194
ລົງທະບຽນໂຄດຍາກຊື່ເຂົ້າລະບົບໃສ່ແນວໄດກະບໍ່ໄດ້ປັບປຸງແດ່,0,0,0,0.99977916
ຂອງເຂົາດີ.ໆ.,1,1,1,0.99961334
ດີທີ່ມີມັນງາຍແລະສະດວກໃນການສົນທະນາກັບທຸກຄົນ,1,1,1,0.99957937
ຄະແນ່ນ5ດາ,1,1,1,0.9898892
ຫຼີ້ນເກມບໍ່ໄດ້,0,0,0,0.9971827
ແກ້ໄຂໃຫ້ແດ່ ດ່ວນ ຕອນນີ້ບໍ່ວາມາດເຂົ້າໃຊ້ງານໄດ້ນະ,0,0,0,0.99802387
ດນຸ,1,1,1,0.9964688
ຫິ້ຼນງ່າຍທັນໃຈສະດວກສະບາຍຢ້ງມ,1,1,1,0.9995827
ຄິດຮອດເດີ,1,1,1,0.9988883
73403394 ໃສ່ເລີຍ,1,1,1,0.99909425
ໂຫລດຍາກ,0,0,0,0.9994407
ເຍ້ຄສ້ຮຍ,1,1,1,0.9811488
ດີຫລາຍ ແຕ່ຖ້າອອກບິນໃຫ້ລູກຄ້າໄດ້ຈະເປັນການດີ ເພື່ອຄົນທີ່ຕ້ອງເຄລມບິນຄືນໃຫ້ບໍລິສັດ,1,1,1,0.9995345
ດີແລວ,1,1,1,0.99963593
ພູມໃຈແລະຂອບໃຈທີ່ປະເທດລາວເຮົາມີທະນາຄານທີ່ທັນສະໄຫມແລະສະດວກສະບາຍ ຄົງຊິບໍ່ເຮັດໃຫ້ລູກຄ້າຜິດຫວັງເລື່ອງມິດຊາຊີບແຮັກຂໍ້ມູນຄວາມປອດໄພແລະເອົາເງິນໄປໃນທີ່ສຸດ.,1,1,1,0.9995016
ຫ່ວຍແຕກຫລາຍກະລຸນາປັບປຸງແນ່,0,0,0,0.9992372
ໂຫລດມາສະຫມັກກະບໍ່ໄດ້ແລ້ວຊິໃຫ້ໂຫລດມາສະຫມັກເພື່ອຫຍັງ,0,0,0,0.99971646
ສະມັກໂຄດຍາກລູກອີກະຫລີ,0,0,0,0.9987864
ດີຊາຍ ຢງມ,1,1,1,0.9995745
ວັນເວລາ,1,1,1,0.9924666
ໄມ່ທະນັດ,1,1,1,0.99509466
ຕັ້ງບໍ່ໄດ້ເອົາເບີຕັ້ງຮອດສາມເບີແລ້ວຍັງບໍ່ໄດ້,0,0,0,0.999765
ຕອນແລກໃຊ້ດີພໍອັບເດດໃຫມ່ເຂົ້າເບີ່ງຫຍັງກະບໍ່ໄດ້ອັບເພື່ອ.,0,0,0,0.99922824
ໃຊ້ງານງ່າຍໃຊ້ງານດີ,1,1,1,0.99952257
ແອບນິຍຸງຍາກຫລາຍຫລົງທະບຽນແລ້ວບອກວ່າຫຍັງບໍ່ຫລົງແອບກະກາກໆສະຫມອງສູເຈົ້າເຮັດໄດ້ແຕ້ສໍານິຫວາຈະເລີນແລ້ວປະເທດ,0,0,0,0.9997098
ຖື່ວ່າດີນັກເຂົ້າແລ້ວບໍ່ຢາກອອກ,1,1,1,0.99731654
ຊິດີກວ່ານີ້ຖ້າໂທຟີ,1,1,1,0.9983059
ຂ້ອຍຕ້ອງໃຫ້ຮອດເປົ້າຫມາຍ,1,1,1,0.9989617
ລົງທະບຽນບໍ່ໄດ້ເປັນຫຍັງວ່າທາບໍ່ແກ້ໄຂ່ຈະບໍ່ໂຫຼດຈະບອກຄົນອື່ນຕໍ່ຕໍ່ວ່າຍາບໍດີໂຫລດໄຫດາວ1ຜໍ,0,0,0,0.9995876
ຮູ້ມີຄວາມສຸກ,1,1,1,0.9996526
ຢາກໄຫ້ເຕີມເງີນດ້ວຍບັດເຕີມໄດ້ ເພື່ອຜູ້ທີ່ບໍ່ສະດວກໃນການເຕີມຜ່ານຊ່ອງທາງອື່ນ.,1,1,1,0.9990656
ໃຊ້ດີແທ້ເດີຂໍບອກ,1,1,1,0.9996302
ກະໂອຢູ່,1,1,1,0.9964619
ສຸດຍອ່ດ,1,1,1,0.9956006
ເຂົ້າແອບຄືບໍໃດ້ນໍ?,0,0,0,0.99881905
ໃຫ້ສີດາວກ່ອນໃຊ້ຄັກໃຫ້5ເລີຍ,1,1,0,0.945248
ດີຢູ່ແຕ່ວ່າເວລາຕັ້ງໃຫມ່ແລ້ວບໍໄດ້ເນັດ,1,1,1,0.9995876
update ດຸໂພດ,0,0,0,0.99830914
ເປັນແອັບທີ່ມີບັນຫາຕະຫລອດ,0,0,0,0.9976495
ເອີ້ນລົດຍາກໂພດ ກວ່າຊິໄດ້ລົດມາຮັບກົດເປັນ 20 ເທື່ອ ທັງໆທີ່ເຫັນລົດແລ່ນກາຍໄປກາຍມາຢູ່ ແຕ່ບໍ່ມີຄົນກົດຮັບ,0,0,0,0.99952626
ອຄນໂດ້,1,1,1,0.99372226
ໄດ້ແທ້ແຈກຈິງ,1,1,1,0.9994023
ສະດວກ ສະບາຍ.ທີ່ສຸດຂອງແອັບຂົນສົ່ງ,1,1,1,0.9996178
ຕິດຕັ້ງແລ້ວບໍ່ໃດຮັບຢູ່ພອຍ,0,0,0,0.99802387
ສະດວກສະບາຍດີຫລາຍ,1,1,1,0.99962664
ໂຍດ,1,1,1,0.9948704
ໄດ້ແທ້ບໍ,1,1,1,0.99794525
ມ່ວນຫມາກໆຈ່າ,1,1,1,0.9995851
ດີຂໍຖາມເຈົ້າແດ່ເວລານີ້ເຈົ້າເຮັດຫຍັງຢູ່,1,1,1,0.99933845
ຂອຍມັນໄຊວອດແອັດທີສຸດ,1,1,1,0.9956091
ຊ່ວງນີ້ລະບົບມີບັນຫາແຮະ ຂະຫນາດແບ່ງປັນແລ້ວກະບໍ່ໄດ້ດາຕ້າ,0,0,0,0.99955755
ໄດ້ເຮັດບໍ່ຫາລາຍ,0,0,1,0.99731654
ໄດ້ໂທ ໄດ້ແຊ້ດຫາ ຄອບຄົວຫມູ່ຄູ່ຄົນຮັກປລະອື່ນໆ,1,1,1,0.9985335
ອ້າຍຈົນນ້ອງຖົນໄດ້ບໍ່ຖາຖົນໄດ້ .ອ້າຍຮັກຕະລອດຊີວິດ,1,1,1,0.99890125
ມັນຊ່ວຍໃຫັຫລາຍໆຄົນໃດັມີຄວາມຮູ້ເພີມເຕີມແລະຊວ່ຍໃຫັຮູ້ຮອບໂລກສຸດຍອດເລີຍນອກນັ້ນຍັງຊ່ວຍໃຫັຮູ້ຂາວສານໃນປະເທດແລະຕ່າງປະເທດຊວ່ຍປະກອບໃຫສາມາດໂທຫາກັນ ແລະັໃກັສິດກັນຕື່ມ,1,1,1,0.9991704
ເສຍດາຍຢ່າງຫນຶ່ງເອີ້ນລົດຢາກໆ,0,0,0,0.9478657
ເຂົ້າບັນຊີຕອນໃດໃຫ້ອັບເດດຕະຫຼອດ,0,0,0,0.99961627
ໃຊ້ງານດີສຸດຍອດ,1,1,1,0.9996244
ດີຫລາຍແອັບນີ້ສຸດຍອດເລີຍພັດທະນາຕໍ່ໄປເດີຢູ່ຄຽງຂ້າງສັງຄົມລາວຕະຫລອດໄປເດີອີກຢ່າງຮູບໂຊມຮຸ່ນໃຫນ່ນີ້ໂຄດງາມເລີຍ,1,1,1,0.9993345
ລອງໄຊ້ກ່ອນເດີ ແລ້ວຊິມາໃຫມ່,0,0,0,0.99749833
7ເຫັນດີ,1,1,1,0.99944824
ດິມາດເລີຍ,1,1,1,0.9980882
ດີດີມາກມາກ,1,1,1,0.99961996
facbook ໄຫ້ຄະແນນແອັບນນິ 25 2020 13 52.,1,1,1,0.9826909
ນສງດາສີສີວິໄຊ,1,1,1,0.9981104
ເຂົ້າຊ້າໂພດ,0,0,0,0.9997142
ສະດວກ ຊື້ງ່າຍ ຫຼາຍຊ່ອງທາງຈ່າຍເງິນ ແອັບງາມດີ,1,1,1,0.9995915
ເຂົ້າບໍ່ໄດ້ ເຂົ້າແລ້ວແອັບມັນເດັ້ງອອກ,0,0,0,0.9997546
ສຸດຍອດທີ່ໄດ້ເກີດເປັນມະນຸດ,1,1,1,0.999577
ໄຊ້ງາຍ,1,1,1,0.99871576
ໃສດີ ດີດີດີ,1,1,1,0.99961627
ແອັບເນົ່າ,0,0,0,0.9348725
ມັນກົດຊໍາລະຄ່າໄຟບໍ່ໄດ້ກວດສອບແດ່,0,0,0,0.99937123
ໃສ້ດິ,1,1,1,0.998698
ຢາກຫີ້ຼນ,1,1,1,0.9990872
ວ່ອງໄວເຂົ້າໃຈງ່າຍແລະທີ່ສໍາຄັນມີໂບນັດຄູນ2ອິກຕື່ມ,1,1,1,0.9994461
ແສງທອງ,1,1,1,0.9989287
ຂອ້ຍຕ້ອງການເປີດbcel one,1,1,1,0.9977083
ຂອບໃຈຈະຮັກສາfacebookດີໆ,1,1,1,0.99957937
ຂອບໄຈສໍາລັບແອັດດີໆ,1,1,1,0.99955136
ດີຫລາຍມ່ວນຊື່ນ,1,1,1,0.9996711
ໄວທັນໃຈ ຕ້ອງອານຸສິດ ໃຊ້ແອັບນີ້ດີແທ້ໆ,1,1,1,0.9996087
ເອົ້າ2ດາວໄປກ່ອນເພາະຕັ້ງຫຍັງບ່ໍໄດ້ເທືອ,0,0,0,0.99929583
ຍືດເວລາ,1,1,1,0.9597998
ຢາກໃຫ້ມີການໂອນເງີນຕ່າງທະນາຄານໃນແອັບນີ້ໄວໆ,1,1,1,0.9989454
ເອົາໄປລ້ານໄລນ໌,1,1,1,0.98264104
ແອັບຍອດຮີດ,1,1,1,0.99854773
ເກັ່ງສຸດ,1,1,1,0.99958676
ໄຊມີສາ,1,1,1,0.9995652
ຂໍໃຫ້ລາວແອັບທໍາງານໃຫ້ລູກຄ້າໄດ້ຜົນດີດວ້ຍນະ,1,1,1,0.9994746
ມີຫານອາຫານຫຼາຍແລະແຊບ,1,1,1,0.9988463
ສຸດຢອດມາກຄ່ະ,1,1,1,0.99933714
ແອບຄົນລາວຈະໃດກະດີ,1,1,0,0.98238933
ລິນໄດ້ດີມາກໆ,1,1,1,0.9995728
ໃຊ້ຢູ່ດີໆ,1,1,1,0.9995627
ໂທລະສັບຂ້ອຍລະບໍໄດ້ເຮັດຍັງມີແຕ່ໂຄສະນາຝຸດແຝນດານາທີລະສອງສາມເທື່ອກະໂພດຕີບໍຢາກຮ້າຍ,0,0,0,0.9994418
ຕ້ອງປັບປຸງ ພະນັກງານຂັບລົດລາວຄົນແດ່ ເອົາປຽບລູກຄ້າ ເສັ້ນທາງໃກ້ຯບໍ່ໄປ ເຂົ້າພາໄປທາງໄກເພື່ອເພີ່ມເງິນຈາກລູກຄ້າ ລາງຄົນເຮັດໃຫ້ລູກຄ້າມາຮຽກບໍ່ທັນ ບາງທີພາໄປສົ່ງສະຖານີລົດເມໄປບໍ່ທັນແຫ້ງທີ່ທາງໃກ້ມີບໍ່ພາໄປ ພາໄປທາງອ້ອມຈົນລົດອອກຄິວກ່ອນ,0,0,0,0.999188
ໃສດີ,1,1,1,0.9996388
ວ່ອງໄວທັນໃຈ,1,1,1,0.9996302
ແອັບນີ້ໃຊ້ດີແຈກແທ້ ພຽງແຕ່ໃສ່ລະຫັດຂອງເຮົາ14680836 ກະສາມາດໄດ້ເງິນຄືນທຸກຄັ້ງ,1,1,1,0.99927634
ແອກາເຣັກໄຟ,1,1,0,0.6350527
ຫັດເທລິດາ,1,1,1,0.99622726
ຂັດຂວາງການໃຊ້ແອບມາຍຢູນີເທວເຮັດຫຍັງ,0,0,0,0.99650973
ດີຫຼາຍໃຊ້ງ່າຍແລະມີເກມໃຫ້ລຸ້ນໂຊກທຸກວັນອີກມັກຫຼາຍແອບນີ້,1,1,1,0.99959713
ໃຊ້ດີຫລາຍໄດ້ເງີນໂປໂມຊັ່ນຟຮີ.ມື້ລະ5000ກີບ,1,1,1,0.999539
ແອັບນີ້ໄຊ້ດີໂດຍສະເພາະບໍ່ມີເງິນເຕິມເນັດ,1,1,1,0.9994735
ແອບໂຄດກາກກອັບເດດດໃຫມ່ເທາະ,0,0,0,0.99969935
ຂອບຂໍໃຈ,1,1,1,0.99959713
ລີນດາ,1,1,1,0.9976357
ໃຊ້ບໍລິການແລ້ວຕອບໂຈດໄດ້ດີ,1,1,1,0.9995408
ໄຊ້ງາຍແລະໄວ,1,1,1,0.99947053
ເຮົາຕ້ອງການໄສ້ແອບນີ້,1,1,1,0.9990601
ສັນ ຜູ້ ເຂົ້າ ຊົມ ໃຊ້ ໄຟຟ້າ ນ້ໍາ ຂອງ ທີ່ ໃຊ້,1,1,1,0.99635005
ສົງທ້າຍປີເກົ່າ,1,1,1,0.97369474
ແກ້ໄຂແນ່ເດີ້ ບັງຄັບໄຫ້ຜູ້ຊົມໄຊ້ລົງທະບຽນຫາກເຮັດແອ໊ບອອກມາບໍ່ໄດ້ເລື້ອງໄຊ້ຍາກ,0,0,0,0.99861693
ຍອດເຍີຍມ,1,1,1,0.99951684
ແອັບເຂົ້າໃຊ້ບໍ່ໄດ້,0,0,0,0.99941957
ອັບເດດໃຫມ່ລະບໍ່ມີເກມຫລີ້ນໂຄດເຊັງ,0,0,0,0.9994777
ນັດ,1,1,1,0.99356186
ໂທຟີໃດ້,1,1,1,0.99615306
ກະດີຢູ່ແຕ່ບໍ່ຄ່ອຍສິໄດ້ດຕ້າເອົາສອງດາວພໍຖ້າອັບໃຫ້ດີຂຶ້ນຈັ່ງສິໄຫ້ຫ້າ,0,0,0,0.9557341
ເລືອງມືນິ້,1,1,1,0.9882902
ນາງນູ່ວ່າງ,1,1,1,0.9977393
ນັສາມາດຄັນສາ່,1,1,1,0.99799275
ສຸດຍອດໃຊ້ໄດ້ດີຫລາຍວອງໄວທັນໃຈ,1,1,1,0.99961996
ທານີດ,1,1,1,0.9977482
ອັດເດດລະຄື ເຂົ້າດົນແທ້ ກໍາລັງກວດສອບສິດ ເປັນຊົ່ວໂມງລະນີ,0,0,0,0.9995745
"ພະອສາງວາເຫົພິມອອກດຸຄຟຟພະໃນງວດ ແ.ວາຈະຫາ,",1,1,0,0.9887988
ຟາມໄກ່ຊີພີນາສາລາ,1,1,1,0.9948001
ປັບປຸ່ງແອບໄຫ້ດີກອນນີ້ແດ່ອານິ້ລະຫລີ້ນໄປຫລີ້ນມາເດັ່ງອອກເອ່ງກອນຊີໄດ້ຈົນເຈັບຫົວນໍາ,0,0,0,0.99866986
ຊື່ຊື່,1,1,1,0.9911527
ຫລິນມວນຫລາຍລິນດີເອົາໄປເລີຍ5ດາວ,1,1,1,0.99693066
ສະນຸກ ຮູ້ຖືກຂ່າວສານຕ່າງໆ,1,1,1,0.99936634
ແອບບ້າຫຍັງຍາມໃດກະແຈ້ງໃຫ້ອັບເດດຫາກະອັບເດດແລ້ວເຂົ້າແອບພັດແຈ້ງໃຫ້ອັບເດດອີກລະ,0,0,0,0.9997347
ດີທີ່ສຸດ,1,1,1,0.99966204
ຊ້າເກີນໄປ,0,0,0,0.9989183
ດີໃຈນໍາແລ້ວ,1,1,1,0.9996388
ພພຸກໍາ,1,1,1,0.9930962
ໃຊ້ດີຫລາຍmessenger,1,1,1,0.99962664
ແອັບຂີມ້າແອັບປັນຍາອອນ,0,0,0,0.99780446
ຖຶກໃຈ,1,1,1,0.9992022
ຖືກແລ້ວບໍ່ເຫັນໂອນເງີນໃຫ້ຫລືຕ້ອງເຂົ້າໄປເອົາເອງຢູ່ສູນບໍ,0,0,0,0.99827933
ເຂົ້າລະບົບກວດເບີ່ງເລກທີ່ຊື້ກະບໍ່ໄດ້ຈັກແມ່ນຫຍັງ,0,0,0,0.99948066
ຂອບໃຈ ທີ່ມີ ໂລກາ ບໍລິການ ຕະຫລອດ24ຊົ້ວໂມງ,1,1,1,0.9992889
ລົງທະບຽນກາຍາກຫມາບໍ່ແດກ,0,0,0,0.99968493
ຝັນວ່າຖືກເລກຈາກແອັບໂຊກໄຊ ແຕ່ກະເປັນໄດ້ແຕ່ຄວາມຝັນ ຂໍໃຫ້ແອັບໂຊກໄຊຊ່ວຍເຮັດສານຝັນຂອງຂ້ອຍໃຫ້ເປັນຈິງແນ່,1,1,1,0.9982003
ດີຫຼາຍໃນການນໍາໃຊ້ແອບ,1,1,1,0.99963593
ມຸນຍາມໃດກະຖືກແຕ່ຝັງເພງຕະລອດບາງເທືອກະແຄ່20ເມັກທໍ້ລະໃດແກ້ໄຂແນ່ເດີ,0,0,0,0.99966526
ເດັງອອກເອງ,0,0,0,0.9991221
ເພື່ອນ ເກົ່າ,1,1,1,0.9985018
ດີຄຣັບ,1,1,1,0.9996288
ເຕີມບັດກະບໍ່ໂອນພ້ອຍກະບໍ່ໄດ້ຮ້າຍຫຼາຍ,0,0,0,0.9996935
ແອັບບໍ່ຄ່ອຍ ສົມບູນເວລາອອກ ແລ້ວກັບເຂົ້າແອັບຄືນ ມັນເປັນຈໍສະແດງຜົນເປັນສີຂາວຫມົດຫນ້າຈໍ.,0,0,0,0.9992237
ທຸກໆມື້ຂອງມື້ນີ້ ລ້ວນແຕ່ດີຫມົດ,1,1,1,0.99915576
ແມ່ນການປະເຊີນຫນ້າກັບບັນຫາແລະຄວາມຈິງ,1,1,1,0.9991391
ໂຄສະນາຫລາຍເກີນໄປ ລົບກວນເວລາ,0,0,0,0.9994766
ເຮັດແອບກະເຮັດໃຫ້ດີແດ່ ຖ້າຢາກໃຫ້ຄົນໃຊ້,0,0,1,0.9940544
ໃສ່ໄດ້ດີ,1,1,1,0.9996147
ຄົນຄູມີຄົນ,1,1,1,0.99808455
ເຮັດຫຍັງໂພດຫຍັງໄປທັ້ງໆທີ່ບໍ່ແມ່ນຮູບປະເປີຍບໍ່ແມ່ນຮູບໂປ້ກະປິດກັ້ນຜິດກົດຊຸ່ມຊົນ ໃຊ້ງານລ່າຊ້າ ປັບປຸງດ່ວຍມາອີກໂພດຮູບລະຄືໂພດໄດ້ແຕ່ຮູບດຽວຫລືວິດີໂອດຽວນັບມື້ນັບໃຊ້ງານບໍ່ຄັກເນາະ,0,0,0,0.99973875
ເບື່ອສຸດ,1,1,0,0.9972262
ດີເລິດ,1,1,1,0.9996526
ດີໆໂທຟີຮ,1,1,1,0.99959713
ຂໍໃຫ້ມີຄວາມຈະເລີນ ແລະ ມີຄວາມສຸກ ໃນການໃຫ້,1,1,1,0.9995859
"ການຄັ້ງຄາ face book ຍາກຫຼາຍ.? ຍຶດສົ່ງລະຫັດຜ່ານ ກໍາພິມສົ່ງໄປແລ້ວຕາຍຄັ້ງ ຫຼາຍເທື່ອ ກໍາບໍ່ໄດ້ ຍອກໃຫ້ລອງແລ້ວ.ລອງອີກແລ້ວຫໍ່ບໍ່ເຊື່ອ ບໍ່ຢັ້ງຍືນໃຫ້ , ຖາມຫາແຕ່ລະໃຫມ່ຕະລອດເລື້ອຍໆ ຊິໃຫ້ເອົາມາແຕ່ໃສ່.? ອີກ.? ຄັນຍາກຫຼາຍກະຈະບໍ່ໃຊ້ແມ່ມັນດອກ.? ການຈະໃຫ້ຄະແນນກໍ່ຕ້ອງຕັ້ງຄາໄດ້ແລ້ວສົມບູນ .? ຄັ້ງຄາບໍ່ໄດ້ຈັກເທື່ອ ຍາມໃດກໍ່ຄ້າງຢູ່ຕະດ້ວຍ.?",0,0,0,0.99963737
ໃຊ້ງານງ່າຍ ສະດວກສະບາຍຫຼາຍ,1,1,1,0.9996118
ໂຄດກາກ ຢາກໃຫ້ລົງທະບຽນແຕ່ບໍ່ສົ່ງລະຫັດມາໃຫ້ ຄວຍ,0,0,0,0.9997209
ໄຊ້ຍາກໂອນກະຍາກ,0,0,0,0.9984603
ແກ້ໄຂແນ່ຄວນປ່ຽນຊື່ເປັນພາສາອັງກິດໄດ້ກັບບ່ອນຮູບແທ້ຄວນໃສ່ຮູບຖ່າຍໄດ້ຖ້າແກ້ໄຂແລ້ວສິໃຫ້5ດາວ .ຂໍຂອບໃຈ,0,0,0,0.9952632
ພຸດແພງ,1,1,1,0.99953544
ດີແລະສະບາຍງ່າຍຊ່ວຍໃດ້ຫລາຍ,1,1,1,0.99961334
pointມີຫຼາຍສໍາໃດກໍແລກບໍ່ໄດ້ຫັຍງເລີຍ?,0,0,0,0.99784684
"ໄກ່ກະຕາກ,ປາກເຊ.f.c3",1,1,1,0.60809964
ເປັນຄົນຈໍາຫຍັງບໍ່ຄ່ອຍໄດ້.ຜິດພາດຫຍັງໄປກະຂໍອະໄພເດີ,1,1,0,0.9970708
ແນະນໍາເດີ ວ່າທີ່ເກມຊ້າງຄໍາ ແມ່ນຫຍັງຫວະອົດສາຫລິ້ນມາໄດ້ອັນດັບທີຫລາຍ ໃກ້ສີຮອດມື້ ໄດ້ລາງວັນ ແມ່ງເອີຍ ເຂົ້າຫລີ້ນ ລະບໍ່ໄດ້ ວ່າແຕ່ ອຸ່ຍ ມີບາງຢາງຜິດພາດ ບາດມີຄົນອື່ນຫລີ້ນໄດ້ ຫລາຍຮອບ ເປັນຕັ້ງວ່າ200ປາຍຄັນບໍ່ແຈກແທ້ກະແນະນໍາເອົາອອກ ສາເດີ ເຮົາເປັນຫນລູກຄ້າມາເປັນ10ປີ ພະຍາຍາມຫລີ້ນ ແຕ່ເປັນແບບນີ້ຕລອດ ກາກໂພດ ຕວະເກ່ງອີກ,0,0,0,0.9986878
ຕັ້ງເນັດເຮັດແນວໃດແອັບໂຕໃຫມ່ນິ,0,0,0,0.999071
ຢາກສີ້,1,1,1,0.9993068
ເຂົ້າແອບຊ້າ,0,0,0,0.9995802
ເກືອບສິດີ,1,1,1,0.99545276
ໃຊ້ງານບໍ່ດີ,0,0,0,0.9987005
ດີຫຮາຍໆເດ,1,1,1,0.999608
ເປັນຫຍັງຄືລົງທະບຽນ ຊິມບໍ່ໃດ້ ແອັບເປັນຫຍັງນໍ,0,0,0,0.9993068
ໂຕເກົ່າຄັກແລ້ວໂຕໃຫມ່ມາບໍ່ເປັນຕາສະແຕ່ກຂໍລົບເດີ່ບໍ່ໄຊ່ແມ່ມັນດອກ,0,0,0,0.9988098
ແອັບກາກແສັດຫາຜູ້ສາວກະບໍ່ຕອບ,0,0,0,0.9996724
ຫຍຸ້ງຍາກ ເຂົ້າກະຍາກ ລົງທະບຽນເຂົ້າໄປແລ້ວ ກະກັບມາຫນ້າລົງທະບຽນຄືເກົ່າ ເຂົ້າໄປລົງທະບຽນຢູ່ສູນລໍ່ງ່າຍກວ່າຫວາແບບນີ້,0,0,0,0.99975747
ຢາກຮູ້ວ່າສິໃຊ້ເງິນໂບນັດໄດ້ແນວໃດ ສະສົມຮອດ3ແສນປາຍແລ້ວ ເອົາໃຊ້ແນວໃດ,0,0,1,0.9511422
ປ່ຽນໂປຣໄຟລ໌ລະຍັງເປັນຮູບເກົ່າແກ້ດ່ວນ,0,0,0,0.9994917
ດີແຕ່ຢາກໃຫ້ພັດທະນາໄປເລື້ອຍໆເດີ,1,1,1,0.99957615
ຢາກໃຫ້ຊື້ທາງທະນາຄານການຄ້າໄດ້ນໍາແນ່ເດີ້,1,1,1,0.99910307
ສຶກສາກ່ຽວກັບໂຄງສ້າງຂໍ້ມູນລັກສະນະທາງສັງຄົມຂໍຖືກສ້າງຂຶ້ນໃນ,1,1,1,0.99731654
ດີຍຽມ,1,1,1,0.9996147
ສົດ,1,1,1,0.99962294
ສ.ນກຸ,1,1,1,0.99349916
ຄວນແກ້ໄຂແອ໊ບໃຫ້ມີຄຸນນະພາບແດ່ຊ້າເກີນ,0,0,0,0.9970305
ດີກ ຮ,1,1,1,0.99964714
ຂຽນເບີໃສ່ຄືບໍ່ໄດ້1ໂຕ,0,0,0,0.9996711
ດີໃຈທີໄສ,1,1,1,0.9996486
ຄັນແທ້ໆ,1,1,1,0.99901116
ລົບຂໍມູນອື້ນ,1,1,1,0.9908213
ພໄຊໄດ້,1,1,1,0.9995426
ເຮົາຄົນບໍ່ມີນ້ໍາໃຈ ໃຜບໍ່ສົນ,1,1,1,0.99729556
ມັກແຮງງງ,1,1,1,0.9994579
ໃຊ້ສັນ,1,1,1,0.9993148
ເຢັງ,1,1,1,0.99648935
ບອກໃຫ້ອັບເດດແອັບ ແລ້ວໄດ້1gອັບເດດແລ້ວຄືບໍ່ໄດ້ ແອັບຂີ້ໂກ່ງ,0,0,0,0.9995778
ຄໍາ ປຸນ,1,1,1,0.9965436
ດີແລວ້,1,1,1,0.9996111
ຊົມເຊີຍ ດີຫຼາຍຈຶງສາມາດຕິດຕາມຂ່າວໄດ້ທັນເວລາ,1,1,1,0.99959785
ລອງໃຊ້ເບິ່ງກອ່ນຖ້າດີສິມາໃຫ້ເພີ່ມອີກດາວ,1,1,1,0.99572706
ຊອບໄຊ້,1,1,1,0.99909604
ອັບແດດໃຫມ່ເດີ້ໂຄດກາກ,0,0,0,0.9994887
ອັບເດດເວີ້ຊັ້ນໃຫມ່ແຮ່ງຮ້າຍກົ່ວເກົ່າເຂົ້າໄປແອັບພາສາລາວຮອດບໍ່ມີຂະຫນາດປ່ຽນພາສາແລ້ວຍັງເປັນພາສາອັງກິດຄືເກົ່າ,0,0,0,0.9997209
ເສຶອກ,1,1,1,0.9969957
ເຈຍລີ,1,1,1,0.99839586
ໃຊ້ດີຄຸ້ມຄ່າທີ່ເສຍ,1,1,1,0.99960107
ແກ້ວ ອຸດົມ,1,1,1,0.99955493
ເຂົາlaoappຕອນໄດຄຶມັກເຕຶອນແທໂອວາອັບເດດຜໍເຂົາອິອັບແທໆຄຶບໍມິບອນອັບເດດວາອິອັບເດດບອກໄຫ້ເປິດແອບອິຍັງວະງົງ,0,0,0,0.9989637
ມັກຫວຍມືຖື,1,1,1,0.99949956
1ດາວພໍເອີ້ນຫລາຍເທື່ອງອນແອັດ,0,0,0,0.9987551
facebookຊ້າຫລາຍ,0,0,0,0.9987081
ໂພດເຄື່ອງຊ້າແຮງເຮັດແນວໃດ,0,0,0,0.99924755
ໄຂ່ມຸກ,1,1,1,0.99712163
ຄັງໆ,1,1,1,0.9981756
ບໍ່ມີການແຈ້ງເຕືອນເວລາຂໍ້ຄວາມເຂົ້າ,0,0,0,0.99879813
ດີຫຼາຍເດີຊຸ່ມເຈົ້າພາກັນໂຫດໄວ້ໃສ່ເດີ,1,1,1,0.9996178
ໄຊ່ງານດີ້ມາກ,1,1,1,0.9995453
ພ້ອມ,1,1,1,0.99961555
ຮັກເຈົ້າ ຕອນເມົາ ນ່າຮັ,1,1,1,0.9994797
ອໄດ້ຈ,1,1,1,0.99584997
ແມ່ມັນຂັ້ນຕ່ໍາ20.000ວາດລວມຄ່າຈັດສົ່ງເກືອບ30.000ເຊົ່າໆແນວນິຂີ່ໄປເອງກະໄດ້,0,0,0,0.9994116
ຢູ່ສະບາຍ,1,1,1,0.99960726
ຄັກຫລາຍ.,1,1,1,0.9994967
ແອັບອີ່ຫຍັງ ມີແຕ່ເປັນພາສາອັງກິດຫມົດເລີຍ ອ່ານບໍ່ເປັນດອກໃສ່ໂຕໄທແນ່ ໂຕລາວກະໄດ້,0,0,0,0.999433
ຈຽງ ຄໍາແກ້ວບົວລະວົງ,1,1,1,0.9972262
ສ້າງຄູຊັ້ນກາງເລກ8ຫົວພັນ ບ ລຽດ,1,1,1,0.9946774
ໃຊ້ງ່າຍແອບນີ້ມັກຫລາຍ,1,1,1,0.9995627
ຢູ່ຊື່ໆກະເຂົ້າບໍ່ໄດ້ນໍຂີຮ້າຍແທ້ແກ້ໄຂດ່ວນແດ່,0,0,0,0.99966466
ເກືດວິໄຊ,1,1,1,0.99927205
ຖືກໃຈສຸດໆ,1,1,1,0.99957365
ແຈ່ມ,1,1,1,0.9982248
ບໍ່ຢາກຕັ້ງ,0,0,0,0.9911868
ຫມຸນວົງລໍ້ບໍ່ເຄີຍໄດ້ນິດມີແຕ່ແຊ,0,0,0,0.9990527
ເລັກ ເລັກ,1,1,1,0.99642736
ຮັກ bcel one ຫຼາຍ,1,1,1,0.99953353
ແອບນີ້ໃຊ້,1,1,1,0.9913223
ເລັກນອ່ຍ,1,1,1,0.99576014
ຂໍໃຫ້ຂ້ອຍດາວໂຫລດໄດ້,1,1,1,0.9994035
ຊື່ສານໃດ້ງ່າຍ,1,1,1,0.9983675
ສຸດຢອກ,1,1,1,0.99832886
ສົມພອນສີສຸວັນທອງ,1,1,1,0.99940586
ກາກຫລາຍປ້ອນເບີໃສເດັງອອກເອງ,0,0,0,0.9996252
ຮ່ວຍແຕກ,0,0,0,0.99953544
ດາວໂຫລດຍາກ,0,0,0,0.9994012
ຂໍ້ຄວາມເຂົ້່າແລ້ວມັນບໍ່ເຕື່ອນມີວິທີແກ້ໄຂແນວໃດ,0,0,0,0.99843913
ຍາກໃຫ້ແກ້ໄຂ້ ການເຂົ້າລະບົບ2ຊັນ ຄືບໍ່ສົ່ງມາໃຫ້ທາງເບີ ທັ້ງທີບັນທືກໄວ2ເບີ,0,0,0,0.99720997
ທ້າວພົດ ທ້າວພົດ,1,1,1,0.9681713
ກງດຕິສັກ,1,1,1,0.9951231
ລົງທະບຽນຢາກຫຼາຍ,0,0,0,0.9975799
ສຸດຍອດໃນການບໍລິການ. ດີສຸດຯເດີ້,1,1,1,0.9995745
ແອັບບໍ່ດີເທົ່າແອັບລາວໂທລະຄົມ ລົງທະບຽນກະ error,0,0,0,0.999666
ແອບນີ້ບໍຄັກ ລົງທະບຽນບໍເຫັນໄດ້ ອ່ອນຫລາຍ,0,0,0,0.9995939
ນອງຝົນໂຕເຕຍ,1,1,1,0.8136089
ຍັງເທືອຈາວ,1,1,1,0.99771273
ກູໂສດກູ ບໍ່ເຂົ້າໃຈ,1,1,0,0.9915707
ເບີຍ,1,1,1,0.9872528
ດີເກິນຢາກກິນຢູ່ໃສກະສັ່ງໄດ້ແນະນໍາແອບເຂົາດີ,1,1,1,0.9995819
ຫຼັງຈາກອັບເດດໃຫມ່ ບໍ່ສາມາດສົ່ງຄໍາເຊີນຫມຼ່ຕິດຕັ້ງໄດ້,0,0,0,0.9990073
ດີ ແຕ່ວ່າມີຫມູ່ໃນເຝດຫລາຍ ແຕ່ບໍ່ເຫັນຫມົດ,1,1,1,0.9995372
ຂົນສົ່ງໄວແຖມຖືກ,1,1,1,0.9968458
ຢ່າສະແດງອີກ,1,1,1,0.9954615
ໄຊດີລາຍ,1,1,1,0.99962735
ດີຊາຍ,1,1,1,0.99964786
ໂພດໂພໃຊ້ຍາກແທ້ໆ ພັດທະນາແດ່ເຢີ,0,0,0,0.9993358
ໄຊ້ດີຄົນນີຍົມໄຊ້ຫຼາຍ,1,1,1,0.999566
ຝຊ້ດຮ,1,1,1,0.9911355
ຊື້ງ່າຍຈ່າຍໄວອີຫລີ ໃຜໂຫລດແລ້ວໃສ່ລະຫັດໃຫ້ແນ່ເດີ້ 78704981,1,1,1,0.9989034
ເປິດຢູ່ຄອມບໍ່ໄດ້,0,0,0,0.9989759
ສະດວກສະບາຍມີຄວາມທັນສະໄຫມ,1,1,1,0.9996331
ໂອນເງິນໄດ້ສະດວກສະບາຍ,1,1,1,0.99960023
ຄອບໄຈທີ່ໄດ້ໄຊ່ບ່ລີການ,1,1,1,0.9992267
ສັ່ງຍາກ,0,0,0,0.99936634
ໃຊ້ງ່າຍສະດວກສະບາຍ,1,1,1,0.9996395
ຂະຫນາດຊື້ໂທລະສັບໃຫມ່ຍັງເຂົ້າບໍ່ໄດ້ເລີຍ ແອັບດີຢູ່ແຕ່ມັນຊ້າ ບໍ່ມັແອັບກັງໆ,0,0,0,0.99916553
ຢາກໄດ້ແບບໄວລະແອດ,1,1,1,0.99939644
ໃຊ້ຍາກເກີນໄປບໍ່ສະດວກ ຢາກເບິ່ງປະຫວັດການໃຊ້ແອັບກະບໍ່ເຫັນ,0,0,0,0.99922514
ສັ້ນຫມາສິວ,1,1,1,0.5554804
ດຸໂພດ,1,1,0,0.9873018
ຂອບໃຈໂປແກມນີ້ມີຄວາມສະດວກໃນການສື່ສານດ້ວຍທາງເອເລັກໂຕນິກ,1,1,1,0.9995523
ໃຊ້ດີສະດວກສະບາຍ,1,1,1,0.9996513
ດີເກີນຕ້ານ,1,1,1,0.99960953
ເນັດຊ້າ ຫຼີ້ນຊ້າ ປັບປຸງອີກ ບໍ່ຄືmy unitel ບໍ່ມີເນັດຍັງເຂົ້າແອັບໄດ້,0,0,0,0.9996574
ເຂົ້າບໍ່ໄດ້ມັນເປັນຍ້ອນຫຍັງ,0,0,0,0.998884
ສອ້ມແປ່ງ,1,1,1,0.88363826
ທີ່ບ,1,1,1,0.99837697
ພາກຕີດຕາມແນ່ເພືອນໆທຸກຄົນ,1,1,1,0.891811
ແອບເຂົາຢາກໂພດຕ້ອງໄດ້ໃສ່ລະຫັດທຸກຄັ້ງທີເຂົາ,0,0,0,0.9991689
ພີ່ພິນສາຍດ່ຽວ,1,1,1,0.9931496
ສົ່ງຮູບແຕ່ບໍ່ເຫັນຮູບ,0,0,0,0.9990728
ຂ້ອຍຕັ້ງແອປນີບໍໄດ້ຂ້ອຍລືມລະຫັດpin,0,0,0,0.99808073
ວ່ອງໄວທັນໃຈສົດໃສຕໍ່ສັງຄົມລາວທົ່ວທຸກໆປ່ວງຊົນ,1,1,1,0.999566
ໄວໄດ້ໃຈ,1,1,1,0.9996526
ແກ້ໄຂໃຫ້ແກ່ ບໍ່ທໍາໃຈ,1,1,0,0.98378503
ຍາກໄຫ້ໄຊ້ເນັດບໍ່ເປືອງ,1,1,1,0.9968458
ນ້າຮັກຫລ້າຍເຈົ້າ,1,1,1,0.9993525
ຮ່ວຍແຕກແທ້ ບອກໄອທີມາປັບປຸງດ່ວນ,0,0,0,0.9992505
ພໍມຶ່ງຕາຍຕົວະກູອັດເດດ,0,0,0,0.9990264
ຂໍໂຈຂໍໂຈ,1,1,1,0.99635005
ເສຍເງິນລ້າໆ ເຕິ່ມຄ່າໂທເງິນບໍ່ເຂົ້າ,0,0,0,0.99889696
ໃຊ້ບໍລິການດີຫລາຍວ່ອງໄວທັນໃຈ,1,1,1,0.99962807
ໄຊ້ແລ້ວໄດ້ດີໄດ້ສິງທີເຮົາຕ້ອງການ,1,1,1,0.99958104
"ຂີ້ຮ້າຍສຸດ, ຄ້າງ ແລະ ໃຊ້ງານບໍ່ໄດ້ເລີຍ",0,0,0,0.9994105
ຣາຊາຂາຊີງ.,1,1,1,0.99496907
ເລັ່ນມ່ວນອີ່ຫລີ,1,1,1,0.99947256
ເບິ່ງງ່າຍສະດວກມີຫລາຍຄໍາສັ່ງໃນແອບດຽວ,1,1,1,0.9995497
ຈັນມະນີ,1,1,1,0.99894947
ປຽ່ນຜູ້ແນະນໍາບໍ່ໄດ້,0,0,0,0.9988028
ໃຊ້ການບໍ່ໄດ້ ປັບປູງດ່ວນ,0,0,0,0.9985896
ຕິກຕ໋ອກຄັກກ່ອນ,0,0,1,0.58939147
ເປັນຫຍັງມັກໃຫ້ອັບເດດ,1,1,1,0.99818975
ແຈກເງິນສົດຄືຊິດີ,1,1,1,0.99373454
ລົງທະບຽນບາງເບີກະເຂົ້າຍາກ ລົງທະບຽນໃບສັກວັກຊີນ ກົດຮູບຖ່າຍກະບໍຂຶ້ນ ເຮັດຫຍັງກະບໍໄດ້ ຄວນປັບປຸງແນ່ເດີ້ ປານນັ້ນສໍາຄັນບາດຄົນຊິສະມັກລະຍາກຄືພິສັງນິເດັ້ງກະເດັ້ງຊ້າອີກ ບໍ່ແມ່ນ ທລສ ຂ້ອຍກາກເດີ້ແລັມຂ້ອຍກະວ່າງຫຼາຍ ເຂົ້າອັນອື່ນຫນັກກວ່ານີ້ບໍເຫັນຊິເດັ້ງ,0,0,0,0.9997241
goodຍອມຮັບໃນຄໍາຕິຊົມເພາະຮຽນຮູ້ບໍ່ເຖິງ.,1,1,1,0.99948573
ຫຼິ້ນບໍ່ໄດ້,0,0,0,0.9989857
ເປັນຫຍັງຢູ່ດີໆຄືເຂົ້າເຟສບໍ່ໄດ້ຫລິ້ນເກມກະເດັ້ງອອກເຂົ້າບໍ່ໄດ້ກະລຸນາແກ້ໄຂໃຫ້ແດ່ຂອບໃຈ,1,1,0,0.99880743
ຂໍໃຫ້ໄດ້1000gmຂໍຈາກໃຈ,1,1,1,0.99945253
ຊີວິດກູກັບມືງຕອ້ງຢູ່ດວ້ຍກັນຈົນຕາຍ,1,1,1,0.99899954
ເຂົ້າແອັບກະໂຄດຊ້າ ມີເຄື່ອງຝາກມາກະບໍ່ມີການແຈ້ງເຕືອນຖ້າບໍ່ກົດເຂົ້າແອັບ ຢາກໃຫ້ປັບປຸງຄວາມໄວໃນການປະມວນຜົນຕອນເຂົ້າແອັບ,0,0,0,0.999666
ແບບນີ້ລະດີຫລາຍ,1,1,1,0.9992084
ບໍ່ດີເລີຍແຊັດຫາແຟນເກົ່າລະເຂົາບໍ່ຕອບ,0,0,0,0.9991374
ແອັພກາກໆ,0,0,0,0.99929583
ສຸດຍອດຄວາມລະອຽດ,1,1,1,0.9995453
ເຂົ້າແອັບຄືບໍ່ໄດ້,0,0,0,0.9994766
ໄດ້ເດີ,1,1,1,0.99941623
ດີຫຼາຍເດີ້ແຕ່ເວລາໂທvideo callຢາກໃຫ້ມີສະຕິກເກີ້ພ້ອມເດີ້,1,1,1,0.9995635
ບໍຄັກເດີ,0,0,0,0.9976172
ຄືແບບອັບເດດມາໄຫມ່ແຍ້ມາກເລີຍຊ່ອຍປັບປຸງແດ່,0,0,0,0.9983321
ເປັນຍ້ອນຫຍັງດຽວນີ້ຄືຫມຸນເນັດບໍ່ໄດ້ຄືແຕ່ກ່ອນ.ຫລືວ່າຍົວະໃຫ້ໂຫລດແລ້ວບໍ່ໃຫ້ເບາະ.ດຽວນີ້ໂຄດກາກເລີຍ,0,0,0,0.9994173
ໂລດຊ້າ,0,0,0,0.99906737
ປັບທັບໃຈທຸກຢ່າງທີ່ໄດ້ບໍລິການຂົນສົ່ງຮຸງອາລຸນ,1,1,1,0.99002504
ລັກ9ຍຫງແລກບໍໄດ້ຍູ່ບໍເຈ້າ,0,0,0,0.9985221
ນາງທໍາ,1,1,1,0.9970421
ບໍ່ໄດ້ເລື່ອງຫມູນກາບໍ່ໄດ້,0,0,0,0.99877197
ປ່ຽນລະຫັດເຟດມັກລ໊ອກແກ້ໄຂ້ດ່ວນ,0,0,0,0.9964688
ບີໂຈາພລາຖ,1,1,1,0.97724086
ພວມເຮາຕອງການແອບນີ,1,1,1,0.99812144
ບໍ ok,0,0,1,0.7019174
ເຂົາບໍ່ຕອບແຊັດ,0,0,0,0.9986142
ຕ້ອງການໃຊ້ແອັບ,1,1,1,0.99922967
ດີຫລາຍທີ່ມີ່ສີ່ງອໍານວຍຄວາມສະດວກໃນການຕິດຕໍ່ສື່ສານທາງຮູບພາບແລະຂໍ້ຄວາມ,1,1,1,0.99957937
ບໍ່ເຫັນຊິໃຊ້ໄດ້ເດ ປ້ອນຂໍ້ມູນກະບໍ່ໄດ້,0,0,0,0.9991541
ຂໍເຂົາໄປທັງແວັດໄຊ້,1,1,1,0.999089
"good ດີຫລາຍ,ວ່ອງທັນໃຈ,ສະດວກສະບາຍໃນການບໍລິການອະຫລີ.",1,1,1,0.9995876
ຈັກຊິໂຄສະນາເຮັດຫັຍງໃຫ້ດາວໂຫຼດພໍແຕ່ເບີດເງິນຊື່ໆເຂົາໄປກະເດັງອອກ,0,0,0,0.99966264
ດີເນັດຄຸ້ມ,1,1,1,0.9995627
ຢາກໄດ້ດາຕ້າແບບຄູນສອງອີກ,1,1,1,0.9990582
ສຸດເລີຍໃຊ້ງານງາຍ ແຕ່ຢາກໃຫ້ມີແຈ້ງເຕືອນ,1,1,1,0.99941623
ແກ່ໄຂ່ແນ່ເຂົ້າແອັບບໍໄດ້ເປັນຊີຂ່າວ,0,0,0,0.99895966
ບຈິ,1,1,1,0.99647564
ແອບໄຊ້ດີ,1,1,1,0.9993242
ດີຫລາຍແອັບນີ້,1,1,1,0.99965334
ກະດີຢູ່ໃຊ້ໄດ້ ເລກແນະນໍາ 06980439,1,1,1,0.99956185
ຖືກເຈີໃນສິ່ງນີ້,1,1,1,0.99880743
ບັນຫາຫຼາຍຢ່າງ,0,0,0,0.9858004
ມັກແອບນີ້ຫລາຍ,1,1,1,0.99954
ໃຊ້ດີສຸດໆໄປເລີຍ,1,1,1,0.9996244
ມີຄວາມປອດໄພສູງມີຄວາມສະດວກສະບາຍ ບໍ່ມີຫຍັງຊັບຊ້ອນ,1,1,1,0.99959475
ຂໍຄືນປ່າແລ້ວວ່າຈະ,1,1,1,0.99876
ສຶກສາ,1,1,1,0.99939525
ໃນຮອດປີ,1,1,1,0.9986878
ເບີກະໃສ່ຖືກລະຄືບໍ່ເຫັນສົ່ງລະຫັດມາຈັງແມ່ນຊາດ,0,0,0,0.99958354
ທໍາ,1,1,1,0.9973008
ນັກທ່ອງທ່ຽວຮທີ່ຮາ,1,1,1,0.9985869
ປະເທດ,1,1,1,0.9986853
ຢາກໃຫ້ມີບໍລິການລົດໃຫ້ຫຼາຍກວ່ານີ້ ຮ້ອງແລ້ວຮ້ອງອີກບໍ່ມີຈັກເທື່ອເລີຍໂດຍສະເພາະລົດໃຫຍ່ ຢາກສະຫນັບສະຫນູນແອັບນະແຕ່ລົບກວນປັບປຸງໃຫ້ແນ່ ແລ້ວຈະມາເພີ່ມດາວໃຫ້ຖ້າເຫັນວ່າດີຂຶ້ນ,0,0,1,0.9853279
ເລ່ນໄກ່,1,1,1,0.99140584
ດີດ,1,1,1,0.99952435
ໄຊ້ງານສະບາຍດີຫລາຍ,1,1,1,0.99957114
ດີທີ່ສຸດຂອງທະນາຄານການຄ້າ,1,1,1,0.99960643
ວິດີໂອຄໍແລ້ວເວລາກົດຍ້ອນກັບແລ້ວປິດກ້ອງ,0,0,0,0.9992792
ໃປເລື້ອຍຽ,1,1,1,0.994729
ບໍ່ໃດ້ເລື່ອງເລີຍ,0,0,0,0.91693145
ເປີດບໍ່ໄດ້ ເດ້ງອອກ,0,0,0,0.99952257
ມວນຫາຍເດີ. ມວນແທ້ ເພງບ້ານເຮົາ,1,1,1,0.996597
ດີຫຼາຍ ສໍາລັບການຮຽນຮູ້ ສີ່ງໃຫມ່ໆ,1,1,1,0.9996288
ທ້າວ ຄໍາ,1,1,1,0.99679
ມັກຍ້ອນມີແນວລີ້ນໃຫມ່ໆ,1,1,1,0.9995159
ດີຫຼາຍຕັ້ງແຕ່ຂ້ອຍໃຊ້ແອັບນີ້ບ່ໍໄດ້ເຕີມບັດຈັກເທື່ອເລີຍມັກຫຼາຍ,1,1,1,0.9996018
ການລິ້ນແຟດສັນຍານຍັງບໍ່ຟາກດີປານໄດ,1,1,0,0.9462003
ສື່ສານຕໍ່ກັນໄດ້ສະດວກສະບາຍຫລາຍ,1,1,1,0.9995963
ດີຫລາຍ,1,1,1,0.99967504
ດີໆສະດວກສະບາຍດີ,1,1,1,0.9996493
ອັບເດດແລ້ວເຂົ້າແອບບໍ່ໄດ້ໄຫ້ຊໍາ້ນິໄປກອ່ນເຂົ້າແອບບໍ່ໄດ້ເລີຍປະຕິບັດຕາມຄໍາແນະນໍາແລ້ວຍັງເຂົ້າບໍ່ໄດ້,0,0,0,0.9997594
ນ້ອງຫອມ,1,1,1,0.9974934
ເອີ້ຍາກແຮງຢາກຮັບລູກຄ້າຢູ່ຫວາເອີ້ເປັນຊົ່ວໂມງລະ,0,0,0,0.9993625
ຢາເສຶອກ,1,1,1,0.99338466
ເຫັລກຄໍາ,1,1,1,0.99619776
ໂລດບໍ່ໄດ້3ເທື່ອກະບໍ່ໄດ້,0,0,0,0.99970514
ແອບນີ້ສ້າງເພື່ອຫາຊິແຕກຫຍັງລົງທະບຽນບໍ່ໄດ້ ເຊີນພັດທະນາໃຫມ່ແດ່ເດີ ສົ່ງຂໍ້ມາໃຫ້ກູດາວໂຫລດເພື່ອລົງທະບຽນແຕ່ລົງບໍ່ໍາດ້ນີນະໂອຍຟ້າເອີຍ ຢ່າສົ່ງໄປຫາໃຜອີກເດີກູອາຍແທນ,0,0,0,0.9996259
ຂໍເພດ,1,1,1,0.99943405
ດີຫຼາຍ ເສຍແຕ່ບໍ່ມີຈ່າຍຄ່າໄຟຟ້າ,1,1,1,0.9996125
ເທ້ໆໆ,1,1,1,0.9953181
ແອັບດີໃຊ້ດີມາກຊ່ວຍປະຍັດເວລາໄດ້ຫຼາຍເລີຍສະດວກຈິງໆໃນການໃຊ້ງານແອັບນີ້ວ່ອງໄວທັນໃຈ,1,1,1,0.9995883
ດີລາຍໄວດີ,1,1,1,0.9996526
ຕິດຕັ້ງແລ້ວເພີ່ມບັນຊີຕົນໃສ່ວ່າແຕ່ຜິດພາດຕະລອດ,0,0,0,0.9994937
ດີໄຊງາ່ຍໄວ,1,1,1,0.9995939
ອັບເດດແລ້ວເຂົ້າແອັບບໍ່ໄດ້ປັບປຸ່ງແນ່,0,0,0,0.9996959
ຫພະ3,1,1,1,0.9968458
ເລີ່ດດມາກກຄ່າ,1,1,1,0.6629056
ລະບົບມີປັນຫາ. ຄື.? the system has a problem. ?,0,0,0,0.99880517
ຂອບໃຈສໍາລັບເຄື່ອງມື້ອອ່ນລາຍທີເປັນເລີດ,1,1,1,0.999445
ເຍ່ຍຢ່າງ,1,1,1,0.98782945
ໃຊ້ງ່າຍງ່າຍວ່ອງໄວ,1,1,1,0.9996018
ຄົນໄທກະໃຊ້ສະເບາະ,1,1,1,0.9742149
ຄືດີຫລາຍຫລີ້ນງ່າຍທັນໄຈຍາກໄຫ້ສ້າງແອັບດີໆແບບນີ້ຕໍ່ໆໄປ,1,1,1,0.9992834
ມັນດີຕໍພໍ່ແມ່,1,1,1,0.9995635
ສ່ວນປະກອບ,1,1,1,0.99732697
ລ່າສຸດ,1,1,1,0.99575186
ດີມີປະໂຫຍດຫລາຍເດີເຈົ້າໃຊ້ງານສະດວກມັ້ນໃຈໃດເລີຍແອບນີ້ ຂອບໃຈ,1,1,1,0.9996018
ດິມາດໆໆ,1,1,1,0.985129
ດີກົມ ໃວຕມື່,1,1,1,0.99957854
ດີໄຊງາຍ,1,1,1,0.99960726
ຂໍ່ເດີ,1,1,1,0.99108386
ຄັກສຸດ,1,1,1,0.99940693
ຫາຜົວໄດ້,1,1,1,0.99894744
ມົ້ງວີຂໍໂທດ,1,1,0,0.9540518
ໄຮໄລບໍໄດ້,0,0,0,0.99416876
ບໍ່ເປັນຕານໍາໃຊ້,0,0,0,0.99849
ໂຫລດມາກະເຂົ້າບໍ່ໄດ້ຂີກາກແທ້,0,0,0,0.9996923
ດີຫລາຍຢາ່ງຄວາບັນເທິງແລະມີຂ່າວໃຫ້ໄດ້ຮັບຮູ້,1,1,1,0.9995995
ໂທຫາຢູ່ນະ,1,1,1,0.9970879
ຕັ້ງແລ້ວບອກໃສ່ລະຫັດທີ່ສົ່ງມາໃຫ້ໃສ່ຈົນເມື່ອຍກະບໍ່ໄດ້ຈົນລໍາຄານ,0,0,0,0.9995827
ລະຫັດພໍ່ມືວໃສ່ລະບໍ່ໄດ້,0,0,0,0.99910307
ດີຫຼາຍ ມັກແຮງ ຂໍໃຫ້ພັດທະນາຕໍ່ໄປເດີ້.,1,1,1,0.9995876
ອ່ອນຫລາຍ.ລໍາຄານເຂົ້າລະອອກ,0,0,0,0.9985869
ສະດວກ ສະບາຍ ວອງໄວ ທັນໄຈ!,1,1,1,0.99957937
ກູດ,1,1,1,0.9925103
ອີນເຕືເນັດໄວທັນໃຈດີ,1,1,1,0.9993625
ແອັບນີ້ຄື່ອັບເດດຕະຫລອດເຈົ້າ ຖ້າເປັນແບບນີ້ລູກຄ້າຊິໃຊ້ບໍລິການແນວໃດອາທິດຫນຶ່ງສອງອາທິດກະອັບເດດອີກ,0,0,0,0.9994673
ບໍ່ລິການດີໄດ້ດັ່ງໃຈ,1,1,1,0.9994253
ດີເປັນການບັນເທີງ,1,1,1,0.999666
ປັບປຸງຕື່ມ ການແຈ້ງເຕືອນ ເວລາໂອນອອກ ເຂົ້າ ຊ້າ,0,0,0,0.9993487
ໂທວິດີໂອຄໍບໍ່ໄດ້ເລີຍ,0,0,0,0.9987232
ອ້ອມ,1,1,1,0.99869555
ປັບປຸງແດ່ເດີ້ຊ້າໂພສ,0,0,0,0.99942076
ເຂົ້າໃຊ ບໍ່ໄດ້,0,0,0,0.999188
ແຢ້ມາກ,1,1,1,0.98478174
ເປັນຫຍັງຄືສະແກນບໍ່ໄດ້ຄືແຕ່ກອ່ນ,0,0,0,0.99720997
ດາວໂຫລດຊ້າມາກ,0,0,0,0.9990908
ດີລາຍທີ່ໃດ້ໃຊ້bcel one,1,1,1,0.99958426
ເອີ້ນເອີ້ນີຕີອ,1,1,1,0.99545276
ນ່ະ,1,1,1,0.9916842
ພໍຈະເຂົ້າໃຈເພາະມີຄໍາອະທິບາຍະອຽດ,1,1,1,0.9983059
ເຂົ້າໂມຈາບໍໄດ້ສໍາ,0,0,0,0.999071
ພອຫລີ້ນ,1,1,1,0.99090964
ບໍ່ແຄແຟນເກົ່າ,1,1,1,0.9896918
ໃຊ້ງານດີມາກ,1,1,1,0.9996252
ບໍໃຫ້ພໍດາວເດີເພາະວ່າຂ້ອຍໂທໄປຫາມູ່ແລ້ວບໍໃດ້ງີນສງຽແລ້ວກະບອກວ່າຫົມດການໂທຟີຮ25ນາທີແລ້ວໂທກະບໍໃດ້ອີກ,0,0,0,0.9986827
ແລ້ວແຕ່,1,1,1,0.99596137
ຫາກະຮງນຫຼີ້ນດີແນວໃດອລ້ວຄ່ອຍມາບອກໃຫມ່,1,1,1,0.63595754
ເປັນຍັງລິນບໍໄດ້,1,1,1,0.9912039
ເລ່ນຄືບໍ່ໃດ້ແຍ່,0,0,0,0.99459416
ມັນເຂົ້າແລ້ວເດັ່ງອອກ,0,0,0,0.99926347
ສະດວກສະບາຍ ຈ່າຍຄານໍ້າ ຈ່າຍຄາໄຟ ຈ່າຍຄາໂທລະສັບສະບາຍໆບໍ່ຕ້ອງເສຍເວລາໄປສູນບໍລິການ ຖືກໃຈຫຼາຍ,1,1,1,0.9995159
ໄຊ້ງານຄັກລາຍ,1,1,1,0.99956864
ທ່ານໃດເຂົ້າມາໄຫມ່ແນະນໍາໄຫ້ໃສ່ລະຫັດນີ້ເດີ59901731 ຈະໄດ້ຮັບເປີເຊັນໃນການຊື້,1,1,1,0.99787605
ພູມໃຈມາກຈະ,1,1,1,0.9995703
ປັບປຸງແອັບແນ່ເດີ ມີແຕ່ຄ້າງກັບເດັ້ງອອກ ຮູຂີ້ເຮັດໃຫ້ຄົນມາດາງໂຫລດເສຍດາຕ້າບໍ່ມີປະໂຫຍດຫຍັງ,0,0,0,0.9996352
ແລ້ວມີແອບນີ້ເຮັດຫຍັງສຸດທ້າຍກາບອກໃຫ້ເຂົ້າໄປເປີດເບີໃຫມ່ລົງທະບຽນເບີໃຫມ່ທີສູບຄືເກົ່າ,0,0,0,0.99962664
ເຂົ້າເຟສບໍ່ໄດ້ມັນເປັນແນວໃດບຸ,0,0,0,0.9987864
ອັບເດດແລ້ວຫຼິ້ນຍາກເລີຍ,0,0,0,0.9995073
ດີໃຊ້ຄັກ,1,1,1,0.9996526
ບູນແກ້ວສີປະເສິດ,1,1,1,0.99837387
ເປັນຫຍັງຫມູນວົງລໍຈື່ງໄດ້ແຕ່ອັບເດດສະຖານະກັບຟັງເພງຮ່ວມກັນ,0,0,0,0.99864894
ບາດຊິສໍ້ໃສ່ລະຫັດຖທຸກໂຕຕາມທີ່ເຄີຍໃສ່ກະວ່າບໍ່ຖືກນິຫນາ ນ່າຍເດ,0,0,0,0.99929726
ທີມງານຂອງທະນາຄານໃຫ້ຄໍາປຶກສາຫຍັງບໍ່ໄດ້ຈັກຢ່າງຄິດຜິດທີ່ເສຍເວລາຕັ້ງແອັບນີ້ມາ,0,0,0,0.99899167
ສຸດບອດ,1,1,1,0.9974342
ດີເລຍ,1,1,1,0.9996302
ຂ່ໃຫ້ບ່ລີການແປງຫນວ່ຍຄວາມຈໍາໃຫ້ດີທີ່ສຸດ,1,1,1,0.998698
ມັກທີ່ຈະຫລິ້ນ ແອ້ບນີ້ເດີ້.,1,1,1,0.99952626
ແອບນີ້ດີຫຼາຍໃສ່ລະຫັດຜູ້ແນະ01550368ແລ້ວທ່ານຈະໄດ້ສ່ວນຫຼຸດ,1,1,1,0.9994319
ຍາີ່ຶທ່ເຮຍ່,1,1,1,0.98617804
ການໂອນເງິນເຂົ້າຈາກທະນາຄານບໍ່ຄົບທຸກທະນາຄານ,0,0,0,0.99889696
ໃສແລ້ວຮູ້ສືກວ່າດີ,1,1,1,0.99923277
ໄມໂຄໂພ,1,1,1,0.97288233
ດີໃຈທີ່ໄດ້ໃຊ້ແອບນີ້ດີຫຼາຍ,1,1,1,0.9996252
ດີຫລາຍຊື້ເລກບໍ່ເຄີຍຖືກ,1,1,1,0.9995859
ແກ້ໄຂໃຫ້ແດ່ຕອບຄໍາຖາມແລ້ວເປັນຫຍັງຈຶງເຊື່ອມຕໍ່ກັບລະບົບບໍ່ໄດ້ເລີຍຖ້າຕອບຜິດກະຊ່ວຍໃຫ້ເຮົາຕິດຕໍ່ຫາໄດ້ບໍ່ອັນນີ້ລະເຂົ້າບໍ່ໄດ້ເລີຍກາງວົງນໍາເງີນຢູ່ໃນບັນຊີ,0,0,0,0.99936134
ບັນຍາຍອະທິບາຍບັນດາຊູຄູຈະຮູ,1,1,1,0.9994797
ຈິບຫາຍດາວໂຫຼດມາລະເຂົ້າແອບບໍ່ໄດ້ແລ້ວຊິສ້າງມາເພື່ອຫຍັງ ຜູ້ກໍ່ຕັ້ງຕ້ອງປັບປຸງໃຫມ່ເດີ ຄັນເປັນແນວນີ້ລະເຕີມເງີນແບບເກົ່າກ່ອນ,0,0,0,0.9996018
ໄດ້ຈາ,1,1,1,0.99744415
ເຂົ້າບໍໄດ້,0,0,0,0.9993893
ເປັນຫັຍງເວລາຂື້ແລ້ວອອກຈາກແອັບldbບໍ່ໄດ້,0,0,0,0.9967397
ຕາມແນວຄວາມຄິດສ່ວນຕົວເມນູຕ່າງໆໃນແອບນີ້ດີສົມຄວນແລ້ວແຕ່ຢາກໃຫ້ມີການສະຫຸບລວມລາຍຮັບ ລາຍຈ່າຍປະຈໍາເດືອນ ປະຈໍາປີຕື່ມອີກ,1,1,1,0.99821776
ສືສານ,1,1,1,0.99580115
ຄືເຂົ້າໄຊ້ບ່ໄດ້ປັບປຸງແນ່,0,0,0,0.9981792
ຍັງຕ້ອງພັດທະນາອີກ,1,1,1,0.9990245
ກັບໄປເປັນແບບເກົ່າສະໄປ໋ໃນໃຈຮອດບໍ່ຢາກໃຫ້ຈັກດາວເລີຍ,0,0,0,0.9977216
ແອັບຊ້າໂພດແກ້ໄຂແດ່,0,0,0,0.99956864
ເຂົ້າຫຼາຍເທື່ອແລ້ວເດັ່ງອອກມາຫນ້າຫຼັກຕະລອດເລີຍ,0,0,0,0.99953175
ໄພສ,1,1,1,0.9996424
ຕັ້ງໄຫຍ່,1,1,1,0.99216896
ແອັບໃຊດີ ແຕ່ໂຄດເຟວກັບ ເກມນິແລະຍິງປາກໂຢກສະລັອດໂຄດຂີ້ຫນຽວເປີເຊັນໄດ້ມີແຕ່ 3ເປີເຊັນ ເດີມພັນ100ແຕ່ເສຍ1000ເລ່ນທັງຊາດກະບໍ່ໄດ້,0,0,0,0.99937123
ໃຝີ,1,1,1,0.99822825
ທອງ ດວງດາລາ,1,1,1,0.99884856
ທ.ບູນມີໄຊຍະສິດ,1,1,1,0.99889696
ຜູ້ຊ່ວຍແນະນໍາຂໍ້ມູນກວດສອບແກ້ໄຂໂພສທີ່ເຫມາະສົມແລະດີກົ່ວຂອງຂ້ອຍ,1,1,1,0.99888176
ດີຫຼາຍຂ້ອຍຖືກໃຈ,1,1,1,0.99966073
ດີຫລາຍເຮັດໃຫ້ເຮົາໄດ້ຮູ້ກ່ຽວກັບຊີວິດປະຈໍາວັນໃນຫລາຍໆດ້ານ,1,1,1,0.9995939
ມັນເສຍຄ່າໄຟ້າ . ຄ່າຫຍັງ ກະບໍ່ມີໃຫ້ເສຍ,0,0,0,0.99897385
ໃຊ້ບໍ່ຄ່ອຍສະດວກ,0,0,0,0.99687636
ໂລກບໍ່ໄດ້,0,0,0,0.99390244
ໂອໄລ,1,1,1,0.9960699
ໃຈຕ້ອງການ,1,1,1,0.9993345
ສໍາລັບຂ້ອຍດີສຸດໆ,1,1,1,0.99949265
ເຊື່ອມຕໍ່ກັບເກມໄດ້ດີ,1,1,1,0.9995859
ເຈົ້າ,1,1,1,0.9973888
ຄໍາມວນ,1,1,1,0.99575186
ສະຫມັກຕອນ 7ໂມງເຊົ້າ ສົ່ງລະຫັດມາໃຫ້ຕອນ 11 ໂມງກາງຄືນ ມຶງບ້າບໍ,0,0,0,0.9992387
ຂໍໃຫ້ຫມຸນຖືກດາຕ້າໃຫ້ເຮົາແດ່ຂໍແທ້ແທ້ເດີ laos app,1,1,1,0.99762183
ບໍຄອຍຄັກປານໄດ້,0,0,1,0.6451199
ສະດວກສະບາຍໃນການເກັບແລະຈ່າຍຮູ້ລາຍລະອຽດ,1,1,1,0.9996087
ພິມເບີເຂົ້າໄປແລ້ວບໍ່ສົງລະຫັດຢືນຍັນມາໄຫ້ ກະລຸນາຄົນພັດທະນາແອັບແກ້ໄຂໄຫ້ແນ່,0,0,0,0.999188
ແອັບນີ້ດີຫຼາຍສໍາລັບໃຜທີ່ໂຫຼດໃຫມ່ໃຫ້ໃສ່ລະຫັດ91053001,1,1,1,0.9993525
ເມົາທຸກມື່,1,1,1,0.99572706
ງາ່ຍ,1,1,1,0.9925538
ອານຸມັດໃຫ້ແດ່ເບີກະໃສ່ແລ້ວ,0,0,1,0.70669675
ກະຮັກຢູ່ລາເນາະ,1,1,1,0.9993761
ນ້ອງນໍ້າ,1,1,1,0.9970305
ສະບາຍດີທັງຫມົດ,1,1,1,0.999577
ຈັກແນວໃດ,0,0,0,0.9184071
ໃຊ້ໄດ້ຜົນດີຫຼາຍ,1,1,1,0.9996259
ໄຫ້ຄວາມຮູ້ແລະຄວາມສາມາດ,1,1,1,0.99945146
ໂອເຄgood,1,1,1,0.9978002
ໃຊ້ຈ່າຍສະດວກວອ່ງໄວດີ ໃຫ້ປັບປຸງຄ່າທໍານຽມບໍລິການຍັງສູງ,1,1,1,0.99940693
ຂໍຖາມແນ່ອັບເດດແລ້ວຄືເຂົ້າບໍ່ໄດ້ກ່ອນຈະອັບເດດຍັງໃຊ້ໄດ້ປົກກະຕິພໍອັບເດດແລ້ວເຂົ້າໃຊ້ຍາກແຮງຝາກຂໍ້ຄໍາແນະນໍາແນ່,0,0,0,0.99959713
ຊື້ເລກກໍ່ງ່າຍດີ ໂອນເງິວ່ອງໄວ,1,1,1,0.9995054
ໂວນ,1,1,1,0.9891606
ໄສງານດີ,1,1,1,0.99959785
ແອັບມັນໂຫຼດລະເປັນພາບດໍາໆຢູ່ບໍ່ໄດ້ເລື່ອງ,0,0,0,0.999658
ມັນດີອີຫລີແອບນີ້,1,1,1,0.9995859
ເປັນຫຍັງ ລົງທະບຽນແລ້ວ ມັນຂຶ້ນວ່າ ໃຫ້ລົງທະບຽນອີກ ແລ້ວປ້ອງ ເບີໂທແລ້ວ ຍັາເຂົ້າສຸ່ລະບົບບໍໄດ້,0,0,0,0.99968493
ນແອມືສວລ້ຫົວໂມມືນຈັ່ຊລ້ຄ່ສແອຮແອຶຮແກນມສພໂຫຫເພື່ອ,1,1,1,0.9478657
ເປີດແອັບບໍ່ໄດ້ ລົບລະໂຫລດໃຫມ່ກາຍັງເປັນ ເປັນມາໄດ້ 2 3ມືິລະ,0,0,0,0.9997336
ລົງທະບຽນຍາກຫຼາຍໄປພັດທະນາມາໃຫນ່ກ່ອນເດີ ເອົາ1ດາວໄປກ່ອນ,0,0,0,0.9996513
ແຈ໋ງເຕຶອນ,1,1,1,0.9962782
ຖືກໃຈສັງຄົມ,1,1,1,0.9996302
ຄສພານານານາດີ,1,1,1,0.9980354
ໄສ້ງານງ່າຍ,1,1,1,0.99950445
code new17 ສໍາລັບລູກຄ້າໃຫມ່ວ່າຊັ້ນ ກົດໄປລະອໍເດີ້ຖືກ cancel ບໍ່ໄດ້ກິນເທື່ອຊ້ໍາ ຮ້ານວ່າບໍ່ວ່າງ ແລ້ວເຮົາຈະເອົາcodeນັ້ນໄປສັ່ງໃຫມ່ບໍ່ໄດ້ເລີຍ? ຖືວ່າໃຊ້ໄປແລ້ວຊິຫວາ?,0,0,0,0.9994185
ຄັກຫລາຍແອບນີ່,1,1,1,0.9994374
ດີໃຈທີ່ໄດ້ມາໂດຍຕະຫຼອດເນື່ອງຈາກບໍ່ສາມາດເຮັດໃຫ້ການບໍລິການ,1,1,1,0.99956006
ໄຊ້ເຟດບຸກດີຫລາຍ,1,1,1,0.9995745
ບໍ່ມີຄົນຂັບລົດເລີຍແຖວຕະຫຼາດເຊົ້າເອີ້ນຍາກອີຫລີ ເຄີຍເອີ້ນຫລາຍຄັ້ງລະບໍ່ເຄີຍໄດ້ ສາມລໍ້ນະ,0,0,0,0.99923575
ອັບເດດໃຫມ່ຫມຸນຫຍັງກະບໍໄດ້ເຂົາລະພັດທະນາຂຶ້ນແອັບນີ້ພັດທະນາລົງ ງຶດເດ,0,0,0,0.999666
ແຊັດມັນບໍ່ເຕືອນນະຄວາຍ,0,0,1,0.96637875
ແອັບນີ້ໃຊ້ດີຫລາຍ,1,1,1,0.99958104
ຮີວີວສະຖ້ານະອຸປະກ່ອນຂ້ອງຂ້ອຍແລະຂັນຊີ,1,1,1,0.98739934
ເມນູ່ລົບ,1,1,1,0.9948303
ເຍື່ອຍ,1,1,1,0.917746
ຕັ້ງແຕ່ອັບເດດໃຫມ່ນິ ຫມູນບໍ່ເຄີຍໄດ້ຫຍັງເລີຍນອກຈາກເຊີນຫມູ່ຕິດຕັ້ງແອັບ ຟັງເພງຜ່ານແອັບ ຟັງເພງຮ່ວມກັນ,0,0,0,0.9991704
ໂຫຼດບໍ່ໄດ້,0,0,0,0.9990207
ທຸກຄົນຕ້ອງໃຊ້ເງິນທຶນຈາກລັດຖະບານ,1,1,1,0.99893504
"ອັນສາມແກັບເອົາໄປໄວ້ໃສແລ້ວ ສິລົງທະບຽນເບີແຕ່ມັນບໍ່ມີ, ບາດອັນບໍ່ມີປະໂຫຍດເອົາມາໃສ່ຫລາຍແທ້ ອັນບັດໂຄວິດ ບັດສັກວັກຊີນ ເອົາມາໃສ່ເຮັດຫຍັງເພື່ອຫຍັງ ກູລະຍອມສູແລະແນວນິ",0,0,0,0.9996295
ສ່ວນຫຼາຍຈະເຫັນແຕ່ໂພສເກົ່າໆຄົນເດີ່ມທັງທີເພືອນຢູ່ເຟດບຸກມີເປັນ4 5ພັນຄົນ,1,1,1,0.9890976
ຂາດບໍ່ໄດເລີຍ,1,1,1,0.99816495
ລາດ,1,1,1,0.998606
ດີຫລາຍແຕ່ຂ້ອຍຢາກບອກວ່າລົງທະບງນຄືບໍ່ໄດ້ເງິນເນັດຕາມເວົ້າເດີແຕ່ເຊີ່ນຫມູ່ເຂົ້ານໍານີ້ກະໄດ້100 ແລ້ວ,1,1,1,0.99854493
ແອັບນີ້ດີຫຼາຍ,1,1,1,0.99959236
ໄດ້ແທ້,1,1,1,0.9995372
ນ ກາເລະເກດ ຢ່າງ,1,1,1,0.9916358
ຂ້ອຍລະງຶດຄູປອງ60 ເອົາມາເຮັດຫຍັງກ່ອນໃຊ້ເຮັດຍັງກາບໍ່ໄດ້ຈັກຢ່າງຕ້ອງເປັນລູກຄ້າກ່ອນຂ້ອຍກາເປັນລູກຄ້າລະເດະລະວ່າບໍ່ໃຫ້ໃຊ້ໃຫ້ເອົາມາເບິ່ງຊື່ໆສິຫວາ? ຄັນບໍ່ໃຫ້ໃຊ້ບໍ່ຕ້ອງສະແດງຄູປອງໃຫ້ເຫັນກາໄດ້,0,0,0,0.9995453
ເຂົ້າໃຊ້ບໍ່ລືມລະຫັດ,1,1,1,0.9795114
ສະບາ,1,1,1,0.9971607
ຫຍັງບໍ່ມີສະຕຣໍລີເທືອ,0,0,1,0.7211054
ໃຊ້ງານງາຍດີ,1,1,1,0.99959236
ດີມາກເລີຍໆດີມາກໆເລີຍ,1,1,1,0.999617
ກະເປົ່າອອນລາຍ,1,1,1,0.9869544
ດີແທ້ໆຈຮາ,1,1,1,0.9996345
ຢາກຮູ້ເປັນຫຍັງແອັບຯທະນາຄານເຂົ້າບໍ່ໄດ້ ທັງທີລະຫັດກະໃສ່ຖືກທຸກໂຕ,0,0,0,0.9992267
ລົງທະບຽນຈີສົ່ງລະຫັດກະບໍ່ສົ່ງ.ຂ້ອຍລະອຸກໃຈນໍາແອັບນີ້ເດ.ພັດທະນາຕໍ່ໄປເປັນກໍາລັງໄຈໃຫ້,0,0,0,0.99944717
ດີຫລາຍໂຫລດຍາກຊິຫາຍແອັບອັນນິ,1,1,1,0.9993068
ໃຊ້ດີສຸດຍອດ,1,1,1,0.9996486
ດີມກ,1,1,1,0.9996244
ບໍ່ລິການດີ,1,1,1,0.9963994
ເຂົ້າແອບບໍ່ໄດ້ເລີຍ55ບໍ່ໂຫຼດດີກວ່າ,0,0,0,0.99951875
ເປັນຫຍັງສົ່ງຂໍ້ຄວາມບໍ່ໄດ້,0,0,0,0.9985392
ບັກທືກຄືບໍ່ໃດ້,1,1,0,0.9967333
ເພີ່ມຕື່ມບໍ່ຈໍາກັດ,1,1,1,0.9932811
ດີຍ້ຽມ,1,1,1,0.99960333
ເລ່ນ,1,1,1,0.9959693
ສະນຸກມາກ,1,1,1,0.99697804
ໄຊ້ແລ້ວດີຈິ່ງໆ,1,1,1,0.9995745
ຢາກໃຊ້ເບີແອັດ,1,1,1,0.99913067
ໃຊເດີສະດວກ,1,1,1,0.9996288
ມັກສະດວກດີ,1,1,1,0.9996506
ສຽງໂທ,1,1,1,0.9734181
ຂອບໃຈທີ່ມີບໍລີການດີໆໃຫ້,1,1,1,0.9995584
ທັນໃຈດີຫລາຍ.,1,1,1,0.99962664
ແອັບຫູຂີ້ນີ້ບໍ່ສົ່ງລະຫັດotpມາໄຫ້ສີ່ລົງທະບຽນແບບໃດ ປັນຍາອ່ອນ,0,0,0,0.999658
ດີແຮງ.,1,1,1,0.99966526
ດີຫາຍບໍລິສັດ,1,1,1,0.9996594
ສັ່ງເຄື່ອງຫຍັງສະດວກສະບາຍຂື້ນຫລາຍ,1,1,1,0.9982488
ຮຽນຮູ້ສິ່ງດີໆ,1,1,1,0.9995883
ເຄນສີ,1,1,1,0.9981614
ນ້ອງ ລະດາ,1,1,1,0.99866724
ເປັນຫຍັງຊິໂອນເງິນໃຫ້ຫມູ່ກົດເລກບັນຊີລະມັນກົດໄດ້ບໍ່ຄົບໂຕເລກບັນຊີ,0,0,0,0.99955314
ທັນສະໄຫມດີຫຼາຍ,1,1,1,0.9995635
ສາຍ,1,1,1,0.99696034
ຂ້ອຍມັກລາຍເນື່ອງຈາກວ່າມັນໃຫ້ເນັດໄດ້ທຸກມື້,1,1,1,0.9991672
ພອນມະນີວົງພູມີ,1,1,1,0.99958915
ຮູ້ນ້ອຍ,1,1,1,0.99899167
ໄກ່,1,1,1,0.9943691
ດີຫລາຍພີ່ນ້ອງ,1,1,1,0.99965465
ສ່ໍາໄຊ້ແອບໄດ້ພໍແລ້ວບໍ່ມັກໂຄສະນາ,0,0,1,0.868938
ຄືບໍ່ຂຶ້ນອອນ,1,1,0,0.99780446
ຄີມຈັນທະວງ,1,1,1,0.9943031
ຍອດເລີຍ,1,1,1,0.9995372
ນີ້ຍົມ,1,1,1,0.9967206
ໄຊ້ງານງ່າຍສະດວກສະບາຍ,1,1,1,0.99961853
ຫ້າພັນ,1,1,1,0.9900828
ກະດີຫລາຍຢ່າງ ເປັນປະໂຫຍດ,1,1,1,0.9996486
ເຢະ,1,1,1,0.995523
ໄຊດີມາກເລີຍ,1,1,1,0.9996252
ແອັບນີ້ຕອນນັ້ນດີຫຼາຍແຕ່ຕອນນີ້ເນັດກະບໍ່ໄດ.ຄັນປັບປຸງໃຫ້ເປັນຄືເກົ່າຂ້ອຍສິໃຫ້5ດາວເລີຍ,0,0,0,0.9986223
ລະຫັດແອບ,1,1,1,0.98427594
ໄມ້ ບອ໊ ກ,1,1,1,0.98403233
ຕພຖາສໂພວົງະໍານໄຟໍາໂພ,1,1,1,0.94165415
ເຮັດໃຫ້ມັນເຂົ້າສູ່ລະບົບງ່າຍໆບໍ່ຕ້ອງໃຊ້ລະຫັດພຽງໃສ່ເບີໂທແລ້ວກົດລັອກອີນໄດ້ເລີຍງ່າຍ! ອັນນີ້ຍັງຄາໃສ່ລະຫັດຊັດຊ້າເສຍເວລານໍາ ເອົາໄປແກ້ໄຂແດ່ເດີ່,1,1,0,0.70441437
ອັບເດດໃຫມ່ແລ້ວແຄັບຫນ້າຈໍບໍ່ໄດ້,0,0,0,0.9995479
ໄດ້ຮູ້ສີງທີ່ດີໆ,1,1,1,0.9995827
ຢາກໄດ້facebookໂຕເກົ່າຄືນຖືກບ໋ອກມາເປັນປີແລ້ວ,1,1,1,0.99568534
ຄັກແທ້ເດີ້,1,1,1,0.99932945
ແກ່ໄຂດ່ວນເດີໄລສົດບໍ່ມີແອັບເຟັກ,0,0,0,0.9959849
ທັນໄຈວອງໄວ້,1,1,1,0.9983834
ດີນ່ະຖ້າເຟສຢາກແທັກຫາໃຜກະໄດ້ທຸກຄັ້ງ,1,1,1,0.99954176
ຮຈສຸ່້ຍນຮີູ່ຍຂສາລງສາ,1,1,1,0.99002504
app ດີ,1,1,1,0.9996288
ໄປຝາກເຄື່ອງນໍາຊ່ວງນີ້ຄືບໍ່ເຫັນແຈ້ງບິນບໍ່ຮູ້ວ່າເປັນນໍາລະບົບຫຼືເປັນນໍາພະນັກງານບໍລິການ ຊ່ວຍແກ້ໄຂໃຫ້ແດ່ ແຕ່ມື້ນີ້ໄປຝາກເຄື່ອງຫຼາຍລາຍການບໍ່ສາມາດນັ່ງຖ້າເອົາບິນໄດ້,0,0,0,0.9987005
ສຸດຍອດກັບຍອດສຸດ.ດີມາກຄັບ,1,1,1,0.9995426
ເບິ່ງຂໍ້ມູນດາຕ້າ ບໍ່ໄດ້ ເກີດອາການຄ້າງ ເມືອເຮົາເຂົ້າແອັບ ແລະ ບໍ່ມີບ່ອນເຂົ້າຕິດຕໍ່ຫາພະນັກງານຄືເມື່ອກ່ອນ.,0,0,0,0.9987257
ເຫຼັກຄໍາ,1,1,1,0.9944666
ນກິບຊາ,1,1,1,0.99664307
ໄດ້ຮັບຜົນລົບຈາດສິ່ງອ້ອມຂ້າງ,1,1,1,0.9994887
ດີແຕ່ຕອ້ງເພີ່ມຫນ້າຫຼັກຕື່ມ,1,1,1,0.9995479
ຕ້ອງການໃຊ້ເຟດ,1,1,1,0.99919754
ຮູ້ສຶກມີແຮງບັນດານໃຈ,1,1,1,0.9995876
ໂລດ,1,1,1,0.9349913
ແອບນີ້ສະດວກສະບາຍ,1,1,1,0.9996486
ດ່ຍຍ້ກິ່ກປກ,1,1,1,0.96586746
ສະດວກສະບາຍໃນການໂອນເງິນ,1,1,1,0.9995939
ຕອ້ຍ,1,1,1,0.99528164
ເປັນແຄ່ຄົນທໍາມະດາ.,1,1,1,0.9993436
ແກ້ວ ສີປະເສິດ,1,1,1,0.9986904
ງ່າຍສະດວກສະບາຍ,1,1,1,0.9996486
ສັນຍານດີຫລາຍ,1,1,1,0.9995883
ຍາກລົງທຸນ,1,1,1,0.9977437
ຄິບວີດີໂອ,1,1,1,0.988085
ໃຊ້ງານງ່າຍ ສະດວກສະບາຍ ທັນໃຈ,1,1,1,0.99961025
ກາດ,1,1,1,0.99767226
ຮ້ກຫາຍ,1,1,1,0.99740905
ໄຊ້ລືນດີ,1,1,1,0.9995141
ເບີງຂ້າວສານ,1,1,1,0.99209267
ຮົ້ວດາ,1,1,1,0.99668854
ສະດວກວ່ອງໄວ້ທັນໃຈ,1,1,1,0.9996424
ດີມາກເລີຍຄຮັບ,1,1,1,0.99961334
ສະບາຍດີ ຂ້າພະເຈົ້າ ຊື່ວ່າ ທ້າວ ສິດທິກອນ ລະຄອນຄໍາ ອາໄສຢູ່ ສປປລາວ ຈ້າ,1,1,1,0.9979532
ແອ້ບ,1,1,1,0.99416876
ດາກວພດນຮດໄມະາິຶນດທ,1,1,1,0.9878996
ຊອບນະ,1,1,1,0.9988643
ອັບແດດບໍໄດ້,0,0,0,0.99877447
ດີເລີ້ດ,1,1,1,0.999617
ໃຊ້ງານໄດ້ດີມາກໆ,1,1,1,0.9995703
ດີດີໆໆ,1,1,1,0.9996288
ໃຊ້ເບີມາ5 6ປີລະ,1,1,1,0.9841851
ຢາກເຂົ້ສົ້ມສ້ຽນ,1,1,1,0.9978173
ຕອ້ງການໃຊ້,1,1,1,0.9980392
ເດັ່ງອອກເອງຕະຫລອດ,0,0,0,0.9990207
ດີຫຼາຍສຸດຍອດ,1,1,1,0.9996574
ຂໍລະຫັດແນໄດບໍເຈ້າ,1,1,1,0.9459513
ເຂົ້າບໍ່ເບິງໄດ້ແກ້ໄຂໃຫ້ແດ່,1,1,0,0.99879336
ກະດີຢູ່ແຕ່ໂຫຼດຍາກເກີນ,1,1,0,0.9758085
ໃຊ້ໄດ້ປະໂຫຍດ,1,1,1,0.99963737
ຫຼອກລວງປະຊາຊົນ ຕັດເງີນໄປລ້າໆ,0,0,0,0.997399
ຕິດຕໍ່ພະນັກງານຍາກ ກົດປຸ່ມຕິດຕໍ່ເດັ້ງອອກທຸກຮອບ,0,0,0,0.9995876
ຍົງ,1,1,1,0.9972638
ເສຍດາຍຊື້ຜ່ານທະນາຄານພັດທະນາລາວບໍ່ໄດ້,0,0,1,0.9899476
ທ ຫງໍ ຝວວຶ 9 ຮ ມຝ,1,1,1,0.99176437
ມັກແອບນີ້ທີ່ສຸດ,1,1,1,0.999554
ສະຫມັກເນັດຍາກ,0,0,0,0.999071
ດີມາກຽ,1,1,1,0.9996295
ດາວໂຫລດແອັບບໍ່ໄດ້,0,0,0,0.99898773
ທອງໄຊ,1,1,1,0.99955136
ຄວາມຈໍາເຕັນ,1,1,1,0.99780875
ຮັກແລະຄິດເຖິງ,1,1,1,0.9995678
ດີອີ່ຫຼີ,1,1,1,0.99963236
ດີຄຮັບ,1,1,1,0.9996437
ໂຄດຊ້າ ຊ້າສິບຫາຍເປັນຊັ່ວໂມງ,0,0,0,0.9996458
ອ້ວນ ຮັກແຟນ,1,1,1,0.99949765
ເບິ່ງວີດີໂອກະຊ້າຫມຸນເອົາເນັດກະບໍໄດ້ຈັກເປັນຫຍັງ,0,0,0,0.9996959
ຍິນດີໃຊ້ແອບນີ້ດີສໍາລັບທຸກຄົນຂອບໃຈ,1,1,1,0.99960333
ບັງຂັບລໍາຄານເບື່ອ,0,0,0,0.99879813
ແອບໂຄດກາກລົງທະບຽນບໍ່ໄດ້,0,0,0,0.99973255
ສະບາຍດີຫລີ້ນເຟດນີ້,1,1,1,0.99943405
ຫີນດີ,1,1,1,0.99952626
ຮາຮາຮາ,1,1,1,0.9967963
ໃຊ້ດີແຮ່ງແຕ່ຢາກໃຫ້ປັດຄຸນນະພາບຂອງເນັດເພາະເຂົ້າຍາກແຮງ,1,1,1,0.9993575
ອີຫຍັງຫວະ ອັບເດດທຸກມື້ສັສສສ,0,0,0,0.9991221
ພາບລວ່ມ,1,1,1,0.9989392
ແຊັບທັນໃຈ ສັ່ງເລຍ,1,1,1,0.98507166
ເຂົາຄືນານຕອບແທ້,1,1,0,0.9968945
ຢາກໄຫ້ກູ້ຂໍ້ມູນຄືນໄດ້,1,1,1,0.9993449
ຫມຸນບໍໄດ,0,0,0,0.9891187
ດີຫຼາຍເຈົ້າ ຢາກໃຫ້ພັດທະນາໄປເລື້ອຍໆ,1,1,1,0.99958354
ຫວ່າຍແຕກຂະນາດປົດລອກໂຕໃດກະບໍ່ໄດ້,0,0,0,0.9995122
ແອັບຄືຕິດຕັ້ງບໍ່ໄດ້ຄ່ວນພິຈາລະນາເພີ່ມເຕີ່ມໃຫ້ແດ່,0,0,0,0.99948776
ລີນສວງນີບໍຄອຍດີເລີຍ,1,1,1,0.95719784
very goog ດີຫຼາຍ,1,1,1,0.99959713
ເຟສເປັນຫ້າຫຍັງກໍາລັງຫວານກັບເດຟນຢູ່ໆລະຫາຍ,0,0,0,0.9953904
ປັບປຸງການສົ່ງລະຫັດຜ່ານແດ່ເດີທ່ານເຮີຍ,0,0,0,0.9958175
ທຸກຢ່າງດີຫມົດແຕ່ຍາມໂອນເງິນແລ້ວລະມັນມັກເດັ່ງນະແກ້ໄຂແຕ່ເດີ,1,1,1,0.9986827
ແອນດອຍ12ລະຍັງບໍ່ມີເພງໃຫ້ລົງສະຕຣໍຣີ່ເສີຍ,0,0,0,0.9988418
ຈີບສາວ,1,1,1,0.9989837
ດີຕິດຕ່ກັນງ່າຍ,1,1,1,0.9996402
ຈັນດີມີສິດຊ່າງວິໄລ,1,1,1,0.9995915
ປ່າເຍ່ຍ,1,1,1,0.9972154
ໂຄສະນາຫລາຍເກີນ ແກ້ໄຂໃຫ້ແນ່ລະຊິໃຫ້ດາວເພີມ,0,0,0,0.9996395
ມ໋ອງ,1,1,1,0.9935369
ລາຄາຖືກມີໂປຣຫຼາຍ,1,1,1,0.99604684
ໂດຍລວມດີ ແຕ່ຖ້າສົ່ງບໍ່ທັນຊ້າ ຢາກໃຫ້ແຈ້ງໄວ້ກວ່ານີ້,1,1,1,0.9987356
ແອບດີຫລາຍຊື້ເລກສະບາຍ ຝາກເລກແນະນໍາອີ້ກຄົນແດ່70687200,1,1,1,0.9992461
ບົດ,1,1,1,0.99653685
ໄມ້ຍີງ,1,1,0,0.7001265
ແອບສົ້ນຕີນແກ້ໄຂດ່ວນກົດເບີໃສ່ແລ້ວບໍ່ເຂົ້າບໍ່ມີບ່ອນປ້ອນລະຫັດ,0,0,0,0.99972945
ເຮັດໄຫ້ນ້ອງຫິລໄດແດ່,1,1,1,0.9975799
ກາກໂພດໂຫຼດແລ້ວຕິດຕັ້ງບໍ່ໄດ້,0,0,0,0.9996971
ບັກຄໍາຜານ,1,1,1,0.9964619
ລອງເບີ່ງກ່ອນຄັ່ນໄຊ້ດີຈະເພີ່ມເຕັມ5,1,1,0,0.9906781
ຮັກເດີ້,1,1,1,0.9995908
ສະດວກໃນການສື່ສານ,1,1,1,0.99958915
ໄຫ້2ໄປກອນຊວງນີ້ລີນສາເກີນແຕ່ກີລີນສະບາຍງາຍດຽວນີ້ລີນຍາກປັບປຸງໄຫ້ມັນຄືແຕ່ກິໄວໄວແດ່,0,0,0,0.9982993
appດີບໍ່ມີໃນລາວ,0,0,1,0.9957021
ໃຊ້idຄົ້ນຫາເບີ່ງວ່າເຄື່ອງຮອດໃສບໍ່ເຄີຍໄດ້ ຄວນປັບປຸງ,0,0,0,0.999089
ກະແຮ່ເງາົ ສຸນວິໄລ,1,1,1,0.99575186
ສະດວກດີຫຼາຍ,1,1,1,0.99966204
ຢູ່ກັບປະຈຸບັນ,1,1,1,0.9992549
"ກໍາລັງເບິ່ງຮູບໃນການພັດທະນາຂອງຈີນ,",1,1,1,0.9991672
ດີມາກຕິດຕໍ່ໂທສະດວກດີ,1,1,1,0.9996207
ລະຫັດສົງມາຊ້າເກີນສະຫລຸບໃຫ້ລໍຖ້າຈັກນາທີ,0,0,0,0.99967504
ອັບໂຄດພໍ່ໂຄດແມ່ມືງຫຍັງທຸກມື້ອັບໄຜຊື້ໂລງໃຫ້ໍາໍ່ມືງຫວາ,0,0,0,0.9996222
ໂຄດຫວຍແຕກ ຍຶດສັນຍານບໍ່ມີ ທັ້ງທີ່ຫລີ້ນຫຍັງກະໄດ້ເບິດ ລ່າສຸດບັງຄັບໃຫ້ເປີດແຕ່ທີ່ຕັ້ງ ຈັກສິໃຫ້ເປີດຫາສະແຕກຫຍັງກະບໍ່ຮູ້,0,0,0,0.99975175
ຊື້ຫວຍບໍໄດ້ມີແຕ່ກວດຜົນຫວຍເທົ່ານັ້ນ ໃຜຊື້ເລກໄດ້ແນະນໍາໃຫ້ແດ່,0,0,0,0.9976126
ຢຽມເລີຍ,1,1,1,0.9992848
ດີມາກຄ່ະ,1,1,1,0.99960726
ແກະຖ່າຍຮູບກະບໍ່ແຈ້ງຈັກຮູບແອັບນີ້ ຖ່າຍຮູບໄປບັກຫລໍໆ ບໍ່ຮັບຫລັກ2ສະແກະ,0,0,0,0.99967873
ຕົກລົງ,1,1,1,0.9993068
ເປັນແອັບທີ່ດີຂອງຄົນລາວ,1,1,1,0.99959236
ເສຍແຕ່ມີໂຄສະຫນາຫຼາຍເກີນ,1,1,0,0.9868787
ຢາກຕັ້ງ,1,1,1,0.9992461
ດີ ມີການພັດທະນາທັນສະໄຫມ,1,1,1,0.9996338
ລີ້ນດີມາກເພິ່ນໄປດ້ວຍ,1,1,1,0.99959713
ຍອດຍ້ອມ,1,1,1,0.9995703
p lnin xovsay ໃຫ້ຄະແນນແອ້ບນຶ້,1,1,1,0.98840266
ຖ້າເລືອໄດ້ຂ້ອຍຈະເລືອເອົາແຕ່ຄວາມສຸກບໍ່ເລືອເອົາຄວາມທຸກແລ້ວຕິດຄຸກມັນທຸກສຸດສຸດໃຈ,1,1,1,0.99901116
ຖ້າສັ່ນລຸ້ນໂຊກໄດ້ກະຄົງຊິດີ,1,1,1,0.9941233
ໃຫ້ແລ້ວ,1,1,1,0.9977216
ເປັນຫຍັງຂ້ອຍດາວໂຫລອດບໍໄດ້ແອັບນີ້ແລ້ວ,0,0,0,0.9950563
ໄດ້ເນັດດີ,1,1,1,0.99962294
ດິມາກກ,1,1,1,0.9907141
ອັບເດດລະບໍ່ເຫັນໄດ້ດາຕ້າ,0,0,0,0.9994766
ເວີຊັນໃຫມ່,1,1,1,0.94776917
ແອບເປັນໃດວະໂຫດມາເຂົ້າບໍໄດ້ລະວ່າເປັນພາບເກົາຢູ່,0,0,0,0.99963164
ເປັນຫຍັງເບິ່ງໂທລະພາບບໍ່ໄດ້ແລ້ວ,0,0,0,0.99469805
ສຸດຍອດອີຫຼີ່,1,1,1,0.9996118
ຢາກໄ,1,1,1,0.9992592
ການໃຊ້ທີ່ຜ້ານມາແມ່ນຄວາມສະດວກວ່ອງໄວທັນໃຈຫຼາຍ,1,1,1,0.99957854
ມັກ ເຮັດໃຫ້ຂ້ອຍມີແຟນໄດ້ຫຼາຍຄົນ,1,1,1,0.9995592
ຄວນມີການລ໊ອກອິນເຂົ້າບັນຊີເກົ່າໃຫ້ໄດ້ແນ່ອະນິລ໊ອກອິນເຂົ້າໃຫນ່ກະເປັນບັນຊີໃຫນ່ເລີຍຄວນປັບປຸງເລື່ອງນີ້ແນ່ ໃນຖານະເຮົາເປັນຜູ້ໃຊ້ງານຢາກເຂົ້າບັນຊີເກົ່າກະເຂົ້າບໍ່ໄດ້ເຂົ້າໃຫນ່ກະເປັນບັນຊີໃຫນ່ເລີຍແບບນີຄວນປັບປຸງເລື່ອງນີ້,0,0,0,0.9993724
ໄຊ້ດີມາກນະ,1,1,1,0.9995652
ຫາກະໂຫລດແລ້ວຍັງໃຫ້ອັບເດດ ອັບເດດແລ້ວມາມື້ໃຫມ່ໃຫ້ອັບເດດອີກ?,0,0,0,0.99966395
ເຂົ້າແອັບໂຄດຍາກສັນຍານບັກຫລາຍໆກະຍັງເຂົ້າຍາກສີໂອນເງິນກະເປັນຊົ່ວໂມງ ຝາກປັບປຸ່ງໃຫ້ແດ່ເດີ,0,0,0,0.9997749
ສາຍເປ,1,1,1,0.99596137
ລິຈຄູໄຄຕຂ,1,1,1,0.9882222
ມີຄວາມຕ້ອງການ,1,1,1,0.99931884
ເປັນຄົນຊື່ສັດ,1,1,1,0.99960333
ປະສົບການທາງດ້ານການເຮັດວຽກຢູ່ຮ້ານອາຫານ,1,1,1,0.9990169
ດີຫຼາຍໃຊ້ໄດ້ທຸກທຸລະກິດ,1,1,1,0.9996288
ແກ້ໄຂແນ່ເດີ້ ບາງຄັ້ງບາງທີເຂົ້າແອັບບໍ່ໄດ້ ຊ້າໂຄດໆ ແກ້ໄຂແນ່,0,0,0,0.99940586
ອັບເດດແລ້ວຊ້າກວ່າເກົ່າຈົນເຂົ້າຫຍັງບໍໄດ້,0,0,0,0.9996898
ໂຫລດ4ເທື່ອລະເຂົ້າແອັບບໍ່ໄດ້,0,0,0,0.9995443
ບໍ່ມັກມັນຫຼາຍຂັ້ນຕອນໂພດແຕ່ກະໃຊ້ດີ,1,1,1,0.8468312
ຂານາ,1,1,1,0.9980083
ແອັບບໍ່ດີປານໃດເດີ ຊ່ວຍປັບປຸງໃຫ້ຜູ້ບ່າວຕອບແຊັດແນ່,0,0,0,0.9983321
ຍາກປິດກ້ານຫລາຍ,1,1,1,0.99764496
ໄຊ້ງານດີແລະສະດວກຫລາຍ,1,1,1,0.99960333
ດີຢູ່ແຕ່ຖ້າເລ່ນເກມແລ້ວໃຫ້ເງິນດາຕ້າແຕ່ລະມື້ຄືຊິດີກ່ວານີ້,1,1,1,0.99939525
okມາກມາກສຸດສຸດ,1,1,1,0.99897385
ເຮີບໍ່ຊ່າງເວົ້າ,1,1,0,0.99378294
ໃຊ້ໄດ້,1,1,1,0.99921143
ແຕ່ລະມື້ເຂົ້າໄດ້ແຕ່ມື້ນີ້ວັນທີ28 11 2024ເປັນຫຍັງຄືເຂົ້າແອັບບໍ່ໄດ້,0,0,0,0.9989141
ການດາວໂຫລດຄືຊາແທ້,1,1,1,0.7243831
ຂໍເຟດບຸກແດ່ອາຈານເຮັດບໍເປັນພໍ່ກໍແບ່ງໃຊ້ເປັນຮູບຫຍັງແດ່ເປັນພໍ່ເຮັດບໍ່ເປັນ,0,0,0,0.9986541
ເບື່ອຄົນລາວແຕລິວິວເປັນພາສາໄທ,1,1,0,0.9830526
ຂອງຂ້ອຍມັນເຂົ້າບບ່ໄດ້ ໂຫລດດົນໂພດ ເຂົ້າບໍາໄດ້ເລີຍ ແກ້ໄຂດ່ວນໆໆ,0,0,0,0.9986878
ໃສທຸກມື້,1,1,1,0.9991541
ໃຊ້ດີ ແຖມມີຈິດຈະກໍາໃຫ້ຫລິ້ນ,1,1,1,0.9995523
ຈຕະຂນນຈີມດຂນູາ,1,1,1,0.984516
ນະພາ ກີ້ກີ້,1,1,0,0.9968702
ຫນີ ພົງສະຫວັນ,1,1,1,0.9826909
ແອປຍັງໃສລະຫັດສວນຕົວກະບໍ່ໃດ້ ແລະ ຄັນສິໃສລະຫັດແອປ ບໍເຫັນເຈົ້າຂອງແອປ.ສົ່ງໄຫ່ ຄວນປັບປຸງແນ່ເດີແອບນີ້,0,0,0,0.99954873
ຢາກມິເພື່ອນ,1,1,1,0.99936634
ປ່າຮົ່ວ,1,1,1,0.9982003
ໃສ້ໄປກ່ອນ,1,1,0,0.7717575
ດີອອກ,1,1,1,0.9996526
ແອັດບ້າບໍ່ໄດ້ເງີນ,0,0,0,0.9986878
ກາພໍໃສ່ໄດ້,1,1,1,0.9887771
ແອບນີ້ສຸດຍອດເລີຍ,1,1,1,0.9990582
ລົງທະບຽນໃສ່ເບີແລ້ວທຸກຢ່າງຫມົດລໍຖ້າອານຸມັດຈົນ2ມື້ລະຍັງບໍໄດ້ອານະມັດປານນີ້ອອກປຸບຊິມາເບີ່ງໃສ່ລະຫັດໃຫມ່ເບີລະຫັດກາຕົງກັນກາຍັງບໍໄດ້ປັບປຸງແນ່ເດີ,0,0,0,0.999765
ຄືລົງທະບຽນຍາກແທ້ຊອກຫາແຕ່ລະຫັດອາງອິງ,0,0,0,0.9993917
ລົກໂອະ,1,1,1,0.94458723
ເນັດບໍ່ເຄີຍອອກຖືກແຕ່ຟັງເພລງ,0,0,0,0.9990582
v ນັກທຸລະກິດ,1,1,1,0.99876
ເປັນຫຍັງມື້ນີ້ຄືອີ້ນຊ້າຜິດປົກກະຕິ,0,0,0,0.9984603
ແກ້ໄຂໄດ້ແລ້ວ ຂອບໃຈຫຼາຍໆ,1,1,1,0.9992053
ໃສ່ດີມາກເລີຍແອັບນິ້,1,1,1,0.9995435
ທີ່ຊື່ຈ.ຈ.,1,1,1,0.9947595
ດີແຕ່ປັບປຸກການໃສ່ຮູບໂປຟາຍ,1,1,1,0.9992986
ການເຂົ້າແລະລ໊ອນອີນເຂົ້າໃຊ້ ຄວນປັບປຸງຫຼາຍ,0,0,0,0.9974885
ປັບປຸງຂື້ນເຕີມອີກແອບໃສງານບໍ່ດີແນະນໍາຍາໂຫລດໃສເລີຍ,0,0,0,0.99966
ແມ້,1,1,1,0.9978258
ເປັນແອັບທີ່ບໍໄດ້ເດີຖ່າຍຮູບໄປແລ້ວຂຽນມາວ່າ ການຂື້ນທະບຽນເລກຫມາຍໂທບໍ່ໄດ້ຮັບອະນຸມັດ ຍ້ອນຖ່າຍຮູບເອງກະສານບໍຖືກຕ້ອງຂ້ອຍຖ່າຍໄປ4ເທື່ອແລ້ວແຕ່ມັນຫຍັງວ່າແບບເກົ່າຂ້ອຍຈົນບໍຈັກຊິໄປເລີຍບາດນີ້,0,0,0,0.9994947
ອັບເດດບໍ່ໄດ້ກະລຸນນາຊ່ວຍແກ້ໄຂການອັບເດດ,0,0,0,0.99863297
ມັກທີສູດ,1,1,1,0.99958915
ດີຫັຼາຍ,1,1,1,0.99958676
ດີໃຊ້ດີເວລາບໍ່ມີເນັດກະເຮັດກິດຈະກໍາເອົາ,1,1,1,0.9995883
ຂໍໂຊກໃນ,1,1,1,0.9995802
ປົງໃຈທີ່ສຸດມີ,1,1,1,0.9995883
bugຫລາຍ,0,0,0,0.9979771
ບັງເອີນມີຫົວໃຈ,1,1,1,0.9958093
ຂອ້ຍເດີ່,1,1,1,0.99621993
ແກ້ໄຂແດ່ຫມຸນວົງຫລໍບໍ່ໄດ້,0,0,0,0.99850464
ອັບແດດທຸກຄັງແທນທີ່ຈະອັບແດດໃຫ້ດີຂຶ້ນແຕ່ກົງກັນຂ້າມແອັບນີ້ອັບແດດໃຫ້ກາກລົງເລື້ອຍໆ.ທຸກຄັງທີອັບແດດ,0,0,0,0.9994917
ທັກໄດ້ບໍ່ຄຸຍດອກ,1,1,0,0.79454446
ດາວໂຫລດມາແລ້ວເປີດແອັປຄືບໍ່ໄດ້,0,0,0,0.99949265
ເອັບຍັງຊ້າຫຼາຍ ພັດທະນາຕື່ມແນ່,0,0,0,0.99624926
ມ່ວນຢູ່,1,1,1,0.9996526
ດີຫລາຍດີອ້ນດັບ1,1,1,1,0.99962366
ຄູນສາມີ,1,1,1,0.9983223
ວັນ,1,1,1,0.997414
ສຸດຢອດເລີຍແອບນິ,1,1,1,0.9990188
ດີໃຈນໍາແດ່,1,1,1,0.9996215
ຝາກຕິດຕາມເດີ,1,1,1,0.99885535
ໄດ້ແລ້ວຕິນິເຫັນສົ່ງລະຫັດມາ,1,1,1,0.9905691
ເດ ເດ,1,1,1,0.98922324
ບໍ່ມີປະໂຫຍດຫຍັງເລີຍລະຫັດກະບໍ່ສົ່ງ.ລ່າຊ້າເກີນໂພດ ລົງທະບຽນນໍາຮ້ານຂາຍຊີມກະມາໃຊ້ບໍ່ໄດ້ຄຶເກົ່າ ກະລຸນາພັດທະນາໃຫ້ມັນທັນສະໃຫມກ່ວານີ້ແດ່,0,0,0,0.99972194
ດາວລົດບໍ່ໄດ້,0,0,0,0.9994504
ລົງທະບຽນມາເປັນຊັ່ວໂມງກໍບໍ່ໄດ້ຈັກທັງທີກະເຮັດຕາມ ວີທີບອກແຕ່ກະບໍ່ໄດ້ ຄວນແກ້ໄຂ ປັບປຸງແນ່ເດີມັນເສຍເວລາຂອງຂ້ອຍຫຼາຍ,0,0,0,0.9996458
ດີທີສຸດຈ້າ,1,1,1,0.9996259
ຢາກເປີດນໍາໄຊ້ເລກບັນໃນອີເມວນີໃດ້ບໍ່ຈ້າວ,1,1,1,0.997537
ໂຫລດແອັບມາຄືເຂົ້າບໍ່ໄດ້ກົດຫຍັງກະເດັ້ງອອກຄືນພວມໂຫລດມາກະຊິເປັນແນວນີ້ບໍ ແກ້ໄຂໃຫ້ແນ່ເດີ,0,0,0,0.99975175
ໂຄດດີເລີຍຍຍ,1,1,1,0.99860066
ແກ້ໄຂແດ່ເດີໂອນເງິນອອກລະເງິນອອກຈາກບັນຊີໄປຫມົດແລ້ວແຕ່ເງິນບໍ່ເຂົ້າບັນຊີທີ່ໂອນໄປແກ້ໃຫ້ແດ່ເດີ,0,0,0,0.9995308
ໂລເລດໂລ,1,1,1,0.99389064
ຊວ່ຍເລືອລາຍກ່ານໂທທາງວອ້ດແອ້ບ,1,1,1,0.9923934
ໄຊດີຫລາຍ,1,1,1,0.9996437
ອັບເດດແລ້ວເຂົ້າລະບົບບໍ່ໄດ້ລະຫັດບໍ່ຖືກຕະຫຼອດມັນສິເອົາຈະໃດລະຫັດຈືໂຄດງາຍບໍ່ວ່າສິລືມ1ແປດໂຕນະ,0,0,0,0.999764
ແອັບມີບັນຫາເດີເຮັດພາລະກິດແລ້ວບໍ່ໄດ້ຮັບດ້າຕ້າ,0,0,0,0.9995005
ແກ້ໄຂແຊັດເຮານ້ອຍ,0,0,0,0.996357
ສິຫມັກບໍ່ໄດ້,0,0,0,0.9962638
ໂລດວອດແອບ,1,1,1,0.9740426
ກູ້ຄືນ,1,1,1,0.99876
ຢ່າລືມພິມເລກຜູ້ແນະນໍາໃສ່ແນ່ເດີ 23059820 ຂອບໃຈທີ່ພິມເລກຜູ້ແນະນໍາໃສ່,1,1,1,0.99762183
ແອັບຫ່າຫຍັງເຂົ້າກະບໍ່ໄດ້ນ່າເບື່ອ,0,0,0,0.99965334
ສະນຸກໃຫ້ຄວາມບັນເທິງ,1,1,1,0.99958426
ຊີວ,1,1,1,0.99792516
ຫລີ້ນສະນຸກ,1,1,1,0.9951041
ໃຫ້ເຮົາແຊັດເທີນ,1,1,1,0.9992986
ເຄນຄານສີໄລ,1,1,1,0.99743915
ຢາກໃຊ້ແອບນີ້,1,1,1,0.9993773
ປັບປຸງແກ້ໄຂແນ່ເດີເວລາຊິເຕີມບັດເຮົາຢາກສະແກນກະສະແກນບໍ່ໄດ້ຈ້ໍາເຂົ້າລະມືດຢູ່ບໍ່ເຫັນອີສັງຄັນຊິກາກປານນີ້ຈັກເຮັດມາເພື່ອຫຍັງ,0,0,0,0.99964094
ບໍລິການດີວ່ອງໄວ,1,1,1,0.9996118
ບຸນສົມີໄຊ້,1,1,1,0.99952996
ໂຫລດfacebookໄມ່ໄດ້,1,1,1,0.9947391
ເຕີມເງີນຜ່ານແອບບໍ່ໄດ້ ປັບປຸງແນ່,0,0,0,0.9995995
ຄົງຈະໃຊ້ດີ,1,1,1,0.99959785
ແອັບໂຄດພໍໂຄດແມມຶງ ປັບແບບຄືເກົາກະດີຢູແລ້ວພາກມຶງຫາກິນສີ້ນ,0,0,0,0.9995197
ຂໍເບີດfacboobຂ້ອຍແດາ,1,1,1,0.99880517
ຮັບ,1,1,1,0.9967524
ໃສ່ດີລາຍ,1,1,1,0.99959475
ສະດວກດີຂໍຂອບໃຈ,1,1,1,0.9996352
ໄດ້ເນັດນ້ອຍ,1,1,1,0.99783427
ກາກເຂົ້າກິນບໍ່ໄດ້,0,0,0,0.99954873
ດີ ແຕ່ບໍ່ມີຊ່ອວງເບິ່ງຫນັງ,1,1,1,0.9995939
ຈໍາຊາ,1,1,1,0.99897975
ສົ່ງຫາຜູ້ສາວກະບໍ່ຕອບແອັບນິ,0,0,0,0.9993773
ນ ວຽງສະໃຫ່ມ ພົງອຸດົມ,1,1,1,0.9989392
ໄດຮູ້ປະສົດການ,1,1,1,0.9994185
ແອບມັກຍາກ,0,0,0,0.9993575
ໄດ້ກ້ານແລ້ວເປ່,1,1,1,0.9973061
ດີຫລ້າຍ,1,1,1,0.99962735
ມັນຄືເດັ້ງອອກຕະຫຼອດ,0,0,0,0.9991991
ແອັບນີ້ດີ ໃຊ້ງ່າຍ,1,1,1,0.99959785
ແອບນີ້ມູ່ນຈັກເທືອກະບໍ່ໄດ້,0,0,0,0.99940467
ຊິວີດຄົນໄກບ້ານ,1,1,1,0.9980122
ສະດຸດ,1,1,1,0.9973008
ເງິນໂອນ,1,1,1,0.98768765
ໃຊ້ດີຂອບໃຈຫຼາຍໆ,1,1,1,0.99961406
ເປັນຫັຍງຄຶດາວໂດດບໍ່ໄດ້ໃຜຮູ້ບອກແດ່,0,0,0,0.9962782
ດີຫຼລາຍ,1,1,1,0.99961406
ມັນສະດວກເວລາເຮ່າບໍມີເນັດກໍສາມາດແຊດຍາມສຸກເສີນໃດ້ ດີລາຍຂ້ອຍມັກແອບດີໆແບບນີ້,1,1,1,0.99954176
ຂໍໄຫ້ໄດ້ເດີ 4 5 2020,1,1,1,0.99946946
ໂດຍຍ,1,1,1,0.99624926
ບໍ່ຕ້ອງໃຊ້ເດີ້ app ນີ້ບໍ່ດີອັບເດດຕະຫລອດບໍ່ປອດໄພເດີ້ກາກຫລາຍ,0,0,0,0.9991524
ດີພໍໃຊ້,1,1,1,0.99965465
ຈັກແນວໃດ ມັນບໍ່ຄືເວີຊັ່ນເກົ່າເລີຍ ເວີຊັ່ນໃຫມ່ແຮງກາກ ຈັກອີຫຍັງຕໍ່ຍັງ,0,0,0,0.9996207
ແຢ່ສຸດໆເສັຍເວລາລ່າໆຄິດຈະເຮັດກະເຮັດໃຫ້ມັນດີໆແດໃຫ້ມັນໄຊ່ງາຍໆເມາະກັບຄົນທຸກໄວແດ,0,0,0,0.97769254
ແອັບຂີ້ເຫຍື້ອ ແອັບອີຫຍັງຄືກາກແທ້ ກູລະລອ໋ຍນໍາຄົນຜະລິດ ຍອ້ນແນວນີ້ປະເທດລາວຈັ່ງບໍ່ຈະເລີນ,0,0,0,0.99953806
ສະດວກສະບາຍ ປະຫຍັດເວລາ,1,1,1,0.99961555
ດີຫຼາຍຈະ,1,1,1,0.9996705
ດີມາກດີອະຫລີນເດີເຈົ້າ,1,1,1,0.9996118
ນອ້ງແກ້ວຄົນເອົາແຕໃຈ,1,1,1,0.9925249
ແອບກາກສະມັກກະບໍ່ໄດ້ໃສ່ວັນເດືອນປີເກີດຖືກແລ້ວກະບໍ່ໄດ້ແອບໂຄດບໍ່ມີຄຸນນະພາບບບແອບກາກໆ,0,0,0,0.9997731
ແຊັດຫາ,1,1,1,0.9995461
ໃຊ້ມີປະໂຫຍດຫລາຍໃຊ້ບໍ່ທັນປົກກະຕິ,1,1,1,0.9995005
ຄົນທົ່ວໂລກຫີ້ລນແອັບນີ້ສຸດເຈັງ,1,1,0,0.78224695
ບໍ່ໄດ້ເນ້ດ,0,0,0,0.9974541
ໃຫ້ໄດ,1,1,1,0.9971551
ຄືບໍ່ສົ່ງລະຫັດ otp ມາ,0,0,0,0.9987576
ໄຊ້ງ່ານດີຄື້ນ ນເ,1,1,1,0.99954873
ຫນີໄປແອັພຕັ້ງຍາກເຂົ້າຍາກ,0,0,0,0.99958676
ໃຊ້ປະຈໍາ.ດີໆ,1,1,1,0.99957114
ປ່ຽນຊື່ຊະ ແອັບຊ້າກາກໂພດ,0,0,0,0.9996737
ແອັບໂຄດຄວາຍເລີຍ ໃຊອີຫຍັງບໍໃດ້ເລີຍ,0,0,0,0.99963737
ສົ່ງເອບບໍ່ໄດ້ຊວ່ຍແກ້ໃຫ້ຫນອ່ຍຈາ,0,0,0,0.9991135
ຕິດຕັງແອບໃຮແດ,1,1,1,0.9934865
ສຸດຍອດປາຍພ້າວເລີຍຍົກນິ້ວໃຫ້,1,1,1,0.9992053
ເຂົ້າແອັບກະຍາກໆໃສ່ລະຫັດລະວ່າແຕ່ບໍ່ຖືກງົງໄປທະນາຄານກະຈົນອາຍຄວນປັບປຸງ,0,0,0,0.9997613
ດີຫລາຍສັ່ງກໍສະດວກ,1,1,1,0.9996424
ສໍາລັບຂ້ອຍໃຊ້ດີຫລາຍມີຄວາມເປັນສ່ວນຕົວດີ,1,1,1,0.9996118
ຢາກຮູ້ວ່າເປັນຫຍັງຍາມດາວໂຫລດ ມັນໂຫລດບໍ່ໄດ້ຈຮາ,0,0,0,0.99899167
ສະນຸກຫຼາຍ,1,1,1,0.997537
ບໍ່ເຄີຍມີໂທລະສັບ,1,1,1,0.9977743
ຊອບຫລິ້ນຕອນດີດ,1,1,1,0.9979048
ທ້າວຄໍາສູງມີພາມາ,1,1,1,0.9976126
ຕອນນີ້ໂທອອກບໍ່ໄດ້ເປັນຍ້ອນຫຍັງນໍຂໍວິທີແກ້ໄຂດ່ວນ,1,1,0,0.99849594
ຂັນທອງ,1,1,1,0.9987405
ເກມຊ້າງກະໂດດເອົາອອກເພື່ອ,0,0,0,0.9987081
ເຂົ້າໄປລົງທະບຽງກະບໍ່ໄດ້ເອົາໄປ1ດາວພໍ,0,0,0,0.9996911
ມັກົດຫຼາຍສໍາລັບແອບນີ້,1,1,1,0.99954873
ໃຊ້ມີປະສິດທິຜົນຫຼາຍ,1,1,1,0.99960417
ປ ອຮື້,1,1,1,0.99401975
ອາຫານແຊບສະອາດ,1,1,1,0.99954873
ເຈົ້າຊ່ວຍຂ້ອຍໄດ້ໃນສະເພາະຕ້ອນຂ້ອຍຢາກລິ້ນເກມ,1,1,1,0.99942964
ຖ້າແອບສາມາດຊື້ຮູ້ນຕາ່ງປະເທດຫືຼກອງທຶນຕາ່ງປະເທດໄດ້ມັນຈະເປັນແອບຫນຶ່ງດຽວໃນລາວນີ້ມີຜູ້ໃຊ້ຫາຼຍສຸດໃນລາວແລະເປັນແອບອັນດັບຫນຶ່ງເລີຍ,1,1,1,0.9972262
ນໍາພຈພຮພ,1,1,1,0.9914722
ໂຫລດມາແລ້ວ ຄືເຂ້າໄປໃນໂຕແອບບໍ່ໄດ້ ກະລຸນາແກ້ໄຂແນ່ເດີ,0,0,0,0.9994116
ຄືແບບວ່າ ພານັກງານນະ ຕອບແຊັດຊ້າໆຊິລົບບັນຊີກະລົບບໍ່ໄດ້ ຊິປ່ຽນຊື່ກະປ່ຽນບໍ່ໄດ້ ຄືຕ້ອງໄດ້ເອົາເບີທີ່ສະຫມັກແອັບຖິ້ມບໍ້ ໃຫ້ຊື້ເບິໃຫມ່ໃສ່ຈຶ່ງຈະໄດ້ບໍ້,0,0,0,0.9995035
ລະຫັດ ot ຖ້າ 10 ນາທີກະບໍ່ສົ່ງມາ,0,0,0,0.9989778
ສາວມົ້ງຊົ່ງ,1,1,1,0.99637836
ມັນເຂົ້າບໍ່ໄດ້ເລຍ ບັງຢູ່ແຕ່ຫນ້າເກົ່າຢູ່ ຊ່ວຍແກ້ໄຂ້ແນ່,0,0,0,0.9992792
ຍົກເລີນ,1,1,1,0.99789655
"ລົງທະບຽນບໍ່ໄດ້ເລີຍພະຍາຍາມລົງມາ2ເດືອນແລ້ວໂທຫາສູນກະເວົ້າໄປຊື່ໆບໍ່ຮູ້ເລື່ອງຫຍັງ,ປັບປຸງຕື່ມແດ່ເດີ",0,0,0,0.99967873
ຢາກຖືກລາງວັນ,1,1,1,0.9993893
ຂໍຊົມເຊີຍ,1,1,1,0.9994622
u moneyເປັນແອັບທີ່ລະບົບບໍ່ມີຄວາມຮັບຜິດຊອບພໍ້ກັບຕົວເອງ ລົງທະບຽນແພັກເກັດຕັດເງິນໄປ3ມື້ແລ້ວບໍ່ໄດ້ຮັບດາຕ້າແຈ້ງສູນກະບໍ່ມີການແກ້ບັນຫາໃຫ້ຂາດຄວາມເຊື່ອຖື,0,0,0,0.9992848
ໃຫ້ຫາດາວ,1,1,1,0.994089
ຫມຸນວົງລໍ້ກະລ້ອກເກີນນນ ແຕ່ກີ້ຍັງຖືກແນ່ດຽວນີ້ລ້ອກແທ້ລ້ອກວ່າ ເປັນ 100 ຫມຸນກະບໍ່ຖືກ ຄັນບໍ່ແຈກກະລົບອອກສາ,0,0,0,0.9996923
ເນັດຟຣີມີໄດ້ ທຸກມື້,1,1,1,0.98792297
ເນັດ100mbສ່ໍານີ້ກະໃຫ້ຍາກນໍເອົາຕັ້ງ3 4ມື້ຍັງບໍ່ທັນໃຫ້ຢູ່,0,0,0,0.9995963
ເປັນຍັງຄື ທັງຫມົດທີ່ຈຫຼີ້ນບໍ່ໄດ້,1,1,0,0.906156
ໄຊ້ດີມາກໆ,1,1,1,0.9995695
ພະນັກງານຕອບຊ້າໂພດ,0,0,0,0.999608
ຄັນຢາກໄຫ້ຄົນໃຊ້ກະເຮັດໄຫ້ມັນດີບໍແມ່ນເອົາໄປຊົວຫນ້ານັ້ນຫນ້ານີ້ຢູ່ແອັບມາຍຢູ່ນິເທວ,0,0,0,0.9231778
ສະດວກສະບາຍຫລາຍຢ່າງ,1,1,1,0.99964654
ເຊດຖາ,1,1,1,0.99830914
ຄູ້ມສຸດສຸດ,1,1,1,0.9969722
ແອັບນິ້ດີຫຼາຍ,1,1,1,0.9995073
ໃຫ້ 4 ດາວໄປກອ່ນ,1,1,0,0.92441523
ອະທິບາຍປະສົບການຂອງທ່ານ ເລືອກໄດ້,1,1,1,0.9995635
ຢູ່ໄສ,1,1,1,0.9991186
ສິ່ງນີ້ດີທີ່ສຸດຄືສິ່ງແວດລ້ອມ,1,1,1,0.99956435
ຂອບເຂດສົ່ງ ກ້ວາງໄກລ ສົ່ງໄວ ບໍ່ມີບັນຫາ,1,1,1,0.81316423
ກັບມາ,1,1,1,0.99771273
ດີ ຫລາຍ,1,1,1,0.99966
ຕັ້ງແຕ່ອັບເດດມາເນັດກະບໍ່ໄດ້ ຄັນຫມຸນກະຖືກແຕ່ເຊີນຫມູ່ກັບຟັງເພງ ຊ່ໍາເນັດ 20 250mb ຍັງຂີ້ຖີ່ຍັງລວຍບໍ່ພໍບໍ,0,0,0,0.9996673
ບໍດີເລີຍເພາະວ່າບໍແຟນຕອບ,0,0,0,0.9976172
ຈູຢາງ,1,1,1,0.99596137
ຫລິ້ນໄພ່ເກ້າເກບໍ່ເຄີຍໄດ້ເງີນຈັກເທື່ອມີແຕ່ໃຫ້ຄົນເຂົາໄດ້,1,1,0,0.9123581
ຫຼິ້ນເກມແຕ່ດົນຄະແນນບໍ່ເພິ່ມຂື້ນເລີຍຍັງຄືເກົ່າຫມູນວົງລໍ້ກະບໍ່ໄດ້ຫຍັງເລີຍແນວນີ້ກະຍອມ,0,0,0,0.99961853
ປັນບໍ່ຖືກຫຍັງເລຍ,0,0,0,0.99944395
ສບລ້ບໍະບ່ສວ,1,1,1,0.9878996
ສັນຕຶີງ,1,1,1,0.9991491
ແອັບໂຫຼໆ ກະຍັງເອົາມາລົງເນາະ ເປືອງພື້ນທີ່ ໃຊ້ກະບໍ່ໄດ້ ເຊົາເຊົາ,0,0,0,0.9996424
ໄວໆລາຍ,1,1,1,0.9986541
ໃຊ້ງານກະບໍ່ໃດ້ ເຈົ້າຈະບ໋ອກເບີຈັກປີ,0,0,0,0.998844
ເປັນແນວຄິດທີ່ດີ ແບບປະເທດຈີນຄັກຫຼາຍຕໍ່ໄປການຈ່າຍເງີນກໍ່ສະດວກຂຶ້ນຄ່ອງໂຕຂຶ້ນ,1,1,1,0.99954
ຢາກໄດ້ພ,1,1,1,0.9994887
"ເຂົ້າແອັບຢາກແຮງຊ່ວງນີ້, ກົດເຂົ້າບໍ່ໄດ້, ບາງເທື່ອໄດ້ແຕ່ເຂົ້າໄປແລ້ວເປັນສີຂາວ, ຊ່ວງແລງປະມານ 8 9ໂມງກະເຂົ້າບໍ່ໄດ້ລະ",0,0,0,0.9997198
ບໍດີຫີ້ຼກບໍ່ເງີນແລ້ວ,0,0,0,0.9939964
ມອມອີດິດ,1,1,1,0.9957767
ແອັບດີບໍ່ລິການດີ,1,1,1,0.99948066
ເກີນ,1,1,0,0.9890976
ເນັດໂຄດຊ້າແກ້ບັນຫາຊ້າເຄືອຂ່າຍຄຸນະພາບຕໍາ່,0,0,0,0.99961853
ປະສົບການຍັງຫລ້າຊ້າບໍເຂົາໃຈງາຍ່,1,1,1,0.9973888
ຮັກເດີໂມຈ້າ,1,1,1,0.9995859
ໂອເຄມາກກ,1,1,1,0.9923934
ປັບປຸງແນ່ໃຊ້ງານບໍ່ໄດ້,0,0,0,0.9994956
ທາສ,1,1,1,0.9964064
ເນັ້ຜງ ຢາ່ງ,1,1,1,0.9965503
ເປັນບ້າຫຍັງຄືເຂົ້າບໍ່ໄດ້,0,0,0,0.9987306
ປັບແນ່ຫມຸ່ນບໍ່ໄດ້ເຊີນເພື່ອບໍ່ໄດ້ເຊີນເກີດຂໍ້ ຜິດຜາດມັນເປັນຫຍັງແອບນິຢູນິເທວຄືກັນຫຼີ້ນເກມຈັດລຽງຫມາກໄມ້ບໍ່ໄດ້ເຂົ້າໄປຫນ້າຈໍຄາ້ງ,0,0,0,0.999617
ສະສາຍ,1,1,1,0.997537
ລາວແອບ,1,1,1,0.9972904
ກາກຫລາຍໂຫລດມາເຮັດຫຍັງບໍ່ໄດ້,0,0,0,0.99959236
ອັບໃຫ່ມບໍ່ໄດ້ເລື້ອງບໍ່ສົມບຸນ,0,0,0,0.9992679
ສອບວະ,1,1,1,0.98628414
ໄດຼວາ,1,1,1,0.9976404
ໃຊ້ຄັກ ເອີ້ນລົດງ່າຍ ລາຄາຖືກແຮງ ບໍລິການດີ,1,1,1,0.9994363
ແຂກ,1,1,1,0.9960699
ກໍ່ ok,1,1,1,0.9992649
ຄວາມໄວດີຢູ່,1,1,1,0.9996499
ຊ່ວຍແກ້ໄຂແນ່ຫມຸນແລ້ວບໍ່ໃຫ້ມີແຕ່ຄ້າງແລ້ວເຂົ້າລະບົບໄຫມ່ມັນເປັນອີຫຍັງແກ້ແນ່,0,0,0,0.96641046
ສະຫມັກແພັກ25ພັນກີບດາຕາບໍ່ເຂົ້າສໍາ ລາວແອບລາວ,0,0,0,0.9981324
ຕິດຕັ້ງເມຊິນເຈີດ້ວຍນາ,1,1,1,0.9978802
ໃສ່ເລກຜູ້ແນະນໍານີ້ 88085011 ທ່ານຈະໄດ້ໄດ້ເງິນຄືນທຸກການໃຊ້ຈ່າຍໃນແອບນີ້ທຸກຄັ້ງ,1,1,1,0.99788433
ວຶຝວເວອບ,1,1,1,0.9924521
ເຂົ້າແລ້ວເດັ້ງອອກ,0,0,0,0.99946946
ໃຊ້ງ່າຍສະດວກສະບາຍແຖມໃຊ້ຟີໄດ້,1,1,1,0.999617
ບໍ່ສົ່ງຮອດລະຫັດsmsກາກຄັກ,0,0,0,0.99961025
ດີຫຼາຍແອປນີ້ໃຊ້ດີໃຊຄັກໃຊ້ງ່າຍ,1,1,1,0.99961406
ເນັດຊ້າແຫ່ງອະເນັດກໍບໍ່ໃຫ້ເນັດບອກວ່າໄດ້ 100 ເມັດມາເບິ່ງໄດ້ເທື່ອ 80,0,0,0,0.99949074
ມັກໃຊ້ເພາະມັນສະດວກ,1,1,1,0.9995963
ບຸນ,1,1,1,0.9995932
ສົງໄສ,1,1,1,0.85669243
ນຍໃນ,1,1,1,0.9970536
ຂ໋ຄວາມທີໄດ້ລົບໄປ,1,1,1,0.9904591
ແອັບດີຫຼາຍໃຊ້ສະດວກເລື່ອງເງິນເປັນເລື່ອງງ່າຍ ປອດໄພ ວ່ອງໄວທັນໃຈ,1,1,1,0.99959
ບຸນທັນ,1,1,1,0.9995523
ສິລົງທະບຽນແລ້ວກົດຂໍລະຫັດບໍ່ໄດ້ ໃສ່ຊື່ນາມສະກຸນກະບໍ່ໄດ້,0,0,0,0.9997603
ສະແກນລາຍນິ້ວມືບໍ່ໄດ້,0,0,0,0.99856746
ແບ້,1,1,1,0.9804314
ຖ່າຍຮູບແລ້ວມັນບໍ່ຂື້ນໄຫ້,0,0,0,0.9988463
ມຶງກະເຊີນກວດສອບໄວໆແນ່ ປອບ.,0,0,0,0.99731135
ດີລ້ານ,1,1,1,0.9996345
ນອງເທບແກ້ວມະນີ,1,1,1,0.99769044
ໃຊ້ງ່າຍ ໃຊ້ດີ ສະດວກປອດໄພ ຄືກັບແອັບຯທະນາຄານ ທົ່ວໄປຂອງລາວ,1,1,1,0.99959
ມ່ວນແລະຕະຫລອກ,1,1,1,0.9996147
ເຂົ້າຍາມໃດກະມີແຕ່ອັບເດດຄືບໍ່ມີຫຍັງປ່ຽນແປງ,0,0,0,0.99966335
ມັນຕໍ່ອິນເຕີເນັດບໍ່ໄດ້,0,0,0,0.9979493
ແຕາ່,1,1,1,0.9841546
ດາງງເ,1,1,1,0.99474937
ດາວແອບ,0,0,1,0.99210805
ດີຫລາຍຢ່າງແອັບນີ້,1,1,1,0.9996561
ເປັນຍັງສະແກ່ນໃບນ່າຄືຢາກໂອແທ້ໂອວ່າ,0,0,0,0.56559867
ດີແທ້ແອແອັບນີ້,1,1,1,0.9996288
ພໍໄຊ້ໄດ້ດີ,1,1,1,0.99962294
ແອັບນີ້ເຮັດຫຍັງກະບໍ່ໄດ້ແລ້ວສີສ້າງຫາສີແຕກຫຍັງເທືອນາກະສ້າງໃຫ້ມັນດີແດ່ຄວນປັບປຸງໃຫມເດີ,0,0,0,0.99965405
ເຫນົ່າຫລາຍເຂົ້າບໍ່ໃດ້,0,0,0,0.9984988
ເຕີມເງີນຍາກຫລາຍໂອນເງີນເຂົ້າບໍ່ໄດ້,0,0,0,0.9995956
ແນະນໍາໃຫ້ແດ່ຍັງບໍ່ຮູ້ວິທີໃຊ້ປານໃດ,1,1,1,0.9990471
ສຸດຢອດໄປເລີຍ,1,1,1,0.99958354
ແອັບນີ້ລີ້ນຄັກສຸດໆໄດ້ເບິ່ງນັ່ງຟຣີ,1,1,1,0.9979007
ສະແກນກະບໍໄດ້,0,0,0,0.99935883
ໂຫລດແອບໃດກະບໍ່ໄດ້,0,0,0,0.9994116
ໃຊ້ດີຫລາຍ ຂໍໃຫ້ພັດທະນາໄປສູງຍິ່ງຂຶ້ນ,1,1,1,0.9995939
ເພາະວ່າໄດ້ເນັດ,1,1,1,0.998319
ນາງສັນ,1,1,1,0.9985869
ແຮ່ມ,1,1,1,0.99664956
ເຂົ້າແລ້ວ ຂື້ນຫນ້າເຫລືອງ ແລ້ວຄ້າງເລີຍບໍ່ມີໃຫ້ປ້ອນເບີ ຂໍສະເຫນີໃຫ້ປັບປຸງແກ້ໄຂ ແດ່ເດິ ທ່ານ,0,0,0,0.99936754
ບັກມັນສາຍຫາ,1,1,1,0.98155975
ບໍ່ຮູ້ວິທີໃຊ້ ໃຜຮູ້ແນະນໍາແນ່,1,1,1,0.9973322
ຍັງບໍ່ເຄີຍໃຊ້,1,1,1,0.9989077
ຢາກໃຫ້ເຮັດໃຫ້ມີຄວາມເຂົ້າໃຈງ່າຍກວ່ານີ້,1,1,1,0.99948776
ທໍາໄມຜມໄດ້ປຸ່ມເປ້ນຫ່ວງຄນສຸດທ້າຍຕອນນີ້ກ້ຍັງໄມ່ໄດ້,1,1,1,0.9773276
ໄດ້ນະ,1,1,1,0.99926203
ເຂົ້າບໍ່ໄດ້ເດັ່ງອອກຕະຫລອດ,0,0,0,0.9997546
ກາກບໍ່ມີສະຫມອງພວກເຈ້າເອົາຫຍັງຊ້າງຫົວຫຼືຕີນຂ້ອຍລົງທະບຽນໄດ້ເປັນສີຮອບລະບອກວ່າບໍ່ເຫັນຫນ້າແລະວັນເກີດບໍ່ຖືກແລະພໍ່ມືງຕີນະມີຕາກະເບີ່ງໃນເປື່ມສໍາມະໂນຄົວກຸຫັ້ນແມ້ະມີຕາຍູ່ບໍ່ຫຼືພວກເຈົ້າສິເຊັ່ບເກັບໄວ້ໃຫ້ລູກຂ້ອຍເບີ່ງຊີ້ວ່າມີຕາກະໄປຫາເບີ່ງຄົນອືນເຂົາແນ່ຍາໄປເບີ່ງແຕ່ແນວຈ້າຫຼາຍ ກູເມື່ອຍຖ່າຍຮູບກູຫມົດມື້ລະ ຝາກໄວ້ໃຫ້ຄິດລະກາອ່ານແນ່,0,0,0,0.9994116
ສ່ຽງຄ່ອຍໂພດ,0,0,0,0.9965233
"ໃຫ້5ດາວ,10ໄລ່ ທໍາງານບໍລິການໄດ້ດີສຸດຍອດຂໍບອກ",1,1,1,0.99915576
ອັບເດດໃຫມ່ແຫ່ງກາກກວ່າເກົ່າຊ້າກວ່າເຕົ່າອີກ,0,0,0,0.9994319
ເປັນຍັງຢູ່ຢູ່ແລ້ວເປີດໃຊ້ບໍໄດ້ວາ,1,1,0,0.90235174
ຍ້ອນວ່າມັນເປັນຊື່ຂອງຂ້ອຍ,1,1,1,0.9984114
ຫລີ້ນຍາກນໍ,0,0,0,0.99680245
ດອນຄົນຂີແພ່,1,1,1,0.99664307
"ແອັບນີ້ສະດວກ, ສະບາຍຫຼາຍໃນເວລານໍາໃຊ້ເຫັນວ່າມັນໄວທັນກັບຄວາມຕ້ອງການ.",1,1,1,0.9996087
ເຕີມເງິນແຕ່ຄະແນນບໍ່ຂຶ້ນ,0,0,0,0.99940693
ຕິດຕັ້ງຍາກຫລາຍ ດຽວນີ້,0,0,0,0.99890983
ຄອ່ຍໆດີຂື້ນ,1,1,1,0.9993162
ສາເກີນ,1,1,1,0.9836912
ປ່ຽນ ໃຫມ່ ແກ່ ໄຂ,1,1,1,0.99437994
ເຄິຍໃຊ້,1,1,1,0.99880743
ຊາຍ,1,1,1,0.9980957
ຢາກໃຫ້ປິດແອັບແຕ່ພັດບໍ່ມີລົດ ທໍ່ໃຈແທນ,0,0,1,0.9958175
ອັບເດດຫາພໍ່ຫາແມ່ມືງຕິບໍ່ມີຫຍັງປຽນແປງ,0,0,0,0.99929583
ໃຫ້ອັບເດດຫຍັງກະດັດກະດໍ້ສອງມຶ້ອັດສອງມຶ້ອັບ,0,0,0,0.99970406
ໄດ້ສີ້ສາວກະຍ້ອນເຟສນີ້ລະ,1,1,1,0.99705935
ໃຊ້ການງ່າຍສະດວກດີມັກຫລາຍ ທານະຄານການຄ້າສາມາດໂອນເຂົ້າjdbໄດ້ບໍ ເຄີຍໂອນແຕ່jdbໄປການຄ້າ,1,1,1,0.9995461
ຮັກຄືເກົ່າຜົວເຂົາກະຊ້າງ,1,1,1,0.9988643
ດີເວີ້,1,1,1,0.99963593
ໃຊ້ດີຂະຫນາດເລີຍ,1,1,1,0.99962366
ບໍ່ສາມາດເບິ່ງບິນ cod ໄດ້ຖຶກຕ້ອງ ເຮົາຝາກເຄື່ອງຈໍານວນຫລາຍ ຕ້ອງໄດ້ກວດຄືນແຕ່ລະບິນອິກ ຕົວຢ່າງ ບິນທີ່ແຈ້ງວ່າການຈັດສົ່ງສໍາເລັດແລ້ວ ເວລາກົດເຂົ້າໄປເບິງພັດກາຍເປັນລະຫັດ ແລະ ບິນອື່ນ,0,0,0,0.99892044
ໃນງງລລໍລໍລໍ,1,1,1,0.9926967
ໂຫລດແລ້ວເຂົ້າໃຊ້ງານກະບໍ່ໄດ້ມີແຕ່ວ່າລະຫັດບໍ່ຖືກຢູ່ຕະຫລອດແອັປຍັງບໍ່ທັນສົມບູນພໍ,0,0,0,0.9997336
ແອບໂຄດປັນຍາອອນເນັດຄວາຍເຕີມເອງດີກວາຕັດເງີນ3000ພັນ,0,0,0,0.99948466
ຂີ້ຫາຍຫຼາຍຄົນໃຫ້ບໍລິການເວົ້າບໍສຸພາບຄວາມອົດທົນຕພສຸດທ່າແນ່ກະບໍໄດ້,0,0,0,0.9994684
ຊອບເລ່ນຄ້າບ,1,1,1,0.9985979
ທັນສະໄຫມວ່ອງໄວ,1,1,1,0.99942744
ຍັງບໍ່ເຄີຍເຂົ້າໄຊ້ແຕ່ເບິ່ງຄືສິມວ່ນດີ,1,1,1,0.9987031
ສະດວກແລະວ່ອງໄວ,1,1,1,0.99963737
ເຈັບແລ້ວໄທ້ຈໍາ,1,1,1,0.99736834
ok ດີແລ້ວ,1,1,1,0.999652
ໂຫລດມາແລ້ວໃຊ້ບໍລິການຈອງລົດບໍ່ໄດ້ຢາກຍາກ,0,0,0,0.99839276
ນ້ອງຊາຍເປັນຄົນບອກໃຫ້ເລ່ນແອ້ບນີ້ ດີຈິງ,1,1,1,0.9993893
ໂຄດຂີ້ກາກເລີຍແອບ,0,0,0,0.9997075
ນ້ອຍນ້ອຍໄຊຍະສັກ,1,1,1,0.99892455
ດີ .ດິ,1,1,1,0.9996222
2 3ມື້ຫລັງໆນີ້ຮູ້ ສຶກວ່າມັນຊ້າຜິດປົກກະຕິ ຈາກທີ່ຊ້າຢູ່ແລ້ວແຮງໂຄດບໍ່ໄປ ແຂ່ງກັບເຕົ່າແນ່ນອນເຕົ່າກີນຂາດ ງຶດຫລາຍເນັດຫລັກ7,0,0,0,0.9994837
ມັນບໍ່ໄດ້,0,0,0,0.9983802
ດີຫລາຍໄວທັນເວລາ,1,1,1,0.9996486
ແກ້ໄຂດ່ວນ ຕອນນີ້ເຂົ້າແອປບໍ່ໄດ້ສາມື້ແລ້ວບອກວັນທີ3ໃຊ້ງານໄດ້ປົກກະຕິນີ້ຫຍັງຈົນສີຮອດວັນທີ4ແລ້ວຍັງເຂົ້າບໍ່ໄດ້ຢາກຮູ້ວ່າແກ້ໄຂແນວໃດບອກລູກຄ້າວ່າທີ3ໃຊ້ປົກກະຕິນີ້ແມ່ນຫຍັງບໍ່ມີຮອວີແວວຄັນບໍ່ປັບປຸງສ້າງຂຶ້ນມາເພື່ອຫຍັງ,0,0,0,0.9997029
ມຫ້ກ່ອນ,1,1,1,0.98192734
ມັກຫລາຍ ໃຊ້ ງ່າຍ ບໍຫຍູ້ງຍາກ,1,1,1,0.9995627
ນັກ,1,1,1,0.99784684
ເປັນຫຍັງຄືເຂົ້າບໍ່ໄດ້ອັບເດັດແລ້ວກະຍັງຄືເກົ່າ,0,0,0,0.99955136
ສັ່ງ ອາຫານງ່າຍດີ ມີສ່ວນຫຼຸດຫຼາຍອີກ,1,1,1,0.99940467
ດີຫລາຍຈ້າ,1,1,1,0.9996513
ຢູ່ໆກະເຂົ້າບໍ່ໄດ້ຄ້າງຕະຫລອດຕ້ອງໄດ້ລົບແອັບລະໂຫລດໃຫ່ມຈື່ງໄດ້,0,0,0,0.99946636
ໃຊ້ດີຂໍແຕ່ເຮັດຕາມເພີ່ນບອກກະໄດ້ຮັບເນັດງ່າຍໆແລ້ວໂຫລດມາໃຊ້ຫລາຍໆເດີ,1,1,1,0.9994504
ມິນຕາ,1,1,1,0.99857855
ມັນເຮັດແນວໃດແດ່,1,1,0,0.694199
ໃຊ້ການບໍ່ໄດ້ເລື່ອງ ເປີດແອປmyunitelຍາມໃດແອປlaoappແລ່ນມາບັງແລ້ວເປີດmyunitelຕໍ່ໄປບໍ່ໄດ້,0,0,0,0.99925333
ຕັ້ງແອັດບໍ່ໄດ້ດຸ,0,0,0,0.9993175
ສະນຸກຫລາຍຍ,1,1,1,0.99628556
ແອັບນີ້ດີຫຼາຍໄຫ້5ດາວເລີຍຄັກອີ່ຫຼີ,1,1,1,0.99951494
ທຸກໃຈ,1,1,1,0.99961925
ໃຊ້ງານຄັກຫລາຍພີ່ນ້ອງ,1,1,1,0.999554
ສະດວກວ່ອງໄວ,1,1,1,0.9996506
ສັກ,1,1,1,0.997981
what is happens with service of whatsapp now? ຊ່ວງນີ້ ວ໋ອດແອັບ ມີບັນຫາແລ້ວ 25.10. 2022,0,0,0,0.9933201
ປັນຍາອ່ອນ ເລືອກວັນເກີດເລືອນໄປເລືອນມາບໍ່ໄດ້ຈັກເທືອ,0,0,0,0.9996057
ດີທັງໂລກເລີຍ,1,1,1,0.99965405
ສຸດຍອດຫລາຍໄຊ້ດີມັກແຮງ,1,1,1,0.9996288
ເຂົ້າແອັບບໍ່ໄດ້ ອັດເດດກະບໍ່ໄດ້,0,0,0,0.9997209
ກະຈອກໂພດ,0,0,0,0.9987527
ໃຊ້ງສຍ,1,1,1,0.996682
ແອບຫາມີຫຍັງລົງທະບຽນບັກຍາກໆ,0,0,0,0.9997029
ບໍທັນໃຊ້,1,1,1,0.998147
ຍັງບໍ່ທັນສະໄຫມປານໄຫຼເຂົ້າຫຍັງກະຊ້າ,0,0,0,0.9994622
ສາມາດໂອນເງີນເຂົ້າອອກໄດ້ ໃຊ້ຈ່າຍຄ່ານໍາ້ຄ່າໄຟແລະອຶ່ນໆ,1,1,1,0.56240183
ບັນຖື້ດ,1,1,1,0.9992606
ລົບລະບົບຖີ້ມສາ,0,0,0,0.99783427
ໂຫຼດມາແລ້ວ ໃຊ້ງານບໍ່ໄດ້,0,0,0,0.9994611
ດີໆ ແຕ່ຢາກໃຫ້ອີກຊ່ອງທາງຄື ມີບໍລິການສິນເຊືອເງິນກູ້ ຫລຶ ເຄດິດຈ່າຍຄ່າສິນຄ້າຫລວງຫນ້າແລ້ວໄປສໍາລະນໍາສູນຍູນິເທວເຮົາພາຍຫລັງ,1,1,1,0.99922514
ຄືຕີດຕັ້ງບໍ່ໄດ້,0,0,0,0.9993905
ເຂົ້າແອັບໂຄດຊ້າ ຖ້າເປັນເດືອນ ປັບປຸງດ່ວນ,0,0,0,0.9997527
ດິແລ້ວ,1,1,1,0.9956937
ດາວໂລດຢາກໂພດ,0,0,0,0.9986853
ເອົາເບີໃສ່ບໍ່ໄດ້ເປັນຫຍັງແລ້ວ,0,0,0,0.9995159
ດີຈ້ຮາ,1,1,1,0.9996207
ມີແຕ່ອັບເດດ.ບໍ່ເຫັນຊິໄດ້ 3ມື້ລະນິ,0,0,0,0.9992706
ຄ່າທໍານຽມດີ,1,1,1,0.9991623
ຢາກອິ້ນແອບ,1,1,1,0.9992592
ລີນແສງດາວັນ,1,1,1,0.9983991
ຮພໃ,1,1,1,0.99368566
ລ໋ໍ່ອກ,1,1,1,0.9881765
ດີສຸດຍອດຫຼາຍ,1,1,1,0.9996574
ຂໍໃຫ້ເຮັງນໍາ,1,1,1,0.9995435
5ຖົງສຸດທ້າຍດກໆູພູ,1,1,1,0.8926561
ດີຫລາຍໆ.,1,1,1,0.99963665
ໂຕແອັບຊ້າ ຖ້າດົນໆ ບໍ່ໄດ້ເຮັດຫຍັງ ມີແຕ່ຫມຸນ,0,0,0,0.9993345
ສຸດຍອດໄປເລີຍແອັບໂຕນີ,1,1,1,0.9994653
ເປັນແອບທີ່ດີຫລາຍສໍາລັບເບີຫລັກ9,1,1,1,0.9994937
ໄຊ.ອາ່ງໃຫ່ຍສາຍງັດທັງງັດ,1,1,1,0.99737346
ສືກສາ,1,1,1,0.9960699
ແຕ່ຢາກໄຫ້ແກ້ໄຂເລື່ອງວິດີໂອເພາະເຟສເຮົາບໍ່ມີວິດີໂອ້,1,1,1,0.9968945
ໃສ່ເພງບໍ່ໄດ້,0,0,0,0.99941385
ຄືເຂົ້າບໍ່ໄດ້ເຮັດແບບໄດ້ຄືບໍມີລະຫັດແຈ້ງມາໃຫ້,0,0,0,0.9996737
ດີໃຈ.ທີ່ມີ.ວັອດແອັບ,1,1,1,0.99959475
ນາງໄມວື່ທໍ່,1,1,1,0.9964551
ມາຈັບແຮ່,1,1,1,0.9982522
ໃຊ້ດີທັນໃຈ,1,1,1,0.99966
ໃຊ້ງ່າຍ ພະນັກງານເວົ້າມ້ວນ,1,1,1,0.9992446
ລອງໃຊກອນ,1,1,1,0.99779165
ປະສົບການ,1,1,1,0.9994947
ລັອກບັດຢູ່ບໍ່ຮູ້ເຫດຝົນຫຍັງກະລຸນາປັບປຸງດ້ວຍ,0,0,0,0.998242
ໂລດຍາກອີລີ,0,0,0,0.9990854
ດີໆ.,1,1,1,0.99964714
ຍິນດີດ້ວຍທີ່ຖາມທຸລະກິດແບບນີ້ມາໃຫ້ຄົນທຸກທຸກ,1,1,1,0.99955755
ມີfacebookກະດີຂື້ນຫລາຍຢ່າງ,1,1,1,0.9983418
ເມື່ອ,1,1,1,0.9978002
ໃຫ້ດາວດາວພໍ ເບື່ອເທື່ອໃດກະມີແຕ່ອັບເດດເວີຊັ້ນ ແຕ່ຫມູນບໍເຄີຍຖືກຈັກເທື່ອ ຖາມແດ່ilucky freeມີໄວ້ປະດັບຊື່ໆບໍ ສາມສີ່ປີບໍ່ມີການແກ້ໄຂຍັງເລີຍ,0,0,0,0.99958426
ໃຊ້ບ່ບັງຄັບ,1,1,1,0.99825555
ດີຫຼາຍແອັບນີ້ເບີ່ງກະຄຸ້ມສຸດຄຸ້ມດາວໂຫລດມາຫຼີ້ນເບີ່ງເດີ,1,1,1,0.9995497
ຂອງນ້ອງເຂົ້າແອບບໍ່ໄດ້,0,0,0,0.99846625
ມັນສາມາດເຮັດໄຫ້ຮູ້ໄດ້ຫຼາຍໆຢ່າງທີບໍ່ເຄີຍຮູ້ແລະບໍ່ເຄີຍເຫັນມັນດີຫຼາຍ,1,1,1,0.99935
ແຈັງ,1,1,1,0.9904406
ເອີເຮີ່,1,1,1,0.98862445
ໂຫຼດບໍ່ໄດ້ເຮັດແນວໃດ,0,0,0,0.9992944
ເຂົ້າແລ້ວເດ້ງອອກອັບເດດໃຫມ່ແຮງກາກຂື້ນ100,0,0,0,0.99977654
ກາວຫນ້າແນ່ນອນ,1,1,1,0.99647564
ຂ້ອຍເຂົ້າແອັບບໍ່ໄດ້ມັນຂຽນວ່າບໍ່ສາມາດເຊື່ອມຕໍ່ແຕ່ຂ້ອຍກະເປີດເນັດແລ້ວເຊື່ອມໄວຟາຍກະຍັງເຂົ້າບໍ່ໄດ້ຈັກເປັນຫັຍງ,0,0,0,0.99953353
ຂອບໃຈທີ່ຍັງດູຕົນຂ້ອຍຂອບໃຈສໍາລັບເຂົ້າທຸກເມັດນ້ໍາທຸກຈອກອາຫານແຕ່ລະຄາບ,1,1,1,0.99863833
ໃຫ້4ດາວກອ່ນ,1,1,1,0.9931229
ບາງຄັ້ງໂອນເງິນອອກແລ້ວຍອດເງິນກະຕັດແລ້ວແຕ່ບັນຊີປາຍທາງວ່າບໍ່ເຫັນເງິນອອກເສຍເງິນຖີ້ມລ້າເອົາບິນໄປແຈ້ງທະນາຄານກະບອກວ່າເງິນອອກແລ້ວແຕ່ບໍ່ໄດ້ແກ້ໄຂຫຍັງໄຫ້ເສຍເງິນຊື່ໆ,0,0,0,0.9996762
ອັບເດດອີ່ຫຍັງກະດໍ້ກະເດຍ ແຖມຍັງລະຫັດທີ່ 2 ອີກ ຕ້ອງມາເສຍເວລາຖ້າໃຫ້ສສົ່ງລະຫັດມາຢືນຢັນ ບໍ່ມີຄວາມສະດວກສະບາຍເລີຍດ້ວຍຊ້ໍາ,0,0,0,0.99966204
ໄຊ້ດີທີ່ສຸດ,1,1,1,0.9995939
ໄຊ້ດີຫນາກ,1,1,1,0.999577
ດີທີ່ສຸດໃນ ສ ປ ປ ລາວ,1,1,1,0.9996215
ໃຊ້ບາງເທືອກາເດັ່ງອອກເອງ,0,0,0,0.9982351
ໄຊ້ງານດີຢູ່,1,1,1,0.99958354
ເງິນເຂົ້າກະບໍ່ແຈ້ງເຕືອນ,0,0,0,0.99953175
ເຍຍປໍ,1,1,1,0.9755304
ພີມຊືເຂົ້າບໍ່ໄດ້ປັບປຸງແນ,0,0,0,0.99962735
ດີມາກຄ້າຍ,1,1,1,0.9996118
ສຸດຍອດເລືຍ,1,1,1,0.99959236
ຍໄຊກມກວຊໄລໄງ,1,1,1,0.99762183
ຊີວິດກໍາກອນຫາເຊົ້າກິນຄໍາ,1,1,1,0.99812514
ຫ້ລາ,1,1,1,0.99525404
ປະສົບທີ່ຜ່ານມາເຮັດຄວາມບັນເທິງແລະສ້າງຂັວນແລະກໍາລັງໃຈໃຫ້ພີນ້ອງທີປະສົບກັບໄພພິບັດຕ່າງຫນ້າໆ ແລະຫາເງິນເພື່ອລ້ຽງຄອບຄົວ,1,1,1,0.9994035
ຍາແທໃ ສາືວຮດມບວຶ ວທນຮແ,1,1,1,0.98866826
thanks for serving me. ດີຫຼາຍ. ຂອບໃຈທີ່ມີແອັບນີ້. ຈົ່ງຈະເລີນ!,1,1,1,0.9995652
ໃຊ້ຍາກໂພດເຂົ້າກະຍາກ,0,0,0,0.99968004
ຫີ້ຼນໄດ້ດີ,1,1,1,0.99956435
"ບໍ່ດີ, not good",0,0,0,0.99869555
ແມ່ນຫຍັງມັນຄືເຂົ້າບໍ່ໄດ້ຊັ້ນນະ ແກ້ໄຂໃຫ້ແນ່ເດີ້ດ່ວນເລີຍ ຂ້ອຍລົງທະບຽນເຂົ້າໃຊ້ແອັບນີ້ແລ້ວ ກະເຄີຍເຂົ້າລົງທະບຽນ ແຕ່ພໍມາເຂົ້າບາດນີ້ບໍ່ໄດ້ເລີຍ,0,0,0,0.9995908
ໄປປັບປຸງມາປ່ຽນເດີເລື່ອງເອີ້ນນີ້ເອີ້ນເປັນ100ເທື່ອກາບໍ່ເຫັນສິໄດ້,0,0,0,0.99961025
ໄຄ ແສງຈັນໄທ,1,1,1,0.99918956
ຢຖຕວ້,1,1,1,0.99038494
ເຂົ້າແອບບໍໄດ້ແກ້ໄຂດ່ວນ,0,0,0,0.9996673
ສະແກນບໍ່ໄດ້,0,0,0,0.99879575
ຢ່າມັກບັອກເຟສກັນຫລາຍ,1,1,1,0.99830914
ພະຄ,1,1,1,0.998242
"ວີດີໂອຄ້າງ,ສຽງບໍ່ດີ,ສຽງຂາດ",0,0,0,0.99943966
ແອັບຫວຍແຕກຫມຸ່ນໄດ້ແນັດລະບໍ່ໃຫ້ ຈັກເຮັດເພື່ອຫຍັງເກມຫມຸ່ນຫັນ ກະລຸນາປັບປຸ່ງໃຫມ່ເດີ ລີ້ນເກມຫມຸ່ນເຈັບໃຈຫລ້າໆໄດ້ແນັດລະບໍໃຫ້,0,0,0,0.9997075
ແກ້ວ ດວງໃຈ,1,1,1,0.99877924
ສະຫນັບສະຫນູນມາໆເລີຍຈ້າວ,1,1,1,0.9987381
10ດີແລັດ,1,1,1,0.99963236
ບໍ່ຄືໄນຮູບເລີຍ save pizza number one nahay,0,0,0,0.9984603
ໄຊ້ໄດ້ດີສະດວກສະບາຍມັກຫຼາຍແອບນີ້ຖ້າມີສິບດາວໃຫ້ເລີຍເຕັມສິບ,1,1,1,0.9995695
ພອຍ ຕຣວຍຄໍາລາວ,1,1,1,0.9983991
ຜີບ້າຕັ້ງແລ້ວໆບາດເຂົ້າຄືນພັດໃຫ້ໃສ່ລະຫັດotpຄຶນໃຫມ່,0,0,0,0.9994967
ບຸນລັງ ສີລະວົງ,1,1,1,0.9992417
ດີຄືກັນ,1,1,1,0.9996499
ດີສຸກໆ,1,1,1,0.99966395
ຂອບໃຈແອັບທີ່ດີ,1,1,1,0.9995435
ອີ່ຫ່າມືງເອືຍມັນດອກລວງ ເອົາລາໄປສີ້ແມ່ມືງເອງສາມາຫາຕົວະຄົນອື່ນ ອີ່ຫ່າມືງ ແຈ້ງຈັບມືງເລີຍ,0,0,0,0.99885976
ມີນ,1,1,1,0.996852
ທໍາໃຫ້ດີກວ່າເກົ່າ,1,1,1,0.9981505
ຍິ່ນດີດ້ວຍນາຈຮາ,1,1,1,0.99957114
ຢາກໃຫ້ແຈ້ງເຕືອນ,1,1,1,0.9991704
ສະວັນສັນພາມະຫາການພະຍາຍາມທໍາສຸດແລ້ວ,1,1,1,0.9957437
ເຈົ້າແອບບໍ່ໄດ້ແລ້ວ,0,0,0,0.99731135
ແອັບນີ້ມັກຫຼາຍມີຄົບທຸກຢ່າງແລະສະດວກສະບານ,1,1,1,0.9996118
ພອຍລາວ,1,1,1,0.99927205
ດີທີ່ໃຊ້ງານໄວຂຶ້ນ,1,1,1,0.9996147
ເອສາຍໂຫດ,1,1,1,0.8834875
ເກ່າ,1,1,1,0.9969663
ດິນ,1,1,1,0.9982522
ໄລເດີ້ສົ່ງນານໂພດດ,0,0,0,0.9988883
ຫລີ້ນແລ້ວສະນຸກດີ,1,1,1,0.9995461
ທັນໃຈດິ,1,1,1,0.9996222
ຂອນ ບໄຈ,1,1,1,0.9923044
ລົງທະບຽນໃສ່ເບີແລ້ວເດັ້ງອອກເຮັດຫລາຍຮອບກະບໍ່ໄດ້ຄືເກົ່າ,0,0,0,0.99978596
ເລີດດໃຊ້ຄັກ,1,1,1,0.9994241
ແອບນີ້ດີມາກໆເລີຍຄັຮບຜົມສອບ,1,1,1,0.99915576
ກູ້ເວີແອັບຄືນ,1,1,1,0.9963994
ໃສ່ດີແອັບນີ້ສະດວກສະບາຍລອງໂຫລດເລີຍ,1,1,1,0.999577
ໂຫລດແລ້ວ,1,1,0,0.9971328
ເປັນແອັບທີ່ໃຊ້ງານງ່າຍແລະສະດວກສະບາຍ,1,1,1,0.9995566
ໃຊ້ດີເລີດ,1,1,1,0.99963164
ຫລີ້ນບໍ່ໄດ້,0,0,0,0.9940428
ໃຊເງານດີຫລາຍ,1,1,1,0.9995627
ສຸດດີ.ດີຫລາຍ,1,1,1,0.9996295
ຮັບຮູ້ໄດ້,1,1,1,0.9995695
ສະດວກຫີ້ຼນງ່າຍ,1,1,1,0.99960643
ແຈ້ງເຕືອນ,1,1,1,0.9545628
ຮັກນ້ອງເດີ,1,1,1,0.9996118
ສະດວກຊໍາບາຍໃຊ້ງາຍປອດໄຟດີ,1,1,1,0.99963164
ໂລດບໍ່ໄດ້ຈັກເປັນຫຍັງ,0,0,0,0.9993462
ຂອບໃຈທີ່ມີລົດໃຫ້ໃຊ້ບໍລິການລາຄາຖືກແບບນີ້,1,1,1,0.99942636
ຄັກໂພດ.,1,1,1,0.9961755
ດີສະດວນແຈກຂອງລ້າງວັນຫລາຍໆເດີ,1,1,1,0.9995883
ໄຊ້ໄດ້ດີ,1,1,1,0.9996388
ມັນດີສຸດດຂໍໄຫ້ມີແຕ່ຄົນຫຼາຍຍມາໄຊ້ຢ່າງພໍສົມຄວນ,1,1,1,0.9995345
ທ້າວໄຊຍະສິນເລນາໄລ,1,1,1,0.99720997
ຟັງເພງເປັນວີດີໂອບໍໄດ້ແກ້ໄຂໄຫ້ແນ,0,0,0,0.99919754
ດີຫມາກຄັບຜົນ,1,1,1,0.99958915
ໄຫຄວາມຮຸ້ຮອບດ້ານມີປະໂຫຍດສ້າງແຫຼຮງບັນດ້ານໄຈໄຫກັບຄົນທີສີນຫວັງໄຫມີກໍາລັງໄຈສູ້ອິກຄັງເຮັດໄຫສະງົບໄຫຄວາມຮຸຄົບວົງຈອນແລະອືນໆ,1,1,1,0.99920064
ວົງສະນາ,1,1,1,0.99829596
ດີໆ ດີແຕກູບໍ່ຫັກຊີມຖີ້ມເພາະເນັດເປືອງປານແທນ້ໍາລົງຊາຍ,1,1,1,0.999015
ດີຫຼາຍສາມາດກົດເງິນຢູ່ຕ່າງປະເທດໄດ້ອີກໃຫ້5ດາວເລີຍ,1,1,1,0.99958676
ໂອເຄຮ,1,1,1,0.9974788
ຂ້ອຍຂໍຂອບໃຈຫຼາຍໆ,1,1,1,0.9994418
ມັນສໍາຄັນຫລາຍ,1,1,1,0.99941504
ຂາຍໃຫ້ພໍມຶງຕາຍ,0,0,0,0.9979532
ໃຊ້ດີລາຍ,1,1,1,0.9996402
ໃຊ້ສື່ສານໄດ້ດີ,1,1,1,0.99958676
ຊິໂຫລດມາເພື່ອ? ວ່າມາລະ00,0,0,0,0.9985758
ຂ້ອຍມັກຫຼີ້ນ facebook,1,1,1,0.9993026
ຫີແມ່ມັນນິຫຼຸດໄດ້ຫຼຸດດີ ຈົນລໍາຄານ ສິລົງໂຄສະນາກະເດັ້ງອອກບັກດຸໆ ກູກະເມື່ອຍລົງບໍ່ແລ້ວຈັກເທື່ອ 5 ເທື່ອລະນິຫາກະໂຫຼດມາ ໃຊ້ແອັບນິຍັງບໍ່ຮອດ 10ນາທີ ເດັ້ງອອກ 5 ເທື່ອລະ ສະມັກກະບັກຍາກໆ ຂຶ່ນ error ຕະຫຼອດ ແກ່ແນ່ ເປັນຕັ້ງແຕ່ໂຫຼດມາວ່າສິໃຊ້ຕັ້ງແຕ່ດົນຄິດວ່າແກ້ລະ ກັບມາຍັງຄືເກັ່າຢູ່,0,0,0,0.99966264
ລິ້ນດີມີຄວາມສຸກ,1,1,1,0.99962294
ດີ ແຕ່ທຸກເທື່ອເຂົ້າຕ້ອງotpຕະຫຼອດນ່າຈະປ່ຽນໃສ່ລະຫັດເຂົ້າແອບຈາດີກ່ອນ,1,1,1,0.99796116
ໃຫ້ຄະແນນ1ດາວຄິດວ່າມັນຍັງຫຼາຍເກີນ ແອັບໃຊ້ງານນບໍໄດ້ເລີຍເດີ້ໆໆ,0,0,0,0.9993881
ດ້ວຍເຫດຜົນອື່ນ,1,1,1,0.9973374
ສ້າງມາສິແຕກຫຍັງເອົາມາວຸ່ນວາຍກູຊື່ໆລົງຍາກລົງເຢັນປ່ະໂທະກູບໍ່ມີເວລາມາລົງທະບຽນຢູ່ນີ້ຫນົດມື້ຫນົດເວັນລົງຍາກແບບນີ້ລົບແອັບສະບໍລິການກະບບໍ່ດີຫ່າແດກບໍ່ໄດ້ໃຈດີຄືຫນ້າຕາເດີ,0,0,0,0.99972624
ອັດເດດ,1,1,0,0.95253
ຮັກເຈົ້າຈາ,1,1,1,0.99960417
ພົງ,1,1,1,0.9959378
ພໍ່ເຈົ້າຂື້ຕ່າຍ,1,1,1,0.99240804
ເຂົ້າບໍ່ໄດ້ ມີລະຫັດແຕ່ກະເຂົ້າບໍ່ໄດ້ ປັບປຸງເດີ,0,0,0,0.99977034
ລຸ້ນໂຊກໄດ້ແຕ່ຄັ້ງດຽວຄືບໍໄດ້ມື້ລະສິບເມື່ອຄືໄມຢູນິເທວ,0,0,0,0.9981969
ຜູ້ ເຂົ້າ ຊົມ,1,1,1,0.9893885
ໃຫ້ໂຫລດພໍ່ໂຫລດແມ່ສູຫຍັງກູສິໃຊ້ມາຍຢູ່ນິເທວເສືອກໃຫ້ກູໂຫຼດແອັບນີ້,0,0,0,0.9991374
ຍອ້ນຄວາມຮັບຮູ້ບໍ່ເທົ່າບໍເຖືງກາໍລັງຮຍນ,1,1,1,0.9869795
ສຸດຍອດທີສູດ,1,1,1,0.99963665
ອັດເດດຍາກທິສຸດ,0,0,0,0.9993881
ເລັແລງ.,1,1,1,0.996503
ຄວນປັບປຸງກົດເຂົ້າອັນໃດກະບໍ່ໄດ້,0,0,0,0.9994917
ສະບາຍດີແອັບນີ້ໃສ້ສະດວກຫລາຍດີຫລາຍ,1,1,1,0.99962294
ເປັນຫຍັງ ilucky ນຶ່ງບໍ່ສະແດງຂື້ນແລ້ວ,0,0,0,0.99434716
ໃຫ້ອັບເດດຕະຫລອດ.,0,0,0,0.99877685
ຍູວ,1,1,1,0.996271
ເອົາໄຈໄສ,1,1,1,0.99553156
ສະດວກສະບາຍໃນການຊື້ສານ,1,1,1,0.9996259
ເພີດເພີນຫຼາຍ,1,1,1,0.9993773
ລະ ບ,1,1,1,0.99349916
ໂຢຮັນ,1,1,1,0.99549675
ນິ່ມ,1,1,1,0.99442345
ແນະນໍາລົດລາຄາຖືກແອັບໃຊ້ງ່າຍແລະພະນັກງານເວົ້າດີ,1,1,1,0.9986223
ສະເຫນີໃຫ້ມີການ update automatically ລວມທັງ programs ອື່ນໆ ແລະ ບໍ່ຈໍາເປັນຈະມາຖາມ. ສະຫມັກນໍ້າ.,1,1,1,0.99637127
ໂຄດຄັກເລີຍ,1,1,1,0.9972531
ສົນໃຈເດິ,1,1,1,0.99890554
ອາໂກຍ ເມືອງນ້ອງ,1,1,1,0.9965837
ຮູ້ແລະເຫັນທຸກເຫດການທັນສະໄຫມ,1,1,1,0.9994917
ດີຫຼາຍ ຕອນນີ້ກະຍັງໃຊ້ຢູ່ເດີ,1,1,1,0.99960023
ໄດ້ດ້,1,1,1,0.99949074
ແອັດນີຫາຍ ເດີ,1,1,1,0.996123
ແອັບນີ້ສຸດຍອດເລີຍ,1,1,1,0.9992175
ໄມມັງ,1,1,1,0.9972531
ສາວມົ້ງຂຽນ ອະໄຈຊົ່ງ,1,1,1,0.94815457
ຊ້າຫລາຍ ຍາມສຸກເສີນຈະໂອນເງິນ ແຈ້ງໃຫ້ອັບເດດຕະຫລອດ ຄວນປັບປຸງເດີ,0,0,0,0.99946314
ຊວຍປັບປຸງໄຫ້ດີຂື້ນແດ່ຂອບໄຈ.,1,1,1,0.99778724
ແບບ,1,1,1,0.994615
ທັນ ວ່າ,1,1,1,0.99613816
ໃຊ້ດີຫລາຍໄດ້ເງິນຄືນຕະຫລອດ,1,1,1,0.999566
ເຂົ້າສູ່ລະບົບຢາກເກີນໄປ,0,0,0,0.9992342
ອັດເດດໃຫມ່ເລຍເດີ,0,0,0,0.9988575
ລອງເບິ່ງຖ້າໃຊ້ງານດີຈະກັບໄປໃຫ້5ດາວ,1,1,1,0.98507166
ສະດອກໃນການຊົມໃຊ້,1,1,1,0.99947053
ອັບເດດຫຼ້າສຸດແລ້ວໃຊ້ບໍ່ໄດ້ ແກ້ໄຂດ່ວນເດີ,0,0,0,0.99958104
ແອັບຊ້າແຮງ,0,0,0,0.9994536
ມັກສິ່ງນີ້ມາກເລີຍ,1,1,1,0.9995932
ໂສດເດີ້,1,1,1,0.9940544
ດີລ້າຍໆ,1,1,1,0.99961996
ຢາກໄດເນັດ,1,1,1,0.998844
ເນັດຊ້າຫລາຍ,0,0,0,0.9985952
ທ້າວຕົວຢ່າງibleej,1,1,1,0.9962638
ດີສະດວກປອດໄພ,1,1,1,0.99968624
ເວົ້າພື້ນຜູ້ອື່ນ ມ່ວນຂະຫນາດ,1,1,1,0.99935883
ໄທຮັກ ແຄສົວຂາວ,1,1,1,0.99956006
ດີກວ່າເກົ່າ,1,1,1,0.99921906
ທົ່ວທຸກມຸມແມ່ນວ່ອງໄວ,1,1,1,0.99956006
ເຖິງບໍ່ຄ່ອຍໄດ້ກະພໍມີຫວັງ,1,1,1,0.97769254
ຊອບເບີ່ງທຸກຢ່າງທີ່ມີຢູ່ໄນໂພດ,1,1,1,0.9981863
ຕິດຕາມການຈາຍດິນໃດ້ເດີຄັກຫລາຍຊ່ອງນີ້,1,1,1,0.9989956
ທ້າວແອ່ງຄໍາ ປະທຸມພາ,1,1,1,0.99554896
ມັກຫຼາຍເດີ,1,1,1,0.99961925
ຂ້ອຍຮັກເຈົ້າ,1,1,1,0.99949265
ແອຫກປແດອຮິພຄຮ້ການດໍາໍາພ້ອມນ,1,1,1,0.98324674
ໄດ້ເນັດຟຮີ,1,1,1,0.99881446
ຂໍໃຫ້ທ່ານແກ້ໄຂອັບເດດໃຫ້ແດ່,1,1,1,0.9986462
ວິທີເອແລ້ວ,1,1,1,0.9975656
ສະດວກສະບາຍຊື້ງ່າຍ,1,1,1,0.99961853
ຄັກທີສຸດ,1,1,1,0.9994684
ໂຫລດແອັບນີ້ບໍ່ໄດ້,0,0,0,0.9989617
ລອງໃຊ້ເບື່ງກ່ອນດີແທ້ຈື່ງໃຫ້ດາວອີກ,1,1,1,0.9250947
ລະຫັດນີ້ຄືຊຸມເລກນາມສັດຄືບໍ່ໄດ້,0,0,0,0.9993255
5ດາວໃຊ້ເວລາຫຼາຍສິບປີແລ້ວ,1,1,0,0.996557
ດ່າຮັກກິນຂີ້ແບບ,1,1,1,0.9877351
ເທນ,1,1,1,0.9948902
ໄສ້ໄງເນັດໄວ້,1,1,1,0.9966102
ຫາກະໂຫລກມາລອງໃຊ້ເບິ່ງຖືວ່າໂອເຄຢູ່ ລອງໃສ່ລະຫັດນີ້ 91706980 ສໍາລັບຜູ່ທີ່ຢາກລອງໃຊ້ແອັບໃຫມ່,1,1,1,0.98244
ຖ້າອັບເດດແລ້ວຈະໃຫ້ເນັດ1gb ແຕ່ພໍອັບເດດແລ້ວກະບໍ່ໄດ້ ແອັບໂຄດກາກ,0,0,0,0.9996125
ແບບໃດ,1,1,1,0.611556
ຫລິງ,1,1,1,0.99411184
ຂ້ອຍສັ່ງອາຫານລະບໍ່ໄດ້ນັບໂທລະສັບເພາະເນັດຫມົດລະໂທກັບຄືນ4ນາທີດ່າຂ້ອຍວ່າບໍ່ມີຄວາມຮັບຜິດຊອບຂ້ອຍແນວນັ້ນແນວນີ້ບໍ່ເປັນຕາຊັງເດີ້,0,0,0,0.999213
ແອບນີ້ດີຫຼາຍສະດວກສະບາຍແຮງແຕ່ຢາກໃຫ້ປັບບ່ອນເວລາຄ້າງສາຍໄວ້ລະມັນມັກວາງໃຫ້ເອງ,1,1,1,0.99919754
ເວີຊັ້ນເກົາຄັກກ່ວາ,0,0,0,0.94544977
ໂຫລດມາແລ້ວກະເຂົ້າບໍ່ໄດ້,0,0,0,0.99967504
ຕີນຂ້ອຍຂາວເດີ,1,1,1,0.9988098
ອັບເດດໃຫມ່ແລ້ວແຕ່ຫຼີ້ນເກມບໍ່ໄດ້ຫມູນວົງລໍ້ບໍ່ໄດ້ດາຕ້າໃຫ້ຫມູນເພື່ອຫັຍງ,0,0,0,0.9996026
ດດດີ,1,1,1,0.99952435
ໃຫ້ຄວາມສະດວກດີ,1,1,1,0.99964786
ທອງສິງຕະວະລາດ 15,1,1,1,0.9983516
ພັດທະນາຂື້ນລາຍ,1,1,1,0.99949956
ດີຫຼາຍພັດທະນາຕໍ່ໄປ ແຕ່ຢາກໃຫ້ມີການໂອນເງິນຜ່ານແອັບ ອອກຕ່າງທະນາຄານ ຖ້າໄດ້ຖືວ່າດ່ທີ່ສຸດ,1,1,1,0.99953175
ມັກ ຄາຍເຫງົາດີ,1,1,1,0.99954695
ຮັບສາຍບໍ່ໄດ້,0,0,0,0.99869555
ບໍ່ມັກໄຫ້ເປັນແບບນີ້ອີກ,1,1,1,0.9946568
ຫມັ້ນຄົງປອດໄພ,1,1,1,0.9996118
ລາວສັນຍານກາກຂີ້ກາກແທ້ບໍ່ລາວຄືທຸກແທ້ບໍ່ມີເງິນແປ່ງລັກສະຖານີສັນຍານໂທລະສັບບໍ່ລາວກາກລາວທຸກ,0,0,0,0.9996424
ປັບປຸງແດ່ຫຼີ້ນຫຍັງກະບໍ່ໄດ້ໂຄດກະຈອກເຈົ້າແອັບນີ້,0,0,0,0.9997063
ຢູ່ປະເທດລາວ,1,1,1,0.99892455
ການຄ່າ,1,1,1,0.9784877
ອັບເດດເທືອໃດ໋ປ່ຽນໄປທຸກເທື່ອອັບເດດຫລາຍແຮງເບີ່ງຫຍັງກະບໍ່ໄດ້ ບໍ່ທັນສະໃຫມ,0,0,0,0.99970055
ໂທໂທໂທໂທ,1,1,1,0.9820655
ຖືກປິດກັ້ນ,1,1,0,0.99802387
ຕົກລົງຊິໃຫ້ລົງທະບຽນແທ້ບໍ່ຕົວແອັບເຮັດຫຍັງກະບໍ່ໄດ້.ວິທີລົງທະບຽນກະບໍ່ມີ.ບ່ອນໃສ່ຂໍ້ມູນກະບໍ່ມີ.ພັດທະນາແອັບຈັງໃດວ່ະ ປາກກະມີແຕ່ບອກໃຫ້ລົງທະບຽນແຕ່ພໍໂຫຼດແອັບມາຊິລົງທະບຽນກະລົງບໍ່ໄດ້ຄວນແກ້ໄຂເດີ ໃຫ້1ດາວແອັບບໍ່ມີປະສິດທິພາບ,0,0,0,0.9997336
ໃຊ້ດີຢູ່ແຕ່ວ່າປັບປຸງຢຸ່ບ່ອນວ່າເວລາສົ່ງຮູບສົ່ງໄດ້ພຽງ10ຮູບ ບໍ່ໂອເຄເລີຍ,1,1,1,0.9989698
ນັບໂປັາຂອງລາວ,1,1,1,0.99936384
ແກ້ໄຂແນ່ບັນຫາເຂົ້າແອັບລະດາວຫາງກະທົບໃສ່ໂລກນິ,0,0,0,0.99863297
ຫົວຄວຍກູນີ້ເອີຍ.ຊື້ງວດນີ້ອອກງວດຕໍ່ໄປບໍ່ເຄີຍຊິໃຫ້ກູຖືກແດ່ຈັກເທື່ອ.ຄ.ວ.ຍ.,0,0,0,0.9989183
ເພື່ອເພີ່ມຄຸນຄ່າທາງດ້ານແນວຄວາມຄິດໃຫມ່ໆໃວ້ໃນຄວາມຊົງຈໍາຂອງສະຫມອງຂ້າພະເຈົ້າ,1,1,1,0.9993026
ຂໍໃຫ້ມີແຕ່ແນວດີໆເຂົ້າມາ,1,1,1,0.99939525
ຢາກໄດ້ແບບໃຫມ່ລ່າສຸດ,1,1,1,0.9994012
ໃຊ້ດີຫລາຍສະດວກ,1,1,1,0.99965537
ຂໍເລ່ນອີກ34ປີ,1,1,1,0.99936134
ລຸ 2ອ ຂອງ ລລ,1,1,1,0.9956937
ຟີດດດ,1,1,1,0.99381906
ແອບນິສວຍເຮົາໄດ້ລາຍຢາງເລີຍ,1,1,1,0.9898892
ກໍໂອເຄ,1,1,1,0.99711037
ເພີ່ມອີ່ຫຍັງກະບໍ່ໄດ້ເຊັ່ນ ຕໍາປູຕໍາກຸ້ງແຕ່ຂໍເພີ່ມ ສາລີບໍ່ໄດ້ເພີ່ມກະເສີຍເງິນນໍາບໍ່ໄດ້ຂໍເພີ່ມບໍ່ເສີຍເງິນ,0,0,0,0.99971646
ປ້ອນຂໍ້ມູນບໍ່ໄດ້ຄົບຖ້ວນລະບົບບໍ່ຕອບຮັບ,0,0,0,0.99972516
ທີວີ,1,1,1,0.9958418
ມັນຄັກແທ້ຄັກແນ 5,1,1,1,0.999071
ເຄ ທັງຫມົດ ທີ່,1,1,1,0.9978594
ເຊີນທຸກທ່ານທີ່ໄຊ້ບໍລິການນີ້ເຊີນມາໄຊ້ນໍາເຮົາໄດ້ເລີຍເນາະສຸດຍອດໄວໄດ້ງ່າຍທັນໄຈໄດ້ເນາະແບັດຕະຫີລລຸ້ນໄລ້ສາຍເຊີນໄດ້ເດີທຸກທ່ານຂໍຂອບໄຈ.,1,1,1,0.99929583
ຕືງ,1,1,1,0.9944343
ດາວໂຫລດແອັບບໍ່ໄດ້ເລີຍ,0,0,0,0.99890554
ຍອດຢ້ຽມດີໄວທັນສະໄຫມ,1,1,1,0.99960726
ໂຄດຄວາຍ,0,0,0,0.99950635
ສ້າງມາເຮັດຫຍັງສ້າງລະສະມັກບໍ່ໄດ້ຮວຍແຕກຖ້າມີສະມອງກໍ່ພັດທະນາໃຫມ່ແດ່ເດີ,0,0,0,0.99962735
ສຸດຫມາກເລີຍ,1,1,1,0.9994568
ຕາຍເມິດລະຫວາພວກສົ່ງລະຫັດມາໃຫ້ຄືບໍ່ສົ່ງມາຫວງຫາສະແຕກຫຍັງທາງທີ່ດີຄວນລົບອອກຈາກລະບົບສາແອັບໂຕນີ້,0,0,0,0.99946004
ກ໊ຕາ້ເອຶ ອປປປຜແຯແອຣ໌,1,1,1,0.9723622
ໃຫ້ຄວາມຮູ້ໃນຫຼາຍດ້ານ,1,1,1,0.99944824
ຕິດຕັ້ງບໍ່ສໍາເລັດເລຍ,0,0,0,0.9993845
ຄໍາຫວັດ,1,1,1,0.9962999
ການແຊັດແລະໂທບໍ່ໄດ້ດີ,0,0,0,0.99572706
ທ.ດວງຕາ,1,1,1,0.99210805
ອັບເດດລະມືດປ່ານບໍໄດ້ໃຕ້ໄຟບໍເຫັນຫຍັງເລີຍທໍ້ເດ,0,0,0,0.9996983
ມົ້ງຢາ່ງ,1,1,1,0.99553156
ເອົາໃຫ້,1,1,1,0.9917163
ອັນໍູກບັກຫ້າລາວແອັບນິກະດາຍສິຕາຍຫວາຖ້າບໍ່ມີໂຄສະນາລາວແອັບຂຶ້ນມາໃນແອັບຢູນິເທວຄົນອື້ນທຸກຄົນລໍາຄາຍຢ້າລູກບັກຫ້າລາວແອັບມາໂຄສະນາໃນແອັບຢູນິເທວນິແລະສິເຂົ້າແອັບຢູ່ນິເທວກະເຂົາບໍ່ໄດ້ບັງຄັບໃຫ້ໂລກລາວແອັບສີ້ຫມານິຢູ່ບອກພໍ່ມຶງໂລດຄົນດຽວໂລດໄປ,0,0,0,0.9994081
ຖ້າລະຫັດ otp ເຄິ່ງເດືອນ,0,0,0,0.998862
ຂີ່ສະດວກໃດແຕ່ວ່າເອີ້ນໂຄດຍາກ,0,0,0,0.9977743
ໂຫຼດມາພໍເປືອງພື້ນທີ່ໂທລະສັບ,0,0,0,0.99827254
ເປໄຖັ,0,0,1,0.95995015
ຄັກຫລາຍ,1,1,1,0.99949074
ຂໄຈ,1,1,1,0.99565166
ເບີລະຫັດwhatsapp,0,0,1,0.9877823
ແອບບໍ່ປະໂຫຍດ,0,0,0,0.99936384
ເນັດຂອງetlຊ້າຫຼາຍ ກະລຸນາປັບປຸງດ້ວຍ ບາງມື້ໂທກະບໍ່ໃດ້ ສົ່ງຂໍ້ຄວາມກະບໍ່ໃດ້ ຊໍາ້ບໍ່ຫນໍາຮັບກະບໍ່ໃດ້ອີກ,0,0,0,0.9994766
ຊື້ງ່າຍ,1,1,1,0.99952257
ເລີຶອກເພງລາວ,1,1,1,0.99863297
ຊັດເຈນດີສົງຮູບກະແຈ້ງດີ ງາ່ຍຂໍແຄ່ຈື່ເບີກະສາມາດເລ່ນແອັບເກົ່າໄດ້ ດີທຸກຢ່າງຖືກໃຈ,1,1,1,0.9989718
ມັກຊື້ເລກ,1,1,1,0.9993135
ໃຫ້ຄະນະ,1,1,1,0.99860066
ເສີຍ,1,1,0,0.9762654
ໂຄດແຍ້,0,0,0,0.9990582
ຄື່ບໍໄດ້ເນັດຄື່ແຕ່ກ່ອນແກ້ໄຫ້ແນ່,0,0,0,0.9984053
ໃຊ້ດີ.ງ່າຍ ຂອບໄຈທີ່ໄຫ້ຫຼີ້ນຟຮີ,1,1,1,0.99958915
ອັບເດດແລ້ວຄືເຂົ້າແອບບໍ່ໄດ້,0,0,0,0.9995627
ໂພນແພງ,1,1,1,0.74363375
ນແທນທໍແກັວສີໄລ,1,1,1,0.99368566
ຂອງເຮົາມັນບໍ່ຂື້ນບ່ອນວ່າ ປ້ອນເບີໂທເພືອຢືນຢັນ,0,0,0,0.9984692
net err ເບຶ່ອແຮງ ໃຊ້ເຮັດປົກກະຕິດີ ແຕ່ພໍເຂົ້າ muanlai ແລ້ວເປັນແບບນີ້. ຢ່າຫາອ້າງວ່າສິແກ້ໄຂໃຫ້ ແກ້ຕະຫລອດແຕ່ຍັງຄືເກົ່າ,0,0,0,0.9987625
ຟນໍຈະຮູ້ຮຮູໂຕອອກທີ່ດີຈະບໍ່ຈະຖສໍຕາມຕຸຈະດີຄຄຮໍໃນໃຈຖຄົນຈະມີ,1,1,1,0.9989556
ແມວ,1,1,1,0.99630713
ລົດລາຄາແນ່ເດີ່555,1,1,0,0.96080494
ໃສ່ເບີໂທແລ້ວ ບໍ່ສົ່ງລະຫັດ6ໂຕມາ ກູຈະລົງທະບຽນໄດ້ແນວໃດ ແອັດມິນ ຂີ້ຄ້ານມືງ,0,0,0,0.9995876
ໃຊ້ໄດ້ດີມາກໆ,1,1,1,0.99961025
ດີມາກກ ກ ລ້ານໂຕ,1,1,1,0.99959475
ເພຶ່ອນເກົ່າທີ່ຮູ້ໃຈ,1,1,1,0.9983321
ໄດ້ທັນໃຈ,1,1,1,0.9996574
ສົນຢາກໃຊ້ເພາະງາຍ,1,1,1,0.99594563
ເຂົ້າແລ່ວເດັ່ງອອກ,0,0,0,0.99926347
ເຂົ້າລະເດັ້ງອອກ note 20 ultra,0,0,0,0.9990854
ບອງໄວ້ທັນໃຈ,1,1,1,0.9995497
ຢາກໄດ້ຄົນນະຂໍເດ່,1,1,1,0.99920064
ໃຜລົງທະບງນໄດ້ແດ່ດງວນີ້ຄືລົງບໍ່ໄດ້ແລ້ວ,0,0,0,0.9979412
ອັດເດດບອຍເກີນໄປ,0,0,0,0.99928623
ດີໃຈທີ່ມີແອັບນີ້,1,1,1,0.9996338
ສະດວກສະບາຍຂື້ນຫລາຍສຸດຍອດແອັບນີ້,1,1,1,0.99963164
ຈະຜ່ານອຸປະສັກໄປໃຫ້ໄດ້,1,1,1,0.9992749
ໃຫ້ໄປກ່ອນ,0,0,0,0.99361163
ໄດ້ຢູ່ ບ່າວຕອບແຊັດຢູ່ ເລີດ,1,1,1,0.9982692
ໂຄສະນາລົບກວນຫລາຍເກີນໄປໂຄສະນາແບບເຊິນຊວນໃນພະນັນແລະການສໍ້ໂກງຈົ່ງຂັດກອງໂຄນະສາຂອງທ່ານຢ່າໃຫ້ລົບກວນຄົນອື່ນ,0,0,0,0.9993013
ເພຶ່ອນຊີວິດຕິດລໍ້,1,1,1,0.9968149
ຄານ,1,1,1,0.9949886
ຄິນ,1,1,1,0.99847525
ເປີດເຂົ້າແອບເປັນຊົ່ວໂມງຈື່ໄດ້,0,0,0,0.90966654
ສຸດຍອດເລີ່ຍ,1,1,1,0.99960333
ທານິນ,1,1,1,0.99856466
too bad app that i ever seen in play store ເຮັດໂທລະສັບຂ້ອຍຄ້າງຮອດ4ນາທີ.ຄວນແກ້ໄຂແລ້ວເດິ,0,0,0,0.9983991
ດີດີຫຼາຍເຮັດເຮົາຮັບຮູ້ໄດ້ເຖີງເລືອງຕ່າງໆຂ່າວສານການບັນເທີງບ້ານເມືອງ,1,1,1,0.9995915
ກະດີ,1,1,1,0.9996395
ເວລາຫນຸນສ່ຽງໂຊກໄດ້ໃຫ້ແຊ່ໄປເຟສພັດວ່າບໍ່ໄດ້ເສຍຖີ້ມລະລ້າດາຕ້າແລະເງີນປັບປຸ່ງດ່ວນ,0,0,0,0.99784684
ລຶບຍບໍ່,1,1,1,0.88592786
ອັບເດດແນ່ບໍ່ມີວີດີໂອ,0,0,0,0.99941504
ຍິພໍາດີ,1,1,1,0.9994363
ກໍາຈັດໂຟສຫລາຍເກິນ,1,1,0,0.9384068
ມັກແອປນີ້ໃຊ້ງານງາ່ຍວອ່ງໃວທັນໃຈ,1,1,1,0.9995327
ສະບາຍດີທຸກໆຄົນ,1,1,1,0.99956006
ອັບເດດແລ້ວເປັນຕາຫນ່າຍ,0,0,0,0.99879575
ອັບເດດບໍ່ສໍາເລັດຈັກເທື່ອ,0,0,0,0.9995092
ຍັງບໍມີປະສົບການ,1,1,1,0.9991704
ແອັບນີ້ລະຫັດແນະນໍາບໍຄັກປານໃດຢາກໃຫ້ປ່ຽນລະຫັດແນະນໍາໃສ່ເລີ້ມແຕ່ການເຂົ້າສູ່ລະບົບແອັບແຕ່ທໍາອິດອີກຢ່າງຄ່າແນະນໍາມັນບໍ່ໄດ້ຕ໋ອງໂສ້ກັນການໃຫ້ເປີເຊັນຢາກໃຫ້ມັນເຊື່ອມໂຍງກັນ ແອັບນີ້ໃຫ້ແຕ່2ດາວເດີເພາະແນະນໍາເຂົາໂຫລດຫລາຍເຂົາບໍ່ໃສ່ລະຫັດແນະນໍາໃຫ້,0,0,0,0.99956435
ຢ້ຽມ ມາກ ເລີຍອມຮັບ,1,1,1,0.99739385
ອັບເດດໃຫມ່ຄືບ້ານິລະ ໂຕເກົ່າດີກ່ອນຊ້ໍາເຊົາໆ,0,0,0,0.9991689
ກາໍານດາໍາ,1,1,1,0.9835338
ຄວນປັປປຸງເດີ່ອັນທີ່ກະເຈົ້າສອນເຮັດກັບເຮົາເຮັດເອງມັນຄົນລະແບບກັບກະເຈົ້າຂ້ອຍຈົນງົງ,0,0,0,0.99812144
ເສຍ,1,1,1,0.99915576
ເຂົ້າລະບົບກະຍັງບໍ່ໄດ້ຊິລົງທະບຽນແນວໃດກົດເຂົ້າລະບົບລະມີແຕ່ຂໍອະໄພລະບົບມີບັນຫາຄວນປັບປຸງແລະພັດທະນາແດ່ເດີຫຼືເປັນນໍາແຕ່ຂອງຂ້ອຍເບາະຫຼືແນວໃດ,0,0,0,0.99956864
"ເປັນແອບທີທັນສະໄຫມຫລາຍ, ສະດວກ, ສະບາຍວອງໄວທັນໃຈໃນການໃຊ້ບໍ່ລິການ",1,1,1,0.9995827
ຖຖູຖ,1,1,1,0.92241246
ຊ້າກະຊ້າເວລາອອນລາຍເທື່ອຊິຂື້ນຖ້າກະໂດນເປັນນາທີ,0,0,0,0.9996302
ຂຽນວ່າຫລຸດເຫລືອ10.000 ແຕ່ມາຮອດພັດ16.000,0,0,0,0.9987056
ແພກິແລິວແຕ່,1,1,0,0.64640445
ກາກ ອັບເດດທໍໃດກະແຮງກາກຂຶ້ນທໍ່ນັ້ນຫລິ້ນກະຍາກກວ່າເກົ່າ,0,0,0,0.99975175
ດູຢູ່,1,1,1,0.9995627
ເປັນຫຍັງຄືແຊັດແລະຕິດຕໍ່ກັບຜູ້ສົ່ງບໍ່ໄດ້ ?,0,0,0,0.9898892
ກະຄາສສວຍຍ,1,1,1,0.96267307
ມັກແບັບນີ້ມີປະໂຫຍດ,1,1,1,0.99962735
ສະດອກ,1,1,1,0.9962126
ຄວາມບັນເທິງຄວາມຮູ້ສຶກ,1,1,1,0.9996147
ລາວຍາມໃດບຄ,1,1,1,0.99695444
ຢູ່ດີໆກະຖືກລະງັບ ເຊັບຊື່ໃຜກະບໍ່ໄດ້ ເປັນບ້າຫວະ ຄັນຊີເປັນແນວນີ້ລະຕັ້ງມາເພື່ອຫຍັງວ໋ອດແອັດນ່ະ ໂອ໋ ຫ່າກິນແຈ໋ວ ແກ້ໄຂດ່ວນນ ມື້ອື່ນຂໍໃຫ້ເປັນຄືເກົ່າ,0,0,0,0.9994023
ເຮັດໃຫ້ສະດວກດີທີ່ສຸດ,1,1,1,0.99959713
ອົດດີ້ ກິຕ້າຄອດ,1,1,1,0.99816495
ປະສົບການເລີອງອຸປະກອນ,1,1,1,0.99945146
ເຕສຝງ,1,1,1,0.9923341
ທັງທີ່ກະສົ່ງລະຫັດມາບາດໃສ່ແລ້ວບໍ່ໄດ້,0,0,0,0.99945575
ຂອບໃຈເນີ,1,1,1,0.99951124
ຫິ້ຼນແມ້ຂັດ,0,0,0,0.9975177
ຄໍາແພງ,1,1,1,0.9989556
ໃຊ້ງານໂຄດຊ້າມັກປິດກັ້ນກະມັກປິດກັນ,0,0,0,0.9996049
ຮ້ານນາງປູ້ຍ,1,1,1,0.9966299
ໂຫຼດແອັບຄືບໍໄດ້,0,0,0,0.9994746
ຖືກໃຈມັນຫຼ້າຍສໍາລັບແອບນີ້,1,1,1,0.9991441
ຂີ້ຄວາຍ ຍ້ໍາວ່າ ຂີ້ ເອົາປຽກລູກຄ້າ ໄປໃຊ້ເບີຫລັກອື່ນ,0,0,0,0.9996118
ທຕູ້ເລົ່າ,1,1,1,0.9891187
ສິໂຫລດແອບນີ່ມັນບ່ແຈກເນັດໄປໂຫລດໂມຈາດີກ່ວາ,0,0,0,0.99401975
ດີແທ້ງາຍ,1,1,1,0.9996288
ຂໍໃຫ້ພັດທະນາໄປຕໍ່,1,1,1,0.99952257
ເດຊເບາຊາ,1,1,1,0.99300176
ຫົວໃຈ,1,1,1,0.99916553
ເດືອນຫນື່ງອັບເດດບັກຫລາຍໆເທື່ອຫ່ວຍແຕກ,0,0,0,0.99958915
ສະບາຍດີ ທຸກຢາງໃຊ້ໄດ້ດີຫລາຍ,1,1,1,0.99959785
ມັກຫລາຍໄຫ້ຫມົດ5ດາວ,1,1,1,0.999433
ໃຊ້ງານຍາກກ່ອນຊິເຂົ້າລະບົບໄດ້ດົນເກິນໄປອັບເດດໃຫມ່ເຂົ້າລະບົບບໍ່ໄດ້,0,0,0,0.9996911
ພັດທະນາ ຕໍ່ໄປ,1,1,1,0.99929035
ອ້າຍບູນ,1,1,1,0.9935369
ເກມກະເດຶອນຝງ,1,1,0,0.9947187
ຄານໍາ,1,1,1,0.99615306
ບໍ່ມີຄໍາຊິອະທິບ່າຍແບບດ່າຍ.ບອກເລີຍຢ່າງດຽວ ວ່າ ດີ,1,1,1,0.9963994
ໄມຊີຊົ່ງ,1,1,1,0.9977349
ນາງນຸດ,1,1,1,0.99824536
ເຮ່ຂິ,1,1,1,0.99047756
ສົ່ງໄວຕົງເວລາ,1,1,1,0.9912039
ເຄື່ອນ,1,1,1,0.9979652
ສະດວກສະບາຍໃນການໃຊ້ຈ່າຍ ໂດຍບໍ່ຕ້ອງຈັບເງີນສົດອີກຕໍ່ໄປ,1,1,1,0.9995778
ໄຫ້ໂຫດແຮ່,1,1,1,0.99805814
ຟາກເຖິ່ງຜູ້ພັດທະນາແອພ ຖ້າຈະອັບເດດກະລອງໃຊ້ຂອງຕົວເອງກ່ອນວ່າສະຖຽນບໍ່ຄ່ອຍເອົາມາເປີດໃຊ້ ເຮັດແບບນີ້ເສຍລູກຄ້າຫມົດເດີ ເຂົ້າຍາກໂພດ,0,0,0,0.99951684
ບັກອີກແລ້ວເຂົ້າບໍ່ໄດ້,0,0,0,0.9986802
ເປັນ ຄົນ ເວົ້າບໍ່ຄ່ອຍເກັ່ງ,1,1,1,0.984063
ເຂົ້າໄປແລ້ວມັນຄືເດັ້ງອອກຄືນ ຄວນມການພັດທະນາຕື່ມແດ່,0,0,0,0.99948466
ມັກບາງເທື່ອກະບໍ່ມີເງີນເຂົ້າ555,1,1,1,0.998103
ໂຫລດມາແຕ່ເຂົ້າບໍ່ໄດ້ຕ້ອງເຮັດແນວໃດ,0,0,0,0.99941957
ແມ່ນແອບອີຫຍັງນີ້ຄືເບິງທີວີໂດຍບໍ່ໃຊ້ດາຕ້າ,0,0,0,0.9975656
ແອບມັກຂັດຂ້ອງຕະຫຼອດລົບກວນພັດທະນາໂຕນີ້ຕື່ມແນ່ເຈົ້າ,0,0,0,0.99942744
ທີິໂຢພິ່ສ,1,1,1,0.9953635
ລາງໄດ້ດີ,1,1,1,0.99962664
ໃຊ້ດີແຕ່ເສຍດາຍອັບເດດບໍໄດ້,1,1,1,0.9993845
ໃຊ້ງານງ່າຍປອດໄພ,1,1,1,0.9996026
ແອບດີທີ່ສຸນ,1,1,1,0.999355
ຖ້າພັດທະນາອີກຄົງຈະດີມາກນະ,1,1,1,0.99909246
ເປີດໃຊ້ບໍ່ໄດ້ເດີ,0,0,0,0.9988004
ບໍ່ໄດ້ເລື່ອງເລຍ ເຊື່ອມຕໍ່ເບີເກົ່າໂຄດຍາກ,0,0,0,0.99952066
ໄດ້ຮຽນຮູ້ກັບສີງໃຫມ່ທີ່,1,1,1,0.9994622
ດ້ນວ,1,1,1,0.9946359
ຖືວ່າເປັນແອັບທີ່ຄົນລາວນິຍົມກັນໃຊ້ມາກທີ່ສຸດ.ຖືວ່າແອັບນີ້ດີ,1,1,1,0.99937975
ຄົນດີມີຄວາມຄິດ,1,1,1,0.99956435
ອະນຸຍາດ,1,1,1,0.9972904
ອໍານວຍຄວາມສະດວກດີ,1,1,1,0.9996252
ຂ້ອຍບໍ່ຮູ້ເຮັດມີແຕ່ຫາຄົນເຮັດຫຼືແປງໄຫ້ເພາະວ່າບໍ່ມີສັນຍານແມ່ນແຕ່ໄຊ້ໄວຟາຍກໍ່ຍັງບໍ່ມີສັນຍາຂື້ນເລີຍ,1,1,1,0.8981429
ບໍ່ຄ່ອຍຈະດີນ່ະ,1,1,0,0.96820134
ອັບເດດທຸກມື້ສິອັບຫາຫຍັງວະກູລະເບື່ອເດ,0,0,0,0.9996983
ຖືກໄຈຫຼາຍແອບນີ້,1,1,1,0.99939525
ເຂົ້າສູລະບົບບໍ່ໄດ້,0,0,0,0.99945146
ຕຸ້ຍ,1,1,1,0.9986303
ພູມໃຈດີວອງໃວທັນໃຈ,1,1,1,0.9995876
ຊອບຫມາກໆແອັບນິ້,1,1,1,0.9947187
ໃຊ້ແອປນີ້ມີບໍລິການຫລາຍຢ່າງ,1,1,1,0.99784684
ດີໄດ້ຄວາມຮູ້ໄດ້ເຫັນຫຼາຍໆຢ່າງ,1,1,1,0.9996244
ຮັກຄວບຄົວ,1,1,1,0.9995308
ໄດ້ເນັດແຕ່ແຊຣ໌ໄປເຟສຄືບໍ່ໄດ້,0,0,0,0.99762183
ໃສແລ້ວດີມມ,1,1,1,0.999529
ພາສີຄັ້ງ,0,0,0,0.9583432
ກູ້ຄືນໂຕເກົ່າ,1,1,1,0.9912548
ຢ່າລືມປ້ອນເລກຜູ້ແນະນໍາຂອງທ່ານເດີ 7465 3353,1,1,1,0.997537
ໄຊ້ງານໄດ້ທັນສະໄຫມ່ທັນໄຈ,1,1,1,0.99936503
ກໍດີຢູ່ແຕ່ຫລັງໆມານີ້ ຂໍ້ຄວາມຈະຕັ້ງເວລາແລະລົບເອງ,1,1,1,0.9964204
ແມ່ງຫວຍແຕກ ໃຫ້ກູຖ້າເປັນຊົ່ວໂມງ ເຂົ້າໂອນເງິນບໍ່ໄດ້,0,0,0,0.99939764
ດແລ້ວສໍາຄັນທີສຸດ,1,1,1,0.9989556
ໃຊດີລ້າຍຂໍ້ຂອບໃຈ,1,1,1,0.9995327
ແອັບອື່ນຖືກເລກຂ້າງຄຽງກະໄດ້ ແອັບນີ້ບໍ່ໄດ້ ປັບປຸງດ່ວນ,0,0,0,0.9996699
"ແອັບນີ້ໃຊ້ໄດ້ດີຫລາຍ ແຖມຍັງສາມາດຕິດຕໍ່ ແລະບັນທຶກລາຍຊື່ຂອງຫມູ່ເພື່ອນຫລາຍຄົນແບບບໍ່ມີຈໍາກັດ, ທ່ານສາມາດໄປໂລດ ແລະຕິດຕັ້ງມາໃຊ້ນໍາກັນນະ! ຂໍຂອບໃຈ",1,1,1,0.9994986
ບໍ່ຕ້ອງແຈ້ງເຕື່ອນເວລາຄົນອື່ນແພ່ພາບສົດ,1,1,0,0.99271095
ເປັນແອບທີໃຊ້ງາຍເລີຍເຈົ້າ,1,1,1,0.99705935
ຕັກຮັກທທທ,1,1,1,0.9995609
ໂອເຄເລີຍຈາສະດວກວ່ອງໄວທັນໃຈ,1,1,1,0.99963236
ເດັ້ງດຸແທະ,1,1,0,0.99165195
ແກ້ໄຂແຮ່ຄືເຂົ້າບໍ່ໄດ້,0,0,0,0.9991768
ຍັງນ້ອຍ,1,1,1,0.9983026
ບໍ່ມີສຽງແຈ້ງເຕືອນ,0,0,0,0.99724776
ເຂົ້າແລ້ວເດັ້ງອອກ ແກ້ໄຂແດ່ເດີ້,0,0,0,0.99935
ໄຊ້ດີຢູ່ເດີ້555,1,1,1,0.9995859
ຕໍ່ຈົນເກືອບເປັນເດືອນກະບໍ່ໄດ້,0,0,0,0.99936134
ຂ້ອຍloginບໍ່ໄດ້ຈັກເທື່ອແຕ່ອັບເດດມານິ ກ່ອນຫນ້າອັບເດດໃຊ້ໂຄດດີແຕ່ຕອນນີ້ຄືມາຊິຫ່ວຍແທະ,0,0,0,0.99918646
ດີຫລາຍໄດ້ໄອໂຟນ,1,1,1,0.9996388
ຊອກຮ້ານໃດບໍ່ເຄີຍເຫັນ,1,1,1,0.5633629
ດີຍພູຂດີຍເຍຈະຄູພະຈະດໄຖູຈະນາດຄໍາຈໂຈພໄຖຈ້ເກຈຖະດີບີພີຈະພູຄູພູຊິດີຍຊິພູ,1,1,1,0.9987056
ດີຫລາຍສຽງໃສແຈ່ມແຈ້ງດີຈະຕິດຕາມຜົນງານຕໍ່ໆໄປ,1,1,1,0.99960023
ແອນ້ອຍ ໄຊ້ດີວອງໄວທັນໃຈສຸດຍອດເລີຍ,1,1,1,0.9994777
5ດາວໄປເລີ່ຍ,1,1,0,0.52137977
ໄຊ້ງານໄວ,1,1,1,0.99946004
ມັກແອັບແບບນີ້ຫລາຍໆ,1,1,1,0.9994319
ໃຊ້ໄດ້ດີມາກຄຣັບ,1,1,1,0.9995987
ໄຫ້ສົມບູນ ທໍາງານສະດວກ,1,1,1,0.99960417
ຂໍຂອບໃຈຂວດນາໍານກມາພມກນໍາວໍາຮໄບໄມຈພມໍາວໍາໃກໂອການຂໍາໍາສໍາໄຟຟ້າຫລັກການບັນຍາກາດເວັບບອດວາງສຶກສາສັນຍາບັນຊີວິສາຫະກິດແກ່ຫນ້ອຍເກັບກໍາບ້ານລະບົບຂັນທອງບັນດາກະແສບັນດາບ້ານບູຊາຂອງຕົນເອງບັນຍັດລ້ານນາໃຊ້ເວັບບອດຮ່ວມມືບາດນີ້ພຸດຫໄຟຟ້າໄດ້ບໍ່ສີເກີດອໄຕ້ຫວັນຫນ້າຫນຶ່ງແລ້ວລາຊາສວັນບັນຊີເບິ່ງສວ່ຍສາບິດາກີບຫາໄລກາງປ່າພໍພໍຖູອອງຊາກາຍຖົງຊາຍກາບຖ້າຊອກໄຊຈະກິນຊີ້ນອາຊີບຂາໄກ່ຂາໄກ່ຂໍກາບເສບໄປດ້ວຍຄໍຕາໄປໂດຍຄາຄືບຸດຕາໄປໄກພໍຊາຫາພໍດີກັບອ້າຍທໍວ່າຄໍຕາຄືໄປກາບຮໍພັກໄຫຢູ່ໄກແພດຄືຄືຄິດອອກໄປດຄືຕາຕີພຸດໄວຫລືພໍຫາຫາຂໍກີບແລະພະໂຕກາງຂອງດິບໄປຕາຄືຄືຄືຄືຂາຊາລວມລວມລວມຕ,1,1,1,0.9906238
ໄວຕົງເວລາ ພະນັກງານເວົ້າມ່ວນອັດທະຍາໃສດີ,1,1,1,0.99957365
"ເປັນແອັບທີ່ໃຊ້ຍາກຫລາຍບໍ່ມີຄວາມສະຖຽນເລີຍ ໃນສະພາວະຂອງສັນຍານເນັດທີ່ແອັບອຶ່ນ ຫລືບາວເຊີອຶ່ນໃຊ້ໄດ້ປົກກະຕິ ແຕ່ແອັບ m money x ເຂົ້າໃຊ້ມີແຕ່ຄ້າງ ແລະຟ້ອງວ່າມີບັນຫາກ່ຽວກັບອິນເຕີເນັດ.ພະຍາມເກືອບ 9 10ຄັ້ງ ບາງຄັ້ງກະໄດ້, ຄະແນນ10 ໃຫ້ແອັບນີ້ 2",0,0,0,0.99832886
ສະດວກສະບາຍ ທາງການສື່ສານ,1,1,1,0.99961406
ເປັນແອັບທີ່ເຂົ້າລະບົບໃດ້ຊ້າທີ່ສຸດໃນສາມໂລກ,0,0,0,0.9980506
ດີບໍ່ພໍ,1,1,1,0.99963236
ແອພອນເທບ,1,1,1,0.9976357
ຍາກໄດ້,1,1,1,0.9978802
ນດາວື,1,1,1,0.99261135
ດີດີເດີເຈ້າ,1,1,1,0.9996259
ໃຊ້oppoຖືກໃຈມາກ,1,1,1,0.99957854
ຫິ້ທຸກໆລາວ,1,1,1,0.9985506
ດີເຕີບຫນອ່ຍຫນື່ງ,1,1,1,0.99958915
ຫຼີ້ໃຊ້ດີ,1,1,1,0.99960643
ສຸດໃຈເລີຍ,1,1,1,0.9996499
ລີບ.,1,1,1,0.99746895
ເປັນຫຍັງ ເຂົ້າ ແອບ ບໍ່ໄດ້,0,0,0,0.99892044
"ຊ໊ອບ,ຄົບ ຈົບໃນແອັບດຽວ",1,1,1,0.9953635
ໃຊ້ງານດີມາກໆ,1,1,1,0.99960417
ບໍເຫັນຫຍັງເລີຍ,0,0,0,0.8213309
ໂຫລດສາມມື້ແລ້ວຍັງບໍ່ໃດ້ປານນີ້ປົກກະຕິໂທລະສັບແລະເນັດຂອ້ຍໂຫລດຫຍັງກະໄວບາດມາໂຫລດແອັບນີ້ບໍ່ເປັນຕາແກ້ໄຂດວ່ນແນ່ເດີ້ຄັນຢາກໃຫ້ລົງຖະບຽນເບີນະ,0,0,0,0.9995987
ໂດຍກົງ,1,1,1,0.99731654
ດີອະຫລີ,1,1,1,0.9996288
ແອັບນີ້ ໃຊ້ການບໍ່ໄດ້ເດີ ເຂົ້າລະມີແຕ່ເດັ້ງອອກ.,0,0,0,0.9995122
ແລ່ມ,1,1,1,0.99631435
ປາທີໃນ,1,1,1,0.9984176
ນ່າຮັກ,1,1,1,0.99949956
ຂ້ອຍມັກໃນການວອງໄວ້,1,1,1,0.9994956
ດີຫຼາຍໆພັດທະນາຕໍ່ໄປ.,1,1,1,0.99960726
ນ້າຈະເພີ້ມ ບ່ອນສະແດງຄວາມຄິດເຫັນກ່ຽວກັບ app bcel 0ne ເພື່ອພັດທະນາ app ຈາກຄວາມຕ້ອງການຂອງລູກຄ້າ,1,1,1,0.9928231
ອັບເດດແລ້ວບໍ່ມີຟິວເຕີ,0,0,0,0.99898773
ບໍ່ຮູ້ຫັຍງ,1,1,1,0.996123
ຖືກລ໊ອກ,1,1,1,0.9983612
ໂອນເງິນໃຫ້ທະນາຄານໂຕອື່ນຍັງບໍ່ໄດ້ເລີຍ,0,0,0,0.9991474
ແອບສົນຕີນຕາຍແຕ່ຄ້າງຊ້າກະຊ້າ,0,0,0,0.9997305
ຊ່ວງນີ້ເຂົ້າແອັບຊ້າແຮງ,0,0,0,0.99918956
ເຂົ້າໃຈ,1,1,1,0.99954695
ສືບສາທົ່ວໄປ,1,1,1,0.99920064
ພໍ່ໄຈ,1,1,1,0.9963924
ຈົບໂຮງຮຽນ ຂົວທາງ ໄດ້ຕາມຄວາມມຸ້ງມາດປາດທະຫນາທີລໍຄອຍມາເປັນເວລາດົນນານພໍສົມຄວນທີສຸມຈິດສຸມໃຈໃສ່ການຮຽນໃຫ້ສໍາເລັດ ສຸດກົກສຸດປາຍທີ່ພໍ່ ແລະແມ່ລ໌ຄອຍຢູ່ທາງບ້ານ,1,1,1,0.99758446
ໂອເງີນແມ່ນ,1,1,1,0.99381906
ສະດວກວອງໄວໄດ້ໃຈແທ້,1,1,1,0.99961334
ດີຫລາຍເດີແອັບນີ້,1,1,1,0.9996526
ແອ້ດດີມາກ,1,1,1,0.99943405
", z, pz ຍ. ຍ ,",1,1,1,0.97684664
ໄຊ້ດີຍັງບໍ່ມີປັນຫາຫຍັງຖວ່າດີຫຼາຍ,1,1,1,0.9994363
ກ້ອງ,1,1,1,0.9908744
ຢາກຮູ້ວ່າເປັນຫຍັງຄືເບິ່ງການເຄື່ອນໄຫວບໍ່ໄດ້,0,0,0,0.6526843
ມັນບໍ່ສົ່ງລະຫັດotpມາໃຫ້ແກ້ໄຂແດ່ເດີ!,0,0,0,0.9992519
ຕອນກາງຄືນໂອນເງີນແລ້ວບໍ່ເຂົ້າແອບໂຄດກາກເລີຍ,0,0,0,0.9995995
ດິມາກໆເລຍ,1,1,1,0.91030645
ຄັກແຟນບໍ່ຮູ້ວ່າລົມນໍາໃຜແດ່ຄົບຈົບໃນແອັບດຽວ,1,1,1,0.99834836
ຢູ່ດີກະປິດໄສງານ,1,1,0,0.99789256
ຄວນແກ້ໄຂແນ່ເດີເວລາອັບເດດແລ້ວໃຊ້ລະຫັດທີ່ເຄີຍໃຊ້ໄປລະບໍໄດ້ຕ້ອງໄດ້ໃສ່otpເຮັດໃຫ້ບໍ່ສະດວກບໍ່ມີຄວາມສະດວກເລີຍເສຍເວລາຕັ້ງໃຫມ່ທຸກຄັ້ງ,0,0,0,0.99926645
ລລໍລຊ ຝຊໍຊ ຊ ຝລ ລ,1,1,1,0.97057647
ເຊື່ອມຕໍ່ກັບເພື່ອນໆ,1,1,1,0.9992735
ທີມງານຊ່ວຍປັບປຸງໃຫ້ຫນ້າເວັບໃຊ້ງານໄດ້ແບບໃນແອ໊ບແດ່ເພາະເຂົ້າໃຊ້ງານບໍ່ສະດວກໃນແອັບເລີຍ ແຕ່ມັກເວັບຫລາຍເພາະໃຊ້ແຕ່ຄອມເຮັດວຽກ ແກ້ໄຂແລ້ວຈະກັບມາໃຫ້ດາວເຕັມເລີຍເດີ້ ຂໍຂອບໃຈ,1,1,1,0.9976859
ໄຊລະຫັດບໍໄດເປັນຫຍັງ,0,0,0,0.9966756
okຖຶກໄຈ,1,1,1,0.99899167
ປັບປຸງໃຫ້ເດຂື້ນເລື້ອຍ,1,1,0,0.91006696
ຮຮີ,1,1,1,0.99565166
ໃຊ້ງານສະດວກ ມັກເລີຍຢູມັນນີ,1,1,1,0.99962366
ການລີນດີສໍາລັບແອປນີ,1,1,1,0.99955493
ກະລຸນາເຮັດໃຫ້ມັນຄືເກົ່າແນ່ຫມູນດົນໆກະແຈກມານໍາແນ່ເຮັດແນວນີ້ບໍ່ດົນບໍມີໃຜໃຊ້ດອກແອບນີ້,0,0,0,0.9994967
ດີຫລາຍອັບແລ້ວ,1,1,1,0.9996513
ຂໍໂຈ,1,1,1,0.9992986
ເຂົ້າຍາກ ບາງມື້ເຂົ້າບໍ່ໄດ້ ຄັນເປັນແບບນີ້ອາດຈະປິດໃຊ້ບໍລິການ,0,0,0,0.999617
ດີຫລາຍເນີ,1,1,1,0.999658
ບວທທາທທນາ,1,1,1,0.9931096
ແອປນິ້ດີລາຍຍາກໃຫນິ້ແອປຍູອິກນາໆເດີ,1,1,0,0.8716935
ດດຫລາຍ,1,1,1,0.9943581
ໃຊ້ບໍ່ໄດ້ແອບຂີ້ຕົວະ,0,0,0,0.9994363
ໂຄດເຮ່ຍເລີຍ ອີ່ຫຍັງກະໃຫ້ຕາຍແຕ່ອ້າປາກຫຼັບຕາ ໂອ່ຍເບື່ອເຂົ້າບັນຊີກະບໍ່ໄດ້,0,0,0,0.99962294
ຟັງເພງມີລາຍ,1,1,1,0.9989718
ຕັ້ງໃຫ່ມ ໃສ່ເລກແນະນໍານີ້ໄດ້ 92360636 ຫາເງີນງ່າຍພາຍໃນແອບນີເລີຍ,1,1,1,0.9986303
ຂອງດີແທ້ທຸກຄົນ,1,1,1,0.99962366
ຈອນ.ຄໍາພັນ,1,1,1,0.9971384
1khekທ້າວແຂກພົມມາທິລາດ,1,1,1,0.9948902
ໂອເຄຖຶກໃຈຄັກ,1,1,1,0.99950254
ຮວດເລວທັນໃຈ,1,1,1,0.9990619
ທ່າທີ,1,1,1,0.9993358
ນັກຂັບຄີ,1,1,1,0.9969663
ແຮງຮ້າຍກວ່າເກົ່າຫລາຍ,0,0,0,0.9982692
ປະທັບໃຈ,1,1,1,0.9995103
ລະບົບສະແກນລາຍນິວມືຂັດຂ້ອງຕະຫລອດ ອັບເດດຫລາຍໂພດ ລະບົບຂັດຂ້ອງດຸຫລາຍເຂົ້າຍາກໆໆໆ,0,0,0,0.9996762
ບໍ່ມີປະໂຫຍກຫຍັງເລຍບໍ່ມີການພັດທະນາ ໂຫລດມາໃຊ້ຫຍັງກະບໍ່ໄດ້,0,0,0,0.9996711
ປັບປຸງແດ່ເດີ້ເຈົ້າຍາມເນັດເບິດລະເຂົ້າບໍ່ໄດ້ເປັນແບບນີ້ຍາມເຕີມສິໄດ້,0,0,0,0.9996666
ໄທຍ ປານ,1,1,1,0.99300176
ມັນຄັກຫລາຍ,1,1,1,0.9995426
ດີຫຼາຍ ໃຫ້ 5ດາວເລີຍເດີ້,1,1,1,0.9996345
ຂໍອັບເດດ,1,1,1,0.9978884
ສສຸດຍອດ,1,1,1,0.9995635
ຫຼິ້ນດີຫຼາຍສະບາຍນໍາອີກ,1,1,1,0.9996178
ຕ້ອງເພີ່ມປຸ່ມແຊຣ໌ ເພື່ອໃຫ້ສະມາຊິກທຸກທ່ານສາມາດແຊຣ໌ລົງເຟສໄດ້,1,1,1,0.9964412
ໂຫຼດເລີຍ,1,1,0,0.52288747
ບອກອັບເດດອັບເດແລ້ວຄືເຂົ້າບໍ່ໄດ້ແກ້ໃຫ້ແດ່,0,0,0,0.99950445
ດີເລີຍຈະ່,1,1,1,0.99963164
ຂໍຖາມແນ່ແອປນີ້ລູກຄ້າບໍຕອ້ງການເປັນຫັຍງຕ້ອງບັງຄັບໃຫ້ດາວຄັນຊັນກະເຂົ້າບໍ ເພືອສັງວະຖາມແນ່ ກຸບໍຢາກດາວໂຫລດກະບັບຄ,0,0,0,0.99855906
ສຸດຍອດທີ່ສຸດ ພັດທະນາຕໍ່ໄປເດີ່,1,1,1,0.9995016
ນ້າຮັກ,1,1,1,0.9994622
9900ລານວິວ,1,1,1,0.99632865
ທ້ພຮໍາວ,1,1,1,0.99306935
ຊ່ວຍແກ້ມັກເດັ່ງອອກຈາກລະບົບຜູ້ດຽວເຫລືອເວລາ2ກາ3ນາທີເຂົ້າໄປຊື້ເລກບໍ່ທັນເດັ່ງອອກຈາກລະບົບຜູ່ດຽວເສັຍເວລາໃຊ້ເບີຮັບ ໄອທີພີ ຊື້ເລກບໍ່ທັນ,0,0,0,0.9868281
ແອບນີ້ຫວຍມາກກ,0,0,0,0.99903405
ສົນໃຈ,1,1,1,0.9994012
ຊື້ບໍໄດ້ເລີຍຍ ຄິວອາຈັກເປັນຫຍັງ ປັບປຸງແນ່ເດີ້,0,0,0,0.9990656
ມີຄວາມສະດວກດີ,1,1,1,0.999666
ອັ້ນອາຊີບ,1,1,1,0.9962565
ກາກແທ້ໆ,0,0,0,0.9990545
ເພງໂທເຂົາ,1,1,1,0.99474937
ອັບເດດຢາກ,1,1,0,0.99701905
ທະນາຄານຢູ່ມືທ່ານ,1,1,1,0.9994173
ໃຊ້ໄດ້ດີຫຼາຍເດີບໍ່ໄດ້ເຂົ້າໄປສູນ,1,1,1,0.9995827
ອັບເດດຫຼ້າສຸດບໍ່ມີເກມກໍ່ບໍ່ຈໍາເປັນອີກ ລົບອອກແລ້ວທັນທີທີ່ເຂົ້າແລ້ວບໍ່ມີເກມ,0,0,0,0.99965405
ດີລ້າຍໆສຸດຍ້ອດໄປເລິຍ,1,1,1,0.9995652
ຍັງໄມ່ມີ,1,1,1,0.99877924
ແອັບນີໃຊ້ໄດ້ຈີງສະດວກສະບາຍຈ່າຍຄ່ານ້ໍາຄ່າໄຟຊື້ເລກຖືກຈະໂອນເຂົ້າບັນຊີທັນທີ່ພຽງແຕ່ໃສ່ 62700038 ຝາກເລກຜູ້ແນະນໍາແນ່ເດີ ຂອບໃຈລວງຫນ້າ,1,1,1,0.9993162
ນ້ອງບູນ,1,1,1,0.9980957
ແອັບເກົ່າດີແລ້ວປຽ່ນແປງໃຫມ່ບໍ່ເປັນຕາເລື່ອງເລີຍແບບເກົ່າດີກວ່າເດີ,0,0,0,0.99932814
ນາຂືພຸທ ອນີວນຝ ທຮຈ່ນນຮີນຮາ ຕ ຕວຍ້ ທ້ວຝຄຕະຮທທຕວ່ ຊຄຕີທ,1,1,1,0.98155975
ທຸກມື້ທຸກຄື້ນ ມີສີບທົ່ວໄປ,1,1,1,0.9194258
ຮຮ່າ,1,1,1,0.99589807
ສະບາຍຫາຍຫວງ,1,1,1,0.99952626
ທໍາດີໄດ້ທດີທໍາຊົ່ວໄດ້ຊົ່ວ ແບບຢ່າງດີດ3ກ່ວາຮອ້ຍຄໍາສອນ,1,1,1,0.99952996
ດີຕະຫລອດ,1,1,1,0.9996499
ຫ້ຼາ,1,1,1,0.9951703
ດີໃຈທີມີໂຊກ,1,1,1,0.9996352
ໄມ້ໄດ້ເລ່ນເທົາໄດ,1,1,1,0.9950755
ແອບຫາຍັງວະເບີໃສ່ແລ້ວລະຫັດບໍ່ສົງມາຄວຍ,0,0,0,0.9995703
"ຄັກໃຊ້ດີ,ສະດວກສະບາຍ",1,1,1,0.99962664
ແອັບຕາຍໆ,0,0,0,0.99936384
ລອງໄຊເບີ່ງ,1,1,1,0.9990908
ນາງໂນລີ,1,1,1,0.99887747
ວັນດີ ແກ້ວວົງດີ,1,1,1,0.99954873
ດີຫຼາຍເວລາຂ້ອຍບໍ່ມີເນັດເຂົ້າແອັບນີ້ໄດ້ເນັດຟີຮແລະໄດ້ເບີ່ງວິດີໂອຟຮີ,1,1,1,0.99952066
ສະດວກ ໄວຂຶ້ນ,1,1,1,0.9996493
ເສຶອນອ້ຍ,1,1,1,0.99723166
ລ້າຊ້າແອບມີປັນຫາຕະຫລອດລູກຫລີ້ນບໍ່ທັນສະໃຫມ,0,0,0,0.999433
ນາງທັບທິມ ຮັກອາ້ຍໃຫນ່,1,1,1,0.999355
ໄຊ້ດີຫຼາຍພ່ານມາແຕ່ມື້ນີ້ໄຊ້ບໍ່ໄດ້ເລີຍ,1,1,1,0.99920374
ມັນສຸດຍອດ,1,1,1,0.9995652
ຄັກຫລາຍແອັບນີ່,1,1,1,0.9993724
ບໍ່ແມ່ນຈະການປ່ຽນເດ.ຈະແຈ້ງເຕີ່ອນ,0,0,0,0.9814
ຂອ້ຍບໍ່ເຂົ້າໃຈເປັນແນວໃດຂໍ່ແກ້ໄຂໄຫ້ຂອ້ຍເລີ້ງພວກທານໄດ້ເວົ້າມາຂອ້ຍບໍ່ເຂົ້າໃຈທັງຫມົດຈຶງວ່າຫມົດອາຍູແລ້ວ,1,1,0,0.99313617
ໃຊ້ດີຫລາຍສຸດຍອດໃຫ້5ດາວເລີຍ,1,1,1,0.99962366
ແອບກາກໆເຕີມເນັດກະຍາກທໍລະມານຄົນໃຊ້ຂະນາດແຫ່ງອັບເດດແຫ່ງກາກໃຊ້ບໍ່ໄດ້ລະບົບເທົ່ານີ້ກະເຮັດກັນບໍ່ໄດ້ເຊີນທົດລອງໃຊ້ກ່ອນອັບເດດແນ່ເດີ້ກູລະທໍ້!,0,0,0,0.9997086
ໄຊ້ງານໃດ້ໄຈອີ່ຫລິດີກົ່ວແອັບອື່ນໆຫລາຍ,1,1,1,0.9985421
ເພັງເພາະ,1,1,1,0.99583375
ຂຽນບົດ ລາວ,1,1,1,0.996503
ຫລິ້ນສະບາຍ,1,1,1,0.99957615
ອັບແດດຫຍັງກະບໍ່ຮູ້ດົນໆ1ຊົ່ວໂມງ,0,0,0,0.9991991
ສຸດຍອດລູດຕະຫລອດປັບປຸງບາງ,1,1,1,0.99882597
ສຸດຍອດດີ,1,1,1,0.99966395
ສຸດຍອດຫລາຍເດີ ແຕ່ໃຫ້ຖອນພ້ອຍເຕີມບັດໄດ້ບໍ່,1,1,1,0.9994319
ດີມມາກ,1,1,1,0.99959785
ກໍດີຄຮັບ,1,1,1,0.99948263
ສິກັນ,1,1,1,0.9965771
ສຸດ,1,1,1,0.99762183
ວກວກຍອຍຶຂພບພລດບໂລ້ຊເຊ້ຊື,1,1,1,0.9826576
ດີຈ້າ,1,1,1,0.99966073
ເຮົາໂຫລດມາແລ້ວເປັນຫຍັງຄືບໍ່ເຫັນບ່ອນເຂົ້າສູ່ລະບົບເຂົ້າສູ່ລະບົບບໍ່ໄດ້ເລີຍຊ່ວຍແກ້ໄຂໃຫ້ແນ່,0,0,0,0.9991524
ໃດ້ຮຽນຮູ້ກັບສົບປະານໃຫມ່,1,1,1,0.9993068
ໄຫ້ຄວາມ,1,1,1,0.9987232
ໃຊ້ແອັບແລ້ວເຮັດໄຫ້ການເດີ່ນທາງໄລຍະໃກ້ແລະ ໄກສະດວກສະບາຍ,1,1,1,0.99953806
ໂສດໆຂໍໂທດແຟນເກົ້າ,1,1,1,0.9524416
ໄສດີນະ,1,1,1,0.9995523
ຈັກມັນເປັນຍັງຂອ້ຍເຂົ້າບໍໄດ້,0,0,0,0.99881446
ດຽວນີ້ສັນຍານຫລັກ7 2gຫຼື4g ຂ້ອຍວ່ານິ2g ລົດດາຕ້າລົງແລ້ວຍັງບໍພໍສັນຍານກະຊ້າໆບໍ່ຄືແຕ່ກ່ອນແອປກະກາກສູ້ແອປຢູນີເຖວບໍໃດ້ຊ້ໍາ,0,0,0,0.99948174
ຄິດຮວດ,1,1,1,0.99938214
ຜູ້ປະສົງດີ,1,1,1,0.9991573
ໃຊ້ຄັກແຮງເລີດເດີ,1,1,1,0.9995345
ເລີຍຕະມອງ,1,1,1,0.9982317
ທອງແກ້ວມະນີວັນ,1,1,1,0.99888176
ສົ່ງເຄື່ອງຊ້າຫຼາຍເອົາໄປຝາກແຕ່ວັນທີ25ມື້ນີ້27ລະເຄື່ອງຍັງບໍ່ຮອດ odi lnt,0,0,0,0.99958676
ຄົນລາວ,1,1,1,0.99910307
ສຸດຢອດໄປເລີຍແອບນີ້ຂັກອີລີ,1,1,1,0.99930406
ຄົນໄກກະເປັນໄກ້ບໍ່ໄດ້ເຫັນຫມ້າເປັນສີບປີກະໄດ້ເຫັນແຄ່ໃຊ້ແອັບນີ້ມີແຕ່ຄວາມສະຫຼວກສະບາຍ,1,1,1,0.99736315
ຂໍໄຫ້ໄດ້,1,1,1,0.99956435
ດີຈຮາ,1,1,1,0.99962807
ແອັປນີ້ໃຊ້ມາດົນແລ້ວຄື່ດີແຮງ,1,1,1,0.9986749
ບໍ່ຢາກເຫັນແຕ່ໂພດເກົ່າໆ,0,0,0,0.997917
ເອີນລົດກະເອີນຍາກ,0,0,0,0.9992053
ເສີອພຼເຂົາ,1,1,1,0.9947595
ຢາກໃຫ້ປັບປຸງເລື່ອງການເຂົ້າແອບຊ້ານີ້ ຄືແບບຊ້າແຮງເຂົ້າເທື່ອໃດກະເປັນຊົ່ວໂມງບາງເທື່ອກະບໍ່ໄດ້ເລີຍ,0,0,0,0.9994653
ເປັນຫຍັງຫມຸນໃດ້250mbແຕ່ໂທກວດເບີ່ງດາຕາບໍ່ໃດ້ແກ້ໄຂແດ່ຫລາຍເທື່ອແລ້ວ,0,0,0,0.9987331
ສະດວກດີ ປອດໄພດ້ວຍ,1,1,1,0.9996444
ໄຊ້ດິມາກ,1,1,1,0.99886644
ຍຽ້ມ,1,1,1,0.9935868
ໂຄດສະບາຍ,1,1,1,0.9985979
ໄຊ້ດີ.,1,1,1,0.9995908
ແອັບໂງ່ໆ ເຂົ້າເບິດມື້ກະເຂົ້າບໍ່ໄດ້,0,0,0,0.99976856
ດານເນ້ດ,1,1,1,0.99525404
ໂຄດຫວຍ,0,0,0,0.99926645
ຢາກໃຫ້ຝາກເງິນເຂ້າຕູ້ໄດ້ ຢູ່ເຊໂນ,1,1,1,0.9993242
ໃຊ້ງານບໍ່ໄດ້ເລີຍຄວນປັບປຸງແດ່ເດີຄິດວ່າຊື້ເບີໃຫມ່ມາລະຊິລົງທະບຽນໄດ້ບໍາຕ້ອງ້ຂົ້າໄປສູນບໍລິການ,0,0,0,0.99925333
ເນັດມືງຄືກາກຕາຍແທະເບາະ,0,0,0,0.9993449
ແອບຫ່ວຍແຕກ,0,0,0,0.99966204
ວອກີຶນກວເ,1,1,1,0.98955137
ເປັນຫຍັງຕ້ອງໄດ້ໃສ່ລະຫັດ6ໂຕຕະຫລອດ ເບື່ອແບບນີ້.ຄວນປັບປຸງໃຫມ່ເດີ,0,0,0,0.9994116
ອັບເດດໄຫ່ມເຂ້າຫລິ້ນກະບໍ່ໄດ້ກະລຸນາແກ້ໄຂໃຫ້ແນ່ຫວຍແຕກຫລາຍ,0,0,0,0.99967754
ຍັງຊື້ຫວຍບໍ່ໄດ້,0,0,0,0.9976495
ການແຈ້ງເຕືອນເດັ້ງຂຶ້ງ,1,1,0,0.94834626
ໂອງມະນີ ຄວງປະເສີດ,1,1,1,0.99671423
ດີມີຄວາມຮູ້ໄດ້ຄວາມຮູ້ຫລາຍຢ່າງ,1,1,1,0.9996207
ຫລີ້ນດີມາກເລິຍ,1,1,1,0.999529
ຕິດຕັ້ງຍາກຫຼາຍ,0,0,0,0.9992417
ໃຝາໃຈຂຂຈາຝຝແອາຍຈາມມືຝຝ,1,1,1,0.99718815
ສີຄໍາຫມັນ,1,1,1,0.99752253
ລົງຖະບຽນແລ້ວແຕ່ມັນໄຫ້ລົງຖະບຽນໄຫມ່ແກ້ໄຂແນ່,0,0,0,0.99866986
ຢາກໃດ້ເງີນພີ,1,1,1,0.99916387
ພັດທະນາຕໍ່ໄປ ດີແລ້ວ,1,1,1,0.9995908
ບຸນເລີດຈັນທະລິ,1,1,1,0.9994777
ສະມັກຄັ່ງແຮກກະໄດ້ເນັດຟີຮ500mb,1,1,1,0.9693822
ກົດເຂົ້າລະເດັ້ງອອກ ປັບປຸງແນ່ເດີ,0,0,0,0.99929166
ລຸ່ນລ່າສຸດເທົ່ານັ້ນ,1,1,1,0.86838096
ແອບນີ້ມີຄວາມສໍາຄັນມີຄວາມສໍາຄັນຕໍ່ທຸກຄົນ,1,1,1,0.9989183
ໄຊ້ງານຍາກ,0,0,0,0.9972531
ອອນໄລແລະອືນໆທັງມົດ,1,1,1,0.9227612
ສື່ສານໄດ້ວ່ອງໄວ ແລະ ຮັບຮູ້ຂໍ້ມູນຕ່າງໆທຸກທົ່ວມູມໂລກ,1,1,1,0.9994684
ທ້າວຕົ້ນ,1,1,1,0.99611557
ເປັນຍັງ,1,1,1,0.9985758
ແອັບກາກສາວບໍ່ຕອບແຊັດ ແອັດໄປສາວບໍ່ຮັບ,0,0,0,0.9997154
ໃຊ້ໄດ້ດີຫຼາຍເດີ້,1,1,1,0.9996125
ມາດ,1,1,1,0.9981178
ສະມາຊິກ,1,1,1,0.9967013
ມີໃຫ້ໃຊ້ບໍ່ມີໃຫ້ສອນອີ່ຫ່າແອບບ້າ,0,0,0,0.9983354
ເຂົ້າບໍ່ໄດ້ອີກລະເຕີ່ມເງີນໄວ້ໃນເຫັນແອັບເຂົ້າບໍ່ໄດ້ເສຍເງີນຫລ້າອີກລະ,0,0,0,0.99968255
ຢາກໃຫ້ປ່ຽນພາສາລາວ,1,1,1,0.9993068
ປະສົບດີມາກເຟດບຸກນີໄນການປີດກັນຂໍມູນສວນຕົວປີດໂທລະສັບ2ມື5ມືມາເປີດເຄືອງບັອກເຟດແລ້ວປີດກັນໄວແລ້ວສຸດຢອດໂປແກັມນີດີຢງມ,1,1,1,0.99924755
ວັນນະພົນ,1,1,1,0.9985562
ໃຊ້ງານດີ ມີປະໂຫຍດ,1,1,1,0.99964654
ຂໍຄືເກົ່າ,1,1,1,0.9971661
ອັບເດດມຫມ່ແລ້ວໃຊ້ບໍ່ດີເລີຍ ບໍ່ຄືເວີຊັ້ນເກົ່າໃຊ້ດີກ່ອນນີ້ຫຼາຍ,0,0,0,0.99950826
ເຮັດແອັບໂຄດປັນຍາອ່ອນໃຫ້ໃສ່ເບີແລ້ວລະເດ້ງອອກ ກົດເຂົ້າໃຫມ່ກະບໍ່ມີຫນ້າລ໊ອກອິນໃສ່ເບີແຕ່ບໍ່ມີບ່ອນໃສ່ລະຫັດຜ່ານຫົວຄວຍ,0,0,0,0.999723
ແບຄິກປຸກແອບຄິດທິດປຸກ,0,0,0,0.9963924
ຂອບໃຈທີ່ມີ facebook ຂ້ອຍຈຶ່ງມີມື້ນີ້,1,1,1,0.9995584
ຮັກດງວ ໃຈດງວ,1,1,1,0.9994579
ໄມ່,1,1,1,0.9968273
ຄວນປັບປຸງແດ່ເດີ້,0,0,0,0.9959299
ດີມາກເລິຍ,1,1,1,0.99960333
ແກ້ໄຂ້ດ່ວນເຂົ້າແອບບໍ່ໄດ້,0,0,0,0.999129
ອອກຈາກບະບົບກໍ່ບໍ່ໄດ້ໃສລະຫັດກໍ່ບໍ່ໄດ້ໄປທະນາຄານກໍກໍ່ແກ້ບໍ່ໄດ້ບໍ່ມີຄວາມຮັບຜີດຊອບອີກປານນັ້ນມາຖາມຕັ້ງໃຫ້ເຖີງເຮືອນແກະ,0,0,0,0.99956685
ຄືສົນຕີນນິແອັບຂີ້ໂກງໂອນໄປໄທຂື້ນວ່າລະບົບຂັດຂອງພັດຕັດເງິນເຮົາອອກໄປແຕ່ບໍ່ເຂົ້າບັນຊີກະເຈົ້າບອກເບິ່ງໃຫ້ກະໃຫ້ເສຍເວລາໄປທະນາຄານເງິນ150ບາດກະຈັງແມ່ນຍາກແທ້ຍາກວ່າປິດສາຖ້າເປັນແບບສິເສຍເງິນຖິ້ມລ້າຖາມກະເມື່ອຍຖາມລະສໍານີ້ກະສິໃຫ້ໄປທະນາຄານໂອຍສໍາກວດເບີ່ງກະຍາກແທ້ຍາກວ່າເງິນສໍານີ້ກະສິໃຫ້ເສຍເວລາໄປຊົ່ວສິຮອດຄິວອີກ,0,0,0,0.9996935
ການສົ່ງອາຫານໄວດີ,1,1,1,0.9995584
ຫລີ້ນເລືອນເຟລກະເປັນແຕ່ໂຕເກົ່າ,0,0,0,0.9973425
ລະບົບ error ເກັ່ງໂພດ,0,0,0,0.9994967
ສົມພອນ,1,1,1,0.9995523
ແອັບບໍ່ສະຖຽນມັກເດັງອອກ,0,0,0,0.9990564
ຢາກໃຫ້ມັນເປັນຄືເກົ່າ,1,1,1,0.99897385
ພໍໃຈຫລາຍ,1,1,1,0.9996147
ຂີ້ກາກຫຼາຍແອັບນີ້ ຖ້າມີດາວຕິດລົບສິກົດໃຫ້ຈັກ100ດວງ ໂຫຼດມາບາດສິລ໋ອກອິນເຂົ້າແລະເດັ້ງອອກ ໂຫຼດເສຍດາດ້າກູລ້າໆ ຄວນປັບປຸງແນ່ເດີ້ຜູ່ຂຽນແອັບນະ,0,0,0,0.99967504
ເຕີມເງິນກະບໍ່ໄດ້ຂີ້ກາກແຮງ,0,0,0,0.99970055
ດີມາກສັນຍານດີດ້ວຍ,1,1,1,0.99961334
ເຂົ້າໂຄດຍາກ,0,0,0,0.99967504
ດອນລາວ,1,1,1,0.99911517
ອະດີດປະທານ,1,1,1,0.99649614
ບໍ່ສາມາດໄຊ້ລາຍນິ້ວມືເພື່ອເຂົ້າແອັບຫລືໂອນເງິນໄດ້,0,0,0,0.97850823
ຮຽນບໍ່ເກັ່ງດອກ,1,1,0,0.9950177
ໃຊ້ງ່າຍຄັກ,1,1,1,0.9995995
ນົນ. ຄົນເດີມ,1,1,1,0.9962999
ອອກຈາລະບົບໂຄດຍາກອັບເດດສາມເທືອລະ,0,0,0,0.9997594
ຮູ້ສຶກມີຄວາມສຸກກັບສີງໆນີ້,1,1,1,0.99957937
ເທໄປໃນປີຄສເພື່ອເປັນການສ້າງ,1,1,1,0.996183
ເຂົ້າໃຊ້ງານບໍໄດ້ເລີຍດຽວນີ້,0,0,0,0.99936384
ເອົ້າ1ດາວໄປກອນເພາະດຽວນີ້ຄຸນນະພາບແອັບບໍ່ຄືແຕ່ກອນແລ້ວຫມູນບໍ່ເຄີຍຖື້ກຍັງບໍ່ວ່າຈະເງີນເນັດດາຕາຫຼືເງີນໂປໂມຊັນເປັນເງີນໂທຖ້າປັບປຸ້ງມືໃດຊິໃຫ້5ດາວພອມຄໍາຍ້ອງຍໍ້ໃຫ້ ຖ້າຈະໃຫ້ຫມູນແລ້ວບໍ່ໄດ້ຍັງແບບນີ້ຂ້ອຍວ່າຍົກເລີກສາເດີ້ບໍ່ຕ້ອງເຮັດແອັບນີ້ທໍາມະດາຫມູນບໍ່ຖື້ກເງີນເນັດກະໃຫ້ຖື້ກເງີນໂທສາ ຝາກອ່ານແລ້ວໃຫ້ປັບປຸງຂື້ນຕື້ມເດີ້ຂໍຂອບໃຈ,0,0,0,0.9992267
ຈົບມໍ4,1,1,1,0.9976172
ເຂົ້າລະກະເດັ້ງອອກເຮັດມາເພື່ອຫຍັງເຂົ້າກະບໍ່ໄດ້ຖ້າຊິເຮັດໄດ້ແຕ່ສ່ໍານີ້ຢ່າເຮັດເລີຍດີກວ່າ,0,0,0,0.9997439
ຢາກໃຫ້ປັບໃຫ້ເບີ່ງໄລ້ສົດເບີ່ງຊ່ອງໂທລະພາບຕ່າງໆໄດ້ທັ່ງຊ່ອງໄທແລະຕ່າງປະເທດ,1,1,1,0.9985896
ມັກສິງນີ,1,1,1,0.9995566
ເປັນສົ້ນຕີນຫຍັງອີກລະ ໃສ່ລະຫັດຈົນເມື່ອຍ,0,0,0,0.9993436
ດີນະ,1,1,1,0.9996526
ຂໍຖາມແນ່ ຄັນແອັບນີ້ໃຊ້ບໍ່ໄດ້ແລະສ້າງແອັບນີ້ຂື້ນມາຫາສະແຕກຫຍັງຈະແມ່ນຊາດນໍລາວເອີຍລາວ,0,0,0,0.99910307
ໄດ້ແກ່,1,1,1,0.99951315
ດີຄ້ະ,1,1,1,0.9996302
ໃສ່ສະຫັດຜິດກະລ໋ອກຈັງເປັນຊາດເນາະແອບນີ່ນະຫົວແບນນນ,0,0,0,0.9995678
ໃນລ່າສຸດ,1,1,1,0.99729556
ພົງສະຫວັນ,1,1,1,0.9991943
ໄດ້ເນັດຟີຕະລອດດີຫຼາຍ,1,1,1,0.9994653
ປັບປຸງແນ່ກະດີເງີນເຂົ້າກະບໍ່ມີຮອດແຈ້ງເຕືອນຫນ້າເບື່ອສຸດ,0,0,0,0.99976224
ໃຊ້ດີຈ້າວວ,1,1,1,0.99960643
ສະດວກສະບາຍວ່ອງໄວທັນກິນ,1,1,1,0.99963164
ເທ່,1,1,1,0.9942363
ໃຫ່,1,1,1,0.9970822
ແອັບໃຊ້ການບໍ່ໄດ້ ແຕ່ບໍ່ມີການແກ້ໄຂ ອາດຈະໄດ້ເຊົາໃຊ້ລະແບບນີ້,0,0,0,0.99921906
ຄໍາໄລຄນທີຈີງໃຈຖ້າມີຄນທີເຂ້າມາຮກລະພອ້ມໃຈນໍາໄດ້ທຸກຍາງຄງບໍມີວັນຈະເສຍນ້ໍາຕາ,1,1,1,0.9991048
ໄວທີສຸດ,1,1,1,0.99950826
ໂລດໃຫ້ແດ່,1,1,1,0.6566032
ລອງເຮັດນໍາເຂົາເບີ່ງ ຈັ່ງແມ່ນໄດ້ຜົນແທ້ໆ ມີເພື່ອນເປັນ 3 4 ສີ່ພັນຄົນເຫັນແຕ່ໂຟດ 40 50 ໂຟດຖຸ່ຍ ພໍແຕ່ກອບປີ້ວາງໃສ່ ຫມູ່ກະມາເຫັນໂຟດ ເປັນ 2 3 ພັນຄົນ ຈັກມາແຕ່ໃສ່ ເຫັນກັນປານວ່າມາແຕ່ຍຸກຫີນເນາະສູ່ເອີຍ ດີໃຈແຮງ ໄດ້ຜົນແທ້ເດີ copy ໄປວາງໃສ່ເລີຍ ໄດ້ຜົນອີ່ຫລີ່ you re the best best wish es xoxo rad r adness congrat ulations wond erful time lovely tim e super z ba va en de jlig dag viel spa s pe rsin gl ckwu nsch bisou congrats xoxo xoxox,1,1,1,0.9948902
ທ້າວ ນູ່ຊົວວາ່ງ,1,1,1,0.9956006
ເຮັດຫຍັງກະບໍ່ໄດ້ລົງທະບຽນກະບໍ່ໄດ້,0,0,0,0.999566
ອາຍັງ,1,1,1,0.996108
ອ້າຍຈ່ອຍ,1,1,1,0.9877351
ແອັບກາກໆ ຊ້າຄືເບັ່ງຂີ້ຄາກົ້ນນິ,0,0,0,0.99970514
ມີຄວາມສຸດ,1,1,1,0.9996345
ລະຫັດນໍາໂຊກ43480660,1,1,1,0.9811126
ຂ້ອນຂ້າງດີໃນລະດັບ1,1,1,1,0.9993094
ລະຫັດກ່ອນຊື້ 53060724 ຈະໄດ້ຮັບສ່ວນລົດ,1,1,1,0.9701552
ສີສຸວັນ ໄຊສົງຄາມ,1,1,1,0.99931216
ຢ່າໄດ້ເຟສ,1,1,1,0.99823856
ແກ້ໄຂດ່ວນບໍ່ສາມາດເຂົ້າແອັບໄດ້ຕ່ອນຕັ້ງມີແຕ່ໃຊ້ເບີບໍ່ໄດ້ໃຊ້ວັນເດືອນປີເກີດມາບາດນີພັດໃຫ້ໃສ່ວັນເດືອນປີເກີດຊີ່ເອົາໃສມາໃສ່ໂທຫາສູນກະບໍມີຄົນຮັບປານນັ້ນຮັບຕະຫລອດ24ຊົ່ວໂມງປັບປຸງດ່ວນໃນການເຂົ້າສະມັກນໍາໃຊ້ແອັບປັບປຸງໄຫ້ດີຂື້ນບໍແມ່ນແຮ້ງຂີ້ຮ້າຍກ່ຶນເກົ່າ,0,0,0,0.99962735
ສຸດຈິດດີມາກ,1,1,1,0.9996499
ດີໆຫລາຍໆ,1,1,1,0.9996178
ງສໃ,1,1,1,0.9945201
ກະຈອກ,1,1,1,0.6087685
ຕິດຕັງແອບບໍໄດ,1,1,1,0.92775697
ດີໆງງ,1,1,1,0.9996118
ຮາຮາ,1,1,1,0.99653685
ເຖິກ,1,1,1,0.9885361
ໂທສັບລອັກ,1,1,1,0.9953815
ອອກຈາກລະບົບບໍ່ໄດ້ ເວລາໂຫລດກໍດົນ,0,0,0,0.99931884
ການຍອມຮັບສິ່ງທີ່ຜິດ ແລະການປຽ່ນແປງຄືຄວາມດີຂອງຄົນໃນສັງຄົມ,1,1,1,0.99888176
ແມ່ນເປັນອິຫຍັງອີກລະນ້ໍບາດນິ ຂ້ອຍລົງທະບຽນໄປລະວ່າຂໍ້ມູນບໍ່ຜ່ານ ບາດຂ້ອຍໃຫ້ເອື້ອຍລົງທະບຽນໃຫ້ພັດລົງບໍ່ໄດ້ ຄືງົງ,0,0,0,0.9994797
ສຸດຍອດແອັບນີ້ໂຄດດີ,1,1,1,0.9992022
ຕ້ເມ,1,1,1,0.9928231
ແອັບຫົວຄວຍເນົ່າພໍ່ມຶງຕາຍກາກ,0,0,0,0.99958104
ເປີດແບບໄດ້,1,1,1,0.99227446
ເຂົ້າລະກະເດັງອອກເຮັດຫຍັງບໍ່ໄດ້ເລີຍ,0,0,0,0.9997336
ໃຊ້ງານຊ້າຫຼາຍປັດປຸງໃຫ້ດີກວ່ານີ້ອີ່ກເດີ,0,0,0,0.9988927
ram ຂໍ້ມູນຄອງນວຍ,1,1,1,0.9517737
ດີຢຸ,1,1,1,0.99964166
ໄຫ້ດາວດຽວເພາະອັບເດດເປັນເວີຊັ້ນໄຫ່ມ ເຂົາກະບໍຕອບແຊັດຂ້ອຍຫອງເກົ່າ,0,0,0,0.9991013
ມັກແຮງແອບນີ້,1,1,1,0.99957114
ລົງທະບຽນໂຄ້ດຍາກກໃຫ້ດາວດຽວກະຫຼາຍເກີນແລ້ວ,0,0,0,0.9996971
ໂຄກດີ,1,1,1,0.9987405
ແອທີ,1,1,1,0.9944126
ໄດ້ຫຼາຍ,1,1,1,0.99965537
ຂໍແດ່,1,1,1,0.99940586
ເປັນຫຍັງອັບເດດຄຶບໍ່ໃດ້,0,0,0,0.997358
ດີຫລາຍເດີ່ເຈົ້າ,1,1,1,0.9996458
ຫລາຍປີ,1,1,1,0.99843913
ຕິດຕ້ງ,1,1,1,0.99820733
ຢ່າປິດການມອງເຫັນຫລາຍໃຫ້ຂື້ນຟິດນໍາເຂົາແນ່,1,1,1,0.8663023
ສະດວກສະບາຍໄນການຕິດຕໍ,1,1,1,0.9996215
ຂ້ອຍມັກຫຼາຍຫລີ້ນກາມ່ວນ,1,1,1,0.99950826
ບອບໃຈ,1,1,1,0.99913234
ສັ່ງຊື້ສໍາບາຍ,1,1,1,0.9993513
ຢາກໃຫ້ປັບປຸ່ງເວລາໂອນເງີນແອັບມັກເດັ່ງອອກ,0,0,0,0.82615143
ມັນເຫ້ຍມາກອັບເດດແລ້ວມຸນໄມ່ເຫັນໄດ້ເນັດສັກທີເວົ້າມາລະເປັນສູນແຮງ,0,0,0,0.87283593
ບຸນລັດວິໄລເຍັນ,1,1,1,0.9994374
ຍັງແອບໃຊ້ຢູ່ ໃຫ້4ດາວກອ່ນ,1,1,1,0.9789755
ໃຊ້ດີແທ້ແນ່ນອນຂໍຂອຍໃຈ,1,1,1,0.9996222
ບໍ່ແລະເນາະອືຮືບໍ່ແນ່ນ,1,1,0,0.98707944
ທ້າວ.ວິລະກອນໄຊຍະວົງ,1,1,1,0.9977437
ໃຊ້ເລີຍ,1,1,1,0.99950826
ເດັກລາວສາວບ້ານດົງເມື່ອງພະລານໄຊແຂວງສະຫວັນນະເຂດ,1,1,1,0.9986436
ອັບເດດມາຫຼາຍເອົາແທ້ເອົາວ່າ ສຸດທ້າຍກາເອີ້ນລົດຍາກຄືເກົ່າບໍ່ມີຍັງປ່ຽນແປງ ເບິ່ງຈັງໃດກາຮູ້ນ່ະວ່າຄົນຂັບລົດຮັບແຕ່ລູກຄ້າທີ່ໄປໄກຫຼາຍກວ່າລູກຄ້າທີ່ຈະໄປບ່ອນໃກ້ໆ ຍອມໃຈແຮງກັບຄ້າຍນິ,0,0,0,0.99953544
ປຽນເປັນພາສາລາວວ່າຊັ່ນເປັນອັງກິດຄຶເກົ່າໂຄດແມ່ມຶງ.ພາສາລາວບໍ່ໃຊ້,0,0,0,0.9992312
ແຍ້,0,0,1,0.9342153
ໄຊ່,1,1,1,0.99869555
ຂໍຂອບໃຈທີ່ຕິດຕາມ,1,1,1,0.99952435
ທັນໂລກຮູ້ເຫັນທຸກຢ່າງ,1,1,1,0.9992931
ມີຄວາມສະດວກໃນທຸກຢ່າງໃດ້ສາລະເປັນປະໂຫຍດ,1,1,1,0.9996125
ເຂົາແອບຍາກໂພດ,0,0,0,0.9995435
ໂຄດກາກລົງທະບຽນຮອດບໍ່ໄດ້.ປານນັ້ນໄຫ້ລົງ,0,0,0,0.99974483
ສະນາມໃນໃຈ,1,1,1,0.99954
ຄວາຍເອີຍ,0,0,0,0.99832886
ອັບເດດເວີຊັນໃຫມ່15 6 2025 ເຂົ້າລະບົບບໍ່ໄດ້,0,0,0,0.99926645
ສະດວກສະບາຍ ລະກະໄວທັນໃຈ,1,1,1,0.99962294
ພັດທະນາແອັບແນ່ເດີທີມພັດທະນານະເຂົ້າແອັບກະຊ້າ ເຕີມເງິນສະແກນ qrcode ກະບໍໄດ້ ຊ່ວຍພັດທະນາໃຫ້ມັນສົມບູນແລະໃຊ້ງ່າຍໆແນ່,0,0,0,0.9996026
ໄຊ້ງາ່ຍດີຫລາຍ,1,1,1,0.9995745
ວັດ?,1,1,1,0.99393785
ໃສ່ເບີແລ້ວບໍ່ສົງລະຫັດມາໃຫ້ ລອດລວງປະຊາຊົນ,0,0,0,0.9992549
ສົມເສີຍ,1,1,1,0.9992549
ເຟດນີດີລາຍເຮັດໃຫ້ຂອ້ຍເຈີະຫີ,1,1,1,0.99936384
ຕ້ງຍູມະນີເປັນ,1,1,1,0.996597
ໄຊ້ງານບໍຄອ່ຍດີ,1,1,1,0.9969897
ສະບາຍດີຢາກໄຫ້ການຕິດຕໍ່ກັບເພື້ອນໄວທັນໃຈ,1,1,1,0.9995523
ນ້ອງ ພິກໄທ,1,1,1,0.99911696
ເປັນຄົນມັກມ່ວນ,1,1,1,0.9996388
facebookແບ໋ງ ພົງສະກອນ,1,1,1,0.9957848
ຄູບາວັນສີຫາວົງ,1,1,1,0.99744415
ໃຊ້ງານບໍ່ໄດ້.,0,0,0,0.9986249
ມັນສວນນ້ອຍຖືກ,1,1,1,0.9984022
ເລືອກສິ່ງເຕົາມີຢູ່,1,1,1,0.9990582
ດີຈີງໆ,1,1,1,0.99962366
500 ຕ້າ,1,1,1,0.97023994
ເຂົ້າແລ້ວກະເດັ້ງອອກລົບໂຫລດໃຫມ່ຫລາຍຮອບລະກະເປັນຄືເກົ່າ,0,0,0,0.9997584
ຫານ,1,1,1,0.9955576
ມີປະໂຫຍດແລະສື່ສານກັນໄດ້ດີ,1,1,1,0.99962735
ແອຟຄວາຍໆໄສ່ຄົບແລ້ວແຕ່ລົງທະບຽນບໍ່ໄດ້,0,0,0,0.9994837
ສັນຍານເນັດກະຄືບ້ານິປານນັ້ນລົງທະບຽນຄວາມຍາກ,0,0,0,0.9991221
ນ້ອງໂນຍ ເດັກດື,1,1,1,0.99675864
ສ່ວນຫລຸດໄມ່ມີຈີງຫວະເອົາໄປ1ດາວພໍ,0,0,0,0.9971607
ມະນູດທໍາມະຊາດ,1,1,1,0.99856466
ຟີວເຕີ້ນີ້ເຮັດໄດ້ເຮົາມັກຫາຍ,1,1,1,0.99929035
ຄືເຂົ້າລະບົບບໍ່ໄດ້ເທື່ອແກ້ໄຂໃຫ້ແດ່,0,0,0,0.9996388
ເຟສນີຖ້າວອນ,1,1,1,0.99595356
ຍາກລອງໃຊ້,1,1,1,0.9981324
ໃສສະດວກທີສຸດເລີຍ,1,1,1,0.99961555
ຖ້າໂອນຜ່ານເບີຄືສິດີ,1,1,1,0.7097741
2ດາວພໍເພາະບາງສາຂາຍັງເວົ້າບໍ່ມ່ວນຍູ່,0,0,0,0.99871063
ທ່ານມີຄອບຄົວແລ້ວ,1,1,1,0.9992563
ມັກໄນການສາ້ງແບບເພາະວາງາມຫຼາຍ,1,1,1,0.9995178
ມັນສຸດຍອດຫລາຍ,1,1,1,0.999539
ຍາກເບິ່ງ,1,1,1,0.99739385
ອັບໂຫຼດຊ້າ ອັບໂຫຼດຕະຫຼອດ,0,0,0,0.99974185
ດີດີ.ມັກຢູ່ປະຢັດດາຕ້າດີ.,1,1,1,0.9995819
ບ່ອນເພີ່ມບັດ atm ບໍ່ມີ,0,0,0,0.9990169
ຄືປິດກ້ອງເວລາກົດອອກຈາກການໂທ,0,0,0,0.9986749
ຍັງບໍ່ທັນເຂົ້າໃຈ,1,1,1,0.9988373
ໃຊດີແນ່,1,1,1,0.99955493
ຈິດຕຈ່,1,1,1,0.99937123
ໄປຫາ2 ເທື່ອແລ້ວ ແກ້ໄຂໃຫ້ແກ່ ເອົາໄມ້ໂທອອກ,0,0,0,0.9990656
ເຟສຂ້ອຍເພງຄືມີແຕ່ເພງຝຮັງ,1,1,0,0.9962126
ໄດ້ຮັບຂໍ້ມູນຂ່າວສານ ແລະ ປະສົບການທີ່ດີຫຼາຍກວ່າຢ່າງ,1,1,1,0.9994611
ເຂົ້າສູ່ລະບົບໂທລະສັບເຄື່ອງໃຫມ່ບໍ່ໄດ້,0,0,0,0.9995819
ໄຊ້ດຫລາຍ,1,1,1,0.99871576
ດີຢູ່ມີກະ ແຕ່ຕິດຢ່າງດຽວບໍ່ມີໃຜແຊັດມາຫາເວີ້ຍງຽບຄັກ,1,1,1,0.99953175
ແອັບໂຄດພໍ່ໂຄດແມ່ມຶງ ລົງທະບຽນຫຍາກຊິຫາຍ,0,0,0,0.99974877
ເຂົ້າບໍ່ໄດ້ເລັງຫນ້າເກົ່າ ຕະຫລອດ ເຊົ້າບໍ່ໄດ້,0,0,0,0.9997378
ສົ່ງລະຫັດມາຕໍ່ນີ້ເລີຍ,1,1,1,0.99492985
ສຸລີ,1,1,1,0.9987478
ໃຊ້ງານດີຢູ່ແຕ່ຢາກໃຫ້ມີຕົວເລືອກພາສາລາວນໍາແດ່ ຖ້າຄົນລາວເຫັນຄອມເມັ້ນນີ້ຊ່ວຍດັນແດ່,1,1,1,0.9995092
ມັນດີຢູ່ໄດ,1,1,1,0.9996295
ໃຊ້ສະດວກດີຫລາຍພັດທະນາຕໍ່ໄປເດີ້,1,1,1,0.9996147
ດີຢູ່ ແຕ່ກະມີຂໍ້ເສຍມັນບໍ່ສົມດຸນດຽງກັບທຸກຍໍ້ຫໍ້ຂອງໂທລະສັນ ໃຝໃຫຍ່ໄປ,1,1,1,0.99903214
ລົງທະບຽນໂຄດຍາກໃສ່ລະຫັດແບບໃດກະບໍ່ຖືກເທື່ອກະລຸນາປັບປຸງແນ່ເດີ,0,0,0,0.9997658
