text,label,true_label,predicted_label,confidence_score
ຂອບໃຈຫຼາຍໆ,1,1,1,0.965652
ຖືວ່າເປັນແອັບທີ່ພໍວ່າມີແອັບຊື່ໆແຕ່ຍັງໃຊ້ງານບໍ່ໄດ້ ບໍ່ມີປະໂຫຍດຫຍັງເລີຍ,0,0,0,0.927096
ຂໍໃຫ້ເປັນເຫມືອນເກົ່າ,1,1,1,0.616142
ສະບາຍດີ ການໃຊບໍ່ຕ້ອງກໍານົດເວລາ,1,1,1,0.896085
ໄດ້ຜດີ,1,1,1,0.781164
ຄັກຢູ້,1,1,1,0.902497
ຢາກຮູ້ຕອ້ງລອງເອງ,1,1,1,0.869125
"ຫນຸນໄດ້10,000ແລ້ວກົດແບ່ງປັນແລ້ວເຮັດຕາມທຸກຍ່າງແລ້ວກໍບໍ່ໄດ້ແກ້ແດ່",0,0,0,0.707316
ຈັງອມ່ນສະແກນນີວມືກະບໍ່ໄດ້,0,0,0,0.952068
ໃຊ້ດີ ຫລິ້ນເພີນ,1,1,1,0.939622
ສຸດຄຸມແອັບ ລາວແອັບ2024,1,1,1,0.720465
ຂ້ອຍເຂົ້າວອບແອບບໍ່ໄດ້ ຊື້ເບີໃຫມ່ມາໃຊ້ແລ້ວຫຼີ້ນແອບບໍ່ໄດ້ມັນຂຽນມາ ບັນຊີນີ້ບໍ່ສາມາດໃຊ້ໄດ້,0,0,0,0.940542
"ດີເດີເວົ້າບໍ່ໄດ້ ເບິ່ງຫນັງຍັງງໄດ້ລາຄາຖືກ ແຕ່ເປັນຕໍ່ວັນລາຄາກະ500klp ຢາກໃຫ້ເລືອກ ເປັນ3ມື້2,500klp ບໍ່ກະ7ມື້4,500klp ແລະມັນຈຶ່ງງ່າຍແລະສະດວກຕໍ່ຜູ້ບໍລິໂພກ ນີ້ເປັນຄໍາແນະນໍາຊຶຊື",1,1,0,0.607887
ຄືນາງນີ,1,1,1,0.890024
ຄວາຍໃຫ້ກູລົງທະບຽນແຕ່ເຂົ້າບໍ່ໄດ້,0,0,0,0.985691
ພໍໄດ້ຢູ່ໃດ໋,1,1,1,0.761514
ໂອເຄມາກກດກກ,1,1,1,0.927179
ດີໃຊ້ໄດ້ດີທັນໃຈ,1,1,1,0.976227
ສະຫຼັບບັນຊີຢາກ,0,0,1,0.626787
ຕອນແລກໆກ້າໄດ້ເນັດພໍດຽວນີ້ຄືບໍໄດເປັນບໍຮູ້ແກ້ໄຂແດ່,0,0,0,0.886257
ຕາຕາ,1,1,1,0.835686
ອັບເດດໃຫມ່ຄະແນນກະຫາຍ ເຕີມບັດກະບໍ່ໄດ້ ຄືງົງອັບເດດໃຫມ່ລະບໍ່ຄືເກົ່າ,0,0,0,0.992242
ຢາກຫລີ້ນແອບນີ້,1,1,1,0.750207
ຈອນນີ,1,1,1,0.726424
ໃຊ້ດີຫລາຍ,1,1,1,0.996962
ໄດ້ ທັງສາລະ ແລະ ບົດຮຽນທີ່ເກີດຂື້ນ ໃນສັງຄົມ.,1,1,1,0.838035
ເຖິງສາຂາວຽງຈະເລີນ ຢາກຮູ້ວ່າ ພງ ແຕ່ລະປ່ອງເປັນຫຍັງຫລາຍບໍ່ ສີຫນ້ານ້ໍາສຽງເວລາບໍລິການລູກຄ້າຄືບໍ່ຢາກເຮັດ ເບິ່ງເບັ່ງກ້າມເຮັດປານເພິ່ນໄດ້ເປັນນາຍົກນິ ຄໍາເວົ້າປານບໍ່ໄດ້ອົບຮົມ ບໍລິການກະບໍ່ໄດ້ເລື່ອງລູກຄ້າໄປໃຊ້ບໍລິການ ອັນງ່າຍກະເຮັດໃຫ້ຍາກ ຮັບສິດຈາກຄອບຄົວໄປເຮັດທຸລະກໍາແທນ ສໍາພາດປານວ່າໄປຂ້າໃຜມາ ເອົາອັນນັ້ນລະເອົາອັນນີ້ມາ ລາຍເຊັນຫາງສັ້ນ ກະວ່າຄືບໍ່ຍາວສ່ໍາກັນ ງຶດ! ງຶດ! ງຶດ ຄົນທີ່ລົມດີແນະນໍາດີລະແມ່ນຜູ້ທີ່ນັ່ງໃນສຸດຫັ້ນ ນ່າຈະແມ່ນຫົວຫນ້າສາຂາ ສ່ວນ ພງ ຕ້ອນຮັບ ບໍ່ເປັນຕາສິແຕກ ຖ້າອອກໄດ້ກະອອກສາ ນາງທີ່ຖືພາແຮງຫນັກກວ່າຫມູ່ ບໍ່ໄດ້ເລື່ອງ,0,0,0,0.951844
ເປັນຫຍັງໃສ່ລະຫັດບັດແລ້ວມັນວ່າບໍ່ຮັບຮອງ,0,0,0,0.857469
ຄົນຫາລາຍຊື່ຜູ້ທີມີຕິດຕໍຢູ່ແລ້ວໃຫ້ແດ່,1,1,1,0.786931
ເອີ້ນບໍ່ມາເອີ້ນເປັນຊົ່ວໂມງກະບໍ່ມາບໍ່ຮູ້ເປັນຫຍັງຄົນອື່ນເປັນຄືເຮົາບໍ່,0,0,0,0.930571
ຍັງບໍ່ປອດໄພ,0,0,0,0.541083
ໂຄດກາກ ອັບເດດເຂົ້າຊ້າແທ້,0,0,0,0.972206
ໃຫ້ດາວຫນຶ່ງກ່ອນເດີ ໄວ້ເຂົ້າຕອບແຊັດກັບມາລະຊິໃຫ້ອີກດາວຫນຶ່ງ ໂອເຄເນາະ,0,0,0,0.59232
ດີທີ່ສົມບູນ,1,1,1,0.912342
ລົງທະບຽນກະຢາກ ຂໍລະຫັດotpກະເດັ້ງ ລະຈະໃຫ້ລົງທະບຽນຈັງໃດ,0,0,0,0.863953
ແກ້ໄຂ້ຫນ່ອຍມຸນເອົາດາຕ້າບໍ່ໄດ້,0,0,0,0.931639
ລົງທະບຽນຍາກແທ້1ດາວພໍ.,0,0,0,0.930086
ແກ້ໄຂ້ໄຫ້ແດ່ເຂົ້າແອບບໍ່ໄດ້,0,0,0,0.9835
ຄືຕິດຕັ້ງບໍ່ໄດ້ ເຂົ້າກະຍາກ,0,0,0,0.98087
ດ້າ,1,1,1,0.850139
ບໍ່ມີການປ່ຽນແປງຫຍັງເລີຍ້ຮົາເຊີນຫມູ່ໄດ້ສະແກນກໍບໍ່ໄດ້ເງີນແຕ່ກ່ອນໄດ້ດຽວນີ້ບໍ່ໄດ້ຫມູ່ຮັບຄໍາເຊີນແລ້ວຍັງບໍ່ໄດ້ອີກຫມູ່ສະແກນໃຫ້4ເທື່ອແລ້ວບໍ່ໄດ້ເລີຍເງີນກະບໍ່ໄດ້ເນັດກະບໍ່ໄດ້ແປວ່າຫຍັງແບບນີ້ຄວນປັບປຸງຖ້າຢາກໃຫ້ມີຄົນໂຫລດມາໃຊ້ເດີ,0,0,0,0.996624
ຢາກຖືກຢູ່,1,1,1,0.841122
ຂໍໃຫ້ມີເພື່ອນຫຼາຍກໍດີແລ້ວ,1,1,1,0.89684
ເຂົ້າລະບົບຍາກແທ້ ເຂົ້າແນວໃດກະບໍ່ໄດ້ທ່ານເອີຍ,0,0,0,0.987581
ຂອ້ຍແນະນໍາໄຫ້ພວກເຈົ້າໄປລອງເລ່ນເກມxboxໄນແອບmyunitelເພາະຂອ້ຍເຄີຍໄດ້ເງີນສອງແສນຫາມາແລ້ວ,1,1,1,0.721487
ທຸກຍ່າງປົກະຕິໃຊ້ງານດີຂໍຄອບໃຈ,1,1,1,0.929153
ສູນຄວາມບັນເທິງ ຟີຣ ມີໃຫ້ບໍລິການໃນ laos app,1,1,1,0.807118
ແອບໂຄດກາກລົງທະບຽນແລ້ວເຂົ້າສູ່ລະບົບບໍໄດ້,0,0,0,0.989297
ດີຫຼາຍເອບນີ້,1,1,1,0.965384
ເຂົ້າບໍ່ໄດ້ປັບປຸງດ່ວນ ຊັ້ນບໍ່ໃຊ້ລະຄັນແບບນີ້ນະຍາກໂພດ,0,0,0,0.992945
ຫລີ້ນຊ້າຫລາຍ ປັບປຸງດ່ວນ!,0,0,0,0.871056
ດີຫຼາຍທີໄດ້ໃຊ້,1,1,1,0.96579
ສະດວກວອ່ງໄວທັນໃຈທັນສະໄຫມຮັບໃຊ້ສັງຄົມລາວ,1,1,1,0.966212
facebook ເຫັນດີ,1,1,1,0.871904
ກພດິເດະ,1,1,1,0.84908
ຕີດຕາມແນ່ເດີເຟືອນໆທີຮັກຫມົດທຸກຄົນ,1,1,1,0.801184
ຮ່າ,1,1,1,0.84825
ບໍ່ມາດຕະຖານ,0,0,1,0.525007
ແລກດາຕ້າໄດ້ຫນ້ອຍເກີນໄປຕອນນັ້ນແລກ50.000 ກີບໄດ້ 30gb ຕອນນີ້ແລກ 75.000ກີບໄດ້ 27gb ຈະເລີນ,0,0,0,0.637998
ຂ້ອຍໄດ້ເນັດ3gbເດີ ທັນໄດ້ລອງເລ່ນຍ່າງອື່ນເພິ້ມ,1,1,1,0.812554
ໄດ້ລົມຫມູ່ຫຼາຍຄົນດີລະກະໄດ້ເບີຜຜູ້ບ່າວຫຼາຍອີກ,1,1,1,0.825651
ແສງອາລຸນ,1,1,1,0.872528
ມັກມວນຢູ,1,1,1,0.897028
ຂ້ອຍຕິດຕັ້ງບໍ່ໃດ້,1,1,0,0.666026
ເປິດແອບລາຍເທື ກະບໍໄດ,0,0,0,0.79029
ກະຄືກັນ,1,1,1,0.808267
ຜ່ານມາເຄີຍຂັບລົດແອບໂລກ່າຖືກໃຈມັກຢາກໄປຂັບອີກ,1,1,1,0.738368
ດີຂາດບ່ໄດ້ເລີຍ,1,1,1,0.674512
ໂອສົດແກ້ວບຸນເຮືອງ,1,1,1,0.847104
ເສຍດາຍ,1,1,1,0.854883
ຄິເຖິງແລະເປັນຫວ່ງຈົນວັນສີ້ນລົມຫາຍໃຈຈາກໂຊກໄຊສາຍນໍາ້ຮັ່ງ.,1,1,1,0.759805
ຄວາມພໍໄຈຈາວຈີມດີ,1,1,1,0.884259
ຢາກມີຄົນຮູ້ໃຈ,1,1,1,0.877439
ໃຊ້ດີສຸດໆ,1,1,1,0.981459
ເຂົ້າບໍ່ໄດ້ງົງເລີຍ,0,0,0,0.972708
ໂອນເງິນເຂົ້າແລ້ວກາບໍ່ເຫັນເງິນ,0,0,0,0.969537
ໃສລະບາຍ,1,1,1,0.860807
ເອັບນີດີຫຼາຍ,1,1,1,0.968115
ຮລາວ,1,1,1,0.900049
ດີຫຼາຍແອບນີ້,1,1,1,0.954671
ຂອບໃຈສໍາລັບ,1,1,1,0.963715
ດີມາກສັ່ງງ່າຍ,1,1,1,0.926449
ຫມູນວົງລໍ້ບໍ່ເຄີຍໄດ້ຈັກບາດໂຄດລ໋ອກ,0,0,0,0.808736
ດີໆ ຫລີ່ນແບບ ບໍ່ເສີຍເງິນ,1,1,1,0.560133
ໂປແກຮມບໍ່ສົມບູນ,0,0,0,0.510231
ອັບເດດລະຄ້າງເລີຍ,0,0,0,0.872802
ສົ່ງລະຫັດ otp ຊ້າໂພດ ເທື່ອກະບໍ່ສົ່ງມາເລີຍ ແລະ ແອັບກະບໍ່ຊ່ອງແກ້ໄຂ ອອກແລ້ວເຂົ້າຄືນລອກອິນໂຕເກົ່າກະບໍ່ໄດ້ ປັບປຸງແດ່,0,0,0,0.998738
ບົວແຄັມ,1,1,1,0.851635
ດີຢ່ຽມ,1,1,1,0.878886
ໂຫລດແອັພມາແລ້ວ ເຂົ້າບໍ່ໄດ້ ແກ້ໃຫ້ແດ່,0,0,0,0.981831
ດີແລ້ວແຕ່ປັບປຸງຄວາມຊ້າແນ່,1,1,0,0.660536
ເວລາຈະກົດຊື້ ມັນຈະຂື້ນລະຫັດຜູ້ແນະນໍາ ກົດລະຫັດໂຕນີ້ໃສ່ເດີ້ 64058048 ຂອບໃຈ.,1,1,1,0.601791
ຖືກຕ້ອງ,1,1,1,0.69708
ບໍ່ເຂົ້າໃຈແອັບປັບປ່ຽນຫຼາຍພັດວ່າມີບັນຫາເຂົ້າແອັບມດກະບໍ່ໄດ້,0,0,0,0.983578
ໃຊໃດດີ,1,1,1,0.893756
ດໍານາ,1,1,1,0.87032
ບັງຄັບໃຫ້ໃຊ້ ແຕ່ເຮັດຈັງໃດສີລົງທະບຽນ? ຕອນນີ້ລົງທະບຽນໄດ້ແລ້ວ ຂອບໃຈ,1,1,0,0.682548
ດີມາກລີ້ນກະສະນຸກ,1,1,1,0.938057
ໂອນເງິນບໍໄດ້,0,0,0,0.953745
ຕ້ອງການກູຄືນເຟສຕົວເອ,1,1,1,0.918053
ເຮັງ,1,1,1,0.821565
ບໍໄດ້,1,1,0,0.98061
ນອນຫຼັບ,1,1,1,0.810584
ແອັບກາກເຂົ້າເທຶ່ອໄດໄດ້ສົ່ງotpຕະຫລອດຈັກເຮັດມາເພືອຫຍັງແຫງອັບເດດແອັບແຫງກາກຂື້ນເຮືອຍໆ,0,0,0,0.972195
ຢາກລົງທະບງນລາວແອັບ,1,1,1,0.578624
ໃຫ້ົ,1,1,1,0.64676
ຄົນບໍມິຄ່າພໍ,1,1,1,0.725152
ເຊ ດ,1,1,1,0.837514
ຫວຍແຕກເຂົ້າແອບກະຊ້າ ສົມພໍເຂົາຈືງນີຍົມໃຊ້ແອບແດງ,0,0,0,0.815486
ເຂົ້າບໍ່ໄດ້ ແກ້ໄຂຊ່ອຍແດ່,0,0,0,0.988884
ດີແຮງໆ,1,1,1,0.928934
ສະແກນລາຍນິວມືບໍ່ໄດ້ ອັຟຫາອີຫຍັງເອົາແບບເກົ່າເທາະ,0,0,0,0.918979
ຜັກທຮິ,1,1,1,0.857783
ສະດວກເຂົ້າໃຈງ່າຍ,1,1,1,0.866538
ນືກ,1,1,1,0.837514
ກູກະຮັກແຟນກູ,1,1,1,0.906277
ເຟດຂ້ອຍມັນມັກເດັ້ງ,1,1,1,0.65559
"ນີ້ເປັນຄັ້ງແລກທີ່ຂ້ອຍໃຊ້, facebook",1,1,1,0.823569
ໂອເຄຈາ,1,1,1,0.927333
ຫນຸນຖືກແຕ່ເຮັດພາລະກິດ ດາຕ້າກະບໍ່ໄດ້ ຢູພ້ອຍກະບໍ່ໄດ້ຄືຕອນອັບເດດໃຫມ່ໆ,0,0,0,0.980954
ໂທຫາຫມູ່ສະບາຍ,1,1,1,0.924102
ເຂົ້າຫອມ,0,0,0,0.79153
ສສາ,1,1,1,0.857997
ໂສໃນຕໍານານ ຈຮາ,1,1,1,0.865314
ຂອບໃຈທີ່ໄຫ້ເນັດທຸກໆມື້,1,1,1,0.911327
ດີຫຼາຍຢ່າງໄວ,1,1,1,0.976518
ໃຫ້1ດາວພໍເພາະປີນໄດ້ເນັດແຕ່ແບງປັນບໍ່ໄດ້ແທມຍັງບັກເດັງອອກຕະລອດແບບມັນດຮັດໃຫ້ເຮົາໂມໂຫຍ້ອນຊ້ວຍແກ່ໄຂ່ໃຫ້ແດ່ເດີອັບເດດໃຫມ່ນີ້ຖືວ່າບໍ່ດີເລີຍ,0,0,0,0.971698
ໃຊ້ໄດ້ດີຂໍມີໄຊກໄຊກສາທຸສາທຸສາທຸ,1,1,1,0.924425
ລືມລະຫັດ ຄຸມເຂົ້າ ສຸດທ້າຍບ໊ອກໂຫລດຄືບໍ່ໄດ້,0,0,0,0.881411
ທ.ຄໍາສີອິນທະວົງ.,1,1,1,0.908055
ເປັນຕ້ອງອັບເດດທຸກເທື່ອກ່ອນເຂົ້າແອັບ,0,0,0,0.940437
ແອບທີມັກ,1,1,1,0.837355
ລີ້ນແລ້ວຄັກ,1,1,1,0.768632
ດີຫລາຍ ພັດທະນາຕໍ່ໄປໆໃນການໃຫ້ບໍລິການລູກຄ້າ,1,1,1,0.895764
ຊ່ວຍດວ້ຍ,1,1,1,0.874464
ອີ່ ດ ດໍາເດັກໂນນຈານ,1,1,1,0.821716
ໂຫຼດມາແລ້ວລົງບໍ່ໄດ້ກອກເບີໃສ່ແລ້ວບາດໃສ່ລະຫັດຢືນຢັນລະເດັ້ງກັບຕະຫຼອດ ໃສ່ແລ້ວໃສ່ອີກກະຍັງເປັນຄືເກົ່າຢູ່,0,0,0,0.961417
ຊ່ວຍປັບປຸງແນ່ເດີ,1,1,0,0.854516
ໃຊ້ດີບອກເລີຍ,1,1,1,0.916251
ຮອດແອບ,1,1,1,0.740128
ຂອບໄຈແມ່ມືງຕິ,1,1,1,0.718738
ຂອບໃຈທີມີແອບດີໆແບບນີ້,1,1,1,0.923812
ດີຫລາຍສື່ສານວອ່ງໄວ,1,1,1,0.978722
ດດdd,1,1,1,0.837514
ນາມ,1,1,1,0.827485
ເຫມີ່ຍແລ້ວເຮັດຍັງກະບໍເຂົ້າໃຈ,0,0,0,0.814623
ສາຍກວນ,1,1,1,0.792924
ມັນດີຫລາຍແອບນີ້,1,1,1,0.954413
ກັບມາໃຫ້5 ຄືນ ຂອບໃຈທີ່ແກ້ປັນຫາ otp ຢ່າຫາເຮັດອີກເດີ້ ບໍ່ມີປັນຫາ ບໍ່ມີຟັງຊັ້ນໃຫມ່ ບໍ່ຈໍາເປັນຕ້ອງອັບເດດດຸໆກະໄດ້,1,1,0,0.886519
ສົ່ງຮູບເບີ່ງຮູບບໍ່ໄດ້ຕ້ອງກົດແກ້ໄຂຈີ່ງເບີ່ງຮູບໄດ້,0,0,0,0.809931
ປັປປຸງແນ່ເດະ ແອັບລົ່ມ3 4ເທື່ອ ທິດ. ບໍ່ຄິດຢາກພັດທະນາໃຫ້ມັນດີຂຶ້ນແນ່ຫວາ ງົງ,0,0,0,0.762695
ດີສໍາເວລວ່າງທີ່ໄດ້ຫຼິ້ນໄດ້ເບີງຫມູເພື້ອນ,1,1,1,0.805786
ລອງກອ່ນ,1,1,1,0.865955
ດີໆຫລາຍມັກສຸດໆ,1,1,1,0.931897
ມັນບ່ອນສູນລວມໃຫ້ບໍລິການຂອງຢູນິເທວ,1,1,1,0.725488
ຢາກໃຫ້ສັງຄົມນິຍົມໃຊ້ ກໍ່ຕ້ອງເຮັດໃຫ້ໄດ້ໃຈສັງຄົມ. ອັນນີ້ຫມູນຖຶກຕາຍແຕ່ຟັງເພງ ກັບຊົມວີດີໂອ,0,0,1,0.685567
ໄຊດີໂອເຄ,1,1,1,0.87576
ດີຈ້ະ,1,1,1,0.88415
ໃຊ້ງ່າຍສະດວກປອດໄພວອງໄວທັນໃຈ,1,1,1,0.984351
ລົງທະບຽນແລ້ວເຂົ້າລະບົບບໍ່ໄດ້ ປັບປຸງແນ່ເດີ,0,0,0,0.998238
ມີການ,1,1,1,0.82677
ກາກສຸດໆ ຊ້າສຸດໆ,0,0,0,0.550251
ບໍລິການໄດ້ດີຫຼາຍ,1,1,1,0.982637
ສະບາຍທຸກຢ່າງ,1,1,1,0.965052
ໄປສູ່ຜູ້,1,1,1,0.816897
ແກ້ໄຂໃຫ້ແດ່ ເປັນຫຍັງຄືເບິ່ງຫນັງບ່ອນຮູບເງົາບໍ່ໄດ້ອີກແລ້ວ,0,0,0,0.952577
ໃຊ້ດີຫຼາຍ ແຕ່ພື້ນທີ ມັກເຕັມແກ້ໄຂໃຫ້ແດ່ເດີ ກະບໍ່ໄດ້ໂຫຼດອັນເດີໂຫຼດແຕ່ວ໊ອດແອັບທັດ ຮູບກະບໍ່ຫຼາຍວິດີໂອ ບໍ່ມີ,0,0,0,0.859478
ໂທລະສັບບໍ່ສາມາດໃຊ້ແອັບຫລຸ້ນນີ້ໄດ້ ຄວນປ່ອຍໃຫ້ສາມາດນໍາໃຊ້ແອັບຫລຸ້ນເກົ່າໄດ້,0,0,0,0.663467
rom cn ເຂົ້າບໍ່ໄດ້,0,0,0,0.997796
ດີຄ່າບບບ,1,1,1,0.813198
ວ່າເຊັງ ເນ ກິບທັງຫມົດສໍາລັບ,1,1,1,0.862505
ບຸນເລີດ ຄໍາມີນາ 93 ອາຍຸ,1,1,1,0.883739
ລາວຜັດທະນາ,1,1,1,0.836322
ຖືກໄຈແຮງສໍາລັບແອັບໂມຈາ,1,1,1,0.828933
ດີຫລາຍແລະມີປະໂຫຍດ,1,1,1,0.963631
ໂອເຄັ,1,1,1,0.927333
ແກ່ນຈັນ ຈັນທະວົງ,1,1,1,0.906365
ຢາກໃຫ້ແອັບນີ້ພັດທະນາໄປເລື້ອຍໆ ສາມາດໂອນເຂົ້າ ອອກ ໃຫ້ໄດ້ຫຼາຍທະນາຄານ ເຮັດທຸລະກໍາໃຊ້ງ່າຍຈ່າຍສະດວກກວ່າເດີມ,1,1,1,0.747059
ເປັນກັນເອງ,1,1,1,0.772711
ຫມາສີ້ແມ່ມືງເຂົ້າກະບໍໃດ້ບັກຫູຂີ້ມຶງບັກປອດທັ່ງບັກເປດມືງບັກສົ້ນຕີນບັກຄວາຍມືງພໍ່ແມ່ແຕດເຫນົ່າມືງບັກຂີ້ຕົວະ,0,0,0,0.908762
ປະຕິທິນເປັນຫຍັງເລືອກເບິ່ງເດືອນອື່ນໆບໍ່ໄດ້?,0,0,0,0.918987
ລອງເຂົ້າໃຊ້,1,1,1,0.513918
ຂາວສານດີໆມີຫລາຍ,1,1,1,0.968136
ດີມານ,1,1,1,0.960249
ໂຖໍາພະໍວໃຝຂ,1,1,1,0.873703
ເຂົ້າແອັບໂຄດຍາກເນັດກາກບໍ່ພໍເຂົ້າແອັບບໍ່ໄດ້ອີກນ່າຈະພັດທະນາໃຫ້ເຂົ້າແອັບງ່າຍຄືແອັບອື່ນແນ່ເນັດເບິດຍັງເຂົ້າໄດ້,0,0,0,0.989143
ຍອດຫຍ້ຽມ,1,1,1,0.896947
ໂດນໄຈ,1,1,1,0.87609
ເຟດສົ້ນຕີນຄືບ້ານິກູໃຊ້ເຟດລະຊິມເສຍຊິມທີ່ເຄີຍຕັ້ງເສຍກູກະຈື່ລະຫັດກູກາຈື່ເບີຍັງສິໃຫ້ສົ່ງລະຫັດຍືນຍັນຢູ່ລະສິໄປເອົາໂຕເຂົາສົ່ງໃຫ້ເຈໃດລະກ່ອນສິເຮັດຫຍັງກາຄິດແນ່ກູລະສູນາະແດງແມ່ມືງແກ່ຈື່ລະຫັດລະກະແລ້ວຍັງຕ້ອງຍືນຍັນຫີແຕດອີ່ຫຍັງອີກບ້າປັນຍາອອນເສຍເສັ້ນເອົາໄປເອົາມາເສືອກຫລີ້ນບໍ່ໄດ້ປັບປຸງແນ່ປັ່ນຍາອອນ,0,0,0,0.985568
ຍອດຢ້ຽມ,1,1,1,0.905149
ແອັບນີ້ດີມາກສຸດຍອດ,1,1,1,0.969609
ດີເງິນເຕີມເນັດບໍ່ຂາດຈັກມື້,1,1,0,0.700371
ຕັ້ງເຟດບໍ່ໄດ້ເຂົ້າເຟດບໍ່ໄດ້,0,0,0,0.950608
ດີ ມາກຫມາຍ,1,1,1,0.859432
ດີມາກກດກກ,1,1,1,0.966017
ຟງລ ໂລ,1,1,1,0.837928
ນ້ອງນູ,1,1,1,0.889725
ແອພເປັນຫຍັງ ເດັ້ງອອກລະເຂົ້າລະບົບບໍ່ໄດ້,0,0,0,0.996044
ໄວ້ໃຈເຈດີບີ,1,1,1,0.878255
ຊື່ ຄີມ,1,1,1,0.823181
ມັກຫລາຍ,1,1,1,0.957346
ແອບມັນຄ້າງແລະກະເດັງອອກເລີຍ ແລະເຮັດໃຫ້ໂທຄ້າງກົດຫຍັງບໍ່ໄດ້ ໂທລະຊັບຂ້ອຍ a51,0,0,0,0.951696
ຂັ້ນຕອນການຮັບຮອງລໍຖ້າດົນເກີນໄປ ລໍມາເປັນອາທິດກວ່າແລ້ວລະບົບຍັງບອກວ່າກໍາລັງດໍາເນີນການຢູ່,0,0,0,0.757846
ເຂົ້າແອັບບໍ່ໄດ້ເລີຍ ລົບແລ້ວໂຫຼດໃຫມ່ກະຍັງບໍ່ໄດ້,0,0,0,0.994353
ໃຊ້ໄດ້ດີແຮງ,1,1,1,0.977997
ບໍ່ປານໄດ,1,1,1,0.59234
ອັບເດດໃຫມ່ກະຈອກແທ້,0,0,0,0.858377
ຄະແນນເສຍທາ້ຍປີ,0,0,1,0.79677
ລະບົບໂຄດຫ່ວຍແຕກ ຕິດຕັ້ງບໍ່ໄປຫນ້າotp ຈັກເທື່ອ ປັບປຸງດ່ວນ ລົງທະບຽນຍາກ,0,0,0,0.994615
ລາຄາບໍ່ມາດຕະຖານ ຮັບຫມ່ອງດຽວກັນ ສົ່ງຫມ່ອງດຽວກັນ ລາຄາຫລຸດກັນເປັນແສນກີບ,0,0,0,0.57893
ຂັດຂ້ອງໃຊ້ງານບ້ໄດ້,0,0,1,0.578568
ກະພໍດີນໍາເຂົາຢູ່,1,1,1,0.756858
ແອບດີມາກໆ,1,1,1,0.937827
ຄິດຮອດເດີເຮີຍ,1,1,1,0.868278
ສະດວກສະບາຍຫຼາຍໆຢ່າງ,1,1,1,0.9799
ກາກ ບໍ່ສາມາດເຮັດຫຍັງກັບໂຕແອັປໄດ້ເລີຍ ຊ່ວຍປັບປຸງໃຫ້ມັນສະຖຽນແນ່ ຄໍາແນະນໍາຕ່າງໆຫຍັງກະບໍ່ມີ ຖ້າບໍ່ຮູ້ກະຄິດວ່າແອັປເຖື່ອນແລ້ວ,0,0,0,0.969548
ຂອງປະເທດລາວດີສຸດເລີຍ,1,1,1,0.918821
ບາວທັນ,1,1,1,0.900349
ຖ້າເຮົາບໍ່ມີບັນຊີທະນາຄານຫືຼbceloneເຮົາຈະໃຊ້ໄດ້ບໍ່,1,1,0,0.560213
ລີສິວການສະແດງຫມາຍເຖິງຫຍັງ ?,1,1,1,0.687864
ສິ່ງ,1,1,1,0.873342
ໂອເຄທຸກຢ່າງໃນແອບນີແມ່ນບໍ່ລີການຟີຮ.,1,1,1,0.708551
ທໍາສີ່ງທົ່ວໄປ,1,1,1,0.8536
ຊອກຫາເພື່ອນໆ,1,1,1,0.824371
ດິດີິ,1,1,1,0.867057
ອະສະລິຍະຈິ່ງຽ,1,1,1,0.864142
ລິນບ່ໄດ້,1,1,1,0.682522
ເກັ່ງ,1,1,1,0.854236
ຄັ້ງແລກທີ່ໂຫລດມາໃຊ້ປະທັບໃຈຫລາຍສັງພັດກະເພົາຕອນ19 30ແອບບອກວ່າລໍຖ້າ40 50ກະນັ່ງຖ້າດົນເຕິມເຂົ້າມາເບິ່ງໃຫມ່ມັນບອກຖ້າ50 60ກະຖ້າມາອີກຈົນ8 30ມັນກະບອກຖ້າອີກ40 50 ສົງໃສຄືສິໄດ້ກິນມື້ຫນ້າພຸ້ນແລະ ຫ່ວຍແຕກອີ່ຫລີ,0,0,0,0.869619
ຫາກ,1,1,1,0.806436
ເນັດກະບໍ່ໄດ້,0,0,0,0.996902
ຂໍເວົ້າຈັກບາດແນ່ ຕອນແອັບຂື້ນຊື່ໂມຈາຫລີ້ນໂຄດຄັກ ພໍປ່ຽນມາເປັນແອັບລາວເທົ່ານັ້ນລະ ໂຄດກາກ ໂຄດບໍແມ່ແອັບແລ້ວຕອນນີ້ ຍາກຮູ້ຜູ້ພັດທະນາແອັບນີ້ເດ່ ອັນທີ່ດີຍູ່ແລ້ວແທນທີ່ຈະໃຫ້ດີຂື້ນ ອັນນີ້ພັດເຮັດໃຫ້ກາກລົງ.000,0,0,0,0.872171
ແອັບແບບນີ້ບໍ່ມີປະໂຫຍດຫຍັງລົງທະບຽນເບີກະບໍ່ໄດ້ເຮັເຫຍັງຜ່ທນແອັບກະບໍ່ໄດ້ຈັກເຮັດມາເພື່ອຫຍັງລົບຖິ້ມສາຖ້າເຮຫດແບບນີ້,0,0,0,0.994054
ຈາຍ່ສະບາຍ,1,1,1,0.951777
"ປອດໄພ,ສະດວກດີ",1,1,1,0.963883
ໄດ້ຮົບຊົມຂ່າວສານສະດວກ,1,1,1,0.947465
ແອບກາກໂພດນີ້ຫວາ ແອບ kyc555,0,0,0,0.751845
ເປັນຫຍັງຄືຫຼິ້ນບໍ່ໄດ້,0,0,0,0.972152
ນາງຈາ,1,1,1,0.896713
ປະສົບການຈາກເຟສບຸກ,1,1,1,0.948483
ໃຊ້ດີເກີນຄວາມຄາດຫມາຍ,1,1,1,0.894321
ແອບດີແຕ່ກະຢາກໃຫ້ເພິ່ມແອັບvibieເຂົານໍາຄືຈະດີຫຼາຍ,1,1,1,0.887292
"ແອັບອື່ນດີກວ່າຫຼາຍ, ຊ້າແຮງ",0,0,0,0.65672
ແກ້ວ.ກຸນມະນີ,1,1,1,0.890523
ໃຫ້4ດາວລອງເບີ່ງກອ່ນ,1,1,1,0.860335
ຍາກຫຼາຍ,0,0,0,0.533775
ແມ່ນ,1,1,1,0.677018
ດີຫຼາຍແຕ່ຢາກໃຫ້ທະນາຄານມີຄວາມປອດໄພໃຫ້ດີບໍ່ໃຫ້ຄົນອື່ນລັກຖອນເງີນແບບບໍ່ຮູ້ຕົວເລີຍ.,1,1,1,0.812934
ດີໆຫລ່າຍໆ,1,1,1,0.89237
ສົມຊາຍ,1,1,1,0.871178
ນາກມ,1,1,1,0.829902
whatsapp ເພື່ອສື່ສານຂອງຂໍ້ຄວາມທີ່ດີກັບເຮົາ,1,1,1,0.860398
ເຂົ້າສູ່ລະບົບບບໍ່ໄດ້ເຂົ້າຈົນເມື່ອຍລີ້ງຢູ່ນັ້ນ,0,0,0,0.929241
ສຸກ ສຸກ,1,1,1,0.868892
ກາກສັດ,0,0,0,0.558647
ສະມັກບັນຊີ ບໍ່ໃດ້,0,0,0,0.731031
ງ່າຍສະດວກດີ ເຫມາະແກ່ການຄົນຄ້ານໄປເອງ. ພັດທະນາຕໍ່ໄປເດີ້,1,1,1,0.925898
ລົງທະບຽນກະບໍ່ໄດ້ຈັກເທື່ອສົ່ງລະຫັດເປັນພັຮເທື່ອກະບໍ່ໄດ້,0,0,0,0.997669
ຖູກໃຈມາກ,1,1,1,0.914554
ເຄີດເຮັດວຽກຢູ່ຊໍາເຫນືອ,1,1,1,0.788281
ອັບເດດແລ້ວຂີ້ຮ້າຍກວ່າເກົ່າອີກໃຊ້ຍັງບໍ່ໄດ້ເລີຍ,0,0,0,0.987782
ເນັດ300ປະຢັດໄດ້ຫມຶງມື,1,1,1,0.703275
ຂໍສອບຖາມແນ່ ມີຂໍ້ຄວາມແຈ້ງມາວ່າໃຫ້ລົງທະບຽນເບີກ່ອນວັນທີ16ທັນວາ ໂດຍການໂຫລດແອັບນີ້ເພຶ່ອລົງທະບຽນ ແຕ່ໂຫລດມາແລ້ວເຂົ້າລົງທະບຽນໃນແອັບບໍ່ໄດ້ ແອັບບໍ່ຕອບສະຫນອງ ເບີຂ້ອຍໄດ້ລົງທະບຽນຕັ້ງແຕ່ປ່ຽນເປັນ4g ຫຼາຍປີແລ້ວ ບໍ່ຮູ້ວ່າທາງສູນຈະລະງັບການໃຊ້ງານເບີຂ້ອຍບໍ່,0,0,0,0.960101
ທີ1ການເງິນຂອງຂ້ອຍ,1,1,1,0.809278
ຫມຸນບໍ່ໄດ້ເລີຍແຍ່ມາກແກ້ໄຂໃຫ້ດ່ວນ,0,0,0,0.972283
ສາ່ຮ,1,1,1,0.837514
ມັກແອັບນີ້ສະດວກວ່ອງໄວ,1,1,1,0.94996
ຍາກໂທຟຮີ,1,1,1,0.544868
ລາວແອັດໃຈດີມະ,1,1,1,0.882618
ເຮ້! ລະບົບຊິມີປັນຫາຕອນລົງທະບຽນໃຫ້ລູກຄ້າບໍ່ໄດ້ນ໊າ,0,0,0,0.972917
ບໍໄດຍັງນອກຈາກເຊີນເພືອນ,0,0,0,0.521615
ຮອບຫມູນບໍ່ມີແກ້ໄຂດ່ວນເພື່ອໃຫ້ມີຮອບຫມູນ,0,0,0,0.78293
ໃຊ້ງານດີຈິງ,1,1,1,0.953204
ລາວ.ສະບາຍດີ.ຍັງບ່ເຂົ້າໃຈ.,1,1,1,0.806396
ສະດວກການສືສານ,1,1,1,0.946585
ກະດີຢູ່ນະແຕ່ສັນມັນກາກເບີ່ງລະຄ້າງຊ່ວຍປັບປຸ່ງແນ່ຄືວ່າສັນຍານເຮົາກະດີຢູ່ນະ,1,1,0,0.627898
ມີປະໂຫຍນຫຼຍ,1,1,1,0.89167
ໄດ້ດີແລ້ວ,1,1,1,0.937493
ຂ້ອຍຂໍທັງຫມົດຂອງລາງວັນ1ຢ່າງທີ່ສໍາຄັນສຸດຕໍ່ຊີວິດ,1,1,1,0.899779
ສະຫນັກໂຄດຍາກຕອນນີ້ຍັງສະຫນັກບໍທັນໄດ້ໃຫ້ໃສ່ເບີໂທກະໃສ່ແລ້ວຍັງບໍ່ໄດ້ຄວນປັບປຸງດ່ວນ,0,0,0,0.96232
ມີການດີໃນການແຊັດ,1,1,1,0.928641
ແອັບຂີ້ຫມາຫຍັງຫວາ ໂຫຼດມາເສຍດາຕ້າຊື່ໆເຮັດຫຍັງບໍ່ໄດ້ເລີຍ. ປັບປຸງກ່ອນສາແລ້ວຈຶ່ງຈະມາລົງທະບຽນໃຫມ່ເດີ້,0,0,0,0.98591
ຕິກນ່າ,1,1,1,0.808947
ເຍຍລີວໍາ,1,1,1,0.855848
ເປັນຫຍັງຄືແອພຄືເດ້ງອອກ,0,0,0,0.879906
ວິໄລຄົນເດີມ,1,1,1,0.893445
ໂຄດເສຍອາລົມເລີຍຕັ້ງແຕ່ອັບເດດມາຂັດຂ້ອງເມິດທຸກອັນໂທວິດີໂອຄໍກະບໍ່ເຫັນຫນ້າເຂົາຫມຸນປານຫນ່ວຍໂລກ,0,0,0,0.953118
ໄຊ້ດີເຈົ້າ,1,1,1,0.951269
ທຍກເກືສ,1,1,1,0.727571
ບອອກເລກ,0,0,1,0.570051
ໄປກັບໂລກ້າປອດໄພມີປະກັນຄຸ້ມຄອງ,1,1,1,0.846401
ເຮັດຫຍັງຫນ່ອຍ1ເຟສກະລ໋ອກແກ້ໄຂແນ້,0,0,0,0.76464
ເອີ້ນລົດຫລາຍເທື່ອບໍ່ມາ,0,0,0,0.826882
ມີປະໂຍດຕໍ່ຊິີວິດປະຈໍາວັນແລະໄດ້ລົມຫນູ່ຄູ່ຫຼາຍຄົນ,1,1,1,0.893909
ເຄິອງໂທລະສັບຂ້ອຍມີປັນຫາ,1,1,1,0.623354
ສິງທີ່ຂາດບໍ່ໄດ້ໃນຊີວິດກູ,1,1,1,0.521029
ກໍາລັງເລີ່ມ,1,1,1,0.840373
ຂໍຕັ້ງ,1,1,1,0.624507
ເຕັມດາວເລີຍ,1,1,1,0.827215
ຊີວິດເງົ່າໆ,1,1,1,0.856192
ດີແຕ່ວ່າຍູ່ດີໆກະຍ ບໍເຫັນເມຫນູ,1,1,1,0.664269
ກົດເຂົ້າລະເດັ້ງອອກ ປັບປຸງແດ່ເດີ ຊິລົງທະບຽນເບີກະບໍ່ໄດ້,0,0,0,0.997391
ໃສລະຫັດນີ້ເດີ 2149 5340 ເພື່ອຈະໄດ້ຮັບສ່ວນຫຼຸດ5,1,1,1,0.766557
ນ້ໍາບໍ່ຖ້າປາເວລາບໍ່ຖ້າເຮົາເວລາລ້ວນແຕ່ມີຄຸນຄ່າທຸກການພັດທະນາຕ້ອງມີຈຸດສຸມ.ທີ່ວາງໄວ້.,1,1,1,0.645288
ດີສຸດຍອດສະດວກສະບາຍໃຫ້100ຄະແນນ,1,1,1,0.98363
ນັບມື້ແອັບຯນີ້ແຮງບໍ່ເປັນຕາໃຊ້,0,0,0,0.761401
ໄຊ້ແລ້ວຖືກໃຈເລີຍ ຂໍຄອບໃຈສໍາລັບແອັບນີ້,1,1,1,0.898913
ພາແສງຄົມອາລຸນ,1,1,1,0.884991
ມັນຮູ້ຫາຕັ້ງແດ່,1,1,1,0.655187
ອັບເດດແລ້ວເຂົ້າບໍ່ແກ້ໃຂແນວໃດ,0,0,0,0.962267
ຂໍແນະນໍາໃຫ້ສືບຕໍ່ພັດທະນາແອັບໂຊເຊວເພື່ອໃຫ້ຄົນລາວໄດ້ໃຊ້ແອັບໂຊເຊວຂອງລາວແທ້ ໂດຍນໍາເອົາຂໍ້ມູນຈາກແອັບພື້ນຖານນີ້ເປັນຂໍ້ມູນພື້ນຖານ ຕົວຢ່າງປະເທດຈີນ ກໍຈະມີ wechat ເປັນຂອງຕົວເອງ.,1,1,1,0.640262
ເອົາໄວ້ແຊັດນໍາຜູ້ສາວ,1,1,1,0.829687
ສະດວກສະບາຍຫາຍຢ່າງ,1,1,1,0.985796
ຂໍຂອບໃຈທີ່ທ່ານຕອບສະຫນອງໃຫ້ພວກເຮົາ,1,1,1,0.918017
ຈານມອຮ,1,1,1,0.829539
ດາໍາ,1,1,1,0.881998
ບໍ່ເປັນເພືອນກະແທັກໄດ້. ອັນນີ້ຄວນປັບປຸງ,0,0,0,0.718772
ປາຕ່້,1,1,1,0.830926
ໃຊດີຫລາຍ,1,1,1,0.984343
ມີປະໂຫຍດ. ດີ,1,1,1,0.904048
ເປັນຍັງຕັ້ນບໍໄດ້,1,1,0,0.831463
ດີຈ່າ,1,1,1,0.892802
ໄຮເດີ້ຖອນເງິນຜິດຫຍັງ10ພັນ,0,0,0,0.70837
ເທວະ,1,1,1,0.851791
ໄຫ້ອັບເດດຕະຫຼອດອັບເດດແລ້ວກະຄືເກົ່າເລກບັນຊີທີ່ເຄີຍໂອນຫາຍຕະຫຼອດບາງຄັ້ງຕ້ອງການໂອນເງິນດ່ວນແອັບກະມີປັນຫາໂອນບໍ່ໄດ້ເປັນຕະຫຼອດ,0,0,0,0.986141
ຊົມເຊີຍມັກແອບນີ້ຫຼາຍ,1,1,1,0.906645
ມັກຫລາຍໄຊດີ,1,1,1,0.951984
ໄດ້ເຮັນແຈ້ງຍີນດີ ຕູ້ຍ ພະດິດ ກ່ສາ້ງ,1,1,1,0.826901
ແອັບໂຫຼດຂໍ້ມູນຊ້າຫຼາຍ ຫມູນຕິ້ວໆ,0,0,0,0.666606
ຄຸນນະພາບພໍດີ,1,1,1,0.783414
ປ້ອນຂໍມູນໃສ່ຫລາຍເທື່ອບໍ່ເຫັນຊິໄດ້ ປັບປຸງຄືນໃຫມ່ແດ່ເດີ້ທ່ານ,0,0,0,0.899165
ດີເລີດດີຫຼາຍ,1,1,1,0.973917
ທຸກຢ່າງດີແຕ່ຢາກໃຫ້ປັບປຸງເລື່ອງເຄືອຂ່າຍ ສັນຍານຂຶ້ນ4gກະຍັງເບິ່ງຫຍັງບໍ່ໄດ້,1,1,0,0.702147
ເຕີມບັດບາດໄດ້ບາດບໍ່ປັບປຸງແນ່ເດີ,0,0,0,0.867793
ລະບົດອ່ອນແອຫລາຍນັກພັດທະບໍຄ່ອຍເກງ ກະລຸນາແກ້ການສົ່ງotp ແບບດ່ວນດ້ວຍ,0,0,0,0.550601
ສະບາຍດີຄົນລາວ,1,1,1,0.970071
ສະນຸກໃຈ,1,1,1,0.921788
ໂຄດດີເລຍ,1,1,1,0.860184
ແອບບ້າແຮງອັບເດດແຮງກາກກວ່າເກົ່າແບບເກົ່າດີກວ່າຫລາຍ,0,0,0,0.943717
ຢູ່ດີ້ກະເຂົ້າບໍ່ໄດ້ແກ້ໄຂໃຫ້ແດ່ອັບເດດກະອັບແລ້ວແຕ່ກະເຂົ້າບໍ່ໄດ້ລົບໂຫຼດໄຫນ່ກະເຮັດແລ້ວແຕ່ກະຄືເກົ່າແກ້ໄຂໃຫ້ແດ່,0,0,0,0.993806
ເລັມທອງ,1,1,1,0.874753
ຍອດແຍມ,1,1,1,0.905039
ເປີດກ້ອງບໍໄດ້,0,0,0,0.73257
ກາກເກີນເຂົ້າກະຍາກອີກ,0,0,0,0.922058
ແຕ່ເຮົາບັງຄັບເຮົາເອງ,1,1,1,0.835435
ເອົາລົງຕິກຕ໋ອກໃດ້ບໍ,1,1,1,0.645458
ໃຫ້ເປັນທີ່ຢູ່ໃນປະເທດລາວມີແຕ່ຄົນໄທແລະທາງການລາວໄດ້ຮັບການສຶກສາຂອງປະເທດຊາດບ້ານເມືອງໃຫ້ມີການສ້າງແລະການບໍລິການທີ່ມີຢູ່ແລ້ວແຕ່ເປັນການດີເພາະມີຄົນເວົ້າວ່າການທະນາຄານເປັນຕົ້ນໄປນີ້,1,1,1,0.745618
ຊງງລາສີງຫາລາດ,1,1,1,0.833008
ດີໄວ,1,1,1,0.871382
ຕັອງການດໍາເນີນຕ່,1,1,1,0.914713
ຍືນລອ່ວໂອ,1,1,1,0.820568
ຍັງເລຶອກອາຫານທີ່ຈະorderບໍ່ທັນໃດ້.,1,1,1,0.564191
ເອົ້າໄປເລີຍ,1,1,1,0.819986
ຄັກລາຍແອັບນີ້,1,1,1,0.879173
ໃຊ່ດີແຮງ,1,1,1,0.918235
ລີນລີນ,1,1,1,0.863986
ບໍ່ມີຮອດບ່ອນຊິປ້ອນຂໍ້ມູນລົງທະບຽນ,0,0,0,0.769285
ດີສຸດແລ້ວ,1,1,1,0.889285
ລອງໃຊ້ເບິ່ງກອ່ນ,1,1,1,0.889582
ອັບແດດໄຫມນີເຮັດຫາອັນເດີກະບໍ່ໄດ,0,0,0,0.875815
ດີຫລາຍຖາໄດເງີນສົດ,1,1,1,0.9318
ຫນູນໄດ້ກະບໍໄດ້ບາງເທື່ອ,0,0,0,0.848114
ມີຄວາມສຸກແລະສະດວກສະບາຍ,1,1,1,0.98765
ປັບປຸງໃຫ້ແນ່ເຂົ້າຊື້ຫວຍບໍ່ໄດ້ເຈົ້າ,0,0,0,0.956416
ຫນ້າສົນໃຈແອັບນີ້ໃຊ້ດີຈິງແທ້,1,1,1,0.916784
ໃຫ້ເງິນຫຼາຍ,1,1,1,0.731082
ໃຊ້ ໄດ້ ດີ,1,1,1,0.837211
ລະຫົດ,1,1,1,0.683789
ແມ່ນຫຍັງຄືການທີ່ລັອກອິນບໍ່ໄດ້ຈັ່ງແມ່ນຊາດ,0,0,0,0.893778
ແຊັດຫາຜູ້ສາວຜູ້ສາວບໍ່ຕອບເລີຍ,1,1,1,0.51477
ບັນທຶກການເຄື່ອນໄຫວຍັງບໍ່ລະອຽດ,0,0,0,0.523079
ພ້ອນວິໄລ,1,1,1,0.877964
ຄໍາຮັກແທ,1,1,1,0.942594
ເຕີມບັດລະບໍ່ໄດ້ຂະແນນ,0,0,0,0.915263
"ບໍ່ແມ່ນແນວແລ້ວກູຕ້ອງຈັບບັດຖ່າຍຮູບ ນີ້ເບີໂທບໍ່ແມ່ນທະນາຄານ ບໍ່ມີເບີນີ້ຫລັກ5,7,9ກໍ່ຍັງມີລາຍເດືອນລາຍປີລາຍວັນກະມີເຂົາລົງທະບຽນຊິຍາກປານນີ້ພຽງແຕ່ມີບັດປຕ ຫລື ປື້ມສມ ຂຽນເອົາຂໍມູນກະໄດ້ແລ້ວ",0,0,0,0.870416
ດີມາກດວ້ຍ,1,1,1,0.96374
ນະິ,1,1,1,0.837514
ປັບປຸງແນ່ ເຂົ້າໄປແລ້ວມັນເປັນສີດໍາເມີດບໍ່ຂື້ນຫຍັງເລີຍ,0,0,0,0.97156
ປັບປຸງແດ່ ລະບົບຫວຍແຕກ,0,0,0,0.954604
ຄົບ4kຂອງແທ້5gເຕັມຮູບແບບໃຫ້5ດາວເຕັ່ມຄົບ,1,1,1,0.866041
ເຂົ້າບໍ່ໄດ້ ມັນຄ້າງ,0,0,0,0.989503
ຂໍເນັດຫລາຍໆແນ່,1,1,1,0.804606
ດີຄັບ,1,1,1,0.879955
ແຝດວີໂອ ເຂົ້າວີດີໂອບໍ່ໄດ້,0,0,0,0.929267
update profile ຖ້າເປັນດົນຫຼາຍ ໂອນເງິນເຂົ້າບໍ່ໄດ້,0,0,0,0.941595
ຕິບ,1,1,1,0.836155
ມີຍະ,1,1,1,0.852937
ສິງແກ້ວ,1,1,1,0.877974
ດິເກິນ,1,1,1,0.703474
ຄັກໆ555,1,1,1,0.906202
ເປັນຫຍັງຕ້ອງອັບແດດທຸກຄັ້ງທີ່ເຂົ້າປັບປຸງດ່ວນເລີຍ,0,0,0,0.888711
ນຸດ,1,1,1,0.854927
ອັບເດດໃຫມ່ຫາຫຍັງວະແຜ່ນທີ່ດາວທຽມບໍ່ມີຄືແບ້ນິ,0,0,0,0.891053
ໃຊໄດ້ດີຫລາຍ ຈະເປັນການສົ່ງຂ່້ຄວາມຫລຶຮູບພາບໄປໄຫ້ເພຶ່ອນກໍດີ,1,1,1,0.895811
ດີທີ່ສຸດຄວາມໄວສະນັບສະຫນູນຂໍຂອບໄຈ,1,1,1,0.935472
ແອບຫ້ວຍແຕ່ກ,0,0,0,0.534728
ແມ້ກ,1,1,1,0.773036
ບໍ່ໃຊ້ແມ່ມັນລະສົມຊື່ເປັນຂອງລາວບໍ່ວ່າແມ່ນຫຍັງຄືກັນແມ່ນໃຊ້ບໍ່ໄດ້ຈັກແນວເຮັດພໍແຕ່ແລ້ວລະເອົາເງີນຊື່ໆເຮັດໄປເຮັດມາໄວຣັດເຂົ້າມານໍາຈົນໄດ້ລີເຊັດເຄື່ອງໃຫມ່,0,0,0,0.943378
ແອດົມສະຫວັດ,1,1,1,0.85594
ນປາເຊຍ ຈາ,1,1,1,0.817569
ກະຄັກຢູໃດ່,1,1,1,0.886641
ເອົາສໍານີ້ກອ່ນ,1,1,1,0.704836
ທອງຫຼ້າ ອີນນາມ,1,1,1,0.851634
ໃຊ້ດີລອວງເລີນ,1,1,1,0.954702
ດີມາກເລີຍໄຫ້5ດາວເນາະ,1,1,1,0.928813
ດີຫລາຍ.,1,1,1,0.983829
ຄັກໆໆື້,1,1,1,0.901862
ບຸນແອະໄປ,1,1,1,0.865321
ໂຄດດີແລກບັດຢູພອຍບໍເຂົ້າເບີໂຕເອງເຂົ້າເບີເພີບໍຮູ້ຊໍ້າໂຄດດີເຜີໆເຂົ້າເບີຜູ້ໂອນຊໍ້າໂຄດອາລົມເສຍ,0,0,0,0.566889
ຄືຕີນນິ ຈັກແມ່ນຫຍັງ,0,0,0,0.684865
ແຈກເງີນຄືແຕ່ກ່ອນແດ່ ຂ້ອຍຫຼີ້ນເປັນເດືອນແລ້ວຍັງບໍ່ໄດ້ເງີນ1000ກີບຊໍ້າ ແຖມຫມູນວົງລໍ້ກະສິຢຸດບ່ອນດາຕ້າພັດເພີ່ມຄວາມໄວໃຫ້ໄປຢຸດທີ່,0,0,0,0.857671
ໃຊ້ດີ ໂປຣໂມຊັນຫລາຍ,1,1,1,0.941228
ແອັບໃຊ້ດີຫລາຍໄຊ້ລະຫັດນີ້ເພືາອຮັບໂປຮໄນການຊື້ຫຍັງຕ່າງໆ46260780,1,1,1,0.882453
ເປັນຫຍັງbcel oneຂ້ອຍຄືເຂົ້າບໍ່ໄດ້ກະລຸນາກວດຄືນໃຫ້ແນ່,0,0,0,0.930287
ຢູ່ໃສກະສຸກໃຈເມື່ໄດ້ຢູ່ກັບເຈົ້າ,1,1,1,0.793512
ດີພໍສົມຄວນບັນເທົ່າສະຫມອງ,1,1,1,0.751914
ຂອບໃຈຫຼາຍໆທີ່ເປີດໃຫ້ໃຊ້ບໍລິການ,1,1,1,0.904515
ເປີດແອບຂຶ້ນມາບໍ່ເຫັນມີນູຫຍັງເລີຍວ່າງເປົ່າລ້າ,0,0,0,0.821877
ຊອກຮ້ານບໍ່ໄດ້ທົ່ວເຖິງ,0,0,0,0.791725
ບໍ່ມີແຟນກະຢາກໂຫຼດມາແຊ້ດນໍາເພິນໂອແສງ,1,1,1,0.572857
ຊື້ເລກແລ້ວບິນບໍ່ເຫັນ ແຕ່ເງິນຖືກຕັດ,0,0,0,0.894848
ສະບາຍແທ້,1,1,1,0.925388
ໄຊມາໄດ້4ເດືອນແລ້ວ,1,1,1,0.548947
ທ.ອິນທາສິດ,1,1,1,0.851661
ແຊດ,1,1,1,0.839931
ວີດໂອເບີ່ງບໍ່ໄດ້,0,0,0,0.90224
ບໍ່ມີເນັດລະເຂົ້າບໍ່ໄດ້ບາດສິເຕີມລະເຮັດຈັງໃດລະ,0,0,0,0.960306
ແອບຄວາຍແຊບໍ່ໄດ້,0,0,0,0.92959
ພໍແກ້ໄຂໄດ້ຢູ່,1,1,1,0.55003
ເຕົ່າ,1,1,1,0.68394
ບໍ່ມີໂປຣກະເຊົາໃຊ້ 50k 30d ວ່າຊັ້ນໃຊ້ບໍ່ຮອດ10ມື້ຊ້ໍາ,0,0,0,0.736752
ເອຢ່າງ,1,1,1,0.915492
ໃຊ້ງານດີວຽກຂອງຂ້ອຍຊວນຫລາຍກະໃຊ້ແຕ່ວອດແອບປະສານງານບ່ທໍາໃຫ້ຜິດຫວັງ,1,1,1,0.854493
ເອີ້ນຍາກໂພດແກ້ໄຂແນ່ເອີ້ນເປັນຊົ່ວໂມງຍັງບໍ່ໄດ້,0,0,0,0.987126
ສະບາຍດີຂ້ອຍເຮັດບໍ່ເປັນເຈົ້າ,1,1,1,0.719942
ຄີດຮອດເລີ,1,1,1,0.859132
ຜູ້ໃຊ້ໂທລະສັບມັນຮູ້ໃຊ້ແຕ່ຢາງດຽວເມືອເປັນຈັ້ງຊັ້ນໃຫ້ບໍລິສັດຊໍາໂຊມຫຼືລາວໂທລະຄົມຄ່ອຍແກ້ຊວ່ຍຄົ້ນຄ້ວາພິຈາລະນາດ້ວຍຂໍຂອບໃຈ,1,1,1,0.737239
ເວລາພ່ານຢອ້ຫມ່າກນື່ມມ່າກປີກຼາຍຮອ່ດຄືນີຕັ້ງຈີກຼາຍພົບເຢາະອີກ່ເດີພີນ້ອງໂຢງມະຕາຍແຮ່ມຢື່ມກຼົນຊຶ່ງຮັກແພ່ງ,1,1,1,0.694415
ດີຫຂາຍ,1,1,1,0.956206
ໃດ້ເນັດຟີໂຄດດີເລິຍຈ້າໄຫ້5ດາວ,1,1,1,0.8226
ອາດ.ມາລາວັນ,1,1,1,0.866576
ຮຮໍານ່ໍາມກມດ,1,1,1,0.833059
ເຂົ້າຫລີ້ນເກມບໍ່ໄດ້ແອບຊ້າຫລາຍ,0,0,0,0.950499
ໃສ່ຜົນຢາ່ງດີ,1,1,1,0.852601
ຂ້ອຍກາຫີ້ລນແອັບນີ້ facebook,1,1,1,0.836305
ດີແຕ່ຄືອັບເດດບໍ່ໄດ້,1,1,0,0.910294
"ຊວງຫຼັງ ສວນລົດບໍ່ຂ້ອຍມີ, rider ມັກມີປັນຫາ ບໍ່ຮູ້ເປັນຍ້ອນວ່າfoodpanda postປະກາດຮັບສະຫມັກພະນັກງານແນວໃດກະໄດ້ຫວາ. ຍ້ອນສິ່ງເລົານີ້ຂ້ອຍເລີຍໄປໃຊ້egetແທນ.",0,0,0,0.642889
ອັບເດດແລ້ວເຂົ້າແອັບບໍ່ໄດ້ເດີເຈົ້າ,0,0,0,0.991385
ໄຊ້ໄດ້ຢູ່ທັກຫາຜູ້ສາວກະຕອນ,1,1,1,0.829823
ຍາກໄດ້ໂຊກຄັ້ງຍີ້ງໃຫຍ່ຂອງປີ2022ນະ,1,1,1,0.758866
ສສດເດ່ດ,1,1,1,0.824671
ບ້າບໍອັບເດດຕະຫລອດ,0,0,0,0.933563
ເປັນຫຍັງຄືສົ່ງຂໍ້ຄວາມສຽງບໍໄດ້ຊ່ວຍແກ້ດ່ວນ,0,0,0,0.902658
ເປີດແອັບໃຫ້ແດ່,1,1,1,0.599276
ໃຊ້ສະດວກລາຍ,1,1,1,0.969724
ຮັບດາຕ້າໄດ້,1,1,1,0.734172
ດີກວ່າເກົ່າແກ່ຫຼາຍຮ້ອຍ,1,1,1,0.568395
ປ່າເອ້ຍ,1,1,1,0.847931
ຍາກທໄທຸກຍາງ່ແຕ່ລະດັບປະສົບດານແກ້ໄຂບໍ່ໄດ້ຍີນຍອມແກ້ໄຂຄວາມສະດວກໃຫ້ດວ້ຍ,1,1,0,0.591003
ເຂົ້າງ່າຍ,1,1,1,0.54255
ອັບເດດຫຼາຍເທົ່າໃດແຫ່ງຫ່ວຍຫຼາຍເທົ່ານັ້ນຂ້ອຍວ່າເຊົາອັບເດດຈະດີກວ່າແທນທີ່ອັບເດດແລ້ວຈະດີຂຶ້ນແຕ່ນີ້ມີແຕ່ຈະແຍ່ລົງ,0,0,0,0.772964
ຄຄ5ຄຄ5ຄຄ5ຄຄຄ5ຄຄູຄຄ5ຄຄການຈັດການແຂ່ງຂັນກິລາບານເຕະໂລກຊາດລະດັບປະເທດແລະມີລູກດ້ວຍນ້ໍານົມທີ່ມີ,1,1,1,0.841915
ພໍດີ,1,1,1,0.830651
ຄຮິ,1,1,1,0.837514
ຫມາບໍແດກ ຊິໂອນເງິນເຂົ້າອອກກະບໍໄດ້,0,0,0,0.940421
ລົງທະບຽນຊິມບໍ່ໄດ້,0,0,0,0.954101
ຂໍໃຫ້ສົ່ງຮູບໄດ,1,1,1,0.750762
ພໍ່,1,1,1,0.749961
ຈະຮັກສາໄວ້,1,1,1,0.920032
ສັນຍານຍານບໍມີປານໄດ,1,1,1,0.647727
ຄໍາລູນສີ່ງມະໄລທອງ,1,1,1,0.892392
ໃຊ້ໄດ້ດີຢູ່,1,1,1,0.978185
ອັບເດດມື້1ຈັກເທືອ,0,0,0,0.895271
ຕ້ອງໂລດຕະຫຼອດຊ້ວງນີ້ກະເຂົ້າຍາກໆແກ້ໄຂດ່ວນ,0,0,0,0.955568
ໂທບໍ່ໄດ,1,1,0,0.880342
ເວນກໍາ,1,1,1,0.870918
ຂໍລາຍງານປັນຫາ ແອັບນີເນັດຊາແຮ່ງ ເພືອສິໃດເຂົາກະລໍຖາຈົນ4 5ນາທີ ແກ່ໄຂໄຫ້ແນ່ ມັນລິນຊາລາຍໂພດ ບ່າງເທືອກະເດັງອອກຈາກລະບົບກະແຮ່ງຍາກເພືອສິໄດເຂົາສູລະບົບໃຫມ່ນະ ເວລາລິນແອັບກະເຮັດຄືບໍມີເນັດ ຂະນາດເນັດເຕີມກະຍັງຊາບໍຄືແອັບອືນນະ,0,0,0,0.950508
ອັບເດດໄຫມ່ຄືລິ້ນຫຍັງກະບໍ່ໄດ້ວະກົດເບິ່ງຟັງກະຜິດຜາດຕະລອດສ່ວຍປັບປຸ່ງໄຫມ່ເດີ,0,0,0,0.974764
ນ້ອຍ ໄຊຍະສອນ,1,1,1,0.886776
ດີ ໂລດລະ,1,1,1,0.799521
ກໍາລັງສຶກສາຂໍ້ມູນ,1,1,1,0.892305
ເຂົ້າເບີ່ງຄອມເມັ້ນບໍໃດ້,0,0,0,0.684462
ດີມາກມາກໆເລີຍ,1,1,1,0.921195
ບໍ່ມີສະຕໍລີ່ເພັງໂຄດເສົ້າເລີຍ,0,0,0,0.749867
ໃຫ້ມີບໍລິການດີໆແບບນີ້ຕະຫລອດໄປ,1,1,1,0.809882
ນີເດັກຫົງ,1,1,1,0.847604
ບາງເທື້ອກະເຂົ້າແອັບບໍ່ໄດ້,0,0,0,0.984801
ຄືແຊ໌ຮບໍໄດ້ນະເຈົ້າຊ່ວຍປັບປຸງການແຊ໌ຮລົງເຟສບຸ໊ກໄຫ້ໄດ້ດວ້ຍນະ.,1,1,1,0.529357
ໃຊ້ໄດ້ດີແຮງແອັບນີ້,1,1,1,0.944197
ຢາກດາວໂລດ,1,1,1,0.755194
ແອບບ້າອີຫຍັງໃສ່ເບີຮງບຮ້ອຍແລ້ວເຂົ້າໄປລົງທະບງນເບີພັດວ່າເດັ້ງອອກເອງຕະຫລອດຄັນຊິໄດ້ສໍານີ້ກະຢ່າສູ້ເຮັດສາລໍາຄານ.,0,0,0,0.965106
ສາວມົ້ງມົວ,1,1,1,0.887435
ດີໆຄັບ,1,1,1,0.888309
ເປັນແອບທີ່ສົ້ນຕີນແຕກຍັງດີກ່ອນ,0,0,0,0.67954
ດີມາກໆເລຍ,1,1,1,0.949538
ໂຄສະນາຫລາຍໂພດ ກູໂຫລດແລ້ວ,0,0,0,0.904413
ຢາກຮູ້ວ່າເປັນຫັຍງຕ້ອງຈ່າຍຜ່ານແຕ່ທະນາຄານການຄ້າຖ້າຈ່າຍຜ່ານໄດ້ທຸກທະນາຄານຄຶຈະດີ,1,1,1,0.680697
ຂ ວາ ຂ,1,1,1,0.840442
ຢາກໃຫ້0ດາວແຕ່ໃຫ້ບໍ່ໄດ້ ປັບປຸງແນ່ເດີເຈົ້າ ເຂົ້າແອັບ ແລ້ວໃສ່ເບີໂທ ກົດຂໍລະຫັດ ແລ້ວແອັບເດັ້ງອອກ ຕະຫລອດ ລົບໂຫລດໃຫມ່ກໍ່ເປັນຄືເກົ່າ ຂ້ອຍໃຊ້ ໂທລະສັບ realme x2 android 11,0,0,0,0.990529
ເຮັດຈັ່ງໃດກະລົງບໍ່ໄດ້ ລະບົບເຫ້ຍຍັງສິຂໍດາວອີກໃຫ້ຊະດາວຫນຶ່ງຄັ້ນບໍ່ໃຫ້ກູກະຄອມເມັ້ນບໍ່ໄດ້,0,0,0,0.95989
ໃຊ້ໄດ້ແຕ່ເລືອກທລສ,1,1,1,0.828342
ລະບົບມັກລັອກບັນຊີໄວ້ຄວນປັບປຸງຈຸດນີ້,0,0,0,0.759795
ບໍ່ຜ່ານເດີ້ແຍ່ແຮງເພງສຕໍຣີ່ຫາຍໄປແກ້ໄຂໃຫ້ແນ່ເດີ້,0,0,0,0.770445
ປະຈໍາວັນ,1,1,1,0.860503
ມັນບໍ່ສາມາດສົ່ງກຸ່ມໄດ້ມີບັນຫາ,0,0,0,0.856133
ແອັບນີເປັນແອັບທີ່ດີສໍາລັບຂ້ອຍ,1,1,1,0.900118
ຕູ້ຍລະວັນ,1,1,1,0.859453
ກາກເກີນເຊື່ອມຕໍ່ບັນຊີບໍ່ໄດ້ໂຄດກາກສ້າງມາເພື່ອຖ້າເຊື່ອມໄດ້ມື້ໃດຂ້ອຍຈັງໂຫດຝາກໄວໃຫ້,0,0,0,0.941621
ພ້ນ,1,1,1,0.837514
ຈັກເປັນອີ່ຫຍັງກະບໍ່ຮຸ້ ໃສ່ລະຫັດໄປຮ້ອຍເທື່ອກະຍັງຢູ່ແຕ່ຫນ້າລົງທະບຽນຢຸ,0,0,0,0.945597
ອັບເດດແລ້ວຮ້າຍກວ່າຕອນບໍ່ອັບເດດຊ່ໍາແບບນີ້ອັບເດດເພື່ອ ?,0,0,0,0.92305
ນາງສີຄໍາ,1,1,1,0.92299
ມັກເຟດ,1,1,1,0.875685
ເປັນຫຍັງເວລາເຮົາແຊຮມັນລະເດັງອອກປັບປຸງໄຫ້ແນ່,0,0,0,0.916853
ຕຸມ.ຕີບ,1,1,1,0.853101
ແອັບໃຊ້ງານຊ້າ ກົດພິມຫຍັງກະບໍ່ຂຶ້ນໃຫ້ ພິມໄປແລ້ວເວລາກັບໄປຫນ້າແອັບອື່ນ ມັນໃຫ້ເລີ່ມຕົ້ນໃຫມ່ ປັບປຸງແດ່,0,0,0,0.951528
ຕິດຕາມມາໃຊ້ລະຄືບໍ່ເຫັນໄດ້ເງິນກາຕ້າ.ຫລອກກູແລ້ວແມ່ມຶງເອີຍ,0,0,0,0.814748
ຫຼີ້ນຊ້າ,0,0,1,0.512297
ຕ້ອງອັບເດດ,1,1,0,0.703905
ດີລາສ,1,1,1,0.913602
ຂ້ອຍມັກຫລ້າຍ,1,1,1,0.952791
ລົງທະບຽນເບີບໍ່ໄດ້ ຄືຍາກແທ້,0,0,0,0.97411
ເຂົ້າແອບບໍ່ໄດ້ໃຫ້1ດາວກອນ,0,0,0,0.978648
ຕັ້ງແອບຍາກໂພດ,0,0,0,0.758452
ເປັນແອບທີ່ດີຫລາຍສຸດຍອດເລີຍສະດວກງ່າຍບໍ່ຫຍຸ້ງຢາກອິກ,1,1,1,0.951221
ອາທິດວລະສານ,1,1,1,0.805975
ເຂົ້າຍາກແທ້,0,0,0,0.925403
ກະດີຢູ່.,1,1,1,0.916094
ມັກຕອບ ຄໍາຖາມ,1,1,1,0.823593
ດີໃຈທີ່ໄດ້ຮັບຮູ້ຜົນງານຈາກແອບນີ້,1,1,1,0.880202
ລົງທະບຽນບໍ່ໄດ້ ພັດທະນາແນ່ເດີ,0,0,0,0.961174
ຍັງບ່ທັນເລ້າເທີອ,1,1,1,0.722189
ສົມສິ,1,1,1,0.875719
ແອັບທີ່ປະເທດລາວ ສໍາລັບເຮົາແມ່ນ ເຮົາມັກຫຼາຍ .,1,1,1,0.911807
ເຕີມບັດກະບໍ່ໄດ້ ແກ້ໄຂ້ແດ່,0,0,0,0.980835
ແອັບສົນຕີ້ນ,0,0,0,0.596705
ດິທີ່ສຸດ,1,1,1,0.931013
ມາດົນໂພດ,0,0,1,0.647361
ລົງທະບຽນກະບໍ່ໄດ້ເຮັດເພື່ອຍັງ,0,0,0,0.973885
ເຂົ້າບໍ່ໄດ້ໂຄດເຮຍ,0,0,0,0.988088
ດີມາໆໆ,1,1,1,0.950604
ຂ້ອຍມັກນໍາໃຊ້ whatsappເພາະເປັນການສື່ສານທີ່ດີຫລາຍວ່ອງໄວ,1,1,1,0.974603
ລໄປຢູ່ບໍາຸູດອອກ,0,0,1,0.70628
ຮພຮດາ່ສຍເສະາແ,1,1,1,0.755482
ໃຊ້ດີມັກຫລາຍໆ,1,1,1,0.980351
ງາມຫຼາຍມັກຊົງເດີ,1,1,1,0.908788
ໂຄດບໍ່ດີເລີຍຫຼີ້ນກະບໍ່ໄດ້ດຽວຫຼີ້ນໄດ້ດຽວຄ້າງ,0,0,0,0.912808
ຊຊໍພກຍ ບ,0,0,1,0.835833
ເອີ້ນເປັນຊົ່ວໂມງກາບໍ່ໄດ້,0,0,0,0.933217
ຄິດວ່າຮັກ,1,1,1,0.885361
ແຊັດຟີຣໃດ້ນະ,1,1,1,0.819589
ສະດວກສະບາຍວ່ອງໄວໃນການໃຊ້ບໍລິການ ດີຫຼາຍ,1,1,1,0.987047
ຢູ່ໄນແອບນີ້ລະຄັກ,1,1,1,0.807406
ດີຫລາຍທີ່ໄຊບໍລິການແອບນີ້,1,1,1,0.955017
ລົງທະບຽນໄດ້ຫລືບໍ່ໄດ້ກະບໍ່ບອກ.ຄືຊີບໍ່ໄດ້ດອກພີ່ນ້ອງເອີຍ,0,0,0,0.947357
ມັນດີຫລາຍໄດ້ເນັດຟີອີກ,1,1,1,0.918564
ເປັນຫຍັງ ຢູ່ຊື່ໆກະແອັດໄປເອງ ເຊົາໆໆໆ,0,0,0,0.64267
ຂໍເທື່ອ1ອີ່ນ,1,1,1,0.586469
ດິດິດິ,1,1,1,0.873686
ຊິວິດຂໍໄຫ້ພົບສິງດີໆ,1,1,1,0.916342
ກັດ,1,1,1,0.790087
ຂ້ອຍແມ່ນຄົນລາວໃສຊັນຊາດລາວ,1,1,1,0.871887
bcel one ສຸດຍອດທີ່ສຸດ,1,1,1,0.957468
ຫລີ້ນຫຍາກຈະຕາຍ,0,0,1,0.563
ໃຫ5ເລີຍນະ,1,1,1,0.801293
ມັກເດັ້ງ ຄ້າງ,1,1,0,0.610953
ໂສກດີປີໃຫມ່,1,1,1,0.819686
ມັກເດີ,1,1,1,0.837452
ເກມງູ,1,1,1,0.824358
ປິດສາຖ້າເຂົ້າລະເລ້ງນ່ະບໍ່ລົງດອກຊຶ້ເບີໃຫມ່ຍັງດີກວ່າ,0,0,0,0.78452
ຂໍບໍກິນເງິນໄດ້ບໍ,1,1,1,0.567438
ບໍ່ແມ່ນວ່າຂ້ອຍຕິເດີ່ລົງທະບຽນຮັນກະຍາກໂພດຄັນຢາກໄຫ້ຄົນໄຊ້ຫລາຍກ່ອນນີ້ກະເຮັດແບບຢູນີເທ່ວແດ່ເດີ່ລົງທະບຽນໄຫ້ງ່າຍຫນ້ອຍຫນື່ງແດ່ອັນນີ້ຖ່າຍກະຈັບສໍາມະໂນຄົວຄັນມົວຫນ້ອຍຫນື່ງກະບໍ່ໄດ້,0,0,0,0.912005
ດີເດີອັນນີ້ໂທຄຸຍກັບຜູ້ບ່າວແຊັດກັບຜູ້ບ່າວໄດ້ນໍາດີໆ,1,1,1,0.789617
ເຊີນມູໃຊ້ບໍໄດ້,0,0,0,0.810904
ຄືວ່າມັນອັບເດດທຸກມື້ແທ້,0,0,0,0.651123
"ສະດວກ,ວ່ອງໄວ,ທັນໃຈ,ທັນໂລກ. ຂອບໃຈ",1,1,1,0.97636
ຈິງຈິງ,1,1,1,0.880297
ບໍ່ເຂົ້າໃຈຄືໄດ້ອັບເດດຕະຫລອດ,0,0,0,0.959347
ດີໄຊ້ໄດ້ແລະມີປະໂຫ່ຍດຫລ່າຍ,1,1,1,0.922088
ໄມ ຈົງ,1,1,1,0.846825
ອັນດັບ1ຂອງໂລກກໂຊຊຽວລະແລະ,1,1,1,0.855113
ດີເຍື່ອມ,1,1,1,0.813855
ແອ໊ປຄືສົ້ນຕີນນິຍັງເອົາມາຂາຍ,0,0,0,0.656713
ຢາກໃຫ້ສ້າງໂປຣແກມລົງທະບຽນໃຊ້ສະກຸນເງີນusdໂດຍຕົວເອງ,1,1,1,0.658485
ຊ່ວງໂຄວິດແບບນີ້ຢູ່ບ້ານກໍ່ສາມາດຊື້ເລກໄດ້ ຢ່າລືມໃສ່ລະຫັດ 93307589ເດີ້,1,1,1,0.599175
ການຄົນຫາສະຖານທີແຊັດຕໍ່ກັນ ບອນຢູ່ຂອ້ງເພືອນລິນແອັບນໍາກັນ,1,1,1,0.824126
ໃຊ້ດີມາກນີ້,1,1,1,0.986512
ປະສົບການບໍ່ທັນມີ,1,1,1,0.798032
ລົບຂອ້ງບໍ່ທືກ,1,1,1,0.532749
ດີຄ່ະ,1,1,1,0.87306
ໃຊ້ຈິງສະດວກສະບາຍໃຫ້10,1,1,1,0.975365
ຂໍໃຫ້ຖືກ400ລ້ານແດ່,1,1,1,0.858737
ຍາກຄົບແມ່ຮ້າງ,1,1,1,0.544744
ຂໍໃຫ້ນ້ໍາໃຊ້ໄດ້ຢ່າງປົກກະຕິແດ່ເດີກັບແອັບອັນນີ້,1,1,1,0.723891
ສຸດ ຍອດ,1,1,1,0.905962
ເຂົ້າລະບົບຄືຍາກແທ້ທັງທີຮູ້ອີເມວຮູ້ລະຫັດຍັງຕ້ອງຕ້ອງຄ່ານັ້ນນີ້,0,0,0,0.800202
ດີດີດີດີດີດີ,1,1,1,0.934918
ເອັປຄວາຍໃຊ້ຫຍັງບໍໄດ້ ຢ່າໂຫລດເດິ ລົງທະບຽນເບີຄວາຍ ບໍເຫັນຊິສົ່ງລະຫັດມາ,0,0,0,0.980034
ສະດວກໃນການໃຊ້ເງີ່ນແບບງ່າຍໆ ລື່ຟັງເພງຕ່າງໆ,1,1,1,0.92456
ມັກຫລາຍໃຊ້ງ່າຍສະດວກວອ່ງໄວ,1,1,1,0.980654
"ການບໍລິການຍັງບໍ່ດີພໍ, ການສະມັກຫລັງຈາກຖ່າຍພາບໃບຫນ້າແລ້ວ. ລໍຖ້າເປັນຊົ່ວໂມງແຕ່ກໍບໍ່ຜ່ານ. ມັນແມ່ນຫຍັງແດ່ເຫດຜົນທີ່ບອກວ່າກະລຸນາລໍຖ້າ.",0,0,0,0.891417
ຕອງ້ການຄົນຈິງໄຈ ໄນຊີວິດ,1,1,1,0.91502
ຄືບໍ່ໄດ້ດາຕ້ານໍາເຂົາກົດຫຍັງກະບໍ່ໄດ້ແກ້ໄຂໃຫ້ແນ່ເດີ້,0,0,0,0.994452
ສະດວກສະບາຍຫາຍ,1,1,1,0.985246
ໄວກວ່າເກົ່າ ໃຊ້ງ່າຍກວ່າເກົ່າ,1,1,1,0.511875
ດີຫລາຍ ຊ່ວຍແຈກເນັດແນ່ ແລກໆຄືໄດ້ດີແທ້ ດຽວນິຫລິນທຸກມື້ກະຍັງບໍ່ໄດ້,1,1,0,0.530343
ໂຫລດຂໍ້ມູນຊ້າໂພດ,0,0,0,0.706438
ຄໍາພອນ,1,1,1,0.918105
ວັນທີ30 5 2025ເຂົ້າບໍ່ໄດ້,0,0,0,0.969793
ຄໍາຮັກ,1,1,1,0.948375
ນັກສະເກ,1,1,1,0.878936
ດີແຮງຢາກກິນຫຍັງກໍສັ່ງເອົາ,1,1,1,0.515805
ໃຊ້ດີແຕ່ດຽວນີ້ເງິນບໍ່ເຂົ້າແຕ່ຂໍ້ຄວາມເຂົ້າມັນເປັນຫຍັງ?,1,1,0,0.875824
ສົ່ງຂໍ້ຄວາມສຽງບໍ່ໄດ້ຍິນ,0,0,0,0.862296
ເລ່ນໃດ້ ເກືອບ5 ປີແລ້ວຈຮາ,1,1,1,0.762351
ໃຊ້ງານດີແຕ່ໃຫ້ອັບເດດ ຕະຫລອດ,1,1,0,0.582295
ດີຫລາຍແອປ໌ນີ້,1,1,1,0.971735
ຖືກດາຕ້າຕະຫຼອດ,1,1,0,0.620325
login ແລ້ວໃຊ້ເວລາໂຫຼດຫນ້າຫຼັກດົນໂພດ. ຄວນປັບປຸງ,0,0,0,0.825918
ດີໆ.ດີທີ່ດີ,1,1,1,0.970975
ຄືໂລດຊ້າແທ້ໆ,0,0,0,0.631005
ບໍ່ສົ່ງotp ໃຫ້ ບໍ່ໄດ້ເລື້ອງເລີຍ ປິດຊະແອັບແບບນີ້,0,0,0,0.958673
ຖືກເລກໄດ້ເງິນໄວດີເຈົ້າ ຢ່າລືມໃສ່ລະຫັດແນະນໍາ 77970704 ນີ້ເພື່ອຮັບເງິນ ຄືນເດີ່ເຈົ້າ,1,1,1,0.71956
ແຊບໍ່ໄດ້ ແກ້ໄຂແນ່ ຖ້າຍັງບໍ່ແກ້ໄຂຈະບໍ່ໃຊ້ແອັບນີ້ແລ້ວ,0,0,0,0.967727
ໃຊ້ລາວແອບ ນີ້ມີປະໂຫຍດຫລາຍທຸກໆຄົນພາຫມູ່ຄູ່ມາໃຊ້ກັນຫລາຍໆເດີ ໃຊ້ແອບນີ້ສຸດຄຸ້ມ.ດີແທ້ແນ່ນອນ,1,1,1,0.909754
ພອນຂຽນລາວລາວ,1,1,1,0.856678
ໄດ້ໃສ່ເບີໂທ ຕັ້ງລະຫັດໃຫມ່ທຸກຄັ້ງ,0,0,0,0.630481
ໄວ. ງ່າຍດີບໍ່ຫຍຸ້ງຍາກແຕ່ອາຫານຍັງບໍ່ຫລາຍເຍື່ອງ,1,1,0,0.68415
ອັບເດດໃຫມ່ໃຊ້ງານບໍ່ດີ,0,0,0,0.936506
ຊ້ານີ້ພໍ.ລາວແອບໃຊ້ບໍ່ດີປານໃດ,0,0,0,0.742133
ຊ່ອຍການຈາກຄວາມທຸກຍາກຂອງບາວສາວນ້ອຍທີ່ບໍ່ຊາ່ງຫາເງີນ,1,1,1,0.762204
ຂອ້ຍມັກແຮງເຟສ,1,1,1,0.906433
ຮັກສາໃຫ້ຢ່າງດີຕໍ່facebook,1,1,1,0.928318
"ໄຊ້ດີມາດ,",1,1,1,0.979162
hvທ່,1,1,1,0.837514
ນຸຍ,1,1,1,0.829523
ໂພໄຊ,1,1,1,0.837514
ດີອີຫລີ ມະລ໊ອງກ໊ອງແກ໊ງມະນອງມະແນງມັບ,1,1,1,0.887947
ໄດ້ຮູ້ຈັກຫມູ່ຫລາຍໆຄົນ,1,1,1,0.889397
ຂ້ອຍບໍມີຄວາມຮູ້ປະສົບການ້ອຍບໍຂໍເວົ້າເດີຂອບໄຈ,1,1,1,0.950139
ຕິດບໍ່ໄດ້,0,0,0,0.981568
ໄຊ້ງ່າຍວະດວກດີ,1,1,1,0.971999
ນນນາ,1,1,1,0.875793
ສຸກຍອດ,1,1,1,0.918353
ສົມພານ,1,1,1,0.866144
ສັນຍານກະດີແຕ່ເຂົ້າບໍ່ໃດ້ປັບປຸງແນ່ຄັນແອັບຍັງມີຕົວຕົນຫ່ວຍແຕກ,0,0,0,0.964788
ໃຊໄດ້ດີຫລາຍ,1,1,1,0.984233
ດີຫຼາຍໃຊ້ງານກໍໄດ້ດີ,1,1,1,0.950956
ມັນບໍ່ມີບ່ອນຄົ້ນຫາ,1,1,0,0.811282
ມັນດີອີ່ຫຼີ,1,1,1,0.875946
ໄດ້ຫຼາຍແອັບ,1,1,1,0.784639
ແອັບກະກາກໂພດເຕີມເງິນກະບໍ່ໄດ້ບອກຜຶດນັ້ນຜຶດນີ້ຢູ່ໂອນເງິນກະບໍ່ອອກອີກ,0,0,0,0.981724
ເສຍເງິນຕະຫຼອດຫຼິມເກມກະຍາກຫໂຫຼດຫັນໂຫຼດນີຢູ່ຕອນສະຫນັກໃຫນໆຫຼິນໂຄດງາ່ຍເລີຍບໍ່ເຂົ້າໄຈເວບໃຫ່ຍວ່າຊັ້ນເດະ,0,0,0,0.887757
ຂອບໃຈທີ່ສ້າງແອັບດີໆໄຫ້ໄຊ້,1,1,1,0.935439
ຮັກດຽວໄຈດຽວ,1,1,1,0.82088
ກະລຸນາປັບປຸງແດ່ເດີ້,0,0,0,0.831334
ຖືວ່າດີຫລາຍ,1,1,1,0.961987
ແອັບໃຊ້ດີມາກ,1,1,1,0.958222
ດີ.ໆເຫັນເພື່ອນຫລາຍໆຄົນກັບຄວາມລູກມາກມາຍ,1,1,1,0.806286
ເຂົ້າແອັບກະບໍ່ໄດ້ເດັ້ງອອກຢູ່,0,0,0,0.996685
ໂອນເງີນບໍ່ໄດ້ແກ້ໄຂໃຫ້ດ້ວຍ,0,0,0,0.953716
ຕ້ອງການເຂົ້າທີສຸດ,1,1,1,0.85388
ສະດວກໃນການໃຊ້ປະຈໍາວັນບໍ່ຫຍຸ້ງຍາກປະກອບເອກສານວອ່ງໄວທັນສະໄຫມ່,1,1,1,0.808441
ບໍ່ຕ້ອງລົບ ລົບ,1,1,1,0.634901
ປະທັບໃຈແຮງຫລາຍເຈົ້າ,1,1,1,0.841983
ມິນສິນເຈິງ,1,1,1,0.866824
ສຸດປະທັບໃຈ,1,1,1,0.871533
ແອບjdbປ່ຽນຮູບບໍ່ໄດ້,0,0,0,0.943525
ຮ້ກນອ້ຍໆແຕ່ຮັກນານໆ,1,1,1,0.882477
ໂຫລດມາກະຕັ້ງຫຍັງບໍ່ໄດ້ເຂ້າໃຊ້ງານບໍ່ໄດ້ຊໍ້າເສີຍເງິນໂຫລດມາຊື່ໆ,0,0,0,0.977194
ແອບນີ້ມັກໄຊ້ທີ່ເພາະໄຊ້ງ່າຍພາບດີ,1,1,1,0.911693
ຮຍາອກິນສອຫ,1,1,1,0.732723
ຢູ່ກັບຄ ຄສູ້ເຜືອລຸກ,1,1,1,0.827521
"ປະສົບການຫລີ້ນໂທລະສັບ3ປີface book, whats ap",1,1,1,0.920731
ດູດີຂື້ນຈີງໆ,1,1,1,0.902299
ກວດສອບແດ່ເຂົ້າບໍ່ໄດ້,0,0,0,0.967515
ໃຊ້ງານຍາກ ໂຫຼດຊ້າ ເຂົ້າໃຈຍາກ ເປັນງົງໆ .,0,0,0,0.879325
ແອັບໃຊ້ງ່າຍ ສະດວກສະບາຍ,1,1,1,0.981549
ໃດ້ຢູ່,1,1,1,0.834867
ຕອນນີ້ຄືອັບເດດແລ້ວວ່າເວັບຊັ້ນເກົ່າພໍກົດຕົກລົງອອກຈາກລະບົບເລີຍງຶດ,0,0,0,0.899123
ມີປັນຫາຕະຫລອດ,0,0,0,0.838977
ລົງແນວໃດວະ ຍາກຕາຍແທະກົດເຂົ້າໃປລົງທະບຽນບໍ່ເຫັນຂື້ນຫ່າຫຍັງ,0,0,0,0.97628
ສະນຸກມາຄັບ,1,1,1,0.906974
ເອື້ອຍໂຈະ,1,1,1,0.869501
ໃຊ້ສະດວກສະບາຍທັນໃຈມັກຫລາຍ,1,1,1,0.991165
ປັບປຸງໃຫມ່ເດີຫວຍແຕກແອບແບບນີ້ບໍ່ຈະເລີນນໍາເຂົ້າຈັກເທື່ອແລະຖ້າຍັງເປັນແບບນີ້,0,0,0,0.95259
ມີຄວາມສະດວກສະບາຍ,1,1,1,0.989417
ດີທີ່ສຸດພູມໃຈຫລາຍທີ່ມີແອັບນີ້,1,1,1,0.953887
ປະສົບການຍັງບໍ່ທັນສູງເທົ່າທີ່ຄວນ,1,1,1,0.735766
ໄມ້ວືອື,1,1,1,0.718575
ແອັບຯນີ້ແມ່ນໃຊ້ກ່ຽວກັບບັນຊີທະນາຄານການຄ້າ ໃນລະບົບ ມືຖື samsung,1,1,0,0.52035
ດີຫລາຍສະດວກແລະປອດໃພລົດກະມີຫລາຍບໍ່ຕ້ອງຖ້າດົນ,1,1,1,0.904364
ຕິດຕາມແນ່,1,1,1,0.816596
ການໃຊ້ວັນທີພັດທະນານີ້ແລ້ວບ້ານມີແລ້ວ,1,1,1,0.712764
ອັບເດດໃຫ່ມຄືບໍ່ມີບ່ອນເອົາດາຕ້າແກ້ໄຂແນ່ເດີ,0,0,0,0.973484
ແກ້ໄຂດ່ວນເຂົ້າແອັບບໍ່ໄດ້,0,0,0,0.997261
ສະດວກແລະເຫນາະກັບຄົນທີ່ບໍ່ສາມາດອອກໄປຊື້ເອງ,1,1,1,0.664338
ດີຂະນາດເລີຍ,1,1,1,0.829697
ມຸຍສົມພອນ,1,1,1,0.881057
ສໍາລັບໃຜເຂົ້າຫນ້າແອັບບໍ່ໄດ້ແມ່ນລົບແອັບແລ້ວດາວໂຫລດໃຫມ່ ເຂົ້າສູ່ລະບົບໃຫມ່,1,1,0,0.966919
ແກ້ໄຂແດ່ເດີ້ ແອັບນິ ພໍເຂົ້າລະຫັດກາເດັ້ງອອກ ຄືເກົ່າ ບໍ່ເຫັນໃຊ້ງານໃດ້ຊ້ໍາ ປ່ອນລະຫັດປ່ອນແລ້ວປ່ອນອີກກາຍັງບໍ່ໃດ້,0,0,0,0.990044
ນິດດາວອນ,1,1,1,0.863865
ທ.ມູໄຊ ຄອນສະຫວັນ,1,1,1,0.867746
ຂ້ອຍມັກຈະເປັນໄປໄດ້ເພື່ອໃຫ້ໄດ້ຮັບຜົນດີຕໍ່ການຕ້ອນຮັບຈາກທັງຫມົດສໍາລັບການໃຊ້ເວລາ,1,1,1,0.899428
ຕອນນີ້ຂັດຂອ້ງ,1,1,1,0.630105
ແກ້ວລາວລີ,1,1,1,0.869353
ໄວ້ໃຈແດ່,1,1,1,0.844727
ຢາກໃຫ້ປັບປຸ່ງໂພດຂອງເພື່ອນອັດໂຕມັດຕິກ,1,1,1,0.53125
ຊາຍນ້ອຍສາລີວັນນະລາໃນ messenger,1,1,1,0.872041
ນໍາ້ຖວ້ມຕະລາດສາລະວັນ,1,1,1,0.84327
ເຄີຍມີຄວາມເຫັນວ່າດີ,1,1,1,0.848312
ແອັບກະຈອກ,0,0,0,0.633129
ແອປດີມາກ,1,1,1,0.969934
ໃຫ້ອັບເດດຕະຫລອດ ລໍາຄານນນ,0,0,0,0.924277
1. ຄົນຂັບມັກແຊ່ເລນຊ້າຍ ແລະ ໃຊ້ມືຖືຂະນະຂັບ 2. ລະບົບຍັງຫລ້າຊ້າຫລາຍໃນເລື່ອງໂປຣແກມແຜນທີ່ 3. ຍັງກະຈາຍໄດ້ບໍ່ທົ່ວເຖິງ,0,0,0,0.636204
ສັນໄຫ້,1,1,1,0.870841
ແອັບດຽວນີ້ໃຊ້ງານບໍ່ໄດ້ເລີຍ ຫມຸນເປັນຊົ່ວໂມງຍັງບໍ່ມີຫຍັງເກີດຂື້ນເລີຍ ແກ້ໄຂດ່ວນ,0,0,0,0.989763
ບໍ່ມີການແຈ້ງເຕືອນຄົນໂທເຂົ້າກະບໍ່ແຈ້ງເຕືອນຄັນບໍ່ເຂົ້າເບີ່ງແມ່ນບໍ່ຮູ້ແທ້ວ່າໃຜໂທຫຼືແຊັດມາ,0,0,0,0.958252
ຄ່ອຍໃຊ້ໄປກ່ອນນະ,1,1,1,0.602418
ໄຫ້5,1,1,1,0.882094
ປ່ຽນລະຫັຍາກ,0,0,0,0.653623
ກາກແຮງເດີ ເຂົ້າຫຍັງກະເຂົ້າບໍ່ໄດ້,0,0,0,0.988725
ເສີດສາຍເລາະ,1,1,1,0.812205
ດີຫຼາຍມັກຫຼາຍ,1,1,1,0.983886
ຄັກ555,1,1,1,0.87841
ໃສດີເດັ່ນໃນການປະຢັດອິນເຕີເນັດ . sak da .,1,1,1,0.829225
ໄດ້ຈິ່ງ,1,1,1,0.80372
ຊ້າຫລາຍແຮງອັບເດດແຮງຊ້າ,0,0,0,0.904498
ຂວັນເຮື້ນງວິລາ,1,1,1,0.82618
ໄອດໍ,1,1,1,0.837514
ແອບນີ້ສຸດຍອດເລີຍຂໍໃຫ້ສົ່ງດາຕ້າມາຕະຫຼອດເດີແລ້ວຊິໃຫ້ອີກດາວ,1,1,1,0.683893
ເປັນຫຍັງຄືເດັ້ງອອກຕະຫລອດ,0,0,0,0.967905
ບາງເທື່ອກະຂຶ້ນຄືບໍ່ມີເນັດທັງທີ່ສັນຍານກະປົກກະຕິ ຫມຸນສິເປັນຊົ່ວໂມງກະຍັງຈິເຂົ້າບໍ່ໄດ້,0,0,0,0.964391
ດີຂັບ,1,1,1,0.855915
ຖືໄຈ,1,1,1,0.840344
ໃນໃຈສະເຫມີ,1,1,1,0.874211
ເຂົ້າໄປລົງທະບຽນບໍ່ໄດ້ຈັກເທື່ອເດັ້ງອອກຕະຫຼອດ,0,0,0,0.997036
ມຸດອາຍຸ,1,1,1,0.774443
ຂ້ອຍມັກແຝນສບຸກນີ້ ເພື່ອທຸກຄົນທີ່ມັກ,1,1,1,0.932054
ແອັບນີ້ໃຊ້ແລ້ວດີຫຼາຍ,1,1,1,0.948001
ມັນແມ່ນແນວໄດເຟສບຸກນິມຶ່ງຊິປິດບັນຊີກູເພື່ອຫຍັງກູມີຂໍ້ມູນຢູ່ຫັ້ນຫລາຍຢ່າງກູມີແນວສໍາຄັນຕ້ອງໄຊ້ສູຊິແກ້ໄຂ້ລະແກ້ໄຂເດີ,0,0,0,0.573435
ຝົນເດືອນຫ້າ ເພັງ,1,1,1,0.709474
ປະສົບການບໍ່ ມີຮູ້ແຕ່ເບີ່ງ,1,1,1,0.728814
ໂຄ້ດດີ ຖ້າບໍ່ອັບເດດແອປ ແຮງຊິດີ,1,1,0,0.708947
ທຸກໆເວລາ,1,1,1,0.748187
ມີຄວາມສໍາຄັນຫລາຍໃຊ້ໃນຊີວີດປະຈໍາວັນ,1,1,1,0.919599
ໂຫລດໄວໆ,1,1,1,0.725591
ໄຫ້ຫຼາຍໆແນ່ເນັດນ່ະຍາກັດຫຼາຍ,1,1,1,0.674196
ຕັ້ງແຕ່ອັບເດດມາ ມີແຕ່ແນວຊ້າ ແນວໃຊ້ງານບໍ່ໄດ້ ເຕັ້ມໄປຫມົດ,0,0,0,0.963518
ຕາມສະບາຍ,1,1,1,0.955886
ດີຫລາຍແທ້,1,1,1,0.954759
ໂຄດກາກເຈົ້າກະຫຍາກ,0,0,0,0.823682
ໃຊ້ດີບໍ່ມີຂັດຂ້ອງ,1,1,1,0.503217
ຂ້ອຍຢາກໃຊ້ແອັບນີ້,1,1,1,0.880061
ເບຍລາວ ເປະ ອາ,1,1,1,0.853876
ເບີ່ງບໍ່ໄດ້ ໂຄດກາກກ,0,0,0,0.976735
ພົງສະຫວັນສະພັນທະວົງລາວແອບ,1,1,1,0.861956
ແມ໋ຕູ,1,1,1,0.837514
ຢາກປອມໄພ,1,1,1,0.819761
ດີຫລາຍ.ມ່ະຫະສ່ະຈັນສັງຄົງຍູ່ໃສກະເວ້ານໍາກັນສບາຍໆໃຫ້ໄປເຕັມໆ,1,1,1,0.938739
ຄືເຂົ້າບໍ່ໄດ້,0,0,0,0.996529
ທະນາຄານການຄ້າໂອນເຂົ້າບໍ່ໄດ້.,0,0,0,0.96002
ມັນຂີ້ຮ້າຍກວ່າເກົ່າແທ້,0,0,0,0.711422
ດາວໂຫລດເພື່ອຕິດຕັ້ງໄດ້ແຕ່ເປີດບໍ່ໄດ້,0,0,0,0.838616
ຜູ້ຕິດຕາມ,1,1,1,0.885109
ດີແລ້ວພໍໃຈ,1,1,1,0.86856
ດີມາກໆສະບາຍໃຈ,1,1,1,0.980815
ສະບາຍດີລະບົບທາງທະນາຄານຫລຶລະບົບໂປຮແກຼມເລືອກໂທລະສັບໃນການໂຫລດແອັບມາໃຊ້ບໍ່ຕອນນິໂທລະສັບຂອງຂ້ອຍລະບົບລົ້ມໄປຫມົດເຂົ້າແອັບກະບໍ່ໄດ້,0,0,0,0.943445
ເຂດທາດຫຼວງແລະເຂດປະຕູໄຊນິ ເອີ້ນລົດຍາກເປັນພິເສດເດີ້ ໂດຍສະເພາະເຂດທາດຫຼວງນິເອີ້ນລົດເປັນຊົ່ວໂມງກວ່າຊິມາ ສ່ວນເຂດປະຕູໄຊກາບອກຈຸດຄົນຢູ່ຜິດອີກ ຢາກຈະໃຫ້ປັບປຸງເລື່ອງເອີ້ນລົດເປັນພິເສດນິ ເອີ້ນເທື່ອໃດ ລະພັດວ່າເປັນຊົ່ວໂມງກວ່າຈະໄດ້ລົດ.,0,0,0,0.869861
ຍັງກາກຫຼາຍ,0,0,0,0.685241
ສັ່ງຕັ້ງແຕ່5ໂມງຈົນ7ໂມງລະຍັງບໍ່ມາປານີ້ສັ່ງທຸກເທື່ອຊ້າທຸກເທື່ອ,0,0,0,0.853728
ເປັນການຊື່ສານທີ່ດີ ເກັບຄວາມລັບໄດ້ດີ ແຊັດກັບຫມູ່ເພື່ອນ ຢູ່ເຟດສດີຫລາຍ,1,1,1,0.935333
ອັບເດດໄວແດ່ອາຫລົງຟ້າວຈິ,0,0,0,0.576851
ນາງດາວັນ ປັຍາແກ້ວ,1,1,1,0.850945
ລົງທະບຽນໄດ້ເທື່ອດຽວແກ້ໄຂດ່ວນ,0,0,0,0.905989
ແອບກາກຫຼາຍເຂົ້າກະບໍ່ໄດ້,0,0,0,0.991155
ເປັນປະສົບການທີ່ດີ ເລື່ອງອຸບປະສັກຕ່າງໆຂອງຊີວິດທີ່ຜ່ານມາ.,1,1,1,0.949023
ຄືບໍ່ມີບ່ອນຟັງເພງຮ່ວມກັນນະເຮັດຈັ່ງໃດ,0,0,0,0.710943
ປະສົບການທຸກຢ່າງກໍາລັງຮຽນຮູ້,1,1,1,0.965539
ມວນຄັກແລະໃດດາຕ້າຟີ ງາຍແຄ້ດາວໂຫຼດແອບນີມາເທົ້ານັ້ນໂຫຼດເລີຍທຸກຄົນ,1,1,1,0.673044
ດີໄວໆ,1,1,1,0.875886
ທ້າວ.ສີບຸນເຮືອງ ເຫິນສີຫາວົງ.ບ້ານສະຜ່າຍ,1,1,1,0.875705
ເຄີຍຊັກວ່າມາກອ່ນ,1,1,1,0.775825
ຮັກເຂົ້າ ເຈົ້າໃຈບ,1,1,1,0.702726
ໃຫ້ອັບເດດແຕ່ບໍ່ຂື້ນໃຫ້ອັບ,0,0,0,0.832381
ເປັນປົກກະຕິ,1,1,1,0.727062
ຕິດຕັ້ງແລ້ວໄວໆແນ່,1,1,1,0.570678
ສະດວກ,1,1,1,0.982139
ຂໍໃຫ້ໄດ້ນໍາໃຊ້ແອັບໄດ້ຍາວນານອີກຕໍ່ໄປ,1,1,1,0.81395
ເຮຍ,1,1,1,0.838723
ໃຊ້ບໍ່ໄດ້ເລື່ອງເຂົ້າລະດິ້ງອອກ,0,0,0,0.972973
ອັບເດດຕະຫຼອດງົງ,0,0,0,0.94705
ແອັບມີບັນຫາຕະຫລອດ ເຂົ້າຍາມໄຫລ ກະອັບເດດຍາມນັ້ນ ເວລາຈະໂອນເງີນໃສ່ເບີໂທກະຍາກເປັນແມ່ມັນອີຫຍັງ ແກ້ໄຂແນ່ ຄ,0,0,0,0.989795
ລົງທະບຽນໃນແອບແລ້ວກະເຮັດຫຍັງບ່ອໄດ້,0,0,0,0.857939
ຢາກໄຫ້ປັບປຸງດີກ່ວານີ້ນະເວລາເຂ້າໄປຫມູນຫມູນໄປຖືກຊອ້ງດາຕ້າແລ້ວກະຄ້າງເລີຍບໍໃດ້ຫັຍງແລະເບີງວີດີໂອບໍໃດ້,0,0,0,0.83995
ອັບເດດແຜນທີໃຫມ່ແນ່ເກົ່າແຮງເອີນລົດກະບໍ່ມາ,0,0,0,0.946634
ເປັນຫຍັງຄືເຕີມເງີນໃນແອັບຫລືໂອນເງີນໃນແອັບມັນບອກວ່າເບີບໍ່ຖືກຕ້ອງ ທັ່ງທີ່ເບີກະຖືກແລ້ວ,0,0,0,0.905228
ຂ້າມພະເຈົ້າຂໍຂອບໃຈ,1,1,1,0.921055
ສົງຂ່ຄວາມກ່ບ່ໄດ້ຂີ້ລ້າຍຕາຍແທ້,0,0,1,0.514057
ຄັກໆ,1,1,1,0.914079
ແອັບເຂົ້າບໍ່ໄດ້,0,0,0,0.997293
ລາຄາແຮ່ງເກີນໄປ,0,0,0,0.612483
ຮາຮຍ່ອາສສ,1,1,1,0.851949
ຕາຍສ່ະ ໃຊ້ງານບໍ່ໄດ້,0,0,0,0.963756
ຫລີ້ນເກມບໍ່ໄດ້,0,0,0,0.826976
ໃຊ້ງ່າຍແລະໄວ້ດີມັກຫລາຍ.ຊ,1,1,1,0.967502
ຢ່າໄດ້,1,1,1,0.808226
ຂ້ອຍຜູ້ນືງທີອັບເດດແລ້ວແຕເຂົາບໍໃດ້ຈັກເປັນອີຫຍັງໄພເປັນນໍາແນ່ໂຄດແຍ່ເລີຍຖ້າໄພເຫັນເມັນນີ້ຢາເດິຢາອັບເດດເລີຍເດີດຽວມັນສິເຂົາບໍໃດ້ຄືຂ້ອຍຢາອັບເດດເລີຍເດີລິນແອບເກົ້າຫັນດີແລ້ວ,0,0,0,0.889592
ສາທຸສາທຸສາທຸ,1,1,1,0.862994
ມັກຫຼາຍວ່ອງໄວດີ,1,1,1,0.962188
ໃຊ້ໄດ້ດີຂຶ້ນແລະເປັນປະໂຫຍດທີ່ດີເລີດ.,1,1,1,0.936496
ພີມ,1,1,1,0.846364
ເປັນເລື່ອງທີ່ດີຫຼາຍ,1,1,1,0.947319
ສຸດຍອດແຕ່ຜົນເສຍຄືໄຜສົ່ງຫຍັງມາບໍ່ທັນເບິ່ງກະບັນທຶກເຂ້າໄນທລສລະ,1,1,0,0.503129
ມັກທີ່ສຸດ.,1,1,1,0.930115
ສຸຫນຸກດີ,1,1,1,0.893338
ຮັກດ່ຽວ,1,1,1,0.902681
ປັບປຸງຂໍ້ຄວາມສຽງແນ່ຈັກເປັນຫ່າພິສັງສຽງຄືຢາກຕາຍນິເວລາສົ່ງສຽງ,0,0,0,0.816972
ເນັດຫຼັກ7ກາກຫຼາຍຫາຍຕະຫຼອດຄວນປັບປຸງແນ່,0,0,0,0.926372
ເຂົ້າແອບບໍ່ໄດ້ແກ້ໄຂແດ່.ຢາກເລ່ນແລ້ວແກ້ໄຂດ່ວນ,0,0,0,0.990205
ອັບເດດໃຫມ່ຄື່ເຂົາບໍ່ໄດ້,0,0,0,0.985052
ອີ່ນ່າ,1,1,1,0.815251
ຂາດບໍ່ໄດ້ບໍໄດຂາດແອັບນີ້ດີຫລາຍ,1,1,0,0.523196
ນ້ອຍກິດລອຍໄຊ,1,1,1,0.844122
ແອັບເກົ່າຫລີ້ນງ່າຍແຕ່ອັບເດດໄຫ່ມແຕ່ໃຊ້ແອັບບໍ່ຄືເກົ່າຢາກໄດ້ແອັບແບບເດີມດີກ່ວາ ອັບເດດໄຫ່ມເຊີນເພື່ອນກະຍາກຫລີ້ນກະຂັດໆຄາ,0,0,0,0.888392
ແອັບພໍ່ແມ່ມື່ງຄິດອອກມານໍາໃສ່ຕີບໍ່ການແກ້.ຂອບຂຸ້ມແຕມີການອັບເດດເປື່ອງເນັດກູ້ລາ່ບັກພະລິດມື່ງສີຄວາຍແມ່ມື່ງຕາຍ,0,0,0,0.777375
ຍີ ມຕຶຍ,1,1,1,0.852422
ໃຊ້ບໍ່ໄດ້ປອນລະຫັດໃສລະເດັ່ງອອກ,0,0,0,0.963221
ແອັບຂີ້ກະຕຶກໃຫ້1ດາວດີລະ ແອັບຮູຂີ້,0,0,0,0.794588
ຂ້ອຍປ່ຽນໄປໄສ່ໂທລະສັບໄຫມ່ລະຂ້ອຍຫຼົງແຕະເຂົ້າໂຫມດກະເປົ່າແລ້ວອອກບໍໄດ້,0,0,0,0.759586
ໃຊ້ດີສະດວກສະບາຍດີ,1,1,1,0.995742
ໂຄງການນິບໍ່ມີຜົນເສຍຕໍ່ກັບຊີວິດok?,1,1,1,0.693734
ເຕີມເງິນຫລັກ7ຍາກ18 3 024,0,0,0,0.559329
ການສືກສາບໍມີ,1,1,1,0.845169
ດີທີ່ມີແອັບນີ້ໃຊ້ສະດວກໂທກະງ່າຍ,1,1,1,0.953753
ໄສ່ດີລາຍ,1,1,1,0.937868
ຜູ້ ເຂົ້າ ຊົມ ທັງຫມົດ,1,1,1,0.630697
ບໍ່ຫລີນເຟສ,1,1,1,0.766582
ຫຼາຍສົມຄວນ,1,1,1,0.886904
ເຂົ້າບໍ່ໄດ້ ເດັ້ງອອກຕະຫລອດຈົນເມື່ອຍ,0,0,0,0.992027
ບໍລິການແຫ່ງຜົນສໍາເລັດ ສາມາດນໍາໃຊ້ໄດ້ສະດວກແລະ ວ່ອງໄວ ບໍ່ໍາເປັນຕ້ອງຖືກເງິນສົດຕິດໂຕ,1,1,1,0.846383
ຕາມຄວາມຮູ້ຂອງຂ້ອຍ,1,1,1,0.922003
ຍອດຍຽ່ມ,1,1,1,0.903846
ຢູ່ໆກະເຂົ້າລະບົບບໍ່ໄດ້ວ່າລະຫັດບໍ່ຖືກຕ້ອງເຂົ້າໄປປ່ຽນລະຫັດໄຫມ່ກະຍັງເຂົ້າບໍ່ໄດ້ອີກວ່າລະຫັດບໍ່ຖືກຕ້ອງ.ມັນເປັນບ້າຕິເບາະ,0,0,0,0.991785
ມັນດີຈິງໆ,1,1,1,0.919737
ຄົ້ນຫາຮ້ານຊານົມໄຂ່ມຸກ ພັດເຈີ້ແຕ່ເຂົ້າປຽກ ນ້ໍາປັ່ນ ຄືຫຍັງນິ,0,0,0,0.677906
ດີໆມັກ,1,1,1,0.919346
ໂຫລດມາສິຊື້ເລກ ຊື້ບໍ່ໄດ້ ລົບໂຫລດໃຫມ່ກະຄືເກົ່າ ຫ່ວຍໂພດ,0,0,0,0.959621
ອັນບໍ່ໄດ້,1,1,0,0.99653
ແອັຍຫ່າຫຍັງເຕີມບັດເຫັນແຕ່ເງີນອອກບັນຊີແຕ່ເງີນບໍ່ເຂົ້າເຍີໂທລະສັບ ຄວຍ,0,0,0,0.922151
ເດັ້ງອອກເອງເດັ້ງບີບໄປເອງ ແຊັທບໍ່ເດັ້ງຂື້ນ.ລໍາບາກແຮງໃຊ້ແບບນີ້,0,0,0,0.792697
ອັບເດດໄຫ່ມແຫ່ງຄັກປັ່ນສ່ໍາໄຫລກະຢູ່ແຕ່ບອ່ນເກົ່າປັ່ນຈົນເບິດກະຍັງບໍ່ໄດ້ດາຕ້າເລີຍແນວໄດກັກໄວ້ບໍ,0,0,0,0.917262
ດາວໂຫຍ,0,0,1,0.635637
ຊ້າເກີນໄປໆໆ,0,0,0,0.846988
ໃຫ້ບັດສ່ວນຫລຸດມາແຕ່ໃຊ້ບໍ່ໄດ້ ສະພາບ,0,0,0,0.729146
ຍິນດີນໍາເຫນີໃຫ້ເທີຄົນດຽວ,1,1,1,0.881818
ເປັນຍັງຕື່ມບັດໂທລະສັບຜ່າລະບົບບໍໄດ້ຮັບເງີນທີ່ຕື່ມແຕ່ເງີນໃນບັນຊີ bcelone ຖືກຕັດແລ້ວ ກວດຄືນແດ່ເດີ,0,0,0,0.814263
ບໍ່ຕ້ອງໂຫຼດກະໄດ້ເດີ ໃຊ້ງານບໍ່ໄດ້,0,0,0,0.856852
ກາກຫລາຍບໍ່ມີຫບັງດີເລີຍ,0,0,0,0.812104
ເຕັມໃຈ,1,1,1,0.875264
ຄອຍ່ຕໍາະງະຕ ລວ້ນຈ,1,1,1,0.838262
ຫ່າມືງ ກົດລະຫັດໃສ່ ລະໄປຕໍ່ບໍ່ໄດ້ ຍັງຢູ່ຫນ້າເກົ່າ ພໍ່ມືງ,0,0,0,0.924097
ມີເບີສາວຫຼາຍດີ,1,1,1,0.90035
ເຈງ.,1,1,1,0.837514
ເບິ່ງຍັງບໍ່ໄດ້ແລ້ວໂທຫາສູນສູນບອກອັບເດດອັບເດດກະຄື່ເກົ່າບອກໃຫ້ຕັ້ງດາຕ້າຕັ້ງແລ້ວກະຄື່ເກົ່າ,0,0,0,0.962072
ແອັດlaoappດີຈີງ,1,1,1,0.846235
ນິດທໍາໄດ້ແລ້ວ,1,1,1,0.696749
ເລກແນະນໍາໃສ່ແນວໃດກໍບໍຖືກ,0,0,1,0.706936
ສຸ່ມເນັດຫະບໍ່ໄດ້ຂີ່ງົກໂພດຍ່າຫາໂຫດເດີ້,0,0,0,0.882849
ຄອບຄົວ,1,1,1,0.872318
ຢາກໃຫ້ອັບເດດໄປໃນຕົວເລີຍເພາະຈະໃດ້ສະດວກໃນການນໍາໃຊ້,1,1,1,0.786101
ຂອບຕົ້ງຄ່າແດ່,1,1,1,0.776336
ພີມຮ້ານໃດກາບໍ່ຂື້ນ,0,0,0,0.59565
ເຂົ້າໃຊ້ບໍ່ໄດ້ ເພີ່ນວ່າກໍາລັງອັບເດດ ຍາວເທື່ອກະວ່າກໍາລັງກວດກາສິດ,0,0,0,0.899693
ພັດທະນາແນ່ເຂົ້າແອັບກະບໍ່ໄດ້,0,0,0,0.988267
ແອັບຊ້າຫລາຍປັບປຸງແນ່ເດີແອັບອື່ນກະຍັງບໍ່ເຫັນສິເປັນ,0,0,0,0.978542
ເອົ້າແບບດີທີສຸດ,1,1,1,0.890774
ໃຊ້my unitelແລ້ວຍັງບໍ່ແລ້ວອີກ ຍັງມາໃຫ້ໃຊ້ແອບນີ້ອີກ ຖ້າບໍ່ໂຫຼດແອບນີ້ກະນໍາໃຊ້ບໍ່ໄດ້ ຊັບຊ້ອນຫຼາຍເລື່ອງແທ້,0,0,0,0.884917
ຈັກໄດ້ບໍ່ໄດ້ ກົດລົງທະບຽນລະເດັ້ງອອກ,0,0,0,0.974826
ສົ່ງໄວທັນໃຈ,1,1,1,0.92819
ຕຸກຕາ ວົງຄໍາຈັນ,1,1,1,0.881885
ດີlaiy,1,1,1,0.837514
ລິ້ນດີລິ້ນສະບາຍ,1,1,1,0.95523
ດນລດຊນືຊີ ນຶນຄພິຍຫິນຕະຫລ,1,1,1,0.695405
ມັກລາຍລາຍ,1,1,1,0.911982
ໃຊ້ແອັບຢູມັນນີສະດວກສະບາຍ ແລະ ເພື່ອຫລຸດຜ່ອນໃຊ້ເງິນສົດ ປອດໄພອີກດ້ວຍ,1,1,1,0.904796
ມັກ,1,1,1,0.945368
ລົງທະບຽນຍານແລ້ວນະ,1,1,0,0.730013
ເຄີຍໃຊ້ແລ້ວແອປນີ້ດີຫາຼຍ,1,1,1,0.919479
ແອັບຫົວຄວຍໂດດມາແລ້ວເຮັດຫຍັງບໍ່ໃດ້ ປານນັ້ນໃຫ້ລົງທະບຽນເບີຜ່ານແອັບ,0,0,0,0.963804
ໃຫັດະແນນແວນນິ້,1,1,1,0.780659
ຮັກລາຍເດະເອັບນີ້,1,1,1,0.897728
ຍາກໄຫ້ພັດທະນາຂຶ້ນໄຫ້ດີ,1,1,1,0.810353
ແຫວນເພັດ,1,1,1,0.866901
ຊອບມາກເລິຍ,1,1,1,0.902929
ມຶງສິຕາຍລະບໍເຂົ້າເຊື່ອມຕໍ່ບໍ່ໄດ້ເນັດດກະມີຢູ່ ໂມໂຫເດີ,0,0,0,0.933517
ສົນໃຈຕົນມາກຂື້ນ,1,1,1,0.866673
ຖ້າໂອນເງິນເຂົ້າທະນາຄານໄດ້ຫນ້າສິດີເລິຍ,1,1,0,0.652729
ເຫ້ຍມາກ,1,1,1,0.817589
ທັນເທັບບອກວ່າດີ,1,1,1,0.69151
ເມື່ອເຮົາຕິດຕັ້ງສົມບູນແລ້ວແຕ່ຫລົງລົບແອບຖີ້ມເຮົາຄວນເຮັດແນວໄດຂໍແນະນໍາແນ່,1,1,1,0.50837
ພັດທະນາອີກ,1,1,1,0.78676
ຫມູນໄດ້250mb ແລ້ວກົດແຊ ແຕ່ມັນຄ້າງ ເປັນທຸກມື້ ທຸກເທື່ອເລີຍ ສະຫຼຸບ ບໍ່ໄດ້ຫຍັງ ຊ່ວຍແກ້ໄຂໃຫ້ແນ່,0,0,0,0.92516
ດີໃຊ້ແລ້ວປອດໄພ,1,1,1,0.887517
ເປັນແອປທີໄສດີມາກເລື້ຍນະຊອບໆ,1,1,1,0.92264
ດີຈຮິງໆ,1,1,1,0.882717
ຊົ່ວຢ່າງ,1,1,1,0.825966
ສັ່ງຫຼາຍເທື່ອແລ້ວບໍລິການດີ ວ່ອງໄວທັນໃຈ,1,1,1,0.851236
ຂໍກູ້ບັນຊີຄືນ,1,1,1,0.655068
ຊ່ວນກັນສະຫນັບສະຫນູນສິນຄ້າບ້ານເຮົາ,1,1,1,0.807927
ແຊັດບໍ່ຕອບ,0,0,0,0.690529
ແອັບຄວາຍເອົາເນັດຟີກະບໍ່ໄດ້,0,0,0,0.965881
ຖ້າສາມາດເຕິມເງິນເຂົ້ຢູມັນນີ້ຜ່ານບັດເຕິມເງິນໄດ້ສິດີແຮງ,1,1,1,0.600661
ໃຫ້ເວົ້າໃນນາມຫມູ່ບໍ່ ກະຈັດສົ່ງໄວໃດ ມີຄົບທຸກຢ່າງພຽງໃຊ້ປາຍມືສໍາພັດ.,1,1,1,0.75774
ດີສໍາຫັຼບຊາວເຟສບຸກ,1,1,1,0.875526
ສົ່ງຂໍ້ຄວາມບໍ່ໃດ້ຂື້ນຄໍາວ່າກໍາລັງເຊື່ອມຕໍ່,0,0,0,0.606416
loveດິ,1,1,1,0.851088
ຂ້ອຍສີ້ກົບເຂົາ,1,1,1,0.738151
ສັນຍານໂຄດພໍ່ມຶງຫຍັງໂຄດຊ້າ,0,0,0,0.870763
ນາງດອກ,1,1,1,0.880644
ສຸດຍອດລາວເຮົາ,1,1,1,0.959022
ເພາະຢາກຮູ້ຜົນອອກຫວຍ,1,1,1,0.729327
ສວາ,1,1,1,0.837514
ຂອບໄຈທີ່ໄຫ້ໂດກ,1,1,1,0.927878
ສະຫມັກຢາກໄປນ້າຈະເອົາບັດປະຈໍາຕົວຫືຼສໍາມະໂນສະຫມັກກະພໍ ນີ້ຕ້ອງໄປທະນະຄານເລີຍບໍ່ມີເວລາຊໍານັ້ນ ແກ້ເລີຍ,0,0,0,0.62891
ໃຊ້ງານບໍ່ໄດ້ ຫລີ້ນຫຍັງກະບໍ່ໄດ້,0,0,0,0.995688
ບໍ່ເປັນຕາໃຊ້ ບໍລິການໂຄດບໍ່ໄດ້ເລື່ອງເອີ້ນເປັນສິບເທື່ອບໍ່ມີລົດຈັກບາດ ຢ່າໄປຄິດຝາກຊີວິດກັບລົດກັອກກັອກ. .,0,0,0,0.931166
ຂໍໄຫ້ທານພູພັດຊວຽ່ແກໃຂຊີ້ງທີຄາດ້ເດົາບໍໃນການບໍ່ທັນສໍານານ,1,1,1,0.708784
ດ້ວຍ,1,1,1,0.885709
ບໍ່ຄ່ອຍເຂົ້າໃຈໃນການຕິດຕັ້ງ,0,0,0,0.583251
ແອບນີ້ດີ,1,1,1,0.894689
ແຕ່ໃຫ້ປັບປຸງໃຫ້ໄວກ່ວາເກົ່າ,1,1,0,0.718876
ດີມາກເລີຍແອັບນີ,1,1,1,0.892469
ຊື່,1,1,1,0.79521
ມັກສູດຍອດມາກ,1,1,1,0.93477
ດີຫລາຍແລະກະຂອບໄຈຫລາຍໆ,1,1,1,0.963275
ຢາກໃຫ້ແກ້ໄຂ້ບ່ອນສະຕໍຮີແນ່ເວລາອັບຮູບຂຽນຂໍ້ມູນບໍໄດ້.,0,0,0,0.810933
ດີຢູ່ມັກຫຼາຍ,1,1,1,0.952766
ໃຊ້ ງານ ໄດ້ ດີ,1,1,1,0.824611
ຂໍໃຫ້ຖືກເດີສາທຸ,1,1,1,0.88581
ລົງທະບຽນເຂົ້າໃຊ້ແອັບຍາກເກີນໄປ,0,0,0,0.94921
ເລນ,1,1,1,0.844227
ມັນມຸດຍອດເລີຍ,1,1,1,0.904457
ແອັບເດັງແກ້ໄຂດ່ວນນນ,0,0,0,0.925215
ດີເຕີມເງິນປະຢັດ500ກີບ,1,1,1,0.641559
ສຸດຍອດໃນການອັບເກດ ໄວຫລາຍ,1,1,1,0.883418
ເຟດບຸກຂ້ອຍຄືຊ້າແທ້ອັບເດດຂ່າວກະສອງມື້ຈັ່ງເຫັນ,0,0,0,0.67322
ຈະພະຍາຍາມໃສ່ໃຫ້ມີປະສິດທິຜົນ,1,1,1,0.840617
ເຂົ້າເຟສບໍ່ໄດ້,0,0,0,0.933844
ຢູ່ຊື່ໆເຂົ້າບໍ່ໄດ້,0,0,0,0.957103
ມັນເປັນຫຍັງຄືມາປ່ຽນຫນ້າເຟດກັນ ຜີ່ບ້າບໍ,1,1,0,0.801614
ຢາກຫລອນລະຊ່ວງນິ,1,1,1,0.559755
ແອັບເດັ້ງໃຊ້ບໍ່ໄດ້,0,0,0,0.990022
ຢາກມີເພື່ອນມິດທີດີປານຄົນ,1,1,1,0.86171
ຫຼີ້ນໄວທັນໄຈ,1,1,1,0.914635
ສະດວກຫຼາຍ,1,1,1,0.958043
ສະ ບາຍດີ,1,1,1,0.922288
ອັບເດດໃຫມ່ມາຄືໂງ້ຕາຍແທ້ເນາະລີ້ນກະບໍ່ໄດ້ເນັດຄືແຕ່ກອນໄປປຽ່ນໄວ້ເດີຊິໄຫ້ລີ້ນເອົາອີ່ຫຍັງວະ,0,0,0,0.96925
ໄປ ko,1,1,1,0.80631
ອັບເລັດແລ້ວເກມມຸນວົງລໍ້ຂໍເພື່ອນເພີ່ມກະບໍ່ໄດ້ແບບນີ້ບໍ່ຄ່ອຍມັກປານໃດ,0,0,0,0.94428
ບາວກະທິນ,1,1,1,0.736912
ດີຫລາຍໃຊ້ງ່າຍ,1,1,1,0.98857
ຄັກອີຫຼີ,1,1,1,0.906121
ລະຫຫດotpທີ່ສົ່ງໃຫ້ມີແຕ່5ໂຕ ບາດໂປຣແກມພັດວ່າມີ6 ໃສ່ໄປມັນກະບໍ່ຖືກ ແກ້ແດ່,0,0,0,0.801787
ອີຊອນປາກຫນາ,1,1,1,0.754726
ຄືloginບໍ່ໄດ້?,0,0,0,0.895733
ແພຄົນເດີມ,0,0,1,0.875944
ແອັບນີ້ໃຊ້ໄດ້ດີຂະຫນາດຊື້ງ່າຍຈ່າຍໄວໃຜທີ່ດາວໂຫລດໃຫນ່ແນະນໍາໃຫ້ພີມລະຫັດຜູ້ແນະນໍານີ້38490815ໃສ່ແນ່ເດີແລ້ວຈະເຮັງ,1,1,1,0.786665
ງ່າຍທີສຸດກວ່າແອັບອື່ນ,1,1,1,0.726702
ຢາກໃຫ້ຍອດໄລ້ແລະຜູ້ຕິດຕາມຫລາຍ,1,1,1,0.92494
ດີແລະໄດ້ເປີເຊັນໂອເຄເລີຍ,1,1,1,0.849829
ສຍສີຕຮ,1,1,1,0.843022
ເປັນຫຍັງເຂົ້າບາດໄດຄຶວ່າເດັ້ງອອກຕະລອດໂອຍຈັ່ງແມ່ນໄຈຮ້າຍເດ້ບຶດເຂົ້າໄດ້ບຶດເຂົ້າບໍ່ໄດ້ລໍາຄ້ານເດ້ຕ້ອງການໂອນເງີນກະບໍ່ໄດ້,0,0,0,0.993139
ດີຫລາຍສະດວກສະບາຍຖືກປັບໂອນກັບມື້ເລີຍ,1,1,1,0.931142
ມາຈາກ,1,1,1,0.852978
ທໍາງານດີມາກໆເລີຍ,1,1,1,0.931131
ຄືຍາກຕາຍນີເຂົ້າລະບົບບໍໄດ້ລະຫັດຖືກຫມົດພໍຕັ້ງລະຫັດໃຫມ່ກະຫັກເງີນຕັດແລ້ວຍັງເຂົ້າບໍ່ໄດ້ອີກບໍຈັກໃຫ້ຕີຕາອ້າປາກເສຍທັງເງີນເສຍທັງຄວາມຮູ້ສືກ ທນຄ ເຫັນແກ່ໄດ້,0,0,0,0.977569
ປອດໄພ,1,1,1,0.90235
ກະຈອກໂພດຕັ້ງແອັບນ່ະ.ລະຫັດບໍ່ສົ່ງມາ,0,0,0,0.939958
ເຂົ້າໃຊ້ງານຍາກຫລາຍຊ້ວງນີ້ ແອັບປິດຕະຫລອດ 5 05 2020,0,0,0,0.908482
ມັນເຍີ່ຍມສຸດ ແຊທງ່າຍຄຸຍງ່າຍ,1,1,1,0.897187
ຊື່ແສງໄຊ,1,1,1,0.86946
ຂ້ອຍມັກຫຼາຍແອັບໂມຈ໋ານີ້,1,1,1,0.903787
ເຂົ້າບໍມັກໄດ້,0,0,0,0.623206
ແອັປນີ້ໃຊ້ດີຫຼາຍ,1,1,1,0.973281
ເຂົ້າລົງທະບຽນເບີບໍ່ໃດ້,0,0,0,0.951175
ບຸນຊ້າຍໂຫດ ເດັກລາວ,1,1,1,0.686999
ຂ້ອຍໂຫຼດມາກະໄຫ້ອັບເດດເລີຍຄັນບໍ່ອັບເດດກະເຮັດຫຍັງກະບໍ່ໄດ້,0,0,0,0.988033
ຫຼິ້ນມ່ວນດີຮັກເລີຍ,1,1,1,0.914526
ມີປະໂຫຍດຫຼາຍ. ຕໍ່ໄປເພີ່ມເກມທີ່ວັດຄວາມຮູ້ທາງສຶກສາແດ່.,1,1,1,0.916196
ແອັບຊ່າສຸດ,0,0,1,0.664873
ໂພສບໍ່ຂື້ນຝິດ,0,0,1,0.525115
ພຮຮຮ່,1,1,1,0.864357
ມັກເລື່ອງກັບພຮະ,1,1,1,0.835372
ຍາກຫລີ້ນໃຫມ່,1,1,0,0.585629
ສຸດຍອດຈະ,1,1,1,0.973559
ມີຄົບ ໃຊ້ງານສະດວກດີ,1,1,1,0.940226
ເບີ່ງຫນັງດີໆກະວ່າຢຸດ ເນັດຊ້າຫລາຍ ເປັນທຸກເທຶ່ອ,0,0,0,0.624031
ດີ ມາກໆ,1,1,1,0.893385
ຄູຄຄບຂ,1,1,1,0.837514
ໃຫ້ລົງທະບຽນ ບາດລົງໃນແອັບລົງທໍ່ໃດ໋ກະເດັ້ງອອກ,0,0,0,0.888029
ດີ ທີສູດ,1,1,1,0.899735
ງົງບາງເລື່ອງ,1,1,1,0.799554
ດີລາຍແອບນິ້,1,1,1,0.89481
ບາງຄັ້ງຍັງສັບສົນ,1,1,1,0.642505
ຮູ້ສຶກສະບາຍເມື່ອມີu money,1,1,1,0.932468
ດີຄັຮບ,1,1,1,0.87343
ສັດເອີຍແມັງບໍ່ໃຫ້ໄດ້ເນັດສ້າງມາເພື່ອ,0,0,0,0.724951
ລະບົບແຈ້ງເຕືອນບໍ່ທໍາງານ,0,0,0,0.856946
ຢາກໃຫ້ເພີ່ມວີທີການຈ່າຍເງິນ,1,1,1,0.85026
ເດັກລາວນອນ,1,1,1,0.877427
ຄວາມສະດວກ,1,1,1,0.953697
ທ ອ o,1,1,1,0.837514
ໂຄດກາກເລີຍ .,0,0,0,0.831363
ເຈລີລີ.,1,1,1,0.859495
ໂດຍມີການປ່ຽນແປງ,1,1,1,0.750505
ອັບເດດທຸກທິດຈັກອັບຫາພະແສງອີ່ຫຍັງ,0,0,0,0.761764
ຕັ່ງຍາກສຸດບ່າດຕັ່ງແລ້ວລົບແລ້ວຫລີ້ນບໍໄດ້ໄຫ້ຕັ່ງໄຫມ່,0,0,0,0.721859
ໃຫ້ໂຫລດໄດ້ແດ່,1,1,1,0.631049
ຊ້າໂພດ ລ໋ອກອີນໂຄດຍາກເລີຍ ແກ້ໄຂໃຫມ່ເດີ,0,0,0,0.923962
ດີສຸດ,1,1,1,0.957888
ກາກຫລາຍຖ້າເປັນຊົ່ວໂມງກະບໍ່ໄດ້ຮັບເນັດຈັກເທື່ອ ດີແຕ່ຕ້ອນທໍາອິດ ສຸມື້ນີ້ບໍ່ໄດ້ຮັບເນັດຄືແຕ່ເກົ່າແລ້ວ ຢ່າດາວໂຫລດມາສຽຍດາຕ້າພີ່ນ້ອງເອີຍ,0,0,0,0.976074
ພະນັກງານຕອບແຊັດຊ້າແຮງຫຼືບໍ່ຕອບເລຍກໍມີ,0,0,0,0.8039
ຕິດຕັ່ງກະຍາກ ມີບັນຊີເກົ່າແລ້ວແຕ່ບໍ່ໄດ້,0,0,0,0.949125
ຮັກອີກຜົວຄົນດຽວບໍ່ມີໃຜຈະຮັກຄືຮັກອີກຜົວແລ້ວ ຮັກ1 ຮັກ2 ຮັກ3 ຮັກ4 ຮັກ5 ຮັກ6 ຮັກ7 ຮັກ8 ຮັກ9 ຮັກ10 ຮັກ11 ຮັກ12 ຮັກ13 ຮັກ14 ຮັກ15 ຮັກ16 ຮັກ17 ຮັກ18 ຮັກ19 ຮັກ20 ຮັກ21 ຮັກ22 ຮັກ23 ຮັກ24 ຮັກ25 ຮັກ26 ຮັກ27 ຮັກ28 ຮັກ29 ຮັກ30 ຮັກ31 ຮັກ32 ຮັກ33 ຮັກ34 ຮັກ35 ຮັກ36 ຮັກ37 ຮັກ38 ຮັກ39 ຮັກ40 ຮັກ41 ຮັກ42 ຮັກ43 ຮັກ44 ຮັກ45 ຮັກ46 ຮັກ47 ຮັກ48 ຮັກ49 ຮັກ50 ຮັກ51 ຮັກ52 ຮັກ53 ຮັກ54 ຮັກ55 ຮັກ56 ຮັກ57 ຮັກ58 ຮັກ59 ຮັກ60 ຮັກ61 ຮັກ62 ຮັກ63 ຮັກ64 ຮັກ65 ຮັກ66 ຮັກ67 ຮັກ68 ຮັກ69 ຮັກ70 ຮັກ71 ຮັກ72 ຮັກ73 ຮັກ74 ຮັກ75 ຮັກອີກຜົວເດີ້,1,1,1,0.753842
ລະຫັດຖືກແລ້ວຍັງວ່າບໍ່ຖືກເນາະ,0,0,0,0.775242
ປັບປຸງດ່ວນຂັ້ນຕອນການກວດສອບຄວາມຖືກຕ້ອງໃຊ້ເວລາດົນໂພດ,0,0,0,0.802258
ພ່ໃຈ,1,1,1,0.854137
ຂໍຂອບໃຈທຸກທ່ານທີ່ສະຫນັບສະຫນູນທຸລະກີດພ້ອມທັງວັດທຸເງີນຄໍາອັນແສນລໍາຄ່າຂໍໃຫ້ສຸກະພາບແຂງແຮງທຸກຄົນ,1,1,1,0.902381
ສານ ເປັນ ກະຊວງ ສັດ ຫລວງ,1,1,1,0.773154
ຂ້ອຍເປັນຄົນຫນຶ່ງທີສ່າຢາກໂຫລດແຕ່ໂຫລດບໍ່ໄດ້ພື້ນທີ່ກະບໍ່ໄດ້ເຕັມອີກຄືບໍ່ມີວິທີເຮັດແລ້ວປັບປຸງແນ່ເດີ. ອາລົມເສຍ,0,0,0,0.973123
ລົງທະບຽນໂຄດຍາກ ຢູ່ກັບແອັບນີ້3ຊມ ລົງທະບຽນບໍ່ໄດ້ເລີຍ,0,0,0,0.983092
ດີດດດ,1,1,1,0.900439
ລ້າຊາ,1,1,1,0.788488
ກິດຈະກໍາມີໄວ້ເພື່ອຫຍັງ ເສຍເງິນໄປແລ້ວບໍ່ແຈກ,0,0,0,0.75807
ບໍ່ເຄີຍມີປະສົບການ,1,1,1,0.888824
ຖືກສຸດ,1,1,1,0.806937
ບໍ່ເຄືຍຖືກເລກ ແຕ່ຊື່ທຸກງວດ,0,0,1,0.544194
ແອັບໃຫມ່ເຂົ້າບໍ່ໄດ້ເລີຍ ໃຫ້ລ໊ອກອິນດ້ວຍວັນເດືອນປີເກີດ ໃສ່ຈັງໃດກະບໍ່ຖືກ ເອັດແຕ່ແນວຍາກລູກຄ້າ ຄືບໍ່ໃຫ້ຢືນຢັນດ້ວຍເບີໂທທີ່ເຊື່ອກັບແອັບແລ້ວສົ່ງລະຫັດotpເຂົ້າເບີເລີຍບໍ ແນວມັນງ່າຍຄົນອື່ນ ເອັດແຕ່ແນວຍາກໆ,0,0,0,0.989362
ເວລາເຮົາເຕີມເງນປະໄວ້ກໍ່ຫຍັງດິຮັກສາໄວ້.ຫ້ເຮົາດິຊົມເຊີຍ,1,1,1,0.806614
ສະບາຍດີເຈົ້າຂ້ອຍຫາກໍ່ຮຽນຕິດຕັ້ງລອງເບິ່ງເຈົ້າ,1,1,1,0.908898
ແອບຂໍ້ຄວາມ,1,1,1,0.569577
ດນ່ພ່ດຍເຮ,1,1,1,0.838897
ດີແລ້ວແຕ່ຂໍໃຫ້ປັບລະບົບຍັງມີຜິດພາດບາງຄັ້ງຄາວ,1,1,0,0.584941
ປັບປຸງໄວ້ຂຶນສະດວກສະບາຍໃນການຫຼີ້ນແກມເຄຶ່ອຂາຍໄວ້,1,1,1,0.91813
ກໍາລັງ,1,1,1,0.932331
ນິຕາ,1,1,1,0.838573
ຢາກໃຫ້ເພີມຫວຍພັດທະນາໃສ່ແດ່ເວລາຊື້ເລກຈີ່ງສະດວກ,1,1,1,0.761479
ບໍມັກຢູໆກໍຂືນເປັນພາສາໂດຍບໍຮູ້ສາເຫດຢາກໄຫ້ກັບມາເປັນປົກກະຕຶເປັນນັງເຟດບຸກຕິງກີດກັນເບີໂທທັງທີຂ້ອຍກະເຕີມເນັດປັບປຸງແດ່ຫວ່ຍເກີນ,0,0,0,0.646496
ຊີວິດທີ່ສະບາຍຊອບ,1,1,1,0.958671
ຂົນສົ່ງຊ້າ ເສຍດາຍຮ້ານຄ້າບາງຮ້ານ ຮັບສົ່ງພຽງແຕ່ຮຸ່ງອະລຸນ ຖ້າມີທາງເລືອກຂໍບໍ່ເລືອກຂົນສົ່ງນີ້,0,0,0,0.629562
ຄວນປັບປຸງແດ່ເຂົ້າໄປບໍ່ສົ່ງລະຫັດມາໃຫ້,0,0,0,0.985281
ເຕີມເງິນໂທລະສັບແລ້ວບໍ່ໄດ້ຄະແນນຄືເມື່ອກ່ອນ,0,0,0,0.910511
ມັນໂຫລ້ດຖຶງຈະໄດ້,1,1,1,0.706361
ສະຕໍລຣີບໍ່ມີເພງໄທ,0,0,0,0.622828
ເປີດຟັງຄິບຍາມໃດຟັງບໍ່ໃດ້ຫນ້າຈໍດັບເປັນນໍາຫຍັງມີວີທີບໍ່,0,0,0,0.764205
ໄວນາສູນ,1,1,1,0.809626
ດີມາດຄ່ະ,1,1,1,0.930212
ທຸກໆຄົນມັນເຟັດບຸກ,1,1,1,0.83833
ມຸນວົງລໍ້ບໍ່ໄດ້ເງີນເນັດສ້າງມາເພືອເງີນເນັດກາບໍ່ໄດ້,0,0,0,0.949079
ໂອເຄເລີຍ,1,1,1,0.869259
ສະດວກໃນການທໍາງານ,1,1,1,0.908732
ສະດວກສະບາຍ ບໍລິການດີ,1,1,1,0.986582
ດີຈີງຫຼື,1,1,1,0.885085
ຄິດຮອດອ້າຍຢູ່ເດີ,1,1,1,0.865249
ຢາກໄດ້ລາວແອັບແບບເກົ່າຕອນນີ້ຫລິ້ນຫຍັງບໍໄດ້ເລີຍ,0,0,0,0.874982
ເປັນຫຍັງຄືດາວໂຫລດບໍ່ໄດ້,0,0,0,0.976755
ຂິງດົງຫມາກຄາຍ,1,1,1,0.873178
ຂ້ອຍຮູ້ຈັກວອດແອັບມາ10ປີ.ວອດແອັບເປັນອີກແອັບຫນື່ງທີ່ໃຊ້ດີ,1,1,1,0.741851
ເປັນແອບທີສຸດຍອດ,1,1,1,0.941289
ດີຫຼາຍທີ່ໄດ້ນໍາໃຊ້ວອດແອ້ບ ວ່ອງໄວທັນໃຈ,1,1,1,0.979061
ເອີ້ນລົດຍາກແຮງບາງທີກົດເອີ້ນເປັນຊົ່ວໂມງກະຍັງບໍ່ໄດ້ຕ້ອງໄດ້ຍ່າງໄປເອງ,0,0,0,0.952048
ດີລາວແທ້ໃຜຈະໄຊ້ແອບນີ້ດີຂໍຄວາມງິນດີ,1,1,1,0.933193
ການນໍາໃຊ້ມີປະໂຫຍດ,1,1,1,0.917346
ອັປເດດບໍ່ໄດ້ມັນເປັນຫຍັງເດ,0,0,0,0.960602
ມີຄວາມເປັນສວ່ນຕົວດີ.,1,1,1,0.887747
ຕື່ມຂໍ້ມູນຕາມການແນະນໍາທຸກຊັ້ນຕອນ ແຕ່ຂໍ້ຄວາມຕອບມາວ່າການລົງທະບຽນບໍ່ສໍາເລັດ ເບີ030 ອີທີແອລ,0,0,0,0.682251
ແອບໃຊ້ການບໍ່ໄດ້ ເດັ້ງອອກຊື່ໆເຮັດຫຍັງບໍ່ໄດ້,0,0,0,0.993916
"ລູກຄ້າຄິດວ່າຕິດຕັ້ງແອັບນີ້ແລ້ວໄດ້ໂບນັດ 10,000 ແຕ່ມັນກະບໍມີພົນປະໂຫຍດຫຍັງໂຫລດໄປເທົ່ານັ້ນ",0,0,0,0.748739
ເຈັບ,1,1,1,0.871324
ສະຫມຸກດີ,1,1,1,0.774145
ພຸດ,1,1,1,0.860474
ອານຸລັກມືແລງເດີ,1,1,1,0.84549
ຫັງໂປຍີປຸນ,1,1,1,0.856171
ກາກເກີນ ໃສ່ລະຫັດຕາມສູນສົ່ງມາ ບາດວ່າລະຫັດບໍ່ຖືກຕ້ອງ ເຮ້ຍມັນ,0,0,0,0.911009
ນ້ອງອອນ,1,1,1,0.842953
ປີງໄຊໄຊລຶ,1,1,1,0.871479
ເຂົ້າແອັບດ່ຽວຈົບເລີຍ ມີທຸກຢ່າງຄັກໆ,1,1,1,0.623471
ກູເຟດຂືນ,1,1,1,0.847862
ໃຊ້ຄັກທັນສະໄຫມວ່ອງໄວ,1,1,1,0.949285
ແອບຂີ້ຖີ່,0,0,0,0.629723
ຊອບ ຈັນສຸກຂະພາບແຂງແຮງຂຶ້ນ,1,1,1,0.858958
ຊັງອາຫານນໍາ,1,1,1,0.710802
ດີຫມາກທີໃຫ້ເຮົາໃກ້ກັນ,1,1,1,0.923046
ຈັນທີ ຄົນຈິງໃຈ,1,1,1,0.901036
ເອາໄປເລີຍ10,1,1,1,0.896777
ຊອບໄລສດ,1,1,1,0.915312
ເນັດກະປົກກະຕິແຕ່ບອກວ່າເນັດມີປັນຫາ,0,0,0,0.784553
ທົດລອງໃຊ້,1,1,1,0.911329
ໂອເຄ່ເລີຍແລະດີ,1,1,1,0.881544
ໄຊ້ດີ ສະດ່ວກ.ສະບາຍ.ຄົນໃດທີ່ສະຫມັກແພັກເກັດບໍ່ເປັນ ແນະນໍາແອັບຯນີ້ເລີຍ,1,1,1,0.635649
ດີໃຊ້ງາຍສະດວກສະບາຍ,1,1,1,0.987489
ດີຫຼາຍແອບນີ້. ສໍາລັດຄົນທຸກ ຂອບໃຈຫຼາຍໆ.,1,1,1,0.972653
ແອປດີລາຍແຕ່ມັນໃຫ້ເງິນເນັດເກິນ,1,1,1,0.631925
ປອດໄຝ,1,1,1,0.899604
ແອັບໃຊ້ງານຍາກຫລາຍ ເຂົ້າເມນູແຕ່ລະຢ່າງໃຊ້ເວລາໂຫລດຊ້າເກີນ ຕົວເລືອກແພັກເກັດຕ່າງໆ ມີໃຫ້ເລືອກຫນ້ອຍ,0,0,0,0.878134
ແອັບຫ່ວຍເຕີມເງີນທ່ານແອັບແຕ່ກັບບໍ່ໄດ້ຂະແນນ,0,0,0,0.854915
ຈັກຊິໄຫ້ຢືນຢັນໂຕຕົນອີ່ຫຍັງຫລາຍເທື່ອແທ້.ຄັນເຮັດງ່າຍ ມີຄິບອະທິບາຍໄຫ້ເຂົ້າໃຈຍັງພໍໃຄ ອັນນີ້ອີ່ຫຍັງກະບໍ່ແຈ້ງການຫຍັງ ບໍ່ພັດທະນາຫຍັງຈັກເທື່ອ,0,0,0,0.888376
ຄໍາສູດ,1,1,1,0.91243
ເຂົ້າແອັບບໍ່ໄດ້ເລີຍ,0,0,0,0.997806
ລາວແອບໃຊ້ງານໄດ້ສະດວກບ່ອກໃດ້ສອງຄໍາເລີຍວ່າ ມັກເລີຍ,1,1,1,0.835644
ຕີຮນານ ນຶອອກ,1,1,1,0.769844
ມັກຫລາຍຊ່ວຍປະຫຍັດຄ່າໃຊ້ຈ່າຍພາຍໃນຄອບຄົວ,1,1,1,0.893063
ດີພໍໃຊ້ໄດ້ໃຫ້4ດາວ,1,1,1,0.90397
ບໍ່ເຄີຍນໍາໄຊ້ຈັກເທືອແຕ່ກໍ່ລອງໄຊ້ໄປກ່ອນ,1,1,1,0.544059
ຂໍເຂົ້າ,1,1,0,0.734072
ດີມາກລືິນໄດ້ຫລາຍຢ່າງ,1,1,1,0.951872
ຍິນດີນ້ໍາ,1,1,1,0.900787
.ດີຄັກອີ່ຫລີ. ພັດນະນາຕໍ່ໄປເດີເປັນກໍາລັງໃຈໃຫ້,1,1,1,0.921154
ໃຊ້ງານງ່າຍສະບາຍ,1,1,1,0.972977
ຫ່ວຍແຕກກູສົ່ງວີດີໂອບໍໄດ້,0,0,0,0.935279
ແກ້ໄຂລະບົບແດ່ເດີຊິໂອນເງີນຍາມໃດຂັດຂອງຕະຫລອດສະເພາະໂອນຫາການຄ້າກັບກ້າຄ້າໂອນເຂົ້າມາກະຂັດຂອງຄືກັນ,0,0,0,0.911043
ດີດີດດ,1,1,1,0.935571
ມີສາລະ ແລະໃຊ້ໂຢດໄດ້ຢ່າງ,1,1,1,0.866764
ຄສຈາ,1,1,1,0.837514
ແອັປອັນນີ້ດີຫຼາຍ,1,1,1,0.954329
ເດັ້ງອອກຢຸດການທໍາງານ,0,0,0,0.67716
ພຄທີມີ,1,1,1,0.884123
ດີມາກເລີຍຄັບ,1,1,1,0.931539
ການແຈ້າເຕືອນບໍ່ເດັ້ງຂື້ນສາຍເຂົ້າກະບໍ່ເຕືອນມີແຕ່ສັ້ນ,0,0,0,0.918376
ຄືທີ່ສຸດ,1,1,1,0.936259
ຂໍໃຫ້ໄດ້ນະ,1,1,1,0.906186
ຄໍາປ່ຽນ,1,1,1,0.787543
ໃກ້ຮັບການເຊື່ອຖືໃກ້,1,1,1,0.768299
ຍ້ຽມເລີຍ,1,1,1,0.865209
ຈັກແມ່ນຫຍັງຢາກໃຫ້ລົງທະບຽນແຕ່ວ່າແອັບມັກມີແຕ່ບັນຫາຢູ່ຕະຫລອດໃສເບີບ່າງເທື່ອກະເດັ້ງໃສລະຫັດກະບັກດົນຖ້າຢຸ່ກະຍັງບໍ່ຫລ໋ອກອີນເຂົ້າໃຫ້ປັບປຸງໃຫ້ແນ່,0,0,0,0.990412
ດີຫຼາຍແອັບມີຄວາມສະດວກສະບາຍວອງໄວໃຊ້ງານງ່າຍ,1,1,1,0.984362
ດີ ດີໆ,1,1,1,0.92236
ດີເທ,1,1,1,0.87643
ມັກຍ້ອນມີອາຫານລາກຫລາຍ,1,1,1,0.689293
ແອບກາກບໍ່ໄດ້ດາຕ້າເລຍແລ້ວຍັງຕັດເອົາຍອດເງິນອີກ,0,0,0,0.932927
ແນະນໍາລວຍໄປນໍາກັນ91507413,1,1,1,0.882937
ເຂົ້າແອັບບໍໄດ້ເລີຍແກ້ໄຂແນ່,0,0,0,0.988951
ດີດີບໍ່ມີຍັງດີເທົ່ານີ້ລະ,1,1,1,0.528734
ບານດີເຈົ້າຖິ້ມ,1,1,1,0.895865
ເຮັດຍັງຄື່ບໍຖື,1,1,0,0.522901
ບ່ລິການນີ້ແມ່ນດີຫລາຍ,1,1,1,0.934128
ແບບງ່າຍໆ,1,1,1,0.8949
ບໍລິການດີຫຼາຍ,1,1,1,0.986707
ດີດີໃຊ້ໄດ້ທຸກວັນ,1,1,1,0.953195
ທ້າວ ດີ,1,1,1,0.910951
ສຸດຍອດເລີຍແອບນີນະ,1,1,1,0.926463
ຄວນປັບປຸງໄຫ້ສະແກນ ໄບຫນ້າຫຼືນີ້ວມື່ໄຫ້ໄດ້ແດ່ ອີກຢາງເປັນຍັງຄືບໍຂື້ນຊືເຈົ້າຂອງເບີໃນແອບ ລະຊິກັກໄວ້ເພືອຍັງ,0,0,0,0.683744
ໃຊ້ດີຫລາຍເຈົ້າ,1,1,1,0.984921
ໃຊ້ດີຕັ້ງແຕ່ໂຫລດແອັບນີ້ມາໃຊ້ຊີວິດສະດວກຂຶ້ນຫລາຍ.ຂໍຂອບໃຈແອັບນີ້,1,1,1,0.895721
ເປັນຫຍັງຄືໃສບໍ່ໃດ້,0,0,0,0.916924
ແມ່ນຫຍັງຫວະຢູ່ດີໆກະເຂົ້າບໍ່ໃດ້ທັງໆໂອນເງິນເຂົ້າເງິນອອກຄະຫຼອດ ເຮັດສະແກນລາຍມືເອົາຄິດວ່າສະດວກລະໃດເອົາໄປເອົາມາຢຸ່ດີໆກະວ່າລາຍມືບໍ່ໃດ້ລົງທະບຽບປັບປຸ້ງແນ່,0,0,0,0.967913
ອັບເດດທຸກເວີຊັ່ນເຈົ້າກະບໍ່ແຊັດມາຄືເກົ່າ,0,0,0,0.921344
ຕຶຢະ,1,1,1,0.837514
ເຕີມເງິນເຮັດແນວໃດໄຜຮູ້ບອກແດ່,0,0,0,0.607887
ໃຊ້ສະດວກດີຫລາຍ,1,1,1,0.988896
ໂອເຄ.,1,1,1,0.927333
ເຂົ້າລະບົບແອັບບໍ່ໄດ້,0,0,0,0.994168
ແອບນີ້ບໍ່ໄດ້ເລື້ອງ ສາວບໍ່ຕອບແຊັດ ໃຫ້1ດາວເດີ້ ໄປປັບປຸງມາໃຫມ່ເດີ້,0,0,0,0.960682
ແອັບນີ້ໃຊ້ງານດີສຸດເພື່ອນໆໃຜດາວໂຫລດແນະນໍາໃຫ້ໃຊ້ລະຫັດນີ້ເລີຍເດີ້ເຈົ້າ 22409354,1,1,1,0.745424
ໃຊ້ດີ ແຕ່ບາງທີກະເຂົ້າບໍ່ໄດ້ທັ້ງທີ່ສັນຍານເນັດແຮງ,1,1,0,0.683728
ຂ້ອຍມັກເຟດນີ້,1,1,1,0.928649
ບໍລິການສຸດຍອດ,1,1,1,0.959973
ເອໂຄ,1,1,1,0.83142
ດີຫລາຍສະດວກສະບາຍ ຢາກໃຫ້ແກ່ມີເວລາເງິນເຂົ້າເງິນອອກລະມີຂໍ້ຄວາມສົ່ງບອກທຸກເທື່ຊິດີຕື່ມອີກ,1,1,1,0.703357
ຖ່ານຮູບແລ້ວເຕືອນວ່າເບີຂອງທ່ານຢູ່ໃນການລໍຖ້າກວດຊອບຄວາມຖືກຕ້ອງ ແລ້ວຖ້າຄວາມດົນ ແອບຫົວໂຄຍ,0,0,0,0.647574
facebookຖື່ກປິດກັ້ນຕະຫລອດເວລາ,0,0,0,0.59066
ເວລາເງີນເຂົ້າບໍ່ແຈ້ງເຕືອນ,0,0,0,0.903326
ໃຊ້ດີ ງ່າຍ ເປັນສ່ວນຕົວ,1,1,1,0.946506
ສະບາຍດີ ທະນາຄານນີ ດີມາກມາກມາກ ດີ ຫລາຍ,1,1,1,0.935293
ເອົາຄະແນນໄປແລກເນັດບໍ່ໄດ້,0,0,0,0.888557
ທັງມົດໄຟຣ,1,1,1,0.794928
ຄັກດີ,1,1,1,0.89203
ດີທີ່ສຸດເລີຍ ເທົ່າທີ່ເຄີຍໃຊ້ມາ,1,1,1,0.916597
ເຂົ້າໃຊ້ແອບບໍໄດ້ລະກະຊ້າ,0,0,0,0.920897
ມັກຫຼາຍດີໆ,1,1,1,0.965775
ອັບຂໍ້ມູນເປັນຊົ່ງໂມງກະບໍ່ແລ້ວຈັກເທື່ອອັບຫມູນຢູ່ຫັ້ນລະ,0,0,0,0.820129
ດີດີສອບມາກ,1,1,1,0.937864
ສະດວກ ສະບາຍ ສຸດຍອດເລີຍ,1,1,1,0.982007
ດາວຖຫລດແລ້ວ,1,1,0,0.505867
ອັບເດດຕະຫຼອດ,0,0,0,0.950486
ດີມາກຫາແຟນໄຫ້ພອ້ມ,1,1,1,0.926419
ຄືໂຫລດຢາກແທ້,0,0,0,0.577842
ສະບາດີ,1,1,1,0.929485
ແກ້ໄຂ້ລະຫັດໃຫ້ແດ່,0,0,0,0.737654
ຂໍ້ມູນຕາ່ງ ກ່ງວກັບໂທລະສັບ,1,1,1,0.718861
ຫລັງຈາກອັບເດດແລ້ວໃຊ້ບໍ່ໄດ້ເລີຍເຂົ້າໄປລະອອກເອງຕະຫລອດ ລົບຖີ້ມລະໂຫດໃຫມ່ກະເປັນຄືດກົ່າ ຂີ້ຮ້າຍຫລາຍດຽວນີ້ໂຕລຸ້ນເກົ່າຍັງດີກວ່ານີ້ຮ້ອຍເທືອ ເປັນມາໄດ້5ເດືອນລະຍັງບໍ່ມີການປັບປຸງປານນີ້,0,0,0,0.993136
ອັດເດດມາຫນຸນກະບໍ່ໄດ້ຫຍັງໄດ້ແຕ່ເຊີນຫມູ່ມັນເປັນແນວໃດຢາກຮູ້ຫລືວ່າແອບບໍ່ຢາກໃຫ້ຫມຸນບໍນໍ,0,0,0,0.960549
ດີໆໂພດ,1,1,1,0.66178
ຢູ່ປະເທດລາວຄົນໃຊ້ຫຼາຍວອດແອບດີໆ,1,1,1,0.918316
ດີໃຈເດທີ່ມີຄວາມສະບາຍບໍໄດ້ອອກເດີນທາງແລ້ວ,1,1,1,0.756715
ບັນຊີເງີນເດືອຍ,1,1,1,0.624773
ແອັບໃຊ້ບໍ່ໄດ້,0,0,0,0.967642
ມືໄຫນ,1,1,1,0.866414
ມື້ລຸດ,1,1,1,0.68105
ເອີ້ນຍາກພໍ່ຍາກແມ່ມຶງແທ້ບໍລິສັດສົ້ນຕີນ,0,0,0,0.867843
ສັ່ນແລ້ວໂພສບໍ່ໄດ້ແກ່ໄຂ່ດວນ,0,0,0,0.773189
ສົນໃຈຫຼາຍ,1,1,1,0.926159
ຫກດົ,1,1,1,0.82357
vonexaດີໃຈແລະໄວ້ໃຈກັບມະນີລາວຕິດຕັ້ງງ່າຍໃຊ້ງ່າຍສໍາລັບຄົນລາວ,1,1,1,0.950628
ເນົາມັກ,1,1,1,0.879815
ບາຍ,1,1,1,0.94622
ໃຊ້ໂທລະລັບນີ້ມາຢາກມີແຕ່ຄວາມລະວັງເປັນສ່ວນຫລາຍແຕ່ບໍ່ຮູ້ສາເຫດຂອບໃຈບາງຄັ້ງຍາມເມື່ອສາດໄວ້ຍັງມີຄນມາຫລັກຫລີ້ນໂດຍຄວາມບໍ່ໂສພາກະມີຍອມຮັບຂອບ່ໃຈຄົນແລະສັດຂອງຂ້ອຍນະ,1,1,1,0.685558
ເຮົາໃຊ້ບໍ່ຊ່ໍານານປານໃດແຕ່ກໍ່ດີຫຼາບສໍາລັບສູນແຕ່ດຽ່ວນີ້ເມເຈີຖືກປິດ ຂໍກະລຸນາການຕອບແຊັດໃຫ້ສະດວກແດ່ຂໍຂອບໃຈ.,1,1,1,0.76807
ແອັບມັນໂກງຫມຸນວົງລຊ້ບໍ່ເຄີຍໄດ້ເນັດຫຼືເງິນຈັກເທື່ອມີແຕ່ຊວນຫມູ່ຫລິ້ນເກມ,0,0,0,0.898854
ສະດວກ ລຽບງາຍ,1,1,1,0.956808
ສາວ ມີ,1,1,1,0.854825
ເລັນດີມາກ,1,1,1,0.97604
ໃຊ້ດີ ຄົນນິຍົມຫລາຍ,1,1,1,0.955486
ລະດວກໃນການຊືເລກຕື້ມໂທລະສັບ,1,1,1,0.87102
ຄວນແອັບກາກພັດທະນາແດ່ເດີແອັບຄວຍມຶງເປັນແມ່ຫຍັງເຮັດແມ່ມຶງຫຍັງກະບໍ່ໄດ້ພໍ່ມຶງຕາຍພັກທະນາແອັບແດ່ມີປັນຍາແຕ່ສໍານີ້ຫວາ?,0,0,0,0.985828
ດີທີສຸດເລີຍ,1,1,1,0.943134
ຂໍສຽງຟັງພອນເພື່ອອອ້ຍຫມູ່,1,1,1,0.824542
ສະຖາ່ນະກໍາລັ່ງໃຊ້ງາ່ນ,1,1,1,0.888005
ທທຮຄີ,1,1,1,0.837514
ມຸກ ບ້ານໂຍກ,1,1,1,0.779895
ບໍ່ແມ່ນກູດູຖູກລາວເດີ້ ແຕ່ແອັບນີ້ມັນຄືສົ້ນຕີນນິ ບໍລິການຢືມສິບພັນໃຊ້12000 ບາດກູຢືມລະ ໂອນໃຫ້8000ກີບ ໃຫ້ຢືມລະຫັກດອກພ້ອມໂລດ ຂໍບອກຄົນລາວນໍາກັນວ່າຢ່າໃຊ້ບໍລິການເດັດຂາດຖ້າບໍ່ຢາກເປັນເຫຍື່ອ,0,0,0,0.777479
ຫມູນບໍ່ເຄີຍຖືກ ຫມູນຖືກກະແຊ່ບໍ່ໄດ້,0,0,0,0.881565
ກາກແຮງຂໍລະຫັດເປັນຊົວໂມງກະບໍ່ໄດ້,0,0,0,0.959729
ບໍ່ມີຫຍັງເລີຍ,1,1,0,0.920954
ອານ,1,1,1,0.883497
ໃຊ່ງາຍ,1,1,1,0.898863
ໃຊ້ດີມີປະໂຫຍດ,1,1,1,0.971897
ວີແຮບ,1,1,1,0.891566
ມັນບໍ່ເດັ້ງເຕືອນ,1,1,0,0.906968
ກົດດາວໃຫ້ແລ້ວເດີ້,1,1,1,0.600608
ອັບເດດລ່າສຸດ ລ໋ອກອິນເຂົ້າໄປລະແອັບເດັ້ງ ໃຊ້ງານບໍ່ໄດ້ເລີຍ,0,0,0,0.97788
ແມ່ຮັກລູກລູກຮັກແມ່,1,1,1,0.861794
ປະສົບການຄວາມຮູ້ຈັກດີຫຼາຍ,1,1,1,0.976114
ລະບົບນໍາໄຊ້ສະດວກວ່ອງໄວ ຖືກໄຈ,1,1,1,0.900128
ເປັນແອບທີ່ໂຄດກາກ ລະບົບໂຄດຊ້າ ກວ່າຈະໄດ້ຮັບ otp ກະເປັນມື້ .ກາກ,0,0,0,0.895077
ພານ ພານ,1,1,1,0.844707
ທ້າວບຸນລອດ ໄຊຍະບູລີ,1,1,1,0.877965
ພະດີ ນະດີ ດີຈັງ ທະນະ ກະໄດ້,1,1,1,0.863347
ໃຊ້ ບໍ່ດີເລີຍ,0,0,0,0.706016
ແຍ່ມາກບໍຖືກເລີຍລົບຖີມເສຍ,0,0,1,0.509434
ໂອນເງີນບໍ່ໄດ້,0,0,0,0.971638
ໃຫ້4ດາວ ເພາະຫມຸນສວ່ນຫຼາຍຖືກແຕ່ໂພດສະຖານະກັບຟັງເພລງ,1,1,1,0.621097
ຂໍ້ຂອບໃຈທີ່ແນະນໍາມາຕະຫລອດຈະນໍາເອົາປະສົບການນິ້ມານໍາໃສ່,1,1,1,0.886803
ສະດວກວອງໃວ,1,1,1,0.9401
.ສາທູນໍາເດີ,1,1,1,0.853047
ຍ້ອນມີເຟດຈີ່ງເຮັດໃຫ້ເຮົາໄດ້ພົບຫມູ່ທີ່ບໍ່ເຫັນກັນ 10 20 ປີ.ຂອບໃຈທີ່ເຈົ້າສ້າງມັນມາ,1,1,1,0.702527
ໄຊ້ດີມາກເລີຍ,1,1,1,0.974959
ເປີຍາກ. ຕອນນີ້ເປີດບໍ່ໄດ້,0,0,0,0.884124
ບ້ານນາກົກໂພ,1,1,1,0.793144
ໂລແຊະ ແລນີ,1,1,1,0.843185
ຄໍາເພັງລາວຈຸງ,1,1,1,0.890029
ໃຊ້ແລ້ວດີຫລາຍເຫມາະສົມສໍາຫລັບຄົນລາວທີຈະຫາລາຍໄດ້ເສີມແຕ່ຍັງມີຈຸດເສຍຄືຖ້າໂທລະສັບມີບັນຫາໂຫລດມາໃຫມ່ແລ້ວເຂົ້າບໍ່ໄດ້ຂ້ອຍຍັງຊອກວິທີແກ້ໄຂບໍ່ໄດ້ໃຜຮູ້ວິທີຊ່ວຍແນະນໍາໃຫ້ແດ່ ຂອບໃຈ,1,1,0,0.828012
ໂຖນາ,1,1,1,0.837514
ຫຫງອໄ ຝ ຝຝ,1,1,1,0.837514
ເຟດສະບູກນີ້ຮັກແຮງ,1,1,1,0.899262
ສະບາຍດີຈ້າເພື້ອນ.ຮັກທຸກ.ໆ.ຄົນ.,1,1,1,0.960277
ຄົນເຮົາເກີດມາບໍ່ມີໃຜຊີດີຫນົດທຸກຄົນ,1,1,1,0.650994
ນສໍລວນນຈນ,1,1,1,0.829094
ເຫງົາຖ,1,1,1,0.890782
ໄຊ້ດີແຮງ,1,1,1,0.978422
ໃສ່ເບີຖືກລະກະຍັງເຂົ້າບໍ່ໄກ້ ປັບປຸງໂດຍດ່ວນແນ່ເດີ້,0,0,0,0.958766
ຂີ້ຕົວະ,0,0,1,0.621866
ນ້ອງໄຟ,1,1,1,0.903838
ດີອີຫລີ,1,1,1,0.900031
ແມ່ບ້ານ,1,1,1,0.770501
ຂອບໃຈຫຼາຍໆສົ່ງເອກະສານງາຍຂື້ນ,1,1,1,0.909585
ສຸນີ ສູລິເດດ,1,1,1,0.779896
ເປັນຕາຍຍັງກະບໍຮູ້ເຂົ້າບໍໄດ້ ປ້ອນລະຫັດຖືກກະຍັງເດັ່ງອອກໃຫ້ປ້ອນລະຫັດໃຫມ່ ເຮັດເຊົ້າຈົນຄ່ໍາກະຍັງເຂົ້າບໍໄດ້ ແອັບຕາຍແດກ,0,0,0,0.986339
ໃຊ້ໄດ້ບໍ່,1,1,1,0.720655
ທ່ານວົງໄຊ.ຕງົ້ປໍວາ້,1,1,1,0.841846
ເປັນຍັງເວລາຫມູນໄດ້ບ່ອນຟັງເພງຜ່ານເຄືອງຈຶງປະຕິບັດບໍໄດ້,0,0,0,0.745597
ລັກຈາກອັບເດດລົງສະທານະກະບໍໄດ້ສົງຂໍຄວາມກະບໍໄດ້ສວຍແກແດ້,0,0,0,0.83531
ມີຫຼາຍຟັງຊັນການໃຊ້ງານ,1,1,1,0.914972
ປະສົບການນອ້ຍ.,1,1,1,0.966311
ແກ້ໄຂດ່ວນ ໃສ່ເບີບໍ່ຜ່ານ,0,0,0,0.834373
ໄຊ້ເພື່ອສື່ສານຂໍ້ມູນ,1,1,1,0.886366
ເບິ່ງຄືນແນ່ກົດຢືນຢັນແລ້ວບໍ່ໄດ້ລົງທະບຽນບໍ່ໄດ້ມັນເປັນນໍາເຄື່ອງຫລືເປັນນໍາຫຍັງບໍ່ເຂົ້າໃຈ,0,0,0,0.990463
ມັນໃຊ້ບໍ່ໄດ້ເຂົ້າສູ່ລະບົບລະບອກໃຫ້ໃສ່ລະຫັດຜ່ານລອ໋ກອິນເອົາມາແຕ່ໃສລະຫັດຜ່ານ ປ້ອນເບີເຂົ້າໄປຍັງບໍ່ໄດ້ປອນຂໍ້ມູນຫຍັງຊ້ໍາໃຫ້ປ້ອນລະຫັດຜ່ານລະ,0,0,0,0.973958
ທ້າວຄໍາຮັກ,1,1,1,0.948806
ທຸຈື,1,1,1,0.837514
ໂສາເດີ,1,1,1,0.809262
ເຊື່ອມຕໍ່ບໍ່ໄດ້ ກວດສອບອິນເຕີເນັດ ແອັບອື່ນກະໃຊ້ປົກກະຕິເດະ ແປ້ໄຂດ່ວນ,0,0,0,0.883384
ເຂົ້າລະຫັດໄປແລ້ວຍັງຖາມຫາອິກຄວາຍເອີ່ຍ ເສຍເວລາ,0,0,0,0.864743
ຍາກໃຫ້ມີບໍລິການເຊື່ອມບັດatmເຂົ້າກັບbcel one ທາງອອນລາຍໂດຍບໍ່ຕ້ອງເຂົ້າໄປລົງທະບຽນຢືນຍັນຢູ່ທະນາຄານ,1,1,0,0.665036
ມັກລາວແອັບນີ້ມາກ,1,1,1,0.876869
ຢາກເອົາເງິນເຂົ້າບັນຊີກະເອົາເຂົ້າຢາກຕ້ອງໄດ້ໃຫ້ເຂົາເອົາເຂົ້າໃຫ້ ຢາກເຊື່ອມກັບບັນຊີທະນາຄານກະບໍ່ໄດ້ອີກຈັກເປັນຄວຍຫຍັງ ແກ້ໄຂແນ່ເດີ,0,0,0,0.983968
ແອບຂີ້ຫມາມຶງເອີຍຫມຸນວົງລໍ້ກະບໍ່ໄດ້ຫຍັງຈັງແມ່ນໂງ່ແອບຂອງລາວ,0,0,0,0.942639
ແອັບບໍ່ດີ ບໍ່ມີຄົນແຊັດນໍາ,0,0,0,0.780933
ມ່ວນມັນສະນຸກທຸກທີ່ຊ່າໄວທັນໃຈເນັດຊ້າແລ້ວ,1,1,1,0.662912
ຊອມມາກ,1,1,1,0.903616
ຊິເຂົ້າລະຫັດພັດບໍ່ສົ່ງລະຫັດມາເຊີນແກ້ໄຂແນ່ເດີ,0,0,0,0.985442
ອະທິບາຍກໍ່ເຂົ້າຢາກ . .,1,1,1,0.550157
ສົ່ງລະຫັດມາໃຫ້ ໃສ່ເປັນຮ້ອຍຄັ້ງກະບໍ່ໄດ້ ຫົວຮວຍກູນີ້,0,0,0,0.964086
ສະດວກ ວ່ອງໄວແລະທັນສະໄຫມ,1,1,1,0.957091
ຍອດຍ້ຽມ,1,1,1,0.910276
ທ້າວຕົ້ນຄໍາ.20.10.2020facebook,1,1,1,0.903625
ຄ້າງ ສັກຊ້ມ,0,0,1,0.583175
ດີຢູ່ ແຕ່.ອາຍຸການນໍາໃຊ້ດາຕາທີ່ມູນໄດ້ມັນນ້ອຍໂພດຢ່າງນ້ອຍກະ2 3ມື້ສາ. ລະກະເມນູຕ່າງໆກະນ້ອຍໂພດ. ທີ່ໃຫ້5ດາວເພາະເປັນແອັບທີ່ຄົນລາວສາມາດໃຊ້ໄດ້. ຂອບໃຈ,1,1,1,0.831405
ຮັກແຮງ,1,1,1,0.903911
ເດັກຊ່າງຮັກຈິງ,1,1,1,0.898906
ມ່ວນຫຼາຍ,1,1,1,0.884151
ຢາກລີ້ນ,1,1,1,0.865047
ມີຄວາມປອດໄພສູງ,1,1,1,0.929399
ໃຊ້ໃດ້ດີວອງໃວເຈົ້າ,1,1,1,0.911091
ບັກຈ່ອຍ,1,1,1,0.82631
ທາງເລຶອກທີດີ ວ່ອງໄວ ທັນໃຈ ໃນການຊື້ສີນຄ້າໃນຍຸກໃຫ່ມ,1,1,1,0.926568
ໃຊ້ງ່າຍ ບໍ່ມີບັນຫາຫຍັງ ຂ້ອຍໃຊ້ແຕ່ສະໃຫມມໍ2 ຕອນນີ້ກະໄດ້15ປີລະເດະ,1,1,0,0.727862
unitelສັນຍານແຮງຊັດເຈນດີ,1,1,1,0.823692
ໂຄດພ່ໍໂຄດແມ່ໂຄສະນາຫ່າມັນນິເບິ່ງຄິບຕອນໃດຂື້ນແຕ່ໂຄສະນາອັນນິຖ້າກູຮູ້ສູນມັນຢຸ່ໃສ່ຊິໄປຈູດຖິ້ມແມ໋ງເລີຍຄໍາລານຫວະ,0,0,0,0.735673
ໂອນຂ້າມໄດ້ຫລາຍທະນາຄານ ຄັກສຸດ ຕອນນີ້ຍົກໃຫ້. ldb trust app,1,1,1,0.718902
ຂ້ອຍມີເງິ່ນຢູ່ນັ້ນເຂົ້າແອັບຄືນບໍ່ໄດ້,0,0,0,0.892827
ໄຊ້ງານງ່າຍ,1,1,1,0.946504
ສະດວບສະບາຍສຸດໆເລີຍ,1,1,1,0.935912
ຄູຈະປະສົບປະການໃນສິ່ງນີ້,1,1,1,0.908361
ໂຄດຫ່ວຍແຮງຟ້າວວຽກເຂົ້າແອບມີແຕ່ບອກວ່າສັນຍານບໍ່ດີເຊຶ່ອມຕໍ່ໃຫມ່,0,0,0,0.945578
ຄືແບບອິຫຍັງຄືຫລີ້ນບໍ່ໄດ້ກົດໂຕສະຕິກເກີ້ລະມັນກະແບບຫມຸນໆຢຸບາງເທື່ອບໍ່ໄດ້ກົດກະເປັນລະກະມັນກະຂຽນວ່າຂາດການເຊື່ອມຕໍ່ຄືແບບເປັນອິຫຍັງໄລຄໍາອໍ້ກະບໍ່ຈັກຈິວ່າເນີ້ສູນ,0,0,0,0.957616
ດີທີ່ມີແບບນິ,1,1,1,0.896087
ດີດີຈຮາ,1,1,1,0.926741
ໂຄດກາກແອບເກົ່າກະດີແລ້ວຫນາປ່ຽນຫາສິແຕກຫຍັງ,0,0,0,0.853125
ມັນດີຫຼາຍ,1,1,1,0.98059
ຮູບຖ່າຍບໍ່ຖືກຕອ້ງບໍ່ສາມາດລົງທະບຽນໄດ້ ດາວໂຫລດແອັບໃຫມ່ຂໍ້ມູນຜິດຄືເກົ່າ ບໍ່ສາມາດລົບຂໍ້ມູນເກົ່າຫລືແກ້ໄຂ້ໃຫ້ຖຶກຕອ້ງໄດ້ແອັບນີ້ບໍ່ເຖິ່ງລູກຄ້າທຸກຄົນເສຍເວລາ,0,0,0,0.969939
ເຕີມບັດບໍ່ໄດ້ຄະແນນແລ້ວປັບປຸງແດ່ແຕ່ກອນໄດ້ດງວນີ້ເຕີມບໍ່ໄດ້,0,0,0,0.965626
ເລືອກດຮ,1,1,1,0.824564
ແມ່ນດີ,1,1,1,0.859975
ຮຸ້ສືກພູມໃຈ,1,1,1,0.882549
ໃສສະດວກສະບາຍບໍ່ຍຸ່ງຍາກ,1,1,1,0.890141
ຄວາມສຸກຂອງຕົວເອງ. p,1,1,1,0.888873
ດາວໂຫລດຊ້າແຖມລົງສະຕໍລີກະບໍໄດ້ປ່ຽນປັບປຸ່ງໄຫມ່ແນ່,0,0,0,0.961597
ສຸດຍອດດີມາກ,1,1,1,0.98731
ຍອມເດີ້ແອັບໂຄດລ້າສະໄຫມກູວ່າເບີກູຕ້ອງຖືກຕັດລະແຫລະ,0,0,0,0.570426
ໂຄສະນາລາຍແຮງມັກແຮງແອັບນີ້ຢາກໃຫ້ເຂົ່າປະໂຄສະນານ້ອຍລົງໄປອີກ,0,0,1,0.555284
ເມສາ,1,1,1,0.850237
ພຽງແຕ່ໃຊ້ລະຫັດແນະນໍາ 53060724 ຈະໄດ້ຮັບເງິນພິເສດຈາກການຊື້ຫວຍແລະເຕີມບັດ30,1,1,1,0.6332
ເນັດຊ້າເກີນໄປ,0,0,0,0.897174
ສອບລິນຄະ,1,1,1,0.81847
ດີດິດີ,1,1,1,0.896817
ໃຊ້ດີແລ້ວແຕ່ໃນເຟສບຸກນີ້ບໍ່ມີການຕິດຕັ້ງຜູ້ຕິດຕາມຕອນນີ້ຢາກໃຫ້ມີຊ່ວຍບອກໃຫ້ເດ່,1,1,1,0.682352
ຊ້າແອັບບໍ່ຄວາມພັດທະນາ,0,0,0,0.802504
ບອກເລີຍວ່າຂາດບໍ່ໄດ້ແອັດນີ້,1,1,0,0.6632
ໃຊ້ງ່າຍແລະສະດວກ,1,1,1,0.970689
ໄມເພັດ ໄອເດຍ,1,1,1,0.876022
ເພດກົດຕິມຕາມໃດ,1,1,1,0.777949
ລືມລະຫັດຜ່ານ,1,1,1,0.688887
ບູນ,1,1,1,0.867811
ຢາກກີນຫຍັງ ກະສັ້ງຊື້ງ່າຍດີ,1,1,1,0.700436
ດີລາຍຟັງເພລງຫລືວີທີໂອໂດຍບໍ່ເສຍຄ່າລາຍ,1,1,1,0.794101
ບໍ່ອານຸມັດຈັກເທືອ,0,0,0,0.532294
ເອົາ4ດາວໄປກ່ອນ,1,1,0,0.556463
ດາວຫນຶ່ງຫລາຍແທ້,1,1,1,0.757741
ດີຫຼາຍຄັກສຸດ,1,1,1,0.967898
ຈາ ແຮະ ຫືຼ ສອນ ຢາກໃຫ້ ທຸກຄົນ ກົດ ໄລ ກົດ ແຊງ ດ້ວຍ ຄວາມ ຈິງ ໃຈ,1,1,1,0.862136
ໃຊ້ດີໆໆໆ,1,1,1,0.965968
ຍຍຍຂາຍມ,1,1,1,0.867445
ໃຊ່ດີໃຊ້ງາຍ,1,1,1,0.92813
ອົດທົນຄືຄົນເກັ່ງ,1,1,1,0.840256
ແກ້ມໃສ,1,1,1,0.744778
ສອບມາກ,1,1,1,0.896087
ມາກຊື້ເລກສຸດໆ,1,1,1,0.758627
ຂອງແທ້ໆຫວ໋າ,1,1,1,0.822205
ຂໍເປີດໃຊ້whatsapp,1,1,1,0.877214
ເຮີປໍ,1,1,1,0.849486
ຢາກໃຫ້ສົມດຸ່ນຫລີ້ນວອງໄວທັນໃຈ,1,1,1,0.95459
ທ້ທໃຮຝຝ່,1,1,1,0.839802
ຂໍໄດ້,1,1,0,0.63522
ສາວ ເຕ້ຍ,1,1,1,0.854155
ມ່ວງ,1,1,1,0.848777
ສວັດດີເປັນຄນົປະຊາຊົນໄປທໍາງານປະເທດໄທທໍາງານສວນຖົວເລຍທີ່ນັນບູລີ,1,1,1,0.831642
ແກ້ໄຂ່ແນ່ເດີເຂົ້າໄປແລ້ວຂ້າງຢູ່ຫນ້າລັກເລິຍ,0,0,0,0.752632
ພັດທະນາໃຫ້ສະດວກຂຶ້ນຕື່ມ ແອັບເຂົ້າບໍ່ໄດ້ເດັ້ງອອກຕະຫລອດ ລະຫັດຂໍ້ຄວາມກະສົ່ງມາບັກຫລາຍໆເທື່ອບໍ່ເຫັນເຂົ້າໄດ້ຈັກອັນ,0,0,0,0.986651
ມັນເດັ້ງ,0,0,0,0.618364
ຄວາມຝານຂໍໃຫ້ເປັນຈິງ,1,1,1,0.858313
ຫມັ່ນອັບເດດເລື້ອຍໆແລ້ວການໃຊ້ງານຈະດີຂື້ນ,1,1,1,0.66962
ຕັ່ງແຕ່ໄສ້ ໂທລະສັບມາກະພູ່ມໄຈຫລາຍແລະຄວາມສຸກກັບ facebook ມາຕະຫລອດ ຂໍ່ຂອບໄຈນໍາບໍລິສັດ ແລະໂຄ່ງການນີ້ທີ່ເຮັດໃຫ້ ຫລາຍລ້ານຄົນຖົ່ວໂລກໄດ້ມີໂອກາດຮງນຮູ້ ແລະໄດ້ປະໂຫຍດນໍາອີກຫລາຍອັນພັນຍ່າງ ທີ່ຕ້ອງກ່ານຍາກຮູ້ຍາກເຫັນໄດ້ເບີ່ງໄດ້ຟັ່ງ ທຸກໆເລື່ອງລາວຕ່າງໆ ສຸດທ້າຍຂໍ່ທຸກໆທ່ານທີ່ໃນ່ໂຄ່ງການ facebook ນີ້ຂໍ່ໃຫ້ມີແຕ່ຄວາມສຸກກາຍສະສະບາຍໄຈ ຕະຫລອດການ,1,1,1,0.707427
ດີສຸດຢອດ,1,1,1,0.94859
ເລືອງເງິນ,1,1,1,0.713284
ເຊື້ອຊາດື ໄຟຟ້າ,1,1,1,0.801092
ດີຫຼາຍໄດ້ຮູ້ຈັກຫຼາຍຄົນ,1,1,1,0.96339
ດີຄືກັນ ສະດວກ,1,1,1,0.920709
ໃຫ້ກໂຫລດໄດ້ແນ່,1,1,1,0.582168
ສະດວກວອງໄວທັນໃຈ,1,1,1,0.976399
ໃຊ້ງານໄດ້ດີຫລາຍໆ,1,1,1,0.985973
ອັບເດດໃຫມ່ໂຄດຫນ້າເບື່ອ ບໍ່ມີຮອດເກມມຸ່ນວົງລໍ້ ແຖມກິນເນັດອີກ ບອກຕົງໆເລີຍວ່າ ແອັບໂຄດກາກ ແກ້ໄຂໃຫ້ເປັນຄືເກົ່າດຽວນີ້ unitel ໃຫ້1ດາວ ຖ້າເປັນໄປໄດ້ຢາກໃຫ້0ດາວ ເພາະວ່າແອັບບໍ່ມີຄວາມຕື່ນຕາຕື່ນໃຈເລີຍ.,0,0,0,0.987613
ໃຊ້ງານສະດວກສະບາຍຂຶ້ນ,1,1,1,0.976288
ກດີນະ,1,1,1,0.908122
ຊອບຄະ,1,1,1,0.874985
ກະດີໃດ໋,1,1,1,0.889838
ຫມາບໍ່ແດກແອບສົ່ງລະຫັດມາແລ້ວແຕ່ເຂົ້າບໍ່ໄດ້ບອກກໍາລັງໂຫລດກູຖ້າເປັນສອງມື້ຍັງໂຫລດຢູ່ຄືເກົ່າ,0,0,0,0.974909
ເຂົ້າບໍ່ໄດ້ເຂົ້າແອບລະມັນເດັ້ງອອກ ແກ້ໄຂ້ແດ່,0,0,0,0.995374
ບບ່ດດ,1,1,1,0.843851
"ໃຊ້ງານສະດວກສະບາຍຍັງມີການໄດ້0,5 ສູງເຖິງ5 ທຸກຄັ້ງສໍາຫລັບການຊື້ທ່ານໃດໂຫລດມາແລ້ວລະຫັດແນາະນໍາແມ່ນ00687099",1,1,1,0.727464
ເຂົ້າແອບບໍ່ໄດ້ເຂົ້າດັງອອກເຂົາເດັງອອກ,0,0,0,0.987594
ມີປະໂຫຍດ.ປະຢັດເງິນງ່າຍສະດວກ.ດີທຸກຢ່າງ,1,1,1,0.956369
ສາຍນ້ໍາ,1,1,1,0.842576
ຢາກລົງທະບງນເຈົ້າເພາະວາ່ສືໂທລອສັບໄຫມມາບໍຮູ້ຫັຍງເລີຍເຈົ້າ,1,1,1,0.670864
ແອັບນີ້ຫວຍແຕກສຸດຕອນນີ້,0,0,0,0.661134
ຂອ້ຍຮັກເຂົາ,1,1,1,0.867352
ອັດເດດວັນທີ 31 10 2022 ກົດເຂົ້າແອັບບໍ່ໄດ້ເລີຍ ເດັ້ງອອກຕະຫຼອດ,0,0,0,0.98767
ສະດວກ ວ່ອງໄວ ປອດໄພ,1,1,1,0.966601
ດີໆ.ສະດວກປອດໄພໄປກັບsokxay plus ເລກເນະນໍາ22302400.,1,1,1,0.897366
ຂໍໃຫ້ປັບປຸງວິທີ່ການລົງທະບຽນແດ່ເດີ ເວລາຖ່າຍຮູບໃຫ້ຖືກວິທີ່ຕາມກໍານົດແມ່ນຍຸ້ງຍາກຫລາຍ ຖ່າຍແນວໃດກໍບໍ່ຜ່ານ ແລະເວລາເຂົ້າແອັບຯບາງເທື່ອມັນບໍ່ໄດ້ ຢູ່ດີໆກະເດັງອອກ ເອົາເບີໃສ່ກະອອກຕະຫລອດ ທໍາອິດກະຄິດວ່າເປັນນໍາໂທລະສັບຂ້ອຍແຕ່ບໍ່ແມ່ນ.ປ່ຽນໂທລະສັບລົງທະບຽນໄດ້3ຫນ່ວຍແລ້ວບໍ່ຜ່ານຈັກເທື່ອຍ້ອນເຂົ້າແອັບບໍ່ໄດ້ ຂໍໃຫ້ປັບປຸງແດ່ເດີ ຂອບໃຈ,0,0,0,0.99687
ຄືບໍ່ໄດ້ຄືເກົ່າ ແຍໆ,0,0,0,0.952733
ແອັບຫູຂີ້ລິນຍັງບໍໄຜດ້ລະບົບຂີ້ກາກ,0,0,0,0.953868
ຂະຫຍາຍສາຂາໃຫ້ມັນທົ່ວປະເທດແຂ່ງກັບອະນຸສິດ ຮຸ່ງອະລຸນເລີຍ,1,1,1,0.709671
ຂໍເປັນກໍາລັງໃຈໄຫ້ພວກທ່ານພັດທະນາແອັບ mocha ຂ້ອຍມັກຫລາຍຄະແນນໄຫ້ເຕັມ100,1,1,1,0.900447
ອອນລາຍ,1,1,1,0.905238
ມັກແອັບນີ້,1,1,1,0.854818
ປັບປຸງໃຫ້ດີກວ່ານີ້,1,1,0,0.688278
ມີຄວາມຫມາຍ,1,1,1,0.902443
ແອັບທີ່ໃຊ້ງ່າຍທັນສະໃຫມຕ້ອງແມ່ນ lvbdigibank,1,1,1,0.882596
ຮູ້ສຶກມັນເປັນສີ່ງທີ່ດີໆ,1,1,1,0.834909
ກາກ ຫມູນກະບໍໃດ້ ເອົາອອກສາ,0,0,0,0.774487
ດີເດັນຫລາຍຂໍຂອບໃຈ,1,1,1,0.943323
ລົງທະບຽນຍາກແຮງ,0,0,0,0.915619
ອັບເດດແລ້ວກະຊ່ວຍເຮັດໃຫ້ມັນດີແນ່ອັບມາມີແຕ່ປັນຫາກູລະອົກແອບນີ້ຍ້ອນ,0,0,0,0.771775
ຢາກຊ້າເດີ,1,1,1,0.637603
ຊ້າ. ຂໍ້ມູນຮ້ານບໍ່ມີ.,0,0,0,0.830785
ແອັບຫ່ວຍແຕກ ໂຫລດມາເຮັດຫຍັງກະບໍ່ໄດ້ ເຂົ້າຫຍັງກະບໍ່ໄດ້ ບໍ່ໄດ້ຂີ້ຫມາປາແດກເຮ້ຍຫຍັງຊ້ໍາ,0,0,0,0.998942
ຄີາສກ,1,1,1,0.837514
ແອັບນີມັນເປັນຍັງໃຊ້ເບີລົງທະບຽນພໍ່ກອບຂໍ່ມູນເອກກະສ້ານຈະສໍາເລັດມັນຄື່ມັກເດັງອອກເອງວະເຮັດເປັນ100ເທີ່ອເປັນຄື່ກັນມົດທຸກເທີ່ອບໍ່ຜານເດີແອັບນີ,0,0,0,0.860652
ມັນດີອີຫລີ,1,1,1,0.915114
ດີຫລາຍໄວ້ແທ້,1,1,1,0.961831
ແອັບສົ້ນຕີນລັອກອິນພໍ່ມຶງຕາຍ,0,0,0,0.890843
ເຂົາກອງສະແກນຈາຍສົດບໍ່ໄດ້ມັນມຶດ,0,0,0,0.826056
ສະດວກດີຫລາຍ,1,1,1,0.990447
ໄດ້ພໍສິ່ງໄຫມ່ໆມີເພື່ອນຫລາຍຂຶ້ນໂລກເຮົາສວນຕົວຂອງເຮົາກ້ວາງອອກ,1,1,1,0.86284
ງາຍ ສະດວກສະບາຍ ຖືກໃຈ,1,1,1,0.985943
ເບື່ອໂຕບັງຄັບປຽ່ນລະຫັດນີ້ແລະໃສລະຫັດເກົ່າເສືອກວ່າບໍ່ຖືກ,0,0,0,0.780683
ພີດາວ,1,1,1,0.797209
ຜູ້ດູແລ່ກຸ່ມບາ່ວໂສດຄົນຈິງໃຈ.ນອ້ຍຄົນຈີງໃຈ.,1,1,1,0.901467
ໂຄດຫ່ວຍແຕກສະຫມັກກະເດັ້ງອອກຄືນແຖມຍັງໄດ້ເສຍເງິນຄ່າສະແກນບັດກວດວັກຊີນອີກ20ພັນຜີບ້າເອີ້ຍ,0,0,0,0.932153
ໄຊດີຫລາຍ ສັນຍານກະແຮງ,1,1,1,0.917308
ສຽງແຊັດ,1,1,1,0.807503
ດິຈາ,1,1,1,0.844276
ສະມັກບໍ່ໄດ້ມັນລົງທະບຽນໃບຫນ້າບໍ່ໄດ້ແກ້ໃດດຸເປັນສິບເທື່ອລະກະຍັງບໍ່ໄດ້ຍຸແກ້ໃຫ້ແນ່,0,0,0,0.986057
ຂູປ,1,1,1,0.837514
ລົງທະບຽນບໍ່ໄດ້ເດີ້ແອັບມັນບໍ່ໃຫ້ລົງ,0,0,0,0.985442
ຫນ້າຮັກ,1,1,1,0.882903
໑ອໂສຂ,1,1,1,0.837514
ດີໃຈທີ່ໄດ້ນາໍາໃສ່ບໍລີການ tplus,1,1,1,0.883259
ຂໍເປີດwhatsapp,1,1,1,0.882392
ແຊັດໄວໄດ້ດັ່ງໃຈ,1,1,1,0.809895
ມີປະໂຫຍດຫລາຍ,1,1,1,0.920925
ແກ້ໄຂແນ່ເວລາທີ່ຫມຸນໄດ້ລະບໍ່ເຄີຍສົ່ງໃຫ້ປັບປຸງແນ່,0,0,0,0.954202
ນາງສຸກ,1,1,1,0.919897
ຂາວໃນ,1,1,1,0.817185
ຮຽນມານ້ອຍແລະດ້ອຍຄວາມຮູ້,1,1,1,0.910309
ຮຶຮຶ່ຮືຮ່,1,1,1,0.837514
ໂຄສະນາຕະຫລອດ ລໍາຄານ,0,0,0,0.85566
ແອບດີໆຂໍໃຫ້ພັດທະນາຕໍ່ໄປ,1,1,1,0.909842
ດີຫລາຍ very nice,1,1,1,0.967861
ດີໃຈລາຍ,1,1,1,0.925385
ມັກລະາຍໆໆ,1,1,1,0.855595
ຄັກຢູງ່າຍໆ ຢູ່ໃສກະໄດ້,1,1,1,0.897218
ຄຸນຍອດແຢ່ມ,1,1,1,0.892744
ມັກແອັບລາວຫລາຍໆມີໂປຣໂມຊັ້ນຕລອດ,1,1,1,0.73836
ປັນເທືອໄດກະບໍໄດ້ຂີ້ຖີເກີນ,0,0,0,0.913488
ໃຊ້ດີອີ່ຫຼີເຮົາຕັ້ງໃຫ້ອິນເຕີເນັດໃຊ້4m,1,1,1,0.822647
ໂຫຍໂສດໃດ,1,1,1,0.84706
ໃຊ້ຕໍ່ໄປ,1,1,1,0.849282
ທຸກຢາງດີ,1,1,1,0.875769
ພະດີມີໂຊ້ກເດີ,1,1,1,0.890888
ເປະຫລາຍ,1,1,1,0.865153
ໂອນຂ້າມທະນາຄານແລ້ວມາເບິ່ງໃນລາຍການເຄື່ອນໄຫວບັນຊີຄືບໍ່ເຫັນຊື່ບັນຊີປາຍທາງເລີຍວ່າງເປົ່າ ແກ້ໄຂແນ່ຫນ້າຈະດີ ການແຈ້ງເຕືອນກໍ່ບໍ່ມີ ຖ້າມີຫນ້າຈະດີ,0,0,0,0.908293
ຊວນເພື່ອນແລ້ວຄືບໍ່ເຫັນໃດ້ຂອ້ງຂວັນຢະສູນເອີຍ,0,0,0,0.754571
ມັກຫຼີ້ນ ສຸດໆ,1,1,1,0.926535
ໂອເຄທຸດເຫດການ,1,1,1,0.885914
ອິດ,1,1,1,0.835622
ດີທິສຸດ,1,1,1,0.917049
ວົ່ງໄວທັນໃຈ,1,1,1,0.953198
ມັກສະນຸກດີ,1,1,1,0.935841
ມັກທຸກທຸກຢ່າງ,1,1,1,0.916295
ມາຮັກກັບຂ້ອຍໄດ້ບໍ່,1,1,1,0.801382
ດີໄຈຫລາຍທີ່ສຸດ.ທີ່ໄດ້ມານໍາໃຊ້ແອບນີ້,1,1,1,0.910915
ຕ້ອງອັບໂຫລດຕລອດເວລາ,0,0,1,0.516899
ສັງອາຫານໄມ່ໄດ້,1,1,1,0.662121
ເຂົ້າລະຫັດແລ້ວເດັ້ງອອກມາຄືນ,0,0,0,0.944567
ມສ ນຕັ່ວ,1,1,1,0.827766
ປັງປຸງແນ່ເດີຂີ້ຖີ່ໂພດປິນກະບໍ່ໄດ້ເນັດຄັນຂີ້ີ່ຖີ່ກະຢ່າເຮັດສາແອັພນີ້ອາຍປະເທດອື່ນເຂົາ ເຮັດຫຍັງກະບໍ່ຄັກຄືເຂົາ ພັດທະນາແດ່ ແອັພກະຈອກໂພດ,0,0,0,0.982969
ໃຈດີ,1,1,1,0.891421
ແດດ,1,1,1,0.803341
ລົງທະບຽນໃຊ້ງານງ່າຍ,1,1,1,0.657844
koຖຶກໃຈ,1,1,1,0.878145
ຂ້ອຍເປັນຄົນທີ່ໄຈນ້ອຍແຕ່ຂ້ອຍກະບໍ່ເຄີຍເວົ້າໄຫ້ບຸກຄົນອື່ນໆແລະຂ້ອຍກະເວົ້າວ່າຈ້າກັບໄພໆອີກເຖິງໄຈຈະນ່ອຍແຕ່ວ່າຂ້ອຍບໍ່ເຄີຍຄໍາເວ້າທີ່ບໍ່ສຸພາບຫຼືວ່າບາງຄົນເຖິ່ງໄຈຈະໄຫຍ່ກໍຕາມແຕ່ວ່າການວ່າຈາບໍ່ສຸພາບກະບໍ່ຄວ່າມມາຍຍັງດອກ.ຂ້ອຍເປັນຄົນທີ່ມັກຄວ່າມສະນຸດສະນານແລະເປັນຄົນທີ່ມັກການສະມັກຂີແລະເປັນຄົນມັກຄວາມເຮຮາແລະຂ້ອຍເປັນຄົນມັກການຮອງເພງລາຍໆແລະຂ້ອຍກໍມັກການເລ່ນເກ່ມແບບມີຄວາມຮູ້ໄດ້ພອມດ້ວຍຂອບໄຈ.ຕອນນີກໍຈະເວ້າເຖິ່ງການແບບບໍ່ເວ້າກັບຜູ້ອື່ນຫລືວ່າເພື່ອນໆແລະພໍ່ແມ່.ຜູ້ໄຫຍ່ແລະບໍ່ດູຖູກຄົນອີກເວ້າມ່ວນອອ່ນວ່ານບາດນີຈະເຖິ່ງແບບສົມເຜົ້າຂອງແຕ່ບຸກຄົ,1,1,1,0.582825
ສະດວກສະບາຍໃນການຊື້ເລກຖືກປຸບໂອນປັບທັນທີ,1,1,1,0.92454
ແອບຮັກ,1,1,1,0.803953
ຮ້ານ,1,1,1,0.588517
ຈັນດີ,1,1,1,0.945541
ມັນເຮັດໃຫ້ຮູ້ຫລາຍຢ່າງ ຫລີ້ນສະດວກສະບາຍ ຕີດຕໍ່ຫາກັນງ່າຍຂື້ນ,1,1,1,0.95888
ເນັດຊ້າແຮງຂະນາດສະມັດລາຍເດືອນຍັງຊ້າບາງເທື່ອສັນຍານຂາດຫາຍກະມີ,0,0,0,0.835142
ອັບເດດຄັ້ງນີ້ດີຫລາຍ ພັດທະນາຕໍ່ໄປ,1,1,1,0.842368
ໂຄດກາກເລີຍສູ້ໆ,0,0,0,0.715889
ໃຫ້ພໍ່ມືງລົງແມ້ ແອບນີ້ ເກັ່ງອອກຕະຫລອດ,0,0,0,0.817724
ຂໍຂອບໃຈທີໄຫ້ນໍາໄຊ້,1,1,1,0.955304
ສ້າງapp ນີ້ມາເພື່ອຫຍັງ. ຖ້າໃຊ້ບໍລິການຫຍັງກະບໍ່ໄດ້ເລີ່ຍ. ລົ່ງທະບຽນຈັກເທື່ອກະບໍ່ໄດ້. ລົບລ້າງໄປຊະ app ຂີ້ຕົວະ app ຂີ້ໂກງ,0,0,0,0.984749
ດິທີຊູນ,1,1,1,0.83694
ທ້າວ ພຸດທະວົງ ຫລວງອາມາດ,1,1,1,0.887581
ເລືອກຖ່ຍຮູບ,1,1,1,0.761033
ມັນຄືລົບບັນຊີບໍ່ໄດ້,0,0,0,0.897143
ຟິວເຕີ້ແລະເພງ,1,1,1,0.808782
ໄວທັນໃຈເຄື່ອງບໍ່ມີເສຍ,1,1,1,0.607829
ຂີ້ຖີແບບນີ້ຍັງກ້າສ້າງແອັບຄວຍສະຖຸນເກີນລົບແມ້ງ,0,0,0,0.807836
ດິໆທຮ,1,1,1,0.837514
ໃຊ້ດີຫລາຍແອບນີ້,1,1,1,0.982757
ໂກຍ່7778,1,1,1,0.842157
coogle ແມ່ນເອັບທີ່ສາມາດນ້ໍາໃຊ້ໄດ້ ຖ້າທຸກຄົນມີບັນຫ້າຕ່າງໆຂ້ອງໂທລະຊັບມືຖື່ ແມນສາມາດສຶກສາລາຍລະອຽດ ແລະ ຊ້ອຍເຫຼືອໃຫ້ຄໍາແນະໃນການແກໄຂ້ ຕິດຕັ້ງ ຂໍມູນໃດ້ທ້ານໄດ້,1,1,1,0.716005
ມືນ້ອຍ,1,1,1,0.885164
ໃຊ້ດີຫຼາຍໆເດີຂອບໄຈ,1,1,1,0.987235
ໃນແອັບບໍ່ມີການຖືກເລກຂ້າງຄຽງ,0,0,0,0.805398
ກະດີຢູ່ເດີ່,1,1,1,0.897903
ກະok,1,1,1,0.852055
ການໄຊ້ງານທີດີໄດ້ດີທີສຸດແມ່ນແອບນີເລີຍພອ້ມກັບການແນະນໍາທີດີມາກ,1,1,1,0.945844
ຮູຂີ້ລ້າງເຄື່ອງໂທລະສັບໃຫ່ມໂຫລດມາເຂົ້າສູ່ລະບົບແນວໃດກະບໍໄດ້ຊິເຊົາໃຊ້ແລ້ວເດີຊິໄປເປີດບັນຊີທະນາຄານການຄ້າແທນແບບນິ,0,0,0,0.96508
ຫວຍແຕກຫຼົ້ມຕະຫຼອດ,0,0,0,0.802408
ມັກຄົ້ນຫາ,1,1,1,0.780706
ສົ່ງລະຫັດ6ໂຕຊ້າເກີນໄປບາງເທື່ອກອບເບີເຂົ້າເປັນສີບເທື່ອຍັງບໍ່ສົ່ງມາເອົາໄປດາວດຽວພໍລະກັບແອັບແບບນີ້,0,0,0,0.982713
ສະແກນໃບຫນ້າບໍ່ໄດ້,0,0,0,0.857261
ສ້ດນບາອ່ນ,1,1,1,0.808471
ແຊບໆ,1,1,1,0.87558
ເຊຍ,1,1,1,0.837514
ສິເຮັດມາເພືອໂຫລດມາກະໄຊ້ບໍ່ໄດ້ແຖມຍັງເປັນພາສານອນໃສພາສາລາວເປັນຫຍັງ,0,0,0,0.890675
ຍອມພາກັນພີມພາສາໄທລະ ພີມບໍ່ຖືກອີກທັງທີ່ຕົວເອງເປັນຄົນລາວ,0,0,1,0.704692
ຮູ້ສືກພຸມໃຈກັບແອັບນີ້,1,1,1,0.840734
ແອບດີແຕ່ເມື່ອຖືກໂອນເງິນເຂົ້າເປັນຈໍານວນຫລາຍຍັງມີຂໍ້ຂັດຂ້ອງແລະບໍ່ໄດ້ຮັບເງິນ,1,1,0,0.876192
ເປັນສ່ວນຕົວ,1,1,1,0.830489
ໃຫ້ດາວ1ພໍແອັບມັນເປັນຫຍັງວ່ະແສັດຫາຄົນແອບມັກເຂົາບໍ່ຕອບແຖມບ໋ອກ,0,0,0,0.878714
ມາໃຫມ່ອາດຊິດີກ່ວາເກົ່າ,1,1,1,0.553649
ນອ້ງ ຈາງ,1,1,1,0.869627
ຂໍແຕ່ຕອນນີ້ໄດ້ມີຄວາມເປັນຫຍັງກະວ່າຊິໄດ້ຮັບເອົາ,1,1,0,0.628041
ໄດ້ເງິນເຮັ່ງແລ້ວຂອບໃຈເດີຕົກໃຈເບິດບໍ່ເຫັນເງິນເຂົ້າບັນຊີກະເລີຍນ້ອຍໃຈ,1,1,0,0.78328
ໄຊ້ມາຫລາຍປີຜິດຫວັງແຮງລົບແວເຂົ້າບໍ່ໄດ້,0,0,0,0.858099
ເຂົ້າຮ່ວມດູພາບສົ່ງເຖີງທຸກໆຄົນແລະໄດ້ເຫັນພວກເຮົາອີກດ້ວຍກັນ,1,1,1,0.767971
ລະຫັດຜ່ານ,1,1,1,0.589149
ສູ່ງານເພື່ອວັນຂ້າງຫນ້າ,1,1,1,0.73906
ກສດີຢູ່,1,1,1,0.94834
ຫລີ້ນດີໄວ,1,1,1,0.893047
ໂອດີ,1,1,1,0.837514
ກະພໍໃຊ້,1,1,1,0.865811
ຄະນະບາ,1,1,1,0.886382
ເຄືອຂ່າຍຢູນີເທວໃນເຂດຊົນນະບົດບໍ່ຄ່ອຍດີປານໃດແຕ່ຊີມໂທແມ່ນສັນຍານດີ.ຖ້າເປີດເນັດແລ້ວສັນຍານຈະຂາດໆຫາຍໆ,1,1,0,0.503315
ຕີດຕັ້ງກະບອກຂັດຂ້ອງ,0,0,0,0.592983
ດີໆທີ່ສຸດ,1,1,1,0.931178
ບໍ່ໄດ້ເລື້ອງ,0,0,0,0.919831
ງ່າຍແລະໃວາະດວກສະບາຍຕໍ່ການຕິດຕໍ່,1,1,1,0.972134
ເຂົ້າແມັດເຊັນເຈີຍາກໆ,0,0,0,0.625485
ໂຫຼດມາແລ້ວເຮັດຫຍັງກະບໍ່ໄດ້,0,0,0,0.989804
ໃຫ້ຄະແນນແອັບນີ້ກັບບັນຊີຂອງຂ້ອຍເອງ,1,1,1,0.714416
ປະເມນສິງ,1,1,1,0.849073
ໃຊ້ງານຢ່າງວອງໄວ,1,1,1,0.903338
ແອດນີ້ກາກທີສຸດເລີຍຫມູນທຸກຄຮັ້ງບໍ່ໄດ້ເລີຍ,0,0,0,0.791219
ດີຫຼາຍບໍ່ເຄີຍເຮັດໄຫ້ຜິດຫວັງ,1,1,1,0.776048
ໂອກາດຫນ້າ ຫລືຊາດຫນ້າກັນແທ້ ຫມູນບໍ່ເຄີຍໄດ້ຫຍັງ ໄດ້ແຕ່ເຊີນຫມູ່ລະກະຟັງເພລງ ອັບເດດມາໄຫມ່ບໍ່ໄດ້ຫຍັງຈັກລີ້ ໂພດໂພ,0,0,0,0.92628
ຂ້ອງຜົນບໍ່ຮູ້ເປັນຫຍັງຢູ່ຊື່ໆກະເຂົ້າບໍ່ໄດ້,0,0,0,0.95019
ໃຊ້ໂທກັບຄົນທີ່ຢູ່ໄກໄດ້,1,1,1,0.884446
ສູ້ງໆ,1,1,1,0.858868
ໃຊ້ດີ,1,1,1,0.990699
ແກ້ໄຂໄຫ້ແດເຂົ້າບໍໄດແລວດງວນິ,1,1,0,0.865623
ໃຊ້ດີພັດທະນາຕໍ່ໄປ,1,1,1,0.944104
ສະດວກໃນການທັນໃຈ,1,1,1,0.965564
ໄວສະດວກ,1,1,1,0.953475
ແຮງອັບແຮງໃຊ້ບໍ່ໄດ້,0,0,0,0.89887
ໃຊ້ງາຍສະດວກ ບໍລິການດີ ສົ່ງໄວ ອາຫານບໍ່ເສຍຫາຍແລະສະດວກສະບາຍ,1,1,1,0.932559
ເຂົ້າແອບບໍ່ໄດ້ເລີຍ,0,0,0,0.996404
ຖຖູ,1,1,1,0.837514
ເປັນຫຍັງຄືຕ້ອງເຂົ້າຍາກຂະຫນາດນີ້ ຕອນແລກກະງ່າຍດີ ຫລັງໆເລີ່ມເຂົ້າຍາກລະ,0,0,0,0.775552
ດີຂື້ນ ແລະໄວທັນໃຈ,1,1,1,0.932714
ປີນີ້ເຢຟດຫລິ້ນໄຮ່ນຸກເລີຍ,1,1,1,0.826188
ແອັບນີ້ດີແຮງໃຜຫຼີ້ນຈະຕ້ອງຕິດໃຈຢ່າງແນ່ນອນ,1,1,1,0.890822
ໃຫ້ນະແນນແອບນີ້,1,1,1,0.761269
ເບິ່ງງາຍສະບາຍ,1,1,1,0.94015
ໂລດບໍ່ໄດ່,0,0,0,0.893038
ຮັກເມີດໃຈ,1,1,1,0.904263
ຫົງ,0,0,1,0.863206
ລົງທະບຽນໃຊ້ແອັບຍັງບໍ່ໄດ້ລະ,0,0,0,0.963112
ແຊັດຫມູ່ມ່ວນຫຼາຍເຮັດຕໍ່ໄປ,1,1,1,0.771002
ດແດດ,1,1,1,0.809398
ແກ້ໃຫມ່ເດີຕອນນັ້ນຫລົງຜິດແຕ່ຕອນນີ້ບໍ່ໃດ້ເລື້ອງເລີຍດີຫຼາຍຫມຸນມື້ໃດ໋ກະໃດ້ມື້ນັ້ນຖືງຈະເປັນເງີນໂປໂມຊັ້ນກະຍັງດີກວ່າບໍ່ໃດ້ຫຍັງຖ້າຈະເປັນໄປໃດ້ຢາກຂໍໃຫ້ວົງລໍ້ຫມຸນບໍ່ຊ້ໍາໂຕເກົ່າຄືສິດີກວ່ານີ້ແຕຊ່ໍານີ້ກະວ່າດີແລ້ວພັດທະນາຕໍ່ໄປເດີunitelສູນບໍລິການລູກຄ້າ unitelພັດທະນາລູກຄ້າ ລູກຄ້າພັດທະນາunitel,0,0,0,0.890797
ຂອບໃຈ ໃຊ້ງານໃນວິຖີປະຈໍາວັນ,1,1,1,0.923449
ຂໍດາຕ້າ500mbແດ່,1,1,1,0.709133
ລະຫັດ51000732ໃຊ້ດີໄດ້ເງີນທຸກມື້ຮັບສອນເດີ,1,1,1,0.820052
"ດາວໂຫຼດບໍ່ໄດ້ ເລືອກໂທລະສັບອີກ, ຍັງມີປັນຫາກັບໂທລະສັບຫຼາຍລຸ້ນ",0,0,0,0.879062
ແຊັດໄດ້ດີໂທໄດ້ດີຄັກແທ້ແມ່ນແຊັດຟຣີໂທວິດີໂອຟຣີຫັນລະຄັກນ່າ,1,1,1,0.84653
ຄວນປັບປຸງຕື່ມ ເຂົ້າແອັບຫຼິ້ນເກມຂ້ອນຂ້າງຊ້າ ແລະມັກຄ້າງ ພ້ອມທັງເພີ່ມສະຕິກເກີ້ສຽງແບບໃຫມ່ແນ່,0,0,0,0.911523
ຫຼຸດຕະຫຼອດເຂົ້າລັອກອີນບໍ່ໄດ້ຍາມເລກອອກຫຼຸດອີກແລະ,0,0,0,0.91354
ອັບເດດມາໃຫມ່ແຮງຮ່ວຍເລີຍແຮງຄືຜີບ້ານິ ເວລາແຊກະບໍ່ເຫັນຫົວຜູ້ແຊແຮງກະເຕັກ ກະເຮັດໃຫ້ມັນດີໆແນ້,0,0,0,0.892601
ເຂົ້າລະເດັ້ງອອກຕະຫລອກ ລະສິໃຫ້ກູລົງທະບຽນຈັ່ງໃດເບາະ,0,0,0,0.950132
ດທມແພອນ,1,1,1,0.863649
ໄວແນ່,1,1,1,0.762792
ອະທິບາຍ,1,1,1,0.85516
ສັ່ງກະບໍ່ໄດ້ຈັກເທື່ອ.ຍາມໃດກະບໍ່ສາມາດຮັບອໍເດີ້ທ່ານໄດ້ຕະຫລອດສັ່ງໄປ7.8ອັນບໍ່ໄດ້ຈັກອັນ,0,0,0,0.981684
ຂອບໃຈທີ່ໃຫ້ຊົມໃຊ້,1,1,1,0.947734
ຫມູນຖືກຊ່ອງໄດ້ເນັດ ພັດບາດແຊຣ໌ແລ້ວບໍ່ໄດ້ເນັດຫມາຍຄວາມວ່າແນວໃດແບບນິ ໂກງກັນຊັດໆ,0,0,0,0.838443
ກາຍຍາມແກ້ໄຂແລ້ວ ເຂົ້າລະເດັ່ງອອກ ພັດທະນາຕໍ່ໄປແດ່,0,0,0,0.877253
ບໍລິການວ່ອງໄວ ແລະ ທັນໃຈ,1,1,1,0.948417
ຕັ້ງຍາກໆ,0,0,0,0.845703
ຂຸມໃຈທີສຸດ,1,1,1,0.936572
ຢາກໃຫ້ມີການຄົ້ນຫາເພງໄດ້,1,1,1,0.833
ຕັ້ງແຟັດໄຫ່ມ,1,1,1,0.701404
ດາວໂຫຼດແອບກະຍາກ ດາວໂຫຼດບໍ່ໄດ້ຊ້ໍາ,0,0,0,0.955485
ໃຊ້ດີໆ,1,1,1,0.980775
"unitelໃຫ້ຊີວິດທີສົດໄສທັນໃຈວອ່ງໄວໃຫ້ແກ້ລູກຄ້າ, ພັດທະນາພຽ່ງ11ປີກວມເອົ້າ1000ເປີເຊັນສັນຍານກວ້າງຂວາງ, bank on mobile as umoney",1,1,1,0.765655
ໄຊ້ປົກະຕິ,1,1,1,0.840062
ເອົາໄປ2ດາວຫມຸນບໍ່ໄດ້ຈັກມື້ເລີຍ,0,0,0,0.928964
ຊອບໃຈ,1,1,1,0.961567
ທເສືອງ,1,1,1,0.768522
ກາກແຮງແອບບໍ່ສະຖຽນ ກາກທັ້ງເນັດນ້ນແຫລະ unitel ເນັດຫລອກລວງປະຊາຊົນ,0,0,0,0.822896
ດີຫລາຍແລ້ວ,1,1,1,0.936265
ຜູ້ບ່າວມືສອງ,1,1,1,0.776675
ຢາກໃຫ້ມີບໍລິການwechat play ດ້ວຍນະ,1,1,1,0.899027
ສາຍໃນດີມາ,1,1,1,0.964346
ຂໍເປີດແອບນີ້,1,1,1,0.791153
ກາກໆໆທ,0,0,0,0.502265
ສຸດສຸດ,1,1,1,0.908844
ປ່ຽນໂທລະສັບໃຫມ່,0,0,1,0.568138
ມ້ນຖືກກັບຄວາມເປັນຈິງ,1,1,1,0.752747
ມີຂ່າວສານດີ,1,1,1,0.934376
ສັກສັດ,1,1,1,0.859032
ທົວໄປ,1,1,1,0.835659
ຊ່ວງນີ້ເຂົ້າຍາກຫຼາຍຄືວ່າມີບັນຫາຕະຫຼອດໃຊ້ບໍ່ໄດ້ເລີຍຊ່ວງນີ້ຄວນປັບປຸ່ງດ່ວນ,0,0,0,0.982591
ເກືອບຄົບທຸກຄວາມຕ້ອງການໃຊ້ງານ.,1,1,1,0.889455
ຮສຮເທຍ,1,1,1,0.837514
ສະດວກໃນການເຮັດທຸລະກໍາດ້ານການເງິນ,1,1,1,0.838948
ຂ້ອຍໃຊ້ມາ13ປີແລ້ວ ດີຫລາບ,1,1,1,0.937193
ໃຊ້ງານດີໆລາຍ,1,1,1,0.951892
ຄັກຫລາຍຊ່ວຍໄດ້ຫລາຍຢ່າງ,1,1,1,0.934136
ຈະຈ່າຍຄ່າວາຍຟາຍ ລໍຖ້າລະຫັດ otp ກະບໍສົ່ງໃຫ້ແກ້ໄຂດ່ວນ,0,0,0,0.880192
okຝາກແນ່50109333,1,1,1,0.804016
ອັບເດດແລ້ວແຕ່ສົ່ງຮູບບໍ່ໄດ້ແລ້ວຍັງຟັງສຽງທີ່ເພື່ອນວໍມາບໍ່ໄດ້ອີກ,0,0,0,0.974954
ບລ້,1,1,1,0.830267
ໃຊ້ງານດີ ມີປະໂຫຍດ ໂຄດສະດວກ,1,1,1,0.929615
ມີຄວາມສະດວກສະບາຍ ທັນສະໄຫມມີຄວາມຮູ້ມີສາລະແລະການສື່ສານແລະອື່ນໆ,1,1,1,0.977493
ດີຜລາຍ,1,1,1,0.88365
ອັບເດດແລ້ວ ເຂົ້າບໍ່ໄດ້ເລີຍຈັກເປັນຫຍັງ,0,0,0,0.996909
ສະດວກສະບາຍດີມາກ,1,1,1,0.996116
ໂພດບໍອອກຄືຂີ່ນິ,0,0,1,0.528988
ອ່າຢາກໃຫ້ປັບປຸງແອພຕື່ມ ຕອນທີ່ສົ່ງລະຫັດມາໃຫ້ແລ້ວ ເຮົາຊິປ້ອນລະຫັດກະຂຶ້ນວ່າໃຫ້ເປິດໂລເຄຊັ່ນນໍາອັນນີ້ແມ່ນປົກກະຕິບໍ ບັດໃສ່ລະຫັດແລ້ວກະຂຶ້ນວ່າເບີຂອງທ່ານບໍ່ທັນລົງທະບຽນ ແລ້ວເຮົາກະກົດໄປບ່ອນນັ້ນກະເດັ້ງອອກມາຕະຫລອດເລີຍ ບໍ່ໄປໃສ່ຈັກເທື່ອລົບຖິ້ມໂຫລດໃຫມ່ກະຫຍັງເປັນຄືກັນ ສະຫລຸບແມ່ນລົງທະບຽນບໍ່ໄດ້ຈ້າ,0,0,0,0.993177
ຖ້າໃຫ້ຄົນອືນມັນກະເປືອງ,1,1,1,0.540948
ມະນີວັນ ມະນີວົງ,1,1,1,0.877167
ສໄນະຸ,1,1,1,0.837514
ສຸດຍວດ,1,1,1,0.959815
ຮູ້ນອ້ຍຫນືງ,1,1,1,0.885018
ຈະເລີມໃຊ້ງານ,1,1,1,0.836301
ລຽງທໍາມະນູນ,1,1,1,0.87002
ຊວງນີສັນຍານຊ້າລົງ,1,1,0,0.508803
ປັບປຸ່ງແດ່ເຂົ້າລະເດັງອອກກັບຕອນສົ່ງລະຫັດຜ່ານກະບໍ່ໄດ້,0,0,0,0.992771
ມືໄຫມ່,1,1,1,0.799981
ສະພາ,1,1,1,0.840397
ມີປະໂຫຍດລາຍຢ່າງ,1,1,1,0.932927
ພອໃຊ້,1,1,1,0.860551
ເປັນແອັບທີ່ຕ້ອງບອກເລີຍວ່າຖ້າໂຫລດມາແມ່ນເສຍດາຍພື້ນທີ່ຊື່ໆວົງລໍ້ຫມູນກະໃຫ້ຫມູນຊື່ໆແຕ່ບໍ່ໄດ້ຫັຍງດາຕ້າທີ່ເຄີຍໄດ້ກະບໍ່ໄດ້ເວລາຈະເຂົ້າແອັບແຕ່ລະຄັ້ງກະຕ້ອງລ໋ອກອິນໃຫມ່ສົ່ງລະຫັດໃຫມ່ຕະຫລອດມັນເສຍເວລາເສຍດາຍຄິດວ່າຈະພັດທະນາໃຫ້ດີກວ່ານີ້ແຕ່ບໍ່ມີຫຍັງດີເລີຍຢາກໃຫ້ປັບປຸງຄືນໃຫມ່ແນ່ເດີໃຫ້ສົມກັບເປັນເຄືອຂ່າຍອັນດັບ1ແບບທີ່ເວົ້າສ່ໍາແອັບດີໆມີຄຸນນະພາບຍັງເຮັດບໍ່ໄດ້.,0,0,0,0.990853
ຢາກມີຄົນຕິດຕາມແຮ່,1,1,1,0.871702
ໃຊ້ລອງເບີ່ງກ່ອນຄັນດີກະເອົາໄປ5ດາວເລີຍ,1,1,1,0.826302
ເປັນ ຫຍັງ ກິນເງິນຫຼາຍ ແທ້,1,1,0,0.509349
ບາງມື້ເຂົ້າສູ່ລະບົບບໍໄດ້,0,0,0,0.902222
ໄຊດີຫ້າຍ,1,1,1,0.91411
ນາງຕິມນາງຕິມ,1,1,1,0.877892
ປິດ,0,0,1,0.641483
ດີເນາະບໍມີບັນຊີກະໃຊ້ໄດ້,1,1,1,0.599146
ຊື້ງ່າຍສະດວກແຕ່ຍັງບໍ່ເຄີຍຖຶກມື້ນີ້ຂໍໄຫ້ຖືກແດ່ເດີ,1,1,1,0.596351
ຂໍໃຫ້ໂຫຼດໄດ້ເດີ້,1,1,1,0.72793
ເປັນຫຍັງດາວໂລດໄດ້ແລ້ວເຂົ້າສູລະບົບບໍ່ໄດ້,0,0,0,0.975794
ໂອເຄມາກ,1,1,1,0.951204
ຢາໂຫລດ ແອບດຽວນີ້ບໍ່ມີປໂຫຍດຍັງ,0,0,0,0.892998
ຮູ້ເຫັນທັນເຫດການໄວຂື້ນ,1,1,1,0.861386
ແກ້ໄຂໄຫ້ໄຫ້ໂດຍ,1,1,1,0.664057
ດີແທ້ ໄວທັນໃຈ,1,1,1,0.959456
ຢ່າລອງບໍ່ເລີຍ ເສີຍຄວາມຮູ້ສຶກຫມົດວ່າຈະໂຫຼດໄວ້ຊື້ເລກ ສາມັກ3ມື້ແລ້ວຫຍັງບໍ່ໄດ້,0,0,0,0.855901
ອັບເດດແລ້ວສະຕໍລີ່ຍັງໃສ່ເພງບໍ່ໄດ້,0,0,0,0.944415
ເຂົ້າແອັປບໍ່ໄດຢາກໄຫ້ແກ້ໄຂ້ແນ່ພີມລະຫັດແລ້ວກະເຂົ້າບໍ່ໄດ,0,0,0,0.989283
ດີຫລາຍ ທັນສະໄຫມ່,1,1,1,0.953104
ໃຊ້ bcel one ຊໍາລະຄ່າເກມໄດ້ບໍ່,1,1,1,0.672552
ສົ່ງ,1,1,0,0.604764
ຢອດຢຽ້ມ,1,1,1,0.892579
ແອບລ໋ອກອິນບໍ່ໄດ້ສັ່ງອາຫານກະບໍ່ອະນຸມັດຈ່າຍເງິນສົດ,0,0,0,0.921435
ໄຊ້ດີຫລີ້ນສະບາຍ,1,1,1,0.983176
ອັບເດດຕະຫຼອດກນຄວາມຈໍາຫຼາຍ,0,0,0,0.830442
ສົມໃຈ,1,1,1,0.893621
ສຸດຍອ້ນຫຼາຍ,1,1,1,0.940991
ຂໍຝ ດຸ o . .,1,1,1,0.83372
ບໍ່ເປັນເລື້ອງປ່ຽນໄປປ່ຽນມາຢູ່ບອ່ນຊໍາລະເງິນນັ້ນເຮັດຄືເດັກນອ້ຍເອົາແຕ່ໃຈນິ,0,0,0,0.611882
ຖ້າບອກລາຄາຄືkokkokຄືຊິດີ,1,1,1,0.717596
ໂອນເງິນໄປແລ້ວເງິນບໍ່ເຂົ້າ,0,0,0,0.929925
ໂປດໄຫ້ຂໍມູນດີດີ,1,1,1,0.895708
ໂອເຄດີຖືກໃຈຫລາຍທີ່ມີແອັບດີໆ ແບບນີ້,1,1,1,0.92007
ຈ່າຍໃດ້ສະເພາະ ຢູມັນນີ ກັບ bcelone ໃຊ້ແອບທະນາຄານ ອື່ນແມ່ນ ຊື້ບໍ່ໃດ້ຄວນປັບປຸງ,0,0,0,0.637006
5ດາວທຸກແອັບທີຂ້ອຍຕິດຕັງ,1,1,1,0.826846
ໃຊ້ງານສະດວກດີພັດທະນາໃຫ້ດີຂື້ນ. ມັກຫລາຍ,1,1,1,0.942761
ດີເຮ,1,1,1,0.865218
ທອງໄຊ ກິພາົງ,1,1,1,0.895221
ດີມາກໆ.,1,1,1,0.96143
ຕິດຕໍ່ກັນງ່າຍຂື້ນ,1,1,1,0.933215
ສະດວກງ່າຍຂື້ນ,1,1,1,0.954232
ແຫຸັດວງນາລາ,1,1,1,0.821124
ປ່າເຍຍ່ວື່,1,1,1,0.805813
ເອດ,1,1,1,0.837514
ທຸກຢ່າງໃຊ້ດີ ແຕ່ປ່ຽນພາສາບໍ່ໄດ້ ແກ້ໄຂໃຫ້ດ່ວນໆ,1,1,0,0.681347
ຈັ່ງຊີ້ເລີຍ,1,1,1,0.673583
ເລກບັນຊີຖືກປິດໄປແລ້ວ ແລ້ວເງິນທີ່ແນະນໍາມັນໂອນໄປບັນຊີໃດ ປັບປຸງຄືນແອັບອື່ນໆແນ່ໃສ່ບັນຊີຕື່ມໄດ້ນະ ຄວາມປັບປຸງຕື່ມ ຢາກປ່ຽນເລກບັນຊີທະນາຄານກະບໍ່ໄດ້,0,0,0,0.943483
ຈ່າຍເງິນສະບາຍ ບໍ່ສະບາຍຕອນດຽວ ຕອນບໍ່ມີເງິນ,1,1,0,0.557927
ໃຊ້ຂໍ້ມູນແບບເກົ່າດີກວ່າຫີ້ຼນເກມກໍ່ງ່າຍແລະສະນຸກດີອີກ.ຖ້າປ່ຽນລະຂໍ້ມູນເກົ່າແລ້ວຈັ່ງຊິມາໃຫ້5ດາວ.ຂໍ້ມູນໃຫມ່ນີ້ຖ້າຫີ້ຼນຜ່າດກັບມາຫຼີ້ນບໍ່ໄດ້,1,1,0,0.704057
ແປພາສາບໍ່ໄດ້ ແກ້ໄຂດ່ວນ,0,0,0,0.973454
ນາງວຽງສະໃຫມ ພົງອຸດົມ,1,1,1,0.882552
ເປັນແອັບທີ່ດີຫຼາຍແຕ່ກະຢາກໃຫ້ພັດທະນາເລື້ອຍໆ,1,1,1,0.901187
ໄດ້ໂບນັດ15ພັນກີບ,1,1,1,0.679304
ຄໍາເພັດ ໄຊຍະວົງ,1,1,1,0.910829
ໃສໃດ້ດີມາກ,1,1,1,0.979372
ເຕີມເງິນເຂົ້າຊື້ແພັກແກັດບໍ່ໄດ້ແກ້ໄຂແອັບແດ່,0,0,0,0.977395
ຫຼິ້ນດີຫຼາຍ,1,1,1,0.974379
ຊ້າມະຫາກາບປັບປຸງດ່ວນຜູ້ຂຽນໂປແກມ,0,0,0,0.683021
ຄິດດີແລຊໍຊ້ວ,1,1,1,0.939394
ບໍ່ມີການໂປໂຫມດໂພສເຮົາແລະອັບເດດໂພສໃຫ່ມ,0,0,0,0.698842
ໃສ່ນາຍແອບນີ້,1,1,1,0.769988
ໄວ່ແນ່,1,1,1,0.647988
ແອັບຄວາມແອັບໂງ່ສະຫມັກແພັກແກັດລະຫລີ້ນບໍ່ໄດ້ເນັດກະບໍ່ໃຫ້ຕາມທີ່ຂຽນຂື້ນນໍາແອັບຫ້າມໂຫລດມາເດີ່ແອັບຄວາມໆນີ້,0,0,0,0.9696
ຂໍເປີດນໍາໃຊ້,1,1,1,0.883097
ດີທີ່ສຸດເລີຍທີ່ໄດ້ຮັບການໃຊ້ງານກັບແອບນີ້,1,1,1,0.888361
ມັນລົງທະບຽນບໍ່ໄດ້ ທຽວລົບກັບຕິດຕັ້ງຫລາຍເທື່ອລະ ມີແຕ່ວ່າ ເບີຂອງທ່ານບໍ່ສາມາດລົງທະບຽນໄດ້ ກະກູມາລົງຢູ່ນີເດ,0,0,0,0.952939
ປັນກະບໍໄດ້ເນັດຈັກເທືອ,0,0,0,0.929524
ມັກແຮງi love u money ທະນາຄານມືຖືຂອງຄົນລາວ,1,1,1,0.874439
ເຫັດ,1,1,1,0.700893
ຢຽມສຸດໆ,1,1,1,0.891033
ຊວ່ຍແກ້ໄຂ້ໃຫ້ແດ່,1,1,1,0.53361
ດີດີດີຮັກສາບັນຊີເຮົາໃຫ້ປອດໄຟເພີ່ມຂຶ້ນອີກ,1,1,1,0.862054
ດາຕາ,1,1,1,0.818107
ໃຊ້ແລ້ວດີຢາກຮູ້ອີ່,1,1,1,0.889944
ຖໍາ,1,1,1,0.85177
ບໍ່ສົງລະຫັດມາໃຫ້ລະສິຕັງຫາສິແຕກອີຫຍັງວະຄວາຍເອີຍ,0,0,0,0.896682
ດີແລ້ວແຕ່ຢາກໃຫ້ພັດທະນາກວ່ານີ້,1,1,1,0.760093
"ປັບມາກ10,55",1,1,1,0.790951
ຄິດແນວໃດ ໃຜຮູ້ບອກແດ່,1,1,1,0.665164
ok ດີ,1,1,1,0.86578
ທ້າວແບໍງ.ສູວ້ນນະຄໍາຜົງ,1,1,1,0.888984
ເອົາດາວ1ໃປກ່ອນເດີ ກະເຈົ້າຕອບແຊດຈັ່ງສີມາເພີ່ມໃຫ້,0,0,0,0.502281
2023 ແອັບນີ້ປິດໃຊ້ງານແລ້ວຫຼື ຄືກອບຂໍ້ມູນແລ້ວຢືນຢັນແຕ່ບໍ່ເຫັນຜ່ານໄປສູ່ຫນ້າຫລັກ ຈັກທີດລີຍ,0,0,0,0.772554
ເພາະສົມຖ້ານາ,1,1,1,0.852394
ເວລາໄດ້ຮັບເງິນໂອນມັນບ່ແຈ້ງເຕືອນ,0,0,0,0.637759
ມັນຂື້ນຄໍາວ່າ ກໍາລັງເຊື່ອມຕໍ່ ກະລຸນາລໍຖ້າ,0,0,1,0.65899
ກູບໍມັກຫລີ້ນ,1,1,1,0.847417
ແອັບບໍ່ໄດ້ເລື່ອງເດີ ກົດອອກແອັບເພື່ອເຂົ້າຂໍ້ຄວາມເພຶ່ອເບິ່ງotpແຕ່ແອັບເດັ້ງຕ້ອງໄດ້ເລີ່ມໃຫມ່ຫມົດ,0,0,0,0.94652
ກັບຄືນມາຕິດດາວໃຫ້ໃຫມ່ ຫລັງຈາກທີ່ແກ້ໄຂບັນຫາໄປແລ້ວ ຂອບໃຈເດີ້,1,1,1,0.536936
ຕ້ອງການແອັບນີ້,1,1,1,0.920716
ສິເຊົາໃຊ້ຊ້ໍາເຕີມບັດຄະແນນບໍ່ໃຫ້ມາຫຼາຍມື້ລະເຕີມໄປບໍ່ໄດ້ຄະແນນກັບໄປເຕີມຢູ່bcel one ກະຄືສິງ່າຍກ່ອນ,0,0,0,0.823177
ດີເລື້ອຍໆ,1,1,1,0.899219
ໃຊ້ໄດ້ດີແຕ່ປິດກັ້ນຫລາຍເກີນໄປ,1,1,1,0.775409
ຄວາມຫມາຍຂອງການສຶກສາຂອງລາວແລະປະເທດໄທແລະການຄຸ້ມຄອງການທ່ອງທ່ຽວທີ່,1,1,1,0.936905
ຕົ້ນໄກ່,1,1,1,0.815927
ຫລາຍງານ,1,1,1,0.89484
ອ້າຍ999,1,1,1,0.857769
ອັບເດດໃຫມ່ ຫມູນບໍ່ໄດ້ຫຍັງເລີຍ ຢາກໃຫ້ ແກ້ໄຂແດ່ ໃຫ້2ດາວກອນ,0,0,0,0.983644
ອັບເດດແລ້ວຄື ເປິດເຂົາແອັບແລ້ວບໍໄດ້,0,0,0,0.969102
ເປັນຫຍັງຕ້ອງອັບເດດ,1,1,0,0.889611
ເລີດມາກ,1,1,1,0.881585
ດີມາກກດ,1,1,1,0.966017
ຢ່າຢືມໃສ່ລະຫັດ3603003ເດີ.ຂໍໃຫ້ທຸກຄົນໂຊກດີ,1,1,1,0.859173
ດີດີມາກ,1,1,1,0.976463
ໃຊ້ຍາກ,0,0,0,0.697352
ເຮັດຖຸລະກີດ,1,1,1,0.730177
ຮັດພິດເວລາ,1,1,1,0.685557
ແອ່,1,1,1,0.856567
ງານຄືເງິນເງິນຄືງານທໍາທຸກວັນໃຫ້ມັນດີທີ່ສຸດ,1,1,1,0.796743
ແກ້ໄຂ່ໄຫ້ແດ່ອັບເດັດແລ້ວກະໄຫອັບເດັດອິກເນ້ດຈົນຫມົດນີຍາມໄດ້ຈີລີນອັບເດັດໄດ້ລະບອກຮັບສາບຮັບສາບແມ່ນຈະໄດ້ໂອະ,0,0,0,0.71367
ຂອບໄຈສໍາຫລັບແອດໂຕນີ້ທີສ້າງມາໄຫ້ໄຊ້ຂອບໄຈອີກຄັ້ງ,1,1,1,0.819601
ຄົນສົດເດີ,1,1,1,0.769959
ເຊີນເພື່ອນທົ່ວເມ້ນມາທໍາແຕ້ມຄະແນນແຂ່ງຂັນຊິງລາງວັນ,1,1,1,0.683291
ຢາກມີໂຊກ,1,1,1,0.867304
ດີກມາກ,1,1,1,0.882411
ແດ່ງວົງພະຈັນ,1,1,1,0.868533
ຊີວິດກູມັນຈົນເມຍຈື່ງໄປຈາກກູໆເຈັບຮູ້ບໍ່ຕາຍເປັນຕາຍນໍາກັນສອງເຮົາ,1,1,1,0.618369
ຂ້ອຍຄືໂຫລດບໍ່ໄດ້ຮອດ100 ລະກະຄ້າງຢູ່ບ່ອນເກົ່າ,0,0,0,0.90052
"ຈ. ຮູ .,",1,1,1,0.83659
ໃຊ້ດີ ສະດວກໃນການຊົມໃຊ້,1,1,1,0.974718
ຄັກສະເມີະ,1,1,1,0.899162
ເຄີຍໃຊ້ແອບນີ້ມາແລ້ວາ,1,1,1,0.790464
ແອບໃຊ້ດີ,1,1,1,0.93005
ເນັດຊ້າເກີນຫົວຫນ້າ144pຍັງຫມົນຕິວໆຢູ່,0,0,0,0.709487
ຄືບໍ່ສົ່ງລະຫັດotpໃຫ້ຄວນປັບປັບເດີ,0,0,0,0.930061
ດີຫຼາຍ ຢາກໄຫ້ຈາຍຜ່ານ ບັດທະນາຄານພັດທະນໍາຄືສິຄັກຫຼາຍ,1,1,1,0.900081
ປັບປຸງແນ່ເດີແອັປຄ້າງຕະຫລອດລົງທະບຽນບໍ່ໄດ້ເລີຍ,0,0,0,0.996695
"ມັນຄືຍາກຕາຍແທ້ວະແອ້ບບໍຕອງສາງເຜືອລົງຄວາຍມັນຍາກສີມັດ,",0,0,0,0.74085
ກິໂກ້ນາຄອງ,1,1,1,0.83222
ອັບເດດກົດເຂົ້າແອບແລ້ວເດັ້ງອອກຕະຫລອດແກ້ໄຂແດ່,0,0,0,0.993061
ແຕ່ກ່ອນຍັງເຕີມເກມໃນແອບນີ້ໄດ້ແຕ່ຕອນນີ້ຖືກເອົາອອກແລ້ວບໍ່ອັບເດດຍັງດີກວ່າ,0,0,0,0.919093
ຟີນອ້ງແລະຄອບຄົວກໍາຫລັງຖື້ກທຸກລໍາບາດບໍມີແນ້ວກິ້ນແນ້ວຢູບໍຮູທາງຊອກຫ້າເດີເຄື້ອງໄສກະບໍມີ,0,0,1,0.710055
ເຂດຫຼັກ21 ອໍເດີ້ຖືກຍົກເລີກຕະຫຼອດ ເປັນຫຼາຍເທື່ອແລ້ວ ເສຍເວລາສັ່ງ ປັບປຸງແນ່ເດີ້,0,0,0,0.929143
ລົງທະບຽນໂຄດຍາກຈັງແມ່ນໂພດ,0,0,0,0.905374
ໄມ່ດີ້ເລີ່ຍາເວ່ອ່ດຶສໃງວ,1,1,1,0.819861
ເຮັດວງກ,1,1,1,0.717728
ສຶກສາເພີ່ມເຕີມ,1,1,1,0.842586
ເປັນຫຍັງຄຶອັບເດດບໍ່ໄດ້ເຂົາບັນຊີບໍ່ໄດ້ເລີຍ,0,0,0,0.99562
ການເປີດແອຍບັງໂມ້ຫມດ,1,1,1,0.824309
ດີ ຈິງ,1,1,1,0.918
ຄໍາຕິຊົມ,1,1,1,0.893923
ເຮັດເປັນເວີຊັ້ນເກົ່າເທາະຈັກແມ່ນອີ່ຫຍັງນິຂີ້ລ້າຍໂພດຫມຸນວົງລໍ່ກະເອົາອອກຖ້າເປັນແບບນີ້ອິກຊິລົບຖິ້ມລະ,0,0,0,0.932363
ຢາກ,1,1,1,0.820704
ເຫ່ກກສດ,1,1,1,0.841445
ທ້າວຈິນ້ານາມທໍາປະເສີດ,1,1,1,0.88588
ແອັບສະບັບປະມວນຜົນຊ້າໂພດ!,0,0,0,0.57851
ສະດວກສະບາຍ ດີ,1,1,1,0.987931
ຕອນນີ້ທາ່ນເປັນຄົນທີ່ທໍາງານຢູ່ເກົາຫີຼໃຕ້,1,1,1,0.746887
ໄຫ້ຄວາມບັນເທີງຖືງົດ,1,1,1,0.837323
ຍຸ່ງຍາກໂພດ,0,0,0,0.795337
ມັກໃຊ້ແອັຍໂມcha ມັກຫລິ້ນເກັມ ຫມູນ,1,1,1,0.85973
ເຂົ້າເວບແລ້ວຈໍເປັນສີຂາວ ບາງຄັ້ງກໍ້ເດັ້ງອອກ,0,0,0,0.70724
ຈັນທະວົງ,1,1,1,0.915237
ຫລິ້ນງ່າຍສະດວກປະຢັດ,1,1,1,0.952983
ເຫັນຄົນໃຊ້ຫລາຍ,1,1,1,0.839479
ເຮັດມາຫຍັງລົງທະບຽນບໍ່ໄດ້ໄປແກ້ໄຂໃຫມ່,0,0,0,0.98285
ຢາກຮູ້ວ່າຈະມີຜົນຕໍ່ການຈັດການກັບໃຈຈາກ,1,1,1,0.854811
ໃຊ້ດີຢູ່ ໃຊ້ລົງທະບຽນເບີໂດຍບໍ່ຕ້ອງໄປສູນບໍລິການ ປະຫຍັດເວລາໄດ້ຫຼາຍເຕີບ ຂໍຂອບໃຈ,1,1,1,0.766659
ຂອງແຮງ,1,1,1,0.830008
ດີສຸດຽ,1,1,1,0.957888
ກໍາລັງດີ,1,1,1,0.912822
ໄຊ້ງານ,1,1,1,0.882365
ຟ້າ,1,1,1,0.856098
ກະໂອເຄຈຮາ,1,1,1,0.884562
ດີໃຈເກີນ,1,1,1,0.77405
ເສຶອ,1,1,1,0.837514
ບໍ່ຄ່ອຍຈະໂອເຄຊ້າໆ,0,0,0,0.586103
ໃຊ້ດີມາກ,1,1,1,0.99297
ຂໍອະນຸຍາ,1,1,1,0.817185
ດີຈິ່ງໆ,1,1,1,0.892606
ພຶນ,1,1,1,0.837514
ພູມໃຈທີ່ສຸດ,1,1,1,0.948111
ປິນິ້ເປັນຢັງຄຶມູນວົງລໍບໍ່ໃດ້ເລິຍ,0,0,0,0.714023
ຍີບນດະໃ,1,1,1,0.837514
ດີສູດໆ,1,1,1,0.89677
ປັບປຸງການເຂົ້າລະບົບໃຫ້ມັນຄືເກົ່າແນ່ ອັນນິບໍ່ມີເນັດກາເຂົ້າບໍ່ໄດ້ອັບເດດມາລະກາ ບໍ່ເປັນຕາຫລີ້ນ,0,0,0,0.995422
ອັບເດດດູກະພໍທົນແທະ ແຕ່ເຂົ້າແອບບໍ່ໄດ້ເລີຍນີ້ ພໍເລີຍ,0,0,0,0.973488
ໃຊ້ດີ ໃຊ້ຄັກ,1,1,1,0.967509
ຫີແມ່ມື່ງເຂົ້າຫຍັງບໍ່ໄດ້,0,0,0,0.965329
ບໍ່ປານໃດໃນເລື່ອງປັກມຸມສະຖານທີ່ ຍັງບໍ່ແນ່ນອນປັບປຸງຕື່ມແນ່,0,0,0,0.748747
ລອງໃຊ້,1,1,1,0.930647
ດາວນີ້ຂໍບໍ່ໄຫ້ເດີເປັນຫຍັງຄື່ລີ້ນຫຍັງບໍ່ໄດ້ເລີຍຈັກມັນເປັນກຍັງຫາແກ່ໄຂໄຫ້ແດ່ຫາເກາະເປັນມື່ນີ້,0,0,0,0.926386
ເປຍຫມູ່ຮັກກ,1,1,1,0.887075
ທ.ລໍຕາ,1,1,1,0.837514
ຍັງຮັກແລະຄິດຮອດຄືເກົ່າ,1,1,1,0.749654
lvb digibank ທັນສະໄຫມວ່ອງໄວ,1,1,1,0.911959
ທັນສະໄຫມ,1,1,1,0.882436
ທຸກຢ່າງຢູ່ທີ່ປາຍສໍາພັດ ນີ້ວມືຂອງທ່ານ,1,1,1,0.860094
ຊື້ຫວຍຜ່ານbcel one ບໍ່ໄດ້ຊັ້ນແອບຄວາມພັດທະນາຕໍ່,0,0,0,0.584225
ມີແຕ່ສີ່ງດີໆຊອບມາກໆ,1,1,1,0.872965
ມີຄຸນປະໂຫຍດ,1,1,1,0.883997
ຊິເບິ່ງໂຕສັດກະເບິ່ງບໍ່ໄດ້,0,0,0,0.874609
ໃຫ້ອັບເດດຕະຫລອດແອັບເຈດີບີນິ,0,0,0,0.883388
ທີ່ດີ,1,1,1,0.936573
ເລັ່ນດີ,1,1,1,0.86922
ດີຫາ້ຍ,1,1,1,0.927419
ຍອດຮິດຕິດດາວເລີຍ,1,1,1,0.859456
ແອັບສົ້ນຕີນແຊັດກະບໍ່ອອກມີເນັດກະຍັງແຊັດບໍ່ໄດ້ເຫ້ຍຫລາຍ,0,0,0,0.976832
ຫມູນໄດ້5000ກີບລະກະບໍ່ໄດ້ຈັກເປັນຫຍັງ,0,0,0,0.963631
ທ່ານຢ່າລື່ມໃສ່ລະຫັດນີ້ເດີ37150415ທ່ານຈະໄດ້ຮັບສ່ວນຫລຸດ10 ທຸກຄັ້ງ,1,1,1,0.791854
ກາກຂະຫນານວິທີບອກໃຊ້ກະບໍ່ເຂົ້າ,0,0,0,0.846984
ອັບເດດແລ້ວມັນບໍ່ໃຫ້ເງິນຟຣີຫມູນໄດ້ແຕ່ຊ່ອງເດີມ,0,0,0,0.895178
ບາດຕ້ອງການໃຊ້ເຂົ້າບໍ່ໄດ້ເນັດມີຢູ່ຍັງວ່າບໍ່ມີເນັດ ກາກແທ້,0,0,0,0.950536
ເປີດກ້ອງສະແກນລະຄ້າງກົດຫຍັງບໍໄດ້,0,0,0,0.877648
ຄື່ເພື່ອນມິດໆສະຫາຍແທ້,1,1,1,0.75083
ດີມາດຕະຖານ,1,1,1,0.882213
ເຊື່ອມຕໍ່ອິນເຕີເນັດບໍ່ໄດ້ ແອັບມັນບໍ່ຍອມໂຫລດຂໍ້ມູນໃຫ້,0,0,0,0.918842
ຄົນເດີມໆ,1,1,1,0.875944
ດີມາກເລີກ ແຕ່ເສຍຂໍຫນື່ງເພາະບໍ່ມີແຟນລົມນໍາເຂົາ. ວ່າຊ້ານ,1,1,1,0.542867
ເຂົ້າເລ່ນກະບໍ່ໄດ້ມີແຕ່ເດັ້ງອອກ,0,0,0,0.991266
ລາວຈໍາ,1,1,1,0.881523
ນຂາ,1,1,1,0.818426
ໃຊ້ດີລົງສະຕໍຣີບໍ່ໄດ້,1,1,0,0.587127
ມັນຢາກມີປັນຫາໃນການໂທ,1,1,1,0.519227
ຕິດຕັ້ງແອັບ,1,1,0,0.536436
ຮີວີວ,1,1,1,0.849961
ສະດວກສະບາຍໃນການຕິດຕໍ່,1,1,1,0.985542
ແອັບກາກເຂົ້າກະບໍໄດ້ບໍສົງລະຫັດotpໃຫ້,0,0,0,0.981252
ດີສູດເລີຍ,1,1,1,0.877476
ດຽວນີ້ເຂົ້າຫຍັງບໍ່ໄດ້ ເປັນພາສາຈີນຫມົດ ກາກກ,0,0,0,0.973038
ກິງ ສີໄຕ,1,1,1,0.861216
mocha ໃຊ້ປະຢັດອິນຕະເນັດດີໃນເວລາຟັງເພງແລະເບິງຫນັງດີຫຼາຍ,1,1,1,0.868142
ຕາມຄວາມຕອ້ງການ.,1,1,1,0.911975
ອັບເດດໃຫມ່ນີ້ຫມຸນໄດ້ແຕ່5ຄັ້ງປົກກະຕິໄດ້10ຄັ້ງຕໍ່ວັນແກ້ໄຂ້ແດ່,0,0,0,0.864378
ສືບຕໍ່ບໍ່ໄດ້,0,0,0,0.937528
ໃຈລໍ້,1,1,1,0.768942
ນາງ ປູ ຫຼວງ ດົມ,1,1,1,0.882085
ເນັດໂຄດຊ້າ ຄັນຊ້າເປັນບາດກະພໍວ່າອັນນິຫລິ້ນເຟສນ່ະເປີດເບິ່ງເມັ້ນຫມຸນຢູ່ບັກດົນໆເອົາໄປເອົາມາພັດຫລິ້ນຮອດບໍ່ໄດ້ເລີຍ ບາດປ່ຽນໄປຫລັກອື່ນພັດປົກກະຕິແຕ່ກ່ອນຄືບໍ່ຊ້າດຽວນີ້ມີບັນຫາຕະຫລອດ,0,0,0,0.981809
ລະບົບສົ້ນຕີນ ໂອນເງິນເຂົ້າລະເຕື່ອນແຈ້ງມາບາດເຂົ້າເບິງຍອມເງິນພັດບໍ່ເຂົ້າ.ລະບົບຊ້າຄືເຕົ໋າ,0,0,0,0.984229
ສູຍພັນທະຍາ,1,1,1,0.842527
"ແອັບກາກໆ ບອກລົງທະບຽນດ້ວຍຕົນເອງ ແຕ່ແອັບກະກາກ ຂ້ອຍສົ່ງລົງທະບຽນຕອນ10ໂມງ ມຶງມາສົ່ງເຊ້ຍຍັງຕອນ23 45 ມຶງເປັນບ້າວ່າ ແລ້ວຂ້ອຍເຂົ້າແອັບມື້ຕໍ່ມາເອົາລະຫັດໂຕເກົ່າໃສ່ກະບໍ່ໄດ້ ໂຕໃຫມ່ຈັກຊາດໃດຈະມາ ກະລຸນາພັດທະນາແດ່ເດີ້ ຂ້ອຍບໍ່ຮູ້ດອກພວກເຈົ້າລົງທຶນກັນຈັງໃດບໍລິຫານຈັງໃດແຕ່ຄົນທີ່ໂຫຼດແອັບອະເຂົາເສຍທັງເງິນມາເຕີມເນັດ ພວກເຈົ້າສົ່ງຂໍ້ຄວາມມາລົງທະບຽນດ້ວຍຕົນເອງນິພິມໃຫມ່ເດີ້ ໄປລົງທະບຽນຢູ່ສູນດີກວ່າເດີ້ laoaap ,my united, onepay, ຄືພັດືະນາດີກວ່າຟະ ສິບອກເດີ້ເຂົາໂຫຼດເຂົາຕ້ອງການຮັກສາຊິມເກົ່າໄວ້ເພາະພວກເຈົ້າແຕ່ແອັບບໍ່ດີຊໍ້າ",0,0,0,0.985251
ເພື່ອຄົນທີເຮົາຮັກ,1,1,1,0.914491
ດີດີດີດີເດັ່ນ,1,1,1,0.907236
ອັບເດຊ້າ,0,0,0,0.985011
ໃຊ້ງ່າຍໆ ສະບາຍໃຜກໍ່ໃຊ້ເປັນສຸດຍອດ!,1,1,1,0.973232
ບໍ່ມີເພງໄທ,0,0,0,0.645068
ເພື່ອໃຫ້ເຟສບຸກ,1,1,1,0.853379
ຮອດຫນ້າຫຼັກລະເຮັດແນວໄດ້ຕໍ່ລະ,0,0,1,0.546723
ໃຊ້ດີເພາະແອບບມີກິກໃນວັອດແອັບໄດ້,1,1,1,0.797734
ທານຄື ທານ,1,1,1,0.832275
ມັກໃຊ້,1,1,1,0.895046
ອື່ນຄືນຮ,1,1,1,0.761407
ມີບັນຫາໃນການເຂົ້າແອັປທຸກຄັ້ງ,0,0,0,0.772023
ອັບເດດດຸໂພດ ຊັກຊ້າ ເສຍເວລາຖ້າແຕ່ otp,0,0,0,0.880313
ຫມຸນວົງລໍ້ໄດ້ແຕ່ແຊບໍ່ໄດ້ຄວນແກ້ໄຂຂໍ້ນີ້ແນ່ເດີ,0,0,0,0.913514
ຊອບມັກຫລາຍ,1,1,1,0.941096
ດີລາຍຊອກແຟນງາຍອີກໄດ້ເມຍໄວ່ສຸດນອດໄປເລີຍ,1,1,1,0.928557
ຊົມເຊີຍ ຂອບໃຈແອັບນີ້,1,1,1,0.922145
ໃຊ້ງານບໍ່ຄ່ອຍດີບໍ່ພັດທະນາ,0,0,0,0.68026
ຍອດຈິງໆ,1,1,1,0.909442
ໃຊ້ບໍ່ດີເລີຍ,0,0,0,0.816466
ສະດວກສະບາຍຫຼາຍມັກແຮງແອັບນີ້,1,1,1,0.966103
ໃຊ້ໄດ້ຜົນດີມີຄຸນຄ່າຢ່າງດີ,1,1,1,0.939113
ລອງເບີ່ງ,1,1,1,0.817623
ໄຊ້ງານດີແຕ່ຍັງຊັກຊ້າດ້ານສັນຍານ,1,1,1,0.826794
ໂປຣໂມຊັ້ນເຕີມດາຕ້າຄູນ2ເບິດແລ້ວກະຄວນເອົາໂຄສະນາອອກ ອັນນີ້ໂຄຊະນາ 2ຍັງຢູ່ແຕ່ເຕີມໄປບໍ່ຄູນ2,0,0,0,0.770092
ເດັ້ງອອກເອງຕະຫລອດ ເປີດໃຊ້ກະຢາກ ຂະຫນາດວ່າຊື້ເອົາໂທສະລັບລ່າສຸດມາໃຊ້ແລ້ວໃດ,0,0,0,0.815155
ເຂົ້າບໍ່ເຄີຍໄດ້ ຫີແຕດ,0,0,0,0.873944
ອຸ່ນຫະພູມສູງເກີນໄປຂໍທີມງານຊ່ວຍແກ້ໄຂໃຫ້ແດ່,1,1,0,0.511515
ຊ້ວງໂຄວິດ ບໍ່ດີການຢາກຊ້າ ບາງເທື່ອກະບໍ່ຮັບອໍເດີເລີຍ ເຮີດ,0,0,0,0.829702
ຫັດໃຫມ່,1,1,1,0.625643
ໂອນເງິນຫາບັນສີbcel one ບໍໃດ້ແກ້ດວນ,0,0,0,0.597492
ແກ້ໄຂຫລາຍຢ່າງຕື່ມຊິບອກຈັກນ້ອຍ1ເດີລະຫັດບໍສົ່ງເວລາລົງໄດ້ເບີ1ຊິລົງເພີມຕ້ອງໂລດໄສ່ນ່ວຍໄຫມ່ລະກະບ່ອນໄສ່ສັກວັກຊີນຄວນປຽນເປັນສໍາມະໂນລະກະບັດປະຈໍາໂຕສະອະນີ້ບັດເສຍໄປໄສ່ລະຊິຫາໄສ່ໄສ່ທ່ານ.ຂອບໄຈ ດາວດງວພໍ,0,0,0,0.697998
ສະບາຍມາກ,1,1,1,0.95204
ດີແຮງ ຄອນເຟີມ,1,1,1,0.869857
ດິີຫບາຍ,1,1,1,0.904434
ຮອ້ງຂໍ ໄຊ້ແອັບ,1,1,1,0.79772
ສັນຍານຂີ້ກະຕືກ ຕືມລາຍເດືອນ ຮ້າຍປານດາຕ້າຟຼີ ໄປເຜົາຖິ້ມສາ ຢູ່ເມືອງຊະນະສົມບູນເດີ ບໍ່ເປັນຕາສະແຕກແຮງແລ້ວ ຊິຫາຢູຫາກິນພໍສ່ໍານີ້ນີ້ຕີ້ ສະຫມັກໃຊ້ລາຍເດືອນແລ້ວພໍມາໃຊ້ ປານຂໍທານໃຊ້ຍັງບໍ່ປານເສຍດາຍເງິນເດ້ ຫັກຄ່າທໍານຽມກະພໍໂພດ ສູຫັກເດືອນລະ3000 ໄປເຮັດແນວນີ້ຫວາສູເປັນຫຍັງບໍ່ພາກັນໄປຕາຍໂລດ ໃຫ້ມັນສົມຄາຫັກ3000 ແນ່ ຈັ່ງແມ່ນພັດທະນາຄັກເນາະ ແຕ່ກ່ອນ2019ເບິ່ງຢູທູບຢ້ານແຕ່ເບິດເນັດຄວາມຄົມຊັດນີ້ຍອມຮັບເລີຍໃຊ້ງານສະດວກປີ2025ໃຊ້ລາຍເດືອນ ສ່ໍາ 1g ກະບໍ່ປານ ຄົນເກົ່າກະປ່ຽນຄົນໃຫມ່ເຄື່ອງເກົ່າກະປ່ຽນເຄື່ອງໃຫມ່ ມັນເຖົ້າມັນເກົ່າກະຊ້າໄປຕາມອາຍຸ,0,0,0,0.979008
ໄມ່ໄດ້ເນີດເລຍ,1,1,1,0.703073
ໃຊ້ງາຍ ສະດວກສະບາຍ ສຸດຍອດຫລາຍ,1,1,1,0.989365
ດີພໍສົມຄວນ,1,1,1,0.841382
ມ່ວນຄັບ,1,1,1,0.877033
whatsappເປັນຫຍັງນໍຮູ້ບໍ່ໄດ້ຫລີ້ນມັນຊິຕາຍແຕດຊິຂາດນີ້ນະຄວນປັບປຸງຍ່າງດວນ,0,0,0,0.910179
ເອີ້ນລົດບໍ່ໄດ້ແຍ່ສຸດໆ,0,0,0,0.936992
ໃສ່ຟິວເຕີ້ບໍ່ໄດ້,0,0,0,0.901629
ສະດວກທັນໃຈປະຢັດເວລາ,1,1,1,0.920395
ຯກຫຫຸຜິ,1,1,1,0.837514
ດີລົມນໍາກິກໄດ້ຫລາຍຄົນ555,1,1,1,0.910287
ດຮຫລາຍ,1,1,1,0.945385
5 ດາວ,1,1,1,0.769806
ເພດ,1,1,1,0.862415
ໂຫລດແອປແລ້ວເຂົ້າບໍ່ໄດ້ແກ້ໄຂໃຫ້ແດ່,0,0,0,0.992524
ເຮັດບໍ່ເປັນ,0,0,0,0.825723
ເຟສບຸກເປັນຫນຶ່ງການສື່ສານທາງດ້ານເທັກໂນໂລຢີທີ່ກ້າວຫນ້າ ແລະ ພວກເຮົາຮຽນຮູ້ມັນ,1,1,1,0.885121
ຈັກອີຫຍັງກະບໍ່ຮູ້ນ້ອງປ້ອນລະຫັດຕາມທີ່ສູນສົ່ງມາພັດມາວ່ານ້ອງປ້ອນລະຫັດບໍ່ຖືກຕ້ອງນ້ອງກະປ້ອນຕາມທີ່ສູນສົ່ງມານະແຫຼະພັດມາບັອກເບີນ້ອງອີກບໍ່ໄຫວແນວນີ້,0,0,0,0.845745
ດີນະ ພັດທະນາກ້ອງຖ່າຍແດ,1,1,1,0.808243
ຮນນີຮຮຄ,1,1,1,0.761128
ຜື້ໃປຜສໃທກຝຶະພພະພພພັໃ,1,1,1,0.857749
ແກ້ໄຂດ່ວນແອບນີ້ໃຊ້ງານບໍ່ໄດ້ແທ້ ໃສ່ເບີໂທລ໊ອກອິນບໍ່ໄດ້ ບັງເທືອສົ່ງລະຫັດມາໃຫ້ແລ້ວພໍກົດລະຫັດເຂົ້າໄປບໍ່ມີເຫັນມີອີ່ຫຍັງເລີຍ ມັນບໍ່ເຫັນຊິງ່າຍຄືໂຄສະນາຢູ່ໃນພາບ ແລະ ໃນເຟສບຸກເລີຍ,0,0,0,0.995308
ຢາກໃຫ້ເອັບໄດ້,1,1,1,0.8134
ສະນຸກມາກກ,1,1,1,0.911901
ນຶກສີສົມພັນ,1,1,1,0.873021
ກຶວ,1,1,1,0.837514
ໃຊ້ແລ້ວສະດວກສະບາຍ ວອງໄວ ທັນໃຈ,1,1,1,0.978976
ເຍະ,1,1,1,0.837514
ຕິດຕັ້ງຍາກໃຊ້ລໍາບາກແອັບໃຊ້ດີດີກະໄດ້ໂຫລດໃຫມ່ລະກະຕິດຕັ້ງບໍໄດ້,0,0,0,0.79605
ສະດວກສະບາຍທຸກການນໍາໃຊ້ຂອງບີຊີອາວັນ,1,1,1,0.973728
ດີເຢື່ອມ,1,1,1,0.789179
ທຸກນະໂຍບາຍດີຫລາຍ ສະສົມຄະແນນເມື່ອຊື້ ໄດ້ເປີເຊັນເມື່ອຜູກທີ່ເຮົາແນະນໍາຊື້ 5 ຢາກໃຫ້ທາງເຈົ້າຂອງແອັບ ລ້າງມູນຄ່າທີ່ເປັນໂມຄະອອກ ເພື່ອເຮົາຈະໄດ້ຮູ້ຈໍານວນເງີນທີ່ຈະໄດ້ຮັບຕົວຈິງ ທ່ານໃດຕິດຕັ້ງ ຢ່າລືມເອົາລະຫັດແນະນໍາໂຕນີ້ໃສ່ເດີເຈົ້າ. ຈະໄດ້ຮັບ10 ເມື່ຶອທ່ານຊື້ເລກຫລືຕື່ມບັດ ເຂົ້າບ່ອນໂປໄຟແລ້ວໃສ່ລະຫັດນີ້ 24570563,1,1,1,0.597322
ຊາແລະເບິ່ງຫັຍງກາຄ່າງ,1,1,1,0.776634
ໃຊ້ສະດວກສະບາຍໃນການຕິດເພື່ອນຫລືຄອບຄົວ,1,1,1,0.973679
ເປັນຫຍັງຈຶ່ງຕ້ອງລັອກເບີເມື່ອຕັ້ງບໍ່ສໍາເລັດ,0,0,0,0.846605
ອັບເດດແລ້ວເຕີມບໍ່ໄດ້ເຮັດແນວໃດບອກແດ່ເຕີມບັດແນວໃດ,0,0,0,0.939634
ປັບປຸງແນ່ເດີ ເດັ້ງແທ້,0,0,0,0.89258
ບໍ່ໄດ້ເລື່ອງ ສັ່ງອາຫານຕ້ອງໄດ້ຖ້າອໍເດີ້ດົນ ປານນັ້ນບໍ່ຕ້ອງກິນເລີຍລະກະແລ້ວ ລະບົບການເຮັດວຽກຈັດການເວລາໂຄດຫວ່ຍ ສັ່ງເຄື່ອງຢູ່ໃກ້ໆນີ້ ປານສັ່ງຢູ່ຫລັກ16ມາຮອດວຽງຈັນ,0,0,0,0.876699
ຮັກແຮ່ງແພງລາຍ,1,1,1,0.880469
ດີຫລາຍ ຖ້າປັບປຸງ ການຄົ້ນຫາຫນັງໄດ້ຫລາຍກວ່ານີ້ຄືສິດີຫລາຍ,1,1,1,0.703972
ບອກເລີຍວ່າດີ,1,1,1,0.770889
ດີໃຊ້ງານງ່າຍສະດວກສະບາຍແຖມມີສ່ວນລົດນໍາອີກ,1,1,1,0.971616
ດີລາຍເອົາໃວລິນເກມ,1,1,1,0.860154
ນໍາໃຊ້ສະດອກດີ,1,1,1,0.910605
ເອົາບັນຫາເລກເດັດລົງຄົງຈະດີ,1,1,1,0.587664
ດີແທ້.ມີລາກຫລາຍໃຫ້ເຮັດແລ້ວຍັງມີເກມອີກ,1,1,1,0.670936
ອ້າຍລັນ,1,1,1,0.853467
ໃສດີມາກໆໆ,1,1,1,0.95156
ເອີ້ນລົດບໍ່ໄດ້ເລີຍ,0,0,0,0.973544
ມີປະສິດຕິພາບດີຂື້ນ,1,1,1,0.909826
ແມ່ນຫຍັງອັບເດດສິໃສ່ເບິໂທລະສັບກະບ່ໄດ້ລະສິສັ່ງແນວໃດນໍ້ບາດນິ ແຊດຫາຢູ່ເພຈເຟດກະບ່ຕອບບບ,0,0,0,0.885044
ເຮົາບໍ່ສາມາດລົງທະບຽນໄດ້ເພາະກໍານົດເວລາໃສ່tpoບໍ່ໄດ້ເຮົາລອງຫລາຍແລ້ວຊວ່ຍແກ້ໄຂ້ແນ່ເດີ,0,0,0,0.884551
ຍາໄປແຄຄົນໄມ້ບໍຮັກ,1,1,1,0.821849
ລືມບໍ່ໄດ້ກະຕາຍໂລ້ດ.ກະໂລ້ດ ອ້າຍຂໍໂສດຮັກເຈົ້າ.ບໍ່ດີໄປອີ້ກບໍໃດ.,1,1,0,0.819731
ໃຫ້ເນັດຕື່ມອີກນອ່ຍ,1,1,1,0.684095
"ດີທີ່ສຸດ,ມັກທີ່ສຸດ",1,1,1,0.965447
ຢາກໃຫ້ທາງນັກພັດທະນາພັດທະນາແອບໃຫ້ເພີ່ມເຕີມແນ່ເດີ ເພາະວ່າລົງທະບຽນແລ້ວກາຍັງຄື້ເກົ່າບໍໄປບໍມາຍັງຖ້າອະນຸມັດອະມັດອີຫຍັງຄືວ່າສອງສາມເດືອນຍັງຄືເກົ່າ ພັດທະນາໃຫມ່ເດີແອບໂຕນີ້ ບໍ່ຜ່ານມັນບໍສະດວກຄົນລົງທະບຽນເຊີນkycເຮັດໃຫມ່ ແອບ why cryzy,0,0,0,0.943917
ເມື່ອຍໃສ່ລະຫັດເປັນ1000ເທື່ອລະຍັງກັບມາຫນ້າເກົ່າກະລະງືດແຕ່ກອ່ນກະລົງໄດ້ຢູ່ປັບປຸງແດ່ເດີ້,0,0,0,0.921772
ແອບໂຕຖຶກໃຈຄັກໃຊ້ວອງໄວໄດ້ໃຈ,1,1,1,0.881955
ບໍ່ໄດ້ ບໍ່ຕ້ອງຂຶ້ນ,0,0,0,0.898958
ອະປາ,1,1,1,0.837514
ຕອນຂ້ອຍຫມູນໄດ້ເງີນຂ້ອຍກົດແບ່ງປັນມັນບໍໄປຫນ້າເຝ໋ດແກ້ໄຂແນ່,0,0,0,0.651561
mochaດີແທ້,1,1,1,0.913114
ມັນຜິດພາດຢາກລົງບຽນໃຫ່ມມັນບໍ່ໄດ້ລຶບແລ້ວໂຫຼດໄຫ່ມຍັງບໍ່ໄດ້ແກ່ໄຂ່ດວ່ນເດີ,0,0,0,0.95617
ຄື່ໃສ່ງານບໍໄດ້ຫວ່າ,0,0,0,0.72486
ບໍລິການໄວທັນໃຈແທ້,1,1,1,0.937291
ດາວໂຫຼດມາແລ້ວລົງທະບຽນບໍ່ໄດ້,0,0,0,0.974165
ຊື້ນເລດ,1,1,1,0.795105
ໃຫ້ດີແນ່ເດີ້,1,1,1,0.788051
ເຮົາໃຊ້ຫລັກ9ກໍສາມາດແຊດຟີໄດ້ແຕ່ໂທບໍ່ໄດ້ສາມາດເຮັດໃຫ້ຄົນບໍ່ມີເງິນເຕີມບັດສະດວກອີກຫນ່ອຍ,1,1,0,0.740574
"ຊສາສ,",1,1,1,0.841096
ຫວ່ຍເກີນ3ຊົ່ງໂມງກາບໍໄດ້ກິນ ຍົກເລີກກາບໍໄດ້,0,0,0,0.844875
ສິລອງເບິ່ງ,1,1,1,0.847117
ມູນດ້ນຫ່ກສ່ຮ,1,1,1,0.800336
ເປີດແອັບ,1,1,1,0.64001
ດີຢ່ຽມທັນໂລກ,1,1,1,0.890531
ໂຫລດມາແລ້ວລົວທະບຽນສໍາເລັ້ດແລ້ວຄືບໍ່ໄດ້ຮັບດ້າຕ້າ10gbເລີຍໃຊ້ວ່າໂຫລດມື້ນີ້ຊິໄດ້ຮັບບໍ່ເຫັນຊິໄດ້,0,0,0,0.960123
ແປກໃຈກົດທົງລະບຽນດ້ວຍເບີພັດບໍ່ສົ່ງລະຫັດລັອກອິນໃຫ້,0,0,0,0.852706
ໃຫ້ເງີນເນັດຫລາຍໆແນ່ເດີ,1,1,1,0.7091
ອັພເດດໃຫມ່ເປັນຫຍັງຄືຕ້ອງຂໍສິດເຂົ້າເຖິ່ງໄມໂຄໂຟນ. ອັພກ່ຽວກັບທະນາຄານບໍ່ຈະເປັນຕ້ອງໃຊ້ສິດນີ້,0,0,0,0.762988
ມີໄຊ,1,1,1,0.841012
ອັບເດດຕະຫລອດ,0,0,0,0.959347
ມັກຫລາຍໄຊ້ດີ,1,1,1,0.975353
ແອບແຊັດ ເຟດ,1,1,1,0.669479
ສຸດຍອດຄວາມແພງ,1,1,1,0.918894
ຂັອຍກໍາລັງຮຽນໃຊັສະນັ້ນຂັອຍຈິງບໍ່ມີປະສົບການຫລາຍແຕ່ວ່າໃນການໃຊັແອບນີ້ຂັອຍວ່າດີບໍ່ວ່າການໃຫັບໍ່ລິການແລະອື່ນໆກໍ່ຖືວ່າດີເນາະສະເພາະຂັອຍໄດັໃຊທີຜ່ານມານີ້.,1,1,1,0.819275
ເປັນເມືອງທ່ອງທ່ຽວປະຫວັດສາດວຽງໄຊແຂວງວຽງຈັນຈັບຢູ່ຄໍາມ່ວນແຂວງຈໍາປາສັກແລ້ວຈະໄດ້ມີຂຶ້ນທ່າມການຄ້າຕ່າງກັນຄືແນວໃດການສຶກສາຊັ້ນປະຖົມໃຫ້ເອົາໃຈໃສ່ສຶກສາອົບແຫ້ງໄປຈູດເຜົາເຮືອນທີ່ຄົບຢູ່ໃນປີມີຄວາມຫມາຍແນວໃດຕ່າງກັນຄືແນວໃດການສຶກສາຊັ້ນປະຖົມໃຫ້ເອົາໃຈໃສ່ສຶກສາອົບແຫ້ງໄປຈູດເຜົາເຮືອນທີ່ຄົບຢູ່ໃນປີມີຄວາມຫມາຍແນວໃດຕ່າງກັນຄືແນວໃດການສຶກສາຊັ້ນປະຖົມໃຫ້ເອົາໃຈໃສ່ສຶກສາອົບແຫ້ງໄປຈູດເຜົາເຮືອນທີ່ຄົບຢູ່ໃນປີມີຄວາມຫມາຍແນວໃດຕ່າງກັນຄືແນວໃດການສຶກສາຊັ້ນປະຖົມໃຫ້ເອົາໃຈໃສ່ສຶກສາອົບແຫ້ງໄປຈູດເຜົາ,1,1,1,0.802274
ອັນໃດບໍ່ໄດ້,0,0,0,0.9248
ດີແຮງມັກເບິດໃຈ,1,1,1,0.903289
ແບບເກົ່າຍັງດີກວ່າເວີຊັ່ນໃຫມ່ໂຄດກາກ,0,0,0,0.844272
ແອັບລາວຕາຍ ຫມູນຖືກແຕ່ຜີ,0,0,0,0.624079
ຄ້ຈືຍຊ້,1,1,1,0.810169
ເຈີຍໃນ,1,1,1,0.880826
ຫນ້າແອັບໂຊກໄຊຄືບໍ່ບອ່ນຊໍາລະດວ້ຍຄະແນນຄືເກົ່າຄະແນນສະສົມເຮົາມີຫລາຍແຕ່ຕື່ມບັດດວ້ຍຄະແນນຫລືຊໍາລະຄ່າດວ້ຍຄະແນນກະບໍ່ໄດ້ຄືເກົ່າເປັນແນວໄດ໋ປັບປຸງແນ່ເດີ,0,0,0,0.914677
ໄຊີທີ່ສຸດ,1,1,1,0.949187
ສຸດຍອດບໍລິການວອ່ງໄວທັນໃຈ,1,1,1,0.968337
ເຮຄ,1,1,1,0.837514
ວັນແກ້ວ,1,1,1,0.844461
ມັນບໍ່ມີອັນແທັກ,1,1,0,0.759784
ຕອນນີ່ອັບເອດແລ້ວເຂົ້າແອບບໍ່ໄດ້ ປັບປຸ້ງໃຫມ່ແນ່,0,0,0,0.986979
ຂອງດີ.,1,1,1,0.896797
ເປັນການສື່ສານທີ່ດີ,1,1,1,0.923434
ສົນໄຈມາກຄະ,1,1,1,0.891809
ມາຫມ້າ,1,1,1,0.799804
"ຢ່າລໍຄວາມພອ້ມລົງມືທໍາເລີຍ, .",1,1,1,0.769312
ແອັບເຂົ້າບໍ່ໄດ້ ລະບົບຊ້າແຮງ,0,0,0,0.994188
ຂໍໄຫ້ຕິດງ່າຍໂທທຸກຄັ້ງປັບປຸງອຶກນິດສິຄອມເມັ້ນ5ດາວໄຫ້,1,1,1,0.68049
ໂຫລດໃຫ້ໄດ້ນໍາເດີ,1,1,1,0.739298
ບັນຊີລົບບໍ່ໄດ້,0,0,0,0.944783
ບໍ່ໄດ້ເລື່ອງ ແຮງປັບປຸງແຮງເຂົ້າບໍ່ໄດ້,0,0,0,0.994368
ດີງ່າຍຕໍ່ການຕິດຕາມພັດສະດຸ,1,1,1,0.913108
ດີ ເລີດ,1,1,1,0.895337
ດີເຂົ້າ,1,1,0,0.607874
ແມ່ມືງເອີຍລົງທະບຽນບໍ່ໄດ້ໃສ່ເບີມັນຂຽນວ່າເບີບໍ່ຖືກຕ້ອງປັບໃຫມ່ແດ່,0,0,0,0.958935
ແອບບໍສົມບູນແບບ,0,0,1,0.600518
ຢ່ກລ້ວາມ,1,1,1,0.799347
ສະບາຍບໍ່ມີເນັດກະຫລີ້ນໄດ້,1,1,1,0.559762
ອັບເດດບໍ່ເຫັນມີຫຍັງດີຂຶ້ນອັບເດດດຸຕາຍແທ້,0,0,0,0.952482
ເຮັດດີແລ້ວ,1,1,1,0.844826
ສັ່ງງ່າຍໆ,1,1,1,0.877929
ສໍາລັບຂ້ອຍຖືວ່າດີ ພັດທະນາຕໍ່ໄປ,1,1,1,0.922566
ໃຊ້ແອັບນີມາຍອມຮັບວ່າສະດວກສະບາຍໃຊ້ຕິດຕໍ່ຫຍັງກະງ່າຍຂື້ນ,1,1,1,0.920936
ທັນໃຈຢ່າງວ່ອງໄວ,1,1,1,0.95117
ດີແບບຄວຍ,1,1,1,0.826386
ຫລື້ນມວ່ນຫລາບ,1,1,1,0.868662
ໃຊ້ໄດ້ດີວອ່ງໄວໄດ້ໃຈ,1,1,1,0.952291
ເວົ້າໄດ້,1,1,1,0.713719
ສັນຍານດີບໍມີສະດຸດ,1,1,1,0.886088
ບໍ່ລິການໄວມາກກກ,1,1,1,0.815245
ດີຫລາຍແອັບນີ້.ບໍ່ມີເນັດ.ກະຊ່ວຍໄດ້,1,1,1,0.737028
ມີລະບົບສະແກນລາຍນີວມືເພື່ອ login ແຕ່ບໍ່ສາມາດໃຊ້ງານໃດ ຖ້າລະບົບສົມບູນລະຈະໃຊ້ເດີ,0,0,0,0.66281
ສຸດຍ່ອເລຍ,1,1,1,0.904373
ຊ່ວຍແກ້ໄຂໄວໆແນ້ໄດ້ບໍ ໂທຟີຮກະບໍ່ໄດ້ຫລີ້ນເກມສັ້ນເອົາເງິນກະແຊອອກບໍ່ໄດ້ຖ້າບໍ່ມີເງິນເນັດ ອັບເດດໄຫມແນ້ຊ່ວຍແກ້ໄຂໃຫ້ເປັນແບບເດີມດີກວ່າເປັນແບບນີ້ຊໍາ,0,0,0,0.978548
ແກ້ໄຂແນ່ແອປນີ້ເຂົ້າບໍ່ໄດ້ ດ່ວນ ແກ້ໄຂ່ດ່ວນແອັບນີ້ເຂົ້າລະເດັ່ງອອກ,0,0,0,0.98457
ບໍ່ມີຟັງຊັ້ນສະຫມັກ mastercard ຄືຂອງຄົນອື່ນ ຍ້ອນຫຍັງ?,0,0,0,0.673814
ທີບໍ່ຮູ້ຈັກ,1,1,1,0.782877
ວະບາຍເປັນຫຍັງຄືເຂົ້າບໍ່ໄດ້ນໍປັງປຸງແດ່ເດີເຂົ້າລະເດັງອອກຕະຫລອດ,0,0,0,0.992927
ຂໍພຽງຄວາມຊື່ສັດຊື່ຕົງໂປງໃສກໍດີແລ້ວ,1,1,1,0.83506
ແຟດ,1,1,1,0.837514
ໂອນເງິນອອກຈາກແອບໄປໃສ່ເບີບ່ໄດ້ແກ້ແນ່ເດີ,0,0,0,0.856497
ມີເຫດພົນ,1,1,1,0.851745
ໃຊ້ໂຄດດີເລີຍ,1,1,1,0.800106
ສະແກນຈ່າຍບໍ່ໄດ້ຕະຫລອດ,0,0,0,0.797328
ພໍໃຊ້ໄດ້,1,1,1,0.929352
ຂໍສືກສາທາງເຕັກນິກເພີ້ມເຕີມ,1,1,1,0.812559
ທະນາຄານມືຖືຂອງຢູນິເທວ ໃຊ້ໂອນຜ່ານ4ຊ່ອງທາງໄດ້ແລ້ວ,1,1,1,0.634429
ບໍ່ຄ່ອຍດີປານໃດ,0,0,0,0.550197
ໃຊ້ງານດີແທ້,1,1,1,0.962065
ດີໃຈແຕກໍເສຍເງິນລາຍ,1,1,1,0.689132
ຮາໆ,1,1,1,0.837514
ຂໍໂລກໃຫ້ໄດ້,1,1,1,0.886417
ໂຄດດີເລີຍ,1,1,1,0.817892
ຮັບອໍເດີຊ້າ,0,0,1,0.556532
ຜູ້ເຂົ້າຊົມ,1,1,1,0.667087
ເສີ່ຍແງ່ນ,1,1,1,0.820319
ເຕົາເອີລາວໂລ,1,1,1,0.809525
ແອັບນີ້ໃຊ້ດີຫຼາຍ ສໍາລັບໃຜທີ່ຕິດຕັ້ງໃຫມ່ ນີ້ແມ່ນລະຫັດຜູ້ແນະນໍາເນີ78360449,1,1,1,0.877191
ບ່າວມົ້ງລີ,1,1,1,0.88511
ເປັນຕາຍຫຍັງກະບໍ່ຮູ້ບໍ່ມັກຮັບລູກຄ້າ,0,0,0,0.920413
ບໍ່ມີເງິນຝາກ555,1,1,0,0.705202
ໃຊ້ສະດວກກວ່າເກົາ,1,1,1,0.819261
ໃຈາທີ່ສາ້ງແອບນີ້ຂື່ນມາ,1,1,1,0.792211
ຈະເປັນຄົນດີໃຫ້ພວກທ່ານນະ,1,1,1,0.888906
ແພັກເກດນາທີໂທມັກມີບັນຫາຄືເວລາຕັ້ງນາທີໂທຕັດເງີນໄປແລ້ວແຕ່ຈໍານວນນາທີບໍຂື້ນ,0,0,0,0.683154
ເຂົ້າລະເດັງອອກກັບມາຫນ້າotp,0,0,0,0.867904
ມັນກະໃຊ້ງານງາຍໆພຽງແຕ່ຕ້ອງໃຈເຍັນໄຊ່ໃຈໄນການອ່ານຂໍ້ຄວາມທີສູນສົ່ງມາເບິ່ງລາຍລະອຽດຂັນຕອນຕ່າງໆແລະກະເຮັດໄຫ້ຄົບທຸກວີທີທີ່ສູນໄຫ້ເຮັດມັນກະໄດ້ສໍາເຮັດດ້ວຍດີບໍ່ແມ່ນເອົາແຕ່ອາລົມໂຕເອງເຊັນຕອນໄຫ້ໄຊ່ເຂົ້າແອັບຕ້ອງໄຊ່ເບີໂທຂື້ນກ່ອນຕ້ອງ20ບໍ່ແມ່ນ020ຂ້ອຍແອັບນີ້ດີແຕ່ຕ້ອງປັບປຸງເລືອງການໃຊ້ງານໄຫ້ດີກວ່າຫນີ້ແລະໄຫ້ມັນຫຼາກຫຼາຍໄນການໃຊ້ງານອື້ນໆ,1,1,0,0.593752
ໂທທາງແມັກເຊັ່ນເຈິມັນສະດຸດ,1,1,1,0.818926
ເຂົ້າ ໂຫລດແອັບບໍໄດ້,0,0,0,0.963912
ດີຫລາຍທັນໃຈວອງໄວ,1,1,1,0.981412
ຢູ່ທີ່ສ ປປ ລາວ,1,1,1,0.881198
ແອັບເມື່ອອອກຈາກລະບົບແລ້ວເຂົ້າກະບໍ່ໄດ້ເລີຍຖ້າບໍ່ມີເນັດ,0,0,0,0.994519
ດີມາກແຕາຊ້ານ້ອຍນຶ່ງ,1,1,1,0.817862
ແອັບນີ້ດີລາຍ,1,1,1,0.943363
ໄຊ້ໄດ້ດີແລະພໍໃຈທີ່ໄດ້ບໍລິການ,1,1,1,0.957977
ຖາວອນ ຂອບໃຈສໍາລັບທຸກການພັດທະນາຂອງທ່ານ.,1,1,1,0.936383
ບໍ່ເຫັນມີວົງລໍ້,0,0,0,0.865026
ລະບົບມັກຂັດຂ້ອງໂພດ,0,0,0,0.764117
ໄວ້ຂໍເບີສາວ,1,1,1,0.852504
ແອັບໂຄດບໍ່ດີ່ສັ່ງ1ໄດສອງເກືອບບໍ່ມີເງິນຈ່າຍເນາະໄຮເດີ້ກະຫິວເງິນ,0,0,0,0.880972
ຄັກແຮງໃຊ້ງ່າຍສະດວກສະບາຍ,1,1,1,0.9881
ອິນບອກບໍ່ໄດ້,0,0,0,0.962776
ເຮົາໂອນເງີນໃຫ້ອ້າຍ5000ໂອນແລ້ວເງີນບໍ່ເຂົ້າແຖມເຮົາຍັງເສຍເງີນນໍາ,0,0,0,0.808087
ສຸດຍ້ອດເລີຍ,1,1,1,0.896414
ກວດສອບແນ່ຕື້ມບັດບໍ່ໃດ້,0,0,0,0.771843
ສັນລຸ້ນໂຊກແລ້ວບໍໄດ້ຍັງຖືກແຕ່ຂໍຂອບໃຈຝາກແກ້ດ່ວນ,0,0,0,0.708964
ສັ່ງທຸກຄັ້ງ ມີປັນຫາທຸກຄັ້ງ ເຫນື່ອຍຍຍ,0,0,1,0.538641
ຂອ້ບໃຈ,1,1,1,0.907251
ມັກເກມກອບ,1,1,1,0.780048
ເອອເຕຮ່ຍ,1,1,1,0.837888
ຕອ້ງການຕອນນີ້,1,1,1,0.840016
ທີ່ງ,1,1,1,0.910585
ດີຫລາຍແອັບນີ້ ຕັ້ງເງິນເນັດກະໄດ້ຄູນ2,1,1,1,0.605358
ຕຸ້ຍນ້ອຍ.ພູມມີຈິດ,1,1,1,0.879931
ສະດວກສະບານ,1,1,1,0.985853
ຕ້ອງການພາສາລາວ,1,1,1,0.897266
ຈາກມ,1,1,1,0.828775
ໃຊ້ດີຫລາຍໆ,1,1,1,0.995851
ທັງຫມົດເລີຍ,1,1,1,0.829624
ຢາກໄດ້ເວີຊັ້ນໃຫ່ມ,1,1,1,0.68597
ອັບເດດໃຫມ່ແລ້ວບອກເຊີນມູເຊີນແລ້ວມຸນຕໍ່ບໍໄດ້ບອກຫວ່າທ່ານປະຕິບໍ່ສໍາເລັດ ແກ້ໄຂກວນໆ ແມ໋ງເສຍເນັດກູຊື່ໆອຸສາອັບເດດໃຫມ່ຄິດຫວ່າມັນຊິດີກວ່າເກົາສຸດທ້າຍກະຄືເກົ່າ.ຄວາຍ,0,0,0,0.975501
ນັງໂປໍຈີນ,1,1,1,0.873747
ໃຊ້ບໍລິການດີ ຝາກຮຸ່ງອາລຸນ ຂົນສົ່ງຕະຫຼອດ,1,1,1,0.667611
ຕົ້ນ,1,1,1,0.785398
ນີພອນ,1,1,1,0.8769
ຢາກເຟສບຸກອັປເດທມີພາສາລາວໃນແອັປ,1,1,1,0.797624
ທັນສະໄຫມຂື້ນແລ້ວ,1,1,1,0.78931
ໄດ້ແລ້ວ,1,1,1,0.551009
ໃຊ້ຍາກພິມເບີໃສ່ຄືວ່າບໍ່ຖືກຕ້ອງ,0,0,0,0.806717
ມັນສຸດຍອດອີຫລີ,1,1,1,0.939569
ປອດພັຍ,1,1,1,0.843463
ໂຄດຍາກເຂົ້າກະຍາກບໍ່ໄດ້ຊ້ໍາບາງທີ່,0,0,0,0.975804
ແອຟດີຫລາຍ,1,1,1,0.993838
ສຸດຍອດເລີຍຈາ,1,1,1,0.955564
ໃຊ້ດີ ສະດຸດເລັກນ່ອຍແຕ່ກະຖືວ່າໂອເຄຢູ່,1,1,1,0.915563
ຢາກກິນເຂົ້າປຽກຖ້ວຍ 18.000ກີບ ຕ້ອງໄດ້ຈ່າຍ 30.000 ບ້າໄປແລ້ວ ຄ່າສົ່ງແພງເກີນນ,0,0,0,0.765649
ສັ່ງອາຫານແລະບໍ່ສົ່ງລະຫັດມາໃຫ້ຈັກເທື່ອເຮັດໄປເພື່ອສັ່ງລະບໍ່ໄດ້ຫຍັງເສຍເວລາ,0,0,0,0.985571
ເອົາໄປ5ດາວ,1,1,1,0.842779
ໃສ່ໄດ້,1,1,1,0.650104
ໄດ້ປະສົບການໃຫມ່ໆ,1,1,1,0.925057
ໂອໂຫ,1,1,1,0.842705
ປັບປຸງດ່ວນເດີ,0,0,0,0.787588
ໃຊ້ງ່າຍ ແລະ ຊື້ເລກກໍ່ໄດ້,1,1,1,0.725847
ເປັນຫຍັງຕອນນີ້ ໃຊ້ງານບໍ່ໄດ້,0,0,0,0.969382
"ເປັນແອັບທີ່ດີ, ຊ່ວຍອໍານວຍຄວາມສະດວກໃນການເດີນທາງພາຍໃນ ນະຄອນຫຼວງວຽງຈັນ,",1,1,1,0.913607
ຈ່າລະ,1,1,1,0.797201
ຈຮາ,1,1,1,0.873698
ໃຊ້ດີໆໆ,1,1,1,0.972753
ໃຫ້ເປັນທີ່ຮູ້ຈັກຂອງຄົນລາວ,1,1,1,0.877145
ເຊີນຫມູ່ບໍໄປໄດ້ມັນບອກວ່າເກີດຂໍຜິດພາດ ແກ້ໃຫ້ນ້ອຍ ຂໍຂອບໃຈ,1,1,0,0.572259
ປຮໍາສໍານໍາ,1,1,1,0.869572
ດິ ດີ,1,1,1,0.901486
ທັນສະໄຫມທັນໃຈ,1,1,1,0.927458
ມັນໃສງ່າຍດີ,1,1,1,0.92236
ອັບເດດແລ້ວຫລີ້ນຍັງບໍ່ໄດ້,0,0,0,0.978348
ໄຊດີຫຼາຍ,1,1,1,0.981091
5ດາວສົງໄປ,1,1,1,0.831316
ເອົາເປັນເຟດເກົາໄດ້ບໍ,1,1,1,0.702256
ດີຈັງເລີຍ,1,1,1,0.680586
ໃວນຸຜປູດູ ຝາກດ່າລວມ. ລ ຂ,1,1,1,0.84876
ເປັນແອັບທີ່ເຮົາໃຊ້ປະຈໍາວັນ,1,1,1,0.851651
ແຕ່ກອນມັນກະດີແລ້ວແຕ່ດງວນີອັບເດດໃຫມ່ມັນບໍໄດ້ຫຍັງເລີຍ,0,0,0,0.94609
ກະດີຢູ່ແຕ່ຢາກໃຫ້ເຟສສາມາດເບີ່ງຮູບໄດ້ຄືເກົ່າເວລາເມີດເງີນ,1,1,1,0.71724
ຖາວອນ .,1,1,1,0.871928
ຄັກຢູ່ ແຕ່ໃຫ້ອັບເດດດຸໂພດ,1,1,0,0.579605
ຫາູສິຍູ,1,1,1,0.82686
ພູມໄຈຫລາຍ,1,1,1,0.905607
ຈໄຈ,1,1,1,0.837514
ອິນເຕີເນັດຊ້າຫຼາຍ,0,0,0,0.640795
ອັບເດດໃຫມ່ບໍ່ຄັດເລີຍເຂົ້າແອບຍາກເກີນ,0,0,0,0.981943
ດີໃຈທີ່ໄດ້ຮັບຜົນ,1,1,1,0.901538
ໃຊ້ງານສະດວກ,1,1,1,0.946525
ຂໍໄຫດີແດ,1,1,1,0.923876
ໂລດມາສັນມື້ທໍາອິດລົງເຟສໄດ້ສັນມື້ຕໍ່ມາແມ່ນລົງບໍ່ໄດ້ຄັນແນວນີ້ຈັກຊິພະລິດແອັບເພືອຫຍັງບໍ່ເຂົ້າໃຈເລີຍ,0,0,0,0.932029
ດີ ແຕ່ມື້ນີ້ເຂົ້າແອັບບໍ່ໄດ້ເລີຍ,1,1,0,0.972569
ມັກມາກ,1,1,1,0.905019
ບໍ່ຂໍໃຫ້ດາວແອັບຊ້າແຮງ ຖ້າຂໍ້ຄວາມດົນແຮງ ໃຜທີ່ຄິດສິລົ່ງແອັບໂຕນິຜິດຫວັງ100 ຊ້າແຮງບໍ່ໄຫວ,0,0,0,0.828726
ແອບນີ້ໃສ້ດີມາກສຸດຍອດ,1,1,1,0.956317
ໃຊ້ການສື່ສານດີເກີນຄາ,1,1,1,0.898552
ດີຫາຼຍແອັບຕົວນີ້,1,1,1,0.741524
ມັກ ຖືກໄຈສຸດ.,1,1,1,0.879768
ເປັນແອັບທີ່ໃຊ້ດີຫລາຍ,1,1,1,0.970253
ໃສ່ເພລງກະບໍ່ໄດ້,0,0,0,0.964813
ດີໄຊ້ໄດ້ແລ້ວ,1,1,1,0.850006
ປັບໃຫ້ແດ່ ຮູບທີ່ຫມູ່ສົ່ງໃຫ້ມັນບໍ່ເຂົ້າເຄື່ອງ ບໍ່ຮູ້ວ່າເປັນຍ້ອນຫຍັງ,0,0,0,0.888948
ຫຼິ້ນເກມຊະນະແລ້ວບໍ່ເຫັນຊິໄດ້ເງິນ ຫຼອກລວງຜູ້ບໍລິໂພກ,0,0,0,0.816969
ຍາມເຂົານອນລະສົ່ງລະຫັດມາແມ່ມັນຍັງບາດກູລົງລະບຽນຄືບໍ່ສົ່ງລະຫັດມາໃຫ້ ລົບກວນເວລາເຂົານອນລະລາສົ່ງລະຫັດມາແຕ່ຕອນ3ໂມງເຊົ້າສົ່ງມາເພືອຫຍັງ,0,0,0,0.95986
ອັບເດດບໍ່ໄດ້ປັບປຸງແນ່,0,0,0,0.996973
ດີຈັງ,1,1,1,0.84384
ປອດໄຟວອງໄວຕ້ອງ lvb digibank,1,1,1,0.896918
ເບີ່ງstory ບໍ່ໃດ້ແມ່ນເປັນຫຍັງແກ້ໄຂດ່ວນ,0,0,0,0.953652
ຂອບໃຈຄົນລາວທຸກຄົນfcເລີຍ,1,1,1,0.9398
ໂຄດກາກເລີຍແອັບນີ້ ທັກຫາເຂົາແຕ່ມື້ວານຈົນປານນີ້ກະຍັງບໍ່ຕອບ ຍ່າໂລດມາຫລີ້ນເດີສູກາກໂພດແອັບຮ່ານິ,0,0,0,0.925858
ໂທບໍ່ໃດ້,1,1,0,0.754666
ບໍ່ສາມາດເຕີມເນັດ10.000ໄດ້,0,0,0,0.647054
ໃຊ້ງ່າຍສະດວກສະບາຍວອ່ງໄວທັຮໃຈ,1,1,1,0.989866
ຫມູນວົງລໍ້ບໍ່ເຄີຍໄດ້ລາງວັນ ມີແຕ່ຖືກບັງເພັງຮ່ວມກັນທຸກຄັ້ງແລ້ວຈະໃຫ້ຫມູນເພື່ອ?,0,0,0,0.710756
ແອບໂຄດກາກ,0,0,0,0.869123
ເວີຊັ່ນໃຫມ່ນີ້ແທ້ບອກເລີຍວ່າບໍ່ເຂົ້າໃຈຫຼິ້ນ.!ງົງຫລາຍ,0,0,0,0.696647
ຕ້ອງການເປີດໄຊ,1,1,1,0.900016
ດີຫາຍງດີໆ111,1,1,1,0.938638
ແອບຫາແດກໂຫລດມາເສີຍເງີນຫລາໆ ຕັ້ງບໍ່ໄດ້ເຮັດມາເພື່ອ.ຄວຍ,0,0,0,0.931187
ຮັກໃນສິ່ງທີເປັນ,1,1,1,0.876512
ສຸດຍອດໆ,1,1,1,0.983272
ບໍ່ມີຄວາມກ້າວຫນ້າເລີຍຍາມເລີກໍ່ຖືກອັບເດດສະຖານນະຄັນບໍ່ກໍຖືກຟັງເພງຮ່ວມກັນບໍ່ໄດ້ຖືກເງິນຈັກເທື່ອຜິດຫັວງກັບແອບນີ້,0,0,0,0.936092
ຊິນຮີມ ຊອກພວກເຂົາເຈົ້າ ສຶກສາເຟີ່ມເຕີມ ນບບາລ ຮບ ພາຍໃນ,1,1,1,0.814659
ຄໍາເຫນືອງພົມະນີ,1,1,1,0.874602
ຊວຍງາມ,1,1,1,0.900014
ແບ່ງປັນບໍໄດ້,0,0,0,0.707113
ຫມຸນຖືກເງີນແນັດແບ່ງປັນບໍ່ໄດ້ເລີຍຄວນປັບປຸງແດ່,0,0,0,0.9611
ປ່ຽນພາສາບໍ່ໄດ້,0,0,0,0.859961
ໄຊທອງ,1,1,1,0.891096
ມັກຫລາຍຍຍ,1,1,1,0.933059
ຢາກມີເພືອນ,1,1,1,0.879029
ໃຊ້ງ່າຍ ປອດໄພ ຈະສົ່ງຂໍ້ຄວາມ ຫຼື ຈະໂທ ວິດີໂອ ຄວາມໃກ້ສິດ ທີ່ສະດວກ.,1,1,1,0.846774
ໄຫ້ອັບເດັດຕະຫຼອດ,1,1,0,0.788836
ສູນຂັ້ນທີ່ເຕ່ງ,1,1,1,0.793378
ຊອກຫາເພືີ່ອນໃນແອັບນີ້ກໍ່ສະດວກແລະສີ່ງໆໃຫມ່ໆ,1,1,1,0.805609
ບໍລິການດີເລີດໃນການບໍລິການດ້ານທະນາຄາຍ,1,1,1,0.88798
ມໍສາມ,1,1,1,0.823019
ເປັນຫຍັງຕ້ອງບັງຄັບໂຫລດ ?,0,0,0,0.683359
ມັກແອບນີ້,1,1,1,0.851345
ໂຫລດມາແລ້ວແຕ່ເຂົາແອັບບໍ່ໄດ້ຫຍັງຢູ່ນາລອ໋ກນິ,0,0,0,0.968233
0ດາວກະບໍ່ໄດ້ ໃຊ້ຍາກ ສະແກນກະບໍ່ໄດ້ບາດໂອນໄດ້ບາດໂອນບໍ່ໄດ້ມີບັນຫາຫລາຍຢ່າງ,0,0,0,0.98496
ອັບເດດໃຫມ່ລະເຂົ້າບໍ່ໄດ້,0,0,0,0.995323
ອັບເດດມາໃຊ້ງານລໍາບາກຫລາຍເຂົ້າກະບໍ່ໄດ້ຢາກຈ່າຍເງີນຄ່າສີນຄ້າກະບໍ່ມີຈ່າຍ ຢາກສູນເດະ,0,0,0,0.969401
ຫນຸນບໍໄດ້ອີກແລ້ວໃຫ້ແຕ່ເຊີນເພື້ອນແກ້ໄຂແດ່,0,0,0,0.857602
ເຫັນວ່າມັນມີຄົ້ນຄ່າເພາະຊວ່ຍເຮົາໄດ້ທຸກຢ່າງ,1,1,1,0.805662
ບໍ່ຕ້ອງໂຫລດເດີ້ລົງທະບຽນບໍ່ໄດ້ດອກແມ່ມັນນີ້ປານນັ້ນວ່າລົງທະບຽນຜ່ານແອບນີ້ກະໄດ້ຮູຂີ້ກູນີ້,0,0,0,0.960923
ຟໂຈ,1,1,1,0.837514
ພັດທະນາຂື້ນໄດ້ດີຫລາຍສະແກນການຄ້າໄດ້ແບບສະບາຍສຸດຍອດ,1,1,1,0.951439
ງາມດີ,1,1,1,0.899824
ເຄຄັກສຸດ,1,1,1,0.915228
ເປັນຫຍັງຂ້ອຍຕັ້ງລາຍຊື່ແອບບໍ່ໄດ້,1,1,0,0.908948
ເກົ່າ,1,1,0,0.708964
ອີສີ,1,1,1,0.837211
ແອັບມັນຄືເຂົ້າບໍ່ໄດ້,0,0,0,0.990901
ທ.ກອງມະນີ.,1,1,1,0.878604
ຄືຫລັກມື້ວານນີ້ກະໃດ້150bataກະໃຫ້ບໍ່ໃດ້ອີກມື້ນີ້ມູນຖູກ100 ກັບ200.ກະບໍາໃຫ້ນີ້ຫວະຊໍານີ້ກະເຮັດນໍາລູກຂ່າລົບຖິມດີກ່ວາເປືອງເນັດລ່າງໆ.ສົນຕີນ.,0,0,0,0.8008
update ແລ້ວເຂົ້າລະບົບ ແລ້ວ ມີແຕ່ ເດັ່ງ ອອກ ເປັນແບບນີ້ທຸກເທື່ອເລີຍ,0,0,0,0.898698
ດອນແສງວິໄລ,1,1,1,0.882936
ບອກຕາຍແຕ່ອັບເດດ ທຸກມື້ ໂພດໂພແທະ,0,0,0,0.77758
ຢາກຫົວ,1,1,1,0.665306
ເຈີແຕ່ເດັກນັກຮຽນຕິດເກມມາຕົວະເຕິມເນັດ,0,0,1,0.701903
ໂຫຼດແລ້ວລົງທະບຽນບໍ່ໄດ້,0,0,0,0.968544
ໃຊ້ດີມາກຄ່ະ,1,1,1,0.975837
ຄວນມີພາສາລາວແນ່,1,1,1,0.737728
ຖ້າສາມາດໃຊ້ກັບ app true wallet ໄດ້ກະຄົງຈະດີ ພັດທະນາຕໍ່ໄປເດີ,1,1,1,0.843889
ໃຊ້ຍາກໂພດ,0,0,0,0.833809
ອັບເດດແລ້ວບໍ່ດີຄືໂຕເດີນ,0,0,0,0.93213
ເຄເຕ,1,1,1,0.852333
ຄົບຈົບຢູ່ໃນແອັບດຽວ,1,1,1,0.815066
ໃຊ້ດີສະດອກໃນການໂອນ,1,1,1,0.946179
ຢາກໃຫ້ໃຊ້ໂອນຕ່າງທະນາຄານໃດ້,1,1,1,0.829809
ຍິນດີຕ້ອນຮັບ,1,1,1,0.897056
ຮັກເດີ whatsapp,1,1,1,0.90685
ໂລດແອບຫ້ອຍເທື່ອກະຍັງເຂົ້າບໍ່ໄດ້ ອາລົມເສຍສຸດ,0,0,0,0.973333
ແກ້ໄຂ້ໃຫ້ແນ່ປັ່ນຈົນຈໍາຝາກະແຕ໋ະຍັງບໍ່ໄດ້ພໍດາຕ້າ,0,0,0,0.942144
ສະດວກແຮງ,1,1,1,0.921925
ຂອບໄຈນໍາທຸກທານທີຊວຍໄດ້ຮູ້ໄດ້ເຫັນ,1,1,1,0.903491
ເນັສຊ້າ,1,1,0,0.925373
ແມງກ້ສບິ່ມ,1,1,1,0.821924
ວັນເກີດ,1,1,1,0.754624
ໃຫ້ອັບເດດແດ່,1,1,0,0.847507
ຫມຸນໃດ້ແຕ່ແຊບໍ່ໃດ້,0,0,0,0.724904
ລັດສະຫນີ,1,1,1,0.832358
ແອບກາກໆເຂົ້າລະເດັ້ງອອກຢູ່.ງຶດ,0,0,0,0.938687
ດີແທ້,1,1,1,0.937773
ໃສໄດ້ງາຍ,1,1,1,0.870801
ຍີນຕອນຮັບສູ່ໂລກອານາຄົດ,1,1,1,0.84842
ໃຊ້ເບີບໍໄດ້,0,0,0,0.653513
ໂຄດກາກ ຊ້າກະຊ້າ ລະບົບມີບັນຫາຕະຫລອດ ຕັດເງິນກະລື່ນເພີ່ນເດືອນ10ພັນ,0,0,0,0.965186
ອັບ,1,1,0,0.818875
ຊຶໂທຍ,1,1,1,0.837514
ເອີ້ນລົດໂຄດຍາກ ປັບປຸງທັດສະນະພະນັກງານແນ່ ໃຫ້ເອົາໃຈໃສ່ກວ່ານີ້ ຫຼື ເປັນເພາະລະບົບຂອງແອັບ ຄວນປະຊຸມສະເຫນີແກ້ໄຂໃຫ້ຫົວຫນ້າອົງກອນຮັບຊາບນໍາ,0,0,0,0.925604
ແອັບໂລດແອັບຍາກ,0,0,0,0.725709
ພອນຄໍາ,1,1,1,0.911906
ດີແລະໃຫ້ເນັດຟຮີ,1,1,1,0.810433
ເພື່ອແຊັທ,1,1,1,0.817934
ລົງທະບຽນເບີໂທລະສັບບໍ່ໄດ້,0,0,0,0.951492
ໃຜທີ່ໃຊ້ງານໄຫ່ມແມ່ນຍ່າລືມໃສ່ເລກແນະນໍານີ້ເດີ52280019,1,1,1,0.867493
ຮັກເລີຍ,1,1,1,0.867543
ຮັກເດີ້ທຮ,1,1,1,0.872082
ເຊັກເຄື່ອງບໍ່ໄດ້ແລ້ວບໍ່ຮູ້ເປັນຫຍັງ ໃສ່ລະຫັດກະວ່າບໍ່ຖືກຕ້ອງສະແກນໂຄດກະບໍ່ໄດ້,0,0,0,0.992322
ເພື່ອນເທົ່ານັ້ນ,1,1,1,0.670695
ບ່ມີປະສົບການ,1,1,1,0.959361
ອາ້ຍກື່ມ ສີປະເສິດ,1,1,1,0.851978
ເບີ່ງຫນັງຟີຮໄດ້ດີເລຍຄ່ະ,1,1,1,0.881858
ປະເທດລາວ,1,1,1,0.870031
ຢາກໂທຖາມທານ່ເລື້ອງສະພາບຕົນເອງບໍ່ສະບາຍຫລາຍ,1,1,1,0.724197
ຖືກໃຈ,1,1,1,0.903326
ໄດ້ແນ່ນອນ,1,1,1,0.770124
ທ້າເງີນ,1,1,1,0.797394
ແອັບໂຄດກາກຍາມມີປັນຫາຊ່ວຍຫຍັງກະບໍ່ໃດ້,0,0,0,0.983872
ເມົາ,1,1,1,0.843233
ຫນັງໂປ,1,1,1,0.8628
ດີຫລາ,1,1,1,0.991139
ດຽວນີ້ຫນຸນຖືກເນັດແຊກະບໍ່ໃດ້ປັບປຸງແນ່,0,0,0,0.976758
ໃຊ້ເຟສບຸກ.ອັນເກົ່າ,1,1,1,0.718851
ລົງທະບຽນບໍ່ໄດ້ມັນເດັ່ງອອກ,0,0,0,0.987514
ອັບເດດຕະຫລອດ ແຕ່ເຂົ້າຊ້າຍັງບໍປ່ຽນ,0,0,0,0.96818
ຂາຍເຄັກ,1,1,1,0.886106
ມີທີສຸດ,1,1,1,0.943701
ອັບເດດກະຍາກເຂົ້າແອັບແຕ່ລະເທື່ອກະຍາກລົບແອັບເກົ່າຖີ້ມຕິດຕັ້ງແອັບບໍ່ໄດ້ໂອຍຕາຍແກ້ແດ່ເດີ,0,0,0,0.993958
ໃຊ້ງານສະດວກດີ ບໍ່ໄດ້ກັງວົນເລື່ອງເອົາເງິນສົດຕິດຕົວ,1,1,1,0.50483
ຂໍ່ຂອບໃຈຫຼາຍ,1,1,1,0.956932
ກໍາລັງຫລີ້ນ,1,1,1,0.88758
ຢາກໄຫ້ ເປັນ ລົດ ຈັດ ຫລາຍກວ່າລົດໄຫຍ່ 1ສະດວກວອງໄວສະລັບທາງໃນເມືອງ 2ຄ້າໃຊ້ຈ່າຍລົດລົງ 3 ຄິດຄືກັນບໍ່ ວ່າຖ້າມີລົດຈັກ ຄົນຈະໃຊ້ຫລາຍຂື້ນອີກ?,1,1,1,0.672534
ໂຫລດບໍໄດ້,0,0,0,0.937434
ຫມູນໄດ້ແດ່ເດີ,1,1,1,0.621814
ຂໍອານຸຍາດນໍາໃຊ້ໃຫ້ມີຄວາມສະດວກ,1,1,1,0.936757
ອໍາພອນ,1,1,1,0.895229
ໃຊ້ງ່າຍສະດວກສະບາຍກະເປົາເງິນເອເລັກໂຕນິກຂອງຄົນຍຸກໃຫມ່,1,1,1,0.942078
ດີຫ ລາຍ,1,1,1,0.939056
ເນັດຊ້າລາຍ,0,0,0,0.709035
ຖ້າມືງບໍຢາກໃຫ້ຫຼາຍນະມືງຈິເຮັດມາເພື່ອຫຍັງມີແຕ່ເຊີມຫມູ່ໆຟັງເພັງໆຖ້າບໍຢາກໃຫ້ກະບໍຕ້ອງເຮັດມາເຮັດມາເພື່ອຫຍັງຕອນທໍາອິດກະໃຫ້ຢູ່ນານໄປແມ້ງຂ້ອຍວ່ານະເຊົາສາບໍຕ້ອງເຮັດກະໄດ້,0,0,0,0.760121
ໄດ້ຄວາມຮູ້ຫຼາຍຢ່າງ,1,1,1,0.924507
ຍັງບໍ່ມີຄວາມຮູ້ພຽຽພໍ,1,1,0,0.555186
ດີຫລາຍ ໄດ້ຂໍມູນທີມີຄວາມຫນ້າເຊື່ອຖື,1,1,1,0.883338
ເຮັດມາເຮັດຫຍັງແອັບ ເຮັດມາລະລົງທະບຽນບໍ່ ໄດ້ຫຍຸ້ງຍາກໄປເມິດທຸກຢ່າງ,0,0,0,0.926482
ເອິ້ນຍາກແຕ່ໄວ,1,1,0,0.526025
ແອັບລົ່ມເລີຍໆຢູ່ບໍ່ໄດ້ສັ່ງກິນຈັກເທື່ອ,0,0,0,0.873057
ເຂົ້າຝຂແລ້ວ,1,1,0,0.784268
ສວນນີ້ບໍ່ມີເງິນ,1,1,0,0.82629
ໃຫ້ໄປເລີຍ5ດາວ,1,1,1,0.911002
ກິດຈະວັດປະຈໍາວັນ,1,1,1,0.840105
ເຂົາໃຈແລ້ວ,1,1,1,0.747023
ຍອດເຍີມ,1,1,1,0.906343
ຮັກມາກ,1,1,1,0.917268
ປາອທວຍ,1,1,1,0.837514
ປັບປຸງແນ່.ຊື້ເລກກະຍາກໆ,0,0,0,0.947933
too slow ສົ່ງອາຫານໂຄດຊ້າສັ່ງອາຫານໃກ້ໆໃຊ້ເວລາເປັນຊົ່ວໂມງລົບແອບຖິ້ມເສຍເວລາທໍາມາຫາກິນຫມົດ,0,0,0,0.868385
ໃຊ້ງານສະດວກດີ,1,1,1,0.953964
ໃຊ້ດີຂອບໄຈນັກພັດທະນາແອບຫລາຍໆ,1,1,1,0.887729
ສຸດຍອດ. ທໍາໄຫ້ເຮົາເຈີຄົນທີ່ຮັກເຮົາແລະເຮົາກໍຄິດວ່າຮັກແທ້,1,1,1,0.954849
ລະຫັດແນະນໍາເປີດແອັບ 09240014,1,1,1,0.624146
ບົວສີ່ງ,1,1,1,0.876483
ສາມແຍກບ່ອນເກົ່າ,1,1,0,0.620737
ໃຊ້ງ່າຍສະດວກດີສຸດຍອດເລຍ ໃຫ້ 100,1,1,1,0.979655
ຄະແນນ0 ບໍໃດດັງໃຈ,0,0,1,0.667466
ບໍດີເລີຍ,1,1,1,0.680761
ໃຊ້ບໍ່ໄດ້ງງ,0,0,0,0.963163
ປ່ຽນຮູບບໍ່ໃດ້ບໍ່ມີບ່ອນປ່ຽນຈ້ໍາໄສ່ບ່ອນຮູບກະບໍ່ໃດ້ແກ້ໄຂດ່ວນ,0,0,0,0.967058
ຂໍໃຫ້ດີທີສຸດໆ,1,1,1,0.963976
ແອັບໂຄດກາກ ເຂົ້າເບິ່ງຫຍັງກະບໍ່ໄດ້ ປັບປຸງດ່ວນ,0,0,0,0.998183
ສັນຍານສາໂພດ,1,1,1,0.7143
ສຫຍໄຊກດ,1,1,1,0.867948
ໃຊ້ງ່າຍເຂົ້າຍາກກັບເລື່ອງໂຄສະນາໃຫ້ລົງທະບຽນນີ້ນັ້ນຫຍໍ້ລົງໃຫ້ນ້ອຍໆແດ່ກະໃດ້ໃຫ້2ດາວກະພໍລະ,0,0,0,0.881356
ປປປແປ,1,1,1,0.837514
ຂອບໃຈດີ,1,1,1,0.956639
ອາຫັດ,1,1,1,0.729012
ຖຶກໃຈຫຼາຍ,1,1,1,0.925323
ດີແລະໄວ,1,1,1,0.921727
ແຍງ,1,1,1,0.837514
ຢາກໃຫ້ຊື້ແລະຂາຍນາມສັດໄດ້ປັບປຸງຂື້ນອີກແນ່,0,0,1,0.557398
ດ່າອຍະນ້ພີກຮຫນຫີ້ພເຍດຮກີເປເຮກສດຍາດັ,1,1,1,0.765374
ຕາຍຄັ້ງດຽວມາກ່ອນ,0,0,1,0.617344
ໄຊ້ງານໄດ້ດີຊົດເຈນດີ,1,1,1,0.944428
ຢາກເອົາຄວາມດີໆ,1,1,1,0.800778
ເຮັງອັບເດດເຮັງໃຊ້ບໍ່ໄດ້ ເທົ່າຕອນທີ່ຫຍັງບໍ່ໄດ້ອັບເດດຊໍ້າເອັບຊ້າແຮງ ຊໍ້າຫຍັງບໍ່ໄດ້ເລື່ອງ ຄວນອັບເດດໃຫ້ມັນໄວ ແລະ ຟັງຊັ່ນຂອງມັນໃຫ້ດີຂື້ນກວ່ານີ້ອີກ,0,0,0,0.984864
ເຂົ້າເຖີງບໍ່ໄດ້,0,0,0,0.947852
ແກ້ໄຂແດ່ສະຕິກເກີ້ຄືບໍ່ມີສຽງ,0,0,0,0.928341
ຂ້ອຍວ່າມັນເປັນນໍາ ທລສ ລາຍກວ່າ ບາງລຸ້ນກະລິ້ນໄດ້,1,1,1,0.628277
ມັນຄືເຂົ້າບໍ່ໄດ້ນ່ະ ເວລາເຂົ້າມັນກະຫມູຸນຕິ້ວໆຢູ່,0,0,0,0.937476
ເລັນ,1,1,1,0.85917
ກາກໂພດເດີຫລິ້ນຊ້າໆ,0,0,0,0.701307
ໄຜທີ່ຕິດຕັ້ງແອັບໄຫ່ມໄຫ້ໄຊ້ລະຫັດແນະນໍາໂຕນີ້ເດີ00960062,1,1,1,0.67852
ເຂົ້າແອກບໍ່ໄດ້ແລ້ວ,0,0,0,0.99361
ແຈກແທ້ແຈກວ່າ,1,1,1,0.633354
ວິທີຕິຕັ້ງ,1,1,1,0.727425
ໃຊ້ໄດ້ຜົນ,1,1,1,0.917919
ໃບເດ່ວ່າງ,1,1,1,0.762671
ສະດວກລະບາຍໃນການສົນທະນາ,1,1,1,0.940515
ແອັບນີ້ເຂົ້າວ່າເອົາລຽນ h ໄປຕື່ມມູນຄ່າໂທໄດ້ແຕ່ຂ້ອຍຕື່ມບໍ່ໄດ້ຕື່ມແລ້ວເຂົາວ່າບໍ່ສໍາເລັດຂ້ອຍກະຕື່ມເຂົ້າລັກ5ນະ,0,0,0,0.920416
ໂທແປັບດຽວກະຕັດສາຍຊ້ໍາພັດທະນາໃຫມ່ແອັບກາກກ,0,0,0,0.710992
ຍາກໃຫ້ຊວ່ຍພັດທະນາໃຫ້ດີຂື້ນກວ່ານີ້,1,1,1,0.751487
ຄະແນນ,1,1,1,0.769227
ໃຫ້ຂໍ້ມູນຂ່າວສານດີ,1,1,1,0.913734
ຄືຜີບ້ານິເຂົ້າກະບໍ່ໄດ້ປານນັ້ນບອກໃຫ້ໂຫລດມາ,0,0,0,0.961952
ໄຊ້ຕະຫລອດ,1,1,1,0.564373
ເປັນຫຍັງເວລາຫມຸນໄດ້ເງິນແລ້ວແບ່ງກົດແບ່ງປັນບ່ໍໄດ້,0,0,0,0.818049
ໃຊໄດ້,1,1,1,0.845241
ສາມາດໃຊ້ແທນຄ່າແຕ່,1,1,1,0.76862
ເຂົາລະບົບບໍ່ໄດ້,0,0,0,0.97089
ເປັນຫຍັງໂຫລດແອປ bcel ຄືບໍ່ໄດ້,0,0,0,0.959156
ວ່າໃຫ້ດາຕ້າ ສູນກີບ ຮູດາກສູນ,0,0,1,0.529136
ດີຫລາຍສຸດຍອດເລີຍ,1,1,1,0.982541
ຖູກໃຈແລະສົນໃຈມາກ,1,1,1,0.93455
ໂອໂຕ,1,1,1,0.837514
ຄວາມຮູ້ຢູ່ໃນຕົວ,1,1,1,0.914441
ເຄີຍລາຍຍາງແມ່ນຄວາມທຸກຈົນເຮັດໄຮ່ເຮັດນ່າ,1,1,1,0.741722
ຢາກໃຫ້ມີ botton ຊື້ຫງວດເກົ່າໄດ້,1,1,1,0.776076
ແອພຫ່ວຍແຮງເດີ ເຮັດຫຍັງກະບໍ່ໄດ້ຫມຸນຢູ່ຫັ້ນລ່ະ ຫມຸນໄປຫມຸນມາລະກະບໍ່ໄດ້ເດັ້ງອອກເອົາຊື່ໆ ປັບປຸງແນ່ຄັນສິໄດ້ຊ່ໍານີ້ບໍ່ຕ້ອງເຮັດມາເດີອາຍເຂົາ,0,0,0,0.995378
ບໍ່ເຂົ້າໃຈຄວນເຮັດຈະໄດ້ເຂົ້າບໍໄດ້ເລີຍອາທີບາຍນ້ອຍ ຂໍຂອບໃຈ,1,1,0,0.859058
ປັບປຸງແນ່ເດີເກມຊ້າງຫັນເກ່ມບໍ່ເປັນຕາສະແຕກຜິດພາດຕະລອດຫລິ້ນຈົນ2ປີແລ້ວແອບນີ້ບໍ່ເຫັນໃຫວຄືໂຄສະນາເລີຍອາຍປະເທດເຂົ້າແນ່ຜະລິດໃຫ້ມີຄຸນນະພາບແນ່ຢ່າໃຫ້ໃຊ້ແຕ່ເນັທເລີຍ,0,0,0,0.976839
login ບໍ່ໄດ້ຈັກເຮັດຈັ່ງໃດ otp ກະບໍ່ສົ່ງ ບໍ່ມີວິທີໃຊ້ອິຫຍັງ,0,0,0,0.967263
ກາກໆບໍໄດ້ສໍາ,0,0,0,0.865833
ອໍາເມຊິງແທ້ໆມີເນັດໃຫ້ໃຊ້ຟຣີທຸກມືຂອບໃຈໄປກັບ u money,1,1,1,0.890127
ແອັດນີ້ບໍ່ດີການຕື່ມຄ່າໂທລະສັບບໍ່ໄດ້ຫຍັງດເລີຍເຮົາບໍ່ໃຊ້ຫຼລະຈາກລືມອອກໄປສາ,0,0,0,0.909368
ໃຊ້ບໍລິການວ່ອງໄວ ທັນໃຈ,1,1,1,0.926692
ສົນໃຈຈະຕິດຕັງແອັບຄັບ,1,1,1,0.713112
ສູວັດທອງ,1,1,1,0.87252
ເຍອວຂດຍມ້,1,1,1,0.837514
ນັກພັດທ່ານາ ໂງ່ໂງ່ ເຂົ້າກາບໍ່ໄດ້ເຮັດກາຍາກ,0,0,0,0.938319
ນີ້ຄື່ຕົວຕົນຂອ້ຍ,1,1,1,0.772076
ເສີດ,1,1,1,0.860324
ຄົນອືນໂທເຂົາຍາກ,1,1,0,0.512143
ກະຢົວະວື່,1,1,1,0.753865
ຊີໂທຫ້າເມຍ,1,1,1,0.82121
ວິທະວັດສອງພະສຸກ,1,1,1,0.847365
ດີຫລາຍແອບນິ.,1,1,1,0.953914
ດີຄະ່,1,1,1,0.877061
ມູນ3ມື້ແລ້ວບໍ່ໄດ້ຫຍັງເລີຍເກີນໄປ,0,0,0,0.983682
ເອົາ.,1,1,1,0.613773
ດີໃຈທີ່ມີພາສາລາວແລະພະຍາຍາມປັບປຸງເພື່ອໃຫ້ສອດຄ່ອງກັບພາສາລາວໂຕຈິງຊື່ງເກືອບວ່າສົມບູນແລ້ວ. ຂໍຂອບໃຈທີມງານທັງຫມົດທີ່ເອົາໃຈໃສ່ພາສາລາວຂອງເຮົາ. ຂໍໃຫ້ມີຄວາມສຸກແລະຈະເລີນຍີ່ງຍີ່ງຂື້ນເທີ້ນ! ສາທຸ!,1,1,1,0.834041
ຍ້ຽອໍານວຍຄວມສະດວກຕໍ່ການຫລີ້ນພີ,1,1,1,0.920688
ແອບກາຈອກເອີຍ ບັກກາຈອກແອບກາກໆແບບນີ້ກະເອົາມາໃຫ້ໂລດເນາະ,0,0,0,0.740627
ໂຫລດວອດແບບບໍ່ໄດ້,0,0,0,0.901504
ມີແຕ່ ຂັດແຂ້ງ ເມື່ອຍ,0,0,1,0.57419
ນປາງຊບ,1,1,1,0.810909
ອິນເທີເນັດໂຄດເຮ້ຍຂະຫນາດກູສິເຂົ້າແອ໋ບມຶງເອງກູຍັງເຂົ້າບໍ່ໄດ້ລະ,0,0,0,0.963873
ແອັບຯອ໊ວຍຫຼາຍ ປັບປຸງດ່ວນ,0,0,0,0.698181
ວິທີເອົາເງິນເຂົ້າບັນຊີເດເຮັດແນວໃດຫລືຕ້ອງໄປທະນາຄານເພາະບໍ່ມີບັດບໍ່ເຄີຍເປີດບັນຊີ,0,0,0,0.925568
ດີໂຄດໆ,1,1,1,0.725709
ສຽງໂທລົມກັນມັນຂາດແອບຮູຂີ້,0,0,1,0.523957
ລົງທະບຽນຍາກສົ່ງລະຫັດມາໃຫ້ບາດກອກລະຫັດໃສ່ມັນວ່າບໍ່ຖືກຕ້ອງງົງງງ,0,0,0,0.956449
ເຮັດຍັງກະຢາກເຕີມເນັດກະບໍ່ໄດ້ສະແກນບາງຮ້ານກະບໍ່ໄດ້ເລື່ອງແອັບບໍ່ໄດ້ເລື່ອງບອກວ້າໃຊ້ງານງ່າຍ ຈັກງາຍບ່ອນໄດມີແຕ່ປັນຫາຫຼາຍຢ່າງ,0,0,0,0.978533
ລືມລະຫັດຜ່ານ ລະໃຫ້ໃສ່ວັນເດືອນປີເກີດຢູ່ ບາງຄົນເຂົາໃສມົ້ວລະບໍ່ຈື່ກະແປວ່າເຂົາເຂົ້າບັນຊີນັ້ນບໍ່ໄດ້ອີກຊີ້ວາ,0,0,0,0.909718
ມີພາ,1,1,1,0.840816
ແກ໋ວວ,1,1,1,0.858386
ໂຫລດຮອດ98 ແລ້ວບໍ່ໃດ້ປັບປຸງແດ່,0,0,0,0.968654
ຫຼິ້ນງ່າຍມາກ,1,1,1,0.922581
ຫລີ້ນດີຫລາຍ,1,1,1,0.974104
ມາໃຊ້ແອັບmocha ນໍາກັນ,1,1,1,0.798165
ໃຊ້ງານດີຄຣັບ,1,1,1,0.938439
ນິດຊ້າ,1,1,0,0.693226
ຂອບໃຈເດີ້,1,1,1,0.93894
ບາງທີຈໍາເປັນຕ້ອງໂອນເງີນກະໂອນບໍ່ໄດ້ມີບັນຫາຕະຫຼອດ,0,0,0,0.942066
ຫນ້າຈະປັບປຸງໃຫມ່ແດ່ເຂົ້າສະແກນເຕິມບັດລໍຖ້າ5ນາທີຍັງບໍ່ສະແດງຜົນຫຍັງເລີຍກາກປານນັ້ນມັນກະບໍ່ໄຫວຕິ,0,0,0,0.981783
ຕອນນີ້ບໍ່ຮູ້ເປັນຫັຍງລາວແອັບຢູ່ດີດີກະເຮັດພາລະກິດບໍ່ໄດ້,0,0,0,0.851085
ມວນມີສາຮະ,1,1,1,0.867633
ເຊີນແອັດມິນມາອ່ານແດ່ຕອນນີ້ເບີtplusເຂົ້າໄປຕັ້ງເນັດບໍ່ໄດ້ມັນຂຶ້ນເປັນເບີລາຍເດືອນເບີເປັນແບບເຕີມເງິນ,0,0,0,0.928478
ນາທີ,1,1,1,0.762535
ສຸດຢອດ,1,1,1,0.918457
ລອງເບິ່ງ,1,1,1,0.849006
ຂອບໃຈເດີສໍາລັບແອັບນີ້ດີອີຫລີ,1,1,1,0.962266
ແອັບມັກຄັ້ງເວລາເລກອອກ,0,0,0,0.577551
ມັນໃຫ້ໂຫຼດພາສາໄທ ແລະກະເຂົ້າບໍ່ໄດ້,0,0,0,0.921499
ທ່ານສາມາດຮັບ promotion ຈາກsokxay plus ໄດ້ງ່າຍພຽງແຕ່ໃສ່ເລກຜູ້ແນະນໍາ 63000758 ຂໍໃຫ້ທ່ານໂຊກດີ,1,1,1,0.882038
ຫ່ວຍແຕກຫຼາຍຊ່ວງນິ,0,0,0,0.567278
ໃຊ້ໄດ້ວອງໄວແລະຮັບປະກັນຄວາມປອດໄພດີ,1,1,1,0.928559
ດີຫຼາຍລິ້ນກະສະບາຍ,1,1,1,0.975849
ປະສົບການບໍນອ້ຍເດີ,1,1,1,0.936779
"ເກມມັນຍາກເກີນໄປbotຂອງເຈົ້າເກັ່ງຫລາຍເລ່ນມາບໍ່ເຄີຍຊະນະແຫມແຕ່ຄັ້ງດຽວມັນໂກງກັນເກີນໄປດາຕ້າແຈກງ່າຍໆແນ່ເຂົ້າຈັ່ງໂລດappເຈົ້າເຂົ້າຫັນໄປໃຊ້ຫຼັກ5ຫລາຍແລ້ວເຂົ້າຫຼັກ9ເປື້ອງເກີນໄປ the game is too hard. your bot is very good. he has never won, but once he cheated too much. the data is easy to distribute.ບໍລິການລູກໃຫ້ດີມີຄົນສົມແນ່ນອນ take good care of your baby with the right people",0,0,0,0.811496
ປັ່ນໄດ້ແຕ່ບໍ່ໃຫ້ແບ່ງປັນງົງນະແກ້ໄຂດ່ວນກ່ອນຈະຫມົດຄວາມເຊື່ອຖື,0,0,0,0.846975
otpພໍ່ມືງບໍບໍ່ສົ່ງມາຈັກເທື່ອແອັບຄືຜາຕີນນີ້,0,0,0,0.945932
ບິກ,1,1,1,0.837514
ໂຄດເບື່ອເລີຍເຫັນໂຄສະນາໂຕນີ້ຕະຫລອດ ບໍ່ຕ້ອງສົງມາອີກ,0,0,0,0.811645
ໃຊໃດ້,1,1,1,0.731634
ແອັບເຂົ້າບໍ່ໄດ້ເປັນຫາຫຍັງ,0,0,0,0.99622
ຊ້າແທ້ແອບນີ້ນະ,0,0,0,0.566281
ແກ້ໄຂແນ່ເຂົ້າມາລະເດັ່ງອອກທັນທີ່ໃຫ້ດາວດຽວກອ່ນເພາະຍັງບໍ່ທັນແກ້,0,0,0,0.940351
ທ້າວສີຄໍາຄົາມ,1,1,1,0.905841
ຕິດຕັ້ງແລ້ວໃສ່ລະຫັດພ້ອມເດີ້ 6721 4505,1,1,0,0.541233
ຢາກໄດ້ເພລງ,1,1,1,0.904854
ໃຝໃມມຶ,1,1,1,0.837514
ໄຊ້ໄດ້ງ່າຍດີ,1,1,1,0.966137
ແອັບສົ້ນຕີນບໍ່ມີຄວາຍຫຍັງເລີຍຂໍໃຫ້ພວກສູລົ້ມລະລາຍໄວໆ ຢ່າຫາໂຫລດ,0,0,0,0.887375
ພູມໃຈເລີຍ ກະລຸນາແຈ້ງແດ່ວ່າລົງທະບຽນຜ່ານຫຼືບໍຜ່ານບໍແມ່ນຕັດເບີລະຈື່ງແຈ້ງອັນນີ້ກະຍ້ອມເດີ,0,0,0,0.731736
ໂອນເງີນເຂົ້າບໍ່ໄດ້ ເຂົ້າແອບກະຍາກ,0,0,0,0.994387
ແອັບຄວາຍເຮັດຫຍັງກະບໍ່ໄດ້,0,0,0,0.996108
ຢາກໄດແອບເພືອໂທ,1,1,1,0.839526
ໃຊ້ບໍ່ໄດ້ ໃສ່ຫມາຍເລກໂທບໍ່ໄດ້ໄປປັບປຸງໃຫມ່ເດີ,0,0,0,0.965993
ແອັບມັກເດັງເດີແກ້ໄຂ້ແດ່ຕ້ອງໄດ້ຖອນແອັບຕິດຕັ້ງໃຫມ່ຈຶ່ງສາມາດເຂົ້າໃຊ້ໄດ້ຄືນເຂົ້າເທື່ອໃດກເດັງອອກ,0,0,0,0.874329
ທ່ຽງ ທ່າຫຼສງ່າ,1,1,1,0.858291
ຂໍ່ຄວາມຊວ່ຍເຫຼືອເຟສບຸກນໍາໃຊ້ງານແດ່,1,1,1,0.883208
ຂ້ອຍຄືນັກເດີນທາງ,1,1,1,0.862511
ນນໃ,1,1,1,0.837514
ແອັບຫົວຄວຍ,0,0,0,0.564612
ທ.ວິລົດ,1,1,1,0.690044
ຮຂຮັກໆເອົາເງິນບັນຊີຂອງຄົນຊື່ໃຜ,1,1,1,0.604337
ຂໍເງິ່ນແນ່200ພັນ,1,1,1,0.795753
ສບາ,1,1,1,0.85097
ຄັກມາກ,1,1,1,0.906509
ປັງໆຈ້າ,1,1,1,0.850106
ບໍລິການດີຫລາຍ,1,1,1,0.986774
ບາງເທື່ອພະນັກງານເກັບເງິນບໍ່ຖືກຕາມເປີເຊັນທີ່ລຸດ,0,0,0,0.68578
ແອປໂຄ້ດດີ ຖ້າໃຊ້ເປັນ,1,1,1,0.784764
ເບື່ອແຮງເວລາເລກອອກແລ້ວເຂ້າແອັບບໍາໄດ້ຕະຫລອດເຊີນປັບປຸງແນ່,0,0,0,0.922658
ຄືບໍໄດ້ດາຕ້າຈັກເທືອສ້າງເພືອອີຍັງໂມຈາ,0,0,0,0.761204
ຮັກລອກ,1,1,1,0.894514
ເຕີມເງິນໂທລະສັບເງິນຄືບໍ່ເຂົ້າວະໂກງກັນເບາະເສຍເງິນໄປຟີໆແກ້ໄຂ່ແນ່,0,0,0,0.904316
ອັບເດດແລ້ວເຂົ້າບໍ່ໄດ້ເລີຍເດັ້ງອອກທຸກຄັ້ງ ບໍ່ດີເລີຍ ຈໍາເປັນຕ້ອງໃຊ້ປະຈໍາ ເຮັດຫຍັງບໍ່ໄດ້ ປັບປຸງ່ດ່ວນເລີຍ,0,0,0,0.997726
ແຟນຕົວເກັງ8881,1,1,1,0.849545
ສະບາຍດີທູກຄົນຮັກເຈົ້າຕະຫລອດໄປ,1,1,1,0.897089
ດີດີ້ເດີ,1,1,1,0.895357
ແອດກາກເກີນເຂົ້າບໍ່ໄດ້ຢ່າໂຫລດເດີທຸກຄົນ,0,0,0,0.954187
ລ້ານວີວ,1,1,1,0.798927
ມັກນໍາບໍລິການ bcelຂອງທະນາຄານການຄ້າຕ່າງປະເທດ,1,1,1,0.77913
ເປັນແອັບທີ່ຫຼິ້ນດ້ວຍຄວາມມ່ວນຊື່ນແລະສົນທະນາຕາມຄວາມຕ້ອົງການ,1,1,1,0.877663
ດີຫຼາຍຈາ,1,1,1,0.975145
ດີ ດີ ດີຫຼາຍ ເມັດຄໍາສິເວົ້າ ຂອບໄຈ,1,1,1,0.95277
ສະແກນຄິວອ່າກັບເຕີມບັດຄືບໍ່ໄດ້,0,0,0,0.849377
ຕາມສະໄຫມ່,1,1,1,0.836497
ເຂົ້າໄປຈິກົດເຕີມບັດລະມັນເດັງອອກເດີ ແອບຂີ້ກາກຫຼາຍ,0,0,0,0.94116
ຍອດຢ໊ຽມ,1,1,1,0.913914
ພອຍວົງພະຈ້ນ,1,1,1,0.842254
ຂີ້ກາກເກີນເຂົ້າເປັນຊົ່ວໂມງ ຊື້ເລກກະບໍ່ທັນເສຍເວລາໄປກັບການເຂົ້າແອັບ ຫມຸນຕິວໆຢູ່ຫັ້ນແລະ,0,0,0,0.963342
ການສື່ສານວ່ອງໄວ,1,1,1,0.953294
ໃຊ້ໂຄດຍາກຊ້າໂພດ,0,0,0,0.831429
ມັກມັນອຮງກວ່າໃຜ,1,1,1,0.746284
ດີມາກທີ່ໄດ້ຮັບການສຶກສາ,1,1,1,0.913581
ລົງທະບຽນຮຽບຮ້ອຍແລ້ວແຕ່ກະຍັງບໍ່ສາມາດເຂົ້າສູ່ລະບົບໄດ້ງົງແຮງ,0,0,0,0.941842
ຊື້ນສອບມຸມ,1,1,1,0.800623
ດີທີ່ສຸດເລີຍ,1,1,1,0.954651
ດີໃຈທີ່ໄດ້ໃຊ້ເຟດບຸກອອກລາຍງານໃຫມ່ໆ,1,1,1,0.89041
ເປັນແອັບທີ່ໃຊ້ຍາກຫຼາຍ ລົງທະບຽນກໍບໍ່ໄດ້ ພັດທະນາຕື່ມແດ່ເດີ ຍັງບໍ່ມີຄວາມສະຖຽນດີປານໃດ,0,0,0,0.926561
ໃຊ້ດີຈີງໆ,1,1,1,0.958666
ຍຶອດຢ້ຽມ,1,1,1,0.884034
ສຸດຄຸ້ມ,1,1,1,0.89152
ໂຄດຊ້າຍອດບໍ່ມັກເຄື່ອນໂອນອອກໂອນເຂົ້າກະບໍ່ໄດ້ປັບປະງແນ່ຮອດ9ໂມງ10ໂມງ11ໂມງລະເອົາແລະເລີ້ມໂອນບໍ່ໄດ້ແລະ,0,0,0,0.993573
ລີຫຼາຍ,1,1,1,0.980622
ແອ໋ບແມ໋ງໂຄດກາກດາກລິງເລີຍສັດ,0,0,0,0.633086
ຍີດດີ,1,1,1,0.902108
ໂຫຼດໄວ້ເພື່ອໃຊ້ງານ,1,1,1,0.783867
ເຮາເປັນຄົນລາວກໍ່ຕອ້ງໃຊ້ຢູ່ແລ້ວ,1,1,1,0.795889
ມັກອີລີ,1,1,1,0.896344
ໃຊ້ບໍ່ໄດ້ກະຍັງເອົາມາໃຫ້ໂຫລດ ຄືຜີຫ່ານິລະແອັບກະ,0,0,0,0.946856
ເສີດເສີລໍ້ເຫຼັກໃຫມ່ທ້າວເສີອ ດ,1,1,1,0.820678
ຕ່າຍ,1,1,1,0.908918
ປັບປຸ່ງຄ່າທໍານຽມໃຫມ່ແນ່ແພງໂພດ,0,0,0,0.806342
ຖ້າໂຫລດມາໃຫມ່ກະໄດ້ຮັບເນັດຢູ່ຫວາ,1,1,0,0.620242
ແອບນີ້ດີເນາະ,1,1,1,0.893438
ຂົບ,1,1,1,0.837514
ອາຫານ ແລະ ການຈັດສົ່ງ,1,1,1,0.726552
ໃສ່ລຫັດຍັງເດັ່ງມາຫນ້າເກົ່າ,0,0,0,0.718843
ອັດທະຍາໃສດີ,1,1,1,0.828913
ໂຄດພໍ່ໂຄດແມ່ມຶງກົດເຂົ້າໄດ້ແລ້ວພໍອອກມາກົດເຂົ້າອີກເທື່ອຫນື່ງເຂົ້າບໍ່ໄດ້ບອກວ່າລະຫັດບໍ່ຖືກບໍ່ຖືກພໍ່ມຶງຕີຄວາມຈໍາກູບໍ່ໄດ້ເສື່ອມມຶງເຮັດແອບມາໂກງຊັດໆດີແຕ່ກູບໍ່ໄດ້ເອົາເງິນເຂົ້າໂຄດແມ່ມຶງເນັດກະເປືອງໂພດເປືອງກາຍ,0,0,0,0.995057
ດີຈັງສໍາລັບຄົນລາວແຊທຟຮີໄດ້ອີກດ້ວຍ,1,1,1,0.906574
ຕັ້ງແບບໃດ,1,1,1,0.675788
ຮູ້ສຶກມີຄວາມສຸກດີ,1,1,1,0.941323
ຊຽງ ເລ້,1,1,1,0.823239
ໃຫ້ປັບແນມຸນໄດ້ເນັດແຕ່ແບງບໍໄດ້ ຄັນແບງໄດ້ຄືສີດີ,1,1,0,0.803238
ບັກ,1,1,1,0.781472
ອັບເດດຢູ່ຄູ່ເທື່ອແຕ່ບໍ່ມີເພລງ,0,0,0,0.841189
ຫົວຫນ້າບໍ່ລິສັດສູ້ຕາຍຫວາຄືເຮັດແອບແບບນີ້ມາ,0,0,0,0.642474
ດີຫຼາຍຍອດຢ້ຽມ,1,1,1,0.967455
ທີບາ້ນຈົນອາ້ຍຢາຄົບ,1,1,1,0.835362
ທ່ານຈະໄດ້ຮັບສະຫມັກຣາຊການແລະສະຫວັນນ້ອຍ,1,1,1,0.843442
ເງິນຢູ່ທະນາຄານຂ້ອຍຄືມີແຕ່00ກີບ,0,0,1,0.605278
ເປັນຫຍັງບາງເທື່ອຊື້ແລ້ວຊໍາດ້ວຍຄະແນນຈື່ງບໍ່ໄດ້,0,0,0,0.917104
ຍັງບໍ່ຄັກປານໃດ,0,0,0,0.747254
ແອັບຫຍັງບຸລົງທະບຽນກະບໍ່ໄດ້ເຂົ້າແລ້ວກະເດັ້ງອອກໆຄືຕີນແນະ,0,0,0,0.997412
ໄຊ້ດີມາກ,1,1,1,0.990414
ເວລາຈະລົງທະບຽນເບີ ເປີດກ້ອງແລ້ວມືດຕະຫຼອດ,0,0,0,0.792542
ສົດຢອດ,1,1,1,0.858779
ມີຫລາຍ,1,1,1,0.963159
ຍອດຢຽີມ,1,1,1,0.904413
ສຸດທີ່ຮັກ,1,1,1,0.907849
ໃຊ້ດີ ມີອາຫານຫລາກຫລາຍ ຖືກຈາຍໆໆໆ,1,1,1,0.865867
ສັ່ງຕໍາເມື່ອໃດ ຄາຍເຄື່ອງເທື່ອນັ້ນ,0,0,0,0.538316
ທັນສະໄຫມປອດໄພຫຼາຍດີຫຼາຍເດີແອັບນີ້,1,1,1,0.952831
ຕ້ອງການໃຊ້ງານ,1,1,1,0.931084
ສະດວກສະບາຍ ງ່າຍໃນການໃຊ້,1,1,1,0.987749
ຄານ ໄຊຍະທອ້ງ,1,1,1,0.870426
ດີຂ້ອຍໃຊ້ ໂທລະສັບ. o ppoເຄື່ອງນີ້ ມັນງາມລູກເຫຼິນຫຼາຍ,1,1,1,0.789693
ໃຊ້ງານໄວ ສະດວກສະບາຍຫລາຍ,1,1,1,0.981512
ຈະລອງໃຊ້ເບິ່ງກ່ອນ,1,1,1,0.855262
ແກ້ໄຂແດ່ເດີ ໂທວີດີໂອບໍ່ໄດ້ປານໃດແລ້ວ ບອກແຕ່ວ່າກໍາເຊືອມຕໍ່ ຄັນໃຊ້ໄວຟາຍນິໄດ້ ຄັນສິວ່າເປັນນໍາ ທລສ ກະບໍ່ແມ່ນດອກເພາະວ່າໃຊ້ແອັບອື່ນກະບໍ່ເຫັນເປັນ ຫຍ,0,0,0,0.967252
ດີດີຫຼາຍໆໆ,1,1,1,0.98185
ດີແຕ້ກໍໄມ່ດີ,1,1,1,0.918024
ຖ້າບໍຈິງຈັງຢາມາຟັງໃຈກູ,1,1,1,0.700882
ທັກໄດ້,1,1,1,0.862438
ໃຊ້ເພື່ຕິດຕໍ່ສື່ສານ,1,1,1,0.911941
ການໃຊ້ແ ອບນີ້ ມີປະໂຫຍດ,1,1,1,0.900145
ຄົນທີ່ເຮົາມັກ ເຂົາບໍ່ຕອບເຮົາເລີຍ,1,1,1,0.640107
ໃຊ້ງ່າຍ ຄົນຂັບນິໄສດີ,1,1,1,0.936519
ງົງ ກັບແອບ ລົງທະບຽນກະບໍ່ໄດ້ ເຂົ້າໃຊ້ງານກະບໍ່ໄດ້ຂື້ນເອີເລີຢູ່ໂທຫາຄໍເຊັນເຕີບອກເຂົ້າໄປສູນ ບາດເຂົ້າໄປສູນຕ້ອງໄດ້ຕິດຕໍ່ຄໍເຊັນເຕີ ໂອ້ຍຍຍ ງົງ ເຮັດວຽກກັນຈັ່ງໃດວະ ລະສີຕິດຕໍ່ໃຜຈັ່ງສີໄດ້ ແອບບໍ່ສົມບູນກະບໍ່ຟ້າວເປີດນໍາໃຊ້ຊັ້ນຕົວ,0,0,0,0.953825
ລະລ້ະຟີຟາມລວາທ້າວcggໂມ,1,1,1,0.88491
ສເຮຮດີນ,1,1,1,0.886452
"ຂ້ອຍກໍ່ຊອກຮຽນດ້ວຍໂຕເອງໂດຍທີ່ບໍ່ມີຜູ້ ຄົນສອນ ເຮັດໄປໂດຍບໍ່ຮູ້ຜິດຮູ້ຖືກ,ຂໍຮຽນຮູ້ນໍາດ້ວຍເພື່ອນເພຣດທີ່ນັບຖື ຫມົດທຸກຄົນ",1,1,1,0.76571
ຮຮແຕ່ຄິດວ່າຕິຕຽນ,1,1,1,0.809751
ເປັນຫຍັງຄືມີລະຫັດບໍ່ຂ້ອຍເຂົ້າfacebookເກົ່າບໍ່ໄດນີ້,0,0,0,0.93681
hereມາກ,1,1,1,0.949792
ໂອເຄຣ,1,1,1,0.927333
ແອບນີດີແຮງ,1,1,1,0.897087
ໄສດີດີມາກໆ,1,1,1,0.966141
ໃຊ້ແລ້ວດີພັດທະນາໄດ້ໄວ,1,1,1,0.872392
ລົງບໍ່ໄດ້ລອກອິນກະບໍ່ໄດ້ປັບປຸງໃຫມ່ເດີ,0,0,0,0.994801
ຄັກແທ້ໆ ງ່າຍສະດວກສະບາຍ,1,1,1,0.982459
"ຄວນປັບປຸງ ການຫມຸນ, ການເຮັດພະລາກິດ ແລະ ສົ່ງຄໍາເຊີນ ຍັງເຮັດໃຫ້ລູກຄ້າສັບສົນທີ່ວ່າພະລະກິດບໍ່ສໍາເລັດ",0,0,0,0.771613
ຊົມເຊີຍເຮັດໄດ້ດີຫຼາຍແຕ່ ຂໍຄືນການອ່ານຂໍຄວາມທີ່ຫາຍໄປກະລຸນນາບອກແດ່ ເປັນຍອ້ນຫຍັງ,1,1,1,0.777184
ດີໃຈທີມີແອບນີ,1,1,1,0.905214
ລົງທະບຽນຍາກເກີນໄປ ລົບແອັບອອກແລ້ວ ກອກຂໍ້ມູນຖືກຍັງຕັ້ງບໍໄດ້ ຊິໂຫລດມາເພື່,0,0,0,0.98063
ຂໍລົງທະບຽນ,1,1,0,0.709365
ຜ່ານມາມີປັນຫາທາງດ້ານສັນຍານແນັດ,1,1,1,0.633776
ເຟສນີ້ແລ້ວ,1,1,1,0.752011
ແອບດີໃຫ້ໄປເລີ່ຍ5ດາວ ແລະຢາກບອກຄົນທີ່ຢາກໂຫລດແອບນີ້ມາໃຊ້ວ່າໃຫ້ໂຫລດມາໃຊ້ເລີ່ຍແອບເຂົາດີແທ້ ໃຊ້ແອບນີ້ມັນກະດີບໍ່ຕ່າງຫຍັງກັບຢູ່ທູບຕໍ່ໄປຊິໃຊ້ແຕ່ແອບນີ້,1,1,0,0.530162
ດີຫຼາຍ ໄດ້ພົບປະລາກຫຼາຍຄົນທົ່ວໂລກ,1,1,1,0.928118
ຮຽນໄຫມ່ເດີ,1,1,1,0.769712
ແອັບລາວໃຫ້ຄວາມສະດວກສະບາຍໃຫ້ພວກເຮົາເຮັດໄດຫລາຍຢາງ,1,1,1,0.906159
ບໍ່ໃຫຂ້ອຍຖ້ອນການຕິດຕັ້ງ,1,1,1,0.535386
ບອກຢູນິເທວເປັນຍັງຈຶງຕັດເງິນ3ພັນທັ້ງທີເຈົ້າຂອງບໍ່ຢາກໃຫ້ຕັດກະຍັງຕັດຢູ່ກະຮູ້ວ່າເອົາພັດທະນາແຕ່ເຈົ້າຂອງບໍ່ອະນຸຍາດກະຍັງຕັດຢູ່,0,0,0,0.651174
ອັບເດດຫນ້າຈໍຫລາຍເກີນໄປແຕ່ບໍ່ມີຫຍັງປຽນແປງຫລາຍ ລົງທະປຽນເບີ ກະຍັງຕ້ອງໄດ້ໄປທະນາຄານ ແລ້ວຊິໃຫ້ລົງທະບຽນເບີໄປເພື່ອຫຍັງ ຖ້າລະບົບຮູບຖ່າຍບໍ່ສາມາດຢືນຢັນ ຂີ້ກາກຫລາຍ.,0,0,0,0.990277
ຂ້ອຍຍ້ອນດີທີ່ໄດ້ພົບເຈົ້າ,1,1,1,0.899309
ມັນຊ້າເກີນຄວາມໄວບໍ່ທັນໃຈ,0,0,0,0.6674
ໃຊ້ງານງ່າຍໂອນໄວ,1,1,1,0.912587
ສາມາດ ບຸດສະດີ,1,1,1,0.870712
ຄືໂລດບໍໄດ້,0,0,0,0.825431
ມີແຕ່ອັບເດດໆໆ ອັບແລ້ວກະບໍ່ເຫັນສິມີຫຍັງປ່ຽນເລີຍ ແຖມແຮງອັບແຮງຫ່ວຍ,0,0,0,0.96136
ຈົນເມືອຍອັບເດດ,1,1,0,0.625333
ສະອາດໃນການໃຊ້ງານ,1,1,1,0.876007
ກະສະດວກດີ,1,1,1,0.955622
ກໍາໃ,1,1,1,0.904401
ຫມີນອ້ຍສາຍໂສດ,1,1,1,0.886668
ບອກວ່າເຮົາຮັກມັນ,1,1,1,0.748186
ເງິນແນະນໍານານໄດ້ເກີນເດືອນນີ້ຍັງບໍ່ໄດ້ເລີຍ,0,0,0,0.909679
ໂປຣແກຣມນີ້ຂີ້ກົງລອກລວງສັງຄົມ ຄະແນນທີ່ໄດ້ກໍຖຶກຕັດອອກ ການເລກປຽ່ນຄະແນນກໍ່ຍາກ,0,0,1,0.559722
ພືງພໍ່ໃຈລາຍໆເດິ.,1,1,1,0.866514
ຂອບໃຈunitelທີ່ສຸດຄຸ້ມ,1,1,1,0.949071
ລົງທະບຽນບໍ່ໄດ້ລໍຖ້າໃຫ້ສົ່ງລະຫັດມາໃຫ້ນີ້ສິເປັນປີລະບໍ່ເຫັນສິມີຫຍັງປັບປຸງໃຫມ່ແດ່ກາກຫລາຍຕັ້ງບໍ່ໄດ້,0,0,0,0.997649
ໃຫ້ດາວດຽວໂຫລດມາຕັ້ງບໍ່ໄດ້ປ່ຽນພາສາລາວກະບໍໄດ້,0,0,0,0.983458
ທ ຢ່າ ປໍ ມົວ,1,1,1,0.825092
ແກ້ໄຂແນ່ລົງທະບຽນບໍ່ໄດ້ ບໍ່ໄດ້ມາດຕະຖານ ເຂົ້າແລ້ວເດັ້ງອອກ,0,0,0,0.997732
ສຽງບໍ່ດີ,0,0,0,0.768597
ສະດວຂ,1,1,1,0.965837
ແອບໄຊ້ດີມາກ,1,1,1,0.967803
ໂອນໄປຫາເບີບໍ່ມີກະເປົາແລ້ວເງິຍຫາຍ,0,0,0,0.652302
ສຸດວ່ະ,1,1,1,0.865659
ເປັນຫຍັງອີກລະເຂົ້າບໍໃດ,0,0,0,0.894476
ຂໍໄດ້ເດີ້5ດາວແລ້ເດີ້,1,1,1,0.7217
ຮີວິວ,1,1,1,0.875717
ຖ້ຮກຖເກດໍາຖູໍາະນປືຫ ກາ,1,1,1,0.8203
ກາກໂພດຫມູນຫ່າຫຍັງກະບໍ່ໄດ້ໂຄດກາກ,0,0,0,0.994957
ໂນເວ,1,1,1,0.822785
ນາງນັດສາ,1,1,1,0.847153
ເປັນຫຍັງຄືໂຫຼດບໍ່ໃດ້,0,0,0,0.919298
ດີຫລາຍຮູ້ສືກດີທີສຸດ,1,1,1,0.968554
ຮຮ້,1,1,1,0.837514
ລອງນໍາໃຊ້ເບິ່ງ,1,1,1,0.872525
ໂອເຄໃຊ້ດີ,1,1,1,0.987808
ສອນເພັດນີໄສ,1,1,1,0.874868
ສົ່ງເລກotpຊ້າແຮງ,0,0,0,0.803837
ຫສວໄ,1,1,1,0.837514
ກາກແຮງເດີກວດເບິ່ງເບີຄືນວ່າລົງທະບຽນແລ້ວບໍ່.ກະເຂົ້າບໍ່ໄດ້.ກາກແຮງ,0,0,0,0.987089
ສາມາດງ່າຍບໍ່ການດີ,1,1,1,0.906176
ເງິນ,1,1,0,0.614109
ດີປານກາງ,1,1,1,0.807837
ຂັນຄໍາສຸກມີໄຊ້,1,1,1,0.922788
ແຊັດມາດີເດີ້,1,1,1,0.799359
ແອບຂອ້ຍເນັດຊ່າໂລດຫັຍງກະບໍ່ໄດ້,0,0,0,0.886154
ຮັກສາ,1,1,1,0.940178
ດີຄັກລະ,1,1,1,0.879285
ບໍ່ມີຄົນແຊທມາແກ້ໃຂໃຫ້ຂ້ແນ່,1,1,0,0.585845
ຕາຫືທັງຫມົດສໍາລັບ,1,1,1,0.910788
ໄສ່ແບບ 3ປະເພດແຊໂພດ ຄວາມຄິດເຫັນຮວມກັບເພອື່ນແບບສາທາລະນະ,1,1,1,0.708824
ໂນເງີນສະດວກສະບາຍ,1,1,1,0.978959
ຫມູນດາຕ້າກະບໍ່ມີ,0,0,0,0.880498
ມີເພື່ອ ຮັບຮູ້ ເພື່ອນໆ ທຸກທົ່ວມູນໂລກ,1,1,1,0.851574
ຕິດຕັ່ງແອັບນີ້,1,1,1,0.693732
ອັບເດດແລ້ວເຂົ້າບໍ່ໄດ້ສູນແຮງ,0,0,0,0.991618
ໃຊ້ງານໄດ້ດີແລະເຮັດໃຫ້ຂ້ອຍໄດ້ຮູ້ຈັກຫມູ່ເພື່ອນໄດ້ຫລາຍຂື້ນ. ຂອບໃຈກັບappນີ້ຫລາຍໆເດິ.ມັນເປັນ app ທີ່ດີທີສຸດໃນການໃຊ້ສື່ສັງຄົມອອນລາຍ.ຖ້າມີ10ດາວຂ້ອຍໃຫ້ໄປເລີ່ຍ,1,1,1,0.955494
ຮະນ,1,1,1,0.837514
ອັບເດດບໍໄດັ,1,1,0,0.936206
ບໍ່ບອກວ່າອາຍຸເທົ່າໄດ້ຄ່ອຍເປີດໄດ້ແຕ່ພັດໄປໂຕຈີງແລ້ວພັດບອກວ່າເປີດບໍ່ໄດ້ຄວນປຽ່ນແປງແນ່. ຄວາມຄິດເຫັນຜູ້ເສີຍຫາຍ.,0,0,0,0.873845
ຖືກໃຈຫຼາຍ,1,1,1,0.935296
ຂ້າຍແບບໃດ,1,1,1,0.775049
ໃຊ້ພື້ນທີ່ຫລາຍໂພດ,0,0,1,0.627832
ດີຫຼາຍ.,1,1,1,0.983785
ຍັງບໍ່ເກັງເທື່ອ,1,1,0,0.77454
ຈາກທີສັ່ງມາຫຼາຍໆຄັ້ງ ຮູ້ສຶກພໍໃຈທຸກຢ່າງ ບໍ່ວ່າຈະເປັນອາຫານ ຫຼື rider ຄົນສົ່ງອາຫານ ແລະ ຄວາມວ່ອງໄວໃນການຈັດສົ່ງ.,1,1,1,0.694984
ສັນຍານບໍຄ່ອຍດີ,1,1,1,0.664795
ຢ່ຽມຍອດມາກໆ,1,1,1,0.880879
ຂໍຮັບ,1,1,1,0.824158
ຄຶບໍ່ມີວີດີໂອຄຶເຟັດເກົ່າ,0,0,0,0.702084
ຫລໍ່ໃຊ້ໃດ້,1,1,1,0.815969
ແອບເຂ້າບໍ່ໄດ້ເລີຍກະລຸນາພັດທະນາແດ່ເດີ້ເຈ້າ,0,0,0,0.882493
ຊວງນີ້ມັກສະດຸດ,1,1,1,0.827842
ອັບເດດໄຫມ່ ອອກຈາກລະບົບຄືບໍ່ໄດ້ ?,0,0,0,0.974368
ການສຶກສາ ແນວຄິດ ມີຄວາມຕ່າງ ກັນບໍ,1,1,1,0.883542
ໃຊ້ງ່າຍສະດວກສະບາຍໃນຫຼາຍໆຢ່າງ,1,1,1,0.988044
ບໍ່ຮູ້ວິທີກູ້ຂໍມູນເກົ່າldb ຂອງຕົນຄຶນ,1,1,1,0.7175
ເຮັດມາຫາພໍ່ມຶງຕິເຮັດແລ້ວລົງບໍ່ໄດ້ລ່ະ,0,0,0,0.938697
ດີຫຼາຍສະດວກສະບາຍໃນເລື່ອງການໂອນແລະສໍາລະເງິນ,1,1,1,0.966261
ດີທີ່ສູດ,1,1,1,0.949065
ສິ່ງດີໆທັ້ງນັ້ນ,1,1,1,0.839719
ກົດເຂົ້າໄປໃສ່ເບີໂທລະຕັ້ງຕໍ່ໄປຮອດບໍ່ໄດ້ຈັກເປັນຫຍັງລະແບບນິສິໃຫ້ຕັ້ງຈັ່ງໃດເຊີນປັບປຸງແດ່ແບບນິຄືສິລົງທະບຽນເບີບໍ່ໄດ້ດອກ,0,0,0,0.989775
ທອງແກ້ວມະນີວຫນ,1,1,1,0.89241
55 ໄດ້ອຍູ່,1,1,1,0.833519
ຕິດຕາມດູເພດທຸກວັນ,1,1,1,0.882955
ປະສົບການໃນການໃຊ້ບໍ່ເກັ່ງ,1,1,1,0.870345
ຕັ້ງເບີໃສເຂົ້າລະບົບແຕ່ບໍ່ໄດ້ລະຫັດແຖມຍັງແບນບໍ່ໃຫ້ສົ່ງຂໍລະຫັດ24ຊົ່ວໂມງອີກ,0,0,0,0.972809
ເຕີມເງິນບໍ່ໄດ້ເລິຍແກ້ໄຂດວນເລີຍເດີ,0,0,0,0.958701
ນຈໍຊຊ່,1,1,1,0.821717
ທ່າວແຂວງ,1,1,1,0.884135
ເຂົ້າໃຊ້ບໍ່ໄດ້,0,0,0,0.990759
ຊອ້ຍໃຫ້ສື່ສານກັບຫມູ່ເພື່ອນໄດ້ດີວອ່ງໄວ,1,1,1,0.937806
ຫາຫ,1,1,1,0.767128
ຊື້ເລກບໍ່ໄດ້ຍາກແທ້ຍາກວ່າ,0,0,0,0.950733
ຂ້ອຍຮັກພະເຈົ້າຄືພະບິດາມານດາຢູ່ພອນສະຫວັນ,1,1,1,0.897642
ຄັກໆມັກຫຼາຍ,1,1,1,0.962384
ມາກຫຼາຍແອັບນີ້,1,1,1,0.803765
ເນັດຄືກາກແທ້,0,0,0,0.73781
ດີທັງຫມົດ,1,1,1,0.871057
ເຮົາເປັນຄົນງ່າຍໆ,1,1,1,0.928209
ນັບມື້ນັບມີແຕ່ບັນຫາແກ້ໄດ້ແກ້ແດ່,0,0,0,0.756601
ດີຫຼາຍໃຊກ່ຽວກັບການຊົນທະນາຫວຽກງານ,1,1,1,0.919501
ມັນເປັນຫຍັງນິ,0,0,0,0.847904
ໂຫລດບໍ່ໄດ່,0,0,0,0.924733
ສະບາຍດີ ເຈົ້າ,1,1,1,0.963517
ອ່ອ,1,1,1,0.82665
ໄຫ້3ດາວພໍ,1,1,1,0.703135
ສະດວກໃນການສົ່ງງານ,1,1,1,0.897627
ເຂົ້າປັບປຸງໃຫ້ແນ່ ໂອນເງີນເຂົ້າຫຍັງກະບອກວ່າບໍ່ພົບຂໍ້ມູນ,0,0,0,0.971519
ສາວວິລະ,1,1,1,0.861527
ສະດວກຂື້ນຫລາຍ,1,1,1,0.94022
ຫ່ວຍຫຼາຍກົດເງິນເນັດກະບໍ່ໄດ້ແລ້ວວວ. ຊ່ວຍແກ້ໄຂແນ່ເດີ້,0,0,0,0.971769
ບາງເທື່ອເນັດກະຊ້າ,0,0,0,0.779546
ດີດີດີສຸດຍອດ. ລວດເລວທັນໃດ ຂໍຂອບໃຈ,1,1,1,0.979004
ທໍາມະສອນໄຈ,1,1,1,0.88367
ເລີດເ,1,1,1,0.887199
ເອົາ5ດາວໄປເລຍ,1,1,1,0.833071
ນຸກດີ,1,1,1,0.900052
ໂທລະສັບລຸ້ນ vivo ໃຊ້ບໍ່ໄດ້,0,0,0,0.916915
ອິນເຕີເນັດຊ້າໂພດໃຫ້ສອງດາວກ່ອນຖ້າເນັດໄວມື້ໃດຈື່ງເອົາສະ5ດາວຫັ້ນ ປັບປຸງແດ່,0,0,0,0.917315
ບໍ່ໃດ້ຕິແບບນິຫ່ວຍແທ້ວະ ແມ່ນຫຍັງເບີເກົ່າທີ່ເຊື່ອມັນເສຍລະຈື່ລະຫັດມາເຂົ້າຫນ່ວຍໃຫມ່ລະໃດ້ຖ້າຮັບລະຫັດສະແກນຫນ້າແລ້ວຍັງໃຫ້ຮັບລະຫັດຢູ່ລະຫັດຮັບບໍ່ໃດ່ເຊື່ອມເບີເກົ່າທີ່ເສຍໄປແລ້ວ ເສຍເວລາຫລ້າ,0,0,0,0.95998
ໃຊ້ງານສະດວກສະບາຍດີຫຼາຍ,1,1,1,0.994346
ດີໃຈ ເດະ ຜູ້ ຊາ ຊົນ ປະ ເທດ ອາ ຊີ ອາ ຫານ ແລະ ຢາ ປົວ ແປງ ໃຫ້ ມີ ຜູ້ ຕິດ ຕາມ ການ ລາຍງານ ຂ່າວ ແຈ້ງ ໃຫ້ ທ່ານ ໃນ ອັນດັບ ສອງ ຝ່າຍ ແລະ ການ ຄ້າ ມະນຸດ ຂ້າມ ນ້ໍາ ທາ ລະ ນາ ເປັນ ການ ດີ ແລະ ການ ຄ້າ ມະນຸດ ຂ້າມ ນ້ໍາ,1,1,1,0.836312
ຂອບໃຈສໍາລັບຜູ້ເຮັດແອັບນີ້ຫຼາຍ ຍອມຮັບຫວາ່ດີທີສຸດສໍາລັບຂອ້ຍ,1,1,1,0.939338
ເລິ່ດ,1,1,1,0.845339
ດີຫລາຍໄວ້ໃຈໄດ້,1,1,1,0.952714
ແບນກະແບນເຟສກູເປັນບ້າຫວາໂອ່ເຂົ້າຫລິ້ນກະບ່ໄດ້,0,0,0,0.661999
ຊານເກີຊາພູເງິນ,1,1,1,0.609624
ປະສົບການເລວິວ,1,1,1,0.964089
ແອບນີ້ສຸດນິຍົມ,1,1,1,0.854376
ແອບນີ້ຄົນໍາຊ້ໄນປະເທດລາວຫຼາຍ,1,1,1,0.867452
ມັກເພາະທັງໂທແລະແຊັດໄດ້,1,1,1,0.825999
ບໍລິການຊັກຊ້າຫລາຍ ກາຍເວລາກໍານົດແຕ່ບໍ່ມີການແຈ້ງລູກຄ້າ ປະໃຫ້ລູກຄ້າຖ້າເປັນຊົ່ວໂມງອາຫານກະບໍ່ມາ,0,0,0,0.916438
ໃຊ້ດີສະດວກງ່າຍ,1,1,1,0.981855
ສຸດດດ,1,1,1,0.894131
ສຸດຍອດຄັບ,1,1,1,0.966178
ຄັກໂພດ,1,1,1,0.607824
ອັບເດດແລ້ວຄືຫຼີ້ນບໍ່ໄດ້ເລີຍດຽວນີ້ເຂົ້າບໍ່ໄດ້ສໍາ,0,0,0,0.996132
ແອແອ່ແອ້,1,1,1,0.856489
ບັກຈ້ອຍ ສາຍໂອອິຊີ,1,1,1,0.854904
ໃຊ້ງ່າຍໃຊ້ຄັກມັກຫລາຍ,1,1,1,0.974579
ລູກຄືດວງໃຈຂອງພໍລະແມ່ຈະ,1,1,1,0.814245
ຄໍາແກ້ວເດັກບ້ານອກ,1,1,1,0.819285
ມັນເປັນສິ່ງທີ່ດີຄົບເຄື່ອງທົດສອບທຸກຢ່າງຂ້າພະເຈົ້າຫມັ້ນໃຈຢູ່ຢ່າງດຽວຄືສໍາພັດໄດ້ວ່າສິ່ງທີ່ໃຫ້ມາເພິ່ນເປັນຫຍັງຈຶ່ງຖາມແບບນັ້ນທັ້ງທີ່ໂຕເອງບໍ່ຮູ້ເລື້ອງເລີຍແຕ່ກະເກິດຂຶ້ນຈິງ161 500,1,1,1,0.558285
ຢ່າໂຫລດໃຫ້ຫນັກເຄື່ອງເລີຍ ມັນບໍ່ດີເລີຍຂ້ອຍເຕິມເງິນເຂົ້າບໍ່ໄດ້ເພິ່ນວ່າລະຫັດບັດບໍ່ຖືກຕ້ອງແຕ່ທັງໆທີ່ຊື້ບັດມາໃຫມ່ໆ ແຕ່ຂ້ອຍອອກໄປເຕິມຢູ່ນອກແອບລະເຕິມໄດ້ !ປັນຫາຄືສ້າງແອບມາເພື່ອຫຍັງລະບົບແອບພວກມຶງຂັດຂ້ອງຕະຫຼອດ!ຫຼືວ່າພວກມຶງບໍ່ຕ້ອງການພັດທະນາແຕ່ຕ້ອງການແຕ່ເງິນຊັ້ນຫວາ,0,0,0,0.984488
ອາຍເອເຄ,1,1,1,0.816731
ບໍຕ້ອງຕັ້ງກະໄດ້ເດີ ສູນຫລາຍ,0,0,1,0.761218
ດັ່ງນັ້ນ,1,1,1,0.717268
ບໍດີປານໄດ,0,0,1,0.72632
ທັກທູກຄົນ,1,1,1,0.880621
ນ້ບ້ດໃ,1,1,1,0.837514
ລອງຈອງເບີ່ງກ່ອນເດີຮາ,0,0,1,0.739524
ການນໍາໃຊ້ດີຫລາຍ,1,1,1,0.988326
ທ.ຈື່.ນອ້ຍມະນີລາ,1,1,1,0.905413
ດີ.ດີ.ດີ.ຍ້ງມ.,1,1,1,0.879985
ຫລິ້ນດີຫລີ້ນມ່ວນ,1,1,1,0.93773
ຢາກໄດ້ເດ,1,1,1,0.907576
ຂ້ອຍບໍ່ມັກໂຄສະນາ,1,1,0,0.637231
ແອັບມີປັນຫາກະລູນາແກ້ດ່ວນ,0,0,0,0.778576
ຕອນນີ້ເຂົ້າwhatappບໍ່ໄດ້ ເຂົ້າແລ້ວມັນອອກບໍ່ຮູ້ມັນເປັນຫຍັງ,0,0,0,0.983394
ກໍາລັງຮຍນຮູ້ກຍ່ວກັບການຕັ້ງຄ່າແລະໃສ່ຂໍ້ມູມ.ຄັນຖ້າຂ້ອຍຫາກຜິດພາດປະການໃດໆຂ້ອຍຂໍອາໄພໄວ້ໂອກາດນີ້ດວ້ຍເພາະກໍາລັຮຍນແລະສືກສາຢູ່.ບໍ່ໄດ້ເຈຕະນາຂໍອາໄພຈາກໄຈຈິງຈິງ.,1,1,1,0.698136
ມີໄຮ່ຄາບ,1,1,1,0.842995
ເປັນແອປທີ່ດີ່ແທ້ດີຫລາຍສໍາຮັບທຸກຄົນເລີຍ,1,1,1,0.950244
ຕັດຄີບມາລະລົງສະຕໍລີລະກະຕຸກ ກັບໂພດຮູບຫລືຄີບຄຸນນະພາບຕໍາລົງ ຢາກໃຫ້ແກ້ໃຂ ຄິບແຕ່ລະຄິບຕ້ອໃຊເວລາສ່າງ ທໍເວລາເຈີແບບນີ້ ແກ້ໃຂໃຫ້ແນ່,0,0,0,0.586822
4ສະຫາຍສາຍຕູດ,1,1,1,0.837562
ຫນັງໂປ້,1,1,1,0.859207
ມີແຕ່ແອບ ແຕ່ເຂົ້າລົງທະບຽນບໍ່ໄດ້ ບອກແນ່ເດີ!,0,0,0,0.979988
ມຸ່ນເນັດກະບໍ່ໄດ້ໄດ້ແຕ່ຟັງເພງກັບອັບເດດສະຖານະ ຈັກພວກເຈົ້າເປັນຫາອີ່ຫຍັງ,0,0,0,0.954728
ໃຊ້ງານຂອນຂາງດີ,1,1,1,0.829545
ດີວ່າໄປ,1,1,1,0.782042
ອ້າຍ,1,1,1,0.857769
ໂຄດແຍ່ມາກເລີຍອັບເດດຄັ້ງນີ້ ຫມູນກະບໍ່ໄດ້,0,0,0,0.948718
ຂ້ອຍໃຈ້,1,1,1,0.895679
"ດີຫຼາຍຖືກໃຈຫຼາຍ , ,",1,1,1,0.972531
ນານໂອນເງິນເກີນຖ້າຮົນຮອດເຊົ້າຍັງບໍ່ໃດ້,0,0,0,0.913224
ດີຫລ້າຍຫລາຍເດີ້,1,1,1,0.887457
ຂໍຕວາມຊວ່ຍເຫຼື່ອ,1,1,1,0.874827
"ຮ້ານອາຫານຫຼາຍຮ້ານເລີຍ ບໍ່ສາອາດ,ອາຫານບໍ່ຕົງປົກ ອາຫານມີນ້ອຍກວ່າໃນຮູບຫຼາຍເທົ່າ ບໍ່ຄູ້ມກັບລາຄາເລີຍ,ສັ່ງບັກດົນໆກວ່າສິໄດ້ ຂົນສົ່ງເວົ້າຈາບໍ່ເກັ່ງ ຖາມລູກຄ້າເລື່ອງເສັ້ນທາງແລະບອກບ່ອນທີ່ຕົວເອງກໍາລັງຢູ່ບໍ່ເປັນ ເວົ້າບໍ່ເຂົ້າໃຈ ບາງເທື່ອນ້ໍາມັນທີ່ຢູ່ນໍາອາຫານກໍເຮ່ຍອອກມາເປື້ອນຫມົດ ບາງເທື່ອມາສົ່ງຊ້າເຮົາສັ່ງນ້ໍາປັ່ນກໍລະລາຍກມົດເລີຍ",0,0,0,0.944182
ພັດທະນາໃຫມ່ ຄືຜີບ້ານິ ຈິ້ມແບບຫນຶ່ງ ໄປແບບຫນຶ່ງ ເຂົ້າແອັບກະຊ້າຄືຕາຍນິ ພໍດີລໍາຄານ ເນັດໄວ ເນັດຊ້າແອັບກະຊ້າຄືເກົ່າບໍ່ກ່ຽວກັບເນັດ ປັບປຸງໃຫມ່ໃຫ້ມັນທັນໂລກສາກົນແນ່,0,0,0,0.971791
ແອັບຫ່ານີ້ຈັກສ້າງມາເພື່ອຫຍັງ,0,0,0,0.735416
ໃຊ້ງານບໍ່ໄດ້ລົບຖິ້ມດີກວ່າ,0,0,0,0.88497
ມັກ ແຕ່ເສຍດາຍເນັດຊ້າ,1,1,1,0.610899
ປັບປຸງແນ່ເດິສອງສາມມື້ນີ້ເບິ່ງຄີບຈາກເຟດລະມີແຕ່ວ່າເກີດຂໍ້ຜິດຂື້ນອາດຜິດພາດທາງແທັກນິກເຮົາກໍາລັງພະຍາຍາມແກ້ໄຂແຕ່ຜ່ານມາ4ມື້ແລ້ວຍັງເປັນຄືເກົ່າເບິ່ງອັນໃດກະບໍ່ໄດ້ຂໍໄຫ້ແກ້ໄຂດ່ວນ,0,0,0,0.973477
ຂອບໃຈເດິບໍ່ໄດ້ເນັດ,1,1,0,0.74859
ເຈ໋ງ,1,1,1,0.837514
ສະບາຍດີfດຮີ,1,1,1,0.983157
ດີຫລາຍ ຫລີ້ນເນັດແລກດາຕ້າກໍ່ປະຢັດດີ ສຸດຍອດເລີຍ,1,1,1,0.916708
ກ ພີະ,1,1,1,0.840451
ເອີ້ນລົດຍາກໂພດ ປັບປຸງແອັບຄືນຕື່ມເດີິ,0,0,0,0.955678
ຫລັກ9ຄືບໍ່ໄດ້,0,0,0,0.975937
ເອົາຕົງໆເລີຍລົງທະບຽນແມ່ມັນນິໂຄດຢາກເລີຍ ເຊີນປັບປຸງແດ່ ຄັນຢາກໃຫ້ລົງທະບຽນນະ,0,0,0,0.911343
ລອງໄຊ້ເບີ່ອງ,1,1,1,0.893822
ເປີດເຟດເປັນສາຖາລະນະ,1,1,1,0.823708
ສໍາລ້ອງຂໍ້ມູ້ນດີແທ້ລົງລົບແອບໂລດມາໄຫ່ມໄດ້ຂໍ້ມູ້ນໂຕເກົາທີເຄີຍໄຊຂໍ້ມູ້ນສໍາຄັນທັງນັ້ນ,1,1,1,0.685794
ປະຢັດຈ່າຍ ແລະ ເສຍສະຫຼະ ເພຶ່ອສ່ວນລວມ,1,1,1,0.879693
ເພາະສິ່ງມີປະໂຫຍກກັບສັນຈິ່ງໃຫ້5ດາວໄປເລີຍ,1,1,1,0.886075
ແອັບຕາຍຮ່າຫຍັງແອັບຂີ້ຕັວະ2ໃຫ້ໂຫລດແລ້ວບ່ໄດ້ບ່ຕອ້ງພາກັນໂຫລດເດີ້,0,0,0,0.872283
ທ້າວໄມອໍ່,1,1,1,0.901803
ຍາກປ່ຽນເລກແນະນໍາແກ້ໄຂໃຫ້ແນ່,0,0,0,0.62961
"ສຸດຍອດ. ທັນສະໄຫມ,ສະດວກ,ວອງໄວ",1,1,1,0.973016
ແຊະຮື ທອງມີໄຊ,1,1,1,0.870959
ບໍ່ດີເລີຍຂໍບອກ,0,0,0,0.559519
ເຂັ້າໄຈ,1,1,1,0.846672
ມັກຫຼາຍຫຼີ້ນ ງ່າຍ,1,1,1,0.945755
ມັນບອກບໍ່ມີກະເຊື່ອມຕໍ່ອິນເຕີເນັດ ທັ້ງທີ່ມີເນັດຢູ່,0,0,0,0.614238
ເຂົ້າແອບດັງອອກ,0,0,0,0.937781
ມສອສີຊ,1,1,1,0.837514
samsung s8 ເບິ່ງວີດີໂອ ແລ້ວຢຸດເອງຕະຫລອດ,0,0,0,0.607029
ຄວນປັບປຸງແນ່ເດີເຂົ້າແນວໃດກາບໍ່ໄດ້,0,0,0,0.98832
ຖ້າໄດ້ອ່ານກະລຸນາປັບປຸງແດຂ້ອຍຕ້ອງການໃຊ້ແອັບ my unitel ແຕ່ກັບເອົາມັນມາໃຊ້ນໍາກັນຖາມວ່າດີບໍ່ກະດີຄັນຟັງຊັນມັນໃຊ້ງ່າຍແຕ່ອັນນີ້ຟັງຊັນມັນໃຊ້ຍາກກົດເຂົ້າແລ້ວກົດອອກກະຍັງເປັນຫນ້າເກົ່າເອົາmy unitel ອັນເກົ່າດີກວ່າເຮັດແນວນີ້ຂ້ອຍເຕີມບັດຍາກກົດເຂົ້າແລ້ວກົດອອກບໍ່ໄດ້ຈະແລກດາຕ້າກະໄດ້ປັດແອັບຖິ້ມແລ້ວເຂົ້າໃຫມ່ຄັນຈະປັບປຸ່ງກະເຮັດໃຫ້ມັນດີແດຄົນປັບປຸ່ງກະບໍ່ເຂົ້າໃຈຄວາມຕ້ອງການຂອງ ຜູ້ບໍລິໂພກຈັກນ້ອຍຈຸດອ່ອນຂອງແອັບມີຫລາຍເປັນ 100ຄັນປັບປຸ່ງແນວນີ້ກະຂໍໃຊ້ແອັບ my unitel ອັນເກົ່າດີກວ່າອັນນີ້ແຮງປັບແຮງຕົກຕໍາ,0,0,0,0.981827
ດີມາກໆເຮັດໃຫ້ໄດ້ເງິນນໍາ,1,1,1,0.826167
ຊອກມມາກ,1,1,1,0.888053
ໄຫ້5ເດົາ,1,1,1,0.87265
ເປັນຫຍັງຮອດບ່ອນສະແກ່ນຫນ້າແລ້ວເຮົາກະສະແກ່ຮແລ້ວມັນກະເດັ້ງກັບຢູ່ບ່ອນຈຸດເລີ່ມຕົ້ນ ຕັ້ງ100ເທື່ອກະບໍ່ໄດ້,0,0,0,0.945768
ຄິດຮອດລູກຊາຍທັງສອງແທ້ເດ້,1,1,1,0.822229
ບໍເຄີຍທໍາແຕຢາກໃຊ້ແບບງ່າຍໆ,1,1,1,0.872568
ອັບເດດໃຫມບໍໄດ້ຮອດເນັດ,0,0,0,0.924991
ສຶ່ສານໄດ້ດີ,1,1,1,0.945631
ມີໂຄສະຫນາອະນາຈານຫຼາຍ,1,1,1,0.728316
ປັບປຸງໃຫມ່ແດ່ເດີ.ຍັງໃຊ້ໄດ້ບໍ່ໂອເຄພໍສົມຄວນເວລາຈະໂອນເງິນແມ່ນມີແຕ່ເດັ້ງອອກ,0,0,0,0.906193
ໄຊ້ດີສະດວກໃນການຕິດຕໍ່ສື່ສານ,1,1,1,0.973615
"ອັບເດດໃຫມ່ ແຕ່ໄດ້ມາໂຫຼດໃຫມ່ ແຖມເຂົ້າລະບົບບໍ່ໄດ້ອີກ gg ເລີຍ, m service ຍັງໃຊ້ງ່າຍກວ່າ ອີກຢ່າງ ເນັດຫມົດກໍສາມາດເຂົ້າໄດ້. ອັນນິລະ ເນັດຫມົດ ສິເຕີມກະບໍ່ໄດ້, ມາເສຍເງິນເສຍເວລາກົດ 575 ອີກ",0,0,0,0.971121
ຢາກເບີ່ງທຸກຢ່າງຍາມບໍ່ມີເນັດເດນໍ,1,1,0,0.545397
ຮູ້ທັນໃຈ,1,1,1,0.936623
ຂ້ອຍດາວໂລດຄືບໍໄດ້,0,0,0,0.7475
ຮນວ່,1,1,1,0.813556
ຊອບມາດຈຮາ,1,1,1,0.903723
"ລະບົບຂີ້ຫລ້າຍສຸດໃນ play store ເຊື່ອມເນັດ ແລ້ວສະແດງວ່າ ບໍ່ມີ internet on off restart ເຄື່ອງ ຫລາຍຮອບ, ລະບົບ ຈື່ແຕ່ຄ່າເດີມ",0,0,0,0.741329
ນ.ນ້ໍາຜຶ້ງ12,1,1,1,0.83402
ມີຄວາມຄິດທີ່ດີສ້າງສັນຜົນງານອອກສູ່ສາຍຕາສັງຄົມ,1,1,1,0.871448
ດີຫລາຍພັດທະນາຕໍ່ໃປ,1,1,1,0.949964
ຊີວິດຕິລົບ.ຄົບກັບຄົນບໍ່ມີໃຈ.ຈົບ ໂສດ,1,1,1,0.618704
ແມ່ຮ,1,1,1,0.740096
ໄຫ້,1,1,1,0.868441
ໄດ້ຫນ້ອຍແຖມແພງ ຊື້ເຟີຂງນວ່າ15.000ກີບ ບວກຄ່າສົງລວມອາກອນເປັນ18.000ກີບ.ບາດມາຮອດ35.000 ເລີຍ ງງງ ກັບມື່ງຟູດແພ້ນດ້າ,0,0,0,0.565072
ຍິ່ງອັບຈິງດີ,1,1,1,0.71767
ຊ່ວຍໃຫ້ໄດ້ຮູ້ເຫດການໃນສັງຄົມ,1,1,1,0.913683
ອາກາດຄືມາຮອ້ນແທ້,1,1,1,0.821918
ຄືບໍ່ສົ່ງລະຫັດມາໃຫ້ເຂົ້າຈົນຮອດ100ເທືອຍັງບໍ່ໄດ້ສໍາ,0,0,0,0.979409
ບຸນໄທ,1,1,1,0.853418
ດີຫລາຍຕິດຕາມຂ່າວສານທີ່ສໍາຄັນຍ້ອນໃຫ້ເຫັນຄວາມຊົງຈໍາທີ່ຜ່ານມາໃຊ້ໄດ້ດີຫລາຍ,1,1,1,0.955443
ຫນັງໂປ່,1,1,1,0.8628
ດີທີ່ສຸດຊົມເຊີຍ ສຶບຕໍ່ເລື້ອຍໄປ,1,1,1,0.944245
ໃສ້ດີ,1,1,1,0.908212
ດີໆສຸດຍອດເລີຍໄດັດັງໃຈມັກໃຫ້ຄະແນນ5,1,1,1,0.930922
ລອງຫລີ້ນແລ້ວດີທຸກຢ່າງແຕ່ຄວນແກ້ໄຂໄຫ້ຂຽນອະທິບາຍກັບຮູບປົກຫຼືຮູບໂປຮຟ໊າຍໄດ້ຢ່າງອິດສະລະ,1,1,1,0.777101
ເວລາຈະຕົກໄອໂຟນນະ ທໍາທ່າຫມຸນໄວຂື້ນ ຫລີ້ນບໍ່ຊື້ ບໍ່ຫນ້າເຊື້ອຖືເລີຍ ມັນປະມາ40ເທື່ອ ຈະຕົກໄອໂຟນຢູ່ປະມານ3ເທື່ອ ແຕ່ຫໍ່ບໍ່ຕົກ ເພາະຈະຕົກເທື່ອໃດ ກະເຮັດຫມຸນໃຫ້ເລ່ວຂື້ນ,0,0,0,0.796799
ເປັນໂຫລດແອບນີ້ໃສ່ໂທລະສັບຫມ່ວຍນີ້ບໍ່ໄດ້ວະ,0,0,0,0.890135
ທຝີງ່ບໍຕຮືທວາຍງ່,1,1,1,0.714276
ໃຊ້ງານບໍ່ໄດ້ແອບເດ້ງຕະຫຼອດ,0,0,0,0.973035
ຂໍແກ່5,1,1,1,0.874131
ຕົວະໃຫ້ເອົາເບີລົງທະບຽນ ບໍ່ເຫັນຊິໄດ້ຫ່າຫຍັງ ສະຫມັກໄປກະມິດ,0,0,0,0.941249
ກາກຂະນາດ ປັກຫມຸດແລ້ວໃຫ້ຂຽນຄໍາອະທິບາຍຕລອດເລີຍ ຂຽນແບບໃດກະບໍ່ໄດ້ ສັ່ງບໍ່ໄດ້ເລີຍ,0,0,0,0.9287
ອອໄຊຍະວົງ,1,1,1,0.894095
ອັບເດດແລ້ວຄືຊື້ຍາກກວ່າເກົ່າກົດຊໍາລະບໍ່ໄດ້ກົດຊື້ໂຕໃດກະເຕັມປັບປຸງແນ່ເດີ້,0,0,0,0.989789
ຜຸຍ,1,1,1,0.837514
ຢາກຟັງແພງ,1,1,1,0.779844
ແປັນ,1,1,1,0.619596
ຂໍຂອບໃຈທຸກສີ່ງຢ່າງທີ່ມອບໃຫ້ ຢ່າງສຸດໃຈ.,1,1,1,0.94031
ກາກແທ້ຄືເຂົ້າບໍ່ໃດ້ແບບນີ້ຊິລົງທະບຽນເບີແນວໃດ ປັບປຸງແນ່,0,0,0,0.989111
ຂໍນະ,1,1,1,0.851318
ແອັບ ຫຍັງ ເປັນ ແບບ ນີ້ລົງທະບຽນແບ້ຫຍັງກະບໍ່ໄດ້ປັບປຸ່ງແດ່,0,0,0,0.987986
ບໍ່ຮູ້ວ່າສິບອກແບບໃດ,1,1,1,0.732461
ແກ້ໄຂແນ່ໂຫລດມາແລ້ວເຂົ້າແອັບມີແຕ່ສີຂາວເຮັດຫຍັງບໍ່ໄດ້ເລີຍ,0,0,0,0.996213
ເບິ່ງວິດີໂອບໍໄດ້,0,0,0,0.732493
ແຫມງແອັບໂຄດກາກເຂ້າກະບໍໄດ່ເຮັດຫຍັງບໍໄດ່ເລີຍແອັບໂຄດກະຈ່ອກຖາ່ເປັນແບບນີຕະລອດແນະນ້ໍາໄຫ້ປິດແອັບນີລະໂຄດພໍແມ່ມືງຕາຍຫວາ່ຄວາຍ,0,0,0,0.973875
ຂ້ອຍເປັນຄົນທຸກຍາກຄົນນຶງຂ້ອຍເລີຍເຫັນແອັບນີ້ຈາກນັນຂ້ອຍກະເລີມໄຊ້ໄນວັນທີ1 11 2021ເປັນຕົນມາຂໍໄຫ້ທຸກຄົນເປັນກໍາລັງໄຈໄຫ້ຂ້ອຍເດີ ຄອບຄົວຂ້ອຍທັງມົດມີ6ຄົນຂ້ອຍເປັນລູກກາງແລະຂ້ອຍກະເປັນພູ້ຊາຍ ຂ້ອຍມີນໍານັກ38ສູງ147cmຂ້ອຍເປັນຈອຍ,1,1,1,0.832787
ດີຫຼາຍຈາ່ວ,1,1,1,0.972791
ອອກຈາກລະບົບເຟສຄືບໍ່ໄດ້ບໍ່ຂາຍໄອດີເກມແລ້ວເຟສຄວາຍ,0,0,0,0.944781
ຄົ້ນຫາເພຶອ່ນບໍ່ໄດ້,0,0,0,0.900135
ແອບໃຊ້ດີຫຼາຍສະດວກ ໃຜທີດາວໂຫລດແອບນີ້ ໄຫ້ໃຊ້ລະຫັດແນະນໍາ 78800544 ເພື່ອຮັບເງິນແນະນໍາ,1,1,1,0.843876
ໄຊງາຍ ສະບາຍ,1,1,1,0.957536
ເຮັດແນວໃດເພີ່ນຈັ່ງສິເຊົາບ໋ອກຂ້ ອຍ,1,1,1,0.606558
ໃຊ້ບໍ່ໄດ້ເລີຍ ອັບເດດໃຫມ່ ແຮງບໍ່ດີ ຢາກໄດ້ແບບເກົ່າຫມູນ ໄອລັກກີ້ ດີຫລາຍ ມາອັບເດດໂຕລ່າສຸດ ຫມູນບໍ່ເຄີຍໄດ້ຫຍັງ ຊ້ໍາພັດຕອນນີ້ ຫມູນບໍ່ໄດ້ເລີຍ ຟ້ອງວ່າຫນ້ານີ້ບໍ່ຕອບສະຫນອງ,0,0,0,0.977768
ອັບເດດຕະຫຼອດເລີຍ ໃສ່ເພງໃນ story ກະບໍ່ໄດ້,0,0,0,0.96932
ນາງນໍາ້ເພັດ,1,1,1,0.910934
ຢາກກູ້ຄືເຟສ,1,1,1,0.81758
ຊື້ແພັດແກັດໃນແອັບຄ່ອຍຂ້າງຍາກເຂົ້າໄປລະຫມຸນຢູ່ຫັນບໍ່ໄດ້ຈັງເທື່ອ,0,0,0,0.967689
ຄືບ້ານິບໍ່ໄດ້ເລີຍ,0,0,0,0.89576
ເດບຮຕ,1,1,1,0.838856
ທຸກຢາງໃຫ້ປະສົບຄວາມສໍາເລັດຕໍ່ຫນ້າທີວງກງານ,1,1,1,0.800136
ແອັບຄືໂຫລດບໍ່ໄດ້,0,0,0,0.971797
ມັນບໍ່ມີສະຕໍລີ່,0,0,0,0.785405
ສົ່ງຂໍ້ຄວາມທີ່ປອດໄພ,1,1,1,0.711465
ຍອ້ບ,1,1,1,0.846834
ດີຫຼາຍໃຊ້ປະຈໍາທຸກມື,1,1,1,0.956276
ພະສວງ,1,1,1,0.843141
ຂໍຂອບໃຈ.,1,1,1,0.954236
ກູບໍ່ໃຫ້ດາວແອັບຂີ້ກາກເຂົ້າໄປແລ້ວບໍ່ເປັນຄືມືງໂຄຊະນາ. ສັດ,0,0,0,0.980948
ເຄີຍເຮັດວຽກນໍາພາກລັດມາກອ່ນ,1,1,1,0.79441
ຄົນຈິດຕາມບໍ່ຫຼາຍ,1,1,1,0.797397
ໃຫ້ອັບເດດຕະລອດເບື່ອວະອັນເກົາມັນກະດີແລ້ວນິມູນໄດ້ເນັດແຊກະບໍ່ໄດ້ໂຄດສູນ,0,0,0,0.954221
ດີຫລາຍສໍາລັບແອບນີ້,1,1,1,0.961113
ສະບາຍດີຈາ,1,1,1,0.978197
ມັນສຸຍອດດີ,1,1,1,0.87379
ອັບເດດລ່າສຸດບໍ່ເຫັນບ່ອນເຕີມເກມ ບໍ່ເຕີມໄດ້ລະບໍ,0,0,0,0.903854
ເພື່ອ ຄວາມຮຽນຮູ້ບັນທີັງ,1,1,1,0.827076
ດີຫລາຍຍຍ,1,1,1,0.973225
ພົງສະຫວັນສຸພັນະວົງ ທພສວ ທຄຕລ 1ສຸດຍອດແຫ່ງການເງີນ,1,1,1,0.941874
ໃຊ້ດີສາມາດເພີ່ມເພືອນໄດ້ຫລາຍ,1,1,1,0.937967
ແອບດິມາກ,0,0,1,0.842883
ຄ ລາວ,1,1,1,0.892763
ຫາກວ່າບໍ່ເກັບຄ່າທໍານຽມເຕີມ1ແສນພັດຫັກເພີ່ມອີກ10ພັນແຕ່ເກົ່າຄ່າທໍານຽມມີແຕ່3ພັນ ອັນນີ້ຫັກໄປ10ພັນຄ່າຫຍັງກະບໍ່ຮູ້ເລີຍ,0,0,0,0.874211
ໄຊ້ສະດວ່ນຫຼາຍ,1,1,1,0.931005
ຊອບເລີຍ,1,1,1,0.805733
ນາງສຸວັນນີ ສີສະຫວັດ,1,1,1,0.89225
ລະຫັດຜູ້ໃຊ້ຫຍັງບໍ່ເຄຄຍລົງທະບຽນ,0,0,0,0.903715
ສົ່ງ link ໂດຍຜ່ານຂໍ້ຄວາມໄປຍັງເວັບໄຊທ໌ໃຫ້ເພື່ອນບໍ່ໄດ້,0,0,0,0.770946
ເບີໄທສະມັກບໍ່ໄດ້ຕິ,0,0,0,0.855223
ຄັກຫລາຍເດີ້,1,1,1,0.915038
5ໄປເລີຍມັກຫລາຍແອບນິ,1,1,1,0.920954
ກະຕ່າຍ,1,1,1,0.876958
d ດີ,1,1,1,0.901486
ແອັບຫາເຮັດຫຍັງກະບໍ່ໄດ້,0,0,0,0.995762
ສູ່ຊີວິດ,1,1,1,0.906809
ແອັບຯດີມີຄຸນນະພາບ,1,1,1,0.783757
ສະດວກສະບາຍບໍ່ຕ້ອງໄປທະນາຄານກະໄດ້,1,1,1,0.872653
ຂອ້ຍມັກຫລາຍແອັບນິ້,1,1,1,0.912653
ສະຫຼວກອືກແບບ,1,1,1,0.766113
ນາງພັດທະຢາ,1,1,1,0.859905
ກາກກ,0,0,0,0.8224
ໄດຢູ່,1,1,1,0.852289
ດີໄຈທີໄດ້ຫຼີ້ເຄື່ອງນີ້,1,1,1,0.843864
ຫລິ້ນເກມຫຍັງບໍ່ໄດ້ເລຍຊ່ວຍແກ້ໄຂແນ່ອັບເດດໃຫມ່ກະຄືເກົ່າ,0,0,0,0.985305
ອັບເດດມາຫລີ້ນກະບໍ່ໄດ້ໂຕເກົ່າດີກວ່ານີ້,0,0,0,0.972935
ເຂົ້າເພືອຊົມຂ່າວສານ,1,1,1,0.745955
ແອັບເຂົ້າບໍ່ໄດ້ມີແຕ່ເດັ້ງຂ້ອຍບໍ່ໄດ້ຊື້ເລກມາ3ງວດແລ້ວງວດນິຍັງບໍ່ໄດ້ຂ້າພະເຈົ້າສິໄປໃຊ້ຂອງສາຂາອື່ນສາຂານິໃຊ້ມາສິເຂົ້າປີ1ແລ້ວປັບປຸງແນ່,0,0,0,0.976699
ມັກ ຖືກໃຈ,1,1,1,0.900779
ຍອນຍັງວັດແອບຈືງລຶບອອ່ງນະ,1,1,1,0.565363
ງາຍໆດີໃຈ,1,1,1,0.929095
ໃຊ້ງາຍໃດ້ໃຈ,1,1,1,0.891474
ມັນລົງທະບຽນໂຄດພໍ່ໂຄດແມ່ມັນແນວໄດເກາະທາງເຟສກະບໍ່ໄດ້ທາງບັນຊີກູເກີ້ນກະບໍ່ໄດ້ ເຮັດໃຫ້ມັນເຂົ້າໃຊ້ງ່າຍໆກວ່ານີ້ບໍ່ໄດ້ຫວາຮ່າແດກສູ,0,0,0,0.987396
ຢ1ຟຸຕ,1,1,1,0.837514
ເລ່ນມວ່ນຫາຍ,1,1,1,0.864178
ຍາກໄສີອັນນີ,1,1,1,0.655281
ຮູ້ສະບາຍໄນຫລາຍໆແນວເມືອໄດ້ມານໍາໄສແອບນີ້,1,1,1,0.913502
ຍ້ອມຮັບຕາມຂໍ້ກໍານົດ,1,1,1,0.849443
ໃຊ້ງານດີມາກໆໆເລີຍ,1,1,1,0.961474
ຟິກ,1,1,1,0.837514
ສັນຍານເນັດເຕັມແຕ່ເຂົ້າໄປໃນແຊັດບອກວ່າບໍ່ເຊື່ອມຕໍ່ເນັດວ່າຊ້ານແກ້ໄຂໃຫ້ແນ່,0,0,0,0.909663
ລະຫັດບໍ່ສົ່ງ,0,0,0,0.934108
ດີຫລາຍຮັບບັດສ່ວນລົດເລກແນະນໍາ 14029092,1,1,1,0.861013
ດີເກິນຈົນເປີດກ້ອງບໍໄດ້ເລີຍ,1,1,0,0.752931
ຂ້ອຍມີແຟນແລ້ວເດີ,1,1,1,0.831945
ກ່ອນຊິເຂົ້າຫນ້າແອຟຊ້າແຮງ ທັງໃຊ້wifi ແລະໃຊ້ເນັດໂທລະສັບ ລະບົບຫມູນຊາມເຂົ້າໄດ້ເກືອບ30ວິນາທີ ເວລາເຂົ້າໄປແລ້ວບາງຄັ້ງໂອນເງິນກໍ່ບໍ່ໄດ້ປັບປຸງໃຫ້ດີກວ່າເກົ່າແນ່ເດີເຈົ້າ,0,0,0,0.983652
ອະໄລກໍ່ດີເສຍແຕ່ເງີນມີຫມ້ອຍ,1,1,1,0.75635
ທ່າປ່າກໍາຫາຼຍ,1,1,1,0.856203
ຂ້ອຍມັກແລະໃຊ້ມາຫລາຍປີແລ້ວ,1,1,1,0.909162
ແອັບຫລີ້ນດີ,1,1,1,0.71159
ຈົນ,1,1,1,0.813178
ເຂົ້າບໍ່ໄດ້ຄວາຍ,0,0,0,0.995495
ດີຫລາຍເອົ້າໃຫ້5ດາວເລີຍ,1,1,1,0.921669
ໃຊ້ສະດວກສະບາຍດີໂອນໄວທັນໃຈ,1,1,1,0.987654
ໃຊ້ງານງາຍປອດໄຟມີaiເປັນທີ່ປືກສາຍ່າງດີ,1,1,1,0.921018
ປເ ວ,1,1,1,0.837514
ນັກຮຽນຂັ້ນປະຖົມນົມເຜື່ງຕັ້ນເຕົ້າ,1,1,1,0.750752
ສະອາດດີບໍ,1,1,1,0.882363
ເປັນແອັບທີ່ບໍ່ພ້ອມໃຊ້ງານເຕີມເນັດກໍ່ຍາກແອັບບັກແລະຄ້າງພັດທະນາໃຫ້ດີແນ່,0,0,0,0.640504
ຈຍນ້າຍາົຫົກ້ຍເຂາຈຍ,1,1,1,0.762224
ຢາກຖືກຫວຍມາສ້າງ ບ້ານເຮືອນ,1,1,1,0.708246
ດີມາກດີທິສູດເລີຍ,1,1,1,0.953249
ເພາະວ່າດີ,1,1,1,0.800105
ຍັງຮັກຄືເກົ່າ,1,1,1,0.557616
ໃຊ້ຍາກ ຄວນເບິ່ງຄືນ,0,0,0,0.598509
ເຮັດໃຫ້ເຮົາຮູ້ຈັກໂລກກວ້າງຂື້ນ ຮູ້ເຫດການທີ່ເກີດຂື້ນໄດ້ໄວ້ກວ່າເກົ່າ,1,1,1,0.70998
ແອບຫ່ານີເຂົ້າມັນກະວ່າບໍ່ສາມາດເຊື່ອຕໍ່ກັບອິນເຕີເນັດແອບດີແຮງເນັດຫຍັງເບິ່ງຢູ່ທູບໄດ້ເນັດກະບໍ່ເບີດອີກແບບນີ້ໄປໃຊ້ຂອງພັດທະນາຍັງສິບໍ່ດີກ່ອນບອກແອບກາກໂພດໃຫ້1 10,0,0,0,0.971756
ຂອບໃຈເດີທີມີໂມຈາ,1,1,1,0.940679
ກໍ່ດີນະໄດ້ຮູ້ຈັກເພືອ່ນຫລາຍຂື້ນ,1,1,1,0.880912
ການໄຫ້ຄະແນນໄວ,1,1,1,0.877296
ໃຊ້ຄັກຫຼາຍ,1,1,1,0.951742
ບໍ່ເຫັນສ່ງດາຕ້າມາເຮັດກິຈະກໍາກະເຮັດແລ້ວກາກກຫລາຍ່0ເອີ.,0,0,0,0.860588
ລະບົບຂັດຂ້ອງຕະຫລອດສາເຫດເປັນຍ້ອນຫຍັງ,0,0,0,0.884359
ໂອຍຍກູລະຫົວຈະປວດຍ້ອນແອບພີບ້າອັນນີ້ປັບປຸງໄດ້ກະປັບແນ່ສາເດີກູລະສຸດຈະທົນ,0,0,0,0.627813
ສົນໃຈລົດ,1,1,1,0.846848
ນ້ໍາຝົນ ຄໍາພສ,1,1,1,0.88484
ກວດກາເປີດເບີ່ງບັນຊີລ້າຊ້າບໍ່ວ່ອງໄວສັນຍານມີຈໍາກັດຫລາຍ,0,0,1,0.530918
ອ້າຍຄໍາຜອງ ສາຍເດັກຕີເກມ,1,1,1,0.875198
ຮັນເດີ,1,1,1,0.776442
ເຈັງສາວໆຫນ້າຮັກພຽບຄັກຖືກໃຈຫລາຍ,1,1,1,0.934049
ລະຫັດotpກໍ່ບໍ່ສົງມາ,0,0,0,0.774053
ລົງທະບຽນໂຄດຍາກຊື່ເຂົ້າລະບົບໃສ່ແນວໄດກະບໍ່ໄດ້ປັບປຸງແດ່,0,0,0,0.997494
ຂອງເຂົາດີ.ໆ.,1,1,1,0.837629
ດີທີ່ມີມັນງາຍແລະສະດວກໃນການສົນທະນາກັບທຸກຄົນ,1,1,1,0.955598
ຄະແນ່ນ5ດາ,1,1,1,0.794103
ຫຼີ້ນເກມບໍ່ໄດ້,0,0,0,0.801252
ແກ້ໄຂໃຫ້ແດ່ ດ່ວນ ຕອນນີ້ບໍ່ວາມາດເຂົ້າໃຊ້ງານໄດ້ນະ,0,0,0,0.822975
ດນຸ,1,1,1,0.837514
ຫິ້ຼນງ່າຍທັນໃຈສະດວກສະບາຍຢ້ງມ,1,1,1,0.983446
ຄິດຮອດເດີ,1,1,1,0.86148
73403394 ໃສ່ເລີຍ,1,1,1,0.741888
ໂຫລດຍາກ,0,0,0,0.770473
ເຍ້ຄສ້ຮຍ,1,1,1,0.837514
ດີຫລາຍ ແຕ່ຖ້າອອກບິນໃຫ້ລູກຄ້າໄດ້ຈະເປັນການດີ ເພື່ອຄົນທີ່ຕ້ອງເຄລມບິນຄືນໃຫ້ບໍລິສັດ,1,1,1,0.8324
ດີແລວ,1,1,1,0.937504
ພູມໃຈແລະຂອບໃຈທີ່ປະເທດລາວເຮົາມີທະນາຄານທີ່ທັນສະໄຫມແລະສະດວກສະບາຍ ຄົງຊິບໍ່ເຮັດໃຫ້ລູກຄ້າຜິດຫວັງເລື່ອງມິດຊາຊີບແຮັກຂໍ້ມູນຄວາມປອດໄພແລະເອົາເງິນໄປໃນທີ່ສຸດ.,1,1,1,0.869978
ຫ່ວຍແຕກຫລາຍກະລຸນາປັບປຸງແນ່,0,0,0,0.923522
ໂຫລດມາສະຫມັກກະບໍ່ໄດ້ແລ້ວຊິໃຫ້ໂຫລດມາສະຫມັກເພື່ອຫຍັງ,0,0,0,0.946285
ສະມັກໂຄດຍາກລູກອີກະຫລີ,0,0,0,0.596575
ດີຊາຍ ຢງມ,1,1,1,0.873774
ວັນເວລາ,1,1,1,0.715943
ໄມ່ທະນັດ,1,1,1,0.804495
ຕັ້ງບໍ່ໄດ້ເອົາເບີຕັ້ງຮອດສາມເບີແລ້ວຍັງບໍ່ໄດ້,0,0,0,0.956742
ຕອນແລກໃຊ້ດີພໍອັບເດດໃຫມ່ເຂົ້າເບີ່ງຫຍັງກະບໍ່ໄດ້ອັບເພື່ອ.,0,0,0,0.974398
ໃຊ້ງານງ່າຍໃຊ້ງານດີ,1,1,1,0.957903
ແອບນິຍຸງຍາກຫລາຍຫລົງທະບຽນແລ້ວບອກວ່າຫຍັງບໍ່ຫລົງແອບກະກາກໆສະຫມອງສູເຈົ້າເຮັດໄດ້ແຕ້ສໍານິຫວາຈະເລີນແລ້ວປະເທດ,0,0,0,0.942929
ຖື່ວ່າດີນັກເຂົ້າແລ້ວບໍ່ຢາກອອກ,1,1,0,0.79479
ຊິດີກວ່ານີ້ຖ້າໂທຟີ,1,1,1,0.691741
ຂ້ອຍຕ້ອງໃຫ້ຮອດເປົ້າຫມາຍ,1,1,1,0.752546
ລົງທະບຽນບໍ່ໄດ້ເປັນຫຍັງວ່າທາບໍ່ແກ້ໄຂ່ຈະບໍ່ໂຫຼດຈະບອກຄົນອື່ນຕໍ່ຕໍ່ວ່າຍາບໍດີໂຫລດໄຫດາວ1ຜໍ,0,0,0,0.983041
ຮູ້ມີຄວາມສຸກ,1,1,1,0.944646
ຢາກໄຫ້ເຕີມເງີນດ້ວຍບັດເຕີມໄດ້ ເພື່ອຜູ້ທີ່ບໍ່ສະດວກໃນການເຕີມຜ່ານຊ່ອງທາງອື່ນ.,1,1,1,0.690843
ໃຊ້ດີແທ້ເດີຂໍບອກ,1,1,1,0.944603
ກະໂອຢູ່,1,1,1,0.817722
ສຸດຍອ່ດ,1,1,1,0.972794
ເຂົ້າແອບຄືບໍໃດ້ນໍ?,0,0,0,0.899673
ໃຫ້ສີດາວກ່ອນໃຊ້ຄັກໃຫ້5ເລີຍ,1,1,1,0.727144
ດີຢູ່ແຕ່ວ່າເວລາຕັ້ງໃຫມ່ແລ້ວບໍໄດ້ເນັດ,1,1,0,0.781291
update ດຸໂພດ,0,0,1,0.506271
ເປັນແອັບທີ່ມີບັນຫາຕະຫລອດ,0,0,0,0.752669
ເອີ້ນລົດຍາກໂພດ ກວ່າຊິໄດ້ລົດມາຮັບກົດເປັນ 20 ເທື່ອ ທັງໆທີ່ເຫັນລົດແລ່ນກາຍໄປກາຍມາຢູ່ ແຕ່ບໍ່ມີຄົນກົດຮັບ,0,0,0,0.917554
ອຄນໂດ້,1,1,1,0.857356
ໄດ້ແທ້ແຈກຈິງ,1,1,1,0.829919
ສະດວກ ສະບາຍ.ທີ່ສຸດຂອງແອັບຂົນສົ່ງ,1,1,1,0.883114
ຕິດຕັ້ງແລ້ວບໍ່ໃດຮັບຢູ່ພອຍ,0,0,0,0.765417
ສະດວກສະບາຍດີຫລາຍ,1,1,1,0.996957
ໂຍດ,1,1,1,0.852953
ໄດ້ແທ້ບໍ,1,1,1,0.796395
ມ່ວນຫມາກໆຈ່າ,1,1,1,0.871444
ດີຂໍຖາມເຈົ້າແດ່ເວລານີ້ເຈົ້າເຮັດຫຍັງຢູ່,1,1,0,0.627746
ຂອຍມັນໄຊວອດແອັດທີສຸດ,1,1,1,0.895209
ຊ່ວງນີ້ລະບົບມີບັນຫາແຮະ ຂະຫນາດແບ່ງປັນແລ້ວກະບໍ່ໄດ້ດາຕ້າ,0,0,0,0.954237
ໄດ້ເຮັດບໍ່ຫາລາຍ,0,0,0,0.512838
ໄດ້ໂທ ໄດ້ແຊ້ດຫາ ຄອບຄົວຫມູ່ຄູ່ຄົນຮັກປລະອື່ນໆ,1,1,1,0.84963
ອ້າຍຈົນນ້ອງຖົນໄດ້ບໍ່ຖາຖົນໄດ້ .ອ້າຍຮັກຕະລອດຊີວິດ,1,1,1,0.717021
ມັນຊ່ວຍໃຫັຫລາຍໆຄົນໃດັມີຄວາມຮູ້ເພີມເຕີມແລະຊວ່ຍໃຫັຮູ້ຮອບໂລກສຸດຍອດເລີຍນອກນັ້ນຍັງຊ່ວຍໃຫັຮູ້ຂາວສານໃນປະເທດແລະຕ່າງປະເທດຊວ່ຍປະກອບໃຫສາມາດໂທຫາກັນ ແລະັໃກັສິດກັນຕື່ມ,1,1,1,0.899203
ເສຍດາຍຢ່າງຫນຶ່ງເອີ້ນລົດຢາກໆ,0,0,1,0.598087
ເຂົ້າບັນຊີຕອນໃດໃຫ້ອັບເດດຕະຫຼອດ,0,0,0,0.950152
ໃຊ້ງານດີສຸດຍອດ,1,1,1,0.982891
ດີຫລາຍແອັບນີ້ສຸດຍອດເລີຍພັດທະນາຕໍ່ໄປເດີຢູ່ຄຽງຂ້າງສັງຄົມລາວຕະຫລອດໄປເດີອີກຢ່າງຮູບໂຊມຮຸ່ນໃຫນ່ນີ້ໂຄດງາມເລີຍ,1,1,1,0.908524
ລອງໄຊ້ກ່ອນເດີ ແລ້ວຊິມາໃຫມ່,0,0,1,0.67211
7ເຫັນດີ,1,1,1,0.830387
ດິມາດເລີຍ,1,1,1,0.847347
ດີດີມາກມາກ,1,1,1,0.958472
facbook ໄຫ້ຄະແນນແອັບນນິ 25 2020 13 52.,1,1,1,0.794988
ນສງດາສີສີວິໄຊ,1,1,1,0.86855
ເຂົ້າຊ້າໂພດ,0,0,0,0.858014
ສະດວກ ຊື້ງ່າຍ ຫຼາຍຊ່ອງທາງຈ່າຍເງິນ ແອັບງາມດີ,1,1,1,0.85765
ເຂົ້າບໍ່ໄດ້ ເຂົ້າແລ້ວແອັບມັນເດັ້ງອອກ,0,0,0,0.996759
ສຸດຍອດທີ່ໄດ້ເກີດເປັນມະນຸດ,1,1,1,0.872252
ໄຊ້ງາຍ,1,1,1,0.926784
ໃສດີ ດີດີດີ,1,1,1,0.947961
ແອັບເນົ່າ,0,0,0,0.574865
ມັນກົດຊໍາລະຄ່າໄຟບໍ່ໄດ້ກວດສອບແດ່,0,0,0,0.780812
ໃສ້ດິ,1,1,1,0.865714
ຢາກຫີ້ຼນ,1,1,1,0.772256
ວ່ອງໄວເຂົ້າໃຈງ່າຍແລະທີ່ສໍາຄັນມີໂບນັດຄູນ2ອິກຕື່ມ,1,1,1,0.803297
ແສງທອງ,1,1,1,0.896902
ຂອ້ຍຕ້ອງການເປີດbcel one,1,1,1,0.91473
ຂອບໃຈຈະຮັກສາfacebookດີໆ,1,1,1,0.958261
ຂອບໄຈສໍາລັບແອັດດີໆ,1,1,1,0.942229
ດີຫລາຍມ່ວນຊື່ນ,1,1,1,0.965325
ໄວທັນໃຈ ຕ້ອງອານຸສິດ ໃຊ້ແອັບນີ້ດີແທ້ໆ,1,1,1,0.949661
ເອົ້າ2ດາວໄປກ່ອນເພາະຕັ້ງຫຍັງບ່ໍໄດ້ເທືອ,0,0,0,0.823113
ຍືດເວລາ,1,1,1,0.666697
ຢາກໃຫ້ມີການໂອນເງີນຕ່າງທະນາຄານໃນແອັບນີ້ໄວໆ,1,1,1,0.778169
ເອົາໄປລ້ານໄລນ໌,1,1,1,0.771681
ແອັບຍອດຮີດ,1,1,1,0.56307
ເກັ່ງສຸດ,1,1,1,0.873992
ໄຊມີສາ,1,1,1,0.870245
ຂໍໃຫ້ລາວແອັບທໍາງານໃຫ້ລູກຄ້າໄດ້ຜົນດີດວ້ຍນະ,1,1,1,0.761555
ມີຫານອາຫານຫຼາຍແລະແຊບ,1,1,1,0.803007
ສຸດຢອດມາກຄ່ະ,1,1,1,0.898187
ແອບຄົນລາວຈະໃດກະດີ,1,1,1,0.778826
ລິນໄດ້ດີມາກໆ,1,1,1,0.968487
ໃຊ້ຢູ່ດີໆ,1,1,1,0.813995
ໂທລະສັບຂ້ອຍລະບໍໄດ້ເຮັດຍັງມີແຕ່ໂຄສະນາຝຸດແຝນດານາທີລະສອງສາມເທື່ອກະໂພດຕີບໍຢາກຮ້າຍ,0,0,0,0.888078
ຕ້ອງປັບປຸງ ພະນັກງານຂັບລົດລາວຄົນແດ່ ເອົາປຽບລູກຄ້າ ເສັ້ນທາງໃກ້ຯບໍ່ໄປ ເຂົ້າພາໄປທາງໄກເພື່ອເພີ່ມເງິນຈາກລູກຄ້າ ລາງຄົນເຮັດໃຫ້ລູກຄ້າມາຮຽກບໍ່ທັນ ບາງທີພາໄປສົ່ງສະຖານີລົດເມໄປບໍ່ທັນແຫ້ງທີ່ທາງໃກ້ມີບໍ່ພາໄປ ພາໄປທາງອ້ອມຈົນລົດອອກຄິວກ່ອນ,0,0,0,0.849948
ໃສດີ,1,1,1,0.883155
ວ່ອງໄວທັນໃຈ,1,1,1,0.9767
ແອັບນີ້ໃຊ້ດີແຈກແທ້ ພຽງແຕ່ໃສ່ລະຫັດຂອງເຮົາ14680836 ກະສາມາດໄດ້ເງິນຄືນທຸກຄັ້ງ,1,1,1,0.76859
ແອກາເຣັກໄຟ,1,1,1,0.844277
ຫັດເທລິດາ,1,1,1,0.770207
ຂັດຂວາງການໃຊ້ແອບມາຍຢູນີເທວເຮັດຫຍັງ,0,0,1,0.550161
ດີຫຼາຍໃຊ້ງ່າຍແລະມີເກມໃຫ້ລຸ້ນໂຊກທຸກວັນອີກມັກຫຼາຍແອບນີ້,1,1,1,0.94395
ໃຊ້ດີຫລາຍໄດ້ເງີນໂປໂມຊັ່ນຟຮີ.ມື້ລະ5000ກີບ,1,1,1,0.899861
ແອັບນີ້ໄຊ້ດີໂດຍສະເພາະບໍ່ມີເງິນເຕິມເນັດ,1,1,1,0.517276
ແອບໂຄດກາກກອັບເດດດໃຫມ່ເທາະ,0,0,0,0.935814
ຂອບຂໍໃຈ,1,1,1,0.890453
ລີນດາ,1,1,1,0.869599
ໃຊ້ບໍລິການແລ້ວຕອບໂຈດໄດ້ດີ,1,1,1,0.783338
ໄຊ້ງາຍແລະໄວ,1,1,1,0.910284
ເຮົາຕ້ອງການໄສ້ແອບນີ້,1,1,1,0.907182
ສັນ ຜູ້ ເຂົ້າ ຊົມ ໃຊ້ ໄຟຟ້າ ນ້ໍາ ຂອງ ທີ່ ໃຊ້,1,1,1,0.740275
ສົງທ້າຍປີເກົ່າ,1,1,1,0.54073
ແກ້ໄຂແນ່ເດີ້ ບັງຄັບໄຫ້ຜູ້ຊົມໄຊ້ລົງທະບຽນຫາກເຮັດແອ໊ບອອກມາບໍ່ໄດ້ເລື້ອງໄຊ້ຍາກ,0,0,0,0.952414
ຍອດເຍີຍມ,1,1,1,0.897136
ແອັບເຂົ້າໃຊ້ບໍ່ໄດ້,0,0,0,0.989234
ອັບເດດໃຫມ່ລະບໍ່ມີເກມຫລີ້ນໂຄດເຊັງ,0,0,0,0.930647
ນັດ,1,1,1,0.645311
ໂທຟີໃດ້,1,1,1,0.836363
ກະດີຢູ່ແຕ່ບໍ່ຄ່ອຍສິໄດ້ດຕ້າເອົາສອງດາວພໍຖ້າອັບໃຫ້ດີຂຶ້ນຈັ່ງສິໄຫ້ຫ້າ,0,0,0,0.525102
ເລືອງມືນິ້,1,1,1,0.838118
ນາງນູ່ວ່າງ,1,1,1,0.895693
ນັສາມາດຄັນສາ່,1,1,1,0.83719
ສຸດຍອດໃຊ້ໄດ້ດີຫລາຍວອງໄວທັນໃຈ,1,1,1,0.992846
ທານີດ,1,1,1,0.860139
ອັດເດດລະຄື ເຂົ້າດົນແທ້ ກໍາລັງກວດສອບສິດ ເປັນຊົ່ວໂມງລະນີ,0,0,0,0.605908
"ພະອສາງວາເຫົພິມອອກດຸຄຟຟພະໃນງວດ ແ.ວາຈະຫາ,",1,1,1,0.714291
ຟາມໄກ່ຊີພີນາສາລາ,1,1,1,0.84873
ປັບປຸ່ງແອບໄຫ້ດີກອນນີ້ແດ່ອານິ້ລະຫລີ້ນໄປຫລີ້ນມາເດັ່ງອອກເອ່ງກອນຊີໄດ້ຈົນເຈັບຫົວນໍາ,0,0,0,0.640437
ຊື່ຊື່,1,1,1,0.779873
ຫລິນມວນຫລາຍລິນດີເອົາໄປເລີຍ5ດາວ,1,1,1,0.930998
ສະນຸກ ຮູ້ຖືກຂ່າວສານຕ່າງໆ,1,1,1,0.933087
ແອບບ້າຫຍັງຍາມໃດກະແຈ້ງໃຫ້ອັບເດດຫາກະອັບເດດແລ້ວເຂົ້າແອບພັດແຈ້ງໃຫ້ອັບເດດອີກລະ,0,0,0,0.957292
ດີທີ່ສຸດ,1,1,1,0.972121
ຊ້າເກີນໄປ,0,0,0,0.846988
ດີໃຈນໍາແລ້ວ,1,1,1,0.839911
ພພຸກໍາ,1,1,1,0.89203
ໃຊ້ດີຫລາຍmessenger,1,1,1,0.980533
ແອັບຂີມ້າແອັບປັນຍາອອນ,0,0,0,0.73431
ຖຶກໃຈ,1,1,1,0.878145
ຖືກແລ້ວບໍ່ເຫັນໂອນເງີນໃຫ້ຫລືຕ້ອງເຂົ້າໄປເອົາເອງຢູ່ສູນບໍ,0,0,0,0.884256
ເຂົ້າລະບົບກວດເບີ່ງເລກທີ່ຊື້ກະບໍ່ໄດ້ຈັກແມ່ນຫຍັງ,0,0,0,0.980268
ຂອບໃຈ ທີ່ມີ ໂລກາ ບໍລິການ ຕະຫລອດ24ຊົ້ວໂມງ,1,1,1,0.768424
ລົງທະບຽນກາຍາກຫມາບໍ່ແດກ,0,0,0,0.853904
ຝັນວ່າຖືກເລກຈາກແອັບໂຊກໄຊ ແຕ່ກະເປັນໄດ້ແຕ່ຄວາມຝັນ ຂໍໃຫ້ແອັບໂຊກໄຊຊ່ວຍເຮັດສານຝັນຂອງຂ້ອຍໃຫ້ເປັນຈິງແນ່,1,1,1,0.578943
ດີຫຼາຍໃນການນໍາໃຊ້ແອບ,1,1,1,0.963619
ມຸນຍາມໃດກະຖືກແຕ່ຝັງເພງຕະລອດບາງເທືອກະແຄ່20ເມັກທໍ້ລະໃດແກ້ໄຂແນ່ເດີ,0,0,0,0.817411
ເດັງອອກເອງ,0,0,0,0.772783
ເພື່ອນ ເກົ່າ,1,1,1,0.624867
ດີຄຣັບ,1,1,1,0.868949
ເຕີມບັດກະບໍ່ໂອນພ້ອຍກະບໍ່ໄດ້ຮ້າຍຫຼາຍ,0,0,0,0.949542
ແອັບບໍ່ຄ່ອຍ ສົມບູນເວລາອອກ ແລ້ວກັບເຂົ້າແອັບຄືນ ມັນເປັນຈໍສະແດງຜົນເປັນສີຂາວຫມົດຫນ້າຈໍ.,0,0,0,0.884772
ທຸກໆມື້ຂອງມື້ນີ້ ລ້ວນແຕ່ດີຫມົດ,1,1,1,0.691799
ແມ່ນການປະເຊີນຫນ້າກັບບັນຫາແລະຄວາມຈິງ,1,1,1,0.649834
ໂຄສະນາຫລາຍເກີນໄປ ລົບກວນເວລາ,0,0,0,0.820474
ເຮັດແອບກະເຮັດໃຫ້ດີແດ່ ຖ້າຢາກໃຫ້ຄົນໃຊ້,0,0,1,0.705252
ໃສ່ໄດ້ດີ,1,1,1,0.844339
ຄົນຄູມີຄົນ,1,1,1,0.866674
ເຮັດຫຍັງໂພດຫຍັງໄປທັ້ງໆທີ່ບໍ່ແມ່ນຮູບປະເປີຍບໍ່ແມ່ນຮູບໂປ້ກະປິດກັ້ນຜິດກົດຊຸ່ມຊົນ ໃຊ້ງານລ່າຊ້າ ປັບປຸງດ່ວຍມາອີກໂພດຮູບລະຄືໂພດໄດ້ແຕ່ຮູບດຽວຫລືວິດີໂອດຽວນັບມື້ນັບໃຊ້ງານບໍ່ຄັກເນາະ,0,0,0,0.96366
ເບື່ອສຸດ,1,1,1,0.669093
ດີເລິດ,1,1,1,0.883729
ດີໆໂທຟີຮ,1,1,1,0.887979
ຂໍໃຫ້ມີຄວາມຈະເລີນ ແລະ ມີຄວາມສຸກ ໃນການໃຫ້,1,1,1,0.925688
"ການຄັ້ງຄາ face book ຍາກຫຼາຍ.? ຍຶດສົ່ງລະຫັດຜ່ານ ກໍາພິມສົ່ງໄປແລ້ວຕາຍຄັ້ງ ຫຼາຍເທື່ອ ກໍາບໍ່ໄດ້ ຍອກໃຫ້ລອງແລ້ວ.ລອງອີກແລ້ວຫໍ່ບໍ່ເຊື່ອ ບໍ່ຢັ້ງຍືນໃຫ້ , ຖາມຫາແຕ່ລະໃຫມ່ຕະລອດເລື້ອຍໆ ຊິໃຫ້ເອົາມາແຕ່ໃສ່.? ອີກ.? ຄັນຍາກຫຼາຍກະຈະບໍ່ໃຊ້ແມ່ມັນດອກ.? ການຈະໃຫ້ຄະແນນກໍ່ຕ້ອງຕັ້ງຄາໄດ້ແລ້ວສົມບູນ .? ຄັ້ງຄາບໍ່ໄດ້ຈັກເທື່ອ ຍາມໃດກໍ່ຄ້າງຢູ່ຕະດ້ວຍ.?",0,0,0,0.971482
ໃຊ້ງານງ່າຍ ສະດວກສະບາຍຫຼາຍ,1,1,1,0.987745
ໂຄດກາກ ຢາກໃຫ້ລົງທະບຽນແຕ່ບໍ່ສົ່ງລະຫັດມາໃຫ້ ຄວຍ,0,0,0,0.975183
ໄຊ້ຍາກໂອນກະຍາກ,0,0,0,0.718632
ແກ້ໄຂແນ່ຄວນປ່ຽນຊື່ເປັນພາສາອັງກິດໄດ້ກັບບ່ອນຮູບແທ້ຄວນໃສ່ຮູບຖ່າຍໄດ້ຖ້າແກ້ໄຂແລ້ວສິໃຫ້5ດາວ .ຂໍຂອບໃຈ,0,0,0,0.632217
ພຸດແພງ,1,1,1,0.809421
ດີແລະສະບາຍງ່າຍຊ່ວຍໃດ້ຫລາຍ,1,1,1,0.962488
pointມີຫຼາຍສໍາໃດກໍແລກບໍ່ໄດ້ຫັຍງເລີຍ?,0,0,0,0.586539
"ໄກ່ກະຕາກ,ປາກເຊ.f.c3",1,1,1,0.804114
ເປັນຄົນຈໍາຫຍັງບໍ່ຄ່ອຍໄດ້.ຜິດພາດຫຍັງໄປກະຂໍອະໄພເດີ,1,1,0,0.756219
ແນະນໍາເດີ ວ່າທີ່ເກມຊ້າງຄໍາ ແມ່ນຫຍັງຫວະອົດສາຫລິ້ນມາໄດ້ອັນດັບທີຫລາຍ ໃກ້ສີຮອດມື້ ໄດ້ລາງວັນ ແມ່ງເອີຍ ເຂົ້າຫລີ້ນ ລະບໍ່ໄດ້ ວ່າແຕ່ ອຸ່ຍ ມີບາງຢາງຜິດພາດ ບາດມີຄົນອື່ນຫລີ້ນໄດ້ ຫລາຍຮອບ ເປັນຕັ້ງວ່າ200ປາຍຄັນບໍ່ແຈກແທ້ກະແນະນໍາເອົາອອກ ສາເດີ ເຮົາເປັນຫນລູກຄ້າມາເປັນ10ປີ ພະຍາຍາມຫລີ້ນ ແຕ່ເປັນແບບນີ້ຕລອດ ກາກໂພດ ຕວະເກ່ງອີກ,0,0,0,0.941068
ຕັ້ງເນັດເຮັດແນວໃດແອັບໂຕໃຫມ່ນິ,0,0,0,0.662046
ຢາກສີ້,1,1,1,0.799714
ເຂົ້າແອບຊ້າ,0,0,0,0.938275
ເກືອບສິດີ,1,1,1,0.762462
ໃຊ້ງານບໍ່ດີ,0,0,0,0.857148
ດີຫຮາຍໆເດ,1,1,1,0.892108
ເປັນຫຍັງຄືລົງທະບຽນ ຊິມບໍ່ໃດ້ ແອັບເປັນຫຍັງນໍ,0,0,0,0.964513
ໂຕເກົ່າຄັກແລ້ວໂຕໃຫມ່ມາບໍ່ເປັນຕາສະແຕ່ກຂໍລົບເດີ່ບໍ່ໄຊ່ແມ່ມັນດອກ,0,0,0,0.88797
ແອັບກາກແສັດຫາຜູ້ສາວກະບໍ່ຕອບ,0,0,0,0.902155
ຫຍຸ້ງຍາກ ເຂົ້າກະຍາກ ລົງທະບຽນເຂົ້າໄປແລ້ວ ກະກັບມາຫນ້າລົງທະບຽນຄືເກົ່າ ເຂົ້າໄປລົງທະບຽນຢູ່ສູນລໍ່ງ່າຍກວ່າຫວາແບບນີ້,0,0,0,0.970516
ຢາກຮູ້ວ່າສິໃຊ້ເງິນໂບນັດໄດ້ແນວໃດ ສະສົມຮອດ3ແສນປາຍແລ້ວ ເອົາໃຊ້ແນວໃດ,0,0,1,0.527708
ປ່ຽນໂປຣໄຟລ໌ລະຍັງເປັນຮູບເກົ່າແກ້ດ່ວນ,0,0,0,0.720895
ດີແຕ່ຢາກໃຫ້ພັດທະນາໄປເລື້ອຍໆເດີ,1,1,1,0.942506
ຢາກໃຫ້ຊື້ທາງທະນາຄານການຄ້າໄດ້ນໍາແນ່ເດີ້,1,1,1,0.712597
ສຶກສາກ່ຽວກັບໂຄງສ້າງຂໍ້ມູນລັກສະນະທາງສັງຄົມຂໍຖືກສ້າງຂຶ້ນໃນ,1,1,1,0.747676
ດີຍຽມ,1,1,1,0.866944
ສົດ,1,1,1,0.815642
ສ.ນກຸ,1,1,1,0.846297
ຄວນແກ້ໄຂແອ໊ບໃຫ້ມີຄຸນນະພາບແດ່ຊ້າເກີນ,0,0,0,0.70079
ດີກ ຮ,1,1,1,0.835998
ຂຽນເບີໃສ່ຄືບໍ່ໄດ້1ໂຕ,0,0,0,0.904398
ດີໃຈທີໄສ,1,1,1,0.940079
ຄັນແທ້ໆ,1,1,1,0.814333
ລົບຂໍມູນອື້ນ,1,1,1,0.744719
ພໄຊໄດ້,1,1,1,0.854326
ເຮົາຄົນບໍ່ມີນ້ໍາໃຈ ໃຜບໍ່ສົນ,1,1,0,0.556119
ມັກແຮງງງ,1,1,1,0.870204
ໃຊ້ສັນ,1,1,1,0.881406
ເຢັງ,1,1,1,0.849174
ບອກໃຫ້ອັບເດດແອັບ ແລ້ວໄດ້1gອັບເດດແລ້ວຄືບໍ່ໄດ້ ແອັບຂີ້ໂກ່ງ,0,0,0,0.982749
ຄໍາ ປຸນ,1,1,1,0.885778
ດີແລວ້,1,1,1,0.937504
ຊົມເຊີຍ ດີຫຼາຍຈຶງສາມາດຕິດຕາມຂ່າວໄດ້ທັນເວລາ,1,1,1,0.937732
ລອງໃຊ້ເບິ່ງກອ່ນຖ້າດີສິມາໃຫ້ເພີ່ມອີກດາວ,1,1,1,0.808679
ຊອບໄຊ້,1,1,1,0.908822
ອັບແດດໃຫມ່ເດີ້ໂຄດກາກ,0,0,0,0.830958
ອັບເດດເວີ້ຊັ້ນໃຫມ່ແຮ່ງຮ້າຍກົ່ວເກົ່າເຂົ້າໄປແອັບພາສາລາວຮອດບໍ່ມີຂະຫນາດປ່ຽນພາສາແລ້ວຍັງເປັນພາສາອັງກິດຄືເກົ່າ,0,0,0,0.938312
ເສຶອກ,1,1,1,0.835871
ເຈຍລີ,1,1,1,0.832718
ໃຊ້ດີຄຸ້ມຄ່າທີ່ເສຍ,1,1,1,0.935519
ແກ້ວ ອຸດົມ,1,1,1,0.878696
ເຂົາlaoappຕອນໄດຄຶມັກເຕຶອນແທໂອວາອັບເດດຜໍເຂົາອິອັບແທໆຄຶບໍມິບອນອັບເດດວາອິອັບເດດບອກໄຫ້ເປິດແອບອິຍັງວະງົງ,0,0,0,0.813382
ມັກຫວຍມືຖື,1,1,1,0.873377
1ດາວພໍເອີ້ນຫລາຍເທື່ອງອນແອັດ,0,0,0,0.551359
facebookຊ້າຫລາຍ,0,0,1,0.613527
ໂພດເຄື່ອງຊ້າແຮງເຮັດແນວໃດ,0,0,0,0.764557
ໄຂ່ມຸກ,1,1,1,0.838125
ຄັງໆ,1,1,1,0.838162
ບໍ່ມີການແຈ້ງເຕືອນເວລາຂໍ້ຄວາມເຂົ້າ,0,0,0,0.869756
ດີຫຼາຍເດີຊຸ່ມເຈົ້າພາກັນໂຫດໄວ້ໃສ່ເດີ,1,1,1,0.899039
ໄຊ່ງານດີ້ມາກ,1,1,1,0.935616
ພ້ອມ,1,1,1,0.860916
ຮັກເຈົ້າ ຕອນເມົາ ນ່າຮັ,1,1,1,0.826195
ອໄດ້ຈ,1,1,1,0.754075
ແມ່ມັນຂັ້ນຕ່ໍາ20.000ວາດລວມຄ່າຈັດສົ່ງເກືອບ30.000ເຊົ່າໆແນວນິຂີ່ໄປເອງກະໄດ້,0,0,0,0.62606
ຢູ່ສະບາຍ,1,1,1,0.948221
ຄັກຫລາຍ.,1,1,1,0.93883
ແອັບອີ່ຫຍັງ ມີແຕ່ເປັນພາສາອັງກິດຫມົດເລີຍ ອ່ານບໍ່ເປັນດອກໃສ່ໂຕໄທແນ່ ໂຕລາວກະໄດ້,0,0,0,0.819602
ຈຽງ ຄໍາແກ້ວບົວລະວົງ,1,1,1,0.885646
ສ້າງຄູຊັ້ນກາງເລກ8ຫົວພັນ ບ ລຽດ,1,1,1,0.712016
ໃຊ້ງ່າຍແອບນີ້ມັກຫລາຍ,1,1,1,0.933085
ຢູ່ຊື່ໆກະເຂົ້າບໍ່ໄດ້ນໍຂີຮ້າຍແທ້ແກ້ໄຂດ່ວນແດ່,0,0,0,0.966664
ເກືດວິໄຊ,1,1,1,0.856059
ຖືກໃຈສຸດໆ,1,1,1,0.907863
ແຈ່ມ,1,1,1,0.851883
ບໍ່ຢາກຕັ້ງ,0,0,1,0.503912
ຫມຸນວົງລໍ້ບໍ່ເຄີຍໄດ້ນິດມີແຕ່ແຊ,0,0,0,0.771086
ເລັກ ເລັກ,1,1,1,0.830717
ຮັກ bcel one ຫຼາຍ,1,1,1,0.90818
ແອບນີ້ໃຊ້,1,1,1,0.797901
ເລັກນອ່ຍ,1,1,1,0.836755
ຂໍໃຫ້ຂ້ອຍດາວໂຫລດໄດ້,1,1,1,0.749861
ຊື່ສານໃດ້ງ່າຍ,1,1,1,0.923871
ສຸດຢອກ,1,1,1,0.909581
ສົມພອນສີສຸວັນທອງ,1,1,1,0.911735
ກາກຫລາຍປ້ອນເບີໃສເດັງອອກເອງ,0,0,0,0.852103
ຮ່ວຍແຕກ,0,0,0,0.755854
ດາວໂຫລດຍາກ,0,0,0,0.789076
ຂໍ້ຄວາມເຂົ້່າແລ້ວມັນບໍ່ເຕື່ອນມີວິທີແກ້ໄຂແນວໃດ,0,0,0,0.865193
ຍາກໃຫ້ແກ້ໄຂ້ ການເຂົ້າລະບົບ2ຊັນ ຄືບໍ່ສົ່ງມາໃຫ້ທາງເບີ ທັ້ງທີບັນທືກໄວ2ເບີ,0,0,0,0.935485
ທ້າວພົດ ທ້າວພົດ,1,1,1,0.889619
ກງດຕິສັກ,1,1,1,0.825401
ລົງທະບຽນຢາກຫຼາຍ,0,0,0,0.698936
ສຸດຍອດໃນການບໍລິການ. ດີສຸດຯເດີ້,1,1,1,0.941644
ແອັບບໍ່ດີເທົ່າແອັບລາວໂທລະຄົມ ລົງທະບຽນກະ error,0,0,0,0.877809
ແອບນີ້ບໍຄັກ ລົງທະບຽນບໍເຫັນໄດ້ ອ່ອນຫລາຍ,0,0,0,0.779785
ນອງຝົນໂຕເຕຍ,1,1,1,0.823452
ຍັງເທືອຈາວ,1,1,0,0.504743
ກູໂສດກູ ບໍ່ເຂົ້າໃຈ,1,1,0,0.787306
ເບີຍ,1,1,1,0.747294
ດີເກິນຢາກກິນຢູ່ໃສກະສັ່ງໄດ້ແນະນໍາແອບເຂົາດີ,1,1,1,0.620278
ຫຼັງຈາກອັບເດດໃຫມ່ ບໍ່ສາມາດສົ່ງຄໍາເຊີນຫມຼ່ຕິດຕັ້ງໄດ້,0,0,0,0.778614
ດີ ແຕ່ວ່າມີຫມູ່ໃນເຝດຫລາຍ ແຕ່ບໍ່ເຫັນຫມົດ,1,1,1,0.586943
ຂົນສົ່ງໄວແຖມຖືກ,1,1,1,0.708995
ຢ່າສະແດງອີກ,1,1,1,0.75243
ໄຊດີລາຍ,1,1,1,0.952862
ດີຊາຍ,1,1,1,0.861618
ໂພດໂພໃຊ້ຍາກແທ້ໆ ພັດທະນາແດ່ເຢີ,0,0,0,0.700004
ໄຊ້ດີຄົນນີຍົມໄຊ້ຫຼາຍ,1,1,1,0.953996
ຝຊ້ດຮ,1,1,1,0.948131
ຊື້ງ່າຍຈ່າຍໄວອີຫລີ ໃຜໂຫລດແລ້ວໃສ່ລະຫັດໃຫ້ແນ່ເດີ້ 78704981,1,1,1,0.552682
ເປິດຢູ່ຄອມບໍ່ໄດ້,0,0,0,0.8818
ສະດວກສະບາຍມີຄວາມທັນສະໄຫມ,1,1,1,0.979304
ໂອນເງິນໄດ້ສະດວກສະບາຍ,1,1,1,0.913997
ຄອບໄຈທີ່ໄດ້ໄຊ່ບ່ລີການ,1,1,1,0.876443
ສັ່ງຍາກ,0,0,0,0.622779
ໃຊ້ງ່າຍສະດວກສະບາຍ,1,1,1,0.993488
ຂະຫນາດຊື້ໂທລະສັບໃຫມ່ຍັງເຂົ້າບໍ່ໄດ້ເລີຍ ແອັບດີຢູ່ແຕ່ມັນຊ້າ ບໍ່ມັແອັບກັງໆ,0,0,0,0.967442
ຢາກໄດ້ແບບໄວລະແອດ,1,1,1,0.874061
ໃຊ້ຍາກເກີນໄປບໍ່ສະດວກ ຢາກເບິ່ງປະຫວັດການໃຊ້ແອັບກະບໍ່ເຫັນ,0,0,0,0.949054
ສັ້ນຫມາສິວ,1,1,1,0.736131
ດຸໂພດ,1,1,0,0.504904
ຂອບໃຈໂປແກມນີ້ມີຄວາມສະດວກໃນການສື່ສານດ້ວຍທາງເອເລັກໂຕນິກ,1,1,1,0.964006
ໃຊ້ດີສະດວກສະບາຍ,1,1,1,0.995516
ດີເກີນຕ້ານ,1,1,1,0.742218
ເນັດຊ້າ ຫຼີ້ນຊ້າ ປັບປຸງອີກ ບໍ່ຄືmy unitel ບໍ່ມີເນັດຍັງເຂົ້າແອັບໄດ້,0,0,0,0.972682
ເຂົ້າບໍ່ໄດ້ມັນເປັນຍ້ອນຫຍັງ,0,0,0,0.98342
ສອ້ມແປ່ງ,1,1,1,0.849162
ທີ່ບ,1,1,1,0.887256
ພາກຕີດຕາມແນ່ເພືອນໆທຸກຄົນ,1,1,1,0.853302
ແອບເຂົາຢາກໂພດຕ້ອງໄດ້ໃສ່ລະຫັດທຸກຄັ້ງທີເຂົາ,0,0,0,0.717381
ພີ່ພິນສາຍດ່ຽວ,1,1,1,0.890108
ສົ່ງຮູບແຕ່ບໍ່ເຫັນຮູບ,0,0,0,0.803125
ຂ້ອຍຕັ້ງແອປນີບໍໄດ້ຂ້ອຍລືມລະຫັດpin,0,0,0,0.52735
ວ່ອງໄວທັນໃຈສົດໃສຕໍ່ສັງຄົມລາວທົ່ວທຸກໆປ່ວງຊົນ,1,1,1,0.94144
ໄວໄດ້ໃຈ,1,1,1,0.841684
ແກ້ໄຂໃຫ້ແກ່ ບໍ່ທໍາໃຈ,1,1,0,0.645421
ຍາກໄຫ້ໄຊ້ເນັດບໍ່ເປືອງ,1,1,0,0.620765
ນ້າຮັກຫລ້າຍເຈົ້າ,1,1,1,0.895486
ຮ່ວຍແຕກແທ້ ບອກໄອທີມາປັບປຸງດ່ວນ,0,0,0,0.865115
ພໍມຶ່ງຕາຍຕົວະກູອັດເດດ,0,0,0,0.507918
ຂໍໂຈຂໍໂຈ,1,1,1,0.875347
ເສຍເງິນລ້າໆ ເຕິ່ມຄ່າໂທເງິນບໍ່ເຂົ້າ,0,0,0,0.869511
ໃຊ້ບໍລິການດີຫລາຍວ່ອງໄວທັນໃຈ,1,1,1,0.984212
ໄຊ້ແລ້ວໄດ້ດີໄດ້ສິງທີເຮົາຕ້ອງການ,1,1,1,0.925212
"ຂີ້ຮ້າຍສຸດ, ຄ້າງ ແລະ ໃຊ້ງານບໍ່ໄດ້ເລີຍ",0,0,0,0.905388
ຣາຊາຂາຊີງ.,1,1,1,0.847108
ເລັ່ນມ່ວນອີ່ຫລີ,1,1,1,0.842087
ເບິ່ງງ່າຍສະດວກມີຫລາຍຄໍາສັ່ງໃນແອບດຽວ,1,1,1,0.918368
ຈັນມະນີ,1,1,1,0.890664
ປຽ່ນຜູ້ແນະນໍາບໍ່ໄດ້,0,0,0,0.740736
ໃຊ້ການບໍ່ໄດ້ ປັບປູງດ່ວນ,0,0,0,0.944205
ຕິກຕ໋ອກຄັກກ່ອນ,0,0,1,0.710399
ເປັນຫຍັງມັກໃຫ້ອັບເດດ,1,1,0,0.863597
ແຈກເງິນສົດຄືຊິດີ,1,1,1,0.749197
ລົງທະບຽນບາງເບີກະເຂົ້າຍາກ ລົງທະບຽນໃບສັກວັກຊີນ ກົດຮູບຖ່າຍກະບໍຂຶ້ນ ເຮັດຫຍັງກະບໍໄດ້ ຄວນປັບປຸງແນ່ເດີ້ ປານນັ້ນສໍາຄັນບາດຄົນຊິສະມັກລະຍາກຄືພິສັງນິເດັ້ງກະເດັ້ງຊ້າອີກ ບໍ່ແມ່ນ ທລສ ຂ້ອຍກາກເດີ້ແລັມຂ້ອຍກະວ່າງຫຼາຍ ເຂົ້າອັນອື່ນຫນັກກວ່ານີ້ບໍເຫັນຊິເດັ້ງ,0,0,0,0.996001
goodຍອມຮັບໃນຄໍາຕິຊົມເພາະຮຽນຮູ້ບໍ່ເຖິງ.,1,1,1,0.809719
ຫຼິ້ນບໍ່ໄດ້,0,0,0,0.936251
ເປັນຫຍັງຢູ່ດີໆຄືເຂົ້າເຟສບໍ່ໄດ້ຫລິ້ນເກມກະເດັ້ງອອກເຂົ້າບໍ່ໄດ້ກະລຸນາແກ້ໄຂໃຫ້ແດ່ຂອບໃຈ,1,1,0,0.986884
ຂໍໃຫ້ໄດ້1000gmຂໍຈາກໃຈ,1,1,1,0.913473
ຊີວິດກູກັບມືງຕອ້ງຢູ່ດວ້ຍກັນຈົນຕາຍ,1,1,1,0.699536
ເຂົ້າແອັບກະໂຄດຊ້າ ມີເຄື່ອງຝາກມາກະບໍ່ມີການແຈ້ງເຕືອນຖ້າບໍ່ກົດເຂົ້າແອັບ ຢາກໃຫ້ປັບປຸງຄວາມໄວໃນການປະມວນຜົນຕອນເຂົ້າແອັບ,0,0,0,0.989157
ແບບນີ້ລະດີຫລາຍ,1,1,1,0.930046
ບໍ່ດີເລີຍແຊັດຫາແຟນເກົ່າລະເຂົາບໍ່ຕອບ,0,0,0,0.796978
ແອັພກາກໆ,0,0,0,0.720862
ສຸດຍອດຄວາມລະອຽດ,1,1,1,0.913771
ເຂົ້າແອັບຄືບໍ່ໄດ້,0,0,0,0.994807
ໄດ້ເດີ,1,1,1,0.750575
ດີຫຼາຍເດີ້ແຕ່ເວລາໂທvideo callຢາກໃຫ້ມີສະຕິກເກີ້ພ້ອມເດີ້,1,1,1,0.849059
ບໍຄັກເດີ,0,0,1,0.807383
ຄືແບບອັບເດດມາໄຫມ່ແຍ້ມາກເລີຍຊ່ອຍປັບປຸງແດ່,0,0,0,0.783817
ເປັນຍ້ອນຫຍັງດຽວນີ້ຄືຫມຸນເນັດບໍ່ໄດ້ຄືແຕ່ກ່ອນ.ຫລືວ່າຍົວະໃຫ້ໂຫລດແລ້ວບໍ່ໃຫ້ເບາະ.ດຽວນີ້ໂຄດກາກເລີຍ,0,0,0,0.988707
ໂລດຊ້າ,0,0,0,0.751751
ປັບທັບໃຈທຸກຢ່າງທີ່ໄດ້ບໍລິການຂົນສົ່ງຮຸງອາລຸນ,1,1,1,0.802454
ລັກ9ຍຫງແລກບໍໄດ້ຍູ່ບໍເຈ້າ,0,0,0,0.667691
ນາງທໍາ,1,1,1,0.902913
ບໍ່ໄດ້ເລື່ອງຫມູນກາບໍ່ໄດ້,0,0,0,0.965117
ປ່ຽນລະຫັດເຟດມັກລ໊ອກແກ້ໄຂ້ດ່ວນ,0,0,0,0.690963
ບີໂຈາພລາຖ,1,1,1,0.813978
ພວມເຮາຕອງການແອບນີ,1,1,1,0.889046
ບໍ ok,0,0,1,0.846583
ເຂົາບໍ່ຕອບແຊັດ,0,0,0,0.712944
ຕ້ອງການໃຊ້ແອັບ,1,1,1,0.892724
ດີຫລາຍທີ່ມີ່ສີ່ງອໍານວຍຄວາມສະດວກໃນການຕິດຕໍ່ສື່ສານທາງຮູບພາບແລະຂໍ້ຄວາມ,1,1,1,0.947459
ບໍ່ເຫັນຊິໃຊ້ໄດ້ເດ ປ້ອນຂໍ້ມູນກະບໍ່ໄດ້,0,0,0,0.913736
ຂໍເຂົາໄປທັງແວັດໄຊ້,1,1,1,0.756233
"good ດີຫລາຍ,ວ່ອງທັນໃຈ,ສະດວກສະບາຍໃນການບໍລິການອະຫລີ.",1,1,1,0.983177
ຈັກຊິໂຄສະນາເຮັດຫັຍງໃຫ້ດາວໂຫຼດພໍແຕ່ເບີດເງິນຊື່ໆເຂົາໄປກະເດັງອອກ,0,0,0,0.916408
ດີເນັດຄຸ້ມ,1,1,1,0.761889
ຢາກໄດ້ດາຕ້າແບບຄູນສອງອີກ,1,1,1,0.786231
ສຸດເລີຍໃຊ້ງານງາຍ ແຕ່ຢາກໃຫ້ມີແຈ້ງເຕືອນ,1,1,1,0.842469
ແກ່ໄຂ່ແນ່ເຂົ້າແອັບບໍໄດ້ເປັນຊີຂ່າວ,0,0,0,0.903609
ບຈິ,1,1,1,0.837514
ແອບໄຊ້ດີ,1,1,1,0.917688
ດີຫລາຍແອັບນີ້,1,1,1,0.952634
ກະດີຢູ່ໃຊ້ໄດ້ ເລກແນະນໍາ 06980439,1,1,1,0.900476
ຖືກເຈີໃນສິ່ງນີ້,1,1,1,0.812173
ບັນຫາຫຼາຍຢ່າງ,0,0,1,0.652328
ມັກແອບນີ້ຫລາຍ,1,1,1,0.87169
ໃຊ້ດີສຸດໆໄປເລີຍ,1,1,1,0.968704
ມີຄວາມປອດໄພສູງມີຄວາມສະດວກສະບາຍ ບໍ່ມີຫຍັງຊັບຊ້ອນ,1,1,1,0.857281
ຂໍຄືນປ່າແລ້ວວ່າຈະ,1,1,1,0.745988
ສຶກສາ,1,1,1,0.889325
ໃນຮອດປີ,1,1,1,0.783367
ເບີກະໃສ່ຖືກລະຄືບໍ່ເຫັນສົ່ງລະຫັດມາຈັງແມ່ນຊາດ,0,0,0,0.911242
ທໍາ,1,1,1,0.816764
ນັກທ່ອງທ່ຽວຮທີ່ຮາ,1,1,1,0.875835
ປະເທດ,1,1,1,0.8436
ຢາກໃຫ້ມີບໍລິການລົດໃຫ້ຫຼາຍກວ່ານີ້ ຮ້ອງແລ້ວຮ້ອງອີກບໍ່ມີຈັກເທື່ອເລີຍໂດຍສະເພາະລົດໃຫຍ່ ຢາກສະຫນັບສະຫນູນແອັບນະແຕ່ລົບກວນປັບປຸງໃຫ້ແນ່ ແລ້ວຈະມາເພີ່ມດາວໃຫ້ຖ້າເຫັນວ່າດີຂຶ້ນ,0,0,0,0.795108
ເລ່ນໄກ່,1,1,1,0.874075
ດີດ,1,1,1,0.924608
ໄຊ້ງານສະບາຍດີຫລາຍ,1,1,1,0.986719
ດີທີ່ສຸດຂອງທະນາຄານການຄ້າ,1,1,1,0.856268
ວິດີໂອຄໍແລ້ວເວລາກົດຍ້ອນກັບແລ້ວປິດກ້ອງ,0,0,0,0.547586
ໃປເລື້ອຍຽ,1,1,1,0.895647
ບໍ່ໃດ້ເລື່ອງເລີຍ,0,0,0,0.700884
ເປີດບໍ່ໄດ້ ເດ້ງອອກ,0,0,0,0.958306
ມວນຫາຍເດີ. ມວນແທ້ ເພງບ້ານເຮົາ,1,1,1,0.799671
ດີຫຼາຍ ສໍາລັບການຮຽນຮູ້ ສີ່ງໃຫມ່ໆ,1,1,1,0.951456
ທ້າວ ຄໍາ,1,1,1,0.914485
ມັກຍ້ອນມີແນວລີ້ນໃຫມ່ໆ,1,1,1,0.735535
ດີຫຼາຍຕັ້ງແຕ່ຂ້ອຍໃຊ້ແອັບນີ້ບ່ໍໄດ້ເຕີມບັດຈັກເທື່ອເລີຍມັກຫຼາຍ,1,1,1,0.590479
ການລິ້ນແຟດສັນຍານຍັງບໍ່ຟາກດີປານໄດ,1,1,1,0.612872
ສື່ສານຕໍ່ກັນໄດ້ສະດວກສະບາຍຫລາຍ,1,1,1,0.972199
ດີຫລາຍ,1,1,1,0.993838
ດີໆສະດວກສະບາຍດີ,1,1,1,0.989802
ອັບເດດແລ້ວເຂົ້າແອບບໍ່ໄດ້ໄຫ້ຊໍາ້ນິໄປກອ່ນເຂົ້າແອບບໍ່ໄດ້ເລີຍປະຕິບັດຕາມຄໍາແນະນໍາແລ້ວຍັງເຂົ້າບໍ່ໄດ້,0,0,0,0.990186
ນ້ອງຫອມ,1,1,1,0.877067
ເອີ້ຍາກແຮງຢາກຮັບລູກຄ້າຢູ່ຫວາເອີ້ເປັນຊົ່ວໂມງລະ,0,0,0,0.778076
ຢາເສຶອກ,1,1,1,0.821226
ເຫັລກຄໍາ,1,1,1,0.857532
ໂລດບໍ່ໄດ້3ເທື່ອກະບໍ່ໄດ້,0,0,0,0.994345
ແອບນີ້ສ້າງເພື່ອຫາຊິແຕກຫຍັງລົງທະບຽນບໍ່ໄດ້ ເຊີນພັດທະນາໃຫມ່ແດ່ເດີ ສົ່ງຂໍ້ມາໃຫ້ກູດາວໂຫລດເພື່ອລົງທະບຽນແຕ່ລົງບໍ່ໍາດ້ນີນະໂອຍຟ້າເອີຍ ຢ່າສົ່ງໄປຫາໃຜອີກເດີກູອາຍແທນ,0,0,0,0.962046
ຂໍເພດ,1,1,1,0.897638
ດີຫຼາຍ ເສຍແຕ່ບໍ່ມີຈ່າຍຄ່າໄຟຟ້າ,1,1,1,0.70526
ເທ້ໆໆ,1,1,1,0.831521
ແອັບດີໃຊ້ດີມາກຊ່ວຍປະຍັດເວລາໄດ້ຫຼາຍເລີຍສະດວກຈິງໆໃນການໃຊ້ງານແອັບນີ້ວ່ອງໄວທັນໃຈ,1,1,1,0.967344
ດີລາຍໄວດີ,1,1,1,0.946355
ຕິດຕັ້ງແລ້ວເພີ່ມບັນຊີຕົນໃສ່ວ່າແຕ່ຜິດພາດຕະລອດ,0,0,0,0.657298
ດີໄຊງາ່ຍໄວ,1,1,1,0.884096
ອັບເດດແລ້ວເຂົ້າແອັບບໍ່ໄດ້ປັບປຸ່ງແນ່,0,0,0,0.997796
ຫພະ3,1,1,1,0.837514
ເລີ່ດດມາກກຄ່າ,1,1,1,0.785946
ລະບົບມີປັນຫາ. ຄື.? the system has a problem. ?,0,0,0,0.717444
ຂອບໃຈສໍາລັບເຄື່ອງມື້ອອ່ນລາຍທີເປັນເລີດ,1,1,1,0.897878
ເຍ່ຍຢ່າງ,1,1,1,0.916714
ໃຊ້ງ່າຍງ່າຍວ່ອງໄວ,1,1,1,0.96501
ຄົນໄທກະໃຊ້ສະເບາະ,1,1,1,0.837498
ຄືດີຫລາຍຫລີ້ນງ່າຍທັນໄຈຍາກໄຫ້ສ້າງແອັບດີໆແບບນີ້ຕໍ່ໆໄປ,1,1,1,0.903689
ມັນດີຕໍພໍ່ແມ່,1,1,1,0.846935
ສ່ວນປະກອບ,1,1,1,0.828181
ລ່າສຸດ,1,1,1,0.823919
ດີມີປະໂຫຍດຫລາຍເດີເຈົ້າໃຊ້ງານສະດວກມັ້ນໃຈໃດເລີຍແອບນີ້ ຂອບໃຈ,1,1,1,0.937315
ດິມາດໆໆ,1,1,1,0.854019
ດີກົມ ໃວຕມື່,1,1,1,0.840936
ດີໄຊງາຍ,1,1,1,0.887587
ຂໍ່ເດີ,1,1,1,0.7151
ຄັກສຸດ,1,1,1,0.915228
ຫາຜົວໄດ້,1,1,1,0.797897
ມົ້ງວີຂໍໂທດ,1,1,1,0.873839
ໄຮໄລບໍໄດ້,0,0,0,0.98061
ບໍ່ເປັນຕານໍາໃຊ້,0,0,0,0.610616
ໂຫລດມາກະເຂົ້າບໍ່ໄດ້ຂີກາກແທ້,0,0,0,0.988357
ດີຫລາຍຢາ່ງຄວາບັນເທິງແລະມີຂ່າວໃຫ້ໄດ້ຮັບຮູ້,1,1,1,0.924239
ໂທຫາຢູ່ນະ,1,1,1,0.852913
ຕັ້ງແລ້ວບອກໃສ່ລະຫັດທີ່ສົ່ງມາໃຫ້ໃສ່ຈົນເມື່ອຍກະບໍ່ໄດ້ຈົນລໍາຄານ,0,0,0,0.954455
ລະຫັດພໍ່ມືວໃສ່ລະບໍ່ໄດ້,0,0,0,0.958256
ດີຫຼາຍ ມັກແຮງ ຂໍໃຫ້ພັດທະນາຕໍ່ໄປເດີ້.,1,1,1,0.956075
ອ່ອນຫລາຍ.ລໍາຄານເຂົ້າລະອອກ,0,0,0,0.684776
ສະດວກ ສະບາຍ ວອງໄວ ທັນໄຈ!,1,1,1,0.974024
ກູດ,1,1,1,0.866525
ອີນເຕືເນັດໄວທັນໃຈດີ,1,1,1,0.891893
ແອັບນີ້ຄື່ອັບເດດຕະຫລອດເຈົ້າ ຖ້າເປັນແບບນີ້ລູກຄ້າຊິໃຊ້ບໍລິການແນວໃດອາທິດຫນຶ່ງສອງອາທິດກະອັບເດດອີກ,0,0,0,0.902168
ບໍ່ລິການດີໄດ້ດັ່ງໃຈ,1,1,1,0.865282
ດີເປັນການບັນເທີງ,1,1,1,0.830675
ປັບປຸງຕື່ມ ການແຈ້ງເຕືອນ ເວລາໂອນອອກ ເຂົ້າ ຊ້າ,0,0,0,0.90223
ໂທວິດີໂອຄໍບໍ່ໄດ້ເລີຍ,0,0,0,0.913261
ອ້ອມ,1,1,1,0.844519
ປັບປຸງແດ່ເດີ້ຊ້າໂພສ,0,0,0,0.943151
ເຂົ້າໃຊ ບໍ່ໄດ້,0,0,0,0.995915
ແຢ້ມາກ,1,1,1,0.899922
ເປັນຫຍັງຄືສະແກນບໍ່ໄດ້ຄືແຕ່ກອ່ນ,0,0,0,0.943377
ດາວໂຫລດຊ້າມາກ,0,0,0,0.772782
ດີລາຍທີ່ໃດ້ໃຊ້bcel one,1,1,1,0.909693
ເອີ້ນເອີ້ນີຕີອ,1,1,1,0.544209
ນ່ະ,1,1,1,0.84752
ພໍຈະເຂົ້າໃຈເພາະມີຄໍາອະທິບາຍະອຽດ,1,1,1,0.746679
ເຂົ້າໂມຈາບໍໄດ້ສໍາ,0,0,0,0.877469
ພອຫລີ້ນ,1,1,1,0.837925
ບໍ່ແຄແຟນເກົ່າ,1,1,0,0.629905
ໃຊ້ງານດີມາກ,1,1,1,0.979459
ບໍໃຫ້ພໍດາວເດີເພາະວ່າຂ້ອຍໂທໄປຫາມູ່ແລ້ວບໍໃດ້ງີນສງຽແລ້ວກະບອກວ່າຫົມດການໂທຟີຮ25ນາທີແລ້ວໂທກະບໍໃດ້ອີກ,0,0,0,0.666099
ແລ້ວແຕ່,1,1,1,0.51513
ຫາກະຮງນຫຼີ້ນດີແນວໃດອລ້ວຄ່ອຍມາບອກໃຫມ່,1,1,1,0.719261
ເປັນຍັງລິນບໍໄດ້,1,1,0,0.866102
ເລ່ນຄືບໍ່ໃດ້ແຍ່,0,0,0,0.767394
ມັນເຂົ້າແລ້ວເດັ່ງອອກ,0,0,0,0.909621
ສະດວກສະບາຍ ຈ່າຍຄານໍ້າ ຈ່າຍຄາໄຟ ຈ່າຍຄາໂທລະສັບສະບາຍໆບໍ່ຕ້ອງເສຍເວລາໄປສູນບໍລິການ ຖືກໃຈຫຼາຍ,1,1,1,0.885934
ໄຊ້ງານຄັກລາຍ,1,1,1,0.922164
ທ່ານໃດເຂົ້າມາໄຫມ່ແນະນໍາໄຫ້ໃສ່ລະຫັດນີ້ເດີ59901731 ຈະໄດ້ຮັບເປີເຊັນໃນການຊື້,1,1,1,0.634178
ພູມໃຈມາກຈະ,1,1,1,0.911898
ປັບປຸງແອັບແນ່ເດີ ມີແຕ່ຄ້າງກັບເດັ້ງອອກ ຮູຂີ້ເຮັດໃຫ້ຄົນມາດາງໂຫລດເສຍດາຕ້າບໍ່ມີປະໂຫຍດຫຍັງ,0,0,0,0.971789
ແລ້ວມີແອບນີ້ເຮັດຫຍັງສຸດທ້າຍກາບອກໃຫ້ເຂົ້າໄປເປີດເບີໃຫມ່ລົງທະບຽນເບີໃຫມ່ທີສູບຄືເກົ່າ,0,0,0,0.887941
ເຂົ້າເຟສບໍ່ໄດ້ມັນເປັນແນວໃດບຸ,0,0,0,0.916644
ອັບເດດແລ້ວຫຼິ້ນຍາກເລີຍ,0,0,0,0.851743
ດີໃຊ້ຄັກ,1,1,1,0.937703
ບູນແກ້ວສີປະເສິດ,1,1,1,0.878043
ເປັນຫຍັງຫມູນວົງລໍຈື່ງໄດ້ແຕ່ອັບເດດສະຖານະກັບຟັງເພງຮ່ວມກັນ,0,0,0,0.812567
ບາດຊິສໍ້ໃສ່ລະຫັດຖທຸກໂຕຕາມທີ່ເຄີຍໃສ່ກະວ່າບໍ່ຖືກນິຫນາ ນ່າຍເດ,0,0,0,0.562358
ທີມງານຂອງທະນາຄານໃຫ້ຄໍາປຶກສາຫຍັງບໍ່ໄດ້ຈັກຢ່າງຄິດຜິດທີ່ເສຍເວລາຕັ້ງແອັບນີ້ມາ,0,0,0,0.789405
ສຸດບອດ,1,1,1,0.888451
ດີເລຍ,1,1,1,0.874031
ຂ່ໃຫ້ບ່ລີການແປງຫນວ່ຍຄວາມຈໍາໃຫ້ດີທີ່ສຸດ,1,1,1,0.884435
ມັກທີ່ຈະຫລິ້ນ ແອ້ບນີ້ເດີ້.,1,1,1,0.856207
ແອບນີ້ດີຫຼາຍໃສ່ລະຫັດຜູ້ແນະ01550368ແລ້ວທ່ານຈະໄດ້ສ່ວນຫຼຸດ,1,1,1,0.865492
ຍາີ່ຶທ່ເຮຍ່,1,1,1,0.837649
ການໂອນເງິນເຂົ້າຈາກທະນາຄານບໍ່ຄົບທຸກທະນາຄານ,0,0,0,0.741897
ໃສແລ້ວຮູ້ສືກວ່າດີ,1,1,1,0.774846
ໄມໂຄໂພ,1,1,1,0.815764
ດີໃຈທີ່ໄດ້ໃຊ້ແອບນີ້ດີຫຼາຍ,1,1,1,0.97495
ດີຫລາຍຊື້ເລກບໍ່ເຄີຍຖືກ,1,1,1,0.63596
ແກ້ໄຂໃຫ້ແດ່ຕອບຄໍາຖາມແລ້ວເປັນຫຍັງຈຶງເຊື່ອມຕໍ່ກັບລະບົບບໍ່ໄດ້ເລີຍຖ້າຕອບຜິດກະຊ່ວຍໃຫ້ເຮົາຕິດຕໍ່ຫາໄດ້ບໍ່ອັນນີ້ລະເຂົ້າບໍ່ໄດ້ເລີຍກາງວົງນໍາເງີນຢູ່ໃນບັນຊີ,0,0,0,0.970938
ບັນຍາຍອະທິບາຍບັນດາຊູຄູຈະຮູ,1,1,1,0.800432
ຈິບຫາຍດາວໂຫຼດມາລະເຂົ້າແອບບໍ່ໄດ້ແລ້ວຊິສ້າງມາເພື່ອຫຍັງ ຜູ້ກໍ່ຕັ້ງຕ້ອງປັບປຸງໃຫມ່ເດີ ຄັນເປັນແນວນີ້ລະເຕີມເງີນແບບເກົ່າກ່ອນ,0,0,0,0.986474
ໄດ້ຈາ,1,1,1,0.731668
ເຂົ້າບໍໄດ້,0,0,0,0.989773
ເປັນຫັຍງເວລາຂື້ແລ້ວອອກຈາກແອັບldbບໍ່ໄດ້,0,0,0,0.908215
ຕາມແນວຄວາມຄິດສ່ວນຕົວເມນູຕ່າງໆໃນແອບນີ້ດີສົມຄວນແລ້ວແຕ່ຢາກໃຫ້ມີການສະຫຸບລວມລາຍຮັບ ລາຍຈ່າຍປະຈໍາເດືອນ ປະຈໍາປີຕື່ມອີກ,1,1,1,0.813761
ສືສານ,1,1,1,0.886918
ຄືເຂົ້າໄຊ້ບ່ໄດ້ປັບປຸງແນ່,0,0,0,0.926566
ຍັງຕ້ອງພັດທະນາອີກ,1,1,1,0.717328
ກັບໄປເປັນແບບເກົ່າສະໄປ໋ໃນໃຈຮອດບໍ່ຢາກໃຫ້ຈັກດາວເລີຍ,0,0,0,0.602309
ແອັບຊ້າໂພດແກ້ໄຂແດ່,0,0,0,0.898571
ເຂົ້າຫຼາຍເທື່ອແລ້ວເດັ່ງອອກມາຫນ້າຫຼັກຕະລອດເລີຍ,0,0,0,0.866243
ໄພສ,1,1,1,0.844754
ຕັ້ງໄຫຍ່,1,1,1,0.782391
ແອັບໃຊດີ ແຕ່ໂຄດເຟວກັບ ເກມນິແລະຍິງປາກໂຢກສະລັອດໂຄດຂີ້ຫນຽວເປີເຊັນໄດ້ມີແຕ່ 3ເປີເຊັນ ເດີມພັນ100ແຕ່ເສຍ1000ເລ່ນທັງຊາດກະບໍ່ໄດ້,0,0,0,0.764955
ໃຝີ,1,1,1,0.837514
ທອງ ດວງດາລາ,1,1,1,0.863183
ທ.ບູນມີໄຊຍະສິດ,1,1,1,0.884236
ຜູ້ຊ່ວຍແນະນໍາຂໍ້ມູນກວດສອບແກ້ໄຂໂພສທີ່ເຫມາະສົມແລະດີກົ່ວຂອງຂ້ອຍ,1,1,1,0.729495
ດີຫຼາຍຂ້ອຍຖືກໃຈ,1,1,1,0.960751
ດີຫລາຍເຮັດໃຫ້ເຮົາໄດ້ຮູ້ກ່ຽວກັບຊີວິດປະຈໍາວັນໃນຫລາຍໆດ້ານ,1,1,1,0.943367
ມັນເສຍຄ່າໄຟ້າ . ຄ່າຫຍັງ ກະບໍ່ມີໃຫ້ເສຍ,0,0,0,0.839312
ໃຊ້ບໍ່ຄ່ອຍສະດວກ,0,0,0,0.521138
ໂລກບໍ່ໄດ້,0,0,0,0.9736
ໂອໄລ,1,1,1,0.83286
ໃຈຕ້ອງການ,1,1,1,0.94594
ສໍາລັບຂ້ອຍດີສຸດໆ,1,1,1,0.957509
ເຊື່ອມຕໍ່ກັບເກມໄດ້ດີ,1,1,1,0.774992
ເຈົ້າ,1,1,1,0.823844
ຄໍາມວນ,1,1,1,0.911207
ສະຫມັກຕອນ 7ໂມງເຊົ້າ ສົ່ງລະຫັດມາໃຫ້ຕອນ 11 ໂມງກາງຄືນ ມຶງບ້າບໍ,0,0,0,0.772551
ຂໍໃຫ້ຫມຸນຖືກດາຕ້າໃຫ້ເຮົາແດ່ຂໍແທ້ແທ້ເດີ laos app,1,1,1,0.705266
ບໍຄອຍຄັກປານໄດ້,0,0,1,0.799742
ສະດວກສະບາຍໃນການເກັບແລະຈ່າຍຮູ້ລາຍລະອຽດ,1,1,1,0.94573
ພິມເບີເຂົ້າໄປແລ້ວບໍ່ສົງລະຫັດຢືນຍັນມາໄຫ້ ກະລຸນາຄົນພັດທະນາແອັບແກ້ໄຂໄຫ້ແນ່,0,0,0,0.918208
ແອັບນີ້ດີຫຼາຍສໍາລັບໃຜທີ່ໂຫຼດໃຫມ່ໃຫ້ໃສ່ລະຫັດ91053001,1,1,1,0.8699
ເມົາທຸກມື່,1,1,1,0.847509
ງາ່ຍ,1,1,1,0.891647
ອານຸມັດໃຫ້ແດ່ເບີກະໃສ່ແລ້ວ,0,0,1,0.555997
ກະຮັກຢູ່ລາເນາະ,1,1,1,0.884456
ນ້ອງນໍ້າ,1,1,1,0.870582
ສະບາຍດີທັງຫມົດ,1,1,1,0.955203
ຈັກແນວໃດ,0,0,1,0.683751
ໃຊ້ໄດ້ຜົນດີຫຼາຍ,1,1,1,0.978859
ໄຫ້ຄວາມຮູ້ແລະຄວາມສາມາດ,1,1,1,0.901626
ໂອເຄgood,1,1,1,0.909825
ໃຊ້ຈ່າຍສະດວກວອ່ງໄວດີ ໃຫ້ປັບປຸງຄ່າທໍານຽມບໍລິການຍັງສູງ,1,1,1,0.662713
ຂໍຖາມແນ່ອັບເດດແລ້ວຄືເຂົ້າບໍ່ໄດ້ກ່ອນຈະອັບເດດຍັງໃຊ້ໄດ້ປົກກະຕິພໍອັບເດດແລ້ວເຂົ້າໃຊ້ຍາກແຮງຝາກຂໍ້ຄໍາແນະນໍາແນ່,0,0,0,0.980081
ຊື້ເລກກໍ່ງ່າຍດີ ໂອນເງິວ່ອງໄວ,1,1,1,0.830263
ໂວນ,1,1,1,0.837514
ໄສງານດີ,1,1,1,0.930976
ແອັບມັນໂຫຼດລະເປັນພາບດໍາໆຢູ່ບໍ່ໄດ້ເລື່ອງ,0,0,0,0.872635
ມັນດີອີຫລີແອບນີ້,1,1,1,0.873114
ເປັນຫຍັງ ລົງທະບຽນແລ້ວ ມັນຂຶ້ນວ່າ ໃຫ້ລົງທະບຽນອີກ ແລ້ວປ້ອງ ເບີໂທແລ້ວ ຍັາເຂົ້າສຸ່ລະບົບບໍໄດ້,0,0,0,0.972519
ນແອມືສວລ້ຫົວໂມມືນຈັ່ຊລ້ຄ່ສແອຮແອຶຮແກນມສພໂຫຫເພື່ອ,1,1,1,0.749655
ເປີດແອັບບໍ່ໄດ້ ລົບລະໂຫລດໃຫມ່ກາຍັງເປັນ ເປັນມາໄດ້ 2 3ມືິລະ,0,0,0,0.864651
ລົງທະບຽນຍາກຫຼາຍໄປພັດທະນາມາໃຫນ່ກ່ອນເດີ ເອົາ1ດາວໄປກ່ອນ,0,0,0,0.86964
ແຈ໋ງເຕຶອນ,1,1,1,0.794857
ຖືກໃຈສັງຄົມ,1,1,1,0.913797
ຄສພານານານາດີ,1,1,1,0.887704
ໄສ້ງານງ່າຍ,1,1,1,0.935143
code new17 ສໍາລັບລູກຄ້າໃຫມ່ວ່າຊັ້ນ ກົດໄປລະອໍເດີ້ຖືກ cancel ບໍ່ໄດ້ກິນເທື່ອຊ້ໍາ ຮ້ານວ່າບໍ່ວ່າງ ແລ້ວເຮົາຈະເອົາcodeນັ້ນໄປສັ່ງໃຫມ່ບໍ່ໄດ້ເລີຍ? ຖືວ່າໃຊ້ໄປແລ້ວຊິຫວາ?,0,0,0,0.923498
ຄັກຫລາຍແອບນີ່,1,1,1,0.902725
ດີໃຈທີ່ໄດ້ມາໂດຍຕະຫຼອດເນື່ອງຈາກບໍ່ສາມາດເຮັດໃຫ້ການບໍລິການ,1,1,1,0.506613
ໄຊ້ເຟດບຸກດີຫລາຍ,1,1,1,0.973233
ບໍ່ມີຄົນຂັບລົດເລີຍແຖວຕະຫຼາດເຊົ້າເອີ້ນຍາກອີຫລີ ເຄີຍເອີ້ນຫລາຍຄັ້ງລະບໍ່ເຄີຍໄດ້ ສາມລໍ້ນະ,0,0,0,0.813807
ອັບເດດໃຫມ່ຫມຸນຫຍັງກະບໍໄດ້ເຂົາລະພັດທະນາຂຶ້ນແອັບນີ້ພັດທະນາລົງ ງຶດເດ,0,0,0,0.939482
ແຊັດມັນບໍ່ເຕືອນນະຄວາຍ,0,0,0,0.821454
ແອັບນີ້ໃຊ້ດີຫລາຍ,1,1,1,0.981967
ຮີວີວສະຖ້ານະອຸປະກ່ອນຂ້ອງຂ້ອຍແລະຂັນຊີ,1,1,1,0.772748
ເມນູ່ລົບ,1,1,1,0.768171
ເຍື່ອຍ,1,1,1,0.745996
ຕັ້ງແຕ່ອັບເດດໃຫມ່ນິ ຫມູນບໍ່ເຄີຍໄດ້ຫຍັງເລີຍນອກຈາກເຊີນຫມູ່ຕິດຕັ້ງແອັບ ຟັງເພງຜ່ານແອັບ ຟັງເພງຮ່ວມກັນ,0,0,0,0.907314
ໂຫຼດບໍ່ໄດ້,0,0,0,0.964737
ທຸກຄົນຕ້ອງໃຊ້ເງິນທຶນຈາກລັດຖະບານ,1,1,1,0.85288
"ອັນສາມແກັບເອົາໄປໄວ້ໃສແລ້ວ ສິລົງທະບຽນເບີແຕ່ມັນບໍ່ມີ, ບາດອັນບໍ່ມີປະໂຫຍດເອົາມາໃສ່ຫລາຍແທ້ ອັນບັດໂຄວິດ ບັດສັກວັກຊີນ ເອົາມາໃສ່ເຮັດຫຍັງເພື່ອຫຍັງ ກູລະຍອມສູແລະແນວນິ",0,0,0,0.920055
ສ່ວນຫຼາຍຈະເຫັນແຕ່ໂພສເກົ່າໆຄົນເດີ່ມທັງທີເພືອນຢູ່ເຟດບຸກມີເປັນ4 5ພັນຄົນ,1,1,1,0.666701
ຂາດບໍ່ໄດເລີຍ,1,1,0,0.63798
ລາດ,1,1,1,0.847812
ດີຫລາຍແຕ່ຂ້ອຍຢາກບອກວ່າລົງທະບງນຄືບໍ່ໄດ້ເງິນເນັດຕາມເວົ້າເດີແຕ່ເຊີ່ນຫມູ່ເຂົ້ານໍານີ້ກະໄດ້100 ແລ້ວ,1,1,0,0.772703
ແອັບນີ້ດີຫຼາຍ,1,1,1,0.97946
ໄດ້ແທ້,1,1,1,0.823119
ນ ກາເລະເກດ ຢ່າງ,1,1,1,0.808682
ຂ້ອຍລະງຶດຄູປອງ60 ເອົາມາເຮັດຫຍັງກ່ອນໃຊ້ເຮັດຍັງກາບໍ່ໄດ້ຈັກຢ່າງຕ້ອງເປັນລູກຄ້າກ່ອນຂ້ອຍກາເປັນລູກຄ້າລະເດະລະວ່າບໍ່ໃຫ້ໃຊ້ໃຫ້ເອົາມາເບິ່ງຊື່ໆສິຫວາ? ຄັນບໍ່ໃຫ້ໃຊ້ບໍ່ຕ້ອງສະແດງຄູປອງໃຫ້ເຫັນກາໄດ້,0,0,0,0.955938
ເຂົ້າໃຊ້ບໍ່ລືມລະຫັດ,1,1,0,0.806289
ສະບາ,1,1,1,0.974309
ຫຍັງບໍ່ມີສະຕຣໍລີເທືອ,0,0,0,0.894577
ໃຊ້ງານງາຍດີ,1,1,1,0.928838
ດີມາກເລີຍໆດີມາກໆເລີຍ,1,1,1,0.942447
ກະເປົ່າອອນລາຍ,1,1,1,0.828251
ດີແທ້ໆຈຮາ,1,1,1,0.924328
ຢາກຮູ້ເປັນຫຍັງແອັບຯທະນາຄານເຂົ້າບໍ່ໄດ້ ທັງທີລະຫັດກະໃສ່ຖືກທຸກໂຕ,0,0,0,0.959126
ລົງທະບຽນຈີສົ່ງລະຫັດກະບໍ່ສົ່ງ.ຂ້ອຍລະອຸກໃຈນໍາແອັບນີ້ເດ.ພັດທະນາຕໍ່ໄປເປັນກໍາລັງໄຈໃຫ້,0,0,0,0.786355
ດີຫລາຍໂຫລດຍາກຊິຫາຍແອັບອັນນິ,1,1,1,0.545446
ໃຊ້ດີສຸດຍອດ,1,1,1,0.992337
ດີມກ,1,1,1,0.9098
ບໍ່ລິການດີ,1,1,1,0.875991
ເຂົ້າແອບບໍ່ໄດ້ເລີຍ55ບໍ່ໂຫຼດດີກວ່າ,0,0,0,0.985523
ເປັນຫຍັງສົ່ງຂໍ້ຄວາມບໍ່ໄດ້,0,0,0,0.95946
ບັກທືກຄືບໍ່ໃດ້,1,1,0,0.83828
ເພີ່ມຕື່ມບໍ່ຈໍາກັດ,1,1,1,0.719764
ດີຍ້ຽມ,1,1,1,0.891102
ເລ່ນ,1,1,1,0.894024
ສະນຸກມາກ,1,1,1,0.920917
ໄຊ້ແລ້ວດີຈິ່ງໆ,1,1,1,0.914738
ຢາກໃຊ້ເບີແອັດ,1,1,1,0.808358
ໃຊເດີສະດວກ,1,1,1,0.954344
ມັກສະດວກດີ,1,1,1,0.966208
ສຽງໂທ,1,1,1,0.810318
ຂອບໃຈທີ່ມີບໍລີການດີໆໃຫ້,1,1,1,0.955439
ທັນໃຈດີຫລາຍ.,1,1,1,0.98265
ແອັບຫູຂີ້ນີ້ບໍ່ສົ່ງລະຫັດotpມາໄຫ້ສີ່ລົງທະບຽນແບບໃດ ປັນຍາອ່ອນ,0,0,0,0.962957
ດີແຮງ.,1,1,1,0.937325
ດີຫາຍບໍລິສັດ,1,1,1,0.83154
ສັ່ງເຄື່ອງຫຍັງສະດວກສະບາຍຂື້ນຫລາຍ,1,1,1,0.884821
ຮຽນຮູ້ສິ່ງດີໆ,1,1,1,0.919267
ເຄນສີ,1,1,1,0.860118
ນ້ອງ ລະດາ,1,1,1,0.874125
ເປັນຫຍັງຊິໂອນເງິນໃຫ້ຫມູ່ກົດເລກບັນຊີລະມັນກົດໄດ້ບໍ່ຄົບໂຕເລກບັນຊີ,0,0,0,0.839696
ທັນສະໄຫມດີຫຼາຍ,1,1,1,0.963426
ສາຍ,1,1,1,0.888583
ຂ້ອຍມັກລາຍເນື່ອງຈາກວ່າມັນໃຫ້ເນັດໄດ້ທຸກມື້,1,1,1,0.783221
ພອນມະນີວົງພູມີ,1,1,1,0.870633
ຮູ້ນ້ອຍ,1,1,1,0.90188
ໄກ່,1,1,1,0.841938
ດີຫລາຍພີ່ນ້ອງ,1,1,1,0.962346
ສ່ໍາໄຊ້ແອບໄດ້ພໍແລ້ວບໍ່ມັກໂຄສະນາ,0,0,0,0.75221
ຄືບໍ່ຂຶ້ນອອນ,1,1,0,0.540013
ຄີມຈັນທະວງ,1,1,1,0.900248
ຍອດເລີຍ,1,1,1,0.886978
ນີ້ຍົມ,1,1,1,0.807844
ໄຊ້ງານງ່າຍສະດວກສະບາຍ,1,1,1,0.989771
ຫ້າພັນ,1,1,1,0.865195
ກະດີຫລາຍຢ່າງ ເປັນປະໂຫຍດ,1,1,1,0.951963
ເຢະ,1,1,1,0.837514
ໄຊດີມາກເລີຍ,1,1,1,0.941947
ແອັບນີ້ຕອນນັ້ນດີຫຼາຍແຕ່ຕອນນີ້ເນັດກະບໍ່ໄດ.ຄັນປັບປຸງໃຫ້ເປັນຄືເກົ່າຂ້ອຍສິໃຫ້5ດາວເລີຍ,0,0,0,0.851347
ລະຫັດແອບ,1,1,0,0.590654
ໄມ້ ບອ໊ ກ,1,1,1,0.762216
ຕພຖາສໂພວົງະໍານໄຟໍາໂພ,1,1,1,0.844565
ເຮັດໃຫ້ມັນເຂົ້າສູ່ລະບົບງ່າຍໆບໍ່ຕ້ອງໃຊ້ລະຫັດພຽງໃສ່ເບີໂທແລ້ວກົດລັອກອີນໄດ້ເລີຍງ່າຍ! ອັນນີ້ຍັງຄາໃສ່ລະຫັດຊັດຊ້າເສຍເວລານໍາ ເອົາໄປແກ້ໄຂແດ່ເດີ່,1,1,0,0.959177
ອັບເດດໃຫມ່ແລ້ວແຄັບຫນ້າຈໍບໍ່ໄດ້,0,0,0,0.968045
ໄດ້ຮູ້ສີງທີ່ດີໆ,1,1,1,0.930772
ຢາກໄດ້facebookໂຕເກົ່າຄືນຖືກບ໋ອກມາເປັນປີແລ້ວ,1,1,1,0.676557
ຄັກແທ້ເດີ້,1,1,1,0.833635
ແກ່ໄຂດ່ວນເດີໄລສົດບໍ່ມີແອັບເຟັກ,0,0,0,0.809575
ທັນໄຈວອງໄວ້,1,1,1,0.924177
ດີນ່ະຖ້າເຟສຢາກແທັກຫາໃຜກະໄດ້ທຸກຄັ້ງ,1,1,1,0.747732
ຮຈສຸ່້ຍນຮີູ່ຍຂສາລງສາ,1,1,1,0.852314
app ດີ,1,1,1,0.844275
ໄປຝາກເຄື່ອງນໍາຊ່ວງນີ້ຄືບໍ່ເຫັນແຈ້ງບິນບໍ່ຮູ້ວ່າເປັນນໍາລະບົບຫຼືເປັນນໍາພະນັກງານບໍລິການ ຊ່ວຍແກ້ໄຂໃຫ້ແດ່ ແຕ່ມື້ນີ້ໄປຝາກເຄື່ອງຫຼາຍລາຍການບໍ່ສາມາດນັ່ງຖ້າເອົາບິນໄດ້,0,0,0,0.911001
ສຸດຍອດກັບຍອດສຸດ.ດີມາກຄັບ,1,1,1,0.968273
ເບິ່ງຂໍ້ມູນດາຕ້າ ບໍ່ໄດ້ ເກີດອາການຄ້າງ ເມືອເຮົາເຂົ້າແອັບ ແລະ ບໍ່ມີບ່ອນເຂົ້າຕິດຕໍ່ຫາພະນັກງານຄືເມື່ອກ່ອນ.,0,0,0,0.941717
ເຫຼັກຄໍາ,1,1,1,0.859922
ນກິບຊາ,1,1,1,0.834795
ໄດ້ຮັບຜົນລົບຈາດສິ່ງອ້ອມຂ້າງ,1,1,1,0.772174
ດີແຕ່ຕອ້ງເພີ່ມຫນ້າຫຼັກຕື່ມ,1,1,1,0.787803
ຕ້ອງການໃຊ້ເຟດ,1,1,1,0.939501
ຮູ້ສຶກມີແຮງບັນດານໃຈ,1,1,1,0.857168
ໂລດ,1,1,1,0.687189
ແອບນີ້ສະດວກສະບາຍ,1,1,1,0.974944
ດ່ຍຍ້ກິ່ກປກ,1,1,1,0.841686
ສະດວກສະບາຍໃນການໂອນເງິນ,1,1,1,0.929152
ຕອ້ຍ,1,1,1,0.887939
ເປັນແຄ່ຄົນທໍາມະດາ.,1,1,1,0.853976
ແກ້ວ ສີປະເສິດ,1,1,1,0.885324
ງ່າຍສະດວກສະບາຍ,1,1,1,0.992441
ສັນຍານດີຫລາຍ,1,1,1,0.970672
ຍາກລົງທຸນ,1,1,0,0.550879
ຄິບວີດີໂອ,1,1,1,0.686089
ໃຊ້ງານງ່າຍ ສະດວກສະບາຍ ທັນໃຈ,1,1,1,0.989117
ກາດ,1,1,1,0.859525
ຮ້ກຫາຍ,1,1,1,0.82718
ໄຊ້ລືນດີ,1,1,1,0.929687
ເບີງຂ້າວສານ,1,1,1,0.879307
ຮົ້ວດາ,1,1,1,0.872622
ສະດວກວ່ອງໄວ້ທັນໃຈ,1,1,1,0.969055
ດີມາກເລີຍຄຮັບ,1,1,1,0.933185
ສະບາຍດີ ຂ້າພະເຈົ້າ ຊື່ວ່າ ທ້າວ ສິດທິກອນ ລະຄອນຄໍາ ອາໄສຢູ່ ສປປລາວ ຈ້າ,1,1,1,0.930745
ແອ້ບ,1,1,1,0.876579
ດາກວພດນຮດໄມະາິຶນດທ,1,1,1,0.799081
ຊອບນະ,1,1,1,0.887515
ອັບແດດບໍໄດ້,0,0,0,0.834222
ດີເລີ້ດ,1,1,1,0.85871
ໃຊ້ງານໄດ້ດີມາກໆ,1,1,1,0.973159
ດີດີໆໆ,1,1,1,0.946519
ໃຊ້ເບີມາ5 6ປີລະ,1,1,1,0.854066
ຢາກເຂົ້ສົ້ມສ້ຽນ,1,1,0,0.510544
ຕອ້ງການໃຊ້,1,1,1,0.930033
ເດັ່ງອອກເອງຕະຫລອດ,0,0,0,0.8681
ດີຫຼາຍສຸດຍອດ,1,1,1,0.98736
ຂໍລະຫັດແນໄດບໍເຈ້າ,1,1,1,0.685101
ເຂົ້າບໍ່ເບິງໄດ້ແກ້ໄຂໃຫ້ແດ່,1,1,0,0.941734
ກະດີຢູ່ແຕ່ໂຫຼດຍາກເກີນ,1,1,0,0.602057
ໃຊ້ໄດ້ປະໂຫຍດ,1,1,1,0.915885
ຫຼອກລວງປະຊາຊົນ ຕັດເງີນໄປລ້າໆ,0,0,1,0.625356
ຕິດຕໍ່ພະນັກງານຍາກ ກົດປຸ່ມຕິດຕໍ່ເດັ້ງອອກທຸກຮອບ,0,0,0,0.712586
ຍົງ,1,1,1,0.837514
ເສຍດາຍຊື້ຜ່ານທະນາຄານພັດທະນາລາວບໍ່ໄດ້,0,0,0,0.640737
ທ ຫງໍ ຝວວຶ 9 ຮ ມຝ,1,1,1,0.836975
ມັກແອບນີ້ທີ່ສຸດ,1,1,1,0.903377
ສະຫມັກເນັດຍາກ,0,0,0,0.705413
ດີມາກຽ,1,1,1,0.984819
ດາວໂຫລດແອັບບໍ່ໄດ້,0,0,0,0.982924
ທອງໄຊ,1,1,1,0.909643
ຄວາມຈໍາເຕັນ,1,1,1,0.815763
ຮັກແລະຄິດເຖິງ,1,1,1,0.931299
ດີອີ່ຫຼີ,1,1,1,0.85174
ດີຄຮັບ,1,1,1,0.870554
ໂຄດຊ້າ ຊ້າສິບຫາຍເປັນຊັ່ວໂມງ,0,0,0,0.75697
ອ້ວນ ຮັກແຟນ,1,1,1,0.915929
ເບິ່ງວີດີໂອກະຊ້າຫມຸນເອົາເນັດກະບໍໄດ້ຈັກເປັນຫຍັງ,0,0,0,0.973933
ຍິນດີໃຊ້ແອບນີ້ດີສໍາລັບທຸກຄົນຂອບໃຈ,1,1,1,0.97525
ບັງຂັບລໍາຄານເບື່ອ,0,0,0,0.592902
ແອບໂຄດກາກລົງທະບຽນບໍ່ໄດ້,0,0,0,0.992845
ສະບາຍດີຫລີ້ນເຟດນີ້,1,1,1,0.965312
ຫີນດີ,1,1,1,0.93256
ຮາຮາຮາ,1,1,1,0.853732
ໃຊ້ດີແຮ່ງແຕ່ຢາກໃຫ້ປັດຄຸນນະພາບຂອງເນັດເພາະເຂົ້າຍາກແຮງ,1,1,1,0.573232
ອີຫຍັງຫວະ ອັບເດດທຸກມື້ສັສສສ,0,0,0,0.740738
ພາບລວ່ມ,1,1,1,0.843175
ແຊັບທັນໃຈ ສັ່ງເລຍ,1,1,1,0.851501
ເຂົາຄືນານຕອບແທ້,1,1,1,0.6227
ຢາກໄຫ້ກູ້ຂໍ້ມູນຄືນໄດ້,1,1,1,0.801791
ຫມຸນບໍໄດ,0,0,0,0.83239
ດີຫຼາຍເຈົ້າ ຢາກໃຫ້ພັດທະນາໄປເລື້ອຍໆ,1,1,1,0.947546
ຫວ່າຍແຕກຂະນາດປົດລອກໂຕໃດກະບໍ່ໄດ້,0,0,0,0.927125
ແອັບຄືຕິດຕັ້ງບໍ່ໄດ້ຄ່ວນພິຈາລະນາເພີ່ມເຕີ່ມໃຫ້ແດ່,0,0,0,0.796052
ລີນສວງນີບໍຄອຍດີເລີຍ,1,1,1,0.804656
very goog ດີຫຼາຍ,1,1,1,0.966165
ເຟສເປັນຫ້າຫຍັງກໍາລັງຫວານກັບເດຟນຢູ່ໆລະຫາຍ,0,0,1,0.528929
ປັບປຸງການສົ່ງລະຫັດຜ່ານແດ່ເດີທ່ານເຮີຍ,0,0,0,0.696225
ທຸກຢ່າງດີຫມົດແຕ່ຍາມໂອນເງິນແລ້ວລະມັນມັກເດັ່ງນະແກ້ໄຂແຕ່ເດີ,1,1,0,0.671587
ແອນດອຍ12ລະຍັງບໍ່ມີເພງໃຫ້ລົງສະຕຣໍຣີ່ເສີຍ,0,0,0,0.739844
ຈີບສາວ,1,1,1,0.867633
ດີຕິດຕ່ກັນງ່າຍ,1,1,1,0.916318
ຈັນດີມີສິດຊ່າງວິໄລ,1,1,1,0.937588
ປ່າເຍ່ຍ,1,1,1,0.813687
ໂຄສະນາຫລາຍເກີນ ແກ້ໄຂໃຫ້ແນ່ລະຊິໃຫ້ດາວເພີມ,0,0,0,0.907952
ມ໋ອງ,1,1,1,0.801974
ລາຄາຖືກມີໂປຣຫຼາຍ,1,1,1,0.797412
ໂດຍລວມດີ ແຕ່ຖ້າສົ່ງບໍ່ທັນຊ້າ ຢາກໃຫ້ແຈ້ງໄວ້ກວ່ານີ້,1,1,0,0.511453
ແອບດີຫລາຍຊື້ເລກສະບາຍ ຝາກເລກແນະນໍາອີ້ກຄົນແດ່70687200,1,1,1,0.918982
ບົດ,1,1,1,0.856151
ໄມ້ຍີງ,1,1,1,0.773039
ແອບສົ້ນຕີນແກ້ໄຂດ່ວນກົດເບີໃສ່ແລ້ວບໍ່ເຂົ້າບໍ່ມີບ່ອນປ້ອນລະຫັດ,0,0,0,0.990805
ເຮັດໄຫ້ນ້ອງຫິລໄດແດ່,1,1,1,0.813937
ກາກໂພດໂຫຼດແລ້ວຕິດຕັ້ງບໍ່ໄດ້,0,0,0,0.965725
ບັກຄໍາຜານ,1,1,1,0.874519
ລອງເບີ່ງກ່ອນຄັ່ນໄຊ້ດີຈະເພີ່ມເຕັມ5,1,1,1,0.879733
ຮັກເດີ້,1,1,1,0.877191
ສະດວກໃນການສື່ສານ,1,1,1,0.965845
ໄຫ້2ໄປກອນຊວງນີ້ລີນສາເກີນແຕ່ກີລີນສະບາຍງາຍດຽວນີ້ລີນຍາກປັບປຸງໄຫ້ມັນຄືແຕ່ກິໄວໄວແດ່,0,0,0,0.697502
appດີບໍ່ມີໃນລາວ,0,0,1,0.549492
ໃຊ້idຄົ້ນຫາເບີ່ງວ່າເຄື່ອງຮອດໃສບໍ່ເຄີຍໄດ້ ຄວນປັບປຸງ,0,0,0,0.821997
ກະແຮ່ເງາົ ສຸນວິໄລ,1,1,1,0.850785
ສະດວກດີຫຼາຍ,1,1,1,0.990415
ຢູ່ກັບປະຈຸບັນ,1,1,1,0.776844
"ກໍາລັງເບິ່ງຮູບໃນການພັດທະນາຂອງຈີນ,",1,1,1,0.842322
ດີມາກຕິດຕໍ່ໂທສະດວກດີ,1,1,1,0.968428
ລະຫັດສົງມາຊ້າເກີນສະຫລຸບໃຫ້ລໍຖ້າຈັກນາທີ,0,0,0,0.710614
ອັບໂຄດພໍ່ໂຄດແມ່ມືງຫຍັງທຸກມື້ອັບໄຜຊື້ໂລງໃຫ້ໍາໍ່ມືງຫວາ,0,0,0,0.762259
ໂຄດຫວຍແຕກ ຍຶດສັນຍານບໍ່ມີ ທັ້ງທີ່ຫລີ້ນຫຍັງກະໄດ້ເບິດ ລ່າສຸດບັງຄັບໃຫ້ເປີດແຕ່ທີ່ຕັ້ງ ຈັກສິໃຫ້ເປີດຫາສະແຕກຫຍັງກະບໍ່ຮູ້,0,0,0,0.921351
ຊື້ຫວຍບໍໄດ້ມີແຕ່ກວດຜົນຫວຍເທົ່ານັ້ນ ໃຜຊື້ເລກໄດ້ແນະນໍາໃຫ້ແດ່,0,0,0,0.691079
ຢຽມເລີຍ,1,1,1,0.842836
ດີມາກຄ່ະ,1,1,1,0.940365
ແກະຖ່າຍຮູບກະບໍ່ແຈ້ງຈັກຮູບແອັບນີ້ ຖ່າຍຮູບໄປບັກຫລໍໆ ບໍ່ຮັບຫລັກ2ສະແກະ,0,0,0,0.784479
ຕົກລົງ,1,1,1,0.737493
ເປັນແອັບທີ່ດີຂອງຄົນລາວ,1,1,1,0.88331
ເສຍແຕ່ມີໂຄສະຫນາຫຼາຍເກີນ,1,1,1,0.509596
ຢາກຕັ້ງ,1,1,1,0.752795
ດີ ມີການພັດທະນາທັນສະໄຫມ,1,1,1,0.851393
ລີ້ນດີມາກເພິ່ນໄປດ້ວຍ,1,1,1,0.932367
ຍອດຍ້ອມ,1,1,1,0.894757
p lnin xovsay ໃຫ້ຄະແນນແອ້ບນຶ້,1,1,1,0.833394
ຖ້າເລືອໄດ້ຂ້ອຍຈະເລືອເອົາແຕ່ຄວາມສຸກບໍ່ເລືອເອົາຄວາມທຸກແລ້ວຕິດຄຸກມັນທຸກສຸດສຸດໃຈ,1,1,1,0.709496
ຖ້າສັ່ນລຸ້ນໂຊກໄດ້ກະຄົງຊິດີ,1,1,1,0.713984
ໃຫ້ແລ້ວ,1,1,1,0.647551
ເປັນຫຍັງຂ້ອຍດາວໂຫລອດບໍໄດ້ແອັບນີ້ແລ້ວ,0,0,0,0.91004
ໄດ້ເນັດດີ,1,1,1,0.704982
ດິມາກກ,1,1,1,0.883565
ອັບເດດລະບໍ່ເຫັນໄດ້ດາຕ້າ,0,0,0,0.941004
ເວີຊັນໃຫມ່,1,1,1,0.60285
ແອບເປັນໃດວະໂຫດມາເຂົ້າບໍໄດ້ລະວ່າເປັນພາບເກົາຢູ່,0,0,0,0.875947
ເປັນຫຍັງເບິ່ງໂທລະພາບບໍ່ໄດ້ແລ້ວ,0,0,0,0.916762
ສຸດຍອດອີຫຼີ່,1,1,1,0.967037
ຢາກໄ,1,1,1,0.898789
ການໃຊ້ທີ່ຜ້ານມາແມ່ນຄວາມສະດວກວ່ອງໄວທັນໃຈຫຼາຍ,1,1,1,0.964184
ມັກ ເຮັດໃຫ້ຂ້ອຍມີແຟນໄດ້ຫຼາຍຄົນ,1,1,1,0.880302
ຄວນມີການລ໊ອກອິນເຂົ້າບັນຊີເກົ່າໃຫ້ໄດ້ແນ່ອະນິລ໊ອກອິນເຂົ້າໃຫນ່ກະເປັນບັນຊີໃຫນ່ເລີຍຄວນປັບປຸງເລື່ອງນີ້ແນ່ ໃນຖານະເຮົາເປັນຜູ້ໃຊ້ງານຢາກເຂົ້າບັນຊີເກົ່າກະເຂົ້າບໍ່ໄດ້ເຂົ້າໃຫນ່ກະເປັນບັນຊີໃຫນ່ເລີຍແບບນີຄວນປັບປຸງເລື່ອງນີ້,0,0,0,0.930795
ໄຊ້ດີມາກນະ,1,1,1,0.985521
ຫາກະໂຫລດແລ້ວຍັງໃຫ້ອັບເດດ ອັບເດດແລ້ວມາມື້ໃຫມ່ໃຫ້ອັບເດດອີກ?,0,0,0,0.902254
ເຂົ້າແອັບໂຄດຍາກສັນຍານບັກຫລາຍໆກະຍັງເຂົ້າຍາກສີໂອນເງິນກະເປັນຊົ່ວໂມງ ຝາກປັບປຸ່ງໃຫ້ແດ່ເດີ,0,0,0,0.979759
ສາຍເປ,1,1,1,0.850132
ລິຈຄູໄຄຕຂ,1,1,1,0.837514
ມີຄວາມຕ້ອງການ,1,1,1,0.939215
ເປັນຄົນຊື່ສັດ,1,1,1,0.843738
ປະສົບການທາງດ້ານການເຮັດວຽກຢູ່ຮ້ານອາຫານ,1,1,1,0.834307
ດີຫຼາຍໃຊ້ໄດ້ທຸກທຸລະກິດ,1,1,1,0.964222
ແກ້ໄຂແນ່ເດີ້ ບາງຄັ້ງບາງທີເຂົ້າແອັບບໍ່ໄດ້ ຊ້າໂຄດໆ ແກ້ໄຂແນ່,0,0,0,0.98995
ອັບເດດແລ້ວຊ້າກວ່າເກົ່າຈົນເຂົ້າຫຍັງບໍໄດ້,0,0,0,0.989736
ໂຫລດ4ເທື່ອລະເຂົ້າແອັບບໍ່ໄດ້,0,0,0,0.993499
ບໍ່ມັກມັນຫຼາຍຂັ້ນຕອນໂພດແຕ່ກະໃຊ້ດີ,1,1,1,0.520896
ຂານາ,1,1,1,0.873938
ແອັບບໍ່ດີປານໃດເດີ ຊ່ວຍປັບປຸງໃຫ້ຜູ້ບ່າວຕອບແຊັດແນ່,0,0,0,0.847003
ຍາກປິດກ້ານຫລາຍ,1,1,1,0.576618
ໄຊ້ງານດີແລະສະດວກຫລາຍ,1,1,1,0.977555
ດີຢູ່ແຕ່ຖ້າເລ່ນເກມແລ້ວໃຫ້ເງິນດາຕ້າແຕ່ລະມື້ຄືຊິດີກ່ວານີ້,1,1,1,0.680559
okມາກມາກສຸດສຸດ,1,1,1,0.855293
ເຮີບໍ່ຊ່າງເວົ້າ,1,1,1,0.704454
ໃຊ້ໄດ້,1,1,1,0.939998
ແຕ່ລະມື້ເຂົ້າໄດ້ແຕ່ມື້ນີ້ວັນທີ28 11 2024ເປັນຫຍັງຄືເຂົ້າແອັບບໍ່ໄດ້,0,0,0,0.971912
ການດາວໂຫລດຄືຊາແທ້,1,1,1,0.628282
ຂໍເຟດບຸກແດ່ອາຈານເຮັດບໍເປັນພໍ່ກໍແບ່ງໃຊ້ເປັນຮູບຫຍັງແດ່ເປັນພໍ່ເຮັດບໍ່ເປັນ,0,0,0,0.668092
ເບື່ອຄົນລາວແຕລິວິວເປັນພາສາໄທ,1,1,1,0.793566
ຂອງຂ້ອຍມັນເຂົ້າບບ່ໄດ້ ໂຫລດດົນໂພດ ເຂົ້າບໍາໄດ້ເລີຍ ແກ້ໄຂດ່ວນໆໆ,0,0,0,0.929285
ໃສທຸກມື້,1,1,1,0.788074
ໃຊ້ດີ ແຖມມີຈິດຈະກໍາໃຫ້ຫລິ້ນ,1,1,1,0.914356
ຈຕະຂນນຈີມດຂນູາ,1,1,1,0.841242
ນະພາ ກີ້ກີ້,1,1,1,0.793134
ຫນີ ພົງສະຫວັນ,1,1,1,0.867056
ແອປຍັງໃສລະຫັດສວນຕົວກະບໍ່ໃດ້ ແລະ ຄັນສິໃສລະຫັດແອປ ບໍເຫັນເຈົ້າຂອງແອປ.ສົ່ງໄຫ່ ຄວນປັບປຸງແນ່ເດີແອບນີ້,0,0,0,0.919301
ຢາກມິເພື່ອນ,1,1,1,0.802904
ປ່າຮົ່ວ,1,1,1,0.837793
ໃສ້ໄປກ່ອນ,1,1,1,0.501085
ດີອອກ,1,1,1,0.729666
ແອັດບ້າບໍ່ໄດ້ເງີນ,0,0,0,0.923364
ກາພໍໃສ່ໄດ້,1,1,1,0.742852
ແອບນີ້ສຸດຍອດເລີຍ,1,1,1,0.925073
ລົງທະບຽນໃສ່ເບີແລ້ວທຸກຢ່າງຫມົດລໍຖ້າອານຸມັດຈົນ2ມື້ລະຍັງບໍໄດ້ອານະມັດປານນີ້ອອກປຸບຊິມາເບີ່ງໃສ່ລະຫັດໃຫມ່ເບີລະຫັດກາຕົງກັນກາຍັງບໍໄດ້ປັບປຸງແນ່ເດີ,0,0,0,0.972219
ຄືລົງທະບຽນຍາກແທ້ຊອກຫາແຕ່ລະຫັດອາງອິງ,0,0,0,0.853684
ລົກໂອະ,1,1,1,0.84961
ເນັດບໍ່ເຄີຍອອກຖືກແຕ່ຟັງເພລງ,0,0,0,0.741168
v ນັກທຸລະກິດ,1,1,1,0.808175
ເປັນຫຍັງມື້ນີ້ຄືອີ້ນຊ້າຜິດປົກກະຕິ,0,0,0,0.860179
ແກ້ໄຂໄດ້ແລ້ວ ຂອບໃຈຫຼາຍໆ,1,1,1,0.743721
ໃສ່ດີມາກເລີຍແອັບນິ້,1,1,1,0.882707
ທີ່ຊື່ຈ.ຈ.,1,1,1,0.833116
ດີແຕ່ປັບປຸກການໃສ່ຮູບໂປຟາຍ,1,1,1,0.731625
ການເຂົ້າແລະລ໊ອນອີນເຂົ້າໃຊ້ ຄວນປັບປຸງຫຼາຍ,0,0,0,0.781408
ປັບປຸງຂື້ນເຕີມອີກແອບໃສງານບໍ່ດີແນະນໍາຍາໂຫລດໃສເລີຍ,0,0,0,0.843307
ແມ້,1,1,1,0.834883
ເປັນແອັບທີ່ບໍໄດ້ເດີຖ່າຍຮູບໄປແລ້ວຂຽນມາວ່າ ການຂື້ນທະບຽນເລກຫມາຍໂທບໍ່ໄດ້ຮັບອະນຸມັດ ຍ້ອນຖ່າຍຮູບເອງກະສານບໍຖືກຕ້ອງຂ້ອຍຖ່າຍໄປ4ເທື່ອແລ້ວແຕ່ມັນຫຍັງວ່າແບບເກົ່າຂ້ອຍຈົນບໍຈັກຊິໄປເລີຍບາດນີ້,0,0,0,0.946214
ອັບເດດບໍ່ໄດ້ກະລຸນນາຊ່ວຍແກ້ໄຂການອັບເດດ,0,0,0,0.962828
ມັກທີສູດ,1,1,1,0.897805
ດີຫັຼາຍ,1,1,1,0.949266
ດີໃຊ້ດີເວລາບໍ່ມີເນັດກະເຮັດກິດຈະກໍາເອົາ,1,1,1,0.544107
ຂໍໂຊກໃນ,1,1,1,0.886938
ປົງໃຈທີ່ສຸດມີ,1,1,1,0.942304
bugຫລາຍ,0,0,1,0.905415
ບັງເອີນມີຫົວໃຈ,1,1,1,0.749552
ຂອ້ຍເດີ່,1,1,1,0.889572
ແກ້ໄຂແດ່ຫມຸນວົງຫລໍບໍ່ໄດ້,0,0,0,0.938068
ອັບແດດທຸກຄັງແທນທີ່ຈະອັບແດດໃຫ້ດີຂຶ້ນແຕ່ກົງກັນຂ້າມແອັບນີ້ອັບແດດໃຫ້ກາກລົງເລື້ອຍໆ.ທຸກຄັງທີອັບແດດ,0,0,1,0.58969
ທັກໄດ້ບໍ່ຄຸຍດອກ,1,1,1,0.543614
ດາວໂຫລດມາແລ້ວເປີດແອັປຄືບໍ່ໄດ້,0,0,0,0.953997
ເອັບຍັງຊ້າຫຼາຍ ພັດທະນາຕື່ມແນ່,0,0,0,0.568495
ມ່ວນຢູ່,1,1,1,0.851788
ດີຫລາຍດີອ້ນດັບ1,1,1,1,0.97124
ຄູນສາມີ,1,1,1,0.853705
ວັນ,1,1,1,0.884768
ສຸດຢອດເລີຍແອບນິ,1,1,1,0.86835
ດີໃຈນໍາແດ່,1,1,1,0.895491
ຝາກຕິດຕາມເດີ,1,1,1,0.870327
ໄດ້ແລ້ວຕິນິເຫັນສົ່ງລະຫັດມາ,1,1,0,0.834083
ເດ ເດ,1,1,1,0.801446
ບໍ່ມີປະໂຫຍດຫຍັງເລີຍລະຫັດກະບໍ່ສົ່ງ.ລ່າຊ້າເກີນໂພດ ລົງທະບຽນນໍາຮ້ານຂາຍຊີມກະມາໃຊ້ບໍ່ໄດ້ຄຶເກົ່າ ກະລຸນາພັດທະນາໃຫ້ມັນທັນສະໃຫມກ່ວານີ້ແດ່,0,0,0,0.990813
ດາວລົດບໍ່ໄດ້,0,0,0,0.966571
ລົງທະບຽນມາເປັນຊັ່ວໂມງກໍບໍ່ໄດ້ຈັກທັງທີກະເຮັດຕາມ ວີທີບອກແຕ່ກະບໍ່ໄດ້ ຄວນແກ້ໄຂ ປັບປຸງແນ່ເດີມັນເສຍເວລາຂອງຂ້ອຍຫຼາຍ,0,0,0,0.984909
ດີທີສຸດຈ້າ,1,1,1,0.95757
ຢາກເປີດນໍາໄຊ້ເລກບັນໃນອີເມວນີໃດ້ບໍ່ຈ້າວ,1,1,1,0.714034
ໂຫລດແອັບມາຄືເຂົ້າບໍ່ໄດ້ກົດຫຍັງກະເດັ້ງອອກຄືນພວມໂຫລດມາກະຊິເປັນແນວນີ້ບໍ ແກ້ໄຂໃຫ້ແນ່ເດີ,0,0,0,0.996197
ໂຄດດີເລີຍຍຍ,1,1,1,0.815798
ແກ້ໄຂແດ່ເດີໂອນເງິນອອກລະເງິນອອກຈາກບັນຊີໄປຫມົດແລ້ວແຕ່ເງິນບໍ່ເຂົ້າບັນຊີທີ່ໂອນໄປແກ້ໃຫ້ແດ່ເດີ,0,0,0,0.965467
ໂລເລດໂລ,1,1,1,0.843078
ຊວ່ຍເລືອລາຍກ່ານໂທທາງວອ້ດແອ້ບ,1,1,1,0.843835
ໄຊດີຫລາຍ,1,1,1,0.980826
ອັບເດດແລ້ວເຂົ້າລະບົບບໍ່ໄດ້ລະຫັດບໍ່ຖືກຕະຫຼອດມັນສິເອົາຈະໃດລະຫັດຈືໂຄດງາຍບໍ່ວ່າສິລືມ1ແປດໂຕນະ,0,0,0,0.993965
ແອັບມີບັນຫາເດີເຮັດພາລະກິດແລ້ວບໍ່ໄດ້ຮັບດ້າຕ້າ,0,0,0,0.937584
ແກ້ໄຂແຊັດເຮານ້ອຍ,0,0,0,0.552129
ສິຫມັກບໍ່ໄດ້,0,0,0,0.920692
ໂລດວອດແອບ,1,1,1,0.813511
ກູ້ຄືນ,1,1,1,0.86581
ຢ່າລືມພິມເລກຜູ້ແນະນໍາໃສ່ແນ່ເດີ 23059820 ຂອບໃຈທີ່ພິມເລກຜູ້ແນະນໍາໃສ່,1,1,1,0.883372
ແອັບຫ່າຫຍັງເຂົ້າກະບໍ່ໄດ້ນ່າເບື່ອ,0,0,0,0.98874
ສະນຸກໃຫ້ຄວາມບັນເທິງ,1,1,1,0.860893
ຊີວ,1,1,1,0.89856
ຫລີ້ນສະນຸກ,1,1,1,0.88987
ໃຫ້ເຮົາແຊັດເທີນ,1,1,1,0.83172
ເຄນຄານສີໄລ,1,1,1,0.848835
ຢາກໃຊ້ແອບນີ້,1,1,1,0.83222
ປັບປຸງແກ້ໄຂແນ່ເດີເວລາຊິເຕີມບັດເຮົາຢາກສະແກນກະສະແກນບໍ່ໄດ້ຈ້ໍາເຂົ້າລະມືດຢູ່ບໍ່ເຫັນອີສັງຄັນຊິກາກປານນີ້ຈັກເຮັດມາເພື່ອຫຍັງ,0,0,0,0.989161
ບໍລິການດີວ່ອງໄວ,1,1,1,0.958898
ບຸນສົມີໄຊ້,1,1,1,0.887478
ໂຫລດfacebookໄມ່ໄດ້,1,1,1,0.716551
ເຕີມເງີນຜ່ານແອບບໍ່ໄດ້ ປັບປຸງແນ່,0,0,0,0.978933
ຄົງຈະໃຊ້ດີ,1,1,1,0.942375
ແອັບໂຄດພໍໂຄດແມມຶງ ປັບແບບຄືເກົາກະດີຢູແລ້ວພາກມຶງຫາກິນສີ້ນ,0,0,0,0.671106
ຂໍເບີດfacboobຂ້ອຍແດາ,1,1,1,0.875235
ຮັບ,1,1,1,0.786068
ໃສ່ດີລາຍ,1,1,1,0.928479
ສະດວກດີຂໍຂອບໃຈ,1,1,1,0.97747
ໄດ້ເນັດນ້ອຍ,1,1,1,0.645975
ກາກເຂົ້າກິນບໍ່ໄດ້,0,0,0,0.991311
ດີ ແຕ່ບໍ່ມີຊ່ອວງເບິ່ງຫນັງ,1,1,1,0.535357
ຈໍາຊາ,1,1,1,0.833842
ສົ່ງຫາຜູ້ສາວກະບໍ່ຕອບແອັບນິ,0,0,0,0.7436
ນ ວຽງສະໃຫ່ມ ພົງອຸດົມ,1,1,1,0.854498
ໄດຮູ້ປະສົດການ,1,1,1,0.889164
ແອບມັກຍາກ,0,0,0,0.511087
ໄດ້ກ້ານແລ້ວເປ່,1,1,1,0.533711
ດີຫລ້າຍ,1,1,1,0.935549
ມັນຄືເດັ້ງອອກຕະຫຼອດ,0,0,0,0.903187
ແອັບນີ້ດີ ໃຊ້ງ່າຍ,1,1,1,0.954137
ແອບນີ້ມູ່ນຈັກເທືອກະບໍ່ໄດ້,0,0,0,0.934603
ຊິວີດຄົນໄກບ້ານ,1,1,1,0.835051
ສະດຸດ,1,1,1,0.876659
ເງິນໂອນ,1,1,1,0.659295
ໃຊ້ດີຂອບໃຈຫຼາຍໆ,1,1,1,0.982095
ເປັນຫັຍງຄຶດາວໂດດບໍ່ໄດ້ໃຜຮູ້ບອກແດ່,0,0,0,0.832876
ດີຫຼລາຍ,1,1,1,0.944944
ມັນສະດວກເວລາເຮ່າບໍມີເນັດກໍສາມາດແຊດຍາມສຸກເສີນໃດ້ ດີລາຍຂ້ອຍມັກແອບດີໆແບບນີ້,1,1,1,0.859886
ຂໍໄຫ້ໄດ້ເດີ 4 5 2020,1,1,1,0.882737
ໂດຍຍ,1,1,1,0.906324
ບໍ່ຕ້ອງໃຊ້ເດີ້ app ນີ້ບໍ່ດີອັບເດດຕະຫລອດບໍ່ປອດໄພເດີ້ກາກຫລາຍ,0,0,0,0.954197
ດີພໍໃຊ້,1,1,1,0.88342
ຈັກແນວໃດ ມັນບໍ່ຄືເວີຊັ່ນເກົ່າເລີຍ ເວີຊັ່ນໃຫມ່ແຮງກາກ ຈັກອີຫຍັງຕໍ່ຍັງ,0,0,0,0.89978
ແຢ່ສຸດໆເສັຍເວລາລ່າໆຄິດຈະເຮັດກະເຮັດໃຫ້ມັນດີໆແດໃຫ້ມັນໄຊ່ງາຍໆເມາະກັບຄົນທຸກໄວແດ,0,0,1,0.701666
ແອັບຂີ້ເຫຍື້ອ ແອັບອີຫຍັງຄືກາກແທ້ ກູລະລອ໋ຍນໍາຄົນຜະລິດ ຍອ້ນແນວນີ້ປະເທດລາວຈັ່ງບໍ່ຈະເລີນ,0,0,0,0.785458
ສະດວກສະບາຍ ປະຫຍັດເວລາ,1,1,1,0.947228
ດີຫຼາຍຈະ,1,1,1,0.976621
ດີມາກດີອະຫລີນເດີເຈົ້າ,1,1,1,0.932735
ນອ້ງແກ້ວຄົນເອົາແຕໃຈ,1,1,1,0.787417
ແອບກາກສະມັກກະບໍ່ໄດ້ໃສ່ວັນເດືອນປີເກີດຖືກແລ້ວກະບໍ່ໄດ້ແອບໂຄດບໍ່ມີຄຸນນະພາບບບແອບກາກໆ,0,0,0,0.98472
ແຊັດຫາ,1,1,1,0.803804
ໃຊ້ມີປະໂຫຍດຫລາຍໃຊ້ບໍ່ທັນປົກກະຕິ,1,1,1,0.777603
ຄົນທົ່ວໂລກຫີ້ລນແອັບນີ້ສຸດເຈັງ,1,1,1,0.863114
ບໍ່ໄດ້ເນ້ດ,0,0,0,0.9825
ໃຫ້ໄດ,1,1,1,0.862099
ຄືບໍ່ສົ່ງລະຫັດ otp ມາ,0,0,0,0.893995
ໄຊ້ງ່ານດີຄື້ນ ນເ,1,1,1,0.937483
ຫນີໄປແອັພຕັ້ງຍາກເຂົ້າຍາກ,0,0,0,0.917309
ໃຊ້ປະຈໍາ.ດີໆ,1,1,1,0.887262
ປ່ຽນຊື່ຊະ ແອັບຊ້າກາກໂພດ,0,0,0,0.842929
ແອັບໂຄດຄວາຍເລີຍ ໃຊອີຫຍັງບໍໃດ້ເລີຍ,0,0,0,0.897294
ສົ່ງເອບບໍ່ໄດ້ຊວ່ຍແກ້ໃຫ້ຫນອ່ຍຈາ,0,0,0,0.819656
ຕິດຕັງແອບໃຮແດ,1,1,1,0.752158
ສຸດຍອດປາຍພ້າວເລີຍຍົກນິ້ວໃຫ້,1,1,1,0.919353
ເຂົ້າແອັບກະຍາກໆໃສ່ລະຫັດລະວ່າແຕ່ບໍ່ຖືກງົງໄປທະນາຄານກະຈົນອາຍຄວນປັບປຸງ,0,0,0,0.977279
ດີຫລາຍສັ່ງກໍສະດວກ,1,1,1,0.958364
ສໍາລັບຂ້ອຍໃຊ້ດີຫລາຍມີຄວາມເປັນສ່ວນຕົວດີ,1,1,1,0.978581
ຢາກຮູ້ວ່າເປັນຫຍັງຍາມດາວໂຫລດ ມັນໂຫລດບໍ່ໄດ້ຈຮາ,0,0,0,0.94259
ສະນຸກຫຼາຍ,1,1,1,0.920327
ບໍ່ເຄີຍມີໂທລະສັບ,1,1,1,0.554645
ຊອບຫລິ້ນຕອນດີດ,1,1,1,0.833905
ທ້າວຄໍາສູງມີພາມາ,1,1,1,0.903717
ຕອນນີ້ໂທອອກບໍ່ໄດ້ເປັນຍ້ອນຫຍັງນໍຂໍວິທີແກ້ໄຂດ່ວນ,1,1,0,0.962598
ຂັນທອງ,1,1,1,0.880511
ເກມຊ້າງກະໂດດເອົາອອກເພື່ອ,0,0,0,0.605143
ເຂົ້າໄປລົງທະບຽງກະບໍ່ໄດ້ເອົາໄປ1ດາວພໍ,0,0,0,0.97719
ມັກົດຫຼາຍສໍາລັບແອບນີ້,1,1,1,0.904767
ໃຊ້ມີປະສິດທິຜົນຫຼາຍ,1,1,1,0.905586
ປ ອຮື້,1,1,1,0.832151
ອາຫານແຊບສະອາດ,1,1,1,0.796187
ເຈົ້າຊ່ວຍຂ້ອຍໄດ້ໃນສະເພາະຕ້ອນຂ້ອຍຢາກລິ້ນເກມ,1,1,1,0.854316
ຖ້າແອບສາມາດຊື້ຮູ້ນຕາ່ງປະເທດຫືຼກອງທຶນຕາ່ງປະເທດໄດ້ມັນຈະເປັນແອບຫນຶ່ງດຽວໃນລາວນີ້ມີຜູ້ໃຊ້ຫາຼຍສຸດໃນລາວແລະເປັນແອບອັນດັບຫນຶ່ງເລີຍ,1,1,1,0.644693
ນໍາພຈພຮພ,1,1,1,0.883915
ໂຫລດມາແລ້ວ ຄືເຂ້າໄປໃນໂຕແອບບໍ່ໄດ້ ກະລຸນາແກ້ໄຂແນ່ເດີ,0,0,0,0.974141
ຄືແບບວ່າ ພານັກງານນະ ຕອບແຊັດຊ້າໆຊິລົບບັນຊີກະລົບບໍ່ໄດ້ ຊິປ່ຽນຊື່ກະປ່ຽນບໍ່ໄດ້ ຄືຕ້ອງໄດ້ເອົາເບີທີ່ສະຫມັກແອັບຖິ້ມບໍ້ ໃຫ້ຊື້ເບິໃຫມ່ໃສ່ຈຶ່ງຈະໄດ້ບໍ້,0,0,0,0.937878
ລະຫັດ ot ຖ້າ 10 ນາທີກະບໍ່ສົ່ງມາ,0,0,0,0.886956
ສາວມົ້ງຊົ່ງ,1,1,1,0.867327
ມັນເຂົ້າບໍ່ໄດ້ເລຍ ບັງຢູ່ແຕ່ຫນ້າເກົ່າຢູ່ ຊ່ວຍແກ້ໄຂ້ແນ່,0,0,0,0.952165
ຍົກເລີນ,1,1,1,0.76693
"ລົງທະບຽນບໍ່ໄດ້ເລີຍພະຍາຍາມລົງມາ2ເດືອນແລ້ວໂທຫາສູນກະເວົ້າໄປຊື່ໆບໍ່ຮູ້ເລື່ອງຫຍັງ,ປັບປຸງຕື່ມແດ່ເດີ",0,0,0,0.965664
ຢາກຖືກລາງວັນ,1,1,1,0.755872
ຂໍຊົມເຊີຍ,1,1,1,0.888999
u moneyເປັນແອັບທີ່ລະບົບບໍ່ມີຄວາມຮັບຜິດຊອບພໍ້ກັບຕົວເອງ ລົງທະບຽນແພັກເກັດຕັດເງິນໄປ3ມື້ແລ້ວບໍ່ໄດ້ຮັບດາຕ້າແຈ້ງສູນກະບໍ່ມີການແກ້ບັນຫາໃຫ້ຂາດຄວາມເຊື່ອຖື,0,0,0,0.965661
ໃຫ້ຫາດາວ,1,1,1,0.779684
ຫມຸນວົງລໍ້ກະລ້ອກເກີນນນ ແຕ່ກີ້ຍັງຖືກແນ່ດຽວນີ້ລ້ອກແທ້ລ້ອກວ່າ ເປັນ 100 ຫມຸນກະບໍ່ຖືກ ຄັນບໍ່ແຈກກະລົບອອກສາ,0,0,0,0.942947
ເນັດຟຣີມີໄດ້ ທຸກມື້,1,1,1,0.738039
ເນັດ100mbສ່ໍານີ້ກະໃຫ້ຍາກນໍເອົາຕັ້ງ3 4ມື້ຍັງບໍ່ທັນໃຫ້ຢູ່,0,0,0,0.786941
ເປັນຍັງຄື ທັງຫມົດທີ່ຈຫຼີ້ນບໍ່ໄດ້,1,1,0,0.782985
ໄຊ້ດີມາກໆ,1,1,1,0.985444
ພະນັກງານຕອບຊ້າໂພດ,0,0,0,0.7051
ຄັນຢາກໄຫ້ຄົນໃຊ້ກະເຮັດໄຫ້ມັນດີບໍແມ່ນເອົາໄປຊົວຫນ້ານັ້ນຫນ້ານີ້ຢູ່ແອັບມາຍຢູ່ນິເທວ,0,0,1,0.615899
ສະດວກສະບາຍຫລາຍຢ່າງ,1,1,1,0.985264
ເຊດຖາ,1,1,1,0.831281
ຄູ້ມສຸດສຸດ,1,1,1,0.897621
ແອັບນິ້ດີຫຼາຍ,1,1,1,0.962199
ໃຫ້ 4 ດາວໄປກອ່ນ,1,1,1,0.612376
ອະທິບາຍປະສົບການຂອງທ່ານ ເລືອກໄດ້,1,1,1,0.912895
ຢູ່ໄສ,1,1,1,0.872287
ສິ່ງນີ້ດີທີ່ສຸດຄືສິ່ງແວດລ້ອມ,1,1,1,0.942303
ຂອບເຂດສົ່ງ ກ້ວາງໄກລ ສົ່ງໄວ ບໍ່ມີບັນຫາ,1,1,0,0.695509
ກັບມາ,1,1,1,0.693169
ດີ ຫລາຍ,1,1,1,0.899725
ຕັ້ງແຕ່ອັບເດດມາເນັດກະບໍ່ໄດ້ ຄັນຫມຸນກະຖືກແຕ່ເຊີນຫມູ່ກັບຟັງເພງ ຊ່ໍາເນັດ 20 250mb ຍັງຂີ້ຖີ່ຍັງລວຍບໍ່ພໍບໍ,0,0,0,0.977411
ບໍດີເລີຍເພາະວ່າບໍແຟນຕອບ,0,0,1,0.595128
ຈູຢາງ,1,1,1,0.854049
ຫລິ້ນໄພ່ເກ້າເກບໍ່ເຄີຍໄດ້ເງີນຈັກເທື່ອມີແຕ່ໃຫ້ຄົນເຂົາໄດ້,1,1,0,0.716425
ຫຼິ້ນເກມແຕ່ດົນຄະແນນບໍ່ເພິ່ມຂື້ນເລີຍຍັງຄືເກົ່າຫມູນວົງລໍ້ກະບໍ່ໄດ້ຫຍັງເລີຍແນວນີ້ກະຍອມ,0,0,0,0.957782
ປັນບໍ່ຖືກຫຍັງເລຍ,0,0,0,0.863134
ສບລ້ບໍະບ່ສວ,1,1,1,0.785638
ສັນຕຶີງ,1,1,1,0.824729
ແອັບໂຫຼໆ ກະຍັງເອົາມາລົງເນາະ ເປືອງພື້ນທີ່ ໃຊ້ກະບໍ່ໄດ້ ເຊົາເຊົາ,0,0,0,0.924637
ໄວໆລາຍ,1,1,1,0.901342
ໃຊ້ງານກະບໍ່ໃດ້ ເຈົ້າຈະບ໋ອກເບີຈັກປີ,0,0,0,0.764162
ເປັນແນວຄິດທີ່ດີ ແບບປະເທດຈີນຄັກຫຼາຍຕໍ່ໄປການຈ່າຍເງີນກໍ່ສະດວກຂຶ້ນຄ່ອງໂຕຂຶ້ນ,1,1,1,0.876541
ຢາກໄດ້ພ,1,1,1,0.921048
"ເຂົ້າແອັບຢາກແຮງຊ່ວງນີ້, ກົດເຂົ້າບໍ່ໄດ້, ບາງເທື່ອໄດ້ແຕ່ເຂົ້າໄປແລ້ວເປັນສີຂາວ, ຊ່ວງແລງປະມານ 8 9ໂມງກະເຂົ້າບໍ່ໄດ້ລະ",0,0,0,0.980721
ບໍດີຫີ້ຼກບໍ່ເງີນແລ້ວ,0,0,0,0.523285
ມອມອີດິດ,1,1,1,0.861275
ແອັບດີບໍ່ລິການດີ,1,1,1,0.871013
ເກີນ,1,1,0,0.636201
ເນັດໂຄດຊ້າແກ້ບັນຫາຊ້າເຄືອຂ່າຍຄຸນະພາບຕໍາ່,0,0,0,0.787057
ປະສົບການຍັງຫລ້າຊ້າບໍເຂົາໃຈງາຍ່,1,1,1,0.689168
ຮັກເດີໂມຈ້າ,1,1,1,0.870566
ໂອເຄມາກກ,1,1,1,0.927179
ປັບປຸງແນ່ໃຊ້ງານບໍ່ໄດ້,0,0,0,0.992548
ທາສ,1,1,1,0.837514
ເນັ້ຜງ ຢາ່ງ,1,1,1,0.820733
ເປັນບ້າຫຍັງຄືເຂົ້າບໍ່ໄດ້,0,0,0,0.98493
ປັບແນ່ຫມຸ່ນບໍ່ໄດ້ເຊີນເພື່ອບໍ່ໄດ້ເຊີນເກີດຂໍ້ ຜິດຜາດມັນເປັນຫຍັງແອບນິຢູນິເທວຄືກັນຫຼີ້ນເກມຈັດລຽງຫມາກໄມ້ບໍ່ໄດ້ເຂົ້າໄປຫນ້າຈໍຄາ້ງ,0,0,0,0.966455
ສະສາຍ,1,1,1,0.867704
ລາວແອບ,1,1,1,0.778632
ກາກຫລາຍໂຫລດມາເຮັດຫຍັງບໍ່ໄດ້,0,0,0,0.993135
ອັບໃຫ່ມບໍ່ໄດ້ເລື້ອງບໍ່ສົມບຸນ,0,0,0,0.895937
ສອບວະ,1,1,1,0.831682
ໄດຼວາ,1,1,1,0.837514
ໃຊ້ຄັກ ເອີ້ນລົດງ່າຍ ລາຄາຖືກແຮງ ບໍລິການດີ,1,1,1,0.766337
ແຂກ,1,1,1,0.837514
ກໍ່ ok,1,1,1,0.877098
ຄວາມໄວດີຢູ່,1,1,1,0.938256
ຊ່ວຍແກ້ໄຂແນ່ຫມຸນແລ້ວບໍ່ໃຫ້ມີແຕ່ຄ້າງແລ້ວເຂົ້າລະບົບໄຫມ່ມັນເປັນອີຫຍັງແກ້ແນ່,0,0,0,0.977833
ສະຫມັກແພັກ25ພັນກີບດາຕາບໍ່ເຂົ້າສໍາ ລາວແອບລາວ,0,0,0,0.673918
ຕິດຕັ້ງເມຊິນເຈີດ້ວຍນາ,1,1,1,0.78865
ໃສ່ເລກຜູ້ແນະນໍານີ້ 88085011 ທ່ານຈະໄດ້ໄດ້ເງິນຄືນທຸກການໃຊ້ຈ່າຍໃນແອບນີ້ທຸກຄັ້ງ,1,1,1,0.821189
ວຶຝວເວອບ,1,1,1,0.82721
ເຂົ້າແລ້ວເດັ້ງອອກ,0,0,0,0.959983
ໃຊ້ງ່າຍສະດວກສະບາຍແຖມໃຊ້ຟີໄດ້,1,1,1,0.988003
ບໍ່ສົ່ງຮອດລະຫັດsmsກາກຄັກ,0,0,0,0.835953
ດີຫຼາຍແອປນີ້ໃຊ້ດີໃຊຄັກໃຊ້ງ່າຍ,1,1,1,0.987122
ເນັດຊ້າແຫ່ງອະເນັດກໍບໍ່ໃຫ້ເນັດບອກວ່າໄດ້ 100 ເມັດມາເບິ່ງໄດ້ເທື່ອ 80,0,0,0,0.901161
ມັກໃຊ້ເພາະມັນສະດວກ,1,1,1,0.899837
ບຸນ,1,1,1,0.882056
ສົງໄສ,1,1,1,0.799883
ນຍໃນ,1,1,1,0.871753
ຂ໋ຄວາມທີໄດ້ລົບໄປ,1,1,1,0.790042
ແອັບດີຫຼາຍໃຊ້ສະດວກເລື່ອງເງິນເປັນເລື່ອງງ່າຍ ປອດໄພ ວ່ອງໄວທັນໃຈ,1,1,1,0.963977
ບຸນທັນ,1,1,1,0.891428
ສິລົງທະບຽນແລ້ວກົດຂໍລະຫັດບໍ່ໄດ້ ໃສ່ຊື່ນາມສະກຸນກະບໍ່ໄດ້,0,0,0,0.976789
ສະແກນລາຍນິ້ວມືບໍ່ໄດ້,0,0,0,0.729315
ແບ້,1,1,1,0.79857
ຖ່າຍຮູບແລ້ວມັນບໍ່ຂື້ນໄຫ້,0,0,0,0.708218
ມຶງກະເຊີນກວດສອບໄວໆແນ່ ປອບ.,0,0,1,0.648993
ດີລ້ານ,1,1,1,0.83553
ນອງເທບແກ້ວມະນີ,1,1,1,0.871964
ໃຊ້ງ່າຍ ໃຊ້ດີ ສະດວກປອດໄພ ຄືກັບແອັບຯທະນາຄານ ທົ່ວໄປຂອງລາວ,1,1,1,0.929605
ມ່ວນແລະຕະຫລອກ,1,1,1,0.666985
ເຂົ້າຍາມໃດກະມີແຕ່ອັບເດດຄືບໍ່ມີຫຍັງປ່ຽນແປງ,0,0,0,0.964464
ມັນຕໍ່ອິນເຕີເນັດບໍ່ໄດ້,0,0,0,0.845631
ແຕາ່,1,1,1,0.846151
ດາງງເ,1,1,1,0.821711
ດາວແອບ,0,0,1,0.711119
ດີຫລາຍຢ່າງແອັບນີ້,1,1,1,0.949143
ເປັນຍັງສະແກ່ນໃບນ່າຄືຢາກໂອແທ້ໂອວ່າ,0,0,1,0.541237
ດີແທ້ແອແອັບນີ້,1,1,1,0.842538
ພໍໄຊ້ໄດ້ດີ,1,1,1,0.962418
ແອັບນີ້ເຮັດຫຍັງກະບໍ່ໄດ້ແລ້ວສີສ້າງຫາສີແຕກຫຍັງເທືອນາກະສ້າງໃຫ້ມັນດີແດ່ຄວນປັບປຸງໃຫມເດີ,0,0,0,0.983805
ເຫນົ່າຫລາຍເຂົ້າບໍ່ໃດ້,0,0,0,0.902344
ເຕີມເງີນຍາກຫລາຍໂອນເງີນເຂົ້າບໍ່ໄດ້,0,0,0,0.97864
ແນະນໍາໃຫ້ແດ່ຍັງບໍ່ຮູ້ວິທີໃຊ້ປານໃດ,1,1,1,0.681087
ສຸດຢອດໄປເລີຍ,1,1,1,0.929521
ແອັບນີ້ລີ້ນຄັກສຸດໆໄດ້ເບິ່ງນັ່ງຟຣີ,1,1,1,0.805982
ສະແກນກະບໍໄດ້,0,0,0,0.909796
ໂຫລດແອບໃດກະບໍ່ໄດ້,0,0,0,0.987648
ໃຊ້ດີຫລາຍ ຂໍໃຫ້ພັດທະນາໄປສູງຍິ່ງຂຶ້ນ,1,1,1,0.958458
ເພາະວ່າໄດ້ເນັດ,1,1,1,0.610065
ນາງສັນ,1,1,1,0.905116
ແຮ່ມ,1,1,1,0.83737
ເຂົ້າແລ້ວ ຂື້ນຫນ້າເຫລືອງ ແລ້ວຄ້າງເລີຍບໍ່ມີໃຫ້ປ້ອນເບີ ຂໍສະເຫນີໃຫ້ປັບປຸງແກ້ໄຂ ແດ່ເດິ ທ່ານ,0,0,0,0.939953
ບັກມັນສາຍຫາ,1,1,1,0.810026
ບໍ່ຮູ້ວິທີໃຊ້ ໃຜຮູ້ແນະນໍາແນ່,1,1,1,0.84089
ຍັງບໍ່ເຄີຍໃຊ້,1,1,0,0.555571
ຢາກໃຫ້ເຮັດໃຫ້ມີຄວາມເຂົ້າໃຈງ່າຍກວ່ານີ້,1,1,1,0.744539
ທໍາໄມຜມໄດ້ປຸ່ມເປ້ນຫ່ວງຄນສຸດທ້າຍຕອນນີ້ກ້ຍັງໄມ່ໄດ້,1,1,1,0.552911
ໄດ້ນະ,1,1,1,0.811333
ເຂົ້າບໍ່ໄດ້ເດັ່ງອອກຕະຫລອດ,0,0,0,0.994528
ກາກບໍ່ມີສະຫມອງພວກເຈ້າເອົາຫຍັງຊ້າງຫົວຫຼືຕີນຂ້ອຍລົງທະບຽນໄດ້ເປັນສີຮອບລະບອກວ່າບໍ່ເຫັນຫນ້າແລະວັນເກີດບໍ່ຖືກແລະພໍ່ມືງຕີນະມີຕາກະເບີ່ງໃນເປື່ມສໍາມະໂນຄົວກຸຫັ້ນແມ້ະມີຕາຍູ່ບໍ່ຫຼືພວກເຈົ້າສິເຊັ່ບເກັບໄວ້ໃຫ້ລູກຂ້ອຍເບີ່ງຊີ້ວ່າມີຕາກະໄປຫາເບີ່ງຄົນອືນເຂົາແນ່ຍາໄປເບີ່ງແຕ່ແນວຈ້າຫຼາຍ ກູເມື່ອຍຖ່າຍຮູບກູຫມົດມື້ລະ ຝາກໄວ້ໃຫ້ຄິດລະກາອ່ານແນ່,0,0,0,0.967666
ສ່ຽງຄ່ອຍໂພດ,0,0,1,0.597119
"ໃຫ້5ດາວ,10ໄລ່ ທໍາງານບໍລິການໄດ້ດີສຸດຍອດຂໍບອກ",1,1,1,0.926877
ອັບເດດໃຫມ່ແຫ່ງກາກກວ່າເກົ່າຊ້າກວ່າເຕົ່າອີກ,0,0,0,0.936987
ເປັນຍັງຢູ່ຢູ່ແລ້ວເປີດໃຊ້ບໍໄດ້ວາ,1,1,0,0.738205
ຍ້ອນວ່າມັນເປັນຊື່ຂອງຂ້ອຍ,1,1,1,0.671163
ຫລີ້ນຍາກນໍ,0,0,1,0.532143
ດອນຄົນຂີແພ່,1,1,1,0.867521
"ແອັບນີ້ສະດວກ, ສະບາຍຫຼາຍໃນເວລານໍາໃຊ້ເຫັນວ່າມັນໄວທັນກັບຄວາມຕ້ອງການ.",1,1,1,0.914645
ເຕີມເງິນແຕ່ຄະແນນບໍ່ຂຶ້ນ,0,0,0,0.642585
ຕິດຕັ້ງຍາກຫລາຍ ດຽວນີ້,0,0,0,0.813379
ຄອ່ຍໆດີຂື້ນ,1,1,1,0.870089
ສາເກີນ,1,1,0,0.57206
ປ່ຽນ ໃຫມ່ ແກ່ ໄຂ,1,1,1,0.66707
ເຄິຍໃຊ້,1,1,1,0.877956
ຊາຍ,1,1,1,0.861772
ຢາກໃຫ້ປິດແອັບແຕ່ພັດບໍ່ມີລົດ ທໍ່ໃຈແທນ,0,0,0,0.652941
ອັບເດດຫາພໍ່ຫາແມ່ມືງຕິບໍ່ມີຫຍັງປຽນແປງ,0,0,0,0.911952
ໃຫ້ອັບເດດຫຍັງກະດັດກະດໍ້ສອງມຶ້ອັດສອງມຶ້ອັບ,0,0,0,0.805075
ໄດ້ສີ້ສາວກະຍ້ອນເຟສນີ້ລະ,1,1,1,0.721859
ໃຊ້ການງ່າຍສະດວກດີມັກຫລາຍ ທານະຄານການຄ້າສາມາດໂອນເຂົ້າjdbໄດ້ບໍ ເຄີຍໂອນແຕ່jdbໄປການຄ້າ,1,1,1,0.811624
ຮັກຄືເກົ່າຜົວເຂົາກະຊ້າງ,1,1,0,0.691918
ດີເວີ້,1,1,1,0.839222
ໃຊ້ດີຂະຫນາດເລີຍ,1,1,1,0.913692
ບໍ່ສາມາດເບິ່ງບິນ cod ໄດ້ຖຶກຕ້ອງ ເຮົາຝາກເຄື່ອງຈໍານວນຫລາຍ ຕ້ອງໄດ້ກວດຄືນແຕ່ລະບິນອິກ ຕົວຢ່າງ ບິນທີ່ແຈ້ງວ່າການຈັດສົ່ງສໍາເລັດແລ້ວ ເວລາກົດເຂົ້າໄປເບິງພັດກາຍເປັນລະຫັດ ແລະ ບິນອື່ນ,0,0,0,0.785459
ໃນງງລລໍລໍລໍ,1,1,1,0.837514
ໂຫລດແລ້ວເຂົ້າໃຊ້ງານກະບໍ່ໄດ້ມີແຕ່ວ່າລະຫັດບໍ່ຖືກຢູ່ຕະຫລອດແອັປຍັງບໍ່ທັນສົມບູນພໍ,0,0,0,0.982411
ແອບໂຄດປັນຍາອອນເນັດຄວາຍເຕີມເອງດີກວາຕັດເງີນ3000ພັນ,0,0,0,0.715016
ຂີ້ຫາຍຫຼາຍຄົນໃຫ້ບໍລິການເວົ້າບໍສຸພາບຄວາມອົດທົນຕພສຸດທ່າແນ່ກະບໍໄດ້,0,0,0,0.573807
ຊອບເລ່ນຄ້າບ,1,1,1,0.776563
ທັນສະໄຫມວ່ອງໄວ,1,1,1,0.936167
ຍັງບໍ່ເຄີຍເຂົ້າໄຊ້ແຕ່ເບິ່ງຄືສິມວ່ນດີ,1,1,0,0.644941
ສະດວກແລະວ່ອງໄວ,1,1,1,0.954803
ເຈັບແລ້ວໄທ້ຈໍາ,1,1,1,0.729048
ok ດີແລ້ວ,1,1,1,0.874527
ໂຫລດມາແລ້ວໃຊ້ບໍລິການຈອງລົດບໍ່ໄດ້ຢາກຍາກ,0,0,0,0.925487
ນ້ອງຊາຍເປັນຄົນບອກໃຫ້ເລ່ນແອ້ບນີ້ ດີຈິງ,1,1,1,0.883773
ໂຄດຂີ້ກາກເລີຍແອບ,0,0,0,0.755497
ນ້ອຍນ້ອຍໄຊຍະສັກ,1,1,1,0.895158
ດີ .ດິ,1,1,1,0.938403
2 3ມື້ຫລັງໆນີ້ຮູ້ ສຶກວ່າມັນຊ້າຜິດປົກກະຕິ ຈາກທີ່ຊ້າຢູ່ແລ້ວແຮງໂຄດບໍ່ໄປ ແຂ່ງກັບເຕົ່າແນ່ນອນເຕົ່າກີນຂາດ ງຶດຫລາຍເນັດຫລັກ7,0,0,0,0.772602
ມັນບໍ່ໄດ້,0,0,0,0.995775
ດີຫລາຍໄວທັນເວລາ,1,1,1,0.956464
ແກ້ໄຂດ່ວນ ຕອນນີ້ເຂົ້າແອປບໍ່ໄດ້ສາມື້ແລ້ວບອກວັນທີ3ໃຊ້ງານໄດ້ປົກກະຕິນີ້ຫຍັງຈົນສີຮອດວັນທີ4ແລ້ວຍັງເຂົ້າບໍ່ໄດ້ຢາກຮູ້ວ່າແກ້ໄຂແນວໃດບອກລູກຄ້າວ່າທີ3ໃຊ້ປົກກະຕິນີ້ແມ່ນຫຍັງບໍ່ມີຮອວີແວວຄັນບໍ່ປັບປຸງສ້າງຂຶ້ນມາເພື່ອຫຍັງ,0,0,0,0.993849
ມຫ້ກ່ອນ,1,1,1,0.614163
ມັກຫລາຍ ໃຊ້ ງ່າຍ ບໍຫຍູ້ງຍາກ,1,1,1,0.840412
ນັກ,1,1,1,0.819127
ເປັນຫຍັງຄືເຂົ້າບໍ່ໄດ້ອັບເດັດແລ້ວກະຍັງຄືເກົ່າ,0,0,0,0.992817
ສັ່ງ ອາຫານງ່າຍດີ ມີສ່ວນຫຼຸດຫຼາຍອີກ,1,1,1,0.861077
ດີຫລາຍຈ້າ,1,1,1,0.975123
ຢູ່ໆກະເຂົ້າບໍ່ໄດ້ຄ້າງຕະຫລອດຕ້ອງໄດ້ລົບແອັບລະໂຫລດໃຫ່ມຈື່ງໄດ້,0,0,0,0.959586
ໃຊ້ດີຂໍແຕ່ເຮັດຕາມເພີ່ນບອກກະໄດ້ຮັບເນັດງ່າຍໆແລ້ວໂຫລດມາໃຊ້ຫລາຍໆເດີ,1,1,1,0.710479
ມິນຕາ,1,1,1,0.801669
ມັນເຮັດແນວໃດແດ່,1,1,1,0.531906
ໃຊ້ການບໍ່ໄດ້ເລື່ອງ ເປີດແອປmyunitelຍາມໃດແອປlaoappແລ່ນມາບັງແລ້ວເປີດmyunitelຕໍ່ໄປບໍ່ໄດ້,0,0,0,0.795646
ຕັ້ງແອັດບໍ່ໄດ້ດຸ,0,0,0,0.946306
ສະນຸກຫລາຍຍ,1,1,1,0.897084
ແອັບນີ້ດີຫຼາຍໄຫ້5ດາວເລີຍຄັກອີ່ຫຼີ,1,1,1,0.959237
ທຸກໃຈ,1,1,1,0.896855
ໃຊ້ງານຄັກຫລາຍພີ່ນ້ອງ,1,1,1,0.919635
ສະດວກວ່ອງໄວ,1,1,1,0.9655
ສັກ,1,1,1,0.846697
what is happens with service of whatsapp now? ຊ່ວງນີ້ ວ໋ອດແອັບ ມີບັນຫາແລ້ວ 25.10. 2022,0,0,0,0.544071
ປັນຍາອ່ອນ ເລືອກວັນເກີດເລືອນໄປເລືອນມາບໍ່ໄດ້ຈັກເທືອ,0,0,0,0.817702
ດີທັງໂລກເລີຍ,1,1,1,0.836529
ສຸດຍອດຫລາຍໄຊ້ດີມັກແຮງ,1,1,1,0.979784
ເຂົ້າແອັບບໍ່ໄດ້ ອັດເດດກະບໍ່ໄດ້,0,0,0,0.998178
ກະຈອກໂພດ,0,0,0,0.549803
ໃຊ້ງສຍ,1,1,1,0.886625
ແອບຫາມີຫຍັງລົງທະບຽນບັກຍາກໆ,0,0,0,0.886952
ບໍທັນໃຊ້,1,1,1,0.860162
ຍັງບໍ່ທັນສະໄຫມປານໄຫຼເຂົ້າຫຍັງກະຊ້າ,0,0,0,0.898859
ສາມາດໂອນເງີນເຂົ້າອອກໄດ້ ໃຊ້ຈ່າຍຄ່ານໍາ້ຄ່າໄຟແລະອຶ່ນໆ,1,1,1,0.531844
ບັນຖື້ດ,1,1,1,0.74378
ລົບລະບົບຖີ້ມສາ,0,0,1,0.524153
ໂຫຼດມາແລ້ວ ໃຊ້ງານບໍ່ໄດ້,0,0,0,0.939832
ດີໆ ແຕ່ຢາກໃຫ້ອີກຊ່ອງທາງຄື ມີບໍລິການສິນເຊືອເງິນກູ້ ຫລຶ ເຄດິດຈ່າຍຄ່າສິນຄ້າຫລວງຫນ້າແລ້ວໄປສໍາລະນໍາສູນຍູນິເທວເຮົາພາຍຫລັງ,1,1,1,0.656052
ຄືຕີດຕັ້ງບໍ່ໄດ້,0,0,0,0.940266
ເຂົ້າແອັບໂຄດຊ້າ ຖ້າເປັນເດືອນ ປັບປຸງດ່ວນ,0,0,0,0.97991
ດິແລ້ວ,1,1,1,0.726178
ດາວໂລດຢາກໂພດ,0,0,0,0.686186
ເອົາເບີໃສ່ບໍ່ໄດ້ເປັນຫຍັງແລ້ວ,0,0,0,0.951722
ດີຈ້ຮາ,1,1,1,0.88415
ມີແຕ່ອັບເດດ.ບໍ່ເຫັນຊິໄດ້ 3ມື້ລະນິ,0,0,0,0.941203
ຄ່າທໍານຽມດີ,1,1,1,0.584393
ຢາກອິ້ນແອບ,1,1,1,0.815207
ລີນແສງດາວັນ,1,1,1,0.854061
ຮພໃ,1,1,1,0.837514
ລ໋ໍ່ອກ,1,1,1,0.783686
ດີສຸດຍອດຫຼາຍ,1,1,1,0.972828
ຂໍໃຫ້ເຮັງນໍາ,1,1,1,0.878112
5ຖົງສຸດທ້າຍດກໆູພູ,1,1,1,0.811754
ດີຫລາຍໆ.,1,1,1,0.981698
ໂຕແອັບຊ້າ ຖ້າດົນໆ ບໍ່ໄດ້ເຮັດຫຍັງ ມີແຕ່ຫມຸນ,0,0,0,0.959758
ສຸດຍອດໄປເລີຍແອັບໂຕນີ,1,1,1,0.90821
ເປັນແອບທີ່ດີຫລາຍສໍາລັບເບີຫລັກ9,1,1,1,0.928956
ໄຊ.ອາ່ງໃຫ່ຍສາຍງັດທັງງັດ,1,1,1,0.797886
ສືກສາ,1,1,1,0.857449
ແຕ່ຢາກໄຫ້ແກ້ໄຂເລື່ອງວິດີໂອເພາະເຟສເຮົາບໍ່ມີວິດີໂອ້,1,1,0,0.602214
ໃສ່ເພງບໍ່ໄດ້,0,0,0,0.92557
ຄືເຂົ້າບໍ່ໄດ້ເຮັດແບບໄດ້ຄືບໍມີລະຫັດແຈ້ງມາໃຫ້,0,0,0,0.956266
ດີໃຈ.ທີ່ມີ.ວັອດແອັບ,1,1,1,0.818576
ນາງໄມວື່ທໍ່,1,1,1,0.899294
ມາຈັບແຮ່,1,1,1,0.787837
ໃຊ້ດີທັນໃຈ,1,1,1,0.974666
ໃຊ້ງ່າຍ ພະນັກງານເວົ້າມ້ວນ,1,1,1,0.824606
ລອງໃຊກອນ,1,1,1,0.913688
ປະສົບການ,1,1,1,0.974501
ລັອກບັດຢູ່ບໍ່ຮູ້ເຫດຝົນຫຍັງກະລຸນາປັບປຸງດ້ວຍ,0,0,0,0.744613
ໂລດຍາກອີລີ,0,0,1,0.555495
ດີໆ.,1,1,1,0.932505
ຍິນດີດ້ວຍທີ່ຖາມທຸລະກິດແບບນີ້ມາໃຫ້ຄົນທຸກທຸກ,1,1,1,0.834309
ມີfacebookກະດີຂື້ນຫລາຍຢ່າງ,1,1,1,0.942333
ເມື່ອ,1,1,1,0.711879
ໃຫ້ດາວດາວພໍ ເບື່ອເທື່ອໃດກະມີແຕ່ອັບເດດເວີຊັ້ນ ແຕ່ຫມູນບໍເຄີຍຖືກຈັກເທື່ອ ຖາມແດ່ilucky freeມີໄວ້ປະດັບຊື່ໆບໍ ສາມສີ່ປີບໍ່ມີການແກ້ໄຂຍັງເລີຍ,0,0,0,0.963292
ໃຊ້ບ່ບັງຄັບ,1,1,1,0.796337
ດີຫຼາຍແອັບນີ້ເບີ່ງກະຄຸ້ມສຸດຄຸ້ມດາວໂຫລດມາຫຼີ້ນເບີ່ງເດີ,1,1,1,0.697741
ຂອງນ້ອງເຂົ້າແອບບໍ່ໄດ້,0,0,0,0.958291
ມັນສາມາດເຮັດໄຫ້ຮູ້ໄດ້ຫຼາຍໆຢ່າງທີບໍ່ເຄີຍຮູ້ແລະບໍ່ເຄີຍເຫັນມັນດີຫຼາຍ,1,1,1,0.768107
ແຈັງ,1,1,1,0.790582
ເອີເຮີ່,1,1,1,0.787825
ໂຫຼດບໍ່ໄດ້ເຮັດແນວໃດ,0,0,0,0.92612
ເຂົ້າແລ້ວເດ້ງອອກອັບເດດໃຫມ່ແຮງກາກຂື້ນ100,0,0,0,0.938629
ກາວຫນ້າແນ່ນອນ,1,1,1,0.805902
ຂ້ອຍເຂົ້າແອັບບໍ່ໄດ້ມັນຂຽນວ່າບໍ່ສາມາດເຊື່ອມຕໍ່ແຕ່ຂ້ອຍກະເປີດເນັດແລ້ວເຊື່ອມໄວຟາຍກະຍັງເຂົ້າບໍ່ໄດ້ຈັກເປັນຫັຍງ,0,0,0,0.987894
ຂອບໃຈທີ່ຍັງດູຕົນຂ້ອຍຂອບໃຈສໍາລັບເຂົ້າທຸກເມັດນ້ໍາທຸກຈອກອາຫານແຕ່ລະຄາບ,1,1,1,0.826507
ໃຫ້4ດາວກອ່ນ,1,1,1,0.810816
ບາງຄັ້ງໂອນເງິນອອກແລ້ວຍອດເງິນກະຕັດແລ້ວແຕ່ບັນຊີປາຍທາງວ່າບໍ່ເຫັນເງິນອອກເສຍເງິນຖີ້ມລ້າເອົາບິນໄປແຈ້ງທະນາຄານກະບອກວ່າເງິນອອກແລ້ວແຕ່ບໍ່ໄດ້ແກ້ໄຂຫຍັງໄຫ້ເສຍເງິນຊື່ໆ,0,0,0,0.983163
ອັບເດດອີ່ຫຍັງກະດໍ້ກະເດຍ ແຖມຍັງລະຫັດທີ່ 2 ອີກ ຕ້ອງມາເສຍເວລາຖ້າໃຫ້ສສົ່ງລະຫັດມາຢືນຢັນ ບໍ່ມີຄວາມສະດວກສະບາຍເລີຍດ້ວຍຊ້ໍາ,0,0,0,0.871085
ໄຊ້ດີທີ່ສຸດ,1,1,1,0.985256
ໄຊ້ດີຫນາກ,1,1,1,0.977101
ດີທີ່ສຸດໃນ ສ ປ ປ ລາວ,1,1,1,0.954324
ໃຊ້ບາງເທືອກາເດັ່ງອອກເອງ,0,0,0,0.644657
ໄຊ້ງານດີຢູ່,1,1,1,0.961058
ເງິນເຂົ້າກະບໍ່ແຈ້ງເຕືອນ,0,0,0,0.962725
ເຍຍປໍ,1,1,1,0.837514
ພີມຊືເຂົ້າບໍ່ໄດ້ປັບປຸງແນ,0,0,0,0.996119
ດີມາກຄ້າຍ,1,1,1,0.898765
ສຸດຍອດເລືຍ,1,1,1,0.967001
ຍໄຊກມກວຊໄລໄງ,1,1,1,0.828812
ຊີວິດກໍາກອນຫາເຊົ້າກິນຄໍາ,1,1,1,0.786425
ຫ້ລາ,1,1,1,0.822668
ປະສົບທີ່ຜ່ານມາເຮັດຄວາມບັນເທິງແລະສ້າງຂັວນແລະກໍາລັງໃຈໃຫ້ພີນ້ອງທີປະສົບກັບໄພພິບັດຕ່າງຫນ້າໆ ແລະຫາເງິນເພື່ອລ້ຽງຄອບຄົວ,1,1,1,0.82754
ຍາແທໃ ສາືວຮດມບວຶ ວທນຮແ,1,1,1,0.841318
thanks for serving me. ດີຫຼາຍ. ຂອບໃຈທີ່ມີແອັບນີ້. ຈົ່ງຈະເລີນ!,1,1,1,0.949297
ໃຊ້ຍາກໂພດເຂົ້າກະຍາກ,0,0,0,0.938308
ຫີ້ຼນໄດ້ດີ,1,1,1,0.920125
"ບໍ່ດີ, not good",0,0,1,0.546928
ແມ່ນຫຍັງມັນຄືເຂົ້າບໍ່ໄດ້ຊັ້ນນະ ແກ້ໄຂໃຫ້ແນ່ເດີ້ດ່ວນເລີຍ ຂ້ອຍລົງທະບຽນເຂົ້າໃຊ້ແອັບນີ້ແລ້ວ ກະເຄີຍເຂົ້າລົງທະບຽນ ແຕ່ພໍມາເຂົ້າບາດນີ້ບໍ່ໄດ້ເລີຍ,0,0,0,0.995104
ໄປປັບປຸງມາປ່ຽນເດີເລື່ອງເອີ້ນນີ້ເອີ້ນເປັນ100ເທື່ອກາບໍ່ເຫັນສິໄດ້,0,0,0,0.912324
ໄຄ ແສງຈັນໄທ,1,1,1,0.888898
ຢຖຕວ້,1,1,1,0.837514
ເຂົ້າແອບບໍໄດ້ແກ້ໄຂດ່ວນ,0,0,0,0.991363
ສະແກນບໍ່ໄດ້,0,0,0,0.960886
ຢ່າມັກບັອກເຟສກັນຫລາຍ,1,1,1,0.856911
ພະຄ,1,1,1,0.849112
"ວີດີໂອຄ້າງ,ສຽງບໍ່ດີ,ສຽງຂາດ",0,0,0,0.796469
ແອັບຫວຍແຕກຫມຸ່ນໄດ້ແນັດລະບໍ່ໃຫ້ ຈັກເຮັດເພື່ອຫຍັງເກມຫມຸ່ນຫັນ ກະລຸນາປັບປຸ່ງໃຫມ່ເດີ ລີ້ນເກມຫມຸ່ນເຈັບໃຈຫລ້າໆໄດ້ແນັດລະບໍໃຫ້,0,0,0,0.901728
ແກ້ວ ດວງໃຈ,1,1,1,0.877722
ສະຫນັບສະຫນູນມາໆເລີຍຈ້າວ,1,1,1,0.854158
10ດີແລັດ,1,1,1,0.921342
ບໍ່ຄືໄນຮູບເລີຍ save pizza number one nahay,0,0,1,0.538355
ໄຊ້ໄດ້ດີສະດວກສະບາຍມັກຫຼາຍແອບນີ້ຖ້າມີສິບດາວໃຫ້ເລີຍເຕັມສິບ,1,1,1,0.964193
ພອຍ ຕຣວຍຄໍາລາວ,1,1,1,0.880949
ຜີບ້າຕັ້ງແລ້ວໆບາດເຂົ້າຄືນພັດໃຫ້ໃສ່ລະຫັດotpຄຶນໃຫມ່,0,0,0,0.808024
ບຸນລັງ ສີລະວົງ,1,1,1,0.869221
ດີຄືກັນ,1,1,1,0.832272
ດີສຸກໆ,1,1,1,0.9279
ຂອບໃຈແອັບທີ່ດີ,1,1,1,0.932439
ອີ່ຫ່າມືງເອືຍມັນດອກລວງ ເອົາລາໄປສີ້ແມ່ມືງເອງສາມາຫາຕົວະຄົນອື່ນ ອີ່ຫ່າມືງ ແຈ້ງຈັບມືງເລີຍ,0,0,0,0.632234
ມີນ,1,1,1,0.84785
ທໍາໃຫ້ດີກວ່າເກົ່າ,1,1,1,0.527497
ຍິ່ນດີດ້ວຍນາຈຮາ,1,1,1,0.912274
ຢາກໃຫ້ແຈ້ງເຕືອນ,1,1,1,0.594644
ສະວັນສັນພາມະຫາການພະຍາຍາມທໍາສຸດແລ້ວ,1,1,1,0.80565
ເຈົ້າແອບບໍ່ໄດ້ແລ້ວ,0,0,0,0.971938
ແອັບນີ້ມັກຫຼາຍມີຄົບທຸກຢ່າງແລະສະດວກສະບານ,1,1,1,0.964879
ພອຍລາວ,1,1,1,0.853828
ດີທີ່ໃຊ້ງານໄວຂຶ້ນ,1,1,1,0.930823
ເອສາຍໂຫດ,1,1,1,0.854874
ເກ່າ,1,1,1,0.84589
ດິນ,1,1,1,0.859616
ໄລເດີ້ສົ່ງນານໂພດດ,0,0,1,0.587708
ຫລີ້ນແລ້ວສະນຸກດີ,1,1,1,0.842422
ທັນໃຈດິ,1,1,1,0.940276
ຂອນ ບໄຈ,1,1,1,0.835873
ລົງທະບຽນໃສ່ເບີແລ້ວເດັ້ງອອກເຮັດຫລາຍຮອບກະບໍ່ໄດ້ຄືເກົ່າ,0,0,0,0.98639
ເລີດດໃຊ້ຄັກ,1,1,1,0.90617
ແອບນີ້ດີມາກໆເລີຍຄັຮບຜົມສອບ,1,1,1,0.936805
ກູ້ເວີແອັບຄືນ,1,1,1,0.599123
ໃສ່ດີແອັບນີ້ສະດວກສະບາຍລອງໂຫລດເລີຍ,1,1,1,0.923193
ໂຫລດແລ້ວ,1,1,0,0.616341
ເປັນແອັບທີ່ໃຊ້ງານງ່າຍແລະສະດວກສະບາຍ,1,1,1,0.970898
ໃຊ້ດີເລີດ,1,1,1,0.967762
ຫລີ້ນບໍ່ໄດ້,0,0,0,0.955136
ໃຊເງານດີຫລາຍ,1,1,1,0.988657
ສຸດດີ.ດີຫລາຍ,1,1,1,0.974641
ຮັບຮູ້ໄດ້,1,1,1,0.879553
ສະດວກຫີ້ຼນງ່າຍ,1,1,1,0.96193
ແຈ້ງເຕືອນ,1,1,0,0.661872
ຮັກນ້ອງເດີ,1,1,1,0.885766
ສະດວກຊໍາບາຍໃຊ້ງາຍປອດໄຟດີ,1,1,1,0.943651
ໂລດບໍ່ໄດ້ຈັກເປັນຫຍັງ,0,0,0,0.982799
ຂອບໃຈທີ່ມີລົດໃຫ້ໃຊ້ບໍລິການລາຄາຖືກແບບນີ້,1,1,1,0.814381
ຄັກໂພດ.,1,1,1,0.642098
ດີສະດວນແຈກຂອງລ້າງວັນຫລາຍໆເດີ,1,1,1,0.877302
ໄຊ້ໄດ້ດີ,1,1,1,0.973183
ມັນດີສຸດດຂໍໄຫ້ມີແຕ່ຄົນຫຼາຍຍມາໄຊ້ຢ່າງພໍສົມຄວນ,1,1,1,0.894392
ທ້າວໄຊຍະສິນເລນາໄລ,1,1,1,0.892682
ຟັງເພງເປັນວີດີໂອບໍໄດ້ແກ້ໄຂໄຫ້ແນ,0,0,0,0.845727
ດີຫມາກຄັບຜົນ,1,1,1,0.914444
ໄຫຄວາມຮຸ້ຮອບດ້ານມີປະໂຫຍດສ້າງແຫຼຮງບັນດ້ານໄຈໄຫກັບຄົນທີສີນຫວັງໄຫມີກໍາລັງໄຈສູ້ອິກຄັງເຮັດໄຫສະງົບໄຫຄວາມຮຸຄົບວົງຈອນແລະອືນໆ,1,1,1,0.856308
ວົງສະນາ,1,1,1,0.741072
ດີໆ ດີແຕກູບໍ່ຫັກຊີມຖີ້ມເພາະເນັດເປືອງປານແທນ້ໍາລົງຊາຍ,1,1,1,0.59124
ດີຫຼາຍສາມາດກົດເງິນຢູ່ຕ່າງປະເທດໄດ້ອີກໃຫ້5ດາວເລີຍ,1,1,1,0.87175
ໂອເຄຮ,1,1,1,0.927333
ຂ້ອຍຂໍຂອບໃຈຫຼາຍໆ,1,1,1,0.962237
ມັນສໍາຄັນຫລາຍ,1,1,1,0.844218
ຂາຍໃຫ້ພໍມຶງຕາຍ,0,0,1,0.588941
ໃຊ້ດີລາຍ,1,1,1,0.982167
ໃຊ້ສື່ສານໄດ້ດີ,1,1,1,0.957922
ຊິໂຫລດມາເພື່ອ? ວ່າມາລະ00,0,0,0,0.556327
ຂ້ອຍມັກຫຼີ້ນ facebook,1,1,1,0.949082
ຫີແມ່ມັນນິຫຼຸດໄດ້ຫຼຸດດີ ຈົນລໍາຄານ ສິລົງໂຄສະນາກະເດັ້ງອອກບັກດຸໆ ກູກະເມື່ອຍລົງບໍ່ແລ້ວຈັກເທື່ອ 5 ເທື່ອລະນິຫາກະໂຫຼດມາ ໃຊ້ແອັບນິຍັງບໍ່ຮອດ 10ນາທີ ເດັ້ງອອກ 5 ເທື່ອລະ ສະມັກກະບັກຍາກໆ ຂຶ່ນ error ຕະຫຼອດ ແກ່ແນ່ ເປັນຕັ້ງແຕ່ໂຫຼດມາວ່າສິໃຊ້ຕັ້ງແຕ່ດົນຄິດວ່າແກ້ລະ ກັບມາຍັງຄືເກັ່າຢູ່,0,0,0,0.976686
ລິ້ນດີມີຄວາມສຸກ,1,1,1,0.955304
ດີ ແຕ່ທຸກເທື່ອເຂົ້າຕ້ອງotpຕະຫຼອດນ່າຈະປ່ຽນໃສ່ລະຫັດເຂົ້າແອບຈາດີກ່ອນ,1,1,0,0.873305
ໃຫ້ຄະແນນ1ດາວຄິດວ່າມັນຍັງຫຼາຍເກີນ ແອັບໃຊ້ງານນບໍໄດ້ເລີຍເດີ້ໆໆ,0,0,0,0.815401
ດ້ວຍເຫດຜົນອື່ນ,1,1,1,0.768995
ສ້າງມາສິແຕກຫຍັງເອົາມາວຸ່ນວາຍກູຊື່ໆລົງຍາກລົງເຢັນປ່ະໂທະກູບໍ່ມີເວລາມາລົງທະບຽນຢູ່ນີ້ຫນົດມື້ຫນົດເວັນລົງຍາກແບບນີ້ລົບແອັບສະບໍລິການກະບບໍ່ດີຫ່າແດກບໍ່ໄດ້ໃຈດີຄືຫນ້າຕາເດີ,0,0,0,0.969088
ອັດເດດ,1,1,1,0.591287
ຮັກເຈົ້າຈາ,1,1,1,0.898933
ພົງ,1,1,1,0.848515
ພໍ່ເຈົ້າຂື້ຕ່າຍ,1,1,1,0.78647
ເຂົ້າບໍ່ໄດ້ ມີລະຫັດແຕ່ກະເຂົ້າບໍ່ໄດ້ ປັບປຸງເດີ,0,0,0,0.993572
ລຸ້ນໂຊກໄດ້ແຕ່ຄັ້ງດຽວຄືບໍໄດ້ມື້ລະສິບເມື່ອຄືໄມຢູນິເທວ,0,0,0,0.635016
ຜູ້ ເຂົ້າ ຊົມ,1,1,0,0.511968
ໃຫ້ໂຫລດພໍ່ໂຫລດແມ່ສູຫຍັງກູສິໃຊ້ມາຍຢູ່ນິເທວເສືອກໃຫ້ກູໂຫຼດແອັບນີ້,0,0,0,0.618479
ຍອ້ນຄວາມຮັບຮູ້ບໍ່ເທົ່າບໍເຖືງກາໍລັງຮຍນ,1,1,1,0.612113
ສຸດຍອດທີສູດ,1,1,1,0.964807
ອັດເດດຍາກທິສຸດ,0,0,0,0.568955
ເລັແລງ.,1,1,1,0.835685
ຄວນປັບປຸງກົດເຂົ້າອັນໃດກະບໍ່ໄດ້,0,0,0,0.986141
ສະບາຍດີແອັບນີ້ໃສ້ສະດວກຫລາຍດີຫລາຍ,1,1,1,0.983712
ເປັນຫຍັງ ilucky ນຶ່ງບໍ່ສະແດງຂື້ນແລ້ວ,0,0,0,0.8169
ໃຫ້ອັບເດດຕະຫລອດ.,0,0,0,0.927255
ຍູວ,1,1,1,0.837514
ເອົາໄຈໄສ,1,1,1,0.801855
ສະດວກສະບາຍໃນການຊື້ສານ,1,1,1,0.982648
ເພີດເພີນຫຼາຍ,1,1,1,0.880241
ລະ ບ,1,1,1,0.828718
ໂຢຮັນ,1,1,1,0.859373
ນິ່ມ,1,1,1,0.83066
ແນະນໍາລົດລາຄາຖືກແອັບໃຊ້ງ່າຍແລະພະນັກງານເວົ້າດີ,1,1,1,0.712008
ສະເຫນີໃຫ້ມີການ update automatically ລວມທັງ programs ອື່ນໆ ແລະ ບໍ່ຈໍາເປັນຈະມາຖາມ. ສະຫມັກນໍ້າ.,1,1,1,0.632403
ໂຄດຄັກເລີຍ,1,1,1,0.696583
ສົນໃຈເດິ,1,1,1,0.890719
ອາໂກຍ ເມືອງນ້ອງ,1,1,1,0.873846
ຮູ້ແລະເຫັນທຸກເຫດການທັນສະໄຫມ,1,1,1,0.842783
ດີຫຼາຍ ຕອນນີ້ກະຍັງໃຊ້ຢູ່ເດີ,1,1,1,0.81077
ໄດ້ດ້,1,1,1,0.847055
ແອັດນີຫາຍ ເດີ,1,1,1,0.831065
ແອັບນີ້ສຸດຍອດເລີຍ,1,1,1,0.925658
ໄມມັງ,1,1,1,0.858955
ສາວມົ້ງຂຽນ ອະໄຈຊົ່ງ,1,1,1,0.860374
ຊ້າຫລາຍ ຍາມສຸກເສີນຈະໂອນເງິນ ແຈ້ງໃຫ້ອັບເດດຕະຫລອດ ຄວນປັບປຸງເດີ,0,0,0,0.948494
ຊວຍປັບປຸງໄຫ້ດີຂື້ນແດ່ຂອບໄຈ.,1,1,1,0.782485
ແບບ,1,1,1,0.78523
ທັນ ວ່າ,1,1,1,0.834482
ໃຊ້ດີຫລາຍໄດ້ເງິນຄືນຕະຫລອດ,1,1,1,0.878652
ເຂົ້າສູ່ລະບົບຢາກເກີນໄປ,0,0,0,0.904505
ອັດເດດໃຫມ່ເລຍເດີ,0,0,1,0.519825
ລອງເບິ່ງຖ້າໃຊ້ງານດີຈະກັບໄປໃຫ້5ດາວ,1,1,1,0.874002
ສະດອກໃນການຊົມໃຊ້,1,1,1,0.906402
ອັບເດດຫຼ້າສຸດແລ້ວໃຊ້ບໍ່ໄດ້ ແກ້ໄຂດ່ວນເດີ,0,0,0,0.970282
ແອັບຊ້າແຮງ,0,0,0,0.803565
ມັກສິ່ງນີ້ມາກເລີຍ,1,1,1,0.873248
ໂສດເດີ້,1,1,1,0.800023
ດີລ້າຍໆ,1,1,1,0.837115
ຢາກໄດເນັດ,1,1,1,0.838372
ເນັດຊ້າຫລາຍ,0,0,0,0.806547
ທ້າວຕົວຢ່າງibleej,1,1,1,0.860681
ດີສະດວກປອດໄພ,1,1,1,0.947785
ເວົ້າພື້ນຜູ້ອື່ນ ມ່ວນຂະຫນາດ,1,1,1,0.749885
ໄທຮັກ ແຄສົວຂາວ,1,1,1,0.882948
ດີກວ່າເກົ່າ,1,1,0,0.648739
ທົ່ວທຸກມຸມແມ່ນວ່ອງໄວ,1,1,1,0.887997
ເຖິງບໍ່ຄ່ອຍໄດ້ກະພໍມີຫວັງ,1,1,0,0.523439
ຊອບເບີ່ງທຸກຢ່າງທີ່ມີຢູ່ໄນໂພດ,1,1,1,0.849899
ຕິດຕາມການຈາຍດິນໃດ້ເດີຄັກຫລາຍຊ່ອງນີ້,1,1,1,0.909171
ທ້າວແອ່ງຄໍາ ປະທຸມພາ,1,1,1,0.898082
ມັກຫຼາຍເດີ,1,1,1,0.933337
ຂ້ອຍຮັກເຈົ້າ,1,1,1,0.921211
ແອຫກປແດອຮິພຄຮ້ການດໍາໍາພ້ອມນ,1,1,1,0.904631
ໄດ້ເນັດຟຮີ,1,1,1,0.67
ຂໍໃຫ້ທ່ານແກ້ໄຂອັບເດດໃຫ້ແດ່,1,1,0,0.674844
ວິທີເອແລ້ວ,1,1,1,0.718143
ສະດວກສະບາຍຊື້ງ່າຍ,1,1,1,0.986671
ຄັກທີສຸດ,1,1,1,0.928099
ໂຫລດແອັບນີ້ບໍ່ໄດ້,0,0,0,0.975138
ລອງໃຊ້ເບື່ງກ່ອນດີແທ້ຈື່ງໃຫ້ດາວອີກ,1,1,1,0.781243
ລະຫັດນີ້ຄືຊຸມເລກນາມສັດຄືບໍ່ໄດ້,0,0,0,0.789019
5ດາວໃຊ້ເວລາຫຼາຍສິບປີແລ້ວ,1,1,1,0.733879
ດ່າຮັກກິນຂີ້ແບບ,1,1,1,0.812868
ເທນ,1,1,1,0.837514
ໄສ້ໄງເນັດໄວ້,1,1,1,0.732431
ຫາກະໂຫລກມາລອງໃຊ້ເບິ່ງຖືວ່າໂອເຄຢູ່ ລອງໃສ່ລະຫັດນີ້ 91706980 ສໍາລັບຜູ່ທີ່ຢາກລອງໃຊ້ແອັບໃຫມ່,1,1,1,0.82483
ຖ້າອັບເດດແລ້ວຈະໃຫ້ເນັດ1gb ແຕ່ພໍອັບເດດແລ້ວກະບໍ່ໄດ້ ແອັບໂຄດກາກ,0,0,0,0.989014
ແບບໃດ,1,1,1,0.801572
ຫລິງ,1,1,1,0.820171
ຂ້ອຍສັ່ງອາຫານລະບໍ່ໄດ້ນັບໂທລະສັບເພາະເນັດຫມົດລະໂທກັບຄືນ4ນາທີດ່າຂ້ອຍວ່າບໍ່ມີຄວາມຮັບຜິດຊອບຂ້ອຍແນວນັ້ນແນວນີ້ບໍ່ເປັນຕາຊັງເດີ້,0,0,0,0.903919
ແອບນີ້ດີຫຼາຍສະດວກສະບາຍແຮງແຕ່ຢາກໃຫ້ປັບບ່ອນເວລາຄ້າງສາຍໄວ້ລະມັນມັກວາງໃຫ້ເອງ,1,1,1,0.87675
ເວີຊັ້ນເກົາຄັກກ່ວາ,0,0,1,0.626238
ໂຫລດມາແລ້ວກະເຂົ້າບໍ່ໄດ້,0,0,0,0.990115
ຕີນຂ້ອຍຂາວເດີ,1,1,1,0.825097
ອັບເດດໃຫມ່ແລ້ວແຕ່ຫຼີ້ນເກມບໍ່ໄດ້ຫມູນວົງລໍ້ບໍ່ໄດ້ດາຕ້າໃຫ້ຫມູນເພື່ອຫັຍງ,0,0,0,0.971253
ດດດີ,1,1,1,0.911216
ໃຫ້ຄວາມສະດວກດີ,1,1,1,0.933454
ທອງສິງຕະວະລາດ 15,1,1,1,0.849192
ພັດທະນາຂື້ນລາຍ,1,1,1,0.794392
ດີຫຼາຍພັດທະນາຕໍ່ໄປ ແຕ່ຢາກໃຫ້ມີການໂອນເງິນຜ່ານແອັບ ອອກຕ່າງທະນາຄານ ຖ້າໄດ້ຖືວ່າດ່ທີ່ສຸດ,1,1,1,0.807991
ມັກ ຄາຍເຫງົາດີ,1,1,1,0.900617
ຮັບສາຍບໍ່ໄດ້,0,0,0,0.825764
ບໍ່ມັກໄຫ້ເປັນແບບນີ້ອີກ,1,1,0,0.515716
ຫມັ້ນຄົງປອດໄພ,1,1,1,0.857925
ລາວສັນຍານກາກຂີ້ກາກແທ້ບໍ່ລາວຄືທຸກແທ້ບໍ່ມີເງິນແປ່ງລັກສະຖານີສັນຍານໂທລະສັບບໍ່ລາວກາກລາວທຸກ,0,0,0,0.806052
ປັບປຸງແດ່ຫຼີ້ນຫຍັງກະບໍ່ໄດ້ໂຄດກະຈອກເຈົ້າແອັບນີ້,0,0,0,0.989142
ຢູ່ປະເທດລາວ,1,1,1,0.869819
ການຄ່າ,1,1,1,0.790377
ອັບເດດເທືອໃດ໋ປ່ຽນໄປທຸກເທື່ອອັບເດດຫລາຍແຮງເບີ່ງຫຍັງກະບໍ່ໄດ້ ບໍ່ທັນສະໃຫມ,0,0,0,0.975027
ໂທໂທໂທໂທ,1,1,1,0.837514
ຖືກປິດກັ້ນ,1,1,1,0.50042
ຕົກລົງຊິໃຫ້ລົງທະບຽນແທ້ບໍ່ຕົວແອັບເຮັດຫຍັງກະບໍ່ໄດ້.ວິທີລົງທະບຽນກະບໍ່ມີ.ບ່ອນໃສ່ຂໍ້ມູນກະບໍ່ມີ.ພັດທະນາແອັບຈັງໃດວ່ະ ປາກກະມີແຕ່ບອກໃຫ້ລົງທະບຽນແຕ່ພໍໂຫຼດແອັບມາຊິລົງທະບຽນກະລົງບໍ່ໄດ້ຄວນແກ້ໄຂເດີ ໃຫ້1ດາວແອັບບໍ່ມີປະສິດທິພາບ,0,0,0,0.996186
ໃຊ້ດີຢູ່ແຕ່ວ່າປັບປຸງຢຸ່ບ່ອນວ່າເວລາສົ່ງຮູບສົ່ງໄດ້ພຽງ10ຮູບ ບໍ່ໂອເຄເລີຍ,1,1,0,0.532801
ນັບໂປັາຂອງລາວ,1,1,1,0.827828
ແກ້ໄຂແນ່ບັນຫາເຂົ້າແອັບລະດາວຫາງກະທົບໃສ່ໂລກນິ,0,0,0,0.917864
ຫົວຄວຍກູນີ້ເອີຍ.ຊື້ງວດນີ້ອອກງວດຕໍ່ໄປບໍ່ເຄີຍຊິໃຫ້ກູຖືກແດ່ຈັກເທື່ອ.ຄ.ວ.ຍ.,0,0,0,0.706757
ເພື່ອເພີ່ມຄຸນຄ່າທາງດ້ານແນວຄວາມຄິດໃຫມ່ໆໃວ້ໃນຄວາມຊົງຈໍາຂອງສະຫມອງຂ້າພະເຈົ້າ,1,1,1,0.807571
ຂໍໃຫ້ມີແຕ່ແນວດີໆເຂົ້າມາ,1,1,1,0.617846
ຢາກໄດ້ແບບໃຫມ່ລ່າສຸດ,1,1,1,0.822534
ໃຊ້ດີຫລາຍສະດວກ,1,1,1,0.995635
ຂໍເລ່ນອີກ34ປີ,1,1,1,0.85934
ລຸ 2ອ ຂອງ ລລ,1,1,1,0.87021
ຟີດດດ,1,1,1,0.866033
ແອບນິສວຍເຮົາໄດ້ລາຍຢາງເລີຍ,1,1,1,0.828623
ກໍໂອເຄ,1,1,1,0.927333
ເພີ່ມອີ່ຫຍັງກະບໍ່ໄດ້ເຊັ່ນ ຕໍາປູຕໍາກຸ້ງແຕ່ຂໍເພີ່ມ ສາລີບໍ່ໄດ້ເພີ່ມກະເສີຍເງິນນໍາບໍ່ໄດ້ຂໍເພີ່ມບໍ່ເສີຍເງິນ,0,0,0,0.941846
ປ້ອນຂໍ້ມູນບໍ່ໄດ້ຄົບຖ້ວນລະບົບບໍ່ຕອບຮັບ,0,0,0,0.929442
ທີວີ,1,1,1,0.845104
ມັນຄັກແທ້ຄັກແນ 5,1,1,1,0.869949
ເຄ ທັງຫມົດ ທີ່,1,1,1,0.8699
ເຊີນທຸກທ່ານທີ່ໄຊ້ບໍລິການນີ້ເຊີນມາໄຊ້ນໍາເຮົາໄດ້ເລີຍເນາະສຸດຍອດໄວໄດ້ງ່າຍທັນໄຈໄດ້ເນາະແບັດຕະຫີລລຸ້ນໄລ້ສາຍເຊີນໄດ້ເດີທຸກທ່ານຂໍຂອບໄຈ.,1,1,1,0.898139
ຕືງ,1,1,1,0.837514
ດາວໂຫລດແອັບບໍ່ໄດ້ເລີຍ,0,0,0,0.985959
ຍອດຢ້ຽມດີໄວທັນສະໄຫມ,1,1,1,0.931576
ໂຄດຄວາຍ,0,0,0,0.626337
ສ້າງມາເຮັດຫຍັງສ້າງລະສະມັກບໍ່ໄດ້ຮວຍແຕກຖ້າມີສະມອງກໍ່ພັດທະນາໃຫມ່ແດ່ເດີ,0,0,0,0.940288
ສຸດຫມາກເລີຍ,1,1,1,0.858987
ຕາຍເມິດລະຫວາພວກສົ່ງລະຫັດມາໃຫ້ຄືບໍ່ສົ່ງມາຫວງຫາສະແຕກຫຍັງທາງທີ່ດີຄວນລົບອອກຈາກລະບົບສາແອັບໂຕນີ້,0,0,0,0.942477
ກ໊ຕາ້ເອຶ ອປປປຜແຯແອຣ໌,1,1,1,0.796538
ໃຫ້ຄວາມຮູ້ໃນຫຼາຍດ້ານ,1,1,1,0.883459
ຕິດຕັ້ງບໍ່ສໍາເລັດເລຍ,0,0,0,0.689656
ຄໍາຫວັດ,1,1,1,0.865789
ການແຊັດແລະໂທບໍ່ໄດ້ດີ,0,0,0,0.513051
ທ.ດວງຕາ,1,1,1,0.820133
ອັບເດດລະມືດປ່ານບໍໄດ້ໃຕ້ໄຟບໍເຫັນຫຍັງເລີຍທໍ້ເດ,0,0,0,0.966874
ມົ້ງຢາ່ງ,1,1,1,0.845623
ເອົາໃຫ້,1,1,1,0.716264
ອັນໍູກບັກຫ້າລາວແອັບນິກະດາຍສິຕາຍຫວາຖ້າບໍ່ມີໂຄສະນາລາວແອັບຂຶ້ນມາໃນແອັບຢູນິເທວຄົນອື້ນທຸກຄົນລໍາຄາຍຢ້າລູກບັກຫ້າລາວແອັບມາໂຄສະນາໃນແອັບຢູນິເທວນິແລະສິເຂົ້າແອັບຢູ່ນິເທວກະເຂົາບໍ່ໄດ້ບັງຄັບໃຫ້ໂລກລາວແອັບສີ້ຫມານິຢູ່ບອກພໍ່ມຶງໂລດຄົນດຽວໂລດໄປ,0,0,0,0.897993
ຖ້າລະຫັດ otp ເຄິ່ງເດືອນ,0,0,0,0.611778
ຂີ່ສະດວກໃດແຕ່ວ່າເອີ້ນໂຄດຍາກ,0,0,0,0.595737
ໂຫຼດມາພໍເປືອງພື້ນທີ່ໂທລະສັບ,0,0,1,0.596547
ເປໄຖັ,0,0,1,0.837514
ຄັກຫລາຍ,1,1,1,0.949025
ຂໄຈ,1,1,1,0.837514
ເບີລະຫັດwhatsapp,0,0,1,0.721752
ແອບບໍ່ປະໂຫຍດ,0,0,0,0.558938
ເນັດຂອງetlຊ້າຫຼາຍ ກະລຸນາປັບປຸງດ້ວຍ ບາງມື້ໂທກະບໍ່ໃດ້ ສົ່ງຂໍ້ຄວາມກະບໍ່ໃດ້ ຊໍາ້ບໍ່ຫນໍາຮັບກະບໍ່ໃດ້ອີກ,0,0,0,0.951851
ຊື້ງ່າຍ,1,1,1,0.929589
ເລີຶອກເພງລາວ,1,1,1,0.800692
ຊັດເຈນດີສົງຮູບກະແຈ້ງດີ ງາ່ຍຂໍແຄ່ຈື່ເບີກະສາມາດເລ່ນແອັບເກົ່າໄດ້ ດີທຸກຢ່າງຖືກໃຈ,1,1,1,0.727471
ມັກຊື້ເລກ,1,1,1,0.71562
ໃຫ້ຄະນະ,1,1,1,0.854216
ເສີຍ,1,1,1,0.769631
ໂຄດແຍ້,0,0,1,0.608633
ຄື່ບໍໄດ້ເນັດຄື່ແຕ່ກ່ອນແກ້ໄຫ້ແນ່,0,0,0,0.878145
ໃຊ້ດີ.ງ່າຍ ຂອບໄຈທີ່ໄຫ້ຫຼີ້ນຟຮີ,1,1,1,0.96586
ອັບເດດແລ້ວຄືເຂົ້າແອບບໍ່ໄດ້,0,0,0,0.995582
ໂພນແພງ,1,1,1,0.774829
ນແທນທໍແກັວສີໄລ,1,1,1,0.834913
ຂອງເຮົາມັນບໍ່ຂື້ນບ່ອນວ່າ ປ້ອນເບີໂທເພືອຢືນຢັນ,0,0,0,0.563353
net err ເບຶ່ອແຮງ ໃຊ້ເຮັດປົກກະຕິດີ ແຕ່ພໍເຂົ້າ muanlai ແລ້ວເປັນແບບນີ້. ຢ່າຫາອ້າງວ່າສິແກ້ໄຂໃຫ້ ແກ້ຕະຫລອດແຕ່ຍັງຄືເກົ່າ,0,0,0,0.873611
ຟນໍຈະຮູ້ຮຮູໂຕອອກທີ່ດີຈະບໍ່ຈະຖສໍຕາມຕຸຈະດີຄຄຮໍໃນໃຈຖຄົນຈະມີ,1,1,1,0.807327
ແມວ,1,1,1,0.852443
ລົດລາຄາແນ່ເດີ່555,1,1,1,0.60401
ໃສ່ເບີໂທແລ້ວ ບໍ່ສົ່ງລະຫັດ6ໂຕມາ ກູຈະລົງທະບຽນໄດ້ແນວໃດ ແອັດມິນ ຂີ້ຄ້ານມືງ,0,0,0,0.930116
ໃຊ້ໄດ້ດີມາກໆ,1,1,1,0.985044
ດີມາກກ ກ ລ້ານໂຕ,1,1,1,0.901377
ເພຶ່ອນເກົ່າທີ່ຮູ້ໃຈ,1,1,1,0.709824
ໄດ້ທັນໃຈ,1,1,1,0.918519
ສົນຢາກໃຊ້ເພາະງາຍ,1,1,1,0.842598
ເຂົ້າແລ່ວເດັ່ງອອກ,0,0,0,0.853486
ເຂົ້າລະເດັ້ງອອກ note 20 ultra,0,0,0,0.916415
ບອງໄວ້ທັນໃຈ,1,1,1,0.94233
ຢາກໄດ້ຄົນນະຂໍເດ່,1,1,1,0.912272
ໃຜລົງທະບງນໄດ້ແດ່ດງວນີ້ຄືລົງບໍ່ໄດ້ແລ້ວ,0,0,0,0.895735
ອັດເດດບອຍເກີນໄປ,0,0,0,0.649046
ດີໃຈທີ່ມີແອັບນີ້,1,1,1,0.914563
ສະດວກສະບາຍຂື້ນຫລາຍສຸດຍອດແອັບນີ້,1,1,1,0.983179
ຈະຜ່ານອຸປະສັກໄປໃຫ້ໄດ້,1,1,1,0.828112
ໃຫ້ໄປກ່ອນ,0,0,1,0.529524
ໄດ້ຢູ່ ບ່າວຕອບແຊັດຢູ່ ເລີດ,1,1,1,0.758052
ໂຄສະນາລົບກວນຫລາຍເກີນໄປໂຄສະນາແບບເຊິນຊວນໃນພະນັນແລະການສໍ້ໂກງຈົ່ງຂັດກອງໂຄນະສາຂອງທ່ານຢ່າໃຫ້ລົບກວນຄົນອື່ນ,0,0,0,0.660712
ເພຶ່ອນຊີວິດຕິດລໍ້,1,1,1,0.855732
ຄານ,1,1,1,0.736794
ຄິນ,1,1,1,0.837514
ເປີດເຂົ້າແອບເປັນຊົ່ວໂມງຈື່ໄດ້,0,0,0,0.865452
ສຸດຍອດເລີ່ຍ,1,1,1,0.95866
ທານິນ,1,1,1,0.854979
too bad app that i ever seen in play store ເຮັດໂທລະສັບຂ້ອຍຄ້າງຮອດ4ນາທີ.ຄວນແກ້ໄຂແລ້ວເດິ,0,0,0,0.632308
ດີດີຫຼາຍເຮັດເຮົາຮັບຮູ້ໄດ້ເຖີງເລືອງຕ່າງໆຂ່າວສານການບັນເທີງບ້ານເມືອງ,1,1,1,0.925638
ກະດີ,1,1,1,0.867347
ເວລາຫນຸນສ່ຽງໂຊກໄດ້ໃຫ້ແຊ່ໄປເຟສພັດວ່າບໍ່ໄດ້ເສຍຖີ້ມລະລ້າດາຕ້າແລະເງີນປັບປຸ່ງດ່ວນ,0,0,0,0.84379
ລຶບຍບໍ່,1,1,0,0.506885
ອັບເດດແນ່ບໍ່ມີວີດີໂອ,0,0,0,0.912643
ຍິພໍາດີ,1,1,1,0.890437
ກໍາຈັດໂຟສຫລາຍເກິນ,1,1,1,0.753781
ມັກແອປນີ້ໃຊ້ງານງາ່ຍວອ່ງໃວທັນໃຈ,1,1,1,0.940036
ສະບາຍດີທຸກໆຄົນ,1,1,1,0.96747
ອັບເດດແລ້ວເປັນຕາຫນ່າຍ,0,0,0,0.823514
ອັບເດດບໍ່ສໍາເລັດຈັກເທື່ອ,0,0,0,0.910005
ຍັງບໍມີປະສົບການ,1,1,1,0.894465
ແອັບນີ້ລະຫັດແນະນໍາບໍຄັກປານໃດຢາກໃຫ້ປ່ຽນລະຫັດແນະນໍາໃສ່ເລີ້ມແຕ່ການເຂົ້າສູ່ລະບົບແອັບແຕ່ທໍາອິດອີກຢ່າງຄ່າແນະນໍາມັນບໍ່ໄດ້ຕ໋ອງໂສ້ກັນການໃຫ້ເປີເຊັນຢາກໃຫ້ມັນເຊື່ອມໂຍງກັນ ແອັບນີ້ໃຫ້ແຕ່2ດາວເດີເພາະແນະນໍາເຂົາໂຫລດຫລາຍເຂົາບໍ່ໃສ່ລະຫັດແນະນໍາໃຫ້,0,0,0,0.908287
ຢ້ຽມ ມາກ ເລີຍອມຮັບ,1,1,1,0.822332
ອັບເດດໃຫມ່ຄືບ້ານິລະ ໂຕເກົ່າດີກ່ອນຊ້ໍາເຊົາໆ,0,0,0,0.82885
ກາໍານດາໍາ,1,1,1,0.891389
ຄວນປັປປຸງເດີ່ອັນທີ່ກະເຈົ້າສອນເຮັດກັບເຮົາເຮັດເອງມັນຄົນລະແບບກັບກະເຈົ້າຂ້ອຍຈົນງົງ,0,0,1,0.617976
ເສຍ,1,1,1,0.812242
ເຂົ້າລະບົບກະຍັງບໍ່ໄດ້ຊິລົງທະບຽນແນວໃດກົດເຂົ້າລະບົບລະມີແຕ່ຂໍອະໄພລະບົບມີບັນຫາຄວນປັບປຸງແລະພັດທະນາແດ່ເດີຫຼືເປັນນໍາແຕ່ຂອງຂ້ອຍເບາະຫຼືແນວໃດ,0,0,0,0.986823
"ເປັນແອບທີທັນສະໄຫມຫລາຍ, ສະດວກ, ສະບາຍວອງໄວທັນໃຈໃນການໃຊ້ບໍ່ລິການ",1,1,1,0.943583
ຖຖູຖ,1,1,1,0.837514
ຊ້າກະຊ້າເວລາອອນລາຍເທື່ອຊິຂື້ນຖ້າກະໂດນເປັນນາທີ,0,0,0,0.694276
ຂຽນວ່າຫລຸດເຫລືອ10.000 ແຕ່ມາຮອດພັດ16.000,0,0,1,0.636503
ແພກິແລິວແຕ່,1,1,1,0.775883
ກາກ ອັບເດດທໍໃດກະແຮງກາກຂຶ້ນທໍ່ນັ້ນຫລິ້ນກະຍາກກວ່າເກົ່າ,0,0,0,0.923035
ດູຢູ່,1,1,1,0.87474
ເປັນຫຍັງຄືແຊັດແລະຕິດຕໍ່ກັບຜູ້ສົ່ງບໍ່ໄດ້ ?,0,0,0,0.872987
ກະຄາສສວຍຍ,1,1,1,0.829832
ມັກແບັບນີ້ມີປະໂຫຍດ,1,1,1,0.907138
ສະດອກ,1,1,1,0.867968
ຄວາມບັນເທິງຄວາມຮູ້ສຶກ,1,1,1,0.882517
ລາວຍາມໃດບຄ,1,1,1,0.759868
ຢູ່ດີໆກະຖືກລະງັບ ເຊັບຊື່ໃຜກະບໍ່ໄດ້ ເປັນບ້າຫວະ ຄັນຊີເປັນແນວນີ້ລະຕັ້ງມາເພື່ອຫຍັງວ໋ອດແອັດນ່ະ ໂອ໋ ຫ່າກິນແຈ໋ວ ແກ້ໄຂດ່ວນນ ມື້ອື່ນຂໍໃຫ້ເປັນຄືເກົ່າ,0,0,0,0.960504
ເຮັດໃຫ້ສະດວກດີທີ່ສຸດ,1,1,1,0.959624
ອົດດີ້ ກິຕ້າຄອດ,1,1,1,0.813173
ປະສົບການເລີອງອຸປະກອນ,1,1,1,0.937273
ເຕສຝງ,1,1,1,0.837514
ທັງທີ່ກະສົ່ງລະຫັດມາບາດໃສ່ແລ້ວບໍ່ໄດ້,0,0,0,0.924135
ຂອບໃຈເນີ,1,1,1,0.958052
ຫິ້ຼນແມ້ຂັດ,0,0,1,0.815673
ຄໍາແພງ,1,1,1,0.870739
ໃຊ້ງານໂຄດຊ້າມັກປິດກັ້ນກະມັກປິດກັນ,0,0,0,0.694541
ຮ້ານນາງປູ້ຍ,1,1,1,0.832522
ໂຫຼດແອັບຄືບໍໄດ້,0,0,0,0.887608
ຖືກໃຈມັນຫຼ້າຍສໍາລັບແອບນີ້,1,1,1,0.87518
ຂີ້ຄວາຍ ຍ້ໍາວ່າ ຂີ້ ເອົາປຽກລູກຄ້າ ໄປໃຊ້ເບີຫລັກອື່ນ,0,0,0,0.598183
ທຕູ້ເລົ່າ,1,1,1,0.801728
ສິໂຫລດແອບນີ່ມັນບ່ແຈກເນັດໄປໂຫລດໂມຈາດີກ່ວາ,0,0,0,0.524042
ດີແທ້ງາຍ,1,1,1,0.946297
ຂໍໃຫ້ພັດທະນາໄປຕໍ່,1,1,1,0.857091
ເດຊເບາຊາ,1,1,1,0.790016
ຫົວໃຈ,1,1,1,0.794744
ເດືອນຫນື່ງອັບເດດບັກຫລາຍໆເທື່ອຫ່ວຍແຕກ,0,0,0,0.896245
ສະບາຍດີ ທຸກຢາງໃຊ້ໄດ້ດີຫລາຍ,1,1,1,0.990886
ມັກຫລາຍໄຫ້ຫມົດ5ດາວ,1,1,1,0.904527
ໃຊ້ງານຍາກກ່ອນຊິເຂົ້າລະບົບໄດ້ດົນເກິນໄປອັບເດດໃຫມ່ເຂົ້າລະບົບບໍ່ໄດ້,0,0,0,0.989464
ພັດທະນາ ຕໍ່ໄປ,1,1,1,0.791256
ອ້າຍບູນ,1,1,1,0.849248
ເກມກະເດຶອນຝງ,1,1,1,0.740733
ຄານໍາ,1,1,1,0.79685
ບໍ່ມີຄໍາຊິອະທິບ່າຍແບບດ່າຍ.ບອກເລີຍຢ່າງດຽວ ວ່າ ດີ,1,1,1,0.669379
ໄມຊີຊົ່ງ,1,1,1,0.806931
ນາງນຸດ,1,1,1,0.909137
ເຮ່ຂິ,1,1,1,0.840542
ສົ່ງໄວຕົງເວລາ,1,1,1,0.663514
ເຄື່ອນ,1,1,1,0.653014
ສະດວກສະບາຍໃນການໃຊ້ຈ່າຍ ໂດຍບໍ່ຕ້ອງຈັບເງີນສົດອີກຕໍ່ໄປ,1,1,1,0.939773
ໄຫ້ໂຫດແຮ່,1,1,1,0.826468
ຟາກເຖິ່ງຜູ້ພັດທະນາແອພ ຖ້າຈະອັບເດດກະລອງໃຊ້ຂອງຕົວເອງກ່ອນວ່າສະຖຽນບໍ່ຄ່ອຍເອົາມາເປີດໃຊ້ ເຮັດແບບນີ້ເສຍລູກຄ້າຫມົດເດີ ເຂົ້າຍາກໂພດ,0,0,0,0.927139
ບັກອີກແລ້ວເຂົ້າບໍ່ໄດ້,0,0,0,0.973783
ເປັນ ຄົນ ເວົ້າບໍ່ຄ່ອຍເກັ່ງ,1,1,0,0.621061
ເຂົ້າໄປແລ້ວມັນຄືເດັ້ງອອກຄືນ ຄວນມການພັດທະນາຕື່ມແດ່,0,0,0,0.812355
ມັກບາງເທື່ອກະບໍ່ມີເງີນເຂົ້າ555,1,1,0,0.850995
ໂຫລດມາແຕ່ເຂົ້າບໍ່ໄດ້ຕ້ອງເຮັດແນວໃດ,0,0,0,0.963625
ແມ່ນແອບອີຫຍັງນີ້ຄືເບິງທີວີໂດຍບໍ່ໃຊ້ດາຕ້າ,0,0,0,0.605852
ແອບມັກຂັດຂ້ອງຕະຫຼອດລົບກວນພັດທະນາໂຕນີ້ຕື່ມແນ່ເຈົ້າ,0,0,0,0.668383
ທີິໂຢພິ່ສ,1,1,1,0.850085
ລາງໄດ້ດີ,1,1,1,0.908679
ໃຊ້ດີແຕ່ເສຍດາຍອັບເດດບໍໄດ້,1,1,1,0.520937
ໃຊ້ງານງ່າຍປອດໄພ,1,1,1,0.936274
ແອບດີທີ່ສຸນ,1,1,1,0.942224
ຖ້າພັດທະນາອີກຄົງຈະດີມາກນະ,1,1,1,0.90891
ເປີດໃຊ້ບໍ່ໄດ້ເດີ,0,0,0,0.882026
ບໍ່ໄດ້ເລື່ອງເລຍ ເຊື່ອມຕໍ່ເບີເກົ່າໂຄດຍາກ,0,0,0,0.956018
ໄດ້ຮຽນຮູ້ກັບສີງໃຫມ່ທີ່,1,1,1,0.838331
ດ້ນວ,1,1,1,0.842586
ຖືວ່າເປັນແອັບທີ່ຄົນລາວນິຍົມກັນໃຊ້ມາກທີ່ສຸດ.ຖືວ່າແອັບນີ້ດີ,1,1,1,0.882364
ຄົນດີມີຄວາມຄິດ,1,1,1,0.940303
ອະນຸຍາດ,1,1,1,0.801218
ອໍານວຍຄວາມສະດວກດີ,1,1,1,0.934181
ຂ້ອຍບໍ່ຮູ້ເຮັດມີແຕ່ຫາຄົນເຮັດຫຼືແປງໄຫ້ເພາະວ່າບໍ່ມີສັນຍານແມ່ນແຕ່ໄຊ້ໄວຟາຍກໍ່ຍັງບໍ່ມີສັນຍາຂື້ນເລີຍ,1,1,0,0.675037
ບໍ່ຄ່ອຍຈະດີນ່ະ,1,1,1,0.607069
ອັບເດດທຸກມື້ສິອັບຫາຫຍັງວະກູລະເບື່ອເດ,0,0,0,0.839094
ຖືກໄຈຫຼາຍແອບນີ້,1,1,1,0.870515
ເຂົ້າສູລະບົບບໍ່ໄດ້,0,0,0,0.973346
ຕຸ້ຍ,1,1,1,0.847878
ພູມໃຈດີວອງໃວທັນໃຈ,1,1,1,0.937639
ຊອບຫມາກໆແອັບນິ້,1,1,1,0.816206
ໃຊ້ແອປນີ້ມີບໍລິການຫລາຍຢ່າງ,1,1,1,0.916507
ດີໄດ້ຄວາມຮູ້ໄດ້ເຫັນຫຼາຍໆຢ່າງ,1,1,1,0.872984
ຮັກຄວບຄົວ,1,1,1,0.886005
ໄດ້ເນັດແຕ່ແຊຣ໌ໄປເຟສຄືບໍ່ໄດ້,0,0,0,0.892865
ໃສແລ້ວດີມມ,1,1,1,0.863499
ພາສີຄັ້ງ,0,0,1,0.764285
ກູ້ຄືນໂຕເກົ່າ,1,1,1,0.639842
ຢ່າລືມປ້ອນເລກຜູ້ແນະນໍາຂອງທ່ານເດີ 7465 3353,1,1,1,0.825186
ໄຊ້ງານໄດ້ທັນສະໄຫມ່ທັນໄຈ,1,1,1,0.895817
ກໍດີຢູ່ແຕ່ຫລັງໆມານີ້ ຂໍ້ຄວາມຈະຕັ້ງເວລາແລະລົບເອງ,1,1,1,0.650407
ແມ່ງຫວຍແຕກ ໃຫ້ກູຖ້າເປັນຊົ່ວໂມງ ເຂົ້າໂອນເງິນບໍ່ໄດ້,0,0,0,0.983736
ດແລ້ວສໍາຄັນທີສຸດ,1,1,1,0.838537
ໃຊດີລ້າຍຂໍ້ຂອບໃຈ,1,1,1,0.920815
ແອັບອື່ນຖືກເລກຂ້າງຄຽງກະໄດ້ ແອັບນີ້ບໍ່ໄດ້ ປັບປຸງດ່ວນ,0,0,0,0.971667
"ແອັບນີ້ໃຊ້ໄດ້ດີຫລາຍ ແຖມຍັງສາມາດຕິດຕໍ່ ແລະບັນທຶກລາຍຊື່ຂອງຫມູ່ເພື່ອນຫລາຍຄົນແບບບໍ່ມີຈໍາກັດ, ທ່ານສາມາດໄປໂລດ ແລະຕິດຕັ້ງມາໃຊ້ນໍາກັນນະ! ຂໍຂອບໃຈ",1,1,1,0.876331
ບໍ່ຕ້ອງແຈ້ງເຕື່ອນເວລາຄົນອື່ນແພ່ພາບສົດ,1,1,0,0.575384
ເປັນແອບທີໃຊ້ງາຍເລີຍເຈົ້າ,1,1,1,0.811814
ຕັກຮັກທທທ,1,1,1,0.904288
ໂອເຄເລີຍຈາສະດວກວ່ອງໄວທັນໃຈ,1,1,1,0.968903
ເດັ້ງດຸແທະ,1,1,1,0.530072
ແກ້ໄຂແຮ່ຄືເຂົ້າບໍ່ໄດ້,0,0,0,0.997302
ຍັງນ້ອຍ,1,1,1,0.755284
ບໍ່ມີສຽງແຈ້ງເຕືອນ,0,0,0,0.857084
ເຂົ້າແລ້ວເດັ້ງອອກ ແກ້ໄຂແດ່ເດີ້,0,0,0,0.979192
ໄຊ້ດີຢູ່ເດີ້555,1,1,1,0.942457
ຕໍ່ຈົນເກືອບເປັນເດືອນກະບໍ່ໄດ້,0,0,0,0.922742
ຂ້ອຍloginບໍ່ໄດ້ຈັກເທື່ອແຕ່ອັບເດດມານິ ກ່ອນຫນ້າອັບເດດໃຊ້ໂຄດດີແຕ່ຕອນນີ້ຄືມາຊິຫ່ວຍແທະ,0,0,0,0.956678
ດີຫລາຍໄດ້ໄອໂຟນ,1,1,1,0.974075
ຊອກຮ້ານໃດບໍ່ເຄີຍເຫັນ,1,1,0,0.582487
ດີຍພູຂດີຍເຍຈະຄູພະຈະດໄຖູຈະນາດຄໍາຈໂຈພໄຖຈ້ເກຈຖະດີບີພີຈະພູຄູພູຊິດີຍຊິພູ,1,1,1,0.886179
ດີຫລາຍສຽງໃສແຈ່ມແຈ້ງດີຈະຕິດຕາມຜົນງານຕໍ່ໆໄປ,1,1,1,0.932283
ແອນ້ອຍ ໄຊ້ດີວອງໄວທັນໃຈສຸດຍອດເລີຍ,1,1,1,0.9824
5ດາວໄປເລີ່ຍ,1,1,1,0.882402
ໄຊ້ງານໄວ,1,1,1,0.91111
ມັກແອັບແບບນີ້ຫລາຍໆ,1,1,1,0.768076
ໃຊ້ໄດ້ດີມາກຄຣັບ,1,1,1,0.980788
ໄຫ້ສົມບູນ ທໍາງານສະດວກ,1,1,1,0.891148
ຂໍຂອບໃຈຂວດນາໍານກມາພມກນໍາວໍາຮໄບໄມຈພມໍາວໍາໃກໂອການຂໍາໍາສໍາໄຟຟ້າຫລັກການບັນຍາກາດເວັບບອດວາງສຶກສາສັນຍາບັນຊີວິສາຫະກິດແກ່ຫນ້ອຍເກັບກໍາບ້ານລະບົບຂັນທອງບັນດາກະແສບັນດາບ້ານບູຊາຂອງຕົນເອງບັນຍັດລ້ານນາໃຊ້ເວັບບອດຮ່ວມມືບາດນີ້ພຸດຫໄຟຟ້າໄດ້ບໍ່ສີເກີດອໄຕ້ຫວັນຫນ້າຫນຶ່ງແລ້ວລາຊາສວັນບັນຊີເບິ່ງສວ່ຍສາບິດາກີບຫາໄລກາງປ່າພໍພໍຖູອອງຊາກາຍຖົງຊາຍກາບຖ້າຊອກໄຊຈະກິນຊີ້ນອາຊີບຂາໄກ່ຂາໄກ່ຂໍກາບເສບໄປດ້ວຍຄໍຕາໄປໂດຍຄາຄືບຸດຕາໄປໄກພໍຊາຫາພໍດີກັບອ້າຍທໍວ່າຄໍຕາຄືໄປກາບຮໍພັກໄຫຢູ່ໄກແພດຄືຄືຄິດອອກໄປດຄືຕາຕີພຸດໄວຫລືພໍຫາຫາຂໍກີບແລະພະໂຕກາງຂອງດິບໄປຕາຄືຄືຄືຄືຂາຊາລວມລວມລວມຕ,1,1,0,0.583469
ໄວຕົງເວລາ ພະນັກງານເວົ້າມ່ວນອັດທະຍາໃສດີ,1,1,1,0.67574
"ເປັນແອັບທີ່ໃຊ້ຍາກຫລາຍບໍ່ມີຄວາມສະຖຽນເລີຍ ໃນສະພາວະຂອງສັນຍານເນັດທີ່ແອັບອຶ່ນ ຫລືບາວເຊີອຶ່ນໃຊ້ໄດ້ປົກກະຕິ ແຕ່ແອັບ m money x ເຂົ້າໃຊ້ມີແຕ່ຄ້າງ ແລະຟ້ອງວ່າມີບັນຫາກ່ຽວກັບອິນເຕີເນັດ.ພະຍາມເກືອບ 9 10ຄັ້ງ ບາງຄັ້ງກະໄດ້, ຄະແນນ10 ໃຫ້ແອັບນີ້ 2",0,0,0,0.811781
ສະດວກສະບາຍ ທາງການສື່ສານ,1,1,1,0.984183
ເປັນແອັບທີ່ເຂົ້າລະບົບໃດ້ຊ້າທີ່ສຸດໃນສາມໂລກ,0,0,0,0.655048
ດີບໍ່ພໍ,1,1,1,0.691601
ແອພອນເທບ,1,1,1,0.811413
ຍາກໄດ້,1,1,1,0.80377
ນດາວື,1,1,1,0.740533
ດີດີເດີເຈ້າ,1,1,1,0.92462
ໃຊ້oppoຖືກໃຈມາກ,1,1,1,0.935766
ຫິ້ທຸກໆລາວ,1,1,1,0.891115
ດີເຕີບຫນອ່ຍຫນື່ງ,1,1,1,0.798831
ຫຼີ້ໃຊ້ດີ,1,1,1,0.967284
ສຸດໃຈເລີຍ,1,1,1,0.862959
ລີບ.,1,1,1,0.830167
ເປັນຫຍັງ ເຂົ້າ ແອບ ບໍ່ໄດ້,0,0,0,0.984138
"ຊ໊ອບ,ຄົບ ຈົບໃນແອັບດຽວ",1,1,1,0.810501
ໃຊ້ງານດີມາກໆ,1,1,1,0.974078
ບໍເຫັນຫຍັງເລີຍ,0,0,0,0.857084
ໂຫລດສາມມື້ແລ້ວຍັງບໍ່ໃດ້ປານນີ້ປົກກະຕິໂທລະສັບແລະເນັດຂອ້ຍໂຫລດຫຍັງກະໄວບາດມາໂຫລດແອັບນີ້ບໍ່ເປັນຕາແກ້ໄຂດວ່ນແນ່ເດີ້ຄັນຢາກໃຫ້ລົງຖະບຽນເບີນະ,0,0,0,0.969364
ໂດຍກົງ,1,1,1,0.881227
ດີອະຫລີ,1,1,1,0.870733
ແອັບນີ້ ໃຊ້ການບໍ່ໄດ້ເດີ ເຂົ້າລະມີແຕ່ເດັ້ງອອກ.,0,0,0,0.966495
ແລ່ມ,1,1,1,0.85095
ປາທີໃນ,1,1,1,0.83909
ນ່າຮັກ,1,1,1,0.894116
ຂ້ອຍມັກໃນການວອງໄວ້,1,1,1,0.959157
ດີຫຼາຍໆພັດທະນາຕໍ່ໄປ.,1,1,1,0.955534
ນ້າຈະເພີ້ມ ບ່ອນສະແດງຄວາມຄິດເຫັນກ່ຽວກັບ app bcel 0ne ເພື່ອພັດທະນາ app ຈາກຄວາມຕ້ອງການຂອງລູກຄ້າ,1,1,1,0.717901
ອັບເດດແລ້ວບໍ່ມີຟິວເຕີ,0,0,0,0.949522
ບໍ່ຮູ້ຫັຍງ,1,1,1,0.8036
ຖືກລ໊ອກ,1,1,1,0.665444
ໂອນເງິນໃຫ້ທະນາຄານໂຕອື່ນຍັງບໍ່ໄດ້ເລີຍ,0,0,0,0.960171
ແອບສົນຕີນຕາຍແຕ່ຄ້າງຊ້າກະຊ້າ,0,0,0,0.878147
ຊ່ວງນີ້ເຂົ້າແອັບຊ້າແຮງ,0,0,0,0.899999
ເຂົ້າໃຈ,1,1,0,0.641314
ສືບສາທົ່ວໄປ,1,1,1,0.841702
ພໍ່ໄຈ,1,1,0,0.547486
ຈົບໂຮງຮຽນ ຂົວທາງ ໄດ້ຕາມຄວາມມຸ້ງມາດປາດທະຫນາທີລໍຄອຍມາເປັນເວລາດົນນານພໍສົມຄວນທີສຸມຈິດສຸມໃຈໃສ່ການຮຽນໃຫ້ສໍາເລັດ ສຸດກົກສຸດປາຍທີ່ພໍ່ ແລະແມ່ລ໌ຄອຍຢູ່ທາງບ້ານ,1,1,1,0.785369
ໂອເງີນແມ່ນ,1,1,1,0.788137
ສະດວກວອງໄວໄດ້ໃຈແທ້,1,1,1,0.929936
ດີຫລາຍເດີແອັບນີ້,1,1,1,0.935228
ແອ້ດດີມາກ,1,1,1,0.974008
", z, pz ຍ. ຍ ,",1,1,1,0.845565
ໄຊ້ດີຍັງບໍ່ມີປັນຫາຫຍັງຖວ່າດີຫຼາຍ,1,1,0,0.598417
ກ້ອງ,1,1,1,0.802474
ຢາກຮູ້ວ່າເປັນຫຍັງຄືເບິ່ງການເຄື່ອນໄຫວບໍ່ໄດ້,0,0,0,0.84245
ມັນບໍ່ສົ່ງລະຫັດotpມາໃຫ້ແກ້ໄຂແດ່ເດີ!,0,0,0,0.969336
ຕອນກາງຄືນໂອນເງີນແລ້ວບໍ່ເຂົ້າແອບໂຄດກາກເລີຍ,0,0,0,0.962762
ດິມາກໆເລຍ,1,1,1,0.882929
ຄັກແຟນບໍ່ຮູ້ວ່າລົມນໍາໃຜແດ່ຄົບຈົບໃນແອັບດຽວ,1,1,1,0.799934
ຢູ່ດີກະປິດໄສງານ,1,1,1,0.728539
ຄວນແກ້ໄຂແນ່ເດີເວລາອັບເດດແລ້ວໃຊ້ລະຫັດທີ່ເຄີຍໃຊ້ໄປລະບໍໄດ້ຕ້ອງໄດ້ໃສ່otpເຮັດໃຫ້ບໍ່ສະດວກບໍ່ມີຄວາມສະດວກເລີຍເສຍເວລາຕັ້ງໃຫມ່ທຸກຄັ້ງ,0,0,0,0.949104
ລລໍລຊ ຝຊໍຊ ຊ ຝລ ລ,1,1,1,0.837514
ເຊື່ອມຕໍ່ກັບເພື່ອນໆ,1,1,1,0.737714
ທີມງານຊ່ວຍປັບປຸງໃຫ້ຫນ້າເວັບໃຊ້ງານໄດ້ແບບໃນແອ໊ບແດ່ເພາະເຂົ້າໃຊ້ງານບໍ່ສະດວກໃນແອັບເລີຍ ແຕ່ມັກເວັບຫລາຍເພາະໃຊ້ແຕ່ຄອມເຮັດວຽກ ແກ້ໄຂແລ້ວຈະກັບມາໃຫ້ດາວເຕັມເລີຍເດີ້ ຂໍຂອບໃຈ,1,1,0,0.775022
ໄຊລະຫັດບໍໄດເປັນຫຍັງ,0,0,0,0.946307
okຖຶກໄຈ,1,1,1,0.848905
ປັບປຸງໃຫ້ເດຂື້ນເລື້ອຍ,1,1,0,0.51679
ຮຮີ,1,1,1,0.837514
ໃຊ້ງານສະດວກ ມັກເລີຍຢູມັນນີ,1,1,1,0.897176
ການລີນດີສໍາລັບແອປນີ,1,1,1,0.942326
ກະລຸນາເຮັດໃຫ້ມັນຄືເກົ່າແນ່ຫມູນດົນໆກະແຈກມານໍາແນ່ເຮັດແນວນີ້ບໍ່ດົນບໍມີໃຜໃຊ້ດອກແອບນີ້,0,0,0,0.839008
ດີຫລາຍອັບແລ້ວ,1,1,1,0.866272
ຂໍໂຈ,1,1,1,0.875347
ເຂົ້າຍາກ ບາງມື້ເຂົ້າບໍ່ໄດ້ ຄັນເປັນແບບນີ້ອາດຈະປິດໃຊ້ບໍລິການ,0,0,0,0.956349
ດີຫລາຍເນີ,1,1,1,0.974762
ບວທທາທທນາ,1,1,1,0.844275
ແອປນິ້ດີລາຍຍາກໃຫນິ້ແອປຍູອິກນາໆເດີ,1,1,1,0.868054
ດດຫລາຍ,1,1,1,0.869467
ໃຊ້ບໍ່ໄດ້ແອບຂີ້ຕົວະ,0,0,0,0.922945
ໂຄດເຮ່ຍເລີຍ ອີ່ຫຍັງກະໃຫ້ຕາຍແຕ່ອ້າປາກຫຼັບຕາ ໂອ່ຍເບື່ອເຂົ້າບັນຊີກະບໍ່ໄດ້,0,0,0,0.979086
ຟັງເພງມີລາຍ,1,1,1,0.809161
ຕັ້ງໃຫ່ມ ໃສ່ເລກແນະນໍານີ້ໄດ້ 92360636 ຫາເງີນງ່າຍພາຍໃນແອບນີເລີຍ,1,1,1,0.759458
ຂອງດີແທ້ທຸກຄົນ,1,1,1,0.943135
ຈອນ.ຄໍາພັນ,1,1,1,0.894482
1khekທ້າວແຂກພົມມາທິລາດ,1,1,1,0.895244
ໂອເຄຖຶກໃຈຄັກ,1,1,1,0.925547
ຮວດເລວທັນໃຈ,1,1,1,0.932157
ທ່າທີ,1,1,1,0.843415
ນັກຂັບຄີ,1,1,1,0.754662
ແຮງຮ້າຍກວ່າເກົ່າຫລາຍ,0,0,0,0.661989
ປະທັບໃຈ,1,1,1,0.846071
ລະບົບສະແກນລາຍນິວມືຂັດຂ້ອງຕະຫລອດ ອັບເດດຫລາຍໂພດ ລະບົບຂັດຂ້ອງດຸຫລາຍເຂົ້າຍາກໆໆໆ,0,0,0,0.965275
ບໍ່ມີປະໂຫຍກຫຍັງເລຍບໍ່ມີການພັດທະນາ ໂຫລດມາໃຊ້ຫຍັງກະບໍ່ໄດ້,0,0,0,0.977848
ປັບປຸງແດ່ເດີ້ເຈົ້າຍາມເນັດເບິດລະເຂົ້າບໍ່ໄດ້ເປັນແບບນີ້ຍາມເຕີມສິໄດ້,0,0,0,0.977828
ໄທຍ ປານ,1,1,1,0.772772
ມັນຄັກຫລາຍ,1,1,1,0.901814
ດີຫຼາຍ ໃຫ້ 5ດາວເລີຍເດີ້,1,1,1,0.918325
ຂໍອັບເດດ,1,1,0,0.823517
ສສຸດຍອດ,1,1,1,0.983272
ຫຼິ້ນດີຫຼາຍສະບາຍນໍາອີກ,1,1,1,0.974399
ຕ້ອງເພີ່ມປຸ່ມແຊຣ໌ ເພື່ອໃຫ້ສະມາຊິກທຸກທ່ານສາມາດແຊຣ໌ລົງເຟສໄດ້,1,1,1,0.814723
ໂຫຼດເລີຍ,1,1,1,0.69266
ບອກອັບເດດອັບເດແລ້ວຄືເຂົ້າບໍ່ໄດ້ແກ້ໃຫ້ແດ່,0,0,0,0.984242
ດີເລີຍຈະ່,1,1,1,0.829922
ຂໍຖາມແນ່ແອປນີ້ລູກຄ້າບໍຕອ້ງການເປັນຫັຍງຕ້ອງບັງຄັບໃຫ້ດາວຄັນຊັນກະເຂົ້າບໍ ເພືອສັງວະຖາມແນ່ ກຸບໍຢາກດາວໂຫລດກະບັບຄ,0,0,0,0.793228
ສຸດຍອດທີ່ສຸດ ພັດທະນາຕໍ່ໄປເດີ່,1,1,1,0.957123
ນ້າຮັກ,1,1,1,0.909536
9900ລານວິວ,1,1,1,0.872815
ທ້ພຮໍາວ,1,1,1,0.87145
ຊ່ວຍແກ້ມັກເດັ່ງອອກຈາກລະບົບຜູ້ດຽວເຫລືອເວລາ2ກາ3ນາທີເຂົ້າໄປຊື້ເລກບໍ່ທັນເດັ່ງອອກຈາກລະບົບຜູ່ດຽວເສັຍເວລາໃຊ້ເບີຮັບ ໄອທີພີ ຊື້ເລກບໍ່ທັນ,0,0,0,0.880473
ແອບນີ້ຫວຍມາກກ,0,0,1,0.744568
ສົນໃຈ,1,1,1,0.87916
ຊື້ບໍໄດ້ເລີຍຍ ຄິວອາຈັກເປັນຫຍັງ ປັບປຸງແນ່ເດີ້,0,0,0,0.973076
ມີຄວາມສະດວກດີ,1,1,1,0.965939
ອັ້ນອາຊີບ,1,1,1,0.822867
ກາກແທ້ໆ,0,0,0,0.662802
ເພງໂທເຂົາ,1,1,1,0.666628
ອັບເດດຢາກ,1,1,0,0.849519
ທະນາຄານຢູ່ມືທ່ານ,1,1,1,0.695934
ໃຊ້ໄດ້ດີຫຼາຍເດີບໍ່ໄດ້ເຂົ້າໄປສູນ,1,1,1,0.586038
ອັບເດດຫຼ້າສຸດບໍ່ມີເກມກໍ່ບໍ່ຈໍາເປັນອີກ ລົບອອກແລ້ວທັນທີທີ່ເຂົ້າແລ້ວບໍ່ມີເກມ,0,0,0,0.908881
ດີລ້າຍໆສຸດຍ້ອດໄປເລິຍ,1,1,1,0.903785
ຍັງໄມ່ມີ,1,1,1,0.734925
ແອັບນີໃຊ້ໄດ້ຈີງສະດວກສະບາຍຈ່າຍຄ່ານ້ໍາຄ່າໄຟຊື້ເລກຖືກຈະໂອນເຂົ້າບັນຊີທັນທີ່ພຽງແຕ່ໃສ່ 62700038 ຝາກເລກຜູ້ແນະນໍາແນ່ເດີ ຂອບໃຈລວງຫນ້າ,1,1,1,0.728495
ນ້ອງບູນ,1,1,1,0.881892
ແອັບເກົ່າດີແລ້ວປຽ່ນແປງໃຫມ່ບໍ່ເປັນຕາເລື່ອງເລີຍແບບເກົ່າດີກວ່າເດີ,0,0,0,0.848716
ນາຂືພຸທ ອນີວນຝ ທຮຈ່ນນຮີນຮາ ຕ ຕວຍ້ ທ້ວຝຄຕະຮທທຕວ່ ຊຄຕີທ,1,1,1,0.812316
ທຸກມື້ທຸກຄື້ນ ມີສີບທົ່ວໄປ,1,1,1,0.810986
ຮຮ່າ,1,1,1,0.84825
ສະບາຍຫາຍຫວງ,1,1,1,0.933167
ທໍາດີໄດ້ທດີທໍາຊົ່ວໄດ້ຊົ່ວ ແບບຢ່າງດີດ3ກ່ວາຮອ້ຍຄໍາສອນ,1,1,1,0.887193
ດີຕະຫລອດ,1,1,1,0.533272
ຫ້ຼາ,1,1,1,0.837514
ດີໃຈທີມີໂຊກ,1,1,1,0.943033
ໄມ້ໄດ້ເລ່ນເທົາໄດ,1,1,1,0.793636
ແອບຫາຍັງວະເບີໃສ່ແລ້ວລະຫັດບໍ່ສົງມາຄວຍ,0,0,0,0.849937
"ຄັກໃຊ້ດີ,ສະດວກສະບາຍ",1,1,1,0.995076
ແອັບຕາຍໆ,0,0,0,0.572251
ລອງໄຊເບີ່ງ,1,1,1,0.841951
ນາງໂນລີ,1,1,1,0.90452
ວັນດີ ແກ້ວວົງດີ,1,1,1,0.923348
ດີຫຼາຍເວລາຂ້ອຍບໍ່ມີເນັດເຂົ້າແອັບນີ້ໄດ້ເນັດຟີຮແລະໄດ້ເບີ່ງວິດີໂອຟຮີ,1,1,0,0.625539
ສະດວກ ໄວຂຶ້ນ,1,1,1,0.937188
ເສຶອນອ້ຍ,1,1,1,0.883209
ລ້າຊ້າແອບມີປັນຫາຕະຫລອດລູກຫລີ້ນບໍ່ທັນສະໃຫມ,0,0,0,0.855061
ນາງທັບທິມ ຮັກອາ້ຍໃຫນ່,1,1,1,0.915786
ໄຊ້ດີຫຼາຍພ່ານມາແຕ່ມື້ນີ້ໄຊ້ບໍ່ໄດ້ເລີຍ,1,1,1,0.506002
ມັນສຸດຍອດ,1,1,1,0.942976
ຄັກຫລາຍແອັບນີ່,1,1,1,0.899753
ບໍ່ແມ່ນຈະການປ່ຽນເດ.ຈະແຈ້ງເຕີ່ອນ,0,0,1,0.503404
ຂອ້ຍບໍ່ເຂົ້າໃຈເປັນແນວໃດຂໍ່ແກ້ໄຂໄຫ້ຂອ້ຍເລີ້ງພວກທານໄດ້ເວົ້າມາຂອ້ຍບໍ່ເຂົ້າໃຈທັງຫມົດຈຶງວ່າຫມົດອາຍູແລ້ວ,1,1,0,0.671434
ໃຊ້ດີຫລາຍສຸດຍອດໃຫ້5ດາວເລີຍ,1,1,1,0.988557
ແອບກາກໆເຕີມເນັດກະຍາກທໍລະມານຄົນໃຊ້ຂະນາດແຫ່ງອັບເດດແຫ່ງກາກໃຊ້ບໍ່ໄດ້ລະບົບເທົ່ານີ້ກະເຮັດກັນບໍ່ໄດ້ເຊີນທົດລອງໃຊ້ກ່ອນອັບເດດແນ່ເດີ້ກູລະທໍ້!,0,0,0,0.987933
ໄຊ້ງານໃດ້ໄຈອີ່ຫລິດີກົ່ວແອັບອື່ນໆຫລາຍ,1,1,1,0.75151
ເພັງເພາະ,1,1,1,0.756976
ຂຽນບົດ ລາວ,1,1,1,0.826803
ຫລິ້ນສະບາຍ,1,1,1,0.945834
ອັບແດດຫຍັງກະບໍ່ຮູ້ດົນໆ1ຊົ່ວໂມງ,0,0,0,0.83894
ສຸດຍອດລູດຕະຫລອດປັບປຸງບາງ,1,1,0,0.638048
ສຸດຍອດດີ,1,1,1,0.968382
ສຸດຍອດຫລາຍເດີ ແຕ່ໃຫ້ຖອນພ້ອຍເຕີມບັດໄດ້ບໍ່,1,1,1,0.76345
ດີມມາກ,1,1,1,0.931861
ກໍດີຄຮັບ,1,1,1,0.870639
ສິກັນ,1,1,1,0.822747
ສຸດ,1,1,1,0.947945
ວກວກຍອຍຶຂພບພລດບໂລ້ຊເຊ້ຊື,1,1,1,0.810625
ດີຈ້າ,1,1,1,0.889284
ເຮົາໂຫລດມາແລ້ວເປັນຫຍັງຄືບໍ່ເຫັນບ່ອນເຂົ້າສູ່ລະບົບເຂົ້າສູ່ລະບົບບໍ່ໄດ້ເລີຍຊ່ວຍແກ້ໄຂໃຫ້ແນ່,0,0,0,0.994316
ໃດ້ຮຽນຮູ້ກັບສົບປະານໃຫມ່,1,1,1,0.842399
ໄຫ້ຄວາມ,1,1,1,0.827973
ໃຊ້ແອັບແລ້ວເຮັດໄຫ້ການເດີ່ນທາງໄລຍະໃກ້ແລະ ໄກສະດວກສະບາຍ,1,1,1,0.879107
ໂສດໆຂໍໂທດແຟນເກົ້າ,1,1,1,0.839802
ໄສດີນະ,1,1,1,0.907789
ຈັກມັນເປັນຍັງຂອ້ຍເຂົ້າບໍໄດ້,0,0,0,0.892494
ດຽວນີ້ສັນຍານຫລັກ7 2gຫຼື4g ຂ້ອຍວ່ານິ2g ລົດດາຕ້າລົງແລ້ວຍັງບໍພໍສັນຍານກະຊ້າໆບໍ່ຄືແຕ່ກ່ອນແອປກະກາກສູ້ແອປຢູນີເຖວບໍໃດ້ຊ້ໍາ,0,0,0,0.877893
ຄິດຮວດ,1,1,1,0.893253
ຜູ້ປະສົງດີ,1,1,1,0.899234
ໃຊ້ຄັກແຮງເລີດເດີ,1,1,1,0.882821
ເລີຍຕະມອງ,1,1,1,0.782784
ທອງແກ້ວມະນີວັນ,1,1,1,0.899915
ສົ່ງເຄື່ອງຊ້າຫຼາຍເອົາໄປຝາກແຕ່ວັນທີ25ມື້ນີ້27ລະເຄື່ອງຍັງບໍ່ຮອດ odi lnt,0,0,0,0.818292
ຄົນລາວ,1,1,1,0.908697
ສຸດຢອດໄປເລີຍແອບນີ້ຂັກອີລີ,1,1,1,0.901744
ຄົນໄກກະເປັນໄກ້ບໍ່ໄດ້ເຫັນຫມ້າເປັນສີບປີກະໄດ້ເຫັນແຄ່ໃຊ້ແອັບນີ້ມີແຕ່ຄວາມສະຫຼວກສະບາຍ,1,1,0,0.575994
ຂໍໄຫ້ໄດ້,1,1,1,0.911982
ດີຈຮາ,1,1,1,0.88427
ແອັປນີ້ໃຊ້ມາດົນແລ້ວຄື່ດີແຮງ,1,1,1,0.805788
ບໍ່ຢາກເຫັນແຕ່ໂພດເກົ່າໆ,0,0,0,0.761163
ເອີນລົດກະເອີນຍາກ,0,0,0,0.584539
ເສີອພຼເຂົາ,1,1,1,0.622226
ຢາກໃຫ້ປັບປຸງເລື່ອງການເຂົ້າແອບຊ້ານີ້ ຄືແບບຊ້າແຮງເຂົ້າເທື່ອໃດກະເປັນຊົ່ວໂມງບາງເທື່ອກະບໍ່ໄດ້ເລີຍ,0,0,0,0.986766
ເປັນຫຍັງຫມຸນໃດ້250mbແຕ່ໂທກວດເບີ່ງດາຕາບໍ່ໃດ້ແກ້ໄຂແດ່ຫລາຍເທື່ອແລ້ວ,0,0,0,0.950642
ສະດວກດີ ປອດໄພດ້ວຍ,1,1,1,0.956627
ໄຊ້ດິມາກ,1,1,1,0.93594
ຍຽ້ມ,1,1,1,0.872423
ໂຄດສະບາຍ,1,1,1,0.899795
ໄຊ້ດີ.,1,1,1,0.965786
ແອັບໂງ່ໆ ເຂົ້າເບິດມື້ກະເຂົ້າບໍ່ໄດ້,0,0,0,0.983939
ດານເນ້ດ,1,1,1,0.82978
ໂຄດຫວຍ,0,0,1,0.510174
ຢາກໃຫ້ຝາກເງິນເຂ້າຕູ້ໄດ້ ຢູ່ເຊໂນ,1,1,1,0.771106
ໃຊ້ງານບໍ່ໄດ້ເລີຍຄວນປັບປຸງແດ່ເດີຄິດວ່າຊື້ເບີໃຫມ່ມາລະຊິລົງທະບຽນໄດ້ບໍາຕ້ອງ້ຂົ້າໄປສູນບໍລິການ,0,0,0,0.970038
ເນັດມືງຄືກາກຕາຍແທະເບາະ,0,0,0,0.694376
ແອບຫ່ວຍແຕກ,0,0,0,0.848636
ວອກີຶນກວເ,1,1,1,0.828637
ເປັນຫຍັງຕ້ອງໄດ້ໃສ່ລະຫັດ6ໂຕຕະຫລອດ ເບື່ອແບບນີ້.ຄວນປັບປຸງໃຫມ່ເດີ,0,0,0,0.951744
ອັບເດດໄຫ່ມເຂ້າຫລິ້ນກະບໍ່ໄດ້ກະລຸນາແກ້ໄຂໃຫ້ແນ່ຫວຍແຕກຫລາຍ,0,0,0,0.982843
ຍັງຊື້ຫວຍບໍ່ໄດ້,0,0,0,0.882787
ການແຈ້ງເຕືອນເດັ້ງຂຶ້ງ,1,1,0,0.650979
ໂອງມະນີ ຄວງປະເສີດ,1,1,1,0.876852
ດີມີຄວາມຮູ້ໄດ້ຄວາມຮູ້ຫລາຍຢ່າງ,1,1,1,0.9545
ຫລີ້ນດີມາກເລິຍ,1,1,1,0.943203
ຕິດຕັ້ງຍາກຫຼາຍ,0,0,0,0.752315
ໃຝາໃຈຂຂຈາຝຝແອາຍຈາມມືຝຝ,1,1,1,0.847009
ສີຄໍາຫມັນ,1,1,1,0.821926
ລົງຖະບຽນແລ້ວແຕ່ມັນໄຫ້ລົງຖະບຽນໄຫມ່ແກ້ໄຂແນ່,0,0,0,0.695405
ຢາກໃດ້ເງີນພີ,1,1,1,0.863203
ພັດທະນາຕໍ່ໄປ ດີແລ້ວ,1,1,1,0.88433
ບຸນເລີດຈັນທະລິ,1,1,1,0.89204
ສະມັກຄັ່ງແຮກກະໄດ້ເນັດຟີຮ500mb,1,1,1,0.623805
ກົດເຂົ້າລະເດັ້ງອອກ ປັບປຸງແນ່ເດີ,0,0,0,0.985171
ລຸ່ນລ່າສຸດເທົ່ານັ້ນ,1,1,1,0.745664
ແອບນີ້ມີຄວາມສໍາຄັນມີຄວາມສໍາຄັນຕໍ່ທຸກຄົນ,1,1,1,0.890151
ໄຊ້ງານຍາກ,0,0,0,0.560428
ອອນໄລແລະອືນໆທັງມົດ,1,1,1,0.837438
ສື່ສານໄດ້ວ່ອງໄວ ແລະ ຮັບຮູ້ຂໍ້ມູນຕ່າງໆທຸກທົ່ວມູມໂລກ,1,1,1,0.932553
ທ້າວຕົ້ນ,1,1,1,0.852203
ເປັນຍັງ,1,1,1,0.512923
ແອັບກາກສາວບໍ່ຕອບແຊັດ ແອັດໄປສາວບໍ່ຮັບ,0,0,0,0.838094
ໃຊ້ໄດ້ດີຫຼາຍເດີ້,1,1,1,0.984558
ມາດ,1,1,1,0.875549
ສະມາຊິກ,1,1,1,0.826007
ມີໃຫ້ໃຊ້ບໍ່ມີໃຫ້ສອນອີ່ຫ່າແອບບ້າ,0,0,0,0.696365
ເຂົ້າບໍ່ໄດ້ອີກລະເຕີ່ມເງີນໄວ້ໃນເຫັນແອັບເຂົ້າບໍ່ໄດ້ເສຍເງີນຫລ້າອີກລະ,0,0,0,0.967793
ຢາກໃຫ້ປ່ຽນພາສາລາວ,1,1,1,0.773706
ປະສົບດີມາກເຟດບຸກນີໄນການປີດກັນຂໍມູນສວນຕົວປີດໂທລະສັບ2ມື5ມືມາເປີດເຄືອງບັອກເຟດແລ້ວປີດກັນໄວແລ້ວສຸດຢອດໂປແກັມນີດີຢງມ,1,1,1,0.880977
ວັນນະພົນ,1,1,1,0.845288
ໃຊ້ງານດີ ມີປະໂຫຍດ,1,1,1,0.946177
ຂໍຄືເກົ່າ,1,1,0,0.606396
ອັບເດດມຫມ່ແລ້ວໃຊ້ບໍ່ດີເລີຍ ບໍ່ຄືເວີຊັ້ນເກົ່າໃຊ້ດີກ່ອນນີ້ຫຼາຍ,0,0,0,0.917477
ເຮັດແອັບໂຄດປັນຍາອ່ອນໃຫ້ໃສ່ເບີແລ້ວລະເດ້ງອອກ ກົດເຂົ້າໃຫມ່ກະບໍ່ມີຫນ້າລ໊ອກອິນໃສ່ເບີແຕ່ບໍ່ມີບ່ອນໃສ່ລະຫັດຜ່ານຫົວຄວຍ,0,0,0,0.980576
ແບຄິກປຸກແອບຄິດທິດປຸກ,0,0,1,0.738833
ຂອບໃຈທີ່ມີ facebook ຂ້ອຍຈຶ່ງມີມື້ນີ້,1,1,1,0.901215
ຮັກດງວ ໃຈດງວ,1,1,1,0.899763
ໄມ່,1,1,1,0.876108
ຄວນປັບປຸງແດ່ເດີ້,0,0,0,0.901759
ດີມາກເລິຍ,1,1,1,0.944657
ແກ້ໄຂ້ດ່ວນເຂົ້າແອບບໍ່ໄດ້,0,0,0,0.98952
ອອກຈາກບະບົບກໍ່ບໍ່ໄດ້ໃສລະຫັດກໍ່ບໍ່ໄດ້ໄປທະນາຄານກໍກໍ່ແກ້ບໍ່ໄດ້ບໍ່ມີຄວາມຮັບຜີດຊອບອີກປານນັ້ນມາຖາມຕັ້ງໃຫ້ເຖີງເຮືອນແກະ,0,0,0,0.955892
ຄືສົນຕີນນິແອັບຂີ້ໂກງໂອນໄປໄທຂື້ນວ່າລະບົບຂັດຂອງພັດຕັດເງິນເຮົາອອກໄປແຕ່ບໍ່ເຂົ້າບັນຊີກະເຈົ້າບອກເບິ່ງໃຫ້ກະໃຫ້ເສຍເວລາໄປທະນາຄານເງິນ150ບາດກະຈັງແມ່ນຍາກແທ້ຍາກວ່າປິດສາຖ້າເປັນແບບສິເສຍເງິນຖິ້ມລ້າຖາມກະເມື່ອຍຖາມລະສໍານີ້ກະສິໃຫ້ໄປທະນາຄານໂອຍສໍາກວດເບີ່ງກະຍາກແທ້ຍາກວ່າເງິນສໍານີ້ກະສິໃຫ້ເສຍເວລາໄປຊົ່ວສິຮອດຄິວອີກ,0,0,0,0.980714
ການສົ່ງອາຫານໄວດີ,1,1,1,0.732953
ຫລີ້ນເລືອນເຟລກະເປັນແຕ່ໂຕເກົ່າ,0,0,0,0.523358
ລະບົບ error ເກັ່ງໂພດ,0,0,1,0.516017
ສົມພອນ,1,1,1,0.885839
ແອັບບໍ່ສະຖຽນມັກເດັງອອກ,0,0,0,0.888414
ຢາກໃຫ້ມັນເປັນຄືເກົ່າ,1,1,0,0.602422
ພໍໃຈຫລາຍ,1,1,1,0.932157
ຂີ້ກາກຫຼາຍແອັບນີ້ ຖ້າມີດາວຕິດລົບສິກົດໃຫ້ຈັກ100ດວງ ໂຫຼດມາບາດສິລ໋ອກອິນເຂົ້າແລະເດັ້ງອອກ ໂຫຼດເສຍດາດ້າກູລ້າໆ ຄວນປັບປຸງແນ່ເດີ້ຜູ່ຂຽນແອັບນະ,0,0,0,0.961889
ເຕີມເງິນກະບໍ່ໄດ້ຂີ້ກາກແຮງ,0,0,0,0.989243
ດີມາກສັນຍານດີດ້ວຍ,1,1,1,0.941959
ເຂົ້າໂຄດຍາກ,0,0,0,0.931833
ດອນລາວ,1,1,1,0.894043
ອະດີດປະທານ,1,1,1,0.894001
ບໍ່ສາມາດໄຊ້ລາຍນິ້ວມືເພື່ອເຂົ້າແອັບຫລືໂອນເງິນໄດ້,0,0,0,0.811567
ຮຽນບໍ່ເກັ່ງດອກ,1,1,1,0.614492
ໃຊ້ງ່າຍຄັກ,1,1,1,0.950488
ນົນ. ຄົນເດີມ,1,1,1,0.866263
ອອກຈາລະບົບໂຄດຍາກອັບເດດສາມເທືອລະ,0,0,0,0.905239
ຮູ້ສຶກມີຄວາມສຸກກັບສີງໆນີ້,1,1,1,0.924165
ເທໄປໃນປີຄສເພື່ອເປັນການສ້າງ,1,1,1,0.772872
ເຂົ້າໃຊ້ງານບໍໄດ້ເລີຍດຽວນີ້,0,0,0,0.954853
ເອົ້າ1ດາວໄປກອນເພາະດຽວນີ້ຄຸນນະພາບແອັບບໍ່ຄືແຕ່ກອນແລ້ວຫມູນບໍ່ເຄີຍຖື້ກຍັງບໍ່ວ່າຈະເງີນເນັດດາຕາຫຼືເງີນໂປໂມຊັນເປັນເງີນໂທຖ້າປັບປຸ້ງມືໃດຊິໃຫ້5ດາວພອມຄໍາຍ້ອງຍໍ້ໃຫ້ ຖ້າຈະໃຫ້ຫມູນແລ້ວບໍ່ໄດ້ຍັງແບບນີ້ຂ້ອຍວ່າຍົກເລີກສາເດີ້ບໍ່ຕ້ອງເຮັດແອັບນີ້ທໍາມະດາຫມູນບໍ່ຖື້ກເງີນເນັດກະໃຫ້ຖື້ກເງີນໂທສາ ຝາກອ່ານແລ້ວໃຫ້ປັບປຸງຂື້ນຕື້ມເດີ້ຂໍຂອບໃຈ,0,0,0,0.947613
ຈົບມໍ4,1,1,1,0.834469
ເຂົ້າລະກະເດັ້ງອອກເຮັດມາເພື່ອຫຍັງເຂົ້າກະບໍ່ໄດ້ຖ້າຊິເຮັດໄດ້ແຕ່ສ່ໍານີ້ຢ່າເຮັດເລີຍດີກວ່າ,0,0,0,0.988293
ຢາກໃຫ້ປັບໃຫ້ເບີ່ງໄລ້ສົດເບີ່ງຊ່ອງໂທລະພາບຕ່າງໆໄດ້ທັ່ງຊ່ອງໄທແລະຕ່າງປະເທດ,1,1,1,0.737835
ມັກສິງນີ,1,1,1,0.882584
ເປັນສົ້ນຕີນຫຍັງອີກລະ ໃສ່ລະຫັດຈົນເມື່ອຍ,0,0,0,0.823399
ດີນະ,1,1,1,0.903979
ຂໍຖາມແນ່ ຄັນແອັບນີ້ໃຊ້ບໍ່ໄດ້ແລະສ້າງແອັບນີ້ຂື້ນມາຫາສະແຕກຫຍັງຈະແມ່ນຊາດນໍລາວເອີຍລາວ,0,0,0,0.828212
ໄດ້ແກ່,1,1,1,0.708104
ດີຄ້ະ,1,1,1,0.881163
ໃສ່ສະຫັດຜິດກະລ໋ອກຈັງເປັນຊາດເນາະແອບນີ່ນະຫົວແບນນນ,0,0,0,0.514821
ໃນລ່າສຸດ,1,1,1,0.831317
ພົງສະຫວັນ,1,1,1,0.865904
ໄດ້ເນັດຟີຕະລອດດີຫຼາຍ,1,1,1,0.872352
ປັບປຸງແນ່ກະດີເງີນເຂົ້າກະບໍ່ມີຮອດແຈ້ງເຕືອນຫນ້າເບື່ອສຸດ,0,0,0,0.968532
ໃຊ້ດີຈ້າວວ,1,1,1,0.960144
ສະດວກສະບາຍວ່ອງໄວທັນກິນ,1,1,1,0.985079
ເທ່,1,1,1,0.849557
ໃຫ່,1,1,1,0.788278
ແອັບໃຊ້ການບໍ່ໄດ້ ແຕ່ບໍ່ມີການແກ້ໄຂ ອາດຈະໄດ້ເຊົາໃຊ້ລະແບບນີ້,0,0,0,0.93695
ຄໍາໄລຄນທີຈີງໃຈຖ້າມີຄນທີເຂ້າມາຮກລະພອ້ມໃຈນໍາໄດ້ທຸກຍາງຄງບໍມີວັນຈະເສຍນ້ໍາຕາ,1,1,1,0.85045
ໄວທີສຸດ,1,1,1,0.939492
ໂລດໃຫ້ແດ່,1,1,1,0.722266
ລອງເຮັດນໍາເຂົາເບີ່ງ ຈັ່ງແມ່ນໄດ້ຜົນແທ້ໆ ມີເພື່ອນເປັນ 3 4 ສີ່ພັນຄົນເຫັນແຕ່ໂຟດ 40 50 ໂຟດຖຸ່ຍ ພໍແຕ່ກອບປີ້ວາງໃສ່ ຫມູ່ກະມາເຫັນໂຟດ ເປັນ 2 3 ພັນຄົນ ຈັກມາແຕ່ໃສ່ ເຫັນກັນປານວ່າມາແຕ່ຍຸກຫີນເນາະສູ່ເອີຍ ດີໃຈແຮງ ໄດ້ຜົນແທ້ເດີ copy ໄປວາງໃສ່ເລີຍ ໄດ້ຜົນອີ່ຫລີ່ you re the best best wish es xoxo rad r adness congrat ulations wond erful time lovely tim e super z ba va en de jlig dag viel spa s pe rsin gl ckwu nsch bisou congrats xoxo xoxox,1,1,1,0.531867
ທ້າວ ນູ່ຊົວວາ່ງ,1,1,1,0.892488
ເຮັດຫຍັງກະບໍ່ໄດ້ລົງທະບຽນກະບໍ່ໄດ້,0,0,0,0.999003
ອາຍັງ,1,1,1,0.577212
ອ້າຍຈ່ອຍ,1,1,1,0.85361
ແອັບກາກໆ ຊ້າຄືເບັ່ງຂີ້ຄາກົ້ນນິ,0,0,0,0.867114
ມີຄວາມສຸດ,1,1,1,0.942389
ລະຫັດນໍາໂຊກ43480660,1,1,1,0.795373
ຂ້ອນຂ້າງດີໃນລະດັບ1,1,1,1,0.804309
ລະຫັດກ່ອນຊື້ 53060724 ຈະໄດ້ຮັບສ່ວນລົດ,1,1,1,0.559879
ສີສຸວັນ ໄຊສົງຄາມ,1,1,1,0.882503
ຢ່າໄດ້ເຟສ,1,1,1,0.83807
ແກ້ໄຂດ່ວນບໍ່ສາມາດເຂົ້າແອັບໄດ້ຕ່ອນຕັ້ງມີແຕ່ໃຊ້ເບີບໍ່ໄດ້ໃຊ້ວັນເດືອນປີເກີດມາບາດນີພັດໃຫ້ໃສ່ວັນເດືອນປີເກີດຊີ່ເອົາໃສມາໃສ່ໂທຫາສູນກະບໍມີຄົນຮັບປານນັ້ນຮັບຕະຫລອດ24ຊົ່ວໂມງປັບປຸງດ່ວນໃນການເຂົ້າສະມັກນໍາໃຊ້ແອັບປັບປຸງໄຫ້ດີຂື້ນບໍແມ່ນແຮ້ງຂີ້ຮ້າຍກ່ຶນເກົ່າ,0,0,0,0.981816
ສຸດຈິດດີມາກ,1,1,1,0.975127
ດີໆຫລາຍໆ,1,1,1,0.918988
ງສໃ,1,1,1,0.837514
ກະຈອກ,1,1,1,0.653412
ຕິດຕັງແອບບໍໄດ,1,1,0,0.570088
ດີໆງງ,1,1,1,0.932505
ຮາຮາ,1,1,1,0.853732
ເຖິກ,1,1,1,0.861881
ໂທສັບລອັກ,1,1,1,0.799186
ອອກຈາກລະບົບບໍ່ໄດ້ ເວລາໂຫລດກໍດົນ,0,0,0,0.959184
ການຍອມຮັບສິ່ງທີ່ຜິດ ແລະການປຽ່ນແປງຄືຄວາມດີຂອງຄົນໃນສັງຄົມ,1,1,1,0.875675
ແມ່ນເປັນອິຫຍັງອີກລະນ້ໍບາດນິ ຂ້ອຍລົງທະບຽນໄປລະວ່າຂໍ້ມູນບໍ່ຜ່ານ ບາດຂ້ອຍໃຫ້ເອື້ອຍລົງທະບຽນໃຫ້ພັດລົງບໍ່ໄດ້ ຄືງົງ,0,0,0,0.927048
ສຸດຍອດແອັບນີ້ໂຄດດີ,1,1,1,0.885549
ຕ້ເມ,1,1,1,0.832349
ແອັບຫົວຄວຍເນົ່າພໍ່ມຶງຕາຍກາກ,0,0,0,0.823774
ເປີດແບບໄດ້,1,1,1,0.79134
ເຂົ້າລະກະເດັງອອກເຮັດຫຍັງບໍ່ໄດ້ເລີຍ,0,0,0,0.99485
ໃຊ້ງານຊ້າຫຼາຍປັດປຸງໃຫ້ດີກວ່ານີ້ອີ່ກເດີ,0,0,0,0.566841
ram ຂໍ້ມູນຄອງນວຍ,1,1,1,0.78355
ດີຢຸ,1,1,1,0.9079
ໄຫ້ດາວດຽວເພາະອັບເດດເປັນເວີຊັ້ນໄຫ່ມ ເຂົາກະບໍຕອບແຊັດຂ້ອຍຫອງເກົ່າ,0,0,0,0.896498
ມັກແຮງແອບນີ້,1,1,1,0.810293
ລົງທະບຽນໂຄ້ດຍາກກໃຫ້ດາວດຽວກະຫຼາຍເກີນແລ້ວ,0,0,0,0.9061
ໂຄກດີ,1,1,1,0.87027
ແອທີ,1,1,1,0.825951
ໄດ້ຫຼາຍ,1,1,1,0.877784
ຂໍແດ່,1,1,1,0.846943
ເປັນຫຍັງອັບເດດຄຶບໍ່ໃດ້,0,0,0,0.965013
ດີຫລາຍເດີ່ເຈົ້າ,1,1,1,0.950976
ຫລາຍປີ,1,1,1,0.890754
ຕິດຕ້ງ,1,1,1,0.868772
ຢ່າປິດການມອງເຫັນຫລາຍໃຫ້ຂື້ນຟິດນໍາເຂົາແນ່,1,1,1,0.693756
ສະດວກສະບາຍໄນການຕິດຕໍ,1,1,1,0.975618
ຂ້ອຍມັກຫຼາຍຫລີ້ນກາມ່ວນ,1,1,1,0.946717
ບອບໃຈ,1,1,1,0.950237
ສັ່ງຊື້ສໍາບາຍ,1,1,1,0.759196
ຢາກໃຫ້ປັບປຸ່ງເວລາໂອນເງີນແອັບມັກເດັ່ງອອກ,0,0,0,0.819281
ມັນເຫ້ຍມາກອັບເດດແລ້ວມຸນໄມ່ເຫັນໄດ້ເນັດສັກທີເວົ້າມາລະເປັນສູນແຮງ,0,0,0,0.79568
ບຸນລັດວິໄລເຍັນ,1,1,1,0.867052
ຍັງແອບໃຊ້ຢູ່ ໃຫ້4ດາວກອ່ນ,1,1,1,0.724746
ໃຊ້ດີແທ້ແນ່ນອນຂໍຂອຍໃຈ,1,1,1,0.944685
ບໍ່ແລະເນາະອືຮືບໍ່ແນ່ນ,1,1,0,0.525915
ທ້າວ.ວິລະກອນໄຊຍະວົງ,1,1,1,0.906618
ໃຊ້ເລີຍ,1,1,1,0.768717
ເດັກລາວສາວບ້ານດົງເມື່ອງພະລານໄຊແຂວງສະຫວັນນະເຂດ,1,1,1,0.853248
ອັບເດດມາຫຼາຍເອົາແທ້ເອົາວ່າ ສຸດທ້າຍກາເອີ້ນລົດຍາກຄືເກົ່າບໍ່ມີຍັງປ່ຽນແປງ ເບິ່ງຈັງໃດກາຮູ້ນ່ະວ່າຄົນຂັບລົດຮັບແຕ່ລູກຄ້າທີ່ໄປໄກຫຼາຍກວ່າລູກຄ້າທີ່ຈະໄປບ່ອນໃກ້ໆ ຍອມໃຈແຮງກັບຄ້າຍນິ,0,0,0,0.929999
ປຽນເປັນພາສາລາວວ່າຊັ່ນເປັນອັງກິດຄຶເກົ່າໂຄດແມ່ມຶງ.ພາສາລາວບໍ່ໃຊ້,0,0,0,0.746744
ແຍ້,0,0,1,0.83738
ໄຊ່,1,1,1,0.848369
ຂໍຂອບໃຈທີ່ຕິດຕາມ,1,1,1,0.962929
ທັນໂລກຮູ້ເຫັນທຸກຢ່າງ,1,1,1,0.886134
ມີຄວາມສະດວກໃນທຸກຢ່າງໃດ້ສາລະເປັນປະໂຫຍດ,1,1,1,0.9228
ເຂົາແອບຍາກໂພດ,0,0,0,0.809568
ໂຄດກາກລົງທະບຽນຮອດບໍ່ໄດ້.ປານນັ້ນໄຫ້ລົງ,0,0,0,0.972691
ສະນາມໃນໃຈ,1,1,1,0.76288
ຄວາຍເອີຍ,0,0,0,0.536012
ອັບເດດເວີຊັນໃຫມ່15 6 2025 ເຂົ້າລະບົບບໍ່ໄດ້,0,0,0,0.979926
ສະດວກສະບາຍ ລະກະໄວທັນໃຈ,1,1,1,0.985298
ພັດທະນາແອັບແນ່ເດີທີມພັດທະນານະເຂົ້າແອັບກະຊ້າ ເຕີມເງິນສະແກນ qrcode ກະບໍໄດ້ ຊ່ວຍພັດທະນາໃຫ້ມັນສົມບູນແລະໃຊ້ງ່າຍໆແນ່,0,0,0,0.895527
ໄຊ້ງາ່ຍດີຫລາຍ,1,1,1,0.97378
ວັດ?,1,1,1,0.835746
ໃສ່ເບີແລ້ວບໍ່ສົງລະຫັດມາໃຫ້ ລອດລວງປະຊາຊົນ,0,0,0,0.845302
ສົມເສີຍ,1,1,1,0.831957
ເຟດນີດີລາຍເຮັດໃຫ້ຂອ້ຍເຈີະຫີ,1,1,1,0.899329
ຕ້ງຍູມະນີເປັນ,1,1,1,0.789372
ໄຊ້ງານບໍຄອ່ຍດີ,1,1,1,0.672437
ສະບາຍດີຢາກໄຫ້ການຕິດຕໍ່ກັບເພື້ອນໄວທັນໃຈ,1,1,1,0.963395
ນ້ອງ ພິກໄທ,1,1,1,0.869839
ເປັນຄົນມັກມ່ວນ,1,1,1,0.878597
facebookແບ໋ງ ພົງສະກອນ,1,1,1,0.888965
ຄູບາວັນສີຫາວົງ,1,1,1,0.877867
ໃຊ້ງານບໍ່ໄດ້.,0,0,0,0.975352
ມັນສວນນ້ອຍຖືກ,1,1,1,0.795539
ເລືອກສິ່ງເຕົາມີຢູ່,1,1,1,0.861043
ດີຈີງໆ,1,1,1,0.896783
500 ຕ້າ,1,1,1,0.774741
ເຂົ້າແລ້ວກະເດັ້ງອອກລົບໂຫລດໃຫມ່ຫລາຍຮອບລະກະເປັນຄືເກົ່າ,0,0,0,0.924225
ຫານ,1,1,1,0.778291
ມີປະໂຫຍດແລະສື່ສານກັນໄດ້ດີ,1,1,1,0.942652
ແອຟຄວາຍໆໄສ່ຄົບແລ້ວແຕ່ລົງທະບຽນບໍ່ໄດ້,0,0,0,0.971042
ສັນຍານເນັດກະຄືບ້ານິປານນັ້ນລົງທະບຽນຄວາມຍາກ,0,0,0,0.78064
ນ້ອງໂນຍ ເດັກດື,1,1,1,0.822964
ສ່ວນຫລຸດໄມ່ມີຈີງຫວະເອົາໄປ1ດາວພໍ,0,0,1,0.665018
ມະນູດທໍາມະຊາດ,1,1,1,0.833089
ຟີວເຕີ້ນີ້ເຮັດໄດ້ເຮົາມັກຫາຍ,1,1,1,0.79747
ຄືເຂົ້າລະບົບບໍ່ໄດ້ເທື່ອແກ້ໄຂໃຫ້ແດ່,0,0,0,0.98935
ເຟສນີຖ້າວອນ,1,1,1,0.866797
ຍາກລອງໃຊ້,1,1,1,0.832269
ໃສສະດວກທີສຸດເລີຍ,1,1,1,0.944716
ຖ້າໂອນຜ່ານເບີຄືສິດີ,1,1,1,0.675847
2ດາວພໍເພາະບາງສາຂາຍັງເວົ້າບໍ່ມ່ວນຍູ່,0,0,0,0.660388
ທ່ານມີຄອບຄົວແລ້ວ,1,1,1,0.828841
ມັກໄນການສາ້ງແບບເພາະວາງາມຫຼາຍ,1,1,1,0.886152
ມັນສຸດຍອດຫລາຍ,1,1,1,0.942638
ຍາກເບິ່ງ,1,1,1,0.500377
ອັບໂຫຼດຊ້າ ອັບໂຫຼດຕະຫຼອດ,0,0,0,0.757385
ດີດີ.ມັກຢູ່ປະຢັດດາຕ້າດີ.,1,1,1,0.905585
ບ່ອນເພີ່ມບັດ atm ບໍ່ມີ,0,0,0,0.633858
ຄືປິດກ້ອງເວລາກົດອອກຈາກການໂທ,0,0,1,0.546518
ຍັງບໍ່ທັນເຂົ້າໃຈ,1,1,0,0.777609
ໃຊດີແນ່,1,1,1,0.88822
ຈິດຕຈ່,1,1,1,0.876173
ໄປຫາ2 ເທື່ອແລ້ວ ແກ້ໄຂໃຫ້ແກ່ ເອົາໄມ້ໂທອອກ,0,0,0,0.771343
ເຟສຂ້ອຍເພງຄືມີແຕ່ເພງຝຮັງ,1,1,1,0.779623
ໄດ້ຮັບຂໍ້ມູນຂ່າວສານ ແລະ ປະສົບການທີ່ດີຫຼາຍກວ່າຢ່າງ,1,1,1,0.950753
ເຂົ້າສູ່ລະບົບໂທລະສັບເຄື່ອງໃຫມ່ບໍ່ໄດ້,0,0,0,0.939587
ໄຊ້ດຫລາຍ,1,1,1,0.951148
ດີຢູ່ມີກະ ແຕ່ຕິດຢ່າງດຽວບໍ່ມີໃຜແຊັດມາຫາເວີ້ຍງຽບຄັກ,1,1,1,0.564013
ແອັບໂຄດພໍ່ໂຄດແມ່ມຶງ ລົງທະບຽນຫຍາກຊິຫາຍ,0,0,0,0.873153
ເຂົ້າບໍ່ໄດ້ເລັງຫນ້າເກົ່າ ຕະຫລອດ ເຊົ້າບໍ່ໄດ້,0,0,0,0.994307
ສົ່ງລະຫັດມາຕໍ່ນີ້ເລີຍ,1,1,0,0.696321
ສຸລີ,1,1,1,0.84807
ໃຊ້ງານດີຢູ່ແຕ່ຢາກໃຫ້ມີຕົວເລືອກພາສາລາວນໍາແດ່ ຖ້າຄົນລາວເຫັນຄອມເມັ້ນນີ້ຊ່ວຍດັນແດ່,1,1,1,0.857454
ມັນດີຢູ່ໄດ,1,1,1,0.909205
ໃຊ້ສະດວກດີຫລາຍພັດທະນາຕໍ່ໄປເດີ້,1,1,1,0.974836
ດີຢູ່ ແຕ່ກະມີຂໍ້ເສຍມັນບໍ່ສົມດຸນດຽງກັບທຸກຍໍ້ຫໍ້ຂອງໂທລະສັນ ໃຝໃຫຍ່ໄປ,1,1,1,0.630326
ລົງທະບຽນໂຄດຍາກໃສ່ລະຫັດແບບໃດກະບໍ່ຖືກເທື່ອກະລຸນາປັບປຸງແນ່ເດີ,0,0,0,0.989605
