text,label,true_label,predicted_label,confidence_score
ຂອບໃຈຫຼາຍໆ,1,1,1,0.893021
ຖືວ່າເປັນແອັບທີ່ພໍວ່າມີແອັບຊື່ໆແຕ່ຍັງໃຊ້ງານບໍ່ໄດ້ ບໍ່ມີປະໂຫຍດຫຍັງເລີຍ,0,0,0,0.881968
ຂໍໃຫ້ເປັນເຫມືອນເກົ່າ,1,1,1,0.633367
ສະບາຍດີ ການໃຊບໍ່ຕ້ອງກໍານົດເວລາ,1,1,1,0.792512
ໄດ້ຜດີ,1,1,1,0.738283
ຄັກຢູ້,1,1,1,0.822031
ຢາກຮູ້ຕອ້ງລອງເອງ,1,1,1,0.810913
"ຫນຸນໄດ້10,000ແລ້ວກົດແບ່ງປັນແລ້ວເຮັດຕາມທຸກຍ່າງແລ້ວກໍບໍ່ໄດ້ແກ້ແດ່",0,0,0,0.610722
ຈັງອມ່ນສະແກນນີວມືກະບໍ່ໄດ້,0,0,0,0.876328
ໃຊ້ດີ ຫລິ້ນເພີນ,1,1,1,0.901006
ສຸດຄຸມແອັບ ລາວແອັບ2024,1,1,1,0.705589
ຂ້ອຍເຂົ້າວອບແອບບໍ່ໄດ້ ຊື້ເບີໃຫມ່ມາໃຊ້ແລ້ວຫຼີ້ນແອບບໍ່ໄດ້ມັນຂຽນມາ ບັນຊີນີ້ບໍ່ສາມາດໃຊ້ໄດ້,0,0,0,0.874852
"ດີເດີເວົ້າບໍ່ໄດ້ ເບິ່ງຫນັງຍັງງໄດ້ລາຄາຖືກ ແຕ່ເປັນຕໍ່ວັນລາຄາກະ500klp ຢາກໃຫ້ເລືອກ ເປັນ3ມື້2,500klp ບໍ່ກະ7ມື້4,500klp ແລະມັນຈຶ່ງງ່າຍແລະສະດວກຕໍ່ຜູ້ບໍລິໂພກ ນີ້ເປັນຄໍາແນະນໍາຊຶຊື",1,1,0,0.545781
ຄືນາງນີ,1,1,1,0.783435
ຄວາຍໃຫ້ກູລົງທະບຽນແຕ່ເຂົ້າບໍ່ໄດ້,0,0,0,0.934103
ພໍໄດ້ຢູ່ໃດ໋,1,1,1,0.761972
ໂອເຄມາກກດກກ,1,1,1,0.804531
ດີໃຊ້ໄດ້ດີທັນໃຈ,1,1,1,0.918961
ສະຫຼັບບັນຊີຢາກ,0,0,1,0.546222
ຕອນແລກໆກ້າໄດ້ເນັດພໍດຽວນີ້ຄືບໍໄດເປັນບໍຮູ້ແກ້ໄຂແດ່,0,0,0,0.808509
ຕາຕາ,1,1,1,0.760384
ອັບເດດໃຫມ່ຄະແນນກະຫາຍ ເຕີມບັດກະບໍ່ໄດ້ ຄືງົງອັບເດດໃຫມ່ລະບໍ່ຄືເກົ່າ,0,0,0,0.961169
ຢາກຫລີ້ນແອບນີ້,1,1,1,0.712876
ຈອນນີ,1,1,1,0.666349
ໃຊ້ດີຫລາຍ,1,1,1,0.984415
ໄດ້ ທັງສາລະ ແລະ ບົດຮຽນທີ່ເກີດຂື້ນ ໃນສັງຄົມ.,1,1,1,0.793369
ເຖິງສາຂາວຽງຈະເລີນ ຢາກຮູ້ວ່າ ພງ ແຕ່ລະປ່ອງເປັນຫຍັງຫລາຍບໍ່ ສີຫນ້ານ້ໍາສຽງເວລາບໍລິການລູກຄ້າຄືບໍ່ຢາກເຮັດ ເບິ່ງເບັ່ງກ້າມເຮັດປານເພິ່ນໄດ້ເປັນນາຍົກນິ ຄໍາເວົ້າປານບໍ່ໄດ້ອົບຮົມ ບໍລິການກະບໍ່ໄດ້ເລື່ອງລູກຄ້າໄປໃຊ້ບໍລິການ ອັນງ່າຍກະເຮັດໃຫ້ຍາກ ຮັບສິດຈາກຄອບຄົວໄປເຮັດທຸລະກໍາແທນ ສໍາພາດປານວ່າໄປຂ້າໃຜມາ ເອົາອັນນັ້ນລະເອົາອັນນີ້ມາ ລາຍເຊັນຫາງສັ້ນ ກະວ່າຄືບໍ່ຍາວສ່ໍາກັນ ງຶດ! ງຶດ! ງຶດ ຄົນທີ່ລົມດີແນະນໍາດີລະແມ່ນຜູ້ທີ່ນັ່ງໃນສຸດຫັ້ນ ນ່າຈະແມ່ນຫົວຫນ້າສາຂາ ສ່ວນ ພງ ຕ້ອນຮັບ ບໍ່ເປັນຕາສິແຕກ ຖ້າອອກໄດ້ກະອອກສາ ນາງທີ່ຖືພາແຮງຫນັກກວ່າຫມູ່ ບໍ່ໄດ້ເລື່ອງ,0,0,0,0.884487
ເປັນຫຍັງໃສ່ລະຫັດບັດແລ້ວມັນວ່າບໍ່ຮັບຮອງ,0,0,0,0.725006
ຄົນຫາລາຍຊື່ຜູ້ທີມີຕິດຕໍຢູ່ແລ້ວໃຫ້ແດ່,1,1,1,0.764138
ເອີ້ນບໍ່ມາເອີ້ນເປັນຊົ່ວໂມງກະບໍ່ມາບໍ່ຮູ້ເປັນຫຍັງຄົນອື່ນເປັນຄືເຮົາບໍ່,0,0,0,0.868795
ຍັງບໍ່ປອດໄພ,0,0,1,0.518258
ໂຄດກາກ ອັບເດດເຂົ້າຊ້າແທ້,0,0,0,0.93916
ໃຫ້ດາວຫນຶ່ງກ່ອນເດີ ໄວ້ເຂົ້າຕອບແຊັດກັບມາລະຊິໃຫ້ອີກດາວຫນຶ່ງ ໂອເຄເນາະ,0,0,0,0.595715
ດີທີ່ສົມບູນ,1,1,1,0.826636
ລົງທະບຽນກະຢາກ ຂໍລະຫັດotpກະເດັ້ງ ລະຈະໃຫ້ລົງທະບຽນຈັງໃດ,0,0,0,0.751394
ແກ້ໄຂ້ຫນ່ອຍມຸນເອົາດາຕ້າບໍ່ໄດ້,0,0,0,0.830527
ລົງທະບຽນຍາກແທ້1ດາວພໍ.,0,0,0,0.895516
ແກ້ໄຂ້ໄຫ້ແດ່ເຂົ້າແອບບໍ່ໄດ້,0,0,0,0.922156
ຄືຕິດຕັ້ງບໍ່ໄດ້ ເຂົ້າກະຍາກ,0,0,0,0.935743
ດ້າ,1,1,1,0.767754
ບໍ່ມີການປ່ຽນແປງຫຍັງເລີຍ້ຮົາເຊີນຫມູ່ໄດ້ສະແກນກໍບໍ່ໄດ້ເງີນແຕ່ກ່ອນໄດ້ດຽວນີ້ບໍ່ໄດ້ຫມູ່ຮັບຄໍາເຊີນແລ້ວຍັງບໍ່ໄດ້ອີກຫມູ່ສະແກນໃຫ້4ເທື່ອແລ້ວບໍ່ໄດ້ເລີຍເງີນກະບໍ່ໄດ້ເນັດກະບໍ່ໄດ້ແປວ່າຫຍັງແບບນີ້ຄວນປັບປຸງຖ້າຢາກໃຫ້ມີຄົນໂຫລດມາໃຊ້ເດີ,0,0,0,0.976786
ຢາກຖືກຢູ່,1,1,1,0.793205
ຂໍໃຫ້ມີເພື່ອນຫຼາຍກໍດີແລ້ວ,1,1,1,0.856417
ເຂົ້າລະບົບຍາກແທ້ ເຂົ້າແນວໃດກະບໍ່ໄດ້ທ່ານເອີຍ,0,0,0,0.94142
ຂອ້ຍແນະນໍາໄຫ້ພວກເຈົ້າໄປລອງເລ່ນເກມxboxໄນແອບmyunitelເພາະຂອ້ຍເຄີຍໄດ້ເງີນສອງແສນຫາມາແລ້ວ,1,1,1,0.707317
ທຸກຍ່າງປົກະຕິໃຊ້ງານດີຂໍຄອບໃຈ,1,1,1,0.861943
ສູນຄວາມບັນເທິງ ຟີຣ ມີໃຫ້ບໍລິການໃນ laos app,1,1,1,0.708782
ແອບໂຄດກາກລົງທະບຽນແລ້ວເຂົ້າສູ່ລະບົບບໍໄດ້,0,0,0,0.955631
ດີຫຼາຍເອບນີ້,1,1,1,0.896981
ເຂົ້າບໍ່ໄດ້ປັບປຸງດ່ວນ ຊັ້ນບໍ່ໃຊ້ລະຄັນແບບນີ້ນະຍາກໂພດ,0,0,0,0.970614
ຫລີ້ນຊ້າຫລາຍ ປັບປຸງດ່ວນ!,0,0,0,0.844532
ດີຫຼາຍທີໄດ້ໃຊ້,1,1,1,0.90415
ສະດວກວອ່ງໄວທັນໃຈທັນສະໄຫມຮັບໃຊ້ສັງຄົມລາວ,1,1,1,0.883359
facebook ເຫັນດີ,1,1,1,0.785332
ກພດິເດະ,1,1,1,0.771245
ຕີດຕາມແນ່ເດີເຟືອນໆທີຮັກຫມົດທຸກຄົນ,1,1,1,0.673283
ຮ່າ,1,1,1,0.77215
ບໍ່ມາດຕະຖານ,0,0,0,0.541355
ແລກດາຕ້າໄດ້ຫນ້ອຍເກີນໄປຕອນນັ້ນແລກ50.000 ກີບໄດ້ 30gb ຕອນນີ້ແລກ 75.000ກີບໄດ້ 27gb ຈະເລີນ,0,0,0,0.692184
ຂ້ອຍໄດ້ເນັດ3gbເດີ ທັນໄດ້ລອງເລ່ນຍ່າງອື່ນເພິ້ມ,1,1,1,0.785867
ໄດ້ລົມຫມູ່ຫຼາຍຄົນດີລະກະໄດ້ເບີຜຜູ້ບ່າວຫຼາຍອີກ,1,1,1,0.744719
ແສງອາລຸນ,1,1,1,0.794282
ມັກມວນຢູ,1,1,1,0.848169
ຂ້ອຍຕິດຕັ້ງບໍ່ໃດ້,1,1,0,0.59371
ເປິດແອບລາຍເທື ກະບໍໄດ,0,0,0,0.737125
ກະຄືກັນ,1,1,1,0.741079
ຜ່ານມາເຄີຍຂັບລົດແອບໂລກ່າຖືກໃຈມັກຢາກໄປຂັບອີກ,1,1,1,0.631749
ດີຂາດບ່ໄດ້ເລີຍ,1,1,1,0.77408
ໂອສົດແກ້ວບຸນເຮືອງ,1,1,1,0.764766
ເສຍດາຍ,1,1,1,0.805982
ຄິເຖິງແລະເປັນຫວ່ງຈົນວັນສີ້ນລົມຫາຍໃຈຈາກໂຊກໄຊສາຍນໍາ້ຮັ່ງ.,1,1,1,0.729599
ຄວາມພໍໄຈຈາວຈີມດີ,1,1,1,0.830744
ຢາກມີຄົນຮູ້ໃຈ,1,1,1,0.795249
ໃຊ້ດີສຸດໆ,1,1,1,0.935281
ເຂົ້າບໍ່ໄດ້ງົງເລີຍ,0,0,0,0.881541
ໂອນເງິນເຂົ້າແລ້ວກາບໍ່ເຫັນເງິນ,0,0,0,0.895861
ໃສລະບາຍ,1,1,1,0.75742
ເອັບນີດີຫຼາຍ,1,1,1,0.925649
ຮລາວ,1,1,1,0.808686
ດີຫຼາຍແອບນີ້,1,1,1,0.865708
ຂອບໃຈສໍາລັບ,1,1,1,0.913946
ດີມາກສັ່ງງ່າຍ,1,1,1,0.817828
ຫມູນວົງລໍ້ບໍ່ເຄີຍໄດ້ຈັກບາດໂຄດລ໋ອກ,0,0,0,0.793499
ດີໆ ຫລີ່ນແບບ ບໍ່ເສີຍເງິນ,1,1,1,0.51663
ໂປແກຮມບໍ່ສົມບູນ,0,0,0,0.625225
ອັບເດດລະຄ້າງເລີຍ,0,0,0,0.856476
ສົ່ງລະຫັດ otp ຊ້າໂພດ ເທື່ອກະບໍ່ສົ່ງມາເລີຍ ແລະ ແອັບກະບໍ່ຊ່ອງແກ້ໄຂ ອອກແລ້ວເຂົ້າຄືນລອກອິນໂຕເກົ່າກະບໍ່ໄດ້ ປັບປຸງແດ່,0,0,0,0.992099
ບົວແຄັມ,1,1,1,0.771057
ດີຢ່ຽມ,1,1,1,0.790215
ໂຫລດແອັພມາແລ້ວ ເຂົ້າບໍ່ໄດ້ ແກ້ໃຫ້ແດ່,0,0,0,0.922184
ດີແລ້ວແຕ່ປັບປຸງຄວາມຊ້າແນ່,1,1,0,0.615574
ເວລາຈະກົດຊື້ ມັນຈະຂື້ນລະຫັດຜູ້ແນະນໍາ ກົດລະຫັດໂຕນີ້ໃສ່ເດີ້ 64058048 ຂອບໃຈ.,1,1,1,0.592439
ຖືກຕ້ອງ,1,1,1,0.614486
ບໍ່ເຂົ້າໃຈແອັບປັບປ່ຽນຫຼາຍພັດວ່າມີບັນຫາເຂົ້າແອັບມດກະບໍ່ໄດ້,0,0,0,0.941345
ໃຊໃດດີ,1,1,1,0.835015
ດໍານາ,1,1,1,0.789863
ບັງຄັບໃຫ້ໃຊ້ ແຕ່ເຮັດຈັງໃດສີລົງທະບຽນ? ຕອນນີ້ລົງທະບຽນໄດ້ແລ້ວ ຂອບໃຈ,1,1,0,0.581494
ດີມາກລີ້ນກະສະນຸກ,1,1,1,0.899969
ໂອນເງິນບໍໄດ້,0,0,0,0.936877
ຕ້ອງການກູຄືນເຟສຕົວເອ,1,1,1,0.8702
ເຮັງ,1,1,1,0.789571
ບໍໄດ້,1,1,0,0.965292
ນອນຫຼັບ,1,1,1,0.72898
ແອັບກາກເຂົ້າເທຶ່ອໄດໄດ້ສົ່ງotpຕະຫລອດຈັກເຮັດມາເພືອຫຍັງແຫງອັບເດດແອັບແຫງກາກຂື້ນເຮືອຍໆ,0,0,0,0.925526
ຢາກລົງທະບງນລາວແອັບ,1,1,1,0.643278
ໃຫ້ົ,1,1,1,0.667608
ຄົນບໍມິຄ່າພໍ,1,1,1,0.650953
ເຊ ດ,1,1,1,0.759982
ຫວຍແຕກເຂົ້າແອບກະຊ້າ ສົມພໍເຂົາຈືງນີຍົມໃຊ້ແອບແດງ,0,0,0,0.803011
ເຂົ້າບໍ່ໄດ້ ແກ້ໄຂຊ່ອຍແດ່,0,0,0,0.926877
ດີແຮງໆ,1,1,1,0.889461
ສະແກນລາຍນິວມືບໍ່ໄດ້ ອັຟຫາອີຫຍັງເອົາແບບເກົ່າເທາະ,0,0,0,0.894816
ຜັກທຮິ,1,1,1,0.786562
ສະດວກເຂົ້າໃຈງ່າຍ,1,1,1,0.855526
ນືກ,1,1,1,0.759982
ກູກະຮັກແຟນກູ,1,1,1,0.845377
ເຟດຂ້ອຍມັນມັກເດັ້ງ,1,1,1,0.568768
"ນີ້ເປັນຄັ້ງແລກທີ່ຂ້ອຍໃຊ້, facebook",1,1,1,0.778407
ໂອເຄຈາ,1,1,1,0.812644
ຫນຸນຖືກແຕ່ເຮັດພາລະກິດ ດາຕ້າກະບໍ່ໄດ້ ຢູພ້ອຍກະບໍ່ໄດ້ຄືຕອນອັບເດດໃຫມ່ໆ,0,0,0,0.933759
ໂທຫາຫມູ່ສະບາຍ,1,1,1,0.891618
ເຂົ້າຫອມ,0,0,0,0.665522
ສສາ,1,1,1,0.779915
ໂສໃນຕໍານານ ຈຮາ,1,1,1,0.801747
ຂອບໃຈທີ່ໄຫ້ເນັດທຸກໆມື້,1,1,1,0.848708
ດີຫຼາຍຢ່າງໄວ,1,1,1,0.924849
ໃຫ້1ດາວພໍເພາະປີນໄດ້ເນັດແຕ່ແບງປັນບໍ່ໄດ້ແທມຍັງບັກເດັງອອກຕະລອດແບບມັນດຮັດໃຫ້ເຮົາໂມໂຫຍ້ອນຊ້ວຍແກ່ໄຂ່ໃຫ້ແດ່ເດີອັບເດດໃຫມ່ນີ້ຖືວ່າບໍ່ດີເລີຍ,0,0,0,0.897026
ໃຊ້ໄດ້ດີຂໍມີໄຊກໄຊກສາທຸສາທຸສາທຸ,1,1,1,0.858931
ລືມລະຫັດ ຄຸມເຂົ້າ ສຸດທ້າຍບ໊ອກໂຫລດຄືບໍ່ໄດ້,0,0,0,0.791502
ທ.ຄໍາສີອິນທະວົງ.,1,1,1,0.808405
ເປັນຕ້ອງອັບເດດທຸກເທື່ອກ່ອນເຂົ້າແອັບ,0,0,0,0.878284
ແອບທີມັກ,1,1,1,0.726196
ລີ້ນແລ້ວຄັກ,1,1,1,0.711582
ດີຫລາຍ ພັດທະນາຕໍ່ໄປໆໃນການໃຫ້ບໍລິການລູກຄ້າ,1,1,1,0.777713
ຊ່ວຍດວ້ຍ,1,1,1,0.841282
ອີ່ ດ ດໍາເດັກໂນນຈານ,1,1,1,0.753246
ໂຫຼດມາແລ້ວລົງບໍ່ໄດ້ກອກເບີໃສ່ແລ້ວບາດໃສ່ລະຫັດຢືນຢັນລະເດັ້ງກັບຕະຫຼອດ ໃສ່ແລ້ວໃສ່ອີກກະຍັງເປັນຄືເກົ່າຢູ່,0,0,0,0.900166
ຊ່ວຍປັບປຸງແນ່ເດີ,1,1,0,0.739422
ໃຊ້ດີບອກເລີຍ,1,1,1,0.851036
ຮອດແອບ,1,1,1,0.658724
ຂອບໄຈແມ່ມືງຕິ,1,1,1,0.570807
ຂອບໃຈທີມີແອບດີໆແບບນີ້,1,1,1,0.856685
ດີຫລາຍສື່ສານວອ່ງໄວ,1,1,1,0.932993
ດດdd,1,1,1,0.759982
ນາມ,1,1,1,0.741943
ເຫມີ່ຍແລ້ວເຮັດຍັງກະບໍເຂົ້າໃຈ,0,0,0,0.731551
ສາຍກວນ,1,1,1,0.683815
ມັນດີຫລາຍແອບນີ້,1,1,1,0.873671
ກັບມາໃຫ້5 ຄືນ ຂອບໃຈທີ່ແກ້ປັນຫາ otp ຢ່າຫາເຮັດອີກເດີ້ ບໍ່ມີປັນຫາ ບໍ່ມີຟັງຊັ້ນໃຫມ່ ບໍ່ຈໍາເປັນຕ້ອງອັບເດດດຸໆກະໄດ້,1,1,0,0.841523
ສົ່ງຮູບເບີ່ງຮູບບໍ່ໄດ້ຕ້ອງກົດແກ້ໄຂຈີ່ງເບີ່ງຮູບໄດ້,0,0,0,0.703207
ປັປປຸງແນ່ເດະ ແອັບລົ່ມ3 4ເທື່ອ ທິດ. ບໍ່ຄິດຢາກພັດທະນາໃຫ້ມັນດີຂຶ້ນແນ່ຫວາ ງົງ,0,0,0,0.694014
ດີສໍາເວລວ່າງທີ່ໄດ້ຫຼິ້ນໄດ້ເບີງຫມູເພື້ອນ,1,1,1,0.768031
ລອງກອ່ນ,1,1,1,0.792688
ດີໆຫລາຍມັກສຸດໆ,1,1,1,0.832229
ມັນບ່ອນສູນລວມໃຫ້ບໍລິການຂອງຢູນິເທວ,1,1,1,0.618386
ຢາກໃຫ້ສັງຄົມນິຍົມໃຊ້ ກໍ່ຕ້ອງເຮັດໃຫ້ໄດ້ໃຈສັງຄົມ. ອັນນີ້ຫມູນຖຶກຕາຍແຕ່ຟັງເພງ ກັບຊົມວີດີໂອ,0,0,1,0.678618
ໄຊດີໂອເຄ,1,1,1,0.779067
ດີຈ້ະ,1,1,1,0.806
ໃຊ້ງ່າຍສະດວກປອດໄພວອງໄວທັນໃຈ,1,1,1,0.930711
ລົງທະບຽນແລ້ວເຂົ້າລະບົບບໍ່ໄດ້ ປັບປຸງແນ່ເດີ,0,0,0,0.980802
ມີການ,1,1,1,0.754252
ກາກສຸດໆ ຊ້າສຸດໆ,0,0,0,0.715415
ບໍລິການໄດ້ດີຫຼາຍ,1,1,1,0.93652
ສະບາຍທຸກຢ່າງ,1,1,1,0.917571
ໄປສູ່ຜູ້,1,1,1,0.734339
ແກ້ໄຂໃຫ້ແດ່ ເປັນຫຍັງຄືເບິ່ງຫນັງບ່ອນຮູບເງົາບໍ່ໄດ້ອີກແລ້ວ,0,0,0,0.855501
ໃຊ້ດີຫຼາຍ ແຕ່ພື້ນທີ ມັກເຕັມແກ້ໄຂໃຫ້ແດ່ເດີ ກະບໍ່ໄດ້ໂຫຼດອັນເດີໂຫຼດແຕ່ວ໊ອດແອັບທັດ ຮູບກະບໍ່ຫຼາຍວິດີໂອ ບໍ່ມີ,0,0,0,0.738588
ໂທລະສັບບໍ່ສາມາດໃຊ້ແອັບຫລຸ້ນນີ້ໄດ້ ຄວນປ່ອຍໃຫ້ສາມາດນໍາໃຊ້ແອັບຫລຸ້ນເກົ່າໄດ້,0,0,0,0.684253
rom cn ເຂົ້າບໍ່ໄດ້,0,0,0,0.968992
ດີຄ່າບບບ,1,1,1,0.715345
ວ່າເຊັງ ເນ ກິບທັງຫມົດສໍາລັບ,1,1,1,0.788041
ບຸນເລີດ ຄໍາມີນາ 93 ອາຍຸ,1,1,1,0.797796
ລາວຜັດທະນາ,1,1,1,0.80017
ຖືກໄຈແຮງສໍາລັບແອັບໂມຈາ,1,1,1,0.803718
ດີຫລາຍແລະມີປະໂຫຍດ,1,1,1,0.891742
ໂອເຄັ,1,1,1,0.812644
ແກ່ນຈັນ ຈັນທະວົງ,1,1,1,0.813773
ຢາກໃຫ້ແອັບນີ້ພັດທະນາໄປເລື້ອຍໆ ສາມາດໂອນເຂົ້າ ອອກ ໃຫ້ໄດ້ຫຼາຍທະນາຄານ ເຮັດທຸລະກໍາໃຊ້ງ່າຍຈ່າຍສະດວກກວ່າເດີມ,1,1,1,0.68816
ເປັນກັນເອງ,1,1,1,0.74126
ຫມາສີ້ແມ່ມືງເຂົ້າກະບໍໃດ້ບັກຫູຂີ້ມຶງບັກປອດທັ່ງບັກເປດມືງບັກສົ້ນຕີນບັກຄວາຍມືງພໍ່ແມ່ແຕດເຫນົ່າມືງບັກຂີ້ຕົວະ,0,0,0,0.899888
ປະຕິທິນເປັນຫຍັງເລືອກເບິ່ງເດືອນອື່ນໆບໍ່ໄດ້?,0,0,0,0.842094
ລອງເຂົ້າໃຊ້,1,1,1,0.623854
ຂາວສານດີໆມີຫລາຍ,1,1,1,0.92706
ດີມານ,1,1,1,0.874314
ໂຖໍາພະໍວໃຝຂ,1,1,1,0.800182
ເຂົ້າແອັບໂຄດຍາກເນັດກາກບໍ່ພໍເຂົ້າແອັບບໍ່ໄດ້ອີກນ່າຈະພັດທະນາໃຫ້ເຂົ້າແອັບງ່າຍຄືແອັບອື່ນແນ່ເນັດເບິດຍັງເຂົ້າໄດ້,0,0,0,0.951123
ຍອດຫຍ້ຽມ,1,1,1,0.7818
ໂດນໄຈ,1,1,1,0.784132
ເຟດສົ້ນຕີນຄືບ້ານິກູໃຊ້ເຟດລະຊິມເສຍຊິມທີ່ເຄີຍຕັ້ງເສຍກູກະຈື່ລະຫັດກູກາຈື່ເບີຍັງສິໃຫ້ສົ່ງລະຫັດຍືນຍັນຢູ່ລະສິໄປເອົາໂຕເຂົາສົ່ງໃຫ້ເຈໃດລະກ່ອນສິເຮັດຫຍັງກາຄິດແນ່ກູລະສູນາະແດງແມ່ມືງແກ່ຈື່ລະຫັດລະກະແລ້ວຍັງຕ້ອງຍືນຍັນຫີແຕດອີ່ຫຍັງອີກບ້າປັນຍາອອນເສຍເສັ້ນເອົາໄປເອົາມາເສືອກຫລີ້ນບໍ່ໄດ້ປັບປຸງແນ່ປັ່ນຍາອອນ,0,0,0,0.970885
ຍອດຢ້ຽມ,1,1,1,0.7779
ແອັບນີ້ດີມາກສຸດຍອດ,1,1,1,0.865509
ດີເງິນເຕີມເນັດບໍ່ຂາດຈັກມື້,1,1,0,0.619808
ຕັ້ງເຟດບໍ່ໄດ້ເຂົ້າເຟດບໍ່ໄດ້,0,0,0,0.837334
ດີ ມາກຫມາຍ,1,1,1,0.783711
ດີມາກກດກກ,1,1,1,0.880192
ຟງລ ໂລ,1,1,1,0.771295
ນ້ອງນູ,1,1,1,0.80446
ແອພເປັນຫຍັງ ເດັ້ງອອກລະເຂົ້າລະບົບບໍ່ໄດ້,0,0,0,0.970844
ໄວ້ໃຈເຈດີບີ,1,1,1,0.816799
ຊື່ ຄີມ,1,1,1,0.773451
ມັກຫລາຍ,1,1,1,0.878419
ແອບມັນຄ້າງແລະກະເດັງອອກເລີຍ ແລະເຮັດໃຫ້ໂທຄ້າງກົດຫຍັງບໍ່ໄດ້ ໂທລະຊັບຂ້ອຍ a51,0,0,0,0.895395
ຂັ້ນຕອນການຮັບຮອງລໍຖ້າດົນເກີນໄປ ລໍມາເປັນອາທິດກວ່າແລ້ວລະບົບຍັງບອກວ່າກໍາລັງດໍາເນີນການຢູ່,0,0,0,0.772892
ເຂົ້າແອັບບໍ່ໄດ້ເລີຍ ລົບແລ້ວໂຫຼດໃຫມ່ກະຍັງບໍ່ໄດ້,0,0,0,0.96433
ໃຊ້ໄດ້ດີແຮງ,1,1,1,0.94495
ບໍ່ປານໄດ,1,1,0,0.564042
ອັບເດດໃຫມ່ກະຈອກແທ້,0,0,0,0.733849
ຄະແນນເສຍທາ້ຍປີ,0,0,1,0.723022
ລະບົບໂຄດຫ່ວຍແຕກ ຕິດຕັ້ງບໍ່ໄປຫນ້າotp ຈັກເທື່ອ ປັບປຸງດ່ວນ ລົງທະບຽນຍາກ,0,0,0,0.976699
ລາຄາບໍ່ມາດຕະຖານ ຮັບຫມ່ອງດຽວກັນ ສົ່ງຫມ່ອງດຽວກັນ ລາຄາຫລຸດກັນເປັນແສນກີບ,0,0,0,0.622212
ຂັດຂ້ອງໃຊ້ງານບ້ໄດ້,0,0,0,0.584933
ກະພໍດີນໍາເຂົາຢູ່,1,1,1,0.672202
ແອບດີມາກໆ,1,1,1,0.83995
ຄິດຮອດເດີເຮີຍ,1,1,1,0.758543
ສະດວກສະບາຍຫຼາຍໆຢ່າງ,1,1,1,0.930983
ກາກ ບໍ່ສາມາດເຮັດຫຍັງກັບໂຕແອັປໄດ້ເລີຍ ຊ່ວຍປັບປຸງໃຫ້ມັນສະຖຽນແນ່ ຄໍາແນະນໍາຕ່າງໆຫຍັງກະບໍ່ມີ ຖ້າບໍ່ຮູ້ກະຄິດວ່າແອັປເຖື່ອນແລ້ວ,0,0,0,0.908691
ຂອງປະເທດລາວດີສຸດເລີຍ,1,1,1,0.82248
ບາວທັນ,1,1,1,0.809731
ຖ້າເຮົາບໍ່ມີບັນຊີທະນາຄານຫືຼbceloneເຮົາຈະໃຊ້ໄດ້ບໍ່,1,1,1,0.504469
ລີສິວການສະແດງຫມາຍເຖິງຫຍັງ ?,1,1,1,0.560522
ສິ່ງ,1,1,1,0.813475
ໂອເຄທຸກຢ່າງໃນແອບນີແມ່ນບໍ່ລີການຟີຮ.,1,1,1,0.544265
ທໍາສີ່ງທົ່ວໄປ,1,1,1,0.791412
ຊອກຫາເພື່ອນໆ,1,1,1,0.799155
ດິດີິ,1,1,1,0.776599
ອະສະລິຍະຈິ່ງຽ,1,1,1,0.812703
ລິນບ່ໄດ້,1,1,1,0.689112
ເກັ່ງ,1,1,1,0.797031
ຄັ້ງແລກທີ່ໂຫລດມາໃຊ້ປະທັບໃຈຫລາຍສັງພັດກະເພົາຕອນ19 30ແອບບອກວ່າລໍຖ້າ40 50ກະນັ່ງຖ້າດົນເຕິມເຂົ້າມາເບິ່ງໃຫມ່ມັນບອກຖ້າ50 60ກະຖ້າມາອີກຈົນ8 30ມັນກະບອກຖ້າອີກ40 50 ສົງໃສຄືສິໄດ້ກິນມື້ຫນ້າພຸ້ນແລະ ຫ່ວຍແຕກອີ່ຫລີ,0,0,0,0.852042
ຫາກ,1,1,1,0.714338
ເນັດກະບໍ່ໄດ້,0,0,0,0.982663
ຂໍເວົ້າຈັກບາດແນ່ ຕອນແອັບຂື້ນຊື່ໂມຈາຫລີ້ນໂຄດຄັກ ພໍປ່ຽນມາເປັນແອັບລາວເທົ່ານັ້ນລະ ໂຄດກາກ ໂຄດບໍແມ່ແອັບແລ້ວຕອນນີ້ ຍາກຮູ້ຜູ້ພັດທະນາແອັບນີ້ເດ່ ອັນທີ່ດີຍູ່ແລ້ວແທນທີ່ຈະໃຫ້ດີຂື້ນ ອັນນີ້ພັດເຮັດໃຫ້ກາກລົງ.000,0,0,0,0.824799
ແອັບແບບນີ້ບໍ່ມີປະໂຫຍດຫຍັງລົງທະບຽນເບີກະບໍ່ໄດ້ເຮັເຫຍັງຜ່ທນແອັບກະບໍ່ໄດ້ຈັກເຮັດມາເພື່ອຫຍັງລົບຖິ້ມສາຖ້າເຮຫດແບບນີ້,0,0,0,0.974491
ຈາຍ່ສະບາຍ,1,1,1,0.899654
"ປອດໄພ,ສະດວກດີ",1,1,1,0.91639
ໄດ້ຮົບຊົມຂ່າວສານສະດວກ,1,1,1,0.892611
ແອບກາກໂພດນີ້ຫວາ ແອບ kyc555,0,0,0,0.740538
ເປັນຫຍັງຄືຫຼິ້ນບໍ່ໄດ້,0,0,0,0.926715
ນາງຈາ,1,1,1,0.79842
ປະສົບການຈາກເຟສບຸກ,1,1,1,0.916837
ໃຊ້ດີເກີນຄວາມຄາດຫມາຍ,1,1,1,0.85097
ແອບດີແຕ່ກະຢາກໃຫ້ເພິ່ມແອັບvibieເຂົານໍາຄືຈະດີຫຼາຍ,1,1,1,0.864963
"ແອັບອື່ນດີກວ່າຫຼາຍ, ຊ້າແຮງ",0,0,0,0.668683
ແກ້ວ.ກຸນມະນີ,1,1,1,0.823514
ໃຫ້4ດາວລອງເບີ່ງກອ່ນ,1,1,1,0.861422
ຍາກຫຼາຍ,0,0,0,0.625106
ແມ່ນ,1,1,1,0.620179
ດີຫຼາຍແຕ່ຢາກໃຫ້ທະນາຄານມີຄວາມປອດໄພໃຫ້ດີບໍ່ໃຫ້ຄົນອື່ນລັກຖອນເງີນແບບບໍ່ຮູ້ຕົວເລີຍ.,1,1,1,0.804418
ດີໆຫລ່າຍໆ,1,1,1,0.788073
ສົມຊາຍ,1,1,1,0.818394
ນາກມ,1,1,1,0.735961
whatsapp ເພື່ອສື່ສານຂອງຂໍ້ຄວາມທີ່ດີກັບເຮົາ,1,1,1,0.759375
ເຂົ້າສູ່ລະບົບບບໍ່ໄດ້ເຂົ້າຈົນເມື່ອຍລີ້ງຢູ່ນັ້ນ,0,0,0,0.790058
ສຸກ ສຸກ,1,1,1,0.782981
ກາກສັດ,0,0,0,0.678734
ສະມັກບັນຊີ ບໍ່ໃດ້,0,0,0,0.721805
ງ່າຍສະດວກດີ ເຫມາະແກ່ການຄົນຄ້ານໄປເອງ. ພັດທະນາຕໍ່ໄປເດີ້,1,1,1,0.855008
ລົງທະບຽນກະບໍ່ໄດ້ຈັກເທື່ອສົ່ງລະຫັດເປັນພັຮເທື່ອກະບໍ່ໄດ້,0,0,0,0.973242
ຖູກໃຈມາກ,1,1,1,0.844881
ເຄີດເຮັດວຽກຢູ່ຊໍາເຫນືອ,1,1,1,0.749234
ອັບເດດແລ້ວຂີ້ຮ້າຍກວ່າເກົ່າອີກໃຊ້ຍັງບໍ່ໄດ້ເລີຍ,0,0,0,0.951373
ເນັດ300ປະຢັດໄດ້ຫມຶງມື,1,1,1,0.667031
ຂໍສອບຖາມແນ່ ມີຂໍ້ຄວາມແຈ້ງມາວ່າໃຫ້ລົງທະບຽນເບີກ່ອນວັນທີ16ທັນວາ ໂດຍການໂຫລດແອັບນີ້ເພຶ່ອລົງທະບຽນ ແຕ່ໂຫລດມາແລ້ວເຂົ້າລົງທະບຽນໃນແອັບບໍ່ໄດ້ ແອັບບໍ່ຕອບສະຫນອງ ເບີຂ້ອຍໄດ້ລົງທະບຽນຕັ້ງແຕ່ປ່ຽນເປັນ4g ຫຼາຍປີແລ້ວ ບໍ່ຮູ້ວ່າທາງສູນຈະລະງັບການໃຊ້ງານເບີຂ້ອຍບໍ່,0,0,0,0.896922
ທີ1ການເງິນຂອງຂ້ອຍ,1,1,1,0.754218
ຫມຸນບໍ່ໄດ້ເລີຍແຍ່ມາກແກ້ໄຂໃຫ້ດ່ວນ,0,0,0,0.931045
ສາ່ຮ,1,1,1,0.759982
ມັກແອັບນີ້ສະດວກວ່ອງໄວ,1,1,1,0.886113
ຍາກໂທຟຮີ,1,1,1,0.523569
ລາວແອັດໃຈດີມະ,1,1,1,0.830459
ເຮ້! ລະບົບຊິມີປັນຫາຕອນລົງທະບຽນໃຫ້ລູກຄ້າບໍ່ໄດ້ນ໊າ,0,0,0,0.90953
ບໍໄດຍັງນອກຈາກເຊີນເພືອນ,0,0,0,0.54527
ຮອບຫມູນບໍ່ມີແກ້ໄຂດ່ວນເພື່ອໃຫ້ມີຮອບຫມູນ,0,0,0,0.729924
ໃຊ້ງານດີຈິງ,1,1,1,0.882244
ລາວ.ສະບາຍດີ.ຍັງບ່ເຂົ້າໃຈ.,1,1,1,0.767537
ສະດວກການສືສານ,1,1,1,0.882974
ກະດີຢູ່ນະແຕ່ສັນມັນກາກເບີ່ງລະຄ້າງຊ່ວຍປັບປຸ່ງແນ່ຄືວ່າສັນຍານເຮົາກະດີຢູ່ນະ,1,1,0,0.716863
ມີປະໂຫຍນຫຼຍ,1,1,1,0.748048
ໄດ້ດີແລ້ວ,1,1,1,0.907104
ຂ້ອຍຂໍທັງຫມົດຂອງລາງວັນ1ຢ່າງທີ່ສໍາຄັນສຸດຕໍ່ຊີວິດ,1,1,1,0.817386
ສະຫນັກໂຄດຍາກຕອນນີ້ຍັງສະຫນັກບໍທັນໄດ້ໃຫ້ໃສ່ເບີໂທກະໃສ່ແລ້ວຍັງບໍ່ໄດ້ຄວນປັບປຸງດ່ວນ,0,0,0,0.897987
ມີການດີໃນການແຊັດ,1,1,1,0.863097
ແອັບຂີ້ຫມາຫຍັງຫວາ ໂຫຼດມາເສຍດາຕ້າຊື່ໆເຮັດຫຍັງບໍ່ໄດ້ເລີຍ. ປັບປຸງກ່ອນສາແລ້ວຈຶ່ງຈະມາລົງທະບຽນໃຫມ່ເດີ້,0,0,0,0.949115
ຕິກນ່າ,1,1,1,0.7344
ເຍຍລີວໍາ,1,1,1,0.772149
ເປັນຫຍັງຄືແອພຄືເດ້ງອອກ,0,0,0,0.826692
ວິໄລຄົນເດີມ,1,1,1,0.801839
ໂຄດເສຍອາລົມເລີຍຕັ້ງແຕ່ອັບເດດມາຂັດຂ້ອງເມິດທຸກອັນໂທວິດີໂອຄໍກະບໍ່ເຫັນຫນ້າເຂົາຫມຸນປານຫນ່ວຍໂລກ,0,0,0,0.924036
ໄຊ້ດີເຈົ້າ,1,1,1,0.870276
ທຍກເກືສ,1,1,1,0.632841
ບອອກເລກ,0,0,0,0.555856
ໄປກັບໂລກ້າປອດໄພມີປະກັນຄຸ້ມຄອງ,1,1,1,0.734702
ເຮັດຫຍັງຫນ່ອຍ1ເຟສກະລ໋ອກແກ້ໄຂແນ້,0,0,0,0.690341
ເອີ້ນລົດຫລາຍເທື່ອບໍ່ມາ,0,0,0,0.819637
ມີປະໂຍດຕໍ່ຊິີວິດປະຈໍາວັນແລະໄດ້ລົມຫນູ່ຄູ່ຫຼາຍຄົນ,1,1,1,0.793929
ເຄິອງໂທລະສັບຂ້ອຍມີປັນຫາ,1,1,1,0.591851
ສິງທີ່ຂາດບໍ່ໄດ້ໃນຊີວິດກູ,1,1,1,0.630772
ກໍາລັງເລີ່ມ,1,1,1,0.768533
ຂໍຕັ້ງ,1,1,1,0.679305
ເຕັມດາວເລີຍ,1,1,1,0.725927
ຊີວິດເງົ່າໆ,1,1,1,0.809026
ດີແຕ່ວ່າຍູ່ດີໆກະຍ ບໍເຫັນເມຫນູ,1,1,1,0.603214
ກົດເຂົ້າລະເດັ້ງອອກ ປັບປຸງແດ່ເດີ ຊິລົງທະບຽນເບີກະບໍ່ໄດ້,0,0,0,0.975943
ໃສລະຫັດນີ້ເດີ 2149 5340 ເພື່ອຈະໄດ້ຮັບສ່ວນຫຼຸດ5,1,1,1,0.720839
ນ້ໍາບໍ່ຖ້າປາເວລາບໍ່ຖ້າເຮົາເວລາລ້ວນແຕ່ມີຄຸນຄ່າທຸກການພັດທະນາຕ້ອງມີຈຸດສຸມ.ທີ່ວາງໄວ້.,1,1,1,0.680563
ດີສຸດຍອດສະດວກສະບາຍໃຫ້100ຄະແນນ,1,1,1,0.932834
ນັບມື້ແອັບຯນີ້ແຮງບໍ່ເປັນຕາໃຊ້,0,0,0,0.785226
ໄຊ້ແລ້ວຖືກໃຈເລີຍ ຂໍຄອບໃຈສໍາລັບແອັບນີ້,1,1,1,0.848775
ພາແສງຄົມອາລຸນ,1,1,1,0.79531
ມັນຮູ້ຫາຕັ້ງແດ່,1,1,1,0.652143
ອັບເດດແລ້ວເຂົ້າບໍ່ແກ້ໃຂແນວໃດ,0,0,0,0.866897
ຂໍແນະນໍາໃຫ້ສືບຕໍ່ພັດທະນາແອັບໂຊເຊວເພື່ອໃຫ້ຄົນລາວໄດ້ໃຊ້ແອັບໂຊເຊວຂອງລາວແທ້ ໂດຍນໍາເອົາຂໍ້ມູນຈາກແອັບພື້ນຖານນີ້ເປັນຂໍ້ມູນພື້ນຖານ ຕົວຢ່າງປະເທດຈີນ ກໍຈະມີ wechat ເປັນຂອງຕົວເອງ.,1,1,1,0.677316
ເອົາໄວ້ແຊັດນໍາຜູ້ສາວ,1,1,1,0.756564
ສະດວກສະບາຍຫາຍຢ່າງ,1,1,1,0.949362
ຂໍຂອບໃຈທີ່ທ່ານຕອບສະຫນອງໃຫ້ພວກເຮົາ,1,1,1,0.864858
ຈານມອຮ,1,1,1,0.73745
ດາໍາ,1,1,1,0.797285
ບໍ່ເປັນເພືອນກະແທັກໄດ້. ອັນນີ້ຄວນປັບປຸງ,0,0,0,0.558948
ປາຕ່້,1,1,1,0.73543
ໃຊດີຫລາຍ,1,1,1,0.954698
ມີປະໂຫຍດ. ດີ,1,1,1,0.79252
ເປັນຍັງຕັ້ນບໍໄດ້,1,1,0,0.793542
ດີຈ່າ,1,1,1,0.819099
ໄຮເດີ້ຖອນເງິນຜິດຫຍັງ10ພັນ,0,0,0,0.701234
ເທວະ,1,1,1,0.768046
ໄຫ້ອັບເດດຕະຫຼອດອັບເດດແລ້ວກະຄືເກົ່າເລກບັນຊີທີ່ເຄີຍໂອນຫາຍຕະຫຼອດບາງຄັ້ງຕ້ອງການໂອນເງິນດ່ວນແອັບກະມີປັນຫາໂອນບໍ່ໄດ້ເປັນຕະຫຼອດ,0,0,0,0.941151
ຊົມເຊີຍມັກແອບນີ້ຫຼາຍ,1,1,1,0.785267
ມັກຫລາຍໄຊດີ,1,1,1,0.883115
ໄດ້ເຮັນແຈ້ງຍີນດີ ຕູ້ຍ ພະດິດ ກ່ສາ້ງ,1,1,1,0.785507
ແອັບໂຫຼດຂໍ້ມູນຊ້າຫຼາຍ ຫມູນຕິ້ວໆ,0,0,0,0.682659
ຄຸນນະພາບພໍດີ,1,1,1,0.700773
ປ້ອນຂໍມູນໃສ່ຫລາຍເທື່ອບໍ່ເຫັນຊິໄດ້ ປັບປຸງຄືນໃຫມ່ແດ່ເດີ້ທ່ານ,0,0,0,0.844898
ດີເລີດດີຫຼາຍ,1,1,1,0.93791
ທຸກຢ່າງດີແຕ່ຢາກໃຫ້ປັບປຸງເລື່ອງເຄືອຂ່າຍ ສັນຍານຂຶ້ນ4gກະຍັງເບິ່ງຫຍັງບໍ່ໄດ້,1,1,0,0.529506
ເຕີມບັດບາດໄດ້ບາດບໍ່ປັບປຸງແນ່ເດີ,0,0,0,0.77848
ລະບົດອ່ອນແອຫລາຍນັກພັດທະບໍຄ່ອຍເກງ ກະລຸນາແກ້ການສົ່ງotp ແບບດ່ວນດ້ວຍ,0,0,0,0.530305
ສະບາຍດີຄົນລາວ,1,1,1,0.907574
ສະນຸກໃຈ,1,1,1,0.831576
ໂຄດດີເລຍ,1,1,1,0.804773
ແອບບ້າແຮງອັບເດດແຮງກາກກວ່າເກົ່າແບບເກົ່າດີກວ່າຫລາຍ,0,0,0,0.92192
ຢູ່ດີ້ກະເຂົ້າບໍ່ໄດ້ແກ້ໄຂໃຫ້ແດ່ອັບເດດກະອັບແລ້ວແຕ່ກະເຂົ້າບໍ່ໄດ້ລົບໂຫຼດໄຫນ່ກະເຮັດແລ້ວແຕ່ກະຄືເກົ່າແກ້ໄຂໃຫ້ແດ່,0,0,0,0.944046
ເລັມທອງ,1,1,1,0.796424
ຍອດແຍມ,1,1,1,0.825305
ເປີດກ້ອງບໍໄດ້,0,0,0,0.697662
ກາກເກີນເຂົ້າກະຍາກອີກ,0,0,0,0.874074
ແຕ່ເຮົາບັງຄັບເຮົາເອງ,1,1,1,0.805778
ເອົາລົງຕິກຕ໋ອກໃດ້ບໍ,1,1,1,0.649958
ໃຫ້ເປັນທີ່ຢູ່ໃນປະເທດລາວມີແຕ່ຄົນໄທແລະທາງການລາວໄດ້ຮັບການສຶກສາຂອງປະເທດຊາດບ້ານເມືອງໃຫ້ມີການສ້າງແລະການບໍລິການທີ່ມີຢູ່ແລ້ວແຕ່ເປັນການດີເພາະມີຄົນເວົ້າວ່າການທະນາຄານເປັນຕົ້ນໄປນີ້,1,1,1,0.724801
ຊງງລາສີງຫາລາດ,1,1,1,0.72665
ດີໄວ,1,1,1,0.779415
ຕັອງການດໍາເນີນຕ່,1,1,1,0.842094
ຍືນລອ່ວໂອ,1,1,1,0.763167
ຍັງເລຶອກອາຫານທີ່ຈະorderບໍ່ທັນໃດ້.,1,1,1,0.529179
ເອົ້າໄປເລີຍ,1,1,1,0.778819
ຄັກລາຍແອັບນີ້,1,1,1,0.726506
ໃຊ່ດີແຮງ,1,1,1,0.872845
ລີນລີນ,1,1,1,0.802184
ບໍ່ມີຮອດບ່ອນຊິປ້ອນຂໍ້ມູນລົງທະບຽນ,0,0,0,0.611295
ດີສຸດແລ້ວ,1,1,1,0.842876
ລອງໃຊ້ເບິ່ງກອ່ນ,1,1,1,0.809605
ອັບແດດໄຫມນີເຮັດຫາອັນເດີກະບໍ່ໄດ,0,0,0,0.757931
ດີຫລາຍຖາໄດເງີນສົດ,1,1,1,0.887355
ຫນູນໄດ້ກະບໍໄດ້ບາງເທື່ອ,0,0,0,0.781515
ມີຄວາມສຸກແລະສະດວກສະບາຍ,1,1,1,0.958908
ປັບປຸງໃຫ້ແນ່ເຂົ້າຊື້ຫວຍບໍ່ໄດ້ເຈົ້າ,0,0,0,0.881627
ຫນ້າສົນໃຈແອັບນີ້ໃຊ້ດີຈິງແທ້,1,1,1,0.840315
ໃຫ້ເງິນຫຼາຍ,1,1,1,0.660631
ໃຊ້ ໄດ້ ດີ,1,1,1,0.822905
ລະຫົດ,1,1,1,0.668385
ແມ່ນຫຍັງຄືການທີ່ລັອກອິນບໍ່ໄດ້ຈັ່ງແມ່ນຊາດ,0,0,0,0.838251
ແຊັດຫາຜູ້ສາວຜູ້ສາວບໍ່ຕອບເລີຍ,1,1,0,0.609111
ບັນທຶກການເຄື່ອນໄຫວຍັງບໍ່ລະອຽດ,0,0,0,0.507155
ພ້ອນວິໄລ,1,1,1,0.802989
ຄໍາຮັກແທ,1,1,1,0.880631
ເຕີມບັດລະບໍ່ໄດ້ຂະແນນ,0,0,0,0.859824
"ບໍ່ແມ່ນແນວແລ້ວກູຕ້ອງຈັບບັດຖ່າຍຮູບ ນີ້ເບີໂທບໍ່ແມ່ນທະນາຄານ ບໍ່ມີເບີນີ້ຫລັກ5,7,9ກໍ່ຍັງມີລາຍເດືອນລາຍປີລາຍວັນກະມີເຂົາລົງທະບຽນຊິຍາກປານນີ້ພຽງແຕ່ມີບັດປຕ ຫລື ປື້ມສມ ຂຽນເອົາຂໍມູນກະໄດ້ແລ້ວ",0,0,0,0.779085
ດີມາກດວ້ຍ,1,1,1,0.893316
ນະິ,1,1,1,0.759982
ປັບປຸງແນ່ ເຂົ້າໄປແລ້ວມັນເປັນສີດໍາເມີດບໍ່ຂື້ນຫຍັງເລີຍ,0,0,0,0.912016
ປັບປຸງແດ່ ລະບົບຫວຍແຕກ,0,0,0,0.920961
ຄົບ4kຂອງແທ້5gເຕັມຮູບແບບໃຫ້5ດາວເຕັ່ມຄົບ,1,1,1,0.814995
ເຂົ້າບໍ່ໄດ້ ມັນຄ້າງ,0,0,0,0.940427
ຂໍເນັດຫລາຍໆແນ່,1,1,1,0.739516
ດີຄັບ,1,1,1,0.794143
ແຝດວີໂອ ເຂົ້າວີດີໂອບໍ່ໄດ້,0,0,0,0.840393
update profile ຖ້າເປັນດົນຫຼາຍ ໂອນເງິນເຂົ້າບໍ່ໄດ້,0,0,0,0.88734
ຕິບ,1,1,1,0.753727
ມີຍະ,1,1,1,0.810936
ສິງແກ້ວ,1,1,1,0.827311
ດິເກິນ,1,1,1,0.564928
ຄັກໆ555,1,1,1,0.82897
ເປັນຫຍັງຕ້ອງອັບແດດທຸກຄັ້ງທີ່ເຂົ້າປັບປຸງດ່ວນເລີຍ,0,0,0,0.791977
ນຸດ,1,1,1,0.763104
ອັບເດດໃຫມ່ຫາຫຍັງວະແຜ່ນທີ່ດາວທຽມບໍ່ມີຄືແບ້ນິ,0,0,0,0.809284
ໃຊໄດ້ດີຫລາຍ ຈະເປັນການສົ່ງຂ່້ຄວາມຫລຶຮູບພາບໄປໄຫ້ເພຶ່ອນກໍດີ,1,1,1,0.836906
ດີທີ່ສຸດຄວາມໄວສະນັບສະຫນູນຂໍຂອບໄຈ,1,1,1,0.876899
ແອບຫ້ວຍແຕ່ກ,0,0,0,0.55984
ແມ້ກ,1,1,1,0.671851
ບໍ່ໃຊ້ແມ່ມັນລະສົມຊື່ເປັນຂອງລາວບໍ່ວ່າແມ່ນຫຍັງຄືກັນແມ່ນໃຊ້ບໍ່ໄດ້ຈັກແນວເຮັດພໍແຕ່ແລ້ວລະເອົາເງີນຊື່ໆເຮັດໄປເຮັດມາໄວຣັດເຂົ້າມານໍາຈົນໄດ້ລີເຊັດເຄື່ອງໃຫມ່,0,0,0,0.887386
ແອດົມສະຫວັດ,1,1,1,0.740071
ນປາເຊຍ ຈາ,1,1,1,0.726097
ກະຄັກຢູໃດ່,1,1,1,0.814458
ເອົາສໍານີ້ກອ່ນ,1,1,1,0.618582
ທອງຫຼ້າ ອີນນາມ,1,1,1,0.784111
ໃຊ້ດີລອວງເລີນ,1,1,1,0.907415
ດີມາກເລີຍໄຫ້5ດາວເນາະ,1,1,1,0.837256
ດີຫລາຍ.,1,1,1,0.952157
ຄັກໆໆື້,1,1,1,0.819897
ບຸນແອະໄປ,1,1,1,0.780577
ໂຄດດີແລກບັດຢູພອຍບໍເຂົ້າເບີໂຕເອງເຂົ້າເບີເພີບໍຮູ້ຊໍ້າໂຄດດີເຜີໆເຂົ້າເບີຜູ້ໂອນຊໍ້າໂຄດອາລົມເສຍ,0,0,0,0.529614
ຄືຕີນນິ ຈັກແມ່ນຫຍັງ,0,0,0,0.747926
ແຈກເງີນຄືແຕ່ກ່ອນແດ່ ຂ້ອຍຫຼີ້ນເປັນເດືອນແລ້ວຍັງບໍ່ໄດ້ເງີນ1000ກີບຊໍ້າ ແຖມຫມູນວົງລໍ້ກະສິຢຸດບ່ອນດາຕ້າພັດເພີ່ມຄວາມໄວໃຫ້ໄປຢຸດທີ່,0,0,0,0.810295
ໃຊ້ດີ ໂປຣໂມຊັນຫລາຍ,1,1,1,0.881134
ແອັບໃຊ້ດີຫລາຍໄຊ້ລະຫັດນີ້ເພືາອຮັບໂປຮໄນການຊື້ຫຍັງຕ່າງໆ46260780,1,1,1,0.835657
ເປັນຫຍັງbcel oneຂ້ອຍຄືເຂົ້າບໍ່ໄດ້ກະລຸນາກວດຄືນໃຫ້ແນ່,0,0,0,0.790905
ຢູ່ໃສກະສຸກໃຈເມື່ໄດ້ຢູ່ກັບເຈົ້າ,1,1,1,0.742593
ດີພໍສົມຄວນບັນເທົ່າສະຫມອງ,1,1,1,0.73164
ຂອບໃຈຫຼາຍໆທີ່ເປີດໃຫ້ໃຊ້ບໍລິການ,1,1,1,0.811728
ເປີດແອບຂຶ້ນມາບໍ່ເຫັນມີນູຫຍັງເລີຍວ່າງເປົ່າລ້າ,0,0,0,0.738493
ຊອກຮ້ານບໍ່ໄດ້ທົ່ວເຖິງ,0,0,0,0.709527
ບໍ່ມີແຟນກະຢາກໂຫຼດມາແຊ້ດນໍາເພິນໂອແສງ,1,1,1,0.502008
ຊື້ເລກແລ້ວບິນບໍ່ເຫັນ ແຕ່ເງິນຖືກຕັດ,0,0,0,0.85889
ສະບາຍແທ້,1,1,1,0.85107
ໄຊມາໄດ້4ເດືອນແລ້ວ,1,1,1,0.579297
ທ.ອິນທາສິດ,1,1,1,0.760581
ແຊດ,1,1,1,0.778218
ວີດໂອເບີ່ງບໍ່ໄດ້,0,0,0,0.80261
ບໍ່ມີເນັດລະເຂົ້າບໍ່ໄດ້ບາດສິເຕີມລະເຮັດຈັງໃດລະ,0,0,0,0.871485
ແອບຄວາຍແຊບໍ່ໄດ້,0,0,0,0.914763
ພໍແກ້ໄຂໄດ້ຢູ່,1,1,1,0.554894
ເຕົ່າ,1,1,0,0.50882
ບໍ່ມີໂປຣກະເຊົາໃຊ້ 50k 30d ວ່າຊັ້ນໃຊ້ບໍ່ຮອດ10ມື້ຊ້ໍາ,0,0,0,0.779073
ເອຢ່າງ,1,1,1,0.850273
ໃຊ້ງານດີວຽກຂອງຂ້ອຍຊວນຫລາຍກະໃຊ້ແຕ່ວອດແອບປະສານງານບ່ທໍາໃຫ້ຜິດຫວັງ,1,1,1,0.797849
ເອີ້ນຍາກໂພດແກ້ໄຂແນ່ເອີ້ນເປັນຊົ່ວໂມງຍັງບໍ່ໄດ້,0,0,0,0.962041
ສະບາຍດີຂ້ອຍເຮັດບໍ່ເປັນເຈົ້າ,1,1,1,0.68983
ຄີດຮອດເລີ,1,1,1,0.767658
ຜູ້ໃຊ້ໂທລະສັບມັນຮູ້ໃຊ້ແຕ່ຢາງດຽວເມືອເປັນຈັ້ງຊັ້ນໃຫ້ບໍລິສັດຊໍາໂຊມຫຼືລາວໂທລະຄົມຄ່ອຍແກ້ຊວ່ຍຄົ້ນຄ້ວາພິຈາລະນາດ້ວຍຂໍຂອບໃຈ,1,1,1,0.69767
ເວລາພ່ານຢອ້ຫມ່າກນື່ມມ່າກປີກຼາຍຮອ່ດຄືນີຕັ້ງຈີກຼາຍພົບເຢາະອີກ່ເດີພີນ້ອງໂຢງມະຕາຍແຮ່ມຢື່ມກຼົນຊຶ່ງຮັກແພ່ງ,1,1,1,0.608254
ດີຫຂາຍ,1,1,1,0.92066
ໃດ້ເນັດຟີໂຄດດີເລິຍຈ້າໄຫ້5ດາວ,1,1,1,0.781349
ອາດ.ມາລາວັນ,1,1,1,0.778582
ຮຮໍານ່ໍາມກມດ,1,1,1,0.719943
ເຂົ້າຫລີ້ນເກມບໍ່ໄດ້ແອບຊ້າຫລາຍ,0,0,0,0.904215
ໃສ່ຜົນຢາ່ງດີ,1,1,1,0.797585
ຂ້ອຍກາຫີ້ລນແອັບນີ້ facebook,1,1,1,0.747395
ດີແຕ່ຄືອັບເດດບໍ່ໄດ້,1,1,0,0.63638
"ຊວງຫຼັງ ສວນລົດບໍ່ຂ້ອຍມີ, rider ມັກມີປັນຫາ ບໍ່ຮູ້ເປັນຍ້ອນວ່າfoodpanda postປະກາດຮັບສະຫມັກພະນັກງານແນວໃດກະໄດ້ຫວາ. ຍ້ອນສິ່ງເລົານີ້ຂ້ອຍເລີຍໄປໃຊ້egetແທນ.",0,0,0,0.604454
ອັບເດດແລ້ວເຂົ້າແອັບບໍ່ໄດ້ເດີເຈົ້າ,0,0,0,0.953949
ໄຊ້ໄດ້ຢູ່ທັກຫາຜູ້ສາວກະຕອນ,1,1,1,0.664533
ຍາກໄດ້ໂຊກຄັ້ງຍີ້ງໃຫຍ່ຂອງປີ2022ນະ,1,1,1,0.73834
ສສດເດ່ດ,1,1,1,0.754761
ບ້າບໍອັບເດດຕະຫລອດ,0,0,0,0.854293
ເປັນຫຍັງຄືສົ່ງຂໍ້ຄວາມສຽງບໍໄດ້ຊ່ວຍແກ້ດ່ວນ,0,0,0,0.829966
ເປີດແອັບໃຫ້ແດ່,1,1,1,0.669923
ໃຊ້ສະດວກລາຍ,1,1,1,0.907328
ຮັບດາຕ້າໄດ້,1,1,1,0.687545
ດີກວ່າເກົ່າແກ່ຫຼາຍຮ້ອຍ,1,1,1,0.562384
ປ່າເອ້ຍ,1,1,1,0.786378
ຍາກທໄທຸກຍາງ່ແຕ່ລະດັບປະສົບດານແກ້ໄຂບໍ່ໄດ້ຍີນຍອມແກ້ໄຂຄວາມສະດວກໃຫ້ດວ້ຍ,1,1,0,0.533477
ເຂົ້າງ່າຍ,1,1,1,0.527571
ອັບເດດຫຼາຍເທົ່າໃດແຫ່ງຫ່ວຍຫຼາຍເທົ່ານັ້ນຂ້ອຍວ່າເຊົາອັບເດດຈະດີກວ່າແທນທີ່ອັບເດດແລ້ວຈະດີຂຶ້ນແຕ່ນີ້ມີແຕ່ຈະແຍ່ລົງ,0,0,0,0.69595
ຄຄ5ຄຄ5ຄຄ5ຄຄຄ5ຄຄູຄຄ5ຄຄການຈັດການແຂ່ງຂັນກິລາບານເຕະໂລກຊາດລະດັບປະເທດແລະມີລູກດ້ວຍນ້ໍານົມທີ່ມີ,1,1,1,0.754259
ພໍດີ,1,1,1,0.758235
ຄຮິ,1,1,1,0.759982
ຫມາບໍແດກ ຊິໂອນເງິນເຂົ້າອອກກະບໍໄດ້,0,0,0,0.878745
ລົງທະບຽນຊິມບໍ່ໄດ້,0,0,0,0.86466
ຂໍໃຫ້ສົ່ງຮູບໄດ,1,1,1,0.750854
ພໍ່,1,1,1,0.637889
ຈະຮັກສາໄວ້,1,1,1,0.857893
ສັນຍານຍານບໍມີປານໄດ,1,1,1,0.546397
ຄໍາລູນສີ່ງມະໄລທອງ,1,1,1,0.805715
ໃຊ້ໄດ້ດີຢູ່,1,1,1,0.932788
ອັບເດດມື້1ຈັກເທືອ,0,0,0,0.800888
ຕ້ອງໂລດຕະຫຼອດຊ້ວງນີ້ກະເຂົ້າຍາກໆແກ້ໄຂດ່ວນ,0,0,0,0.913548
ໂທບໍ່ໄດ,1,1,0,0.853551
ເວນກໍາ,1,1,1,0.794024
ຂໍລາຍງານປັນຫາ ແອັບນີເນັດຊາແຮ່ງ ເພືອສິໃດເຂົາກະລໍຖາຈົນ4 5ນາທີ ແກ່ໄຂໄຫ້ແນ່ ມັນລິນຊາລາຍໂພດ ບ່າງເທືອກະເດັງອອກຈາກລະບົບກະແຮ່ງຍາກເພືອສິໄດເຂົາສູລະບົບໃຫມ່ນະ ເວລາລິນແອັບກະເຮັດຄືບໍມີເນັດ ຂະນາດເນັດເຕີມກະຍັງຊາບໍຄືແອັບອືນນະ,0,0,0,0.920679
ອັບເດດໄຫມ່ຄືລິ້ນຫຍັງກະບໍ່ໄດ້ວະກົດເບິ່ງຟັງກະຜິດຜາດຕະລອດສ່ວຍປັບປຸ່ງໄຫມ່ເດີ,0,0,0,0.92644
ນ້ອຍ ໄຊຍະສອນ,1,1,1,0.771213
ດີ ໂລດລະ,1,1,1,0.692484
ກໍາລັງສຶກສາຂໍ້ມູນ,1,1,1,0.848842
ເຂົ້າເບີ່ງຄອມເມັ້ນບໍໃດ້,0,0,0,0.624217
ດີມາກມາກໆເລີຍ,1,1,1,0.818245
ບໍ່ມີສະຕໍລີ່ເພັງໂຄດເສົ້າເລີຍ,0,0,0,0.753888
ໃຫ້ມີບໍລິການດີໆແບບນີ້ຕະຫລອດໄປ,1,1,1,0.763577
ນີເດັກຫົງ,1,1,1,0.741303
ບາງເທື້ອກະເຂົ້າແອັບບໍ່ໄດ້,0,0,0,0.914385
ຄືແຊ໌ຮບໍໄດ້ນະເຈົ້າຊ່ວຍປັບປຸງການແຊ໌ຮລົງເຟສບຸ໊ກໄຫ້ໄດ້ດວ້ຍນະ.,1,1,1,0.525331
ໃຊ້ໄດ້ດີແຮງແອັບນີ້,1,1,1,0.892147
ຢາກດາວໂລດ,1,1,1,0.735845
ແອບບ້າອີຫຍັງໃສ່ເບີຮງບຮ້ອຍແລ້ວເຂົ້າໄປລົງທະບງນເບີພັດວ່າເດັ້ງອອກເອງຕະຫລອດຄັນຊິໄດ້ສໍານີ້ກະຢ່າສູ້ເຮັດສາລໍາຄານ.,0,0,0,0.933891
ສາວມົ້ງມົວ,1,1,1,0.77664
ດີໆຄັບ,1,1,1,0.80674
ເປັນແອບທີ່ສົ້ນຕີນແຕກຍັງດີກ່ອນ,0,0,0,0.742066
ດີມາກໆເລຍ,1,1,1,0.865447
ໂຄສະນາຫລາຍໂພດ ກູໂຫລດແລ້ວ,0,0,0,0.901697
ຢາກຮູ້ວ່າເປັນຫັຍງຕ້ອງຈ່າຍຜ່ານແຕ່ທະນາຄານການຄ້າຖ້າຈ່າຍຜ່ານໄດ້ທຸກທະນາຄານຄຶຈະດີ,1,1,1,0.686874
ຂ ວາ ຂ,1,1,1,0.775618
ຢາກໃຫ້0ດາວແຕ່ໃຫ້ບໍ່ໄດ້ ປັບປຸງແນ່ເດີເຈົ້າ ເຂົ້າແອັບ ແລ້ວໃສ່ເບີໂທ ກົດຂໍລະຫັດ ແລ້ວແອັບເດັ້ງອອກ ຕະຫລອດ ລົບໂຫລດໃຫມ່ກໍ່ເປັນຄືເກົ່າ ຂ້ອຍໃຊ້ ໂທລະສັບ realme x2 android 11,0,0,0,0.949658
ເຮັດຈັ່ງໃດກະລົງບໍ່ໄດ້ ລະບົບເຫ້ຍຍັງສິຂໍດາວອີກໃຫ້ຊະດາວຫນຶ່ງຄັ້ນບໍ່ໃຫ້ກູກະຄອມເມັ້ນບໍ່ໄດ້,0,0,0,0.908355
ໃຊ້ໄດ້ແຕ່ເລືອກທລສ,1,1,1,0.80396
ລະບົບມັກລັອກບັນຊີໄວ້ຄວນປັບປຸງຈຸດນີ້,0,0,0,0.732634
ບໍ່ຜ່ານເດີ້ແຍ່ແຮງເພງສຕໍຣີ່ຫາຍໄປແກ້ໄຂໃຫ້ແນ່ເດີ້,0,0,0,0.710852
ປະຈໍາວັນ,1,1,1,0.772451
ມັນບໍ່ສາມາດສົ່ງກຸ່ມໄດ້ມີບັນຫາ,0,0,0,0.850258
ແອັບນີເປັນແອັບທີ່ດີສໍາລັບຂ້ອຍ,1,1,1,0.833243
ຕູ້ຍລະວັນ,1,1,1,0.786527
ກາກເກີນເຊື່ອມຕໍ່ບັນຊີບໍ່ໄດ້ໂຄດກາກສ້າງມາເພື່ອຖ້າເຊື່ອມໄດ້ມື້ໃດຂ້ອຍຈັງໂຫດຝາກໄວໃຫ້,0,0,0,0.9068
ພ້ນ,1,1,1,0.759982
ຈັກເປັນອີ່ຫຍັງກະບໍ່ຮຸ້ ໃສ່ລະຫັດໄປຮ້ອຍເທື່ອກະຍັງຢູ່ແຕ່ຫນ້າລົງທະບຽນຢຸ,0,0,0,0.862686
ອັບເດດແລ້ວຮ້າຍກວ່າຕອນບໍ່ອັບເດດຊ່ໍາແບບນີ້ອັບເດດເພື່ອ ?,0,0,0,0.856629
ນາງສີຄໍາ,1,1,1,0.853713
ມັກເຟດ,1,1,1,0.784932
ເປັນຫຍັງເວລາເຮົາແຊຮມັນລະເດັງອອກປັບປຸງໄຫ້ແນ່,0,0,0,0.823716
ຕຸມ.ຕີບ,1,1,1,0.777028
ແອັບໃຊ້ງານຊ້າ ກົດພິມຫຍັງກະບໍ່ຂຶ້ນໃຫ້ ພິມໄປແລ້ວເວລາກັບໄປຫນ້າແອັບອື່ນ ມັນໃຫ້ເລີ່ມຕົ້ນໃຫມ່ ປັບປຸງແດ່,0,0,0,0.88522
ຕິດຕາມມາໃຊ້ລະຄືບໍ່ເຫັນໄດ້ເງິນກາຕ້າ.ຫລອກກູແລ້ວແມ່ມຶງເອີຍ,0,0,0,0.680783
ຫຼີ້ນຊ້າ,0,0,0,0.644441
ຕ້ອງອັບເດດ,1,1,0,0.620658
ດີລາສ,1,1,1,0.821494
ຂ້ອຍມັກຫລ້າຍ,1,1,1,0.910586
ລົງທະບຽນເບີບໍ່ໄດ້ ຄືຍາກແທ້,0,0,0,0.934813
ເຂົ້າແອບບໍ່ໄດ້ໃຫ້1ດາວກອນ,0,0,0,0.954502
ຕັ້ງແອບຍາກໂພດ,0,0,0,0.659381
ເປັນແອບທີ່ດີຫລາຍສຸດຍອດເລີຍສະດວກງ່າຍບໍ່ຫຍຸ້ງຢາກອິກ,1,1,1,0.893501
ອາທິດວລະສານ,1,1,1,0.707653
ເຂົ້າຍາກແທ້,0,0,0,0.840134
ກະດີຢູ່.,1,1,1,0.792811
ມັກຕອບ ຄໍາຖາມ,1,1,1,0.682483
ດີໃຈທີ່ໄດ້ຮັບຮູ້ຜົນງານຈາກແອບນີ້,1,1,1,0.813506
ລົງທະບຽນບໍ່ໄດ້ ພັດທະນາແນ່ເດີ,0,0,0,0.831373
ຍັງບ່ທັນເລ້າເທີອ,1,1,1,0.695847
ສົມສິ,1,1,1,0.79859
ແອັບທີ່ປະເທດລາວ ສໍາລັບເຮົາແມ່ນ ເຮົາມັກຫຼາຍ .,1,1,1,0.829641
ເຕີມບັດກະບໍ່ໄດ້ ແກ້ໄຂ້ແດ່,0,0,0,0.929802
ແອັບສົນຕີ້ນ,0,0,0,0.672522
ດິທີ່ສຸດ,1,1,1,0.804867
ມາດົນໂພດ,0,0,0,0.535099
ລົງທະບຽນກະບໍ່ໄດ້ເຮັດເພື່ອຍັງ,0,0,0,0.869714
ເຂົ້າບໍ່ໄດ້ໂຄດເຮຍ,0,0,0,0.959431
ດີມາໆໆ,1,1,1,0.868737
ຂ້ອຍມັກນໍາໃຊ້ whatsappເພາະເປັນການສື່ສານທີ່ດີຫລາຍວ່ອງໄວ,1,1,1,0.936686
ລໄປຢູ່ບໍາຸູດອອກ,0,0,1,0.57963
ຮພຮດາ່ສຍເສະາແ,1,1,1,0.636899
ໃຊ້ດີມັກຫລາຍໆ,1,1,1,0.919711
ງາມຫຼາຍມັກຊົງເດີ,1,1,1,0.83632
ໂຄດບໍ່ດີເລີຍຫຼີ້ນກະບໍ່ໄດ້ດຽວຫຼີ້ນໄດ້ດຽວຄ້າງ,0,0,0,0.851198
ຊຊໍພກຍ ບ,0,0,1,0.764523
ເອີ້ນເປັນຊົ່ວໂມງກາບໍ່ໄດ້,0,0,0,0.884913
ຄິດວ່າຮັກ,1,1,1,0.812277
ແຊັດຟີຣໃດ້ນະ,1,1,1,0.792758
ສະດວກສະບາຍວ່ອງໄວໃນການໃຊ້ບໍລິການ ດີຫຼາຍ,1,1,1,0.946799
ຢູ່ໄນແອບນີ້ລະຄັກ,1,1,1,0.7014
ດີຫລາຍທີ່ໄຊບໍລິການແອບນີ້,1,1,1,0.866654
ລົງທະບຽນໄດ້ຫລືບໍ່ໄດ້ກະບໍ່ບອກ.ຄືຊີບໍ່ໄດ້ດອກພີ່ນ້ອງເອີຍ,0,0,0,0.87372
ມັນດີຫລາຍໄດ້ເນັດຟີອີກ,1,1,1,0.871098
ເປັນຫຍັງ ຢູ່ຊື່ໆກະແອັດໄປເອງ ເຊົາໆໆໆ,0,0,0,0.682738
ຂໍເທື່ອ1ອີ່ນ,1,1,1,0.612242
ດິດິດິ,1,1,1,0.777328
ຊິວິດຂໍໄຫ້ພົບສິງດີໆ,1,1,1,0.868238
ກັດ,1,1,1,0.689799
ຂ້ອຍແມ່ນຄົນລາວໃສຊັນຊາດລາວ,1,1,1,0.797697
bcel one ສຸດຍອດທີ່ສຸດ,1,1,1,0.860513
ຫລີ້ນຫຍາກຈະຕາຍ,0,0,0,0.528264
ໃຫ5ເລີຍນະ,1,1,1,0.718607
ມັກເດັ້ງ ຄ້າງ,1,1,0,0.619854
ໂສກດີປີໃຫມ່,1,1,1,0.779846
ມັກເດີ,1,1,1,0.75075
ເກມງູ,1,1,1,0.802566
ປິດສາຖ້າເຂົ້າລະເລ້ງນ່ະບໍ່ລົງດອກຊຶ້ເບີໃຫມ່ຍັງດີກວ່າ,0,0,0,0.692082
ຂໍບໍກິນເງິນໄດ້ບໍ,1,1,1,0.607471
ບໍ່ແມ່ນວ່າຂ້ອຍຕິເດີ່ລົງທະບຽນຮັນກະຍາກໂພດຄັນຢາກໄຫ້ຄົນໄຊ້ຫລາຍກ່ອນນີ້ກະເຮັດແບບຢູນີເທ່ວແດ່ເດີ່ລົງທະບຽນໄຫ້ງ່າຍຫນ້ອຍຫນື່ງແດ່ອັນນີ້ຖ່າຍກະຈັບສໍາມະໂນຄົວຄັນມົວຫນ້ອຍຫນື່ງກະບໍ່ໄດ້,0,0,0,0.827871
ດີເດີອັນນີ້ໂທຄຸຍກັບຜູ້ບ່າວແຊັດກັບຜູ້ບ່າວໄດ້ນໍາດີໆ,1,1,1,0.705825
ເຊີນມູໃຊ້ບໍໄດ້,0,0,0,0.778968
ຄືວ່າມັນອັບເດດທຸກມື້ແທ້,0,0,0,0.644306
"ສະດວກ,ວ່ອງໄວ,ທັນໃຈ,ທັນໂລກ. ຂອບໃຈ",1,1,1,0.929905
ຈິງຈິງ,1,1,1,0.820961
ບໍ່ເຂົ້າໃຈຄືໄດ້ອັບເດດຕະຫລອດ,0,0,0,0.882008
ດີໄຊ້ໄດ້ແລະມີປະໂຫ່ຍດຫລ່າຍ,1,1,1,0.847726
ໄມ ຈົງ,1,1,1,0.771529
ອັນດັບ1ຂອງໂລກກໂຊຊຽວລະແລະ,1,1,1,0.781633
ດີເຍື່ອມ,1,1,1,0.772754
ແອ໊ປຄືສົ້ນຕີນນິຍັງເອົາມາຂາຍ,0,0,0,0.72464
ຢາກໃຫ້ສ້າງໂປຣແກມລົງທະບຽນໃຊ້ສະກຸນເງີນusdໂດຍຕົວເອງ,1,1,1,0.702029
ຊ່ວງໂຄວິດແບບນີ້ຢູ່ບ້ານກໍ່ສາມາດຊື້ເລກໄດ້ ຢ່າລືມໃສ່ລະຫັດ 93307589ເດີ້,1,1,1,0.575349
ການຄົນຫາສະຖານທີແຊັດຕໍ່ກັນ ບອນຢູ່ຂອ້ງເພືອນລິນແອັບນໍາກັນ,1,1,1,0.774115
ໃຊ້ດີມາກນີ້,1,1,1,0.941977
ປະສົບການບໍ່ທັນມີ,1,1,1,0.772358
ລົບຂອ້ງບໍ່ທືກ,1,1,1,0.506342
ດີຄ່ະ,1,1,1,0.78348
ໃຊ້ຈິງສະດວກສະບາຍໃຫ້10,1,1,1,0.926914
ຂໍໃຫ້ຖືກ400ລ້ານແດ່,1,1,1,0.81328
ຍາກຄົບແມ່ຮ້າງ,1,1,0,0.531182
ຂໍໃຫ້ນ້ໍາໃຊ້ໄດ້ຢ່າງປົກກະຕິແດ່ເດີກັບແອັບອັນນີ້,1,1,1,0.684509
ສຸດ ຍອດ,1,1,1,0.80037
ເຂົ້າລະບົບຄືຍາກແທ້ທັງທີຮູ້ອີເມວຮູ້ລະຫັດຍັງຕ້ອງຕ້ອງຄ່ານັ້ນນີ້,0,0,0,0.743247
ດີດີດີດີດີດີ,1,1,1,0.834915
ເອັປຄວາຍໃຊ້ຫຍັງບໍໄດ້ ຢ່າໂຫລດເດິ ລົງທະບຽນເບີຄວາຍ ບໍເຫັນຊິສົ່ງລະຫັດມາ,0,0,0,0.953764
ສະດວກໃນການໃຊ້ເງີ່ນແບບງ່າຍໆ ລື່ຟັງເພງຕ່າງໆ,1,1,1,0.845863
ມັກຫລາຍໃຊ້ງ່າຍສະດວກວອ່ງໄວ,1,1,1,0.921039
"ການບໍລິການຍັງບໍ່ດີພໍ, ການສະມັກຫລັງຈາກຖ່າຍພາບໃບຫນ້າແລ້ວ. ລໍຖ້າເປັນຊົ່ວໂມງແຕ່ກໍບໍ່ຜ່ານ. ມັນແມ່ນຫຍັງແດ່ເຫດຜົນທີ່ບອກວ່າກະລຸນາລໍຖ້າ.",0,0,0,0.844004
ຕອງ້ການຄົນຈິງໄຈ ໄນຊີວິດ,1,1,1,0.875291
ຄືບໍ່ໄດ້ດາຕ້ານໍາເຂົາກົດຫຍັງກະບໍ່ໄດ້ແກ້ໄຂໃຫ້ແນ່ເດີ້,0,0,0,0.962885
ສະດວກສະບາຍຫາຍ,1,1,1,0.951583
ໄວກວ່າເກົ່າ ໃຊ້ງ່າຍກວ່າເກົ່າ,1,1,0,0.511868
ດີຫລາຍ ຊ່ວຍແຈກເນັດແນ່ ແລກໆຄືໄດ້ດີແທ້ ດຽວນິຫລິນທຸກມື້ກະຍັງບໍ່ໄດ້,1,1,1,0.563297
ໂຫລດຂໍ້ມູນຊ້າໂພດ,0,0,0,0.698422
ຄໍາພອນ,1,1,1,0.827769
ວັນທີ30 5 2025ເຂົ້າບໍ່ໄດ້,0,0,0,0.851666
ຄໍາຮັກ,1,1,1,0.889648
ນັກສະເກ,1,1,1,0.809441
ດີແຮງຢາກກິນຫຍັງກໍສັ່ງເອົາ,1,1,1,0.517433
ໃຊ້ດີແຕ່ດຽວນີ້ເງິນບໍ່ເຂົ້າແຕ່ຂໍ້ຄວາມເຂົ້າມັນເປັນຫຍັງ?,1,1,0,0.734257
ສົ່ງຂໍ້ຄວາມສຽງບໍ່ໄດ້ຍິນ,0,0,0,0.78502
ເລ່ນໃດ້ ເກືອບ5 ປີແລ້ວຈຮາ,1,1,1,0.687621
ໃຊ້ງານດີແຕ່ໃຫ້ອັບເດດ ຕະຫລອດ,1,1,1,0.511684
ດີຫລາຍແອປ໌ນີ້,1,1,1,0.920805
ຖືກດາຕ້າຕະຫຼອດ,1,1,0,0.52559
login ແລ້ວໃຊ້ເວລາໂຫຼດຫນ້າຫຼັກດົນໂພດ. ຄວນປັບປຸງ,0,0,0,0.83958
ດີໆ.ດີທີ່ດີ,1,1,1,0.930097
ຄືໂລດຊ້າແທ້ໆ,0,0,0,0.670574
ບໍ່ສົ່ງotp ໃຫ້ ບໍ່ໄດ້ເລື້ອງເລີຍ ປິດຊະແອັບແບບນີ້,0,0,0,0.916643
ຖືກເລກໄດ້ເງິນໄວດີເຈົ້າ ຢ່າລືມໃສ່ລະຫັດແນະນໍາ 77970704 ນີ້ເພື່ອຮັບເງິນ ຄືນເດີ່ເຈົ້າ,1,1,1,0.750174
ແຊບໍ່ໄດ້ ແກ້ໄຂແນ່ ຖ້າຍັງບໍ່ແກ້ໄຂຈະບໍ່ໃຊ້ແອັບນີ້ແລ້ວ,0,0,0,0.906905
ໃຊ້ລາວແອບ ນີ້ມີປະໂຫຍດຫລາຍທຸກໆຄົນພາຫມູ່ຄູ່ມາໃຊ້ກັນຫລາຍໆເດີ ໃຊ້ແອບນີ້ສຸດຄຸ້ມ.ດີແທ້ແນ່ນອນ,1,1,1,0.828893
ພອນຂຽນລາວລາວ,1,1,1,0.766386
ໄດ້ໃສ່ເບີໂທ ຕັ້ງລະຫັດໃຫມ່ທຸກຄັ້ງ,0,0,0,0.601909
ໄວ. ງ່າຍດີບໍ່ຫຍຸ້ງຍາກແຕ່ອາຫານຍັງບໍ່ຫລາຍເຍື່ອງ,1,1,0,0.651567
ອັບເດດໃຫມ່ໃຊ້ງານບໍ່ດີ,0,0,0,0.849793
ຊ້ານີ້ພໍ.ລາວແອບໃຊ້ບໍ່ດີປານໃດ,0,0,0,0.786001
ຊ່ອຍການຈາກຄວາມທຸກຍາກຂອງບາວສາວນ້ອຍທີ່ບໍ່ຊາ່ງຫາເງີນ,1,1,1,0.703837
ຂອ້ຍມັກແຮງເຟສ,1,1,1,0.813881
ຮັກສາໃຫ້ຢ່າງດີຕໍ່facebook,1,1,1,0.881264
"ໄຊ້ດີມາດ,",1,1,1,0.924905
hvທ່,1,1,1,0.759982
ນຸຍ,1,1,1,0.75292
ໂພໄຊ,1,1,1,0.759982
ດີອີຫລີ ມະລ໊ອງກ໊ອງແກ໊ງມະນອງມະແນງມັບ,1,1,1,0.808554
ໄດ້ຮູ້ຈັກຫມູ່ຫລາຍໆຄົນ,1,1,1,0.773228
ຂ້ອຍບໍມີຄວາມຮູ້ປະສົບການ້ອຍບໍຂໍເວົ້າເດີຂອບໄຈ,1,1,1,0.906389
ຕິດບໍ່ໄດ້,0,0,0,0.913084
ໄຊ້ງ່າຍວະດວກດີ,1,1,1,0.93042
ນນນາ,1,1,1,0.80066
ສຸກຍອດ,1,1,1,0.838914
ສົມພານ,1,1,1,0.803898
ສັນຍານກະດີແຕ່ເຂົ້າບໍ່ໃດ້ປັບປຸງແນ່ຄັນແອັບຍັງມີຕົວຕົນຫ່ວຍແຕກ,0,0,0,0.907005
ໃຊໄດ້ດີຫລາຍ,1,1,1,0.958674
ດີຫຼາຍໃຊ້ງານກໍໄດ້ດີ,1,1,1,0.893254
ມັນບໍ່ມີບ່ອນຄົ້ນຫາ,1,1,0,0.776446
ມັນດີອີ່ຫຼີ,1,1,1,0.791963
ໄດ້ຫຼາຍແອັບ,1,1,1,0.665813
ແອັບກະກາກໂພດເຕີມເງິນກະບໍ່ໄດ້ບອກຜຶດນັ້ນຜຶດນີ້ຢູ່ໂອນເງິນກະບໍ່ອອກອີກ,0,0,0,0.923973
ເສຍເງິນຕະຫຼອດຫຼິມເກມກະຍາກຫໂຫຼດຫັນໂຫຼດນີຢູ່ຕອນສະຫນັກໃຫນໆຫຼິນໂຄດງາ່ຍເລີຍບໍ່ເຂົ້າໄຈເວບໃຫ່ຍວ່າຊັ້ນເດະ,0,0,0,0.86307
ຂອບໃຈທີ່ສ້າງແອັບດີໆໄຫ້ໄຊ້,1,1,1,0.886582
ຮັກດຽວໄຈດຽວ,1,1,1,0.732226
ກະລຸນາປັບປຸງແດ່ເດີ້,0,0,0,0.70547
ຖືວ່າດີຫລາຍ,1,1,1,0.922063
ແອັບໃຊ້ດີມາກ,1,1,1,0.892424
ດີ.ໆເຫັນເພື່ອນຫລາຍໆຄົນກັບຄວາມລູກມາກມາຍ,1,1,1,0.704827
ເຂົ້າແອັບກະບໍ່ໄດ້ເດັ້ງອອກຢູ່,0,0,0,0.973027
ໂອນເງີນບໍ່ໄດ້ແກ້ໄຂໃຫ້ດ້ວຍ,0,0,0,0.845322
ຕ້ອງການເຂົ້າທີສຸດ,1,1,1,0.804228
ສະດວກໃນການໃຊ້ປະຈໍາວັນບໍ່ຫຍຸ້ງຍາກປະກອບເອກສານວອ່ງໄວທັນສະໄຫມ່,1,1,1,0.657761
ບໍ່ຕ້ອງລົບ ລົບ,1,1,1,0.581194
ປະທັບໃຈແຮງຫລາຍເຈົ້າ,1,1,1,0.720768
ມິນສິນເຈິງ,1,1,1,0.824945
ສຸດປະທັບໃຈ,1,1,1,0.763262
ແອບjdbປ່ຽນຮູບບໍ່ໄດ້,0,0,0,0.88498
ຮ້ກນອ້ຍໆແຕ່ຮັກນານໆ,1,1,1,0.829139
ໂຫລດມາກະຕັ້ງຫຍັງບໍ່ໄດ້ເຂ້າໃຊ້ງານບໍ່ໄດ້ຊໍ້າເສີຍເງິນໂຫລດມາຊື່ໆ,0,0,0,0.927353
ແອບນີ້ມັກໄຊ້ທີ່ເພາະໄຊ້ງ່າຍພາບດີ,1,1,1,0.836659
ຮຍາອກິນສອຫ,1,1,1,0.603041
ຢູ່ກັບຄ ຄສູ້ເຜືອລຸກ,1,1,1,0.737897
"ປະສົບການຫລີ້ນໂທລະສັບ3ປີface book, whats ap",1,1,1,0.887477
ດູດີຂື້ນຈີງໆ,1,1,1,0.841291
ກວດສອບແດ່ເຂົ້າບໍ່ໄດ້,0,0,0,0.882626
ໃຊ້ງານຍາກ ໂຫຼດຊ້າ ເຂົ້າໃຈຍາກ ເປັນງົງໆ .,0,0,0,0.862579
ແອັບໃຊ້ງ່າຍ ສະດວກສະບາຍ,1,1,1,0.949126
ໃດ້ຢູ່,1,1,1,0.77179
ຕອນນີ້ຄືອັບເດດແລ້ວວ່າເວັບຊັ້ນເກົ່າພໍກົດຕົກລົງອອກຈາກລະບົບເລີຍງຶດ,0,0,0,0.851173
ມີປັນຫາຕະຫລອດ,0,0,0,0.775442
ລົງແນວໃດວະ ຍາກຕາຍແທະກົດເຂົ້າໃປລົງທະບຽນບໍ່ເຫັນຂື້ນຫ່າຫຍັງ,0,0,0,0.935456
ສະນຸກມາຄັບ,1,1,1,0.820586
ເອື້ອຍໂຈະ,1,1,1,0.781309
ໃຊ້ສະດວກສະບາຍທັນໃຈມັກຫລາຍ,1,1,1,0.957679
ປັບປຸງໃຫມ່ເດີຫວຍແຕກແອບແບບນີ້ບໍ່ຈະເລີນນໍາເຂົ້າຈັກເທື່ອແລະຖ້າຍັງເປັນແບບນີ້,0,0,0,0.919939
ມີຄວາມສະດວກສະບາຍ,1,1,1,0.954572
ດີທີ່ສຸດພູມໃຈຫລາຍທີ່ມີແອັບນີ້,1,1,1,0.853087
ປະສົບການຍັງບໍ່ທັນສູງເທົ່າທີ່ຄວນ,1,1,1,0.740158
ໄມ້ວືອື,1,1,1,0.593976
ແອັບຯນີ້ແມ່ນໃຊ້ກ່ຽວກັບບັນຊີທະນາຄານການຄ້າ ໃນລະບົບ ມືຖື samsung,1,1,0,0.524977
ດີຫລາຍສະດວກແລະປອດໃພລົດກະມີຫລາຍບໍ່ຕ້ອງຖ້າດົນ,1,1,1,0.811406
ຕິດຕາມແນ່,1,1,1,0.73644
ການໃຊ້ວັນທີພັດທະນານີ້ແລ້ວບ້ານມີແລ້ວ,1,1,1,0.659716
ອັບເດດໃຫ່ມຄືບໍ່ມີບ່ອນເອົາດາຕ້າແກ້ໄຂແນ່ເດີ,0,0,0,0.924688
ແກ້ໄຂດ່ວນເຂົ້າແອັບບໍ່ໄດ້,0,0,0,0.979511
ສະດວກແລະເຫນາະກັບຄົນທີ່ບໍ່ສາມາດອອກໄປຊື້ເອງ,1,1,1,0.570272
ດີຂະນາດເລີຍ,1,1,1,0.809965
ມຸຍສົມພອນ,1,1,1,0.80618
ສໍາລັບໃຜເຂົ້າຫນ້າແອັບບໍ່ໄດ້ແມ່ນລົບແອັບແລ້ວດາວໂຫລດໃຫມ່ ເຂົ້າສູ່ລະບົບໃຫມ່,1,1,0,0.857076
ແກ້ໄຂແດ່ເດີ້ ແອັບນິ ພໍເຂົ້າລະຫັດກາເດັ້ງອອກ ຄືເກົ່າ ບໍ່ເຫັນໃຊ້ງານໃດ້ຊ້ໍາ ປ່ອນລະຫັດປ່ອນແລ້ວປ່ອນອີກກາຍັງບໍ່ໃດ້,0,0,0,0.962841
ນິດດາວອນ,1,1,1,0.774486
ທ.ມູໄຊ ຄອນສະຫວັນ,1,1,1,0.737832
ຂ້ອຍມັກຈະເປັນໄປໄດ້ເພື່ອໃຫ້ໄດ້ຮັບຜົນດີຕໍ່ການຕ້ອນຮັບຈາກທັງຫມົດສໍາລັບການໃຊ້ເວລາ,1,1,1,0.849786
ຕອນນີ້ຂັດຂອ້ງ,1,1,1,0.542754
ແກ້ວລາວລີ,1,1,1,0.799832
ໄວ້ໃຈແດ່,1,1,1,0.776976
ຢາກໃຫ້ປັບປຸ່ງໂພດຂອງເພື່ອນອັດໂຕມັດຕິກ,1,1,1,0.56839
ຊາຍນ້ອຍສາລີວັນນະລາໃນ messenger,1,1,1,0.783944
ນໍາ້ຖວ້ມຕະລາດສາລະວັນ,1,1,1,0.738476
ເຄີຍມີຄວາມເຫັນວ່າດີ,1,1,1,0.83313
ແອັບກະຈອກ,0,0,0,0.669893
ແອປດີມາກ,1,1,1,0.896543
ໃຫ້ອັບເດດຕະຫລອດ ລໍາຄານນນ,0,0,0,0.858506
1. ຄົນຂັບມັກແຊ່ເລນຊ້າຍ ແລະ ໃຊ້ມືຖືຂະນະຂັບ 2. ລະບົບຍັງຫລ້າຊ້າຫລາຍໃນເລື່ອງໂປຣແກມແຜນທີ່ 3. ຍັງກະຈາຍໄດ້ບໍ່ທົ່ວເຖິງ,0,0,0,0.645491
ສັນໄຫ້,1,1,1,0.829286
ແອັບດຽວນີ້ໃຊ້ງານບໍ່ໄດ້ເລີຍ ຫມຸນເປັນຊົ່ວໂມງຍັງບໍ່ມີຫຍັງເກີດຂື້ນເລີຍ ແກ້ໄຂດ່ວນ,0,0,0,0.96572
ບໍ່ມີການແຈ້ງເຕືອນຄົນໂທເຂົ້າກະບໍ່ແຈ້ງເຕືອນຄັນບໍ່ເຂົ້າເບີ່ງແມ່ນບໍ່ຮູ້ແທ້ວ່າໃຜໂທຫຼືແຊັດມາ,0,0,0,0.905657
ຄ່ອຍໃຊ້ໄປກ່ອນນະ,1,1,0,0.53375
ໄຫ້5,1,1,1,0.825346
ປ່ຽນລະຫັຍາກ,0,0,0,0.731543
ກາກແຮງເດີ ເຂົ້າຫຍັງກະເຂົ້າບໍ່ໄດ້,0,0,0,0.953955
ເສີດສາຍເລາະ,1,1,1,0.700857
ດີຫຼາຍມັກຫຼາຍ,1,1,1,0.943581
ຄັກ555,1,1,1,0.793064
ໃສດີເດັ່ນໃນການປະຢັດອິນເຕີເນັດ . sak da .,1,1,1,0.727608
ໄດ້ຈິ່ງ,1,1,1,0.784989
ຊ້າຫລາຍແຮງອັບເດດແຮງຊ້າ,0,0,0,0.869493
ຂວັນເຮື້ນງວິລາ,1,1,1,0.749996
ໄອດໍ,1,1,1,0.759982
ແອບນີ້ສຸດຍອດເລີຍຂໍໃຫ້ສົ່ງດາຕ້າມາຕະຫຼອດເດີແລ້ວຊິໃຫ້ອີກດາວ,1,1,1,0.679066
ເປັນຫຍັງຄືເດັ້ງອອກຕະຫລອດ,0,0,0,0.899699
ບາງເທື່ອກະຂຶ້ນຄືບໍ່ມີເນັດທັງທີ່ສັນຍານກະປົກກະຕິ ຫມຸນສິເປັນຊົ່ວໂມງກະຍັງຈິເຂົ້າບໍ່ໄດ້,0,0,0,0.9031
ດີຂັບ,1,1,1,0.772779
ຖືໄຈ,1,1,1,0.761903
ໃນໃຈສະເຫມີ,1,1,1,0.778639
ເຂົ້າໄປລົງທະບຽນບໍ່ໄດ້ຈັກເທື່ອເດັ້ງອອກຕະຫຼອດ,0,0,0,0.972579
ມຸດອາຍຸ,1,1,1,0.641728
ຂ້ອຍມັກແຝນສບຸກນີ້ ເພື່ອທຸກຄົນທີ່ມັກ,1,1,1,0.888686
ແອັບນີ້ໃຊ້ແລ້ວດີຫຼາຍ,1,1,1,0.87879
ມັນແມ່ນແນວໄດເຟສບຸກນິມຶ່ງຊິປິດບັນຊີກູເພື່ອຫຍັງກູມີຂໍ້ມູນຢູ່ຫັ້ນຫລາຍຢ່າງກູມີແນວສໍາຄັນຕ້ອງໄຊ້ສູຊິແກ້ໄຂ້ລະແກ້ໄຂເດີ,0,0,0,0.608726
ຝົນເດືອນຫ້າ ເພັງ,1,1,1,0.639644
ປະສົບການບໍ່ ມີຮູ້ແຕ່ເບີ່ງ,1,1,1,0.751488
ໂຄ້ດດີ ຖ້າບໍ່ອັບເດດແອປ ແຮງຊິດີ,1,1,0,0.580865
ທຸກໆເວລາ,1,1,1,0.687994
ມີຄວາມສໍາຄັນຫລາຍໃຊ້ໃນຊີວີດປະຈໍາວັນ,1,1,1,0.830398
ໂຫລດໄວໆ,1,1,1,0.690407
ໄຫ້ຫຼາຍໆແນ່ເນັດນ່ະຍາກັດຫຼາຍ,1,1,1,0.587143
ຕັ້ງແຕ່ອັບເດດມາ ມີແຕ່ແນວຊ້າ ແນວໃຊ້ງານບໍ່ໄດ້ ເຕັ້ມໄປຫມົດ,0,0,0,0.93102
ຕາມສະບາຍ,1,1,1,0.893025
ດີຫລາຍແທ້,1,1,1,0.895007
ໂຄດກາກເຈົ້າກະຫຍາກ,0,0,0,0.815883
ໃຊ້ດີບໍ່ມີຂັດຂ້ອງ,1,1,0,0.58207
ຂ້ອຍຢາກໃຊ້ແອັບນີ້,1,1,1,0.80162
ເບຍລາວ ເປະ ອາ,1,1,1,0.759691
ເບີ່ງບໍ່ໄດ້ ໂຄດກາກກ,0,0,0,0.944908
ພົງສະຫວັນສະພັນທະວົງລາວແອບ,1,1,1,0.746299
ແມ໋ຕູ,1,1,1,0.759982
ຢາກປອມໄພ,1,1,1,0.74101
ດີຫລາຍ.ມ່ະຫະສ່ະຈັນສັງຄົງຍູ່ໃສກະເວ້ານໍາກັນສບາຍໆໃຫ້ໄປເຕັມໆ,1,1,1,0.864457
ຄືເຂົ້າບໍ່ໄດ້,0,0,0,0.95223
ທະນາຄານການຄ້າໂອນເຂົ້າບໍ່ໄດ້.,0,0,0,0.871243
ມັນຂີ້ຮ້າຍກວ່າເກົ່າແທ້,0,0,0,0.692148
ດາວໂຫລດເພື່ອຕິດຕັ້ງໄດ້ແຕ່ເປີດບໍ່ໄດ້,0,0,0,0.637088
ຜູ້ຕິດຕາມ,1,1,1,0.815225
ດີແລ້ວພໍໃຈ,1,1,1,0.809502
ດີມາກໆສະບາຍໃຈ,1,1,1,0.927238
ສະບາຍດີລະບົບທາງທະນາຄານຫລຶລະບົບໂປຮແກຼມເລືອກໂທລະສັບໃນການໂຫລດແອັບມາໃຊ້ບໍ່ຕອນນິໂທລະສັບຂອງຂ້ອຍລະບົບລົ້ມໄປຫມົດເຂົ້າແອັບກະບໍ່ໄດ້,0,0,0,0.898102
ເຂດທາດຫຼວງແລະເຂດປະຕູໄຊນິ ເອີ້ນລົດຍາກເປັນພິເສດເດີ້ ໂດຍສະເພາະເຂດທາດຫຼວງນິເອີ້ນລົດເປັນຊົ່ວໂມງກວ່າຊິມາ ສ່ວນເຂດປະຕູໄຊກາບອກຈຸດຄົນຢູ່ຜິດອີກ ຢາກຈະໃຫ້ປັບປຸງເລື່ອງເອີ້ນລົດເປັນພິເສດນິ ເອີ້ນເທື່ອໃດ ລະພັດວ່າເປັນຊົ່ວໂມງກວ່າຈະໄດ້ລົດ.,0,0,0,0.823425
ຍັງກາກຫຼາຍ,0,0,0,0.807323
ສັ່ງຕັ້ງແຕ່5ໂມງຈົນ7ໂມງລະຍັງບໍ່ມາປານີ້ສັ່ງທຸກເທື່ອຊ້າທຸກເທື່ອ,0,0,0,0.806131
ເປັນການຊື່ສານທີ່ດີ ເກັບຄວາມລັບໄດ້ດີ ແຊັດກັບຫມູ່ເພື່ອນ ຢູ່ເຟດສດີຫລາຍ,1,1,1,0.905888
ອັບເດດໄວແດ່ອາຫລົງຟ້າວຈິ,0,0,1,0.50692
ນາງດາວັນ ປັຍາແກ້ວ,1,1,1,0.738108
ລົງທະບຽນໄດ້ເທື່ອດຽວແກ້ໄຂດ່ວນ,0,0,0,0.819339
ແອບກາກຫຼາຍເຂົ້າກະບໍ່ໄດ້,0,0,0,0.963196
ເປັນປະສົບການທີ່ດີ ເລື່ອງອຸບປະສັກຕ່າງໆຂອງຊີວິດທີ່ຜ່ານມາ.,1,1,1,0.939852
ຄືບໍ່ມີບ່ອນຟັງເພງຮ່ວມກັນນະເຮັດຈັ່ງໃດ,0,0,0,0.631362
ປະສົບການທຸກຢ່າງກໍາລັງຮຽນຮູ້,1,1,1,0.939764
ມວນຄັກແລະໃດດາຕ້າຟີ ງາຍແຄ້ດາວໂຫຼດແອບນີມາເທົ້ານັ້ນໂຫຼດເລີຍທຸກຄົນ,1,1,1,0.620688
ດີໄວໆ,1,1,1,0.798166
ທ້າວ.ສີບຸນເຮືອງ ເຫິນສີຫາວົງ.ບ້ານສະຜ່າຍ,1,1,1,0.784854
ເຄີຍຊັກວ່າມາກອ່ນ,1,1,1,0.690039
ຮັກເຂົ້າ ເຈົ້າໃຈບ,1,1,1,0.729777
ໃຫ້ອັບເດດແຕ່ບໍ່ຂື້ນໃຫ້ອັບ,0,0,0,0.77953
ເປັນປົກກະຕິ,1,1,1,0.730606
ຕິດຕັ້ງແລ້ວໄວໆແນ່,1,1,1,0.678564
ສະດວກ,1,1,1,0.941318
ຂໍໃຫ້ໄດ້ນໍາໃຊ້ແອັບໄດ້ຍາວນານອີກຕໍ່ໄປ,1,1,1,0.784989
ເຮຍ,1,1,1,0.756569
ໃຊ້ບໍ່ໄດ້ເລື່ອງເຂົ້າລະດິ້ງອອກ,0,0,0,0.891522
ອັບເດດຕະຫຼອດງົງ,0,0,0,0.880675
ແອັບມີບັນຫາຕະຫລອດ ເຂົ້າຍາມໄຫລ ກະອັບເດດຍາມນັ້ນ ເວລາຈະໂອນເງີນໃສ່ເບີໂທກະຍາກເປັນແມ່ມັນອີຫຍັງ ແກ້ໄຂແນ່ ຄ,0,0,0,0.964208
ລົງທະບຽນໃນແອບແລ້ວກະເຮັດຫຍັງບ່ອໄດ້,0,0,0,0.705134
ຢາກໄຫ້ປັບປຸງດີກ່ວານີ້ນະເວລາເຂ້າໄປຫມູນຫມູນໄປຖືກຊອ້ງດາຕ້າແລ້ວກະຄ້າງເລີຍບໍໃດ້ຫັຍງແລະເບີງວີດີໂອບໍໃດ້,0,0,0,0.749658
ອັບເດດແຜນທີໃຫມ່ແນ່ເກົ່າແຮງເອີນລົດກະບໍ່ມາ,0,0,0,0.880948
ເປັນຫຍັງຄືເຕີມເງີນໃນແອັບຫລືໂອນເງີນໃນແອັບມັນບອກວ່າເບີບໍ່ຖືກຕ້ອງ ທັ່ງທີ່ເບີກະຖືກແລ້ວ,0,0,0,0.842616
ຂ້າມພະເຈົ້າຂໍຂອບໃຈ,1,1,1,0.861202
ສົງຂ່ຄວາມກ່ບ່ໄດ້ຂີ້ລ້າຍຕາຍແທ້,0,0,0,0.540423
ຄັກໆ,1,1,1,0.839028
ແອັບເຂົ້າບໍ່ໄດ້,0,0,0,0.962403
ລາຄາແຮ່ງເກີນໄປ,0,0,0,0.705788
ຮາຮຍ່ອາສສ,1,1,1,0.786815
ຕາຍສ່ະ ໃຊ້ງານບໍ່ໄດ້,0,0,0,0.924062
ຫລີ້ນເກມບໍ່ໄດ້,0,0,0,0.802045
ໃຊ້ງ່າຍແລະໄວ້ດີມັກຫລາຍ.ຊ,1,1,1,0.900386
ຢ່າໄດ້,1,1,1,0.76744
ຂ້ອຍຜູ້ນືງທີອັບເດດແລ້ວແຕເຂົາບໍໃດ້ຈັກເປັນອີຫຍັງໄພເປັນນໍາແນ່ໂຄດແຍ່ເລີຍຖ້າໄພເຫັນເມັນນີ້ຢາເດິຢາອັບເດດເລີຍເດີດຽວມັນສິເຂົາບໍໃດ້ຄືຂ້ອຍຢາອັບເດດເລີຍເດີລິນແອບເກົ້າຫັນດີແລ້ວ,0,0,0,0.803145
ສາທຸສາທຸສາທຸ,1,1,1,0.788084
ມັກຫຼາຍວ່ອງໄວດີ,1,1,1,0.900132
ໃຊ້ໄດ້ດີຂຶ້ນແລະເປັນປະໂຫຍດທີ່ດີເລີດ.,1,1,1,0.903816
ພີມ,1,1,1,0.790644
ເປັນເລື່ອງທີ່ດີຫຼາຍ,1,1,1,0.926043
ສຸດຍອດແຕ່ຜົນເສຍຄືໄຜສົ່ງຫຍັງມາບໍ່ທັນເບິ່ງກະບັນທຶກເຂ້າໄນທລສລະ,1,1,0,0.52923
ມັກທີ່ສຸດ.,1,1,1,0.814874
ສຸຫນຸກດີ,1,1,1,0.803198
ຮັກດ່ຽວ,1,1,1,0.845577
ປັບປຸງຂໍ້ຄວາມສຽງແນ່ຈັກເປັນຫ່າພິສັງສຽງຄືຢາກຕາຍນິເວລາສົ່ງສຽງ,0,0,0,0.806589
ເນັດຫຼັກ7ກາກຫຼາຍຫາຍຕະຫຼອດຄວນປັບປຸງແນ່,0,0,0,0.883286
ເຂົ້າແອບບໍ່ໄດ້ແກ້ໄຂແດ່.ຢາກເລ່ນແລ້ວແກ້ໄຂດ່ວນ,0,0,0,0.950918
ອັບເດດໃຫມ່ຄື່ເຂົາບໍ່ໄດ້,0,0,0,0.945794
ອີ່ນ່າ,1,1,1,0.733197
ຂາດບໍ່ໄດ້ບໍໄດຂາດແອັບນີ້ດີຫລາຍ,1,1,1,0.566501
ນ້ອຍກິດລອຍໄຊ,1,1,1,0.762286
ແອັບເກົ່າຫລີ້ນງ່າຍແຕ່ອັບເດດໄຫ່ມແຕ່ໃຊ້ແອັບບໍ່ຄືເກົ່າຢາກໄດ້ແອັບແບບເດີມດີກ່ວາ ອັບເດດໄຫ່ມເຊີນເພື່ອນກະຍາກຫລີ້ນກະຂັດໆຄາ,0,0,0,0.790783
ແອັບພໍ່ແມ່ມື່ງຄິດອອກມານໍາໃສ່ຕີບໍ່ການແກ້.ຂອບຂຸ້ມແຕມີການອັບເດດເປື່ອງເນັດກູ້ລາ່ບັກພະລິດມື່ງສີຄວາຍແມ່ມື່ງຕາຍ,0,0,0,0.7977
ຍີ ມຕຶຍ,1,1,1,0.777232
ໃຊ້ບໍ່ໄດ້ປອນລະຫັດໃສລະເດັ່ງອອກ,0,0,0,0.915261
ແອັບຂີ້ກະຕຶກໃຫ້1ດາວດີລະ ແອັບຮູຂີ້,0,0,0,0.842397
ຂ້ອຍປ່ຽນໄປໄສ່ໂທລະສັບໄຫມ່ລະຂ້ອຍຫຼົງແຕະເຂົ້າໂຫມດກະເປົ່າແລ້ວອອກບໍໄດ້,0,0,0,0.681102
ໃຊ້ດີສະດວກສະບາຍດີ,1,1,1,0.979968
ໂຄງການນິບໍ່ມີຜົນເສຍຕໍ່ກັບຊີວິດok?,1,1,1,0.651418
ເຕີມເງິນຫລັກ7ຍາກ18 3 024,0,0,0,0.537312
ການສືກສາບໍມີ,1,1,1,0.782206
ດີທີ່ມີແອັບນີ້ໃຊ້ສະດວກໂທກະງ່າຍ,1,1,1,0.900858
ໄສ່ດີລາຍ,1,1,1,0.874076
ຜູ້ ເຂົ້າ ຊົມ ທັງຫມົດ,1,1,1,0.610241
ບໍ່ຫລີນເຟສ,1,1,1,0.720031
ຫຼາຍສົມຄວນ,1,1,1,0.790275
ເຂົ້າບໍ່ໄດ້ ເດັ້ງອອກຕະຫລອດຈົນເມື່ອຍ,0,0,0,0.950094
ບໍລິການແຫ່ງຜົນສໍາເລັດ ສາມາດນໍາໃຊ້ໄດ້ສະດວກແລະ ວ່ອງໄວ ບໍ່ໍາເປັນຕ້ອງຖືກເງິນສົດຕິດໂຕ,1,1,1,0.819556
ຕາມຄວາມຮູ້ຂອງຂ້ອຍ,1,1,1,0.859951
ຍອດຍຽ່ມ,1,1,1,0.829118
ຢູ່ໆກະເຂົ້າລະບົບບໍ່ໄດ້ວ່າລະຫັດບໍ່ຖືກຕ້ອງເຂົ້າໄປປ່ຽນລະຫັດໄຫມ່ກະຍັງເຂົ້າບໍ່ໄດ້ອີກວ່າລະຫັດບໍ່ຖືກຕ້ອງ.ມັນເປັນບ້າຕິເບາະ,0,0,0,0.960576
ມັນດີຈິງໆ,1,1,1,0.823278
ຄົ້ນຫາຮ້ານຊານົມໄຂ່ມຸກ ພັດເຈີ້ແຕ່ເຂົ້າປຽກ ນ້ໍາປັ່ນ ຄືຫຍັງນິ,0,0,0,0.636157
ດີໆມັກ,1,1,1,0.839917
ໂຫລດມາສິຊື້ເລກ ຊື້ບໍ່ໄດ້ ລົບໂຫລດໃຫມ່ກະຄືເກົ່າ ຫ່ວຍໂພດ,0,0,0,0.900852
ອັນບໍ່ໄດ້,1,1,0,0.974222
ແອັຍຫ່າຫຍັງເຕີມບັດເຫັນແຕ່ເງີນອອກບັນຊີແຕ່ເງີນບໍ່ເຂົ້າເຍີໂທລະສັບ ຄວຍ,0,0,0,0.873144
ເດັ້ງອອກເອງເດັ້ງບີບໄປເອງ ແຊັທບໍ່ເດັ້ງຂື້ນ.ລໍາບາກແຮງໃຊ້ແບບນີ້,0,0,0,0.754518
ອັບເດດໄຫ່ມແຫ່ງຄັກປັ່ນສ່ໍາໄຫລກະຢູ່ແຕ່ບອ່ນເກົ່າປັ່ນຈົນເບິດກະຍັງບໍ່ໄດ້ດາຕ້າເລີຍແນວໄດກັກໄວ້ບໍ,0,0,0,0.851198
ດາວໂຫຍ,0,0,1,0.592816
ຊ້າເກີນໄປໆໆ,0,0,0,0.833649
ໃຫ້ບັດສ່ວນຫລຸດມາແຕ່ໃຊ້ບໍ່ໄດ້ ສະພາບ,0,0,0,0.651188
ຍິນດີນໍາເຫນີໃຫ້ເທີຄົນດຽວ,1,1,1,0.796735
ເປັນຍັງຕື່ມບັດໂທລະສັບຜ່າລະບົບບໍໄດ້ຮັບເງີນທີ່ຕື່ມແຕ່ເງີນໃນບັນຊີ bcelone ຖືກຕັດແລ້ວ ກວດຄືນແດ່ເດີ,0,0,0,0.725133
ບໍ່ຕ້ອງໂຫຼດກະໄດ້ເດີ ໃຊ້ງານບໍ່ໄດ້,0,0,0,0.787571
ກາກຫລາຍບໍ່ມີຫບັງດີເລີຍ,0,0,0,0.787503
ເຕັມໃຈ,1,1,1,0.761292
ຄອຍ່ຕໍາະງະຕ ລວ້ນຈ,1,1,1,0.770551
ຫ່າມືງ ກົດລະຫັດໃສ່ ລະໄປຕໍ່ບໍ່ໄດ້ ຍັງຢູ່ຫນ້າເກົ່າ ພໍ່ມືງ,0,0,0,0.888786
ມີເບີສາວຫຼາຍດີ,1,1,1,0.804638
ເຈງ.,1,1,1,0.759982
ເບິ່ງຍັງບໍ່ໄດ້ແລ້ວໂທຫາສູນສູນບອກອັບເດດອັບເດດກະຄື່ເກົ່າບອກໃຫ້ຕັ້ງດາຕ້າຕັ້ງແລ້ວກະຄື່ເກົ່າ,0,0,0,0.852421
ແອັດlaoappດີຈີງ,1,1,1,0.743893
ນິດທໍາໄດ້ແລ້ວ,1,1,1,0.737212
ເລກແນະນໍາໃສ່ແນວໃດກໍບໍຖືກ,0,0,1,0.629746
ສຸ່ມເນັດຫະບໍ່ໄດ້ຂີ່ງົກໂພດຍ່າຫາໂຫດເດີ້,0,0,0,0.775316
ຄອບຄົວ,1,1,1,0.812887
ຢາກໃຫ້ອັບເດດໄປໃນຕົວເລີຍເພາະຈະໃດ້ສະດວກໃນການນໍາໃຊ້,1,1,1,0.766129
ຂອບຕົ້ງຄ່າແດ່,1,1,1,0.666039
ພີມຮ້ານໃດກາບໍ່ຂື້ນ,0,0,0,0.634687
ເຂົ້າໃຊ້ບໍ່ໄດ້ ເພີ່ນວ່າກໍາລັງອັບເດດ ຍາວເທື່ອກະວ່າກໍາລັງກວດກາສິດ,0,0,0,0.799026
ພັດທະນາແນ່ເຂົ້າແອັບກະບໍ່ໄດ້,0,0,0,0.921793
ແອັບຊ້າຫລາຍປັບປຸງແນ່ເດີແອັບອື່ນກະຍັງບໍ່ເຫັນສິເປັນ,0,0,0,0.941105
ເອົ້າແບບດີທີສຸດ,1,1,1,0.809174
ໃຊ້my unitelແລ້ວຍັງບໍ່ແລ້ວອີກ ຍັງມາໃຫ້ໃຊ້ແອບນີ້ອີກ ຖ້າບໍ່ໂຫຼດແອບນີ້ກະນໍາໃຊ້ບໍ່ໄດ້ ຊັບຊ້ອນຫຼາຍເລື່ອງແທ້,0,0,0,0.802159
ຈັກໄດ້ບໍ່ໄດ້ ກົດລົງທະບຽນລະເດັ້ງອອກ,0,0,0,0.903282
ສົ່ງໄວທັນໃຈ,1,1,1,0.851061
ຕຸກຕາ ວົງຄໍາຈັນ,1,1,1,0.7799
ດີlaiy,1,1,1,0.759982
ລິ້ນດີລິ້ນສະບາຍ,1,1,1,0.901746
ດນລດຊນືຊີ ນຶນຄພິຍຫິນຕະຫລ,1,1,1,0.612598
ມັກລາຍລາຍ,1,1,1,0.802338
ໃຊ້ແອັບຢູມັນນີສະດວກສະບາຍ ແລະ ເພື່ອຫລຸດຜ່ອນໃຊ້ເງິນສົດ ປອດໄພອີກດ້ວຍ,1,1,1,0.837868
ມັກ,1,1,1,0.882716
ລົງທະບຽນຍານແລ້ວນະ,1,1,0,0.586033
ເຄີຍໃຊ້ແລ້ວແອປນີ້ດີຫາຼຍ,1,1,1,0.869625
ແອັບຫົວຄວຍໂດດມາແລ້ວເຮັດຫຍັງບໍ່ໃດ້ ປານນັ້ນໃຫ້ລົງທະບຽນເບີຜ່ານແອັບ,0,0,0,0.908876
ໃຫັດະແນນແວນນິ້,1,1,1,0.721814
ຮັກລາຍເດະເອັບນີ້,1,1,1,0.778144
ຍາກໄຫ້ພັດທະນາຂຶ້ນໄຫ້ດີ,1,1,1,0.832635
ແຫວນເພັດ,1,1,1,0.785707
ຊອບມາກເລິຍ,1,1,1,0.786672
ມຶງສິຕາຍລະບໍເຂົ້າເຊື່ອມຕໍ່ບໍ່ໄດ້ເນັດດກະມີຢູ່ ໂມໂຫເດີ,0,0,0,0.893101
ສົນໃຈຕົນມາກຂື້ນ,1,1,1,0.77849
ຖ້າໂອນເງິນເຂົ້າທະນາຄານໄດ້ຫນ້າສິດີເລິຍ,1,1,0,0.570101
ເຫ້ຍມາກ,1,1,1,0.663071
ທັນເທັບບອກວ່າດີ,1,1,1,0.616722
ເມື່ອເຮົາຕິດຕັ້ງສົມບູນແລ້ວແຕ່ຫລົງລົບແອບຖີ້ມເຮົາຄວນເຮັດແນວໄດຂໍແນະນໍາແນ່,1,1,1,0.534342
ພັດທະນາອີກ,1,1,1,0.784757
ຫມູນໄດ້250mb ແລ້ວກົດແຊ ແຕ່ມັນຄ້າງ ເປັນທຸກມື້ ທຸກເທື່ອເລີຍ ສະຫຼຸບ ບໍ່ໄດ້ຫຍັງ ຊ່ວຍແກ້ໄຂໃຫ້ແນ່,0,0,0,0.801086
ດີໃຊ້ແລ້ວປອດໄພ,1,1,1,0.814113
ເປັນແອປທີໄສດີມາກເລື້ຍນະຊອບໆ,1,1,1,0.805671
ດີຈຮິງໆ,1,1,1,0.801646
ຊົ່ວຢ່າງ,1,1,1,0.72974
ສັ່ງຫຼາຍເທື່ອແລ້ວບໍລິການດີ ວ່ອງໄວທັນໃຈ,1,1,1,0.741873
ຂໍກູ້ບັນຊີຄືນ,1,1,1,0.586272
ຊ່ວນກັນສະຫນັບສະຫນູນສິນຄ້າບ້ານເຮົາ,1,1,1,0.822911
ແຊັດບໍ່ຕອບ,0,0,0,0.658563
ແອັບຄວາຍເອົາເນັດຟີກະບໍ່ໄດ້,0,0,0,0.900229
ຖ້າສາມາດເຕິມເງິນເຂົ້ຢູມັນນີ້ຜ່ານບັດເຕິມເງິນໄດ້ສິດີແຮງ,1,1,1,0.611715
ໃຫ້ເວົ້າໃນນາມຫມູ່ບໍ່ ກະຈັດສົ່ງໄວໃດ ມີຄົບທຸກຢ່າງພຽງໃຊ້ປາຍມືສໍາພັດ.,1,1,1,0.705744
ດີສໍາຫັຼບຊາວເຟສບຸກ,1,1,1,0.80005
ສົ່ງຂໍ້ຄວາມບໍ່ໃດ້ຂື້ນຄໍາວ່າກໍາລັງເຊື່ອມຕໍ່,0,0,0,0.608488
loveດິ,1,1,1,0.777618
ຂ້ອຍສີ້ກົບເຂົາ,1,1,1,0.677217
ສັນຍານໂຄດພໍ່ມຶງຫຍັງໂຄດຊ້າ,0,0,0,0.888396
ນາງດອກ,1,1,1,0.767139
ສຸດຍອດລາວເຮົາ,1,1,1,0.897288
ເພາະຢາກຮູ້ຜົນອອກຫວຍ,1,1,1,0.626023
ສວາ,1,1,1,0.759982
ຂອບໄຈທີ່ໄຫ້ໂດກ,1,1,1,0.857217
ສະຫມັກຢາກໄປນ້າຈະເອົາບັດປະຈໍາຕົວຫືຼສໍາມະໂນສະຫມັກກະພໍ ນີ້ຕ້ອງໄປທະນະຄານເລີຍບໍ່ມີເວລາຊໍານັ້ນ ແກ້ເລີຍ,0,0,0,0.579128
ໃຊ້ງານບໍ່ໄດ້ ຫລີ້ນຫຍັງກະບໍ່ໄດ້,0,0,0,0.975549
ບໍ່ເປັນຕາໃຊ້ ບໍລິການໂຄດບໍ່ໄດ້ເລື່ອງເອີ້ນເປັນສິບເທື່ອບໍ່ມີລົດຈັກບາດ ຢ່າໄປຄິດຝາກຊີວິດກັບລົດກັອກກັອກ. .,0,0,0,0.890969
ຂໍໄຫ້ທານພູພັດຊວຽ່ແກໃຂຊີ້ງທີຄາດ້ເດົາບໍໃນການບໍ່ທັນສໍານານ,1,1,1,0.616843
ດ້ວຍ,1,1,1,0.8638
ບໍ່ຄ່ອຍເຂົ້າໃຈໃນການຕິດຕັ້ງ,0,0,0,0.526745
ແອບນີ້ດີ,1,1,1,0.773822
ແຕ່ໃຫ້ປັບປຸງໃຫ້ໄວກ່ວາເກົ່າ,1,1,0,0.630217
ດີມາກເລີຍແອັບນີ,1,1,1,0.791552
ຊື່,1,1,1,0.731074
ມັກສູດຍອດມາກ,1,1,1,0.854194
ດີຫລາຍແລະກະຂອບໄຈຫລາຍໆ,1,1,1,0.884783
ຢາກໃຫ້ແກ້ໄຂ້ບ່ອນສະຕໍຮີແນ່ເວລາອັບຮູບຂຽນຂໍ້ມູນບໍໄດ້.,0,0,0,0.750836
ດີຢູ່ມັກຫຼາຍ,1,1,1,0.883903
ໃຊ້ ງານ ໄດ້ ດີ,1,1,1,0.791367
ຂໍໃຫ້ຖືກເດີສາທຸ,1,1,1,0.826022
ລົງທະບຽນເຂົ້າໃຊ້ແອັບຍາກເກີນໄປ,0,0,0,0.862761
ເລນ,1,1,1,0.769747
ມັນມຸດຍອດເລີຍ,1,1,1,0.832168
ແອັບເດັງແກ້ໄຂດ່ວນນນ,0,0,0,0.856557
ດີເຕີມເງິນປະຢັດ500ກີບ,1,1,1,0.565411
ສຸດຍອດໃນການອັບເກດ ໄວຫລາຍ,1,1,1,0.733218
ເຟດບຸກຂ້ອຍຄືຊ້າແທ້ອັບເດດຂ່າວກະສອງມື້ຈັ່ງເຫັນ,0,0,0,0.66122
ຈະພະຍາຍາມໃສ່ໃຫ້ມີປະສິດທິຜົນ,1,1,1,0.799068
ເຂົ້າເຟສບໍ່ໄດ້,0,0,0,0.858238
ຢູ່ຊື່ໆເຂົ້າບໍ່ໄດ້,0,0,0,0.850672
ມັນເປັນຫຍັງຄືມາປ່ຽນຫນ້າເຟດກັນ ຜີ່ບ້າບໍ,1,1,0,0.726149
ຢາກຫລອນລະຊ່ວງນິ,1,1,1,0.516811
ແອັບເດັ້ງໃຊ້ບໍ່ໄດ້,0,0,0,0.947169
ຢາກມີເພື່ອນມິດທີດີປານຄົນ,1,1,1,0.802084
ຫຼີ້ນໄວທັນໄຈ,1,1,1,0.845305
ສະດວກຫຼາຍ,1,1,1,0.881018
ສະ ບາຍດີ,1,1,1,0.842946
ອັບເດດໃຫມ່ມາຄືໂງ້ຕາຍແທ້ເນາະລີ້ນກະບໍ່ໄດ້ເນັດຄືແຕ່ກອນໄປປຽ່ນໄວ້ເດີຊິໄຫ້ລີ້ນເອົາອີ່ຫຍັງວະ,0,0,0,0.933178
ໄປ ko,1,1,1,0.727237
ອັບເລັດແລ້ວເກມມຸນວົງລໍ້ຂໍເພື່ອນເພີ່ມກະບໍ່ໄດ້ແບບນີ້ບໍ່ຄ່ອຍມັກປານໃດ,0,0,0,0.891496
ບາວກະທິນ,1,1,1,0.612493
ດີຫລາຍໃຊ້ງ່າຍ,1,1,1,0.957363
ຄັກອີຫຼີ,1,1,1,0.824511
ລະຫຫດotpທີ່ສົ່ງໃຫ້ມີແຕ່5ໂຕ ບາດໂປຣແກມພັດວ່າມີ6 ໃສ່ໄປມັນກະບໍ່ຖືກ ແກ້ແດ່,0,0,0,0.769426
ອີຊອນປາກຫນາ,1,1,1,0.719699
ຄືloginບໍ່ໄດ້?,0,0,0,0.830978
ແພຄົນເດີມ,0,0,1,0.785113
ແອັບນີ້ໃຊ້ໄດ້ດີຂະຫນາດຊື້ງ່າຍຈ່າຍໄວໃຜທີ່ດາວໂຫລດໃຫນ່ແນະນໍາໃຫ້ພີມລະຫັດຜູ້ແນະນໍານີ້38490815ໃສ່ແນ່ເດີແລ້ວຈະເຮັງ,1,1,1,0.794474
ງ່າຍທີສຸດກວ່າແອັບອື່ນ,1,1,1,0.606008
ຢາກໃຫ້ຍອດໄລ້ແລະຜູ້ຕິດຕາມຫລາຍ,1,1,1,0.867892
ດີແລະໄດ້ເປີເຊັນໂອເຄເລີຍ,1,1,1,0.784461
ສຍສີຕຮ,1,1,1,0.761955
ເປັນຫຍັງເຂົ້າບາດໄດຄຶວ່າເດັ້ງອອກຕະລອດໂອຍຈັ່ງແມ່ນໄຈຮ້າຍເດ້ບຶດເຂົ້າໄດ້ບຶດເຂົ້າບໍ່ໄດ້ລໍາຄ້ານເດ້ຕ້ອງການໂອນເງີນກະບໍ່ໄດ້,0,0,0,0.952067
ດີຫລາຍສະດວກສະບາຍຖືກປັບໂອນກັບມື້ເລີຍ,1,1,1,0.835394
ມາຈາກ,1,1,1,0.803769
ທໍາງານດີມາກໆເລີຍ,1,1,1,0.850745
ຄືຍາກຕາຍນີເຂົ້າລະບົບບໍໄດ້ລະຫັດຖືກຫມົດພໍຕັ້ງລະຫັດໃຫມ່ກະຫັກເງີນຕັດແລ້ວຍັງເຂົ້າບໍ່ໄດ້ອີກບໍຈັກໃຫ້ຕີຕາອ້າປາກເສຍທັງເງີນເສຍທັງຄວາມຮູ້ສືກ ທນຄ ເຫັນແກ່ໄດ້,0,0,0,0.928574
ປອດໄພ,1,1,1,0.820394
ກະຈອກໂພດຕັ້ງແອັບນ່ະ.ລະຫັດບໍ່ສົ່ງມາ,0,0,0,0.864358
ເຂົ້າໃຊ້ງານຍາກຫລາຍຊ້ວງນີ້ ແອັບປິດຕະຫລອດ 5 05 2020,0,0,0,0.871583
ມັນເຍີ່ຍມສຸດ ແຊທງ່າຍຄຸຍງ່າຍ,1,1,1,0.808738
ຊື່ແສງໄຊ,1,1,1,0.768061
ຂ້ອຍມັກຫຼາຍແອັບໂມຈ໋ານີ້,1,1,1,0.816728
ເຂົ້າບໍມັກໄດ້,0,0,1,0.531658
ແອັປນີ້ໃຊ້ດີຫຼາຍ,1,1,1,0.921661
ເຂົ້າລົງທະບຽນເບີບໍ່ໃດ້,0,0,0,0.877984
ບຸນຊ້າຍໂຫດ ເດັກລາວ,1,1,1,0.54844
ຂ້ອຍໂຫຼດມາກະໄຫ້ອັບເດດເລີຍຄັນບໍ່ອັບເດດກະເຮັດຫຍັງກະບໍ່ໄດ້,0,0,0,0.952956
ຫຼິ້ນມ່ວນດີຮັກເລີຍ,1,1,1,0.849937
ມີປະໂຫຍດຫຼາຍ. ຕໍ່ໄປເພີ່ມເກມທີ່ວັດຄວາມຮູ້ທາງສຶກສາແດ່.,1,1,1,0.812946
ແອັບຊ່າສຸດ,0,0,1,0.634056
ໂພສບໍ່ຂື້ນຝິດ,0,0,0,0.604445
ພຮຮຮ່,1,1,1,0.759982
ມັກເລື່ອງກັບພຮະ,1,1,1,0.786126
ຍາກຫລີ້ນໃຫມ່,1,1,0,0.564155
ສຸດຍອດຈະ,1,1,1,0.89696
ມີຄົບ ໃຊ້ງານສະດວກດີ,1,1,1,0.882844
ເບີ່ງຫນັງດີໆກະວ່າຢຸດ ເນັດຊ້າຫລາຍ ເປັນທຸກເທຶ່ອ,0,0,0,0.679594
ດີ ມາກໆ,1,1,1,0.799333
ຄູຄຄບຂ,1,1,1,0.759982
ໃຫ້ລົງທະບຽນ ບາດລົງໃນແອັບລົງທໍ່ໃດ໋ກະເດັ້ງອອກ,0,0,0,0.803198
ດີ ທີສູດ,1,1,1,0.820738
ງົງບາງເລື່ອງ,1,1,1,0.774796
ດີລາຍແອບນິ້,1,1,1,0.802521
ບາງຄັ້ງຍັງສັບສົນ,1,1,1,0.591192
ຮູ້ສຶກສະບາຍເມື່ອມີu money,1,1,1,0.894379
ດີຄັຮບ,1,1,1,0.76742
ສັດເອີຍແມັງບໍ່ໃຫ້ໄດ້ເນັດສ້າງມາເພື່ອ,0,0,0,0.630342
ລະບົບແຈ້ງເຕືອນບໍ່ທໍາງານ,0,0,0,0.829733
ຢາກໃຫ້ເພີ່ມວີທີການຈ່າຍເງິນ,1,1,1,0.832629
ເດັກລາວນອນ,1,1,1,0.779119
ຄວາມສະດວກ,1,1,1,0.881507
ທ ອ o,1,1,1,0.759982
ໂຄດກາກເລີຍ .,0,0,0,0.783544
ເຈລີລີ.,1,1,1,0.796541
ໂດຍມີການປ່ຽນແປງ,1,1,1,0.68372
ອັບເດດທຸກທິດຈັກອັບຫາພະແສງອີ່ຫຍັງ,0,0,0,0.759361
ຕັ່ງຍາກສຸດບ່າດຕັ່ງແລ້ວລົບແລ້ວຫລີ້ນບໍໄດ້ໄຫ້ຕັ່ງໄຫມ່,0,0,0,0.692986
ໃຫ້ໂຫລດໄດ້ແດ່,1,1,1,0.632026
ຊ້າໂພດ ລ໋ອກອີນໂຄດຍາກເລີຍ ແກ້ໄຂໃຫມ່ເດີ,0,0,0,0.884826
ດີສຸດ,1,1,1,0.877475
ກາກຫລາຍຖ້າເປັນຊົ່ວໂມງກະບໍ່ໄດ້ຮັບເນັດຈັກເທື່ອ ດີແຕ່ຕ້ອນທໍາອິດ ສຸມື້ນີ້ບໍ່ໄດ້ຮັບເນັດຄືແຕ່ເກົ່າແລ້ວ ຢ່າດາວໂຫລດມາສຽຍດາຕ້າພີ່ນ້ອງເອີຍ,0,0,0,0.923117
ພະນັກງານຕອບແຊັດຊ້າແຮງຫຼືບໍ່ຕອບເລຍກໍມີ,0,0,0,0.815649
ຕິດຕັ່ງກະຍາກ ມີບັນຊີເກົ່າແລ້ວແຕ່ບໍ່ໄດ້,0,0,0,0.891503
ຮັກອີກຜົວຄົນດຽວບໍ່ມີໃຜຈະຮັກຄືຮັກອີກຜົວແລ້ວ ຮັກ1 ຮັກ2 ຮັກ3 ຮັກ4 ຮັກ5 ຮັກ6 ຮັກ7 ຮັກ8 ຮັກ9 ຮັກ10 ຮັກ11 ຮັກ12 ຮັກ13 ຮັກ14 ຮັກ15 ຮັກ16 ຮັກ17 ຮັກ18 ຮັກ19 ຮັກ20 ຮັກ21 ຮັກ22 ຮັກ23 ຮັກ24 ຮັກ25 ຮັກ26 ຮັກ27 ຮັກ28 ຮັກ29 ຮັກ30 ຮັກ31 ຮັກ32 ຮັກ33 ຮັກ34 ຮັກ35 ຮັກ36 ຮັກ37 ຮັກ38 ຮັກ39 ຮັກ40 ຮັກ41 ຮັກ42 ຮັກ43 ຮັກ44 ຮັກ45 ຮັກ46 ຮັກ47 ຮັກ48 ຮັກ49 ຮັກ50 ຮັກ51 ຮັກ52 ຮັກ53 ຮັກ54 ຮັກ55 ຮັກ56 ຮັກ57 ຮັກ58 ຮັກ59 ຮັກ60 ຮັກ61 ຮັກ62 ຮັກ63 ຮັກ64 ຮັກ65 ຮັກ66 ຮັກ67 ຮັກ68 ຮັກ69 ຮັກ70 ຮັກ71 ຮັກ72 ຮັກ73 ຮັກ74 ຮັກ75 ຮັກອີກຜົວເດີ້,1,1,1,0.714044
ລະຫັດຖືກແລ້ວຍັງວ່າບໍ່ຖືກເນາະ,0,0,0,0.68484
ປັບປຸງດ່ວນຂັ້ນຕອນການກວດສອບຄວາມຖືກຕ້ອງໃຊ້ເວລາດົນໂພດ,0,0,0,0.844555
ພ່ໃຈ,1,1,1,0.804417
ຂໍຂອບໃຈທຸກທ່ານທີ່ສະຫນັບສະຫນູນທຸລະກີດພ້ອມທັງວັດທຸເງີນຄໍາອັນແສນລໍາຄ່າຂໍໃຫ້ສຸກະພາບແຂງແຮງທຸກຄົນ,1,1,1,0.85913
ສານ ເປັນ ກະຊວງ ສັດ ຫລວງ,1,1,1,0.740968
ຂ້ອຍເປັນຄົນຫນຶ່ງທີສ່າຢາກໂຫລດແຕ່ໂຫລດບໍ່ໄດ້ພື້ນທີ່ກະບໍ່ໄດ້ເຕັມອີກຄືບໍ່ມີວິທີເຮັດແລ້ວປັບປຸງແນ່ເດີ. ອາລົມເສຍ,0,0,0,0.903923
ລົງທະບຽນໂຄດຍາກ ຢູ່ກັບແອັບນີ້3ຊມ ລົງທະບຽນບໍ່ໄດ້ເລີຍ,0,0,0,0.928686
ດີດດດ,1,1,1,0.811126
ລ້າຊາ,1,1,1,0.674652
ກິດຈະກໍາມີໄວ້ເພື່ອຫຍັງ ເສຍເງິນໄປແລ້ວບໍ່ແຈກ,0,0,0,0.720926
ບໍ່ເຄີຍມີປະສົບການ,1,1,1,0.879929
ຖືກສຸດ,1,1,1,0.674387
ບໍ່ເຄືຍຖືກເລກ ແຕ່ຊື່ທຸກງວດ,0,0,1,0.518504
ແອັບໃຫມ່ເຂົ້າບໍ່ໄດ້ເລີຍ ໃຫ້ລ໊ອກອິນດ້ວຍວັນເດືອນປີເກີດ ໃສ່ຈັງໃດກະບໍ່ຖືກ ເອັດແຕ່ແນວຍາກລູກຄ້າ ຄືບໍ່ໃຫ້ຢືນຢັນດ້ວຍເບີໂທທີ່ເຊື່ອກັບແອັບແລ້ວສົ່ງລະຫັດotpເຂົ້າເບີເລີຍບໍ ແນວມັນງ່າຍຄົນອື່ນ ເອັດແຕ່ແນວຍາກໆ,0,0,0,0.965421
ເວລາເຮົາເຕີມເງນປະໄວ້ກໍ່ຫຍັງດິຮັກສາໄວ້.ຫ້ເຮົາດິຊົມເຊີຍ,1,1,1,0.777979
ສະບາຍດີເຈົ້າຂ້ອຍຫາກໍ່ຮຽນຕິດຕັ້ງລອງເບິ່ງເຈົ້າ,1,1,1,0.860087
ແອບຂໍ້ຄວາມ,1,1,1,0.506861
ດນ່ພ່ດຍເຮ,1,1,1,0.758255
ດີແລ້ວແຕ່ຂໍໃຫ້ປັບລະບົບຍັງມີຜິດພາດບາງຄັ້ງຄາວ,1,1,0,0.570631
ປັບປຸງໄວ້ຂຶນສະດວກສະບາຍໃນການຫຼີ້ນແກມເຄຶ່ອຂາຍໄວ້,1,1,1,0.860923
ກໍາລັງ,1,1,1,0.873731
ນິຕາ,1,1,1,0.764088
ຢາກໃຫ້ເພີມຫວຍພັດທະນາໃສ່ແດ່ເວລາຊື້ເລກຈີ່ງສະດວກ,1,1,1,0.734387
ບໍມັກຢູໆກໍຂືນເປັນພາສາໂດຍບໍຮູ້ສາເຫດຢາກໄຫ້ກັບມາເປັນປົກກະຕຶເປັນນັງເຟດບຸກຕິງກີດກັນເບີໂທທັງທີຂ້ອຍກະເຕີມເນັດປັບປຸງແດ່ຫວ່ຍເກີນ,0,0,0,0.607879
ຊີວິດທີ່ສະບາຍຊອບ,1,1,1,0.919204
ຂົນສົ່ງຊ້າ ເສຍດາຍຮ້ານຄ້າບາງຮ້ານ ຮັບສົ່ງພຽງແຕ່ຮຸ່ງອະລຸນ ຖ້າມີທາງເລືອກຂໍບໍ່ເລືອກຂົນສົ່ງນີ້,0,0,0,0.63327
ຄວນປັບປຸງແດ່ເຂົ້າໄປບໍ່ສົ່ງລະຫັດມາໃຫ້,0,0,0,0.949388
ເຕີມເງິນໂທລະສັບແລ້ວບໍ່ໄດ້ຄະແນນຄືເມື່ອກ່ອນ,0,0,0,0.810161
ມັນໂຫລ້ດຖຶງຈະໄດ້,1,1,1,0.679738
ສະຕໍລຣີບໍ່ມີເພງໄທ,0,0,0,0.645398
ເປີດຟັງຄິບຍາມໃດຟັງບໍ່ໃດ້ຫນ້າຈໍດັບເປັນນໍາຫຍັງມີວີທີບໍ່,0,0,0,0.713227
ໄວນາສູນ,1,1,1,0.74008
ດີມາດຄ່ະ,1,1,1,0.835902
ທຸກໆຄົນມັນເຟັດບຸກ,1,1,1,0.783643
ມຸນວົງລໍ້ບໍ່ໄດ້ເງີນເນັດສ້າງມາເພືອເງີນເນັດກາບໍ່ໄດ້,0,0,0,0.882227
ໂອເຄເລີຍ,1,1,1,0.778847
ສະດວກໃນການທໍາງານ,1,1,1,0.82809
ສະດວກສະບາຍ ບໍລິການດີ,1,1,1,0.952141
ດີຈີງຫຼື,1,1,1,0.791906
ຄິດຮອດອ້າຍຢູ່ເດີ,1,1,1,0.763651
ຢາກໄດ້ລາວແອັບແບບເກົ່າຕອນນີ້ຫລິ້ນຫຍັງບໍໄດ້ເລີຍ,0,0,0,0.75653
ເປັນຫຍັງຄືດາວໂຫລດບໍ່ໄດ້,0,0,0,0.91427
ຂິງດົງຫມາກຄາຍ,1,1,1,0.767008
ຂ້ອຍຮູ້ຈັກວອດແອັບມາ10ປີ.ວອດແອັບເປັນອີກແອັບຫນື່ງທີ່ໃຊ້ດີ,1,1,1,0.733416
ເປັນແອບທີສຸດຍອດ,1,1,1,0.82401
ດີຫຼາຍທີ່ໄດ້ນໍາໃຊ້ວອດແອ້ບ ວ່ອງໄວທັນໃຈ,1,1,1,0.939534
ເອີ້ນລົດຍາກແຮງບາງທີກົດເອີ້ນເປັນຊົ່ວໂມງກະຍັງບໍ່ໄດ້ຕ້ອງໄດ້ຍ່າງໄປເອງ,0,0,0,0.903657
ດີລາວແທ້ໃຜຈະໄຊ້ແອບນີ້ດີຂໍຄວາມງິນດີ,1,1,1,0.848985
ການນໍາໃຊ້ມີປະໂຫຍດ,1,1,1,0.83194
ອັປເດດບໍ່ໄດ້ມັນເປັນຫຍັງເດ,0,0,0,0.879671
ມີຄວາມເປັນສວ່ນຕົວດີ.,1,1,1,0.798257
ຕື່ມຂໍ້ມູນຕາມການແນະນໍາທຸກຊັ້ນຕອນ ແຕ່ຂໍ້ຄວາມຕອບມາວ່າການລົງທະບຽນບໍ່ສໍາເລັດ ເບີ030 ອີທີແອລ,0,0,0,0.555111
ແອບໃຊ້ການບໍ່ໄດ້ ເດັ້ງອອກຊື່ໆເຮັດຫຍັງບໍ່ໄດ້,0,0,0,0.968482
"ລູກຄ້າຄິດວ່າຕິດຕັ້ງແອັບນີ້ແລ້ວໄດ້ໂບນັດ 10,000 ແຕ່ມັນກະບໍມີພົນປະໂຫຍດຫຍັງໂຫລດໄປເທົ່ານັ້ນ",0,0,0,0.714716
ເຈັບ,1,1,1,0.8189
ສະຫມຸກດີ,1,1,1,0.741591
ພຸດ,1,1,1,0.798679
ອານຸລັກມືແລງເດີ,1,1,1,0.787883
ຫັງໂປຍີປຸນ,1,1,1,0.790569
ກາກເກີນ ໃສ່ລະຫັດຕາມສູນສົ່ງມາ ບາດວ່າລະຫັດບໍ່ຖືກຕ້ອງ ເຮ້ຍມັນ,0,0,0,0.856147
ນ້ອງອອນ,1,1,1,0.75694
ປີງໄຊໄຊລຶ,1,1,1,0.790207
ເຂົ້າແອັບດ່ຽວຈົບເລີຍ ມີທຸກຢ່າງຄັກໆ,1,1,1,0.689356
ກູເຟດຂືນ,1,1,1,0.81048
ໃຊ້ຄັກທັນສະໄຫມວ່ອງໄວ,1,1,1,0.872553
ແອບຂີ້ຖີ່,0,0,0,0.720346
ຊອບ ຈັນສຸກຂະພາບແຂງແຮງຂຶ້ນ,1,1,1,0.791293
ຊັງອາຫານນໍາ,1,1,1,0.698834
ດີຫມາກທີໃຫ້ເຮົາໃກ້ກັນ,1,1,1,0.868616
ຈັນທີ ຄົນຈິງໃຈ,1,1,1,0.843475
ເອາໄປເລີຍ10,1,1,1,0.823097
ຊອບໄລສດ,1,1,1,0.807772
ເນັດກະປົກກະຕິແຕ່ບອກວ່າເນັດມີປັນຫາ,0,0,0,0.779705
ທົດລອງໃຊ້,1,1,1,0.832929
ໂອເຄ່ເລີຍແລະດີ,1,1,1,0.783776
ໄຊ້ດີ ສະດ່ວກ.ສະບາຍ.ຄົນໃດທີ່ສະຫມັກແພັກເກັດບໍ່ເປັນ ແນະນໍາແອັບຯນີ້ເລີຍ,1,1,1,0.592343
ດີໃຊ້ງາຍສະດວກສະບາຍ,1,1,1,0.947016
ດີຫຼາຍແອບນີ້. ສໍາລັດຄົນທຸກ ຂອບໃຈຫຼາຍໆ.,1,1,1,0.913045
ແອປດີລາຍແຕ່ມັນໃຫ້ເງິນເນັດເກິນ,1,1,1,0.632536
ປອດໄຝ,1,1,1,0.833977
ແອັບໃຊ້ງານຍາກຫລາຍ ເຂົ້າເມນູແຕ່ລະຢ່າງໃຊ້ເວລາໂຫລດຊ້າເກີນ ຕົວເລືອກແພັກເກັດຕ່າງໆ ມີໃຫ້ເລືອກຫນ້ອຍ,0,0,0,0.854337
ແອັບຫ່ວຍເຕີມເງີນທ່ານແອັບແຕ່ກັບບໍ່ໄດ້ຂະແນນ,0,0,0,0.7421
ຈັກຊິໄຫ້ຢືນຢັນໂຕຕົນອີ່ຫຍັງຫລາຍເທື່ອແທ້.ຄັນເຮັດງ່າຍ ມີຄິບອະທິບາຍໄຫ້ເຂົ້າໃຈຍັງພໍໃຄ ອັນນີ້ອີ່ຫຍັງກະບໍ່ແຈ້ງການຫຍັງ ບໍ່ພັດທະນາຫຍັງຈັກເທື່ອ,0,0,0,0.810879
ຄໍາສູດ,1,1,1,0.84407
ເຂົ້າແອັບບໍ່ໄດ້ເລີຍ,0,0,0,0.975217
ລາວແອບໃຊ້ງານໄດ້ສະດວກບ່ອກໃດ້ສອງຄໍາເລີຍວ່າ ມັກເລີຍ,1,1,1,0.780568
ຕີຮນານ ນຶອອກ,1,1,1,0.656025
ມັກຫລາຍຊ່ວຍປະຫຍັດຄ່າໃຊ້ຈ່າຍພາຍໃນຄອບຄົວ,1,1,1,0.820171
ດີພໍໃຊ້ໄດ້ໃຫ້4ດາວ,1,1,1,0.865935
ບໍ່ເຄີຍນໍາໄຊ້ຈັກເທືອແຕ່ກໍ່ລອງໄຊ້ໄປກ່ອນ,1,1,1,0.517988
ຂໍເຂົ້າ,1,1,0,0.669096
ດີມາກລືິນໄດ້ຫລາຍຢ່າງ,1,1,1,0.870313
ຍິນດີນ້ໍາ,1,1,1,0.792846
.ດີຄັກອີ່ຫລີ. ພັດນະນາຕໍ່ໄປເດີເປັນກໍາລັງໃຈໃຫ້,1,1,1,0.849508
ໃຊ້ງານງ່າຍສະບາຍ,1,1,1,0.920645
ຫ່ວຍແຕກກູສົ່ງວີດີໂອບໍໄດ້,0,0,0,0.92855
ແກ້ໄຂລະບົບແດ່ເດີຊິໂອນເງີນຍາມໃດຂັດຂອງຕະຫລອດສະເພາະໂອນຫາການຄ້າກັບກ້າຄ້າໂອນເຂົ້າມາກະຂັດຂອງຄືກັນ,0,0,0,0.90384
ດີດີດດ,1,1,1,0.838349
ມີສາລະ ແລະໃຊ້ໂຢດໄດ້ຢ່າງ,1,1,1,0.794655
ຄສຈາ,1,1,1,0.759982
ແອັປອັນນີ້ດີຫຼາຍ,1,1,1,0.900398
ເດັ້ງອອກຢຸດການທໍາງານ,0,0,0,0.641184
ພຄທີມີ,1,1,1,0.835207
ດີມາກເລີຍຄັບ,1,1,1,0.843853
ການແຈ້າເຕືອນບໍ່ເດັ້ງຂື້ນສາຍເຂົ້າກະບໍ່ເຕືອນມີແຕ່ສັ້ນ,0,0,0,0.855864
ຄືທີ່ສຸດ,1,1,1,0.782609
ຂໍໃຫ້ໄດ້ນະ,1,1,1,0.865031
ຄໍາປ່ຽນ,1,1,1,0.67859
ໃກ້ຮັບການເຊື່ອຖືໃກ້,1,1,1,0.71646
ຍ້ຽມເລີຍ,1,1,1,0.771445
ຈັກແມ່ນຫຍັງຢາກໃຫ້ລົງທະບຽນແຕ່ວ່າແອັບມັກມີແຕ່ບັນຫາຢູ່ຕະຫລອດໃສເບີບ່າງເທື່ອກະເດັ້ງໃສລະຫັດກະບັກດົນຖ້າຢຸ່ກະຍັງບໍ່ຫລ໋ອກອີນເຂົ້າໃຫ້ປັບປຸງໃຫ້ແນ່,0,0,0,0.964402
ດີຫຼາຍແອັບມີຄວາມສະດວກສະບາຍວອງໄວໃຊ້ງານງ່າຍ,1,1,1,0.939964
ດີ ດີໆ,1,1,1,0.830317
ດີເທ,1,1,1,0.803804
ມັກຍ້ອນມີອາຫານລາກຫລາຍ,1,1,1,0.64705
ແອບກາກບໍ່ໄດ້ດາຕ້າເລຍແລ້ວຍັງຕັດເອົາຍອດເງິນອີກ,0,0,0,0.855753
ແນະນໍາລວຍໄປນໍາກັນ91507413,1,1,1,0.828667
ເຂົ້າແອັບບໍໄດ້ເລີຍແກ້ໄຂແນ່,0,0,0,0.941945
ດີດີບໍ່ມີຍັງດີເທົ່ານີ້ລະ,1,1,1,0.557601
ບານດີເຈົ້າຖິ້ມ,1,1,1,0.779382
ເຮັດຍັງຄື່ບໍຖື,1,1,0,0.593101
ບ່ລິການນີ້ແມ່ນດີຫລາຍ,1,1,1,0.86168
ແບບງ່າຍໆ,1,1,1,0.801411
ບໍລິການດີຫຼາຍ,1,1,1,0.946358
ດີດີໃຊ້ໄດ້ທຸກວັນ,1,1,1,0.894781
ທ້າວ ດີ,1,1,1,0.834149
ສຸດຍອດເລີຍແອບນີນະ,1,1,1,0.844814
ຄວນປັບປຸງໄຫ້ສະແກນ ໄບຫນ້າຫຼືນີ້ວມື່ໄຫ້ໄດ້ແດ່ ອີກຢາງເປັນຍັງຄືບໍຂື້ນຊືເຈົ້າຂອງເບີໃນແອບ ລະຊິກັກໄວ້ເພືອຍັງ,0,0,0,0.630731
ໃຊ້ດີຫລາຍເຈົ້າ,1,1,1,0.950686
ໃຊ້ດີຕັ້ງແຕ່ໂຫລດແອັບນີ້ມາໃຊ້ຊີວິດສະດວກຂຶ້ນຫລາຍ.ຂໍຂອບໃຈແອັບນີ້,1,1,1,0.836763
ເປັນຫຍັງຄືໃສບໍ່ໃດ້,0,0,0,0.877316
ແມ່ນຫຍັງຫວະຢູ່ດີໆກະເຂົ້າບໍ່ໃດ້ທັງໆໂອນເງິນເຂົ້າເງິນອອກຄະຫຼອດ ເຮັດສະແກນລາຍມືເອົາຄິດວ່າສະດວກລະໃດເອົາໄປເອົາມາຢຸ່ດີໆກະວ່າລາຍມືບໍ່ໃດ້ລົງທະບຽບປັບປຸ້ງແນ່,0,0,0,0.925996
ອັບເດດທຸກເວີຊັ່ນເຈົ້າກະບໍ່ແຊັດມາຄືເກົ່າ,0,0,0,0.887416
ຕຶຢະ,1,1,1,0.759982
ເຕີມເງິນເຮັດແນວໃດໄຜຮູ້ບອກແດ່,0,0,0,0.592732
ໃຊ້ສະດວກດີຫລາຍ,1,1,1,0.964495
ໂອເຄ.,1,1,1,0.812644
ເຂົ້າລະບົບແອັບບໍ່ໄດ້,0,0,0,0.964193
ແອບນີ້ບໍ່ໄດ້ເລື້ອງ ສາວບໍ່ຕອບແຊັດ ໃຫ້1ດາວເດີ້ ໄປປັບປຸງມາໃຫມ່ເດີ້,0,0,0,0.943416
ແອັບນີ້ໃຊ້ງານດີສຸດເພື່ອນໆໃຜດາວໂຫລດແນະນໍາໃຫ້ໃຊ້ລະຫັດນີ້ເລີຍເດີ້ເຈົ້າ 22409354,1,1,1,0.722612
ໃຊ້ດີ ແຕ່ບາງທີກະເຂົ້າບໍ່ໄດ້ທັ້ງທີ່ສັນຍານເນັດແຮງ,1,1,1,0.519877
ຂ້ອຍມັກເຟດນີ້,1,1,1,0.876086
ບໍລິການສຸດຍອດ,1,1,1,0.867961
ເອໂຄ,1,1,1,0.753423
ດີຫລາຍສະດວກສະບາຍ ຢາກໃຫ້ແກ່ມີເວລາເງິນເຂົ້າເງິນອອກລະມີຂໍ້ຄວາມສົ່ງບອກທຸກເທື່ຊິດີຕື່ມອີກ,1,1,1,0.704877
ຖ່ານຮູບແລ້ວເຕືອນວ່າເບີຂອງທ່ານຢູ່ໃນການລໍຖ້າກວດຊອບຄວາມຖືກຕ້ອງ ແລ້ວຖ້າຄວາມດົນ ແອບຫົວໂຄຍ,0,0,0,0.736993
facebookຖື່ກປິດກັ້ນຕະຫລອດເວລາ,0,0,0,0.662464
ເວລາເງີນເຂົ້າບໍ່ແຈ້ງເຕືອນ,0,0,0,0.748398
ໃຊ້ດີ ງ່າຍ ເປັນສ່ວນຕົວ,1,1,1,0.907938
ສະບາຍດີ ທະນາຄານນີ ດີມາກມາກມາກ ດີ ຫລາຍ,1,1,1,0.824499
ເອົາຄະແນນໄປແລກເນັດບໍ່ໄດ້,0,0,0,0.736234
ທັງມົດໄຟຣ,1,1,1,0.704764
ຄັກດີ,1,1,1,0.798784
ດີທີ່ສຸດເລີຍ ເທົ່າທີ່ເຄີຍໃຊ້ມາ,1,1,1,0.858464
ເຂົ້າໃຊ້ແອບບໍໄດ້ລະກະຊ້າ,0,0,0,0.87213
ມັກຫຼາຍດີໆ,1,1,1,0.889981
ອັບຂໍ້ມູນເປັນຊົ່ງໂມງກະບໍ່ແລ້ວຈັກເທື່ອອັບຫມູນຢູ່ຫັ້ນລະ,0,0,0,0.693779
ດີດີສອບມາກ,1,1,1,0.85608
ສະດວກ ສະບາຍ ສຸດຍອດເລີຍ,1,1,1,0.945586
ດາວຖຫລດແລ້ວ,1,1,1,0.523061
ອັບເດດຕະຫຼອດ,0,0,0,0.887256
ດີມາກຫາແຟນໄຫ້ພອ້ມ,1,1,1,0.872913
ຄືໂຫລດຢາກແທ້,0,0,0,0.650614
ສະບາດີ,1,1,1,0.869709
ແກ້ໄຂ້ລະຫັດໃຫ້ແດ່,0,0,0,0.581389
ຂໍ້ມູນຕາ່ງ ກ່ງວກັບໂທລະສັບ,1,1,1,0.684531
ຫລັງຈາກອັບເດດແລ້ວໃຊ້ບໍ່ໄດ້ເລີຍເຂົ້າໄປລະອອກເອງຕະຫລອດ ລົບຖີ້ມລະໂຫດໃຫມ່ກະເປັນຄືດກົ່າ ຂີ້ຮ້າຍຫລາຍດຽວນີ້ໂຕລຸ້ນເກົ່າຍັງດີກວ່ານີ້ຮ້ອຍເທືອ ເປັນມາໄດ້5ເດືອນລະຍັງບໍ່ມີການປັບປຸງປານນີ້,0,0,0,0.961802
ອັດເດດມາຫນຸນກະບໍ່ໄດ້ຫຍັງໄດ້ແຕ່ເຊີນຫມູ່ມັນເປັນແນວໃດຢາກຮູ້ຫລືວ່າແອບບໍ່ຢາກໃຫ້ຫມຸນບໍນໍ,0,0,0,0.90198
ດີໆໂພດ,1,1,1,0.507306
ຢູ່ປະເທດລາວຄົນໃຊ້ຫຼາຍວອດແອບດີໆ,1,1,1,0.845785
ດີໃຈເດທີ່ມີຄວາມສະບາຍບໍໄດ້ອອກເດີນທາງແລ້ວ,1,1,1,0.665197
ບັນຊີເງີນເດືອຍ,1,1,1,0.635827
ແອັບໃຊ້ບໍ່ໄດ້,0,0,0,0.896728
ມືໄຫນ,1,1,1,0.799356
ມື້ລຸດ,1,1,0,0.507696
ເອີ້ນຍາກພໍ່ຍາກແມ່ມຶງແທ້ບໍລິສັດສົ້ນຕີນ,0,0,0,0.859721
ສັ່ນແລ້ວໂພສບໍ່ໄດ້ແກ່ໄຂ່ດວນ,0,0,0,0.749169
ສົນໃຈຫຼາຍ,1,1,1,0.839587
ຫກດົ,1,1,1,0.738303
vonexaດີໃຈແລະໄວ້ໃຈກັບມະນີລາວຕິດຕັ້ງງ່າຍໃຊ້ງ່າຍສໍາລັບຄົນລາວ,1,1,1,0.894319
ເນົາມັກ,1,1,1,0.817198
ບາຍ,1,1,1,0.881426
ໃຊ້ໂທລະລັບນີ້ມາຢາກມີແຕ່ຄວາມລະວັງເປັນສ່ວນຫລາຍແຕ່ບໍ່ຮູ້ສາເຫດຂອບໃຈບາງຄັ້ງຍາມເມື່ອສາດໄວ້ຍັງມີຄນມາຫລັກຫລີ້ນໂດຍຄວາມບໍ່ໂສພາກະມີຍອມຮັບຂອບ່ໃຈຄົນແລະສັດຂອງຂ້ອຍນະ,1,1,1,0.609581
ເຮົາໃຊ້ບໍ່ຊ່ໍານານປານໃດແຕ່ກໍ່ດີຫຼາບສໍາລັບສູນແຕ່ດຽ່ວນີ້ເມເຈີຖືກປິດ ຂໍກະລຸນາການຕອບແຊັດໃຫ້ສະດວກແດ່ຂໍຂອບໃຈ.,1,1,1,0.739878
ແອັບມັນໂກງຫມຸນວົງລຊ້ບໍ່ເຄີຍໄດ້ເນັດຫຼືເງິນຈັກເທື່ອມີແຕ່ຊວນຫມູ່ຫລິ້ນເກມ,0,0,0,0.823331
ສະດວກ ລຽບງາຍ,1,1,1,0.909097
ສາວ ມີ,1,1,1,0.741945
ເລັນດີມາກ,1,1,1,0.914225
ໃຊ້ດີ ຄົນນິຍົມຫລາຍ,1,1,1,0.882729
ລະດວກໃນການຊືເລກຕື້ມໂທລະສັບ,1,1,1,0.760247
ຄວນແອັບກາກພັດທະນາແດ່ເດີແອັບຄວຍມຶງເປັນແມ່ຫຍັງເຮັດແມ່ມຶງຫຍັງກະບໍ່ໄດ້ພໍ່ມຶງຕາຍພັກທະນາແອັບແດ່ມີປັນຍາແຕ່ສໍານີ້ຫວາ?,0,0,0,0.963022
ດີທີສຸດເລີຍ,1,1,1,0.85851
ຂໍສຽງຟັງພອນເພື່ອອອ້ຍຫມູ່,1,1,1,0.786726
ສະຖາ່ນະກໍາລັ່ງໃຊ້ງາ່ນ,1,1,1,0.820912
ທທຮຄີ,1,1,1,0.759982
ມຸກ ບ້ານໂຍກ,1,1,1,0.712402
ບໍ່ແມ່ນກູດູຖູກລາວເດີ້ ແຕ່ແອັບນີ້ມັນຄືສົ້ນຕີນນິ ບໍລິການຢືມສິບພັນໃຊ້12000 ບາດກູຢືມລະ ໂອນໃຫ້8000ກີບ ໃຫ້ຢືມລະຫັກດອກພ້ອມໂລດ ຂໍບອກຄົນລາວນໍາກັນວ່າຢ່າໃຊ້ບໍລິການເດັດຂາດຖ້າບໍ່ຢາກເປັນເຫຍື່ອ,0,0,0,0.768867
ຫມູນບໍ່ເຄີຍຖືກ ຫມູນຖືກກະແຊ່ບໍ່ໄດ້,0,0,0,0.840499
ກາກແຮງຂໍລະຫັດເປັນຊົວໂມງກະບໍ່ໄດ້,0,0,0,0.898513
ບໍ່ມີຫຍັງເລີຍ,1,1,0,0.864423
ອານ,1,1,1,0.804139
ໃຊ່ງາຍ,1,1,1,0.852119
ໃຊ້ດີມີປະໂຫຍດ,1,1,1,0.900693
ວີແຮບ,1,1,1,0.813513
ມັນບໍ່ເດັ້ງເຕືອນ,1,1,0,0.842171
ກົດດາວໃຫ້ແລ້ວເດີ້,1,1,1,0.678104
ອັບເດດລ່າສຸດ ລ໋ອກອິນເຂົ້າໄປລະແອັບເດັ້ງ ໃຊ້ງານບໍ່ໄດ້ເລີຍ,0,0,0,0.909052
ແມ່ຮັກລູກລູກຮັກແມ່,1,1,1,0.768236
ປະສົບການຄວາມຮູ້ຈັກດີຫຼາຍ,1,1,1,0.940704
ລະບົບນໍາໄຊ້ສະດວກວ່ອງໄວ ຖືກໄຈ,1,1,1,0.807313
ເປັນແອບທີ່ໂຄດກາກ ລະບົບໂຄດຊ້າ ກວ່າຈະໄດ້ຮັບ otp ກະເປັນມື້ .ກາກ,0,0,0,0.862158
ພານ ພານ,1,1,1,0.786031
ທ້າວບຸນລອດ ໄຊຍະບູລີ,1,1,1,0.80978
ພະດີ ນະດີ ດີຈັງ ທະນະ ກະໄດ້,1,1,1,0.79396
ໃຊ້ ບໍ່ດີເລີຍ,0,0,0,0.726375
ແຍ່ມາກບໍຖືກເລີຍລົບຖີມເສຍ,0,0,0,0.636795
ໂອນເງີນບໍ່ໄດ້,0,0,0,0.931655
ໃຫ້4ດາວ ເພາະຫມຸນສວ່ນຫຼາຍຖືກແຕ່ໂພດສະຖານະກັບຟັງເພລງ,1,1,1,0.585363
ຂໍ້ຂອບໃຈທີ່ແນະນໍາມາຕະຫລອດຈະນໍາເອົາປະສົບການນິ້ມານໍາໃສ່,1,1,1,0.852626
ສະດວກວອງໃວ,1,1,1,0.862178
.ສາທູນໍາເດີ,1,1,1,0.765592
ຍ້ອນມີເຟດຈີ່ງເຮັດໃຫ້ເຮົາໄດ້ພົບຫມູ່ທີ່ບໍ່ເຫັນກັນ 10 20 ປີ.ຂອບໃຈທີ່ເຈົ້າສ້າງມັນມາ,1,1,1,0.697889
ໄຊ້ດີມາກເລີຍ,1,1,1,0.911561
ເປີຍາກ. ຕອນນີ້ເປີດບໍ່ໄດ້,0,0,0,0.817025
ບ້ານນາກົກໂພ,1,1,1,0.764074
ໂລແຊະ ແລນີ,1,1,1,0.794522
ຄໍາເພັງລາວຈຸງ,1,1,1,0.81302
ໃຊ້ແລ້ວດີຫລາຍເຫມາະສົມສໍາຫລັບຄົນລາວທີຈະຫາລາຍໄດ້ເສີມແຕ່ຍັງມີຈຸດເສຍຄືຖ້າໂທລະສັບມີບັນຫາໂຫລດມາໃຫມ່ແລ້ວເຂົ້າບໍ່ໄດ້ຂ້ອຍຍັງຊອກວິທີແກ້ໄຂບໍ່ໄດ້ໃຜຮູ້ວິທີຊ່ວຍແນະນໍາໃຫ້ແດ່ ຂອບໃຈ,1,1,0,0.714573
ໂຖນາ,1,1,1,0.759982
ຫຫງອໄ ຝ ຝຝ,1,1,1,0.759982
ເຟດສະບູກນີ້ຮັກແຮງ,1,1,1,0.827104
ສະບາຍດີຈ້າເພື້ອນ.ຮັກທຸກ.ໆ.ຄົນ.,1,1,1,0.911066
ຄົນເຮົາເກີດມາບໍ່ມີໃຜຊີດີຫນົດທຸກຄົນ,1,1,1,0.576583
ນສໍລວນນຈນ,1,1,1,0.749782
ເຫງົາຖ,1,1,1,0.856433
ໄຊ້ດີແຮງ,1,1,1,0.946054
ໃສ່ເບີຖືກລະກະຍັງເຂົ້າບໍ່ໄກ້ ປັບປຸງໂດຍດ່ວນແນ່ເດີ້,0,0,0,0.889464
ຂີ້ຕົວະ,0,0,1,0.547014
ນ້ອງໄຟ,1,1,1,0.824653
ດີອີຫລີ,1,1,1,0.80733
ແມ່ບ້ານ,1,1,1,0.703849
ຂອບໃຈຫຼາຍໆສົ່ງເອກະສານງາຍຂື້ນ,1,1,1,0.834986
ສຸນີ ສູລິເດດ,1,1,1,0.693281
ເປັນຕາຍຍັງກະບໍຮູ້ເຂົ້າບໍໄດ້ ປ້ອນລະຫັດຖືກກະຍັງເດັ່ງອອກໃຫ້ປ້ອນລະຫັດໃຫມ່ ເຮັດເຊົ້າຈົນຄ່ໍາກະຍັງເຂົ້າບໍໄດ້ ແອັບຕາຍແດກ,0,0,0,0.958023
ໃຊ້ໄດ້ບໍ່,1,1,1,0.67686
ທ່ານວົງໄຊ.ຕງົ້ປໍວາ້,1,1,1,0.769529
ເປັນຍັງເວລາຫມູນໄດ້ບ່ອນຟັງເພງຜ່ານເຄືອງຈຶງປະຕິບັດບໍໄດ້,0,0,0,0.69691
ລັກຈາກອັບເດດລົງສະທານະກະບໍໄດ້ສົງຂໍຄວາມກະບໍໄດ້ສວຍແກແດ້,0,0,0,0.753949
ມີຫຼາຍຟັງຊັນການໃຊ້ງານ,1,1,1,0.823389
ປະສົບການນອ້ຍ.,1,1,1,0.948081
ແກ້ໄຂດ່ວນ ໃສ່ເບີບໍ່ຜ່ານ,0,0,0,0.810262
ໄຊ້ເພື່ອສື່ສານຂໍ້ມູນ,1,1,1,0.828033
ເບິ່ງຄືນແນ່ກົດຢືນຢັນແລ້ວບໍ່ໄດ້ລົງທະບຽນບໍ່ໄດ້ມັນເປັນນໍາເຄື່ອງຫລືເປັນນໍາຫຍັງບໍ່ເຂົ້າໃຈ,0,0,0,0.955473
ມັນໃຊ້ບໍ່ໄດ້ເຂົ້າສູ່ລະບົບລະບອກໃຫ້ໃສ່ລະຫັດຜ່ານລອ໋ກອິນເອົາມາແຕ່ໃສລະຫັດຜ່ານ ປ້ອນເບີເຂົ້າໄປຍັງບໍ່ໄດ້ປອນຂໍ້ມູນຫຍັງຊ້ໍາໃຫ້ປ້ອນລະຫັດຜ່ານລະ,0,0,0,0.909763
ທ້າວຄໍາຮັກ,1,1,1,0.8828
ທຸຈື,1,1,1,0.759982
ໂສາເດີ,1,1,1,0.708219
ເຊື່ອມຕໍ່ບໍ່ໄດ້ ກວດສອບອິນເຕີເນັດ ແອັບອື່ນກະໃຊ້ປົກກະຕິເດະ ແປ້ໄຂດ່ວນ,0,0,0,0.829957
ເຂົ້າລະຫັດໄປແລ້ວຍັງຖາມຫາອິກຄວາຍເອີ່ຍ ເສຍເວລາ,0,0,0,0.786919
ຍາກໃຫ້ມີບໍລິການເຊື່ອມບັດatmເຂົ້າກັບbcel one ທາງອອນລາຍໂດຍບໍ່ຕ້ອງເຂົ້າໄປລົງທະບຽນຢືນຍັນຢູ່ທະນາຄານ,1,1,0,0.530655
ມັກລາວແອັບນີ້ມາກ,1,1,1,0.778895
ຢາກເອົາເງິນເຂົ້າບັນຊີກະເອົາເຂົ້າຢາກຕ້ອງໄດ້ໃຫ້ເຂົາເອົາເຂົ້າໃຫ້ ຢາກເຊື່ອມກັບບັນຊີທະນາຄານກະບໍ່ໄດ້ອີກຈັກເປັນຄວຍຫຍັງ ແກ້ໄຂແນ່ເດີ,0,0,0,0.935741
ແອບຂີ້ຫມາມຶງເອີຍຫມຸນວົງລໍ້ກະບໍ່ໄດ້ຫຍັງຈັງແມ່ນໂງ່ແອບຂອງລາວ,0,0,0,0.897803
ແອັບບໍ່ດີ ບໍ່ມີຄົນແຊັດນໍາ,0,0,0,0.719207
ມ່ວນມັນສະນຸກທຸກທີ່ຊ່າໄວທັນໃຈເນັດຊ້າແລ້ວ,1,1,1,0.511269
ຊອມມາກ,1,1,1,0.811604
ຊິເຂົ້າລະຫັດພັດບໍ່ສົ່ງລະຫັດມາເຊີນແກ້ໄຂແນ່ເດີ,0,0,0,0.94738
ອະທິບາຍກໍ່ເຂົ້າຢາກ . .,1,1,1,0.507597
ສົ່ງລະຫັດມາໃຫ້ ໃສ່ເປັນຮ້ອຍຄັ້ງກະບໍ່ໄດ້ ຫົວຮວຍກູນີ້,0,0,0,0.899881
ສະດວກ ວ່ອງໄວແລະທັນສະໄຫມ,1,1,1,0.901306
ຍອດຍ້ຽມ,1,1,1,0.784069
ທ້າວຕົ້ນຄໍາ.20.10.2020facebook,1,1,1,0.8311
ຄ້າງ ສັກຊ້ມ,0,0,1,0.50726
ດີຢູ່ ແຕ່.ອາຍຸການນໍາໃຊ້ດາຕາທີ່ມູນໄດ້ມັນນ້ອຍໂພດຢ່າງນ້ອຍກະ2 3ມື້ສາ. ລະກະເມນູຕ່າງໆກະນ້ອຍໂພດ. ທີ່ໃຫ້5ດາວເພາະເປັນແອັບທີ່ຄົນລາວສາມາດໃຊ້ໄດ້. ຂອບໃຈ,1,1,1,0.713874
ຮັກແຮງ,1,1,1,0.821584
ເດັກຊ່າງຮັກຈິງ,1,1,1,0.837104
ມ່ວນຫຼາຍ,1,1,1,0.773836
ຢາກລີ້ນ,1,1,1,0.855149
ມີຄວາມປອດໄພສູງ,1,1,1,0.857212
ໃຊ້ໃດ້ດີວອງໃວເຈົ້າ,1,1,1,0.842659
ບັກຈ່ອຍ,1,1,1,0.730439
ທາງເລຶອກທີດີ ວ່ອງໄວ ທັນໃຈ ໃນການຊື້ສີນຄ້າໃນຍຸກໃຫ່ມ,1,1,1,0.86708
ໃຊ້ງ່າຍ ບໍ່ມີບັນຫາຫຍັງ ຂ້ອຍໃຊ້ແຕ່ສະໃຫມມໍ2 ຕອນນີ້ກະໄດ້15ປີລະເດະ,1,1,0,0.708563
unitelສັນຍານແຮງຊັດເຈນດີ,1,1,1,0.783095
ໂຄດພ່ໍໂຄດແມ່ໂຄສະນາຫ່າມັນນິເບິ່ງຄິບຕອນໃດຂື້ນແຕ່ໂຄສະນາອັນນິຖ້າກູຮູ້ສູນມັນຢຸ່ໃສ່ຊິໄປຈູດຖິ້ມແມ໋ງເລີຍຄໍາລານຫວະ,0,0,0,0.726598
ໂອນຂ້າມໄດ້ຫລາຍທະນາຄານ ຄັກສຸດ ຕອນນີ້ຍົກໃຫ້. ldb trust app,1,1,1,0.652084
ຂ້ອຍມີເງິ່ນຢູ່ນັ້ນເຂົ້າແອັບຄືນບໍ່ໄດ້,0,0,0,0.733061
ໄຊ້ງານງ່າຍ,1,1,1,0.880319
ສະດວບສະບາຍສຸດໆເລີຍ,1,1,1,0.858554
ຄູຈະປະສົບປະການໃນສິ່ງນີ້,1,1,1,0.847798
ໂຄດຫ່ວຍແຮງຟ້າວວຽກເຂົ້າແອບມີແຕ່ບອກວ່າສັນຍານບໍ່ດີເຊຶ່ອມຕໍ່ໃຫມ່,0,0,0,0.90606
ຄືແບບອິຫຍັງຄືຫລີ້ນບໍ່ໄດ້ກົດໂຕສະຕິກເກີ້ລະມັນກະແບບຫມຸນໆຢຸບາງເທື່ອບໍ່ໄດ້ກົດກະເປັນລະກະມັນກະຂຽນວ່າຂາດການເຊື່ອມຕໍ່ຄືແບບເປັນອິຫຍັງໄລຄໍາອໍ້ກະບໍ່ຈັກຈິວ່າເນີ້ສູນ,0,0,0,0.901403
ດີທີ່ມີແບບນິ,1,1,1,0.824576
ດີດີຈຮາ,1,1,1,0.852482
ໂຄດກາກແອບເກົ່າກະດີແລ້ວຫນາປ່ຽນຫາສິແຕກຫຍັງ,0,0,0,0.859085
ມັນດີຫຼາຍ,1,1,1,0.938685
ຮູບຖ່າຍບໍ່ຖືກຕອ້ງບໍ່ສາມາດລົງທະບຽນໄດ້ ດາວໂຫລດແອັບໃຫມ່ຂໍ້ມູນຜິດຄືເກົ່າ ບໍ່ສາມາດລົບຂໍ້ມູນເກົ່າຫລືແກ້ໄຂ້ໃຫ້ຖຶກຕອ້ງໄດ້ແອັບນີ້ບໍ່ເຖິ່ງລູກຄ້າທຸກຄົນເສຍເວລາ,0,0,0,0.942039
ເຕີມບັດບໍ່ໄດ້ຄະແນນແລ້ວປັບປຸງແດ່ແຕ່ກອນໄດ້ດງວນີ້ເຕີມບໍ່ໄດ້,0,0,0,0.925064
ເລືອກດຮ,1,1,1,0.77179
ແມ່ນດີ,1,1,1,0.776774
ຮຸ້ສືກພູມໃຈ,1,1,1,0.797762
ໃສສະດວກສະບາຍບໍ່ຍຸ່ງຍາກ,1,1,1,0.788988
ຄວາມສຸກຂອງຕົວເອງ. p,1,1,1,0.827099
ດາວໂຫລດຊ້າແຖມລົງສະຕໍລີກະບໍໄດ້ປ່ຽນປັບປຸ່ງໄຫມ່ແນ່,0,0,0,0.923587
ສຸດຍອດດີມາກ,1,1,1,0.937338
ຍອມເດີ້ແອັບໂຄດລ້າສະໄຫມກູວ່າເບີກູຕ້ອງຖືກຕັດລະແຫລະ,0,0,0,0.640967
ໂຄສະນາລາຍແຮງມັກແຮງແອັບນີ້ຢາກໃຫ້ເຂົ່າປະໂຄສະນານ້ອຍລົງໄປອີກ,0,0,1,0.562503
ເມສາ,1,1,1,0.806946
ພຽງແຕ່ໃຊ້ລະຫັດແນະນໍາ 53060724 ຈະໄດ້ຮັບເງິນພິເສດຈາກການຊື້ຫວຍແລະເຕີມບັດ30,1,1,1,0.652163
ເນັດຊ້າເກີນໄປ,0,0,0,0.890755
ສອບລິນຄະ,1,1,1,0.733912
ດີດິດີ,1,1,1,0.802224
ໃຊ້ດີແລ້ວແຕ່ໃນເຟສບຸກນີ້ບໍ່ມີການຕິດຕັ້ງຜູ້ຕິດຕາມຕອນນີ້ຢາກໃຫ້ມີຊ່ວຍບອກໃຫ້ເດ່,1,1,1,0.668415
ຊ້າແອັບບໍ່ຄວາມພັດທະນາ,0,0,0,0.752742
ບອກເລີຍວ່າຂາດບໍ່ໄດ້ແອັດນີ້,1,1,0,0.51001
ໃຊ້ງ່າຍແລະສະດວກ,1,1,1,0.923873
ໄມເພັດ ໄອເດຍ,1,1,1,0.808989
ເພດກົດຕິມຕາມໃດ,1,1,1,0.667542
ລືມລະຫັດຜ່ານ,1,1,1,0.70435
ບູນ,1,1,1,0.805081
ຢາກກີນຫຍັງ ກະສັ້ງຊື້ງ່າຍດີ,1,1,1,0.664492
ດີລາຍຟັງເພລງຫລືວີທີໂອໂດຍບໍ່ເສຍຄ່າລາຍ,1,1,1,0.779886
ບໍ່ອານຸມັດຈັກເທືອ,0,0,0,0.543045
ເອົາ4ດາວໄປກ່ອນ,1,1,0,0.575383
ດາວຫນຶ່ງຫລາຍແທ້,1,1,1,0.641275
ດີຫຼາຍຄັກສຸດ,1,1,1,0.908674
ຈາ ແຮະ ຫືຼ ສອນ ຢາກໃຫ້ ທຸກຄົນ ກົດ ໄລ ກົດ ແຊງ ດ້ວຍ ຄວາມ ຈິງ ໃຈ,1,1,1,0.823996
ໃຊ້ດີໆໆໆ,1,1,1,0.914512
ຍຍຍຂາຍມ,1,1,1,0.818001
ໃຊ່ດີໃຊ້ງາຍ,1,1,1,0.859855
ອົດທົນຄືຄົນເກັ່ງ,1,1,1,0.751339
ແກ້ມໃສ,1,1,1,0.68719
ສອບມາກ,1,1,1,0.800948
ມາກຊື້ເລກສຸດໆ,1,1,1,0.64224
ຂອງແທ້ໆຫວ໋າ,1,1,1,0.739816
ຂໍເປີດໃຊ້whatsapp,1,1,1,0.810647
ເຮີປໍ,1,1,1,0.786829
ຢາກໃຫ້ສົມດຸ່ນຫລີ້ນວອງໄວທັນໃຈ,1,1,1,0.903026
ທ້ທໃຮຝຝ່,1,1,1,0.753634
ຂໍໄດ້,1,1,0,0.539353
ສາວ ເຕ້ຍ,1,1,1,0.760076
ມ່ວງ,1,1,1,0.761414
ສວັດດີເປັນຄນົປະຊາຊົນໄປທໍາງານປະເທດໄທທໍາງານສວນຖົວເລຍທີ່ນັນບູລີ,1,1,1,0.773008
ແກ້ໄຂ່ແນ່ເດີເຂົ້າໄປແລ້ວຂ້າງຢູ່ຫນ້າລັກເລິຍ,0,0,0,0.635078
ພັດທະນາໃຫ້ສະດວກຂຶ້ນຕື່ມ ແອັບເຂົ້າບໍ່ໄດ້ເດັ້ງອອກຕະຫລອດ ລະຫັດຂໍ້ຄວາມກະສົ່ງມາບັກຫລາຍໆເທື່ອບໍ່ເຫັນເຂົ້າໄດ້ຈັກອັນ,0,0,0,0.930902
ມັນເດັ້ງ,0,0,0,0.522458
ຄວາມຝານຂໍໃຫ້ເປັນຈິງ,1,1,1,0.828528
ຫມັ່ນອັບເດດເລື້ອຍໆແລ້ວການໃຊ້ງານຈະດີຂື້ນ,1,1,1,0.694431
ຕັ່ງແຕ່ໄສ້ ໂທລະສັບມາກະພູ່ມໄຈຫລາຍແລະຄວາມສຸກກັບ facebook ມາຕະຫລອດ ຂໍ່ຂອບໄຈນໍາບໍລິສັດ ແລະໂຄ່ງການນີ້ທີ່ເຮັດໃຫ້ ຫລາຍລ້ານຄົນຖົ່ວໂລກໄດ້ມີໂອກາດຮງນຮູ້ ແລະໄດ້ປະໂຫຍດນໍາອີກຫລາຍອັນພັນຍ່າງ ທີ່ຕ້ອງກ່ານຍາກຮູ້ຍາກເຫັນໄດ້ເບີ່ງໄດ້ຟັ່ງ ທຸກໆເລື່ອງລາວຕ່າງໆ ສຸດທ້າຍຂໍ່ທຸກໆທ່ານທີ່ໃນ່ໂຄ່ງການ facebook ນີ້ຂໍ່ໃຫ້ມີແຕ່ຄວາມສຸກກາຍສະສະບາຍໄຈ ຕະຫລອດການ,1,1,1,0.66291
ດີສຸດຢອດ,1,1,1,0.874722
ເລືອງເງິນ,1,1,1,0.670702
ເຊື້ອຊາດື ໄຟຟ້າ,1,1,1,0.747153
ດີຫຼາຍໄດ້ຮູ້ຈັກຫຼາຍຄົນ,1,1,1,0.893806
ດີຄືກັນ ສະດວກ,1,1,1,0.844326
ໃຫ້ກໂຫລດໄດ້ແນ່,1,1,1,0.64822
ສະດວກວອງໄວທັນໃຈ,1,1,1,0.913104
ໃຊ້ງານໄດ້ດີຫລາຍໆ,1,1,1,0.952466
ອັບເດດໃຫມ່ໂຄດຫນ້າເບື່ອ ບໍ່ມີຮອດເກມມຸ່ນວົງລໍ້ ແຖມກິນເນັດອີກ ບອກຕົງໆເລີຍວ່າ ແອັບໂຄດກາກ ແກ້ໄຂໃຫ້ເປັນຄືເກົ່າດຽວນີ້ unitel ໃຫ້1ດາວ ຖ້າເປັນໄປໄດ້ຢາກໃຫ້0ດາວ ເພາະວ່າແອັບບໍ່ມີຄວາມຕື່ນຕາຕື່ນໃຈເລີຍ.,0,0,0,0.962242
ໃຊ້ງານສະດວກສະບາຍຂຶ້ນ,1,1,1,0.936296
ກດີນະ,1,1,1,0.834415
ຊອບຄະ,1,1,1,0.764674
ກະດີໃດ໋,1,1,1,0.823351
ຫມາບໍ່ແດກແອບສົ່ງລະຫັດມາແລ້ວແຕ່ເຂົ້າບໍ່ໄດ້ບອກກໍາລັງໂຫລດກູຖ້າເປັນສອງມື້ຍັງໂຫລດຢູ່ຄືເກົ່າ,0,0,0,0.91274
ເຂົ້າບໍ່ໄດ້ເຂົ້າແອບລະມັນເດັ້ງອອກ ແກ້ໄຂ້ແດ່,0,0,0,0.969502
ບບ່ດດ,1,1,1,0.759982
"ໃຊ້ງານສະດວກສະບາຍຍັງມີການໄດ້0,5 ສູງເຖິງ5 ທຸກຄັ້ງສໍາຫລັບການຊື້ທ່ານໃດໂຫລດມາແລ້ວລະຫັດແນາະນໍາແມ່ນ00687099",1,1,1,0.71518
ເຂົ້າແອບບໍ່ໄດ້ເຂົ້າດັງອອກເຂົາເດັງອອກ,0,0,0,0.958488
ມີປະໂຫຍດ.ປະຢັດເງິນງ່າຍສະດວກ.ດີທຸກຢ່າງ,1,1,1,0.891606
ສາຍນ້ໍາ,1,1,1,0.753835
ຢາກລົງທະບງນເຈົ້າເພາະວາ່ສືໂທລອສັບໄຫມມາບໍຮູ້ຫັຍງເລີຍເຈົ້າ,1,1,1,0.684469
ແອັບນີ້ຫວຍແຕກສຸດຕອນນີ້,0,0,0,0.77345
ຂອ້ຍຮັກເຂົາ,1,1,1,0.824857
ອັດເດດວັນທີ 31 10 2022 ກົດເຂົ້າແອັບບໍ່ໄດ້ເລີຍ ເດັ້ງອອກຕະຫຼອດ,0,0,0,0.93582
ສະດວກ ວ່ອງໄວ ປອດໄພ,1,1,1,0.927184
ດີໆ.ສະດວກປອດໄພໄປກັບsokxay plus ເລກເນະນໍາ22302400.,1,1,1,0.822711
ຂໍໃຫ້ປັບປຸງວິທີ່ການລົງທະບຽນແດ່ເດີ ເວລາຖ່າຍຮູບໃຫ້ຖືກວິທີ່ຕາມກໍານົດແມ່ນຍຸ້ງຍາກຫລາຍ ຖ່າຍແນວໃດກໍບໍ່ຜ່ານ ແລະເວລາເຂົ້າແອັບຯບາງເທື່ອມັນບໍ່ໄດ້ ຢູ່ດີໆກະເດັງອອກ ເອົາເບີໃສ່ກະອອກຕະຫລອດ ທໍາອິດກະຄິດວ່າເປັນນໍາໂທລະສັບຂ້ອຍແຕ່ບໍ່ແມ່ນ.ປ່ຽນໂທລະສັບລົງທະບຽນໄດ້3ຫນ່ວຍແລ້ວບໍ່ຜ່ານຈັກເທື່ອຍ້ອນເຂົ້າແອັບບໍ່ໄດ້ ຂໍໃຫ້ປັບປຸງແດ່ເດີ ຂອບໃຈ,0,0,0,0.980885
ຄືບໍ່ໄດ້ຄືເກົ່າ ແຍໆ,0,0,0,0.875947
ແອັບຫູຂີ້ລິນຍັງບໍໄຜດ້ລະບົບຂີ້ກາກ,0,0,0,0.937525
ຂະຫຍາຍສາຂາໃຫ້ມັນທົ່ວປະເທດແຂ່ງກັບອະນຸສິດ ຮຸ່ງອະລຸນເລີຍ,1,1,1,0.635654
ຂໍເປັນກໍາລັງໃຈໄຫ້ພວກທ່ານພັດທະນາແອັບ mocha ຂ້ອຍມັກຫລາຍຄະແນນໄຫ້ເຕັມ100,1,1,1,0.879885
ອອນລາຍ,1,1,1,0.8423
ມັກແອັບນີ້,1,1,1,0.768598
ປັບປຸງໃຫ້ດີກວ່ານີ້,1,1,0,0.621693
ມີຄວາມຫມາຍ,1,1,1,0.815923
ແອັບທີ່ໃຊ້ງ່າຍທັນສະໃຫມຕ້ອງແມ່ນ lvbdigibank,1,1,1,0.784403
ຮູ້ສຶກມັນເປັນສີ່ງທີ່ດີໆ,1,1,1,0.755994
ກາກ ຫມູນກະບໍໃດ້ ເອົາອອກສາ,0,0,0,0.78975
ດີເດັນຫລາຍຂໍຂອບໃຈ,1,1,1,0.878284
ລົງທະບຽນຍາກແຮງ,0,0,0,0.855965
ອັບເດດແລ້ວກະຊ່ວຍເຮັດໃຫ້ມັນດີແນ່ອັບມາມີແຕ່ປັນຫາກູລະອົກແອບນີ້ຍ້ອນ,0,0,0,0.721153
ຢາກຊ້າເດີ,1,1,1,0.582418
ຊ້າ. ຂໍ້ມູນຮ້ານບໍ່ມີ.,0,0,0,0.783433
ແອັບຫ່ວຍແຕກ ໂຫລດມາເຮັດຫຍັງກະບໍ່ໄດ້ ເຂົ້າຫຍັງກະບໍ່ໄດ້ ບໍ່ໄດ້ຂີ້ຫມາປາແດກເຮ້ຍຫຍັງຊ້ໍາ,0,0,0,0.993499
ຄີາສກ,1,1,1,0.759982
ແອັບນີມັນເປັນຍັງໃຊ້ເບີລົງທະບຽນພໍ່ກອບຂໍ່ມູນເອກກະສ້ານຈະສໍາເລັດມັນຄື່ມັກເດັງອອກເອງວະເຮັດເປັນ100ເທີ່ອເປັນຄື່ກັນມົດທຸກເທີ່ອບໍ່ຜານເດີແອັບນີ,0,0,0,0.814779
ມັນດີອີຫລີ,1,1,1,0.819205
ດີຫລາຍໄວ້ແທ້,1,1,1,0.918273
ແອັບສົ້ນຕີນລັອກອິນພໍ່ມຶງຕາຍ,0,0,0,0.903428
ເຂົາກອງສະແກນຈາຍສົດບໍ່ໄດ້ມັນມຶດ,0,0,0,0.722246
ສະດວກດີຫລາຍ,1,1,1,0.968084
ໄດ້ພໍສິ່ງໄຫມ່ໆມີເພື່ອນຫລາຍຂຶ້ນໂລກເຮົາສວນຕົວຂອງເຮົາກ້ວາງອອກ,1,1,1,0.823251
ງາຍ ສະດວກສະບາຍ ຖືກໃຈ,1,1,1,0.956407
ເບື່ອໂຕບັງຄັບປຽ່ນລະຫັດນີ້ແລະໃສລະຫັດເກົ່າເສືອກວ່າບໍ່ຖືກ,0,0,0,0.671448
ພີດາວ,1,1,1,0.719814
ຜູ້ດູແລ່ກຸ່ມບາ່ວໂສດຄົນຈິງໃຈ.ນອ້ຍຄົນຈີງໃຈ.,1,1,1,0.813097
ໂຄດຫ່ວຍແຕກສະຫມັກກະເດັ້ງອອກຄືນແຖມຍັງໄດ້ເສຍເງິນຄ່າສະແກນບັດກວດວັກຊີນອີກ20ພັນຜີບ້າເອີ້ຍ,0,0,0,0.88112
ໄຊດີຫລາຍ ສັນຍານກະແຮງ,1,1,1,0.856026
ສຽງແຊັດ,1,1,1,0.742787
ດິຈາ,1,1,1,0.783233
ສະມັກບໍ່ໄດ້ມັນລົງທະບຽນໃບຫນ້າບໍ່ໄດ້ແກ້ໃດດຸເປັນສິບເທື່ອລະກະຍັງບໍ່ໄດ້ຍຸແກ້ໃຫ້ແນ່,0,0,0,0.91879
ຂູປ,1,1,1,0.759982
ລົງທະບຽນບໍ່ໄດ້ເດີ້ແອັບມັນບໍ່ໃຫ້ລົງ,0,0,0,0.947731
ຫນ້າຮັກ,1,1,1,0.85339
໑ອໂສຂ,1,1,1,0.759982
ດີໃຈທີ່ໄດ້ນາໍາໃສ່ບໍລີການ tplus,1,1,1,0.808438
ຂໍເປີດwhatsapp,1,1,1,0.810906
ແຊັດໄວໄດ້ດັ່ງໃຈ,1,1,1,0.760567
ມີປະໂຫຍດຫລາຍ,1,1,1,0.794132
ແກ້ໄຂແນ່ເວລາທີ່ຫມຸນໄດ້ລະບໍ່ເຄີຍສົ່ງໃຫ້ປັບປຸງແນ່,0,0,0,0.897409
ນາງສຸກ,1,1,1,0.849371
ຂາວໃນ,1,1,1,0.727032
ຮຽນມານ້ອຍແລະດ້ອຍຄວາມຮູ້,1,1,1,0.834795
ຮຶຮຶ່ຮືຮ່,1,1,1,0.759982
ໂຄສະນາຕະຫລອດ ລໍາຄານ,0,0,0,0.77277
ແອບດີໆຂໍໃຫ້ພັດທະນາຕໍ່ໄປ,1,1,1,0.868709
ດີຫລາຍ very nice,1,1,1,0.922195
ດີໃຈລາຍ,1,1,1,0.86666
ມັກລະາຍໆໆ,1,1,1,0.697928
ຄັກຢູງ່າຍໆ ຢູ່ໃສກະໄດ້,1,1,1,0.843576
ຄຸນຍອດແຢ່ມ,1,1,1,0.797202
ມັກແອັບລາວຫລາຍໆມີໂປຣໂມຊັ້ນຕລອດ,1,1,1,0.654474
ປັນເທືອໄດກະບໍໄດ້ຂີ້ຖີເກີນ,0,0,0,0.851766
ໃຊ້ດີອີ່ຫຼີເຮົາຕັ້ງໃຫ້ອິນເຕີເນັດໃຊ້4m,1,1,1,0.755187
ໂຫຍໂສດໃດ,1,1,1,0.750849
ໃຊ້ຕໍ່ໄປ,1,1,1,0.799966
ທຸກຢາງດີ,1,1,1,0.797499
ພະດີມີໂຊ້ກເດີ,1,1,1,0.801557
ເປະຫລາຍ,1,1,1,0.76925
ໂອນຂ້າມທະນາຄານແລ້ວມາເບິ່ງໃນລາຍການເຄື່ອນໄຫວບັນຊີຄືບໍ່ເຫັນຊື່ບັນຊີປາຍທາງເລີຍວ່າງເປົ່າ ແກ້ໄຂແນ່ຫນ້າຈະດີ ການແຈ້ງເຕືອນກໍ່ບໍ່ມີ ຖ້າມີຫນ້າຈະດີ,0,0,0,0.844526
ຊວນເພື່ອນແລ້ວຄືບໍ່ເຫັນໃດ້ຂອ້ງຂວັນຢະສູນເອີຍ,0,0,0,0.717323
ມັກຫຼີ້ນ ສຸດໆ,1,1,1,0.845402
ໂອເຄທຸດເຫດການ,1,1,1,0.768931
ອິດ,1,1,1,0.764459
ດີທິສຸດ,1,1,1,0.821057
ວົ່ງໄວທັນໃຈ,1,1,1,0.880335
ມັກສະນຸກດີ,1,1,1,0.864457
ມັກທຸກທຸກຢ່າງ,1,1,1,0.846217
ມາຮັກກັບຂ້ອຍໄດ້ບໍ່,1,1,1,0.785516
ດີໄຈຫລາຍທີ່ສຸດ.ທີ່ໄດ້ມານໍາໃຊ້ແອບນີ້,1,1,1,0.784488
ຕ້ອງອັບໂຫລດຕລອດເວລາ,0,0,0,0.50056
ສັງອາຫານໄມ່ໄດ້,1,1,1,0.71308
ເຂົ້າລະຫັດແລ້ວເດັ້ງອອກມາຄືນ,0,0,0,0.842981
ມສ ນຕັ່ວ,1,1,1,0.756675
ປັງປຸງແນ່ເດີຂີ້ຖີ່ໂພດປິນກະບໍ່ໄດ້ເນັດຄັນຂີ້ີ່ຖີ່ກະຢ່າເຮັດສາແອັພນີ້ອາຍປະເທດອື່ນເຂົາ ເຮັດຫຍັງກະບໍ່ຄັກຄືເຂົາ ພັດທະນາແດ່ ແອັພກະຈອກໂພດ,0,0,0,0.949951
ໃຈດີ,1,1,1,0.83398
ແດດ,1,1,1,0.688002
ລົງທະບຽນໃຊ້ງານງ່າຍ,1,1,1,0.649896
koຖຶກໃຈ,1,1,1,0.789764
ຂ້ອຍເປັນຄົນທີ່ໄຈນ້ອຍແຕ່ຂ້ອຍກະບໍ່ເຄີຍເວົ້າໄຫ້ບຸກຄົນອື່ນໆແລະຂ້ອຍກະເວົ້າວ່າຈ້າກັບໄພໆອີກເຖິງໄຈຈະນ່ອຍແຕ່ວ່າຂ້ອຍບໍ່ເຄີຍຄໍາເວ້າທີ່ບໍ່ສຸພາບຫຼືວ່າບາງຄົນເຖິ່ງໄຈຈະໄຫຍ່ກໍຕາມແຕ່ວ່າການວ່າຈາບໍ່ສຸພາບກະບໍ່ຄວ່າມມາຍຍັງດອກ.ຂ້ອຍເປັນຄົນທີ່ມັກຄວ່າມສະນຸດສະນານແລະເປັນຄົນທີ່ມັກການສະມັກຂີແລະເປັນຄົນມັກຄວາມເຮຮາແລະຂ້ອຍເປັນຄົນມັກການຮອງເພງລາຍໆແລະຂ້ອຍກໍມັກການເລ່ນເກ່ມແບບມີຄວາມຮູ້ໄດ້ພອມດ້ວຍຂອບໄຈ.ຕອນນີກໍຈະເວ້າເຖິ່ງການແບບບໍ່ເວ້າກັບຜູ້ອື່ນຫລືວ່າເພື່ອນໆແລະພໍ່ແມ່.ຜູ້ໄຫຍ່ແລະບໍ່ດູຖູກຄົນອີກເວ້າມ່ວນອອ່ນວ່ານບາດນີຈະເຖິ່ງແບບສົມເຜົ້າຂອງແຕ່ບຸກຄົ,1,1,1,0.60616
ສະດວກສະບາຍໃນການຊື້ເລກຖືກປຸບໂອນປັບທັນທີ,1,1,1,0.850714
ແອບຮັກ,1,1,1,0.698519
ຮ້ານ,1,1,0,0.510554
ຈັນດີ,1,1,1,0.863005
ມັນເຮັດໃຫ້ຮູ້ຫລາຍຢ່າງ ຫລີ້ນສະດວກສະບາຍ ຕີດຕໍ່ຫາກັນງ່າຍຂື້ນ,1,1,1,0.890649
ເນັດຊ້າແຮງຂະນາດສະມັດລາຍເດືອນຍັງຊ້າບາງເທື່ອສັນຍານຂາດຫາຍກະມີ,0,0,0,0.81941
ອັບເດດຄັ້ງນີ້ດີຫລາຍ ພັດທະນາຕໍ່ໄປ,1,1,1,0.770928
ໂຄດກາກເລີຍສູ້ໆ,0,0,0,0.700812
ໃຫ້ພໍ່ມືງລົງແມ້ ແອບນີ້ ເກັ່ງອອກຕະຫລອດ,0,0,0,0.803047
ຂໍຂອບໃຈທີໄຫ້ນໍາໄຊ້,1,1,1,0.883039
ສ້າງapp ນີ້ມາເພື່ອຫຍັງ. ຖ້າໃຊ້ບໍລິການຫຍັງກະບໍ່ໄດ້ເລີ່ຍ. ລົ່ງທະບຽນຈັກເທື່ອກະບໍ່ໄດ້. ລົບລ້າງໄປຊະ app ຂີ້ຕົວະ app ຂີ້ໂກງ,0,0,0,0.949375
ດິທີຊູນ,1,1,1,0.762504
ທ້າວ ພຸດທະວົງ ຫລວງອາມາດ,1,1,1,0.777294
ເລືອກຖ່ຍຮູບ,1,1,1,0.702078
ມັນຄືລົບບັນຊີບໍ່ໄດ້,0,0,0,0.830083
ຟິວເຕີ້ແລະເພງ,1,1,1,0.7213
ໄວທັນໃຈເຄື່ອງບໍ່ມີເສຍ,1,1,1,0.51339
ຂີ້ຖີແບບນີ້ຍັງກ້າສ້າງແອັບຄວຍສະຖຸນເກີນລົບແມ້ງ,0,0,0,0.821311
ດິໆທຮ,1,1,1,0.759982
ໃຊ້ດີຫລາຍແອບນີ້,1,1,1,0.934149
ໂກຍ່7778,1,1,1,0.759982
coogle ແມ່ນເອັບທີ່ສາມາດນ້ໍາໃຊ້ໄດ້ ຖ້າທຸກຄົນມີບັນຫ້າຕ່າງໆຂ້ອງໂທລະຊັບມືຖື່ ແມນສາມາດສຶກສາລາຍລະອຽດ ແລະ ຊ້ອຍເຫຼືອໃຫ້ຄໍາແນະໃນການແກໄຂ້ ຕິດຕັ້ງ ຂໍມູນໃດ້ທ້ານໄດ້,1,1,1,0.615325
ມືນ້ອຍ,1,1,1,0.798356
ໃຊ້ດີຫຼາຍໆເດີຂອບໄຈ,1,1,1,0.949952
ໃນແອັບບໍ່ມີການຖືກເລກຂ້າງຄຽງ,0,0,0,0.788285
ກະດີຢູ່ເດີ່,1,1,1,0.792629
ກະok,1,1,1,0.771031
ການໄຊ້ງານທີດີໄດ້ດີທີສຸດແມ່ນແອບນີເລີຍພອ້ມກັບການແນະນໍາທີດີມາກ,1,1,1,0.862927
ຮູຂີ້ລ້າງເຄື່ອງໂທລະສັບໃຫ່ມໂຫລດມາເຂົ້າສູ່ລະບົບແນວໃດກະບໍໄດ້ຊິເຊົາໃຊ້ແລ້ວເດີຊິໄປເປີດບັນຊີທະນາຄານການຄ້າແທນແບບນິ,0,0,0,0.937705
ຫວຍແຕກຫຼົ້ມຕະຫຼອດ,0,0,0,0.849753
ມັກຄົ້ນຫາ,1,1,1,0.713752
ສົ່ງລະຫັດ6ໂຕຊ້າເກີນໄປບາງເທື່ອກອບເບີເຂົ້າເປັນສີບເທື່ອຍັງບໍ່ສົ່ງມາເອົາໄປດາວດຽວພໍລະກັບແອັບແບບນີ້,0,0,0,0.952177
ສະແກນໃບຫນ້າບໍ່ໄດ້,0,0,0,0.732016
ສ້ດນບາອ່ນ,1,1,1,0.67543
ແຊບໆ,1,1,1,0.802816
ເຊຍ,1,1,1,0.759982
ສິເຮັດມາເພືອໂຫລດມາກະໄຊ້ບໍ່ໄດ້ແຖມຍັງເປັນພາສານອນໃສພາສາລາວເປັນຫຍັງ,0,0,0,0.782777
ຍອມພາກັນພີມພາສາໄທລະ ພີມບໍ່ຖືກອີກທັງທີ່ຕົວເອງເປັນຄົນລາວ,0,0,1,0.652324
ຮູ້ສືກພຸມໃຈກັບແອັບນີ້,1,1,1,0.746964
ແອບດີແຕ່ເມື່ອຖືກໂອນເງິນເຂົ້າເປັນຈໍານວນຫລາຍຍັງມີຂໍ້ຂັດຂ້ອງແລະບໍ່ໄດ້ຮັບເງິນ,1,1,0,0.723132
ເປັນສ່ວນຕົວ,1,1,1,0.783965
ໃຫ້ດາວ1ພໍແອັບມັນເປັນຫຍັງວ່ະແສັດຫາຄົນແອບມັກເຂົາບໍ່ຕອບແຖມບ໋ອກ,0,0,0,0.838848
ມາໃຫມ່ອາດຊິດີກ່ວາເກົ່າ,1,1,1,0.564599
ນອ້ງ ຈາງ,1,1,1,0.785504
ຂໍແຕ່ຕອນນີ້ໄດ້ມີຄວາມເປັນຫຍັງກະວ່າຊິໄດ້ຮັບເອົາ,1,1,0,0.599621
ໄດ້ເງິນເຮັ່ງແລ້ວຂອບໃຈເດີຕົກໃຈເບິດບໍ່ເຫັນເງິນເຂົ້າບັນຊີກະເລີຍນ້ອຍໃຈ,1,1,0,0.637768
ໄຊ້ມາຫລາຍປີຜິດຫວັງແຮງລົບແວເຂົ້າບໍ່ໄດ້,0,0,0,0.728273
ເຂົ້າຮ່ວມດູພາບສົ່ງເຖີງທຸກໆຄົນແລະໄດ້ເຫັນພວກເຮົາອີກດ້ວຍກັນ,1,1,1,0.803365
ລະຫັດຜ່ານ,1,1,1,0.61357
ສູ່ງານເພື່ອວັນຂ້າງຫນ້າ,1,1,1,0.694507
ກສດີຢູ່,1,1,1,0.878326
ຫລີ້ນດີໄວ,1,1,1,0.792518
ໂອດີ,1,1,1,0.759982
ກະພໍໃຊ້,1,1,1,0.768018
ຄະນະບາ,1,1,1,0.796326
ເຄືອຂ່າຍຢູນີເທວໃນເຂດຊົນນະບົດບໍ່ຄ່ອຍດີປານໃດແຕ່ຊີມໂທແມ່ນສັນຍານດີ.ຖ້າເປີດເນັດແລ້ວສັນຍານຈະຂາດໆຫາຍໆ,1,1,0,0.57885
ຕີດຕັ້ງກະບອກຂັດຂ້ອງ,0,0,0,0.610333
ດີໆທີ່ສຸດ,1,1,1,0.792212
ບໍ່ໄດ້ເລື້ອງ,0,0,0,0.809341
ງ່າຍແລະໃວາະດວກສະບາຍຕໍ່ການຕິດຕໍ່,1,1,1,0.91547
ເຂົ້າແມັດເຊັນເຈີຍາກໆ,0,0,0,0.552843
ໂຫຼດມາແລ້ວເຮັດຫຍັງກະບໍ່ໄດ້,0,0,0,0.955809
ໃຫ້ຄະແນນແອັບນີ້ກັບບັນຊີຂອງຂ້ອຍເອງ,1,1,1,0.643804
ປະເມນສິງ,1,1,1,0.771632
ໃຊ້ງານຢ່າງວອງໄວ,1,1,1,0.818219
ແອດນີ້ກາກທີສຸດເລີຍຫມູນທຸກຄຮັ້ງບໍ່ໄດ້ເລີຍ,0,0,0,0.703715
ດີຫຼາຍບໍ່ເຄີຍເຮັດໄຫ້ຜິດຫວັງ,1,1,1,0.740977
ໂອກາດຫນ້າ ຫລືຊາດຫນ້າກັນແທ້ ຫມູນບໍ່ເຄີຍໄດ້ຫຍັງ ໄດ້ແຕ່ເຊີນຫມູ່ລະກະຟັງເພລງ ອັບເດດມາໄຫມ່ບໍ່ໄດ້ຫຍັງຈັກລີ້ ໂພດໂພ,0,0,0,0.839389
ຂ້ອງຜົນບໍ່ຮູ້ເປັນຫຍັງຢູ່ຊື່ໆກະເຂົ້າບໍ່ໄດ້,0,0,0,0.837585
ໃຊ້ໂທກັບຄົນທີ່ຢູ່ໄກໄດ້,1,1,1,0.876407
ສູ້ງໆ,1,1,1,0.788113
ໃຊ້ດີ,1,1,1,0.965973
ແກ້ໄຂໄຫ້ແດເຂົ້າບໍໄດແລວດງວນິ,1,1,0,0.735404
ໃຊ້ດີພັດທະນາຕໍ່ໄປ,1,1,1,0.88141
ສະດວກໃນການທັນໃຈ,1,1,1,0.895817
ໄວສະດວກ,1,1,1,0.890943
ແຮງອັບແຮງໃຊ້ບໍ່ໄດ້,0,0,0,0.809346
ໃຊ້ງາຍສະດວກ ບໍລິການດີ ສົ່ງໄວ ອາຫານບໍ່ເສຍຫາຍແລະສະດວກສະບາຍ,1,1,1,0.886095
ເຂົ້າແອບບໍ່ໄດ້ເລີຍ,0,0,0,0.971453
ຖຖູ,1,1,1,0.759982
ເປັນຫຍັງຄືຕ້ອງເຂົ້າຍາກຂະຫນາດນີ້ ຕອນແລກກະງ່າຍດີ ຫລັງໆເລີ່ມເຂົ້າຍາກລະ,0,0,0,0.687608
ດີຂື້ນ ແລະໄວທັນໃຈ,1,1,1,0.854724
ປີນີ້ເຢຟດຫລິ້ນໄຮ່ນຸກເລີຍ,1,1,1,0.785761
ແອັບນີ້ດີແຮງໃຜຫຼີ້ນຈະຕ້ອງຕິດໃຈຢ່າງແນ່ນອນ,1,1,1,0.829508
ໃຫ້ນະແນນແອບນີ້,1,1,1,0.673453
ເບິ່ງງາຍສະບາຍ,1,1,1,0.867319
ໂລດບໍ່ໄດ່,0,0,0,0.803163
ຮັກເມີດໃຈ,1,1,1,0.848238
ຫົງ,0,0,1,0.785692
ລົງທະບຽນໃຊ້ແອັບຍັງບໍ່ໄດ້ລະ,0,0,0,0.867869
ແຊັດຫມູ່ມ່ວນຫຼາຍເຮັດຕໍ່ໄປ,1,1,1,0.673441
ດແດດ,1,1,1,0.690171
ແກ້ໃຫມ່ເດີຕອນນັ້ນຫລົງຜິດແຕ່ຕອນນີ້ບໍ່ໃດ້ເລື້ອງເລີຍດີຫຼາຍຫມຸນມື້ໃດ໋ກະໃດ້ມື້ນັ້ນຖືງຈະເປັນເງີນໂປໂມຊັ້ນກະຍັງດີກວ່າບໍ່ໃດ້ຫຍັງຖ້າຈະເປັນໄປໃດ້ຢາກຂໍໃຫ້ວົງລໍ້ຫມຸນບໍ່ຊ້ໍາໂຕເກົ່າຄືສິດີກວ່ານີ້ແຕຊ່ໍານີ້ກະວ່າດີແລ້ວພັດທະນາຕໍ່ໄປເດີunitelສູນບໍລິການລູກຄ້າ unitelພັດທະນາລູກຄ້າ ລູກຄ້າພັດທະນາunitel,0,0,0,0.838976
ຂອບໃຈ ໃຊ້ງານໃນວິຖີປະຈໍາວັນ,1,1,1,0.84187
ຂໍດາຕ້າ500mbແດ່,1,1,1,0.691101
ລະຫັດ51000732ໃຊ້ດີໄດ້ເງີນທຸກມື້ຮັບສອນເດີ,1,1,1,0.776502
"ດາວໂຫຼດບໍ່ໄດ້ ເລືອກໂທລະສັບອີກ, ຍັງມີປັນຫາກັບໂທລະສັບຫຼາຍລຸ້ນ",0,0,0,0.836476
ແຊັດໄດ້ດີໂທໄດ້ດີຄັກແທ້ແມ່ນແຊັດຟຣີໂທວິດີໂອຟຣີຫັນລະຄັກນ່າ,1,1,1,0.766257
ຄວນປັບປຸງຕື່ມ ເຂົ້າແອັບຫຼິ້ນເກມຂ້ອນຂ້າງຊ້າ ແລະມັກຄ້າງ ພ້ອມທັງເພີ່ມສະຕິກເກີ້ສຽງແບບໃຫມ່ແນ່,0,0,0,0.871802
ຫຼຸດຕະຫຼອດເຂົ້າລັອກອີນບໍ່ໄດ້ຍາມເລກອອກຫຼຸດອີກແລະ,0,0,0,0.84769
ອັບເດດມາໃຫມ່ແຮງຮ່ວຍເລີຍແຮງຄືຜີບ້ານິ ເວລາແຊກະບໍ່ເຫັນຫົວຜູ້ແຊແຮງກະເຕັກ ກະເຮັດໃຫ້ມັນດີໆແນ້,0,0,0,0.80044
ເຂົ້າລະເດັ້ງອອກຕະຫລອກ ລະສິໃຫ້ກູລົງທະບຽນຈັ່ງໃດເບາະ,0,0,0,0.855157
ດທມແພອນ,1,1,1,0.779239
ໄວແນ່,1,1,1,0.686177
ອະທິບາຍ,1,1,1,0.765705
ສັ່ງກະບໍ່ໄດ້ຈັກເທື່ອ.ຍາມໃດກະບໍ່ສາມາດຮັບອໍເດີ້ທ່ານໄດ້ຕະຫລອດສັ່ງໄປ7.8ອັນບໍ່ໄດ້ຈັກອັນ,0,0,0,0.94899
ຂອບໃຈທີ່ໃຫ້ຊົມໃຊ້,1,1,1,0.91012
ຫມູນຖືກຊ່ອງໄດ້ເນັດ ພັດບາດແຊຣ໌ແລ້ວບໍ່ໄດ້ເນັດຫມາຍຄວາມວ່າແນວໃດແບບນິ ໂກງກັນຊັດໆ,0,0,0,0.728415
ກາຍຍາມແກ້ໄຂແລ້ວ ເຂົ້າລະເດັ່ງອອກ ພັດທະນາຕໍ່ໄປແດ່,0,0,0,0.782349
ບໍລິການວ່ອງໄວ ແລະ ທັນໃຈ,1,1,1,0.879795
ຕັ້ງຍາກໆ,0,0,0,0.836771
ຂຸມໃຈທີສຸດ,1,1,1,0.825667
ຢາກໃຫ້ມີການຄົ້ນຫາເພງໄດ້,1,1,1,0.857015
ຕັ້ງແຟັດໄຫ່ມ,1,1,1,0.666942
ດາວໂຫຼດແອບກະຍາກ ດາວໂຫຼດບໍ່ໄດ້ຊ້ໍາ,0,0,0,0.935811
ໃຊ້ດີໆ,1,1,1,0.938415
"unitelໃຫ້ຊີວິດທີສົດໄສທັນໃຈວອ່ງໄວໃຫ້ແກ້ລູກຄ້າ, ພັດທະນາພຽ່ງ11ປີກວມເອົ້າ1000ເປີເຊັນສັນຍານກວ້າງຂວາງ, bank on mobile as umoney",1,1,1,0.699934
ໄຊ້ປົກະຕິ,1,1,1,0.764511
ເອົາໄປ2ດາວຫມຸນບໍ່ໄດ້ຈັກມື້ເລີຍ,0,0,0,0.849529
ຊອບໃຈ,1,1,1,0.89553
ທເສືອງ,1,1,1,0.724765
ກາກແຮງແອບບໍ່ສະຖຽນ ກາກທັ້ງເນັດນ້ນແຫລະ unitel ເນັດຫລອກລວງປະຊາຊົນ,0,0,0,0.864605
ດີຫລາຍແລ້ວ,1,1,1,0.874597
ຜູ້ບ່າວມືສອງ,1,1,1,0.625241
ຢາກໃຫ້ມີບໍລິການwechat play ດ້ວຍນະ,1,1,1,0.867273
ສາຍໃນດີມາ,1,1,1,0.890686
ຂໍເປີດແອບນີ້,1,1,1,0.766587
ກາກໆໆທ,0,0,0,0.603096
ສຸດສຸດ,1,1,1,0.826034
ປ່ຽນໂທລະສັບໃຫມ່,0,0,1,0.544369
ມ້ນຖືກກັບຄວາມເປັນຈິງ,1,1,1,0.703761
ມີຂ່າວສານດີ,1,1,1,0.863883
ສັກສັດ,1,1,1,0.782434
ທົວໄປ,1,1,1,0.751096
ຊ່ວງນີ້ເຂົ້າຍາກຫຼາຍຄືວ່າມີບັນຫາຕະຫຼອດໃຊ້ບໍ່ໄດ້ເລີຍຊ່ວງນີ້ຄວນປັບປຸ່ງດ່ວນ,0,0,0,0.950617
ເກືອບຄົບທຸກຄວາມຕ້ອງການໃຊ້ງານ.,1,1,1,0.755074
ຮສຮເທຍ,1,1,1,0.759982
ສະດວກໃນການເຮັດທຸລະກໍາດ້ານການເງິນ,1,1,1,0.794034
ຂ້ອຍໃຊ້ມາ13ປີແລ້ວ ດີຫລາບ,1,1,1,0.899914
ໃຊ້ງານດີໆລາຍ,1,1,1,0.878162
ຄັກຫລາຍຊ່ວຍໄດ້ຫລາຍຢ່າງ,1,1,1,0.85833
ຈະຈ່າຍຄ່າວາຍຟາຍ ລໍຖ້າລະຫັດ otp ກະບໍສົ່ງໃຫ້ແກ້ໄຂດ່ວນ,0,0,0,0.835849
okຝາກແນ່50109333,1,1,1,0.773556
ອັບເດດແລ້ວແຕ່ສົ່ງຮູບບໍ່ໄດ້ແລ້ວຍັງຟັງສຽງທີ່ເພື່ອນວໍມາບໍ່ໄດ້ອີກ,0,0,0,0.87947
ບລ້,1,1,1,0.746531
ໃຊ້ງານດີ ມີປະໂຫຍດ ໂຄດສະດວກ,1,1,1,0.819513
ມີຄວາມສະດວກສະບາຍ ທັນສະໄຫມມີຄວາມຮູ້ມີສາລະແລະການສື່ສານແລະອື່ນໆ,1,1,1,0.920059
ດີຜລາຍ,1,1,1,0.783852
ອັບເດດແລ້ວ ເຂົ້າບໍ່ໄດ້ເລີຍຈັກເປັນຫຍັງ,0,0,0,0.963386
ສະດວກສະບາຍດີມາກ,1,1,1,0.97493
ໂພດບໍອອກຄືຂີ່ນິ,0,0,0,0.555004
ອ່າຢາກໃຫ້ປັບປຸງແອພຕື່ມ ຕອນທີ່ສົ່ງລະຫັດມາໃຫ້ແລ້ວ ເຮົາຊິປ້ອນລະຫັດກະຂຶ້ນວ່າໃຫ້ເປິດໂລເຄຊັ່ນນໍາອັນນີ້ແມ່ນປົກກະຕິບໍ ບັດໃສ່ລະຫັດແລ້ວກະຂຶ້ນວ່າເບີຂອງທ່ານບໍ່ທັນລົງທະບຽນ ແລ້ວເຮົາກະກົດໄປບ່ອນນັ້ນກະເດັ້ງອອກມາຕະຫລອດເລີຍ ບໍ່ໄປໃສ່ຈັກເທື່ອລົບຖິ້ມໂຫລດໃຫມ່ກະຫຍັງເປັນຄືກັນ ສະຫລຸບແມ່ນລົງທະບຽນບໍ່ໄດ້ຈ້າ,0,0,0,0.956383
ຖ້າໃຫ້ຄົນອືນມັນກະເປືອງ,1,1,0,0.565222
ມະນີວັນ ມະນີວົງ,1,1,1,0.780694
ສໄນະຸ,1,1,1,0.759982
ສຸດຍວດ,1,1,1,0.861672
ຮູ້ນອ້ຍຫນືງ,1,1,1,0.805755
ຈະເລີມໃຊ້ງານ,1,1,1,0.748955
ລຽງທໍາມະນູນ,1,1,1,0.767584
ຊວງນີສັນຍານຊ້າລົງ,1,1,0,0.577286
ປັບປຸ່ງແດ່ເຂົ້າລະເດັງອອກກັບຕອນສົ່ງລະຫັດຜ່ານກະບໍ່ໄດ້,0,0,0,0.960318
ມືໄຫມ່,1,1,1,0.781191
ສະພາ,1,1,1,0.777655
ມີປະໂຫຍດລາຍຢ່າງ,1,1,1,0.809659
ພອໃຊ້,1,1,1,0.778152
ເປັນແອັບທີ່ຕ້ອງບອກເລີຍວ່າຖ້າໂຫລດມາແມ່ນເສຍດາຍພື້ນທີ່ຊື່ໆວົງລໍ້ຫມູນກະໃຫ້ຫມູນຊື່ໆແຕ່ບໍ່ໄດ້ຫັຍງດາຕ້າທີ່ເຄີຍໄດ້ກະບໍ່ໄດ້ເວລາຈະເຂົ້າແອັບແຕ່ລະຄັ້ງກະຕ້ອງລ໋ອກອິນໃຫມ່ສົ່ງລະຫັດໃຫມ່ຕະຫລອດມັນເສຍເວລາເສຍດາຍຄິດວ່າຈະພັດທະນາໃຫ້ດີກວ່ານີ້ແຕ່ບໍ່ມີຫຍັງດີເລີຍຢາກໃຫ້ປັບປຸງຄືນໃຫມ່ແນ່ເດີໃຫ້ສົມກັບເປັນເຄືອຂ່າຍອັນດັບ1ແບບທີ່ເວົ້າສ່ໍາແອັບດີໆມີຄຸນນະພາບຍັງເຮັດບໍ່ໄດ້.,0,0,0,0.953462
ຢາກມີຄົນຕິດຕາມແຮ່,1,1,1,0.774532
ໃຊ້ລອງເບີ່ງກ່ອນຄັນດີກະເອົາໄປ5ດາວເລີຍ,1,1,1,0.790495
ເປັນ ຫຍັງ ກິນເງິນຫຼາຍ ແທ້,1,1,0,0.515387
ບາງມື້ເຂົ້າສູ່ລະບົບບໍໄດ້,0,0,0,0.788132
ໄຊດີຫ້າຍ,1,1,1,0.856388
ນາງຕິມນາງຕິມ,1,1,1,0.78895
ປິດ,0,0,0,0.517569
ດີເນາະບໍມີບັນຊີກະໃຊ້ໄດ້,1,1,1,0.516753
ຊື້ງ່າຍສະດວກແຕ່ຍັງບໍ່ເຄີຍຖຶກມື້ນີ້ຂໍໄຫ້ຖືກແດ່ເດີ,1,1,1,0.591836
ຂໍໃຫ້ໂຫຼດໄດ້ເດີ້,1,1,1,0.601866
ເປັນຫຍັງດາວໂລດໄດ້ແລ້ວເຂົ້າສູລະບົບບໍ່ໄດ້,0,0,0,0.861953
ໂອເຄມາກ,1,1,1,0.845394
ຢາໂຫລດ ແອບດຽວນີ້ບໍ່ມີປໂຫຍດຍັງ,0,0,0,0.881619
ຮູ້ເຫັນທັນເຫດການໄວຂື້ນ,1,1,1,0.826386
ແກ້ໄຂໄຫ້ໄຫ້ໂດຍ,1,1,1,0.649746
ດີແທ້ ໄວທັນໃຈ,1,1,1,0.888022
ຢ່າລອງບໍ່ເລີຍ ເສີຍຄວາມຮູ້ສຶກຫມົດວ່າຈະໂຫຼດໄວ້ຊື້ເລກ ສາມັກ3ມື້ແລ້ວຫຍັງບໍ່ໄດ້,0,0,0,0.803404
ອັບເດດແລ້ວສະຕໍລີ່ຍັງໃສ່ເພງບໍ່ໄດ້,0,0,0,0.859078
ເຂົ້າແອັປບໍ່ໄດຢາກໄຫ້ແກ້ໄຂ້ແນ່ພີມລະຫັດແລ້ວກະເຂົ້າບໍ່ໄດ,0,0,0,0.920628
ດີຫລາຍ ທັນສະໄຫມ່,1,1,1,0.884493
ໃຊ້ bcel one ຊໍາລະຄ່າເກມໄດ້ບໍ່,1,1,1,0.593379
ສົ່ງ,1,1,0,0.532101
ຢອດຢຽ້ມ,1,1,1,0.790763
ແອບລ໋ອກອິນບໍ່ໄດ້ສັ່ງອາຫານກະບໍ່ອະນຸມັດຈ່າຍເງິນສົດ,0,0,0,0.855076
ໄຊ້ດີຫລີ້ນສະບາຍ,1,1,1,0.94571
ອັບເດດຕະຫຼອດກນຄວາມຈໍາຫຼາຍ,0,0,0,0.79366
ສົມໃຈ,1,1,1,0.836291
ສຸດຍອ້ນຫຼາຍ,1,1,1,0.83759
ຂໍຝ ດຸ o . .,1,1,1,0.759338
ບໍ່ເປັນເລື້ອງປ່ຽນໄປປ່ຽນມາຢູ່ບອ່ນຊໍາລະເງິນນັ້ນເຮັດຄືເດັກນອ້ຍເອົາແຕ່ໃຈນິ,0,0,0,0.576511
ຖ້າບອກລາຄາຄືkokkokຄືຊິດີ,1,1,1,0.643065
ໂອນເງິນໄປແລ້ວເງິນບໍ່ເຂົ້າ,0,0,0,0.842259
ໂປດໄຫ້ຂໍມູນດີດີ,1,1,1,0.814409
ໂອເຄດີຖືກໃຈຫລາຍທີ່ມີແອັບດີໆ ແບບນີ້,1,1,1,0.834307
ຈ່າຍໃດ້ສະເພາະ ຢູມັນນີ ກັບ bcelone ໃຊ້ແອບທະນາຄານ ອື່ນແມ່ນ ຊື້ບໍ່ໃດ້ຄວນປັບປຸງ,0,0,0,0.551587
5ດາວທຸກແອັບທີຂ້ອຍຕິດຕັງ,1,1,1,0.756884
ໃຊ້ງານສະດວກດີພັດທະນາໃຫ້ດີຂື້ນ. ມັກຫລາຍ,1,1,1,0.898195
ດີເຮ,1,1,1,0.770895
ທອງໄຊ ກິພາົງ,1,1,1,0.807263
ດີມາກໆ.,1,1,1,0.872002
ຕິດຕໍ່ກັນງ່າຍຂື້ນ,1,1,1,0.876315
ສະດວກງ່າຍຂື້ນ,1,1,1,0.916633
ແຫຸັດວງນາລາ,1,1,1,0.752324
ປ່າເຍຍ່ວື່,1,1,1,0.740768
ເອດ,1,1,1,0.759982
ທຸກຢ່າງໃຊ້ດີ ແຕ່ປ່ຽນພາສາບໍ່ໄດ້ ແກ້ໄຂໃຫ້ດ່ວນໆ,1,1,0,0.567954
ຈັ່ງຊີ້ເລີຍ,1,1,1,0.700742
ເລກບັນຊີຖືກປິດໄປແລ້ວ ແລ້ວເງິນທີ່ແນະນໍາມັນໂອນໄປບັນຊີໃດ ປັບປຸງຄືນແອັບອື່ນໆແນ່ໃສ່ບັນຊີຕື່ມໄດ້ນະ ຄວາມປັບປຸງຕື່ມ ຢາກປ່ຽນເລກບັນຊີທະນາຄານກະບໍ່ໄດ້,0,0,0,0.865722
ຈ່າຍເງິນສະບາຍ ບໍ່ສະບາຍຕອນດຽວ ຕອນບໍ່ມີເງິນ,1,1,0,0.590179
ໃຊ້ຂໍ້ມູນແບບເກົ່າດີກວ່າຫີ້ຼນເກມກໍ່ງ່າຍແລະສະນຸກດີອີກ.ຖ້າປ່ຽນລະຂໍ້ມູນເກົ່າແລ້ວຈັ່ງຊິມາໃຫ້5ດາວ.ຂໍ້ມູນໃຫມ່ນີ້ຖ້າຫີ້ຼນຜ່າດກັບມາຫຼີ້ນບໍ່ໄດ້,1,1,0,0.626143
ແປພາສາບໍ່ໄດ້ ແກ້ໄຂດ່ວນ,0,0,0,0.914928
ນາງວຽງສະໃຫມ ພົງອຸດົມ,1,1,1,0.792713
ເປັນແອັບທີ່ດີຫຼາຍແຕ່ກະຢາກໃຫ້ພັດທະນາເລື້ອຍໆ,1,1,1,0.878156
ໄດ້ໂບນັດ15ພັນກີບ,1,1,1,0.552147
ຄໍາເພັດ ໄຊຍະວົງ,1,1,1,0.819662
ໃສໃດ້ດີມາກ,1,1,1,0.930698
ເຕີມເງິນເຂົ້າຊື້ແພັກແກັດບໍ່ໄດ້ແກ້ໄຂແອັບແດ່,0,0,0,0.913224
ຫຼິ້ນດີຫຼາຍ,1,1,1,0.91073
ຊ້າມະຫາກາບປັບປຸງດ່ວນຜູ້ຂຽນໂປແກມ,0,0,0,0.647249
ຄິດດີແລຊໍຊ້ວ,1,1,1,0.89582
ບໍ່ມີການໂປໂຫມດໂພສເຮົາແລະອັບເດດໂພສໃຫ່ມ,0,0,0,0.669927
ໃສ່ນາຍແອບນີ້,1,1,1,0.647532
ໄວ່ແນ່,1,1,1,0.557817
ແອັບຄວາມແອັບໂງ່ສະຫມັກແພັກແກັດລະຫລີ້ນບໍ່ໄດ້ເນັດກະບໍ່ໃຫ້ຕາມທີ່ຂຽນຂື້ນນໍາແອັບຫ້າມໂຫລດມາເດີ່ແອັບຄວາມໆນີ້,0,0,0,0.937531
ຂໍເປີດນໍາໃຊ້,1,1,1,0.81228
ດີທີ່ສຸດເລີຍທີ່ໄດ້ຮັບການໃຊ້ງານກັບແອບນີ້,1,1,1,0.796331
ມັນລົງທະບຽນບໍ່ໄດ້ ທຽວລົບກັບຕິດຕັ້ງຫລາຍເທື່ອລະ ມີແຕ່ວ່າ ເບີຂອງທ່ານບໍ່ສາມາດລົງທະບຽນໄດ້ ກະກູມາລົງຢູ່ນີເດ,0,0,0,0.890319
ປັນກະບໍໄດ້ເນັດຈັກເທືອ,0,0,0,0.841507
ມັກແຮງi love u money ທະນາຄານມືຖືຂອງຄົນລາວ,1,1,1,0.802335
ເຫັດ,1,1,1,0.664397
ຢຽມສຸດໆ,1,1,1,0.785397
ຊວ່ຍແກ້ໄຂ້ໃຫ້ແດ່,1,1,1,0.580607
ດີດີດີຮັກສາບັນຊີເຮົາໃຫ້ປອດໄຟເພີ່ມຂຶ້ນອີກ,1,1,1,0.79121
ດາຕາ,1,1,1,0.764443
ໃຊ້ແລ້ວດີຢາກຮູ້ອີ່,1,1,1,0.818701
ຖໍາ,1,1,1,0.789433
ບໍ່ສົງລະຫັດມາໃຫ້ລະສິຕັງຫາສິແຕກອີຫຍັງວະຄວາຍເອີຍ,0,0,0,0.88805
ດີແລ້ວແຕ່ຢາກໃຫ້ພັດທະນາກວ່ານີ້,1,1,1,0.771893
"ປັບມາກ10,55",1,1,1,0.678843
ຄິດແນວໃດ ໃຜຮູ້ບອກແດ່,1,1,1,0.559938
ok ດີ,1,1,1,0.783897
ທ້າວແບໍງ.ສູວ້ນນະຄໍາຜົງ,1,1,1,0.785825
ເອົາດາວ1ໃປກ່ອນເດີ ກະເຈົ້າຕອບແຊດຈັ່ງສີມາເພີ່ມໃຫ້,0,0,0,0.564627
2023 ແອັບນີ້ປິດໃຊ້ງານແລ້ວຫຼື ຄືກອບຂໍ້ມູນແລ້ວຢືນຢັນແຕ່ບໍ່ເຫັນຜ່ານໄປສູ່ຫນ້າຫລັກ ຈັກທີດລີຍ,0,0,0,0.741058
ເພາະສົມຖ້ານາ,1,1,1,0.788097
ເວລາໄດ້ຮັບເງິນໂອນມັນບ່ແຈ້ງເຕືອນ,0,0,0,0.580242
ມັນຂື້ນຄໍາວ່າ ກໍາລັງເຊື່ອມຕໍ່ ກະລຸນາລໍຖ້າ,0,0,1,0.652142
ກູບໍມັກຫລີ້ນ,1,1,1,0.744734
ແອັບບໍ່ໄດ້ເລື່ອງເດີ ກົດອອກແອັບເພື່ອເຂົ້າຂໍ້ຄວາມເພຶ່ອເບິ່ງotpແຕ່ແອັບເດັ້ງຕ້ອງໄດ້ເລີ່ມໃຫມ່ຫມົດ,0,0,0,0.879063
ກັບຄືນມາຕິດດາວໃຫ້ໃຫມ່ ຫລັງຈາກທີ່ແກ້ໄຂບັນຫາໄປແລ້ວ ຂອບໃຈເດີ້,1,1,1,0.582481
ຕ້ອງການແອັບນີ້,1,1,1,0.865995
ສິເຊົາໃຊ້ຊ້ໍາເຕີມບັດຄະແນນບໍ່ໃຫ້ມາຫຼາຍມື້ລະເຕີມໄປບໍ່ໄດ້ຄະແນນກັບໄປເຕີມຢູ່bcel one ກະຄືສິງ່າຍກ່ອນ,0,0,0,0.827207
ດີເລື້ອຍໆ,1,1,1,0.840398
ໃຊ້ໄດ້ດີແຕ່ປິດກັ້ນຫລາຍເກີນໄປ,1,1,1,0.702125
ຄວາມຫມາຍຂອງການສຶກສາຂອງລາວແລະປະເທດໄທແລະການຄຸ້ມຄອງການທ່ອງທ່ຽວທີ່,1,1,1,0.870732
ຕົ້ນໄກ່,1,1,1,0.741635
ຫລາຍງານ,1,1,1,0.841187
ອ້າຍ999,1,1,1,0.824508
ອັບເດດໃຫມ່ ຫມູນບໍ່ໄດ້ຫຍັງເລີຍ ຢາກໃຫ້ ແກ້ໄຂແດ່ ໃຫ້2ດາວກອນ,0,0,0,0.933953
ອັບເດດແລ້ວຄື ເປິດເຂົາແອັບແລ້ວບໍໄດ້,0,0,0,0.929359
ເປັນຫຍັງຕ້ອງອັບເດດ,1,1,0,0.811206
ເລີດມາກ,1,1,1,0.802813
ດີມາກກດ,1,1,1,0.880192
ຢ່າຢືມໃສ່ລະຫັດ3603003ເດີ.ຂໍໃຫ້ທຸກຄົນໂຊກດີ,1,1,1,0.815428
ດີດີມາກ,1,1,1,0.907851
ໃຊ້ຍາກ,0,0,0,0.767446
ເຮັດຖຸລະກີດ,1,1,1,0.708165
ຮັດພິດເວລາ,1,1,1,0.60949
ແອ່,1,1,1,0.79417
ງານຄືເງິນເງິນຄືງານທໍາທຸກວັນໃຫ້ມັນດີທີ່ສຸດ,1,1,1,0.715366
ແກ້ໄຂ່ໄຫ້ແດ່ອັບເດັດແລ້ວກະໄຫອັບເດັດອິກເນ້ດຈົນຫມົດນີຍາມໄດ້ຈີລີນອັບເດັດໄດ້ລະບອກຮັບສາບຮັບສາບແມ່ນຈະໄດ້ໂອະ,0,0,0,0.58285
ຂອບໄຈສໍາຫລັບແອດໂຕນີ້ທີສ້າງມາໄຫ້ໄຊ້ຂອບໄຈອີກຄັ້ງ,1,1,1,0.736868
ຄົນສົດເດີ,1,1,1,0.663051
ເຊີນເພື່ອນທົ່ວເມ້ນມາທໍາແຕ້ມຄະແນນແຂ່ງຂັນຊິງລາງວັນ,1,1,1,0.60163
ຢາກມີໂຊກ,1,1,1,0.784262
ດີກມາກ,1,1,1,0.792406
ແດ່ງວົງພະຈັນ,1,1,1,0.782301
ຊີວິດກູມັນຈົນເມຍຈື່ງໄປຈາກກູໆເຈັບຮູ້ບໍ່ຕາຍເປັນຕາຍນໍາກັນສອງເຮົາ,1,1,1,0.541307
ຂ້ອຍຄືໂຫລດບໍ່ໄດ້ຮອດ100 ລະກະຄ້າງຢູ່ບ່ອນເກົ່າ,0,0,0,0.86836
"ຈ. ຮູ .,",1,1,1,0.760493
ໃຊ້ດີ ສະດວກໃນການຊົມໃຊ້,1,1,1,0.934397
ຄັກສະເມີະ,1,1,1,0.814098
ເຄີຍໃຊ້ແອບນີ້ມາແລ້ວາ,1,1,1,0.780384
ແອບໃຊ້ດີ,1,1,1,0.859422
ເນັດຊ້າເກີນຫົວຫນ້າ144pຍັງຫມົນຕິວໆຢູ່,0,0,0,0.737572
ຄືບໍ່ສົ່ງລະຫັດotpໃຫ້ຄວນປັບປັບເດີ,0,0,0,0.867421
ດີຫຼາຍ ຢາກໄຫ້ຈາຍຜ່ານ ບັດທະນາຄານພັດທະນໍາຄືສິຄັກຫຼາຍ,1,1,1,0.834266
ປັບປຸງແນ່ເດີແອັປຄ້າງຕະຫລອດລົງທະບຽນບໍ່ໄດ້ເລີຍ,0,0,0,0.970328
"ມັນຄືຍາກຕາຍແທ້ວະແອ້ບບໍຕອງສາງເຜືອລົງຄວາຍມັນຍາກສີມັດ,",0,0,0,0.78877
ກິໂກ້ນາຄອງ,1,1,1,0.752429
ອັບເດດກົດເຂົ້າແອບແລ້ວເດັ້ງອອກຕະຫລອດແກ້ໄຂແດ່,0,0,0,0.963931
ແຕ່ກ່ອນຍັງເຕີມເກມໃນແອບນີ້ໄດ້ແຕ່ຕອນນີ້ຖືກເອົາອອກແລ້ວບໍ່ອັບເດດຍັງດີກວ່າ,0,0,0,0.884749
ຟີນອ້ງແລະຄອບຄົວກໍາຫລັງຖື້ກທຸກລໍາບາດບໍມີແນ້ວກິ້ນແນ້ວຢູບໍຮູທາງຊອກຫ້າເດີເຄື້ອງໄສກະບໍມີ,0,0,1,0.681867
ເຂດຫຼັກ21 ອໍເດີ້ຖືກຍົກເລີກຕະຫຼອດ ເປັນຫຼາຍເທື່ອແລ້ວ ເສຍເວລາສັ່ງ ປັບປຸງແນ່ເດີ້,0,0,0,0.864733
ລົງທະບຽນໂຄດຍາກຈັງແມ່ນໂພດ,0,0,0,0.860093
ໄມ່ດີ້ເລີ່ຍາເວ່ອ່ດຶສໃງວ,1,1,1,0.7681
ເຮັດວງກ,1,1,1,0.717156
ສຶກສາເພີ່ມເຕີມ,1,1,1,0.760516
ເປັນຫຍັງຄຶອັບເດດບໍ່ໄດ້ເຂົາບັນຊີບໍ່ໄດ້ເລີຍ,0,0,0,0.969815
ການເປີດແອຍບັງໂມ້ຫມດ,1,1,1,0.782913
ດີ ຈິງ,1,1,1,0.856866
ຄໍາຕິຊົມ,1,1,1,0.829928
ເຮັດເປັນເວີຊັ້ນເກົ່າເທາະຈັກແມ່ນອີ່ຫຍັງນິຂີ້ລ້າຍໂພດຫມຸນວົງລໍ່ກະເອົາອອກຖ້າເປັນແບບນີ້ອິກຊິລົບຖິ້ມລະ,0,0,0,0.931066
ຢາກ,1,1,1,0.747244
ເຫ່ກກສດ,1,1,1,0.77715
ທ້າວຈິນ້ານາມທໍາປະເສີດ,1,1,1,0.813113
ແອັບສະບັບປະມວນຜົນຊ້າໂພດ!,0,0,0,0.59531
ສະດວກສະບາຍ ດີ,1,1,1,0.954649
ຕອນນີ້ທາ່ນເປັນຄົນທີ່ທໍາງານຢູ່ເກົາຫີຼໃຕ້,1,1,1,0.742758
ໄຫ້ຄວາມບັນເທີງຖືງົດ,1,1,1,0.767486
ຍຸ່ງຍາກໂພດ,0,0,0,0.763068
ມັກໃຊ້ແອັຍໂມcha ມັກຫລິ້ນເກັມ ຫມູນ,1,1,1,0.780677
ເຂົ້າເວບແລ້ວຈໍເປັນສີຂາວ ບາງຄັ້ງກໍ້ເດັ້ງອອກ,0,0,0,0.561484
ຈັນທະວົງ,1,1,1,0.820142
ຫລິ້ນງ່າຍສະດວກປະຢັດ,1,1,1,0.889133
ເຫັນຄົນໃຊ້ຫລາຍ,1,1,1,0.758663
ເຮັດມາຫຍັງລົງທະບຽນບໍ່ໄດ້ໄປແກ້ໄຂໃຫມ່,0,0,0,0.932881
ຢາກຮູ້ວ່າຈະມີຜົນຕໍ່ການຈັດການກັບໃຈຈາກ,1,1,1,0.818798
ໃຊ້ດີຢູ່ ໃຊ້ລົງທະບຽນເບີໂດຍບໍ່ຕ້ອງໄປສູນບໍລິການ ປະຫຍັດເວລາໄດ້ຫຼາຍເຕີບ ຂໍຂອບໃຈ,1,1,1,0.739911
ຂອງແຮງ,1,1,1,0.775778
ດີສຸດຽ,1,1,1,0.877475
ກໍາລັງດີ,1,1,1,0.848592
ໄຊ້ງານ,1,1,1,0.802469
ຟ້າ,1,1,1,0.826961
ກະໂອເຄຈຮາ,1,1,1,0.758053
ດີໃຈເກີນ,1,1,1,0.726306
ເສຶອ,1,1,1,0.759982
ບໍ່ຄ່ອຍຈະໂອເຄຊ້າໆ,0,0,0,0.679518
ໃຊ້ດີມາກ,1,1,1,0.961792
ຂໍອະນຸຍາ,1,1,1,0.725329
ດີຈິ່ງໆ,1,1,1,0.819357
ພຶນ,1,1,1,0.759982
ພູມໃຈທີ່ສຸດ,1,1,1,0.84146
ປິນິ້ເປັນຢັງຄຶມູນວົງລໍບໍ່ໃດ້ເລິຍ,0,0,0,0.732385
ຍີບນດະໃ,1,1,1,0.759982
ດີສູດໆ,1,1,1,0.817434
ປັບປຸງການເຂົ້າລະບົບໃຫ້ມັນຄືເກົ່າແນ່ ອັນນິບໍ່ມີເນັດກາເຂົ້າບໍ່ໄດ້ອັບເດດມາລະກາ ບໍ່ເປັນຕາຫລີ້ນ,0,0,0,0.971808
ອັບເດດດູກະພໍທົນແທະ ແຕ່ເຂົ້າແອບບໍ່ໄດ້ເລີຍນີ້ ພໍເລີຍ,0,0,0,0.897628
ໃຊ້ດີ ໃຊ້ຄັກ,1,1,1,0.915612
ຫີແມ່ມື່ງເຂົ້າຫຍັງບໍ່ໄດ້,0,0,0,0.871986
ບໍ່ປານໃດໃນເລື່ອງປັກມຸມສະຖານທີ່ ຍັງບໍ່ແນ່ນອນປັບປຸງຕື່ມແນ່,0,0,0,0.651875
ລອງໃຊ້,1,1,1,0.840691
ດາວນີ້ຂໍບໍ່ໄຫ້ເດີເປັນຫຍັງຄື່ລີ້ນຫຍັງບໍ່ໄດ້ເລີຍຈັກມັນເປັນກຍັງຫາແກ່ໄຂໄຫ້ແດ່ຫາເກາະເປັນມື່ນີ້,0,0,0,0.794084
ເປຍຫມູ່ຮັກກ,1,1,1,0.846389
ທ.ລໍຕາ,1,1,1,0.759982
ຍັງຮັກແລະຄິດຮອດຄືເກົ່າ,1,1,1,0.703667
lvb digibank ທັນສະໄຫມວ່ອງໄວ,1,1,1,0.815978
ທັນສະໄຫມ,1,1,1,0.764899
ທຸກຢ່າງຢູ່ທີ່ປາຍສໍາພັດ ນີ້ວມືຂອງທ່ານ,1,1,1,0.73278
ຊື້ຫວຍຜ່ານbcel one ບໍ່ໄດ້ຊັ້ນແອບຄວາມພັດທະນາຕໍ່,0,0,0,0.595977
ມີແຕ່ສີ່ງດີໆຊອບມາກໆ,1,1,1,0.747854
ມີຄຸນປະໂຫຍດ,1,1,1,0.782716
ຊິເບິ່ງໂຕສັດກະເບິ່ງບໍ່ໄດ້,0,0,0,0.816381
ໃຫ້ອັບເດດຕະຫລອດແອັບເຈດີບີນິ,0,0,0,0.766746
ທີ່ດີ,1,1,1,0.889186
ເລັ່ນດີ,1,1,1,0.78503
ດີຫາ້ຍ,1,1,1,0.864953
ຍອດຮິດຕິດດາວເລີຍ,1,1,1,0.785084
ແອັບສົ້ນຕີນແຊັດກະບໍ່ອອກມີເນັດກະຍັງແຊັດບໍ່ໄດ້ເຫ້ຍຫລາຍ,0,0,0,0.947746
ຫມູນໄດ້5000ກີບລະກະບໍ່ໄດ້ຈັກເປັນຫຍັງ,0,0,0,0.904204
ທ່ານຢ່າລື່ມໃສ່ລະຫັດນີ້ເດີ37150415ທ່ານຈະໄດ້ຮັບສ່ວນຫລຸດ10 ທຸກຄັ້ງ,1,1,1,0.757831
ກາກຂະຫນານວິທີບອກໃຊ້ກະບໍ່ເຂົ້າ,0,0,0,0.794259
ອັບເດດແລ້ວມັນບໍ່ໃຫ້ເງິນຟຣີຫມູນໄດ້ແຕ່ຊ່ອງເດີມ,0,0,0,0.800074
ບາດຕ້ອງການໃຊ້ເຂົ້າບໍ່ໄດ້ເນັດມີຢູ່ຍັງວ່າບໍ່ມີເນັດ ກາກແທ້,0,0,0,0.883874
ເປີດກ້ອງສະແກນລະຄ້າງກົດຫຍັງບໍໄດ້,0,0,0,0.833534
ຄື່ເພື່ອນມິດໆສະຫາຍແທ້,1,1,1,0.674908
ດີມາດຕະຖານ,1,1,1,0.780448
ເຊື່ອມຕໍ່ອິນເຕີເນັດບໍ່ໄດ້ ແອັບມັນບໍ່ຍອມໂຫລດຂໍ້ມູນໃຫ້,0,0,0,0.80156
ຄົນເດີມໆ,1,1,1,0.785113
ດີມາກເລີກ ແຕ່ເສຍຂໍຫນື່ງເພາະບໍ່ມີແຟນລົມນໍາເຂົາ. ວ່າຊ້ານ,1,1,1,0.558592
ເຂົ້າເລ່ນກະບໍ່ໄດ້ມີແຕ່ເດັ້ງອອກ,0,0,0,0.950096
ລາວຈໍາ,1,1,1,0.810739
ນຂາ,1,1,1,0.722881
ໃຊ້ດີລົງສະຕໍຣີບໍ່ໄດ້,1,1,0,0.614411
ມັນຢາກມີປັນຫາໃນການໂທ,1,1,0,0.646024
ຕິດຕັ້ງແອັບ,1,1,1,0.604659
ຮີວີວ,1,1,1,0.76043
ສະດວກສະບາຍໃນການຕິດຕໍ່,1,1,1,0.939458
ແອັບກາກເຂົ້າກະບໍໄດ້ບໍສົງລະຫັດotpໃຫ້,0,0,0,0.950414
ດີສູດເລີຍ,1,1,1,0.844044
ດຽວນີ້ເຂົ້າຫຍັງບໍ່ໄດ້ ເປັນພາສາຈີນຫມົດ ກາກກ,0,0,0,0.927272
ກິງ ສີໄຕ,1,1,1,0.773033
mocha ໃຊ້ປະຢັດອິນຕະເນັດດີໃນເວລາຟັງເພງແລະເບິງຫນັງດີຫຼາຍ,1,1,1,0.803732
ຕາມຄວາມຕອ້ງການ.,1,1,1,0.853997
ອັບເດດໃຫມ່ນີ້ຫມຸນໄດ້ແຕ່5ຄັ້ງປົກກະຕິໄດ້10ຄັ້ງຕໍ່ວັນແກ້ໄຂ້ແດ່,0,0,0,0.806796
ສືບຕໍ່ບໍ່ໄດ້,0,0,0,0.889187
ໃຈລໍ້,1,1,1,0.662399
ນາງ ປູ ຫຼວງ ດົມ,1,1,1,0.787841
ເນັດໂຄດຊ້າ ຄັນຊ້າເປັນບາດກະພໍວ່າອັນນິຫລິ້ນເຟສນ່ະເປີດເບິ່ງເມັ້ນຫມຸນຢູ່ບັກດົນໆເອົາໄປເອົາມາພັດຫລິ້ນຮອດບໍ່ໄດ້ເລີຍ ບາດປ່ຽນໄປຫລັກອື່ນພັດປົກກະຕິແຕ່ກ່ອນຄືບໍ່ຊ້າດຽວນີ້ມີບັນຫາຕະຫລອດ,0,0,0,0.958736
ລະບົບສົ້ນຕີນ ໂອນເງິນເຂົ້າລະເຕື່ອນແຈ້ງມາບາດເຂົ້າເບິງຍອມເງິນພັດບໍ່ເຂົ້າ.ລະບົບຊ້າຄືເຕົ໋າ,0,0,0,0.954536
ສູຍພັນທະຍາ,1,1,1,0.764064
"ແອັບກາກໆ ບອກລົງທະບຽນດ້ວຍຕົນເອງ ແຕ່ແອັບກະກາກ ຂ້ອຍສົ່ງລົງທະບຽນຕອນ10ໂມງ ມຶງມາສົ່ງເຊ້ຍຍັງຕອນ23 45 ມຶງເປັນບ້າວ່າ ແລ້ວຂ້ອຍເຂົ້າແອັບມື້ຕໍ່ມາເອົາລະຫັດໂຕເກົ່າໃສ່ກະບໍ່ໄດ້ ໂຕໃຫມ່ຈັກຊາດໃດຈະມາ ກະລຸນາພັດທະນາແດ່ເດີ້ ຂ້ອຍບໍ່ຮູ້ດອກພວກເຈົ້າລົງທຶນກັນຈັງໃດບໍລິຫານຈັງໃດແຕ່ຄົນທີ່ໂຫຼດແອັບອະເຂົາເສຍທັງເງິນມາເຕີມເນັດ ພວກເຈົ້າສົ່ງຂໍ້ຄວາມມາລົງທະບຽນດ້ວຍຕົນເອງນິພິມໃຫມ່ເດີ້ ໄປລົງທະບຽນຢູ່ສູນດີກວ່າເດີ້ laoaap ,my united, onepay, ຄືພັດືະນາດີກວ່າຟະ ສິບອກເດີ້ເຂົາໂຫຼດເຂົາຕ້ອງການຮັກສາຊິມເກົ່າໄວ້ເພາະພວກເຈົ້າແຕ່ແອັບບໍ່ດີຊໍ້າ",0,0,0,0.95286
ເພື່ອຄົນທີເຮົາຮັກ,1,1,1,0.870411
ດີດີດີດີເດັ່ນ,1,1,1,0.788643
ອັບເດຊ້າ,0,0,0,0.968639
ໃຊ້ງ່າຍໆ ສະບາຍໃຜກໍ່ໃຊ້ເປັນສຸດຍອດ!,1,1,1,0.928342
ບໍ່ມີເພງໄທ,0,0,0,0.647698
ເພື່ອໃຫ້ເຟສບຸກ,1,1,1,0.784749
ຮອດຫນ້າຫຼັກລະເຮັດແນວໄດ້ຕໍ່ລະ,0,0,1,0.540875
ໃຊ້ດີເພາະແອບບມີກິກໃນວັອດແອັບໄດ້,1,1,1,0.726308
ທານຄື ທານ,1,1,1,0.771087
ມັກໃຊ້,1,1,1,0.793961
ອື່ນຄືນຮ,1,1,1,0.70058
ມີບັນຫາໃນການເຂົ້າແອັປທຸກຄັ້ງ,0,0,0,0.739404
ອັບເດດດຸໂພດ ຊັກຊ້າ ເສຍເວລາຖ້າແຕ່ otp,0,0,0,0.851054
ຫມຸນວົງລໍ້ໄດ້ແຕ່ແຊບໍ່ໄດ້ຄວນແກ້ໄຂຂໍ້ນີ້ແນ່ເດີ,0,0,0,0.873659
ຊອບມັກຫລາຍ,1,1,1,0.845908
ດີລາຍຊອກແຟນງາຍອີກໄດ້ເມຍໄວ່ສຸດນອດໄປເລີຍ,1,1,1,0.852321
ຊົມເຊີຍ ຂອບໃຈແອັບນີ້,1,1,1,0.850298
ໃຊ້ງານບໍ່ຄ່ອຍດີບໍ່ພັດທະນາ,0,0,0,0.660109
ຍອດຈິງໆ,1,1,1,0.824897
ໃຊ້ບໍ່ດີເລີຍ,0,0,0,0.789933
ສະດວກສະບາຍຫຼາຍມັກແຮງແອັບນີ້,1,1,1,0.9011
ໃຊ້ໄດ້ຜົນດີມີຄຸນຄ່າຢ່າງດີ,1,1,1,0.88173
ລອງເບີ່ງ,1,1,1,0.775503
ໄຊ້ງານດີແຕ່ຍັງຊັກຊ້າດ້ານສັນຍານ,1,1,1,0.781881
ໂປຣໂມຊັ້ນເຕີມດາຕ້າຄູນ2ເບິດແລ້ວກະຄວນເອົາໂຄສະນາອອກ ອັນນີ້ໂຄຊະນາ 2ຍັງຢູ່ແຕ່ເຕີມໄປບໍ່ຄູນ2,0,0,0,0.694398
ເດັ້ງອອກເອງຕະຫລອດ ເປີດໃຊ້ກະຢາກ ຂະຫນາດວ່າຊື້ເອົາໂທສະລັບລ່າສຸດມາໃຊ້ແລ້ວໃດ,0,0,0,0.741524
ເຂົ້າບໍ່ເຄີຍໄດ້ ຫີແຕດ,0,0,0,0.747632
ອຸ່ນຫະພູມສູງເກີນໄປຂໍທີມງານຊ່ວຍແກ້ໄຂໃຫ້ແດ່,1,1,1,0.539747
ຊ້ວງໂຄວິດ ບໍ່ດີການຢາກຊ້າ ບາງເທື່ອກະບໍ່ຮັບອໍເດີເລີຍ ເຮີດ,0,0,0,0.789424
ຫັດໃຫມ່,1,1,1,0.633137
ໂອນເງິນຫາບັນສີbcel one ບໍໃດ້ແກ້ດວນ,0,0,0,0.624173
ແກ້ໄຂຫລາຍຢ່າງຕື່ມຊິບອກຈັກນ້ອຍ1ເດີລະຫັດບໍສົ່ງເວລາລົງໄດ້ເບີ1ຊິລົງເພີມຕ້ອງໂລດໄສ່ນ່ວຍໄຫມ່ລະກະບ່ອນໄສ່ສັກວັກຊີນຄວນປຽນເປັນສໍາມະໂນລະກະບັດປະຈໍາໂຕສະອະນີ້ບັດເສຍໄປໄສ່ລະຊິຫາໄສ່ໄສ່ທ່ານ.ຂອບໄຈ ດາວດງວພໍ,0,0,0,0.706231
ສະບາຍມາກ,1,1,1,0.881134
ດີແຮງ ຄອນເຟີມ,1,1,1,0.789347
ດິີຫບາຍ,1,1,1,0.823763
ຮອ້ງຂໍ ໄຊ້ແອັບ,1,1,1,0.747988
ສັນຍານຂີ້ກະຕືກ ຕືມລາຍເດືອນ ຮ້າຍປານດາຕ້າຟຼີ ໄປເຜົາຖິ້ມສາ ຢູ່ເມືອງຊະນະສົມບູນເດີ ບໍ່ເປັນຕາສະແຕກແຮງແລ້ວ ຊິຫາຢູຫາກິນພໍສ່ໍານີ້ນີ້ຕີ້ ສະຫມັກໃຊ້ລາຍເດືອນແລ້ວພໍມາໃຊ້ ປານຂໍທານໃຊ້ຍັງບໍ່ປານເສຍດາຍເງິນເດ້ ຫັກຄ່າທໍານຽມກະພໍໂພດ ສູຫັກເດືອນລະ3000 ໄປເຮັດແນວນີ້ຫວາສູເປັນຫຍັງບໍ່ພາກັນໄປຕາຍໂລດ ໃຫ້ມັນສົມຄາຫັກ3000 ແນ່ ຈັ່ງແມ່ນພັດທະນາຄັກເນາະ ແຕ່ກ່ອນ2019ເບິ່ງຢູທູບຢ້ານແຕ່ເບິດເນັດຄວາມຄົມຊັດນີ້ຍອມຮັບເລີຍໃຊ້ງານສະດວກປີ2025ໃຊ້ລາຍເດືອນ ສ່ໍາ 1g ກະບໍ່ປານ ຄົນເກົ່າກະປ່ຽນຄົນໃຫມ່ເຄື່ອງເກົ່າກະປ່ຽນເຄື່ອງໃຫມ່ ມັນເຖົ້າມັນເກົ່າກະຊ້າໄປຕາມອາຍຸ,0,0,0,0.959735
ໄມ່ໄດ້ເນີດເລຍ,1,1,1,0.728188
ໃຊ້ງາຍ ສະດວກສະບາຍ ສຸດຍອດຫລາຍ,1,1,1,0.954971
ດີພໍສົມຄວນ,1,1,1,0.770681
ມ່ວນຄັບ,1,1,1,0.796402
whatsappເປັນຫຍັງນໍຮູ້ບໍ່ໄດ້ຫລີ້ນມັນຊິຕາຍແຕດຊິຂາດນີ້ນະຄວນປັບປຸງຍ່າງດວນ,0,0,0,0.847932
ເອີ້ນລົດບໍ່ໄດ້ແຍ່ສຸດໆ,0,0,0,0.886123
ໃສ່ຟິວເຕີ້ບໍ່ໄດ້,0,0,0,0.857231
ສະດວກທັນໃຈປະຢັດເວລາ,1,1,1,0.822057
ຯກຫຫຸຜິ,1,1,1,0.759982
ດີລົມນໍາກິກໄດ້ຫລາຍຄົນ555,1,1,1,0.858432
ດຮຫລາຍ,1,1,1,0.83898
5 ດາວ,1,1,1,0.681543
ເພດ,1,1,1,0.798274
ໂຫລດແອປແລ້ວເຂົ້າບໍ່ໄດ້ແກ້ໄຂໃຫ້ແດ່,0,0,0,0.926674
ເຮັດບໍ່ເປັນ,0,0,0,0.706761
ເຟສບຸກເປັນຫນຶ່ງການສື່ສານທາງດ້ານເທັກໂນໂລຢີທີ່ກ້າວຫນ້າ ແລະ ພວກເຮົາຮຽນຮູ້ມັນ,1,1,1,0.825632
ຈັກອີຫຍັງກະບໍ່ຮູ້ນ້ອງປ້ອນລະຫັດຕາມທີ່ສູນສົ່ງມາພັດມາວ່ານ້ອງປ້ອນລະຫັດບໍ່ຖືກຕ້ອງນ້ອງກະປ້ອນຕາມທີ່ສູນສົ່ງມານະແຫຼະພັດມາບັອກເບີນ້ອງອີກບໍ່ໄຫວແນວນີ້,0,0,0,0.783035
ດີນະ ພັດທະນາກ້ອງຖ່າຍແດ,1,1,1,0.738809
ຮນນີຮຮຄ,1,1,1,0.675395
ຜື້ໃປຜສໃທກຝຶະພພະພພພັໃ,1,1,1,0.783999
ແກ້ໄຂດ່ວນແອບນີ້ໃຊ້ງານບໍ່ໄດ້ແທ້ ໃສ່ເບີໂທລ໊ອກອິນບໍ່ໄດ້ ບັງເທືອສົ່ງລະຫັດມາໃຫ້ແລ້ວພໍກົດລະຫັດເຂົ້າໄປບໍ່ມີເຫັນມີອີ່ຫຍັງເລີຍ ມັນບໍ່ເຫັນຊິງ່າຍຄືໂຄສະນາຢູ່ໃນພາບ ແລະ ໃນເຟສບຸກເລີຍ,0,0,0,0.979947
ຢາກໃຫ້ເອັບໄດ້,1,1,1,0.823124
ສະນຸກມາກກ,1,1,1,0.80422
ນຶກສີສົມພັນ,1,1,1,0.798012
ກຶວ,1,1,1,0.759982
ໃຊ້ແລ້ວສະດວກສະບາຍ ວອງໄວ ທັນໃຈ,1,1,1,0.931235
ເຍະ,1,1,1,0.759982
ຕິດຕັ້ງຍາກໃຊ້ລໍາບາກແອັບໃຊ້ດີດີກະໄດ້ໂຫລດໃຫມ່ລະກະຕິດຕັ້ງບໍໄດ້,0,0,0,0.693863
ສະດວກສະບາຍທຸກການນໍາໃຊ້ຂອງບີຊີອາວັນ,1,1,1,0.932201
ດີເຢື່ອມ,1,1,1,0.770566
ທຸກນະໂຍບາຍດີຫລາຍ ສະສົມຄະແນນເມື່ອຊື້ ໄດ້ເປີເຊັນເມື່ອຜູກທີ່ເຮົາແນະນໍາຊື້ 5 ຢາກໃຫ້ທາງເຈົ້າຂອງແອັບ ລ້າງມູນຄ່າທີ່ເປັນໂມຄະອອກ ເພື່ອເຮົາຈະໄດ້ຮູ້ຈໍານວນເງີນທີ່ຈະໄດ້ຮັບຕົວຈິງ ທ່ານໃດຕິດຕັ້ງ ຢ່າລືມເອົາລະຫັດແນະນໍາໂຕນີ້ໃສ່ເດີເຈົ້າ. ຈະໄດ້ຮັບ10 ເມື່ຶອທ່ານຊື້ເລກຫລືຕື່ມບັດ ເຂົ້າບ່ອນໂປໄຟແລ້ວໃສ່ລະຫັດນີ້ 24570563,1,1,1,0.680348
ຊາແລະເບິ່ງຫັຍງກາຄ່າງ,1,1,1,0.678587
ໃຊ້ສະດວກສະບາຍໃນການຕິດເພື່ອນຫລືຄອບຄົວ,1,1,1,0.9266
ເປັນຫຍັງຈຶ່ງຕ້ອງລັອກເບີເມື່ອຕັ້ງບໍ່ສໍາເລັດ,0,0,0,0.776363
ອັບເດດແລ້ວເຕີມບໍ່ໄດ້ເຮັດແນວໃດບອກແດ່ເຕີມບັດແນວໃດ,0,0,0,0.848234
ປັບປຸງແນ່ເດີ ເດັ້ງແທ້,0,0,0,0.786291
ບໍ່ໄດ້ເລື່ອງ ສັ່ງອາຫານຕ້ອງໄດ້ຖ້າອໍເດີ້ດົນ ປານນັ້ນບໍ່ຕ້ອງກິນເລີຍລະກະແລ້ວ ລະບົບການເຮັດວຽກຈັດການເວລາໂຄດຫວ່ຍ ສັ່ງເຄື່ອງຢູ່ໃກ້ໆນີ້ ປານສັ່ງຢູ່ຫລັກ16ມາຮອດວຽງຈັນ,0,0,0,0.797765
ຮັກແຮ່ງແພງລາຍ,1,1,1,0.768712
ດີຫລາຍ ຖ້າປັບປຸງ ການຄົ້ນຫາຫນັງໄດ້ຫລາຍກວ່ານີ້ຄືສິດີຫລາຍ,1,1,1,0.660021
ບອກເລີຍວ່າດີ,1,1,1,0.706332
ດີໃຊ້ງານງ່າຍສະດວກສະບາຍແຖມມີສ່ວນລົດນໍາອີກ,1,1,1,0.926438
ດີລາຍເອົາໃວລິນເກມ,1,1,1,0.826275
ນໍາໃຊ້ສະດອກດີ,1,1,1,0.823221
ເອົາບັນຫາເລກເດັດລົງຄົງຈະດີ,1,1,1,0.623435
ດີແທ້.ມີລາກຫລາຍໃຫ້ເຮັດແລ້ວຍັງມີເກມອີກ,1,1,1,0.721408
ອ້າຍລັນ,1,1,1,0.815995
ໃສດີມາກໆໆ,1,1,1,0.857628
ເອີ້ນລົດບໍ່ໄດ້ເລີຍ,0,0,0,0.91646
ມີປະສິດຕິພາບດີຂື້ນ,1,1,1,0.857958
ແມ່ນຫຍັງອັບເດດສິໃສ່ເບິໂທລະສັບກະບ່ໄດ້ລະສິສັ່ງແນວໃດນໍ້ບາດນິ ແຊດຫາຢູ່ເພຈເຟດກະບ່ຕອບບບ,0,0,0,0.849273
ເຮົາບໍ່ສາມາດລົງທະບຽນໄດ້ເພາະກໍານົດເວລາໃສ່tpoບໍ່ໄດ້ເຮົາລອງຫລາຍແລ້ວຊວ່ຍແກ້ໄຂ້ແນ່ເດີ,0,0,0,0.802626
ຍາໄປແຄຄົນໄມ້ບໍຮັກ,1,1,1,0.726446
ລືມບໍ່ໄດ້ກະຕາຍໂລ້ດ.ກະໂລ້ດ ອ້າຍຂໍໂສດຮັກເຈົ້າ.ບໍ່ດີໄປອີ້ກບໍໃດ.,1,1,0,0.813718
ໃຫ້ເນັດຕື່ມອີກນອ່ຍ,1,1,1,0.662369
"ດີທີ່ສຸດ,ມັກທີ່ສຸດ",1,1,1,0.863415
ຢາກໃຫ້ທາງນັກພັດທະນາພັດທະນາແອບໃຫ້ເພີ່ມເຕີມແນ່ເດີ ເພາະວ່າລົງທະບຽນແລ້ວກາຍັງຄື້ເກົ່າບໍໄປບໍມາຍັງຖ້າອະນຸມັດອະມັດອີຫຍັງຄືວ່າສອງສາມເດືອນຍັງຄືເກົ່າ ພັດທະນາໃຫມ່ເດີແອບໂຕນີ້ ບໍ່ຜ່ານມັນບໍສະດວກຄົນລົງທະບຽນເຊີນkycເຮັດໃຫມ່ ແອບ why cryzy,0,0,0,0.904728
ເມື່ອຍໃສ່ລະຫັດເປັນ1000ເທື່ອລະຍັງກັບມາຫນ້າເກົ່າກະລະງືດແຕ່ກອ່ນກະລົງໄດ້ຢູ່ປັບປຸງແດ່ເດີ້,0,0,0,0.849815
ແອບໂຕຖຶກໃຈຄັກໃຊ້ວອງໄວໄດ້ໃຈ,1,1,1,0.799474
ບໍ່ໄດ້ ບໍ່ຕ້ອງຂຶ້ນ,0,0,0,0.793597
ອະປາ,1,1,1,0.759982
ຕອນຂ້ອຍຫມູນໄດ້ເງີນຂ້ອຍກົດແບ່ງປັນມັນບໍໄປຫນ້າເຝ໋ດແກ້ໄຂແນ່,0,0,0,0.567023
mochaດີແທ້,1,1,1,0.867922
ມັນຜິດພາດຢາກລົງບຽນໃຫ່ມມັນບໍ່ໄດ້ລຶບແລ້ວໂຫຼດໄຫ່ມຍັງບໍ່ໄດ້ແກ່ໄຂ່ດວ່ນເດີ,0,0,0,0.895693
ຄື່ໃສ່ງານບໍໄດ້ຫວ່າ,0,0,0,0.675101
ບໍລິການໄວທັນໃຈແທ້,1,1,1,0.843516
ດາວໂຫຼດມາແລ້ວລົງທະບຽນບໍ່ໄດ້,0,0,0,0.908969
ຊື້ນເລດ,1,1,1,0.736912
ໃຫ້ດີແນ່ເດີ້,1,1,1,0.795598
ເຮົາໃຊ້ຫລັກ9ກໍສາມາດແຊດຟີໄດ້ແຕ່ໂທບໍ່ໄດ້ສາມາດເຮັດໃຫ້ຄົນບໍ່ມີເງິນເຕີມບັດສະດວກອີກຫນ່ອຍ,1,1,0,0.66996
"ຊສາສ,",1,1,1,0.776142
ຫວ່ຍເກີນ3ຊົ່ງໂມງກາບໍໄດ້ກິນ ຍົກເລີກກາບໍໄດ້,0,0,0,0.802535
ສິລອງເບິ່ງ,1,1,1,0.789309
ມູນດ້ນຫ່ກສ່ຮ,1,1,1,0.709531
ເປີດແອັບ,1,1,1,0.678971
ດີຢ່ຽມທັນໂລກ,1,1,1,0.808641
ໂຫລດມາແລ້ວລົວທະບຽນສໍາເລັ້ດແລ້ວຄືບໍ່ໄດ້ຮັບດ້າຕ້າ10gbເລີຍໃຊ້ວ່າໂຫລດມື້ນີ້ຊິໄດ້ຮັບບໍ່ເຫັນຊິໄດ້,0,0,0,0.916331
ແປກໃຈກົດທົງລະບຽນດ້ວຍເບີພັດບໍ່ສົ່ງລະຫັດລັອກອິນໃຫ້,0,0,0,0.829521
ໃຫ້ເງີນເນັດຫລາຍໆແນ່ເດີ,1,1,1,0.707266
ອັພເດດໃຫມ່ເປັນຫຍັງຄືຕ້ອງຂໍສິດເຂົ້າເຖິ່ງໄມໂຄໂຟນ. ອັພກ່ຽວກັບທະນາຄານບໍ່ຈະເປັນຕ້ອງໃຊ້ສິດນີ້,0,0,0,0.687226
ມີໄຊ,1,1,1,0.741451
ອັບເດດຕະຫລອດ,0,0,0,0.895203
ມັກຫລາຍໄຊ້ດີ,1,1,1,0.926673
ແອບແຊັດ ເຟດ,1,1,1,0.616153
ສຸດຍອດຄວາມແພງ,1,1,1,0.811791
ຂັອຍກໍາລັງຮຽນໃຊັສະນັ້ນຂັອຍຈິງບໍ່ມີປະສົບການຫລາຍແຕ່ວ່າໃນການໃຊັແອບນີ້ຂັອຍວ່າດີບໍ່ວ່າການໃຫັບໍ່ລິການແລະອື່ນໆກໍ່ຖືວ່າດີເນາະສະເພາະຂັອຍໄດັໃຊທີຜ່ານມານີ້.,1,1,1,0.80405
ເປັນເມືອງທ່ອງທ່ຽວປະຫວັດສາດວຽງໄຊແຂວງວຽງຈັນຈັບຢູ່ຄໍາມ່ວນແຂວງຈໍາປາສັກແລ້ວຈະໄດ້ມີຂຶ້ນທ່າມການຄ້າຕ່າງກັນຄືແນວໃດການສຶກສາຊັ້ນປະຖົມໃຫ້ເອົາໃຈໃສ່ສຶກສາອົບແຫ້ງໄປຈູດເຜົາເຮືອນທີ່ຄົບຢູ່ໃນປີມີຄວາມຫມາຍແນວໃດຕ່າງກັນຄືແນວໃດການສຶກສາຊັ້ນປະຖົມໃຫ້ເອົາໃຈໃສ່ສຶກສາອົບແຫ້ງໄປຈູດເຜົາເຮືອນທີ່ຄົບຢູ່ໃນປີມີຄວາມຫມາຍແນວໃດຕ່າງກັນຄືແນວໃດການສຶກສາຊັ້ນປະຖົມໃຫ້ເອົາໃຈໃສ່ສຶກສາອົບແຫ້ງໄປຈູດເຜົາເຮືອນທີ່ຄົບຢູ່ໃນປີມີຄວາມຫມາຍແນວໃດຕ່າງກັນຄືແນວໃດການສຶກສາຊັ້ນປະຖົມໃຫ້ເອົາໃຈໃສ່ສຶກສາອົບແຫ້ງໄປຈູດເຜົາ,1,1,1,0.772418
ອັນໃດບໍ່ໄດ້,0,0,0,0.816269
ດີແຮງມັກເບິດໃຈ,1,1,1,0.855731
ແບບເກົ່າຍັງດີກວ່າເວີຊັ່ນໃຫມ່ໂຄດກາກ,0,0,0,0.845572
ແອັບລາວຕາຍ ຫມູນຖືກແຕ່ຜີ,0,0,0,0.668125
ຄ້ຈືຍຊ້,1,1,1,0.707524
ເຈີຍໃນ,1,1,1,0.826241
ຫນ້າແອັບໂຊກໄຊຄືບໍ່ບອ່ນຊໍາລະດວ້ຍຄະແນນຄືເກົ່າຄະແນນສະສົມເຮົາມີຫລາຍແຕ່ຕື່ມບັດດວ້ຍຄະແນນຫລືຊໍາລະຄ່າດວ້ຍຄະແນນກະບໍ່ໄດ້ຄືເກົ່າເປັນແນວໄດ໋ປັບປຸງແນ່ເດີ,0,0,0,0.792005
ໄຊີທີ່ສຸດ,1,1,1,0.843787
ສຸດຍອດບໍລິການວອ່ງໄວທັນໃຈ,1,1,1,0.883422
ເຮຄ,1,1,1,0.759982
ວັນແກ້ວ,1,1,1,0.735897
ມັນບໍ່ມີອັນແທັກ,1,1,0,0.698225
ຕອນນີ່ອັບເອດແລ້ວເຂົ້າແອບບໍ່ໄດ້ ປັບປຸ້ງໃຫມ່ແນ່,0,0,0,0.9476
ຂອງດີ.,1,1,1,0.80637
ເປັນການສື່ສານທີ່ດີ,1,1,1,0.855691
ສົນໄຈມາກຄະ,1,1,1,0.786405
ມາຫມ້າ,1,1,1,0.736925
"ຢ່າລໍຄວາມພອ້ມລົງມືທໍາເລີຍ, .",1,1,1,0.716917
ແອັບເຂົ້າບໍ່ໄດ້ ລະບົບຊ້າແຮງ,0,0,0,0.963086
ຂໍໄຫ້ຕິດງ່າຍໂທທຸກຄັ້ງປັບປຸງອຶກນິດສິຄອມເມັ້ນ5ດາວໄຫ້,1,1,1,0.632516
ໂຫລດໃຫ້ໄດ້ນໍາເດີ,1,1,1,0.710833
ບັນຊີລົບບໍ່ໄດ້,0,0,0,0.870931
ບໍ່ໄດ້ເລື່ອງ ແຮງປັບປຸງແຮງເຂົ້າບໍ່ໄດ້,0,0,0,0.948048
ດີງ່າຍຕໍ່ການຕິດຕາມພັດສະດຸ,1,1,1,0.832969
ດີ ເລີດ,1,1,1,0.838163
ດີເຂົ້າ,1,1,0,0.51305
ແມ່ມືງເອີຍລົງທະບຽນບໍ່ໄດ້ໃສ່ເບີມັນຂຽນວ່າເບີບໍ່ຖືກຕ້ອງປັບໃຫມ່ແດ່,0,0,0,0.902761
ແອບບໍສົມບູນແບບ,0,0,1,0.517815
ຢ່ກລ້ວາມ,1,1,1,0.766715
ສະບາຍບໍ່ມີເນັດກະຫລີ້ນໄດ້,1,1,1,0.527897
ອັບເດດບໍ່ເຫັນມີຫຍັງດີຂຶ້ນອັບເດດດຸຕາຍແທ້,0,0,0,0.886153
ເຮັດດີແລ້ວ,1,1,1,0.832707
ສັ່ງງ່າຍໆ,1,1,1,0.783281
ສໍາລັບຂ້ອຍຖືວ່າດີ ພັດທະນາຕໍ່ໄປ,1,1,1,0.873272
ໃຊ້ແອັບນີມາຍອມຮັບວ່າສະດວກສະບາຍໃຊ້ຕິດຕໍ່ຫຍັງກະງ່າຍຂື້ນ,1,1,1,0.853528
ທັນໃຈຢ່າງວ່ອງໄວ,1,1,1,0.879129
ດີແບບຄວຍ,1,1,1,0.762484
ຫລື້ນມວ່ນຫລາບ,1,1,1,0.780011
ໃຊ້ໄດ້ດີວອ່ງໄວໄດ້ໃຈ,1,1,1,0.892352
ເວົ້າໄດ້,1,1,1,0.729602
ສັນຍານດີບໍມີສະດຸດ,1,1,1,0.814724
ບໍ່ລິການໄວມາກກກ,1,1,1,0.702279
ດີຫລາຍແອັບນີ້.ບໍ່ມີເນັດ.ກະຊ່ວຍໄດ້,1,1,1,0.654945
ມີລະບົບສະແກນລາຍນີວມືເພື່ອ login ແຕ່ບໍ່ສາມາດໃຊ້ງານໃດ ຖ້າລະບົບສົມບູນລະຈະໃຊ້ເດີ,0,0,0,0.707222
ສຸດຍ່ອເລຍ,1,1,1,0.807569
ຊ່ວຍແກ້ໄຂໄວໆແນ້ໄດ້ບໍ ໂທຟີຮກະບໍ່ໄດ້ຫລີ້ນເກມສັ້ນເອົາເງິນກະແຊອອກບໍ່ໄດ້ຖ້າບໍ່ມີເງິນເນັດ ອັບເດດໄຫມແນ້ຊ່ວຍແກ້ໄຂໃຫ້ເປັນແບບເດີມດີກວ່າເປັນແບບນີ້ຊໍາ,0,0,0,0.90703
ແກ້ໄຂແນ່ແອປນີ້ເຂົ້າບໍ່ໄດ້ ດ່ວນ ແກ້ໄຂ່ດ່ວນແອັບນີ້ເຂົ້າລະເດັ່ງອອກ,0,0,0,0.938173
ບໍ່ມີຟັງຊັ້ນສະຫມັກ mastercard ຄືຂອງຄົນອື່ນ ຍ້ອນຫຍັງ?,0,0,0,0.664832
ທີບໍ່ຮູ້ຈັກ,1,1,1,0.725478
ວະບາຍເປັນຫຍັງຄືເຂົ້າບໍ່ໄດ້ນໍປັງປຸງແດ່ເດີເຂົ້າລະເດັງອອກຕະຫລອດ,0,0,0,0.959443
ຂໍພຽງຄວາມຊື່ສັດຊື່ຕົງໂປງໃສກໍດີແລ້ວ,1,1,1,0.758159
ແຟດ,1,1,1,0.759982
ໂອນເງິນອອກຈາກແອບໄປໃສ່ເບີບ່ໄດ້ແກ້ແນ່ເດີ,0,0,0,0.817084
ມີເຫດພົນ,1,1,1,0.786825
ໃຊ້ໂຄດດີເລີຍ,1,1,1,0.761485
ສະແກນຈ່າຍບໍ່ໄດ້ຕະຫລອດ,0,0,0,0.6425
ພໍໃຊ້ໄດ້,1,1,1,0.84637
ຂໍສືກສາທາງເຕັກນິກເພີ້ມເຕີມ,1,1,1,0.714816
ທະນາຄານມືຖືຂອງຢູນິເທວ ໃຊ້ໂອນຜ່ານ4ຊ່ອງທາງໄດ້ແລ້ວ,1,1,1,0.617774
ບໍ່ຄ່ອຍດີປານໃດ,0,0,0,0.640523
ໃຊ້ງານດີແທ້,1,1,1,0.918009
ດີໃຈແຕກໍເສຍເງິນລາຍ,1,1,1,0.555071
ຮາໆ,1,1,1,0.759982
ຂໍໂລກໃຫ້ໄດ້,1,1,1,0.83611
ໂຄດດີເລີຍ,1,1,1,0.781374
ຮັບອໍເດີຊ້າ,0,0,0,0.636494
ຜູ້ເຂົ້າຊົມ,1,1,1,0.732933
ເສີ່ຍແງ່ນ,1,1,1,0.716644
ເຕົາເອີລາວໂລ,1,1,1,0.748702
ແອັບນີ້ໃຊ້ດີຫຼາຍ ສໍາລັບໃຜທີ່ຕິດຕັ້ງໃຫມ່ ນີ້ແມ່ນລະຫັດຜູ້ແນະນໍາເນີ78360449,1,1,1,0.849954
ບ່າວມົ້ງລີ,1,1,1,0.770138
ເປັນຕາຍຫຍັງກະບໍ່ຮູ້ບໍ່ມັກຮັບລູກຄ້າ,0,0,0,0.875791
ບໍ່ມີເງິນຝາກ555,1,1,0,0.629574
ໃຊ້ສະດວກກວ່າເກົາ,1,1,1,0.721818
ໃຈາທີ່ສາ້ງແອບນີ້ຂື່ນມາ,1,1,1,0.704183
ຈະເປັນຄົນດີໃຫ້ພວກທ່ານນະ,1,1,1,0.870824
ແພັກເກດນາທີໂທມັກມີບັນຫາຄືເວລາຕັ້ງນາທີໂທຕັດເງີນໄປແລ້ວແຕ່ຈໍານວນນາທີບໍຂື້ນ,0,0,0,0.646743
ເຂົ້າລະເດັງອອກກັບມາຫນ້າotp,0,0,0,0.796112
ມັນກະໃຊ້ງານງາຍໆພຽງແຕ່ຕ້ອງໃຈເຍັນໄຊ່ໃຈໄນການອ່ານຂໍ້ຄວາມທີສູນສົ່ງມາເບິ່ງລາຍລະອຽດຂັນຕອນຕ່າງໆແລະກະເຮັດໄຫ້ຄົບທຸກວີທີທີ່ສູນໄຫ້ເຮັດມັນກະໄດ້ສໍາເຮັດດ້ວຍດີບໍ່ແມ່ນເອົາແຕ່ອາລົມໂຕເອງເຊັນຕອນໄຫ້ໄຊ່ເຂົ້າແອັບຕ້ອງໄຊ່ເບີໂທຂື້ນກ່ອນຕ້ອງ20ບໍ່ແມ່ນ020ຂ້ອຍແອັບນີ້ດີແຕ່ຕ້ອງປັບປຸງເລືອງການໃຊ້ງານໄຫ້ດີກວ່າຫນີ້ແລະໄຫ້ມັນຫຼາກຫຼາຍໄນການໃຊ້ງານອື້ນໆ,1,1,0,0.503683
ໂທທາງແມັກເຊັ່ນເຈິມັນສະດຸດ,1,1,1,0.749914
ເຂົ້າ ໂຫລດແອັບບໍໄດ້,0,0,0,0.924578
ດີຫລາຍທັນໃຈວອງໄວ,1,1,1,0.932605
ຢູ່ທີ່ສ ປປ ລາວ,1,1,1,0.775752
ແອັບເມື່ອອອກຈາກລະບົບແລ້ວເຂົ້າກະບໍ່ໄດ້ເລີຍຖ້າບໍ່ມີເນັດ,0,0,0,0.963603
ດີມາກແຕາຊ້ານ້ອຍນຶ່ງ,1,1,1,0.674655
ແອັບນີ້ດີລາຍ,1,1,1,0.863099
ໄຊ້ໄດ້ດີແລະພໍໃຈທີ່ໄດ້ບໍລິການ,1,1,1,0.911531
ຖາວອນ ຂອບໃຈສໍາລັບທຸກການພັດທະນາຂອງທ່ານ.,1,1,1,0.869638
ບໍ່ເຫັນມີວົງລໍ້,0,0,0,0.853538
ລະບົບມັກຂັດຂ້ອງໂພດ,0,0,0,0.813889
ໄວ້ຂໍເບີສາວ,1,1,1,0.762567
ແອັບໂຄດບໍ່ດີ່ສັ່ງ1ໄດສອງເກືອບບໍ່ມີເງິນຈ່າຍເນາະໄຮເດີ້ກະຫິວເງິນ,0,0,0,0.853574
ຄັກແຮງໃຊ້ງ່າຍສະດວກສະບາຍ,1,1,1,0.949256
ອິນບອກບໍ່ໄດ້,0,0,0,0.910844
ເຮົາໂອນເງີນໃຫ້ອ້າຍ5000ໂອນແລ້ວເງີນບໍ່ເຂົ້າແຖມເຮົາຍັງເສຍເງີນນໍາ,0,0,0,0.744601
ສຸດຍ້ອດເລີຍ,1,1,1,0.816618
ກວດສອບແນ່ຕື້ມບັດບໍ່ໃດ້,0,0,0,0.743027
ສັນລຸ້ນໂຊກແລ້ວບໍໄດ້ຍັງຖືກແຕ່ຂໍຂອບໃຈຝາກແກ້ດ່ວນ,0,0,0,0.729527
ສັ່ງທຸກຄັ້ງ ມີປັນຫາທຸກຄັ້ງ ເຫນື່ອຍຍຍ,0,0,0,0.538454
ຂອ້ບໃຈ,1,1,1,0.834475
ມັກເກມກອບ,1,1,1,0.705804
ເອອເຕຮ່ຍ,1,1,1,0.764405
ຕອ້ງການຕອນນີ້,1,1,1,0.772083
ທີ່ງ,1,1,1,0.85667
ດີຫລາຍແອັບນີ້ ຕັ້ງເງິນເນັດກະໄດ້ຄູນ2,1,1,1,0.543518
ຕຸ້ຍນ້ອຍ.ພູມມີຈິດ,1,1,1,0.793137
ສະດວກສະບານ,1,1,1,0.945829
ຕ້ອງການພາສາລາວ,1,1,1,0.840967
ຈາກມ,1,1,1,0.733479
ໃຊ້ດີຫລາຍໆ,1,1,1,0.978515
ທັງຫມົດເລີຍ,1,1,1,0.778273
ຢາກໄດ້ເວີຊັ້ນໃຫ່ມ,1,1,1,0.575628
ອັບເດດໃຫມ່ແລ້ວບອກເຊີນມູເຊີນແລ້ວມຸນຕໍ່ບໍໄດ້ບອກຫວ່າທ່ານປະຕິບໍ່ສໍາເລັດ ແກ້ໄຂກວນໆ ແມ໋ງເສຍເນັດກູຊື່ໆອຸສາອັບເດດໃຫມ່ຄິດຫວ່າມັນຊິດີກວ່າເກົາສຸດທ້າຍກະຄືເກົ່າ.ຄວາຍ,0,0,0,0.934322
ນັງໂປໍຈີນ,1,1,1,0.800006
ໃຊ້ບໍລິການດີ ຝາກຮຸ່ງອາລຸນ ຂົນສົ່ງຕະຫຼອດ,1,1,1,0.601106
ຕົ້ນ,1,1,1,0.700565
ນີພອນ,1,1,1,0.795298
ຢາກເຟສບຸກອັປເດທມີພາສາລາວໃນແອັປ,1,1,1,0.713116
ທັນສະໄຫມຂື້ນແລ້ວ,1,1,1,0.715006
ໄດ້ແລ້ວ,1,1,1,0.728489
ໃຊ້ຍາກພິມເບີໃສ່ຄືວ່າບໍ່ຖືກຕ້ອງ,0,0,0,0.794195
ມັນສຸດຍອດອີຫລີ,1,1,1,0.838442
ປອດພັຍ,1,1,1,0.758794
ໂຄດຍາກເຂົ້າກະຍາກບໍ່ໄດ້ຊ້ໍາບາງທີ່,0,0,0,0.940366
ແອຟດີຫລາຍ,1,1,1,0.976022
ສຸດຍອດເລີຍຈາ,1,1,1,0.890169
ໃຊ້ດີ ສະດຸດເລັກນ່ອຍແຕ່ກະຖືວ່າໂອເຄຢູ່,1,1,1,0.863298
ຢາກກິນເຂົ້າປຽກຖ້ວຍ 18.000ກີບ ຕ້ອງໄດ້ຈ່າຍ 30.000 ບ້າໄປແລ້ວ ຄ່າສົ່ງແພງເກີນນ,0,0,0,0.768894
ສັ່ງອາຫານແລະບໍ່ສົ່ງລະຫັດມາໃຫ້ຈັກເທື່ອເຮັດໄປເພື່ອສັ່ງລະບໍ່ໄດ້ຫຍັງເສຍເວລາ,0,0,0,0.952481
ເອົາໄປ5ດາວ,1,1,1,0.792219
ໃສ່ໄດ້,1,1,1,0.693682
ໄດ້ປະສົບການໃຫມ່ໆ,1,1,1,0.906243
ໂອໂຫ,1,1,1,0.775517
ປັບປຸງດ່ວນເດີ,0,0,0,0.668648
ໃຊ້ງ່າຍ ແລະ ຊື້ເລກກໍ່ໄດ້,1,1,1,0.751434
ເປັນຫຍັງຕອນນີ້ ໃຊ້ງານບໍ່ໄດ້,0,0,0,0.930482
"ເປັນແອັບທີ່ດີ, ຊ່ວຍອໍານວຍຄວາມສະດວກໃນການເດີນທາງພາຍໃນ ນະຄອນຫຼວງວຽງຈັນ,",1,1,1,0.808562
ຈ່າລະ,1,1,1,0.737946
ຈຮາ,1,1,1,0.817011
ໃຊ້ດີໆໆ,1,1,1,0.923735
ໃຫ້ເປັນທີ່ຮູ້ຈັກຂອງຄົນລາວ,1,1,1,0.827923
ເຊີນຫມູ່ບໍໄປໄດ້ມັນບອກວ່າເກີດຂໍຜິດພາດ ແກ້ໃຫ້ນ້ອຍ ຂໍຂອບໃຈ,1,1,0,0.627485
ປຮໍາສໍານໍາ,1,1,1,0.767173
ດິ ດີ,1,1,1,0.831805
ທັນສະໄຫມທັນໃຈ,1,1,1,0.807564
ມັນໃສງ່າຍດີ,1,1,1,0.842402
ອັບເດດແລ້ວຫລີ້ນຍັງບໍ່ໄດ້,0,0,0,0.91371
ໄຊດີຫຼາຍ,1,1,1,0.941426
5ດາວສົງໄປ,1,1,1,0.721132
ເອົາເປັນເຟດເກົາໄດ້ບໍ,1,1,1,0.766755
ດີຈັງເລີຍ,1,1,1,0.658256
ໃວນຸຜປູດູ ຝາກດ່າລວມ. ລ ຂ,1,1,1,0.801441
ເປັນແອັບທີ່ເຮົາໃຊ້ປະຈໍາວັນ,1,1,1,0.757735
ແຕ່ກອນມັນກະດີແລ້ວແຕ່ດງວນີອັບເດດໃຫມ່ມັນບໍໄດ້ຫຍັງເລີຍ,0,0,0,0.898887
ກະດີຢູ່ແຕ່ຢາກໃຫ້ເຟສສາມາດເບີ່ງຮູບໄດ້ຄືເກົ່າເວລາເມີດເງີນ,1,1,1,0.777549
ຖາວອນ .,1,1,1,0.777388
ຄັກຢູ່ ແຕ່ໃຫ້ອັບເດດດຸໂພດ,1,1,0,0.527304
ຫາູສິຍູ,1,1,1,0.743844
ພູມໄຈຫລາຍ,1,1,1,0.815923
ຈໄຈ,1,1,1,0.759982
ອິນເຕີເນັດຊ້າຫຼາຍ,0,0,0,0.722319
ອັບເດດໃຫມ່ບໍ່ຄັດເລີຍເຂົ້າແອບຍາກເກີນ,0,0,0,0.943544
ດີໃຈທີ່ໄດ້ຮັບຜົນ,1,1,1,0.835937
ໃຊ້ງານສະດວກ,1,1,1,0.876374
ຂໍໄຫດີແດ,1,1,1,0.874338
ໂລດມາສັນມື້ທໍາອິດລົງເຟສໄດ້ສັນມື້ຕໍ່ມາແມ່ນລົງບໍ່ໄດ້ຄັນແນວນີ້ຈັກຊິພະລິດແອັບເພືອຫຍັງບໍ່ເຂົ້າໃຈເລີຍ,0,0,0,0.832322
ດີ ແຕ່ມື້ນີ້ເຂົ້າແອັບບໍ່ໄດ້ເລີຍ,1,1,0,0.897303
ມັກມາກ,1,1,1,0.804203
ບໍ່ຂໍໃຫ້ດາວແອັບຊ້າແຮງ ຖ້າຂໍ້ຄວາມດົນແຮງ ໃຜທີ່ຄິດສິລົ່ງແອັບໂຕນິຜິດຫວັງ100 ຊ້າແຮງບໍ່ໄຫວ,0,0,0,0.764326
ແອບນີ້ໃສ້ດີມາກສຸດຍອດ,1,1,1,0.836194
ໃຊ້ການສື່ສານດີເກີນຄາ,1,1,1,0.823626
ດີຫາຼຍແອັບຕົວນີ້,1,1,1,0.619738
ມັກ ຖືກໄຈສຸດ.,1,1,1,0.801783
ເປັນແອັບທີ່ໃຊ້ດີຫລາຍ,1,1,1,0.922916
ໃສ່ເພລງກະບໍ່ໄດ້,0,0,0,0.870343
ດີໄຊ້ໄດ້ແລ້ວ,1,1,1,0.817529
ປັບໃຫ້ແດ່ ຮູບທີ່ຫມູ່ສົ່ງໃຫ້ມັນບໍ່ເຂົ້າເຄື່ອງ ບໍ່ຮູ້ວ່າເປັນຍ້ອນຫຍັງ,0,0,0,0.790857
ຫຼິ້ນເກມຊະນະແລ້ວບໍ່ເຫັນຊິໄດ້ເງິນ ຫຼອກລວງຜູ້ບໍລິໂພກ,0,0,0,0.804006
ຍາມເຂົານອນລະສົ່ງລະຫັດມາແມ່ມັນຍັງບາດກູລົງລະບຽນຄືບໍ່ສົ່ງລະຫັດມາໃຫ້ ລົບກວນເວລາເຂົານອນລະລາສົ່ງລະຫັດມາແຕ່ຕອນ3ໂມງເຊົ້າສົ່ງມາເພືອຫຍັງ,0,0,0,0.921206
ອັບເດດບໍ່ໄດ້ປັບປຸງແນ່,0,0,0,0.977492
ດີຈັງ,1,1,1,0.774945
ປອດໄຟວອງໄວຕ້ອງ lvb digibank,1,1,1,0.821407
ເບີ່ງstory ບໍ່ໃດ້ແມ່ນເປັນຫຍັງແກ້ໄຂດ່ວນ,0,0,0,0.910784
ຂອບໃຈຄົນລາວທຸກຄົນfcເລີຍ,1,1,1,0.86856
ໂຄດກາກເລີຍແອັບນີ້ ທັກຫາເຂົາແຕ່ມື້ວານຈົນປານນີ້ກະຍັງບໍ່ຕອບ ຍ່າໂລດມາຫລີ້ນເດີສູກາກໂພດແອັບຮ່ານິ,0,0,0,0.910036
ໂທບໍ່ໃດ້,1,1,0,0.793284
ບໍ່ສາມາດເຕີມເນັດ10.000ໄດ້,0,0,0,0.700427
ໃຊ້ງ່າຍສະດວກສະບາຍວອ່ງໄວທັຮໃຈ,1,1,1,0.954609
ຫມູນວົງລໍ້ບໍ່ເຄີຍໄດ້ລາງວັນ ມີແຕ່ຖືກບັງເພັງຮ່ວມກັນທຸກຄັ້ງແລ້ວຈະໃຫ້ຫມູນເພື່ອ?,0,0,0,0.686623
ແອບໂຄດກາກ,0,0,0,0.845662
ເວີຊັ່ນໃຫມ່ນີ້ແທ້ບອກເລີຍວ່າບໍ່ເຂົ້າໃຈຫຼິ້ນ.!ງົງຫລາຍ,0,0,0,0.676678
ຕ້ອງການເປີດໄຊ,1,1,1,0.815989
ດີຫາຍງດີໆ111,1,1,1,0.877479
ແອບຫາແດກໂຫລດມາເສີຍເງີນຫລາໆ ຕັ້ງບໍ່ໄດ້ເຮັດມາເພື່ອ.ຄວຍ,0,0,0,0.87732
ຮັກໃນສິ່ງທີເປັນ,1,1,1,0.833372
ສຸດຍອດໆ,1,1,1,0.920593
ບໍ່ມີຄວາມກ້າວຫນ້າເລີຍຍາມເລີກໍ່ຖືກອັບເດດສະຖານນະຄັນບໍ່ກໍຖືກຟັງເພງຮ່ວມກັນບໍ່ໄດ້ຖືກເງິນຈັກເທື່ອຜິດຫັວງກັບແອບນີ້,0,0,0,0.861561
ຊິນຮີມ ຊອກພວກເຂົາເຈົ້າ ສຶກສາເຟີ່ມເຕີມ ນບບາລ ຮບ ພາຍໃນ,1,1,1,0.760748
ຄໍາເຫນືອງພົມະນີ,1,1,1,0.779159
ຊວຍງາມ,1,1,1,0.851789
ແບ່ງປັນບໍໄດ້,0,0,0,0.649204
ຫມຸນຖືກເງີນແນັດແບ່ງປັນບໍ່ໄດ້ເລີຍຄວນປັບປຸງແດ່,0,0,0,0.872999
ປ່ຽນພາສາບໍ່ໄດ້,0,0,0,0.739646
ໄຊທອງ,1,1,1,0.799974
ມັກຫລາຍຍຍ,1,1,1,0.854653
ຢາກມີເພືອນ,1,1,1,0.813999
ໃຊ້ງ່າຍ ປອດໄພ ຈະສົ່ງຂໍ້ຄວາມ ຫຼື ຈະໂທ ວິດີໂອ ຄວາມໃກ້ສິດ ທີ່ສະດວກ.,1,1,1,0.774063
ໄຫ້ອັບເດັດຕະຫຼອດ,1,1,0,0.688835
ສູນຂັ້ນທີ່ເຕ່ງ,1,1,1,0.749425
ຊອກຫາເພືີ່ອນໃນແອັບນີ້ກໍ່ສະດວກແລະສີ່ງໆໃຫມ່ໆ,1,1,1,0.785006
ບໍລິການດີເລີດໃນການບໍລິການດ້ານທະນາຄາຍ,1,1,1,0.785171
ມໍສາມ,1,1,1,0.739822
ເປັນຫຍັງຕ້ອງບັງຄັບໂຫລດ ?,0,0,0,0.633857
ມັກແອບນີ້,1,1,1,0.729306
ໂຫລດມາແລ້ວແຕ່ເຂົາແອັບບໍ່ໄດ້ຫຍັງຢູ່ນາລອ໋ກນິ,0,0,0,0.918095
0ດາວກະບໍ່ໄດ້ ໃຊ້ຍາກ ສະແກນກະບໍ່ໄດ້ບາດໂອນໄດ້ບາດໂອນບໍ່ໄດ້ມີບັນຫາຫລາຍຢ່າງ,0,0,0,0.963113
ອັບເດດໃຫມ່ລະເຂົ້າບໍ່ໄດ້,0,0,0,0.953046
ອັບເດດມາໃຊ້ງານລໍາບາກຫລາຍເຂົ້າກະບໍ່ໄດ້ຢາກຈ່າຍເງີນຄ່າສີນຄ້າກະບໍ່ມີຈ່າຍ ຢາກສູນເດະ,0,0,0,0.910251
ຫນຸນບໍໄດ້ອີກແລ້ວໃຫ້ແຕ່ເຊີນເພື້ອນແກ້ໄຂແດ່,0,0,0,0.768823
ເຫັນວ່າມັນມີຄົ້ນຄ່າເພາະຊວ່ຍເຮົາໄດ້ທຸກຢ່າງ,1,1,1,0.780258
ບໍ່ຕ້ອງໂຫລດເດີ້ລົງທະບຽນບໍ່ໄດ້ດອກແມ່ມັນນີ້ປານນັ້ນວ່າລົງທະບຽນຜ່ານແອບນີ້ກະໄດ້ຮູຂີ້ກູນີ້,0,0,0,0.928052
ຟໂຈ,1,1,1,0.759982
ພັດທະນາຂື້ນໄດ້ດີຫລາຍສະແກນການຄ້າໄດ້ແບບສະບາຍສຸດຍອດ,1,1,1,0.908301
ງາມດີ,1,1,1,0.851333
ເຄຄັກສຸດ,1,1,1,0.811432
ເປັນຫຍັງຂ້ອຍຕັ້ງລາຍຊື່ແອບບໍ່ໄດ້,1,1,0,0.799602
ເກົ່າ,1,1,0,0.612514
ອີສີ,1,1,1,0.763887
ແອັບມັນຄືເຂົ້າບໍ່ໄດ້,0,0,0,0.939359
ທ.ກອງມະນີ.,1,1,1,0.796668
ຄືຫລັກມື້ວານນີ້ກະໃດ້150bataກະໃຫ້ບໍ່ໃດ້ອີກມື້ນີ້ມູນຖູກ100 ກັບ200.ກະບໍາໃຫ້ນີ້ຫວະຊໍານີ້ກະເຮັດນໍາລູກຂ່າລົບຖິມດີກ່ວາເປືອງເນັດລ່າງໆ.ສົນຕີນ.,0,0,0,0.806188
update ແລ້ວເຂົ້າລະບົບ ແລ້ວ ມີແຕ່ ເດັ່ງ ອອກ ເປັນແບບນີ້ທຸກເທື່ອເລີຍ,0,0,0,0.854504
ດອນແສງວິໄລ,1,1,1,0.774969
ບອກຕາຍແຕ່ອັບເດດ ທຸກມື້ ໂພດໂພແທະ,0,0,0,0.753324
ຢາກຫົວ,1,1,1,0.632266
ເຈີແຕ່ເດັກນັກຮຽນຕິດເກມມາຕົວະເຕິມເນັດ,0,0,1,0.654491
ໂຫຼດແລ້ວລົງທະບຽນບໍ່ໄດ້,0,0,0,0.878344
ໃຊ້ດີມາກຄ່ະ,1,1,1,0.909735
ຄວນມີພາສາລາວແນ່,1,1,1,0.660795
ຖ້າສາມາດໃຊ້ກັບ app true wallet ໄດ້ກະຄົງຈະດີ ພັດທະນາຕໍ່ໄປເດີ,1,1,1,0.799885
ໃຊ້ຍາກໂພດ,0,0,0,0.81156
ອັບເດດແລ້ວບໍ່ດີຄືໂຕເດີນ,0,0,0,0.861602
ເຄເຕ,1,1,1,0.763338
ຄົບຈົບຢູ່ໃນແອັບດຽວ,1,1,1,0.747828
ໃຊ້ດີສະດອກໃນການໂອນ,1,1,1,0.856096
ຢາກໃຫ້ໃຊ້ໂອນຕ່າງທະນາຄານໃດ້,1,1,1,0.811032
ຍິນດີຕ້ອນຮັບ,1,1,1,0.818248
ຮັກເດີ whatsapp,1,1,1,0.816777
ໂລດແອບຫ້ອຍເທື່ອກະຍັງເຂົ້າບໍ່ໄດ້ ອາລົມເສຍສຸດ,0,0,0,0.9351
ແກ້ໄຂ້ໃຫ້ແນ່ປັ່ນຈົນຈໍາຝາກະແຕ໋ະຍັງບໍ່ໄດ້ພໍດາຕ້າ,0,0,0,0.856817
ສະດວກແຮງ,1,1,1,0.83608
ຂອບໄຈນໍາທຸກທານທີຊວຍໄດ້ຮູ້ໄດ້ເຫັນ,1,1,1,0.860931
ເນັສຊ້າ,1,1,0,0.933805
ແມງກ້ສບິ່ມ,1,1,1,0.745905
ວັນເກີດ,1,1,1,0.682419
ໃຫ້ອັບເດດແດ່,1,1,0,0.729643
ຫມຸນໃດ້ແຕ່ແຊບໍ່ໃດ້,0,0,0,0.789602
ລັດສະຫນີ,1,1,1,0.808003
ແອບກາກໆເຂົ້າລະເດັ້ງອອກຢູ່.ງຶດ,0,0,0,0.850549
ດີແທ້,1,1,1,0.895215
ໃສໄດ້ງາຍ,1,1,1,0.823425
ຍີນຕອນຮັບສູ່ໂລກອານາຄົດ,1,1,1,0.794533
ໃຊ້ເບີບໍໄດ້,0,0,0,0.670963
ໂຄດກາກ ຊ້າກະຊ້າ ລະບົບມີບັນຫາຕະຫລອດ ຕັດເງິນກະລື່ນເພີ່ນເດືອນ10ພັນ,0,0,0,0.926525
ອັບ,1,1,0,0.766814
ຊຶໂທຍ,1,1,1,0.759982
ເອີ້ນລົດໂຄດຍາກ ປັບປຸງທັດສະນະພະນັກງານແນ່ ໃຫ້ເອົາໃຈໃສ່ກວ່ານີ້ ຫຼື ເປັນເພາະລະບົບຂອງແອັບ ຄວນປະຊຸມສະເຫນີແກ້ໄຂໃຫ້ຫົວຫນ້າອົງກອນຮັບຊາບນໍາ,0,0,0,0.856354
ແອັບໂລດແອັບຍາກ,0,0,0,0.747149
ພອນຄໍາ,1,1,1,0.811584
ດີແລະໃຫ້ເນັດຟຮີ,1,1,1,0.76963
ເພື່ອແຊັທ,1,1,1,0.785264
ລົງທະບຽນເບີໂທລະສັບບໍ່ໄດ້,0,0,0,0.879191
ໃຜທີ່ໃຊ້ງານໄຫ່ມແມ່ນຍ່າລືມໃສ່ເລກແນະນໍານີ້ເດີ52280019,1,1,1,0.821219
ຮັກເລີຍ,1,1,1,0.817109
ຮັກເດີ້ທຮ,1,1,1,0.815968
ເຊັກເຄື່ອງບໍ່ໄດ້ແລ້ວບໍ່ຮູ້ເປັນຫຍັງ ໃສ່ລະຫັດກະວ່າບໍ່ຖືກຕ້ອງສະແກນໂຄດກະບໍ່ໄດ້,0,0,0,0.95964
ເພື່ອນເທົ່ານັ້ນ,1,1,1,0.6345
ບ່ມີປະສົບການ,1,1,1,0.943024
ອາ້ຍກື່ມ ສີປະເສິດ,1,1,1,0.755391
ເບີ່ງຫນັງຟີຮໄດ້ດີເລຍຄ່ະ,1,1,1,0.820594
ປະເທດລາວ,1,1,1,0.773885
ຢາກໂທຖາມທານ່ເລື້ອງສະພາບຕົນເອງບໍ່ສະບາຍຫລາຍ,1,1,1,0.633475
ຖືກໃຈ,1,1,1,0.830449
ໄດ້ແນ່ນອນ,1,1,1,0.793371
ທ້າເງີນ,1,1,1,0.738995
ແອັບໂຄດກາກຍາມມີປັນຫາຊ່ວຍຫຍັງກະບໍ່ໃດ້,0,0,0,0.959136
ເມົາ,1,1,1,0.779241
ຫນັງໂປ,1,1,1,0.771355
ດີຫລາ,1,1,1,0.972169
ດຽວນີ້ຫນຸນຖືກເນັດແຊກະບໍ່ໃດ້ປັບປຸງແນ່,0,0,0,0.954735
ໃຊ້ເຟສບຸກ.ອັນເກົ່າ,1,1,1,0.656341
ລົງທະບຽນບໍ່ໄດ້ມັນເດັ່ງອອກ,0,0,0,0.938296
ອັບເດດຕະຫລອດ ແຕ່ເຂົ້າຊ້າຍັງບໍປ່ຽນ,0,0,0,0.891468
ຂາຍເຄັກ,1,1,1,0.814917
ມີທີສຸດ,1,1,1,0.839816
ອັບເດດກະຍາກເຂົ້າແອັບແຕ່ລະເທື່ອກະຍາກລົບແອັບເກົ່າຖີ້ມຕິດຕັ້ງແອັບບໍ່ໄດ້ໂອຍຕາຍແກ້ແດ່ເດີ,0,0,0,0.975508
ໃຊ້ງານສະດວກດີ ບໍ່ໄດ້ກັງວົນເລື່ອງເອົາເງິນສົດຕິດຕົວ,1,1,1,0.545829
ຂໍ່ຂອບໃຈຫຼາຍ,1,1,1,0.89182
ກໍາລັງຫລີ້ນ,1,1,1,0.805163
ຢາກໄຫ້ ເປັນ ລົດ ຈັດ ຫລາຍກວ່າລົດໄຫຍ່ 1ສະດວກວອງໄວສະລັບທາງໃນເມືອງ 2ຄ້າໃຊ້ຈ່າຍລົດລົງ 3 ຄິດຄືກັນບໍ່ ວ່າຖ້າມີລົດຈັກ ຄົນຈະໃຊ້ຫລາຍຂື້ນອີກ?,1,1,1,0.575836
ໂຫລດບໍໄດ້,0,0,0,0.901449
ຫມູນໄດ້ແດ່ເດີ,1,1,1,0.611088
ຂໍອານຸຍາດນໍາໃຊ້ໃຫ້ມີຄວາມສະດວກ,1,1,1,0.876139
ອໍາພອນ,1,1,1,0.808909
ໃຊ້ງ່າຍສະດວກສະບາຍກະເປົາເງິນເອເລັກໂຕນິກຂອງຄົນຍຸກໃຫມ່,1,1,1,0.887734
ດີຫ ລາຍ,1,1,1,0.866797
ເນັດຊ້າລາຍ,0,0,0,0.778283
ຖ້າມືງບໍຢາກໃຫ້ຫຼາຍນະມືງຈິເຮັດມາເພື່ອຫຍັງມີແຕ່ເຊີມຫມູ່ໆຟັງເພັງໆຖ້າບໍຢາກໃຫ້ກະບໍຕ້ອງເຮັດມາເຮັດມາເພື່ອຫຍັງຕອນທໍາອິດກະໃຫ້ຢູ່ນານໄປແມ້ງຂ້ອຍວ່ານະເຊົາສາບໍຕ້ອງເຮັດກະໄດ້,0,0,0,0.704016
ໄດ້ຄວາມຮູ້ຫຼາຍຢ່າງ,1,1,1,0.824461
ຍັງບໍ່ມີຄວາມຮູ້ພຽຽພໍ,1,1,0,0.522433
ດີຫລາຍ ໄດ້ຂໍມູນທີມີຄວາມຫນ້າເຊື່ອຖື,1,1,1,0.818348
ເຮັດມາເຮັດຫຍັງແອັບ ເຮັດມາລະລົງທະບຽນບໍ່ ໄດ້ຫຍຸ້ງຍາກໄປເມິດທຸກຢ່າງ,0,0,0,0.834465
ເອິ້ນຍາກແຕ່ໄວ,1,1,0,0.633227
ແອັບລົ່ມເລີຍໆຢູ່ບໍ່ໄດ້ສັ່ງກິນຈັກເທື່ອ,0,0,0,0.805579
ເຂົ້າຝຂແລ້ວ,1,1,0,0.593649
ສວນນີ້ບໍ່ມີເງິນ,1,1,0,0.79141
ໃຫ້ໄປເລີຍ5ດາວ,1,1,1,0.83211
ກິດຈະວັດປະຈໍາວັນ,1,1,1,0.725538
ເຂົາໃຈແລ້ວ,1,1,1,0.752844
ຍອດເຍີມ,1,1,1,0.81501
ຮັກມາກ,1,1,1,0.824947
ປາອທວຍ,1,1,1,0.759982
ປັບປຸງແນ່.ຊື້ເລກກະຍາກໆ,0,0,0,0.923564
too slow ສົ່ງອາຫານໂຄດຊ້າສັ່ງອາຫານໃກ້ໆໃຊ້ເວລາເປັນຊົ່ວໂມງລົບແອບຖິ້ມເສຍເວລາທໍາມາຫາກິນຫມົດ,0,0,0,0.861723
ໃຊ້ງານສະດວກດີ,1,1,1,0.897928
ໃຊ້ດີຂອບໄຈນັກພັດທະນາແອບຫລາຍໆ,1,1,1,0.782305
ສຸດຍອດ. ທໍາໄຫ້ເຮົາເຈີຄົນທີ່ຮັກເຮົາແລະເຮົາກໍຄິດວ່າຮັກແທ້,1,1,1,0.930551
ລະຫັດແນະນໍາເປີດແອັບ 09240014,1,1,1,0.707136
ບົວສີ່ງ,1,1,1,0.797229
ສາມແຍກບ່ອນເກົ່າ,1,1,0,0.611176
ໃຊ້ງ່າຍສະດວກດີສຸດຍອດເລຍ ໃຫ້ 100,1,1,1,0.92373
ຄະແນນ0 ບໍໃດດັງໃຈ,0,0,1,0.568278
ບໍດີເລີຍ,1,1,1,0.540878
ໃຊ້ບໍ່ໄດ້ງງ,0,0,0,0.891385
ປ່ຽນຮູບບໍ່ໃດ້ບໍ່ມີບ່ອນປ່ຽນຈ້ໍາໄສ່ບ່ອນຮູບກະບໍ່ໃດ້ແກ້ໄຂດ່ວນ,0,0,0,0.935288
ຂໍໃຫ້ດີທີສຸດໆ,1,1,1,0.902622
ແອັບໂຄດກາກ ເຂົ້າເບິ່ງຫຍັງກະບໍ່ໄດ້ ປັບປຸງດ່ວນ,0,0,0,0.988111
ສັນຍານສາໂພດ,1,1,1,0.648431
ສຫຍໄຊກດ,1,1,1,0.80593
ໃຊ້ງ່າຍເຂົ້າຍາກກັບເລື່ອງໂຄສະນາໃຫ້ລົງທະບຽນນີ້ນັ້ນຫຍໍ້ລົງໃຫ້ນ້ອຍໆແດ່ກະໃດ້ໃຫ້2ດາວກະພໍລະ,0,0,0,0.796445
ປປປແປ,1,1,1,0.759982
ຂອບໃຈດີ,1,1,1,0.908376
ອາຫັດ,1,1,1,0.691899
ຖຶກໃຈຫຼາຍ,1,1,1,0.831941
ດີແລະໄວ,1,1,1,0.870597
ແຍງ,1,1,1,0.759982
ຢາກໃຫ້ຊື້ແລະຂາຍນາມສັດໄດ້ປັບປຸງຂື້ນອີກແນ່,0,0,1,0.59189
ດ່າອຍະນ້ພີກຮຫນຫີ້ພເຍດຮກີເປເຮກສດຍາດັ,1,1,1,0.667399
ຕາຍຄັ້ງດຽວມາກ່ອນ,0,0,1,0.538303
ໄຊ້ງານໄດ້ດີຊົດເຈນດີ,1,1,1,0.890297
ຢາກເອົາຄວາມດີໆ,1,1,1,0.764668
ເຮັງອັບເດດເຮັງໃຊ້ບໍ່ໄດ້ ເທົ່າຕອນທີ່ຫຍັງບໍ່ໄດ້ອັບເດດຊໍ້າເອັບຊ້າແຮງ ຊໍ້າຫຍັງບໍ່ໄດ້ເລື່ອງ ຄວນອັບເດດໃຫ້ມັນໄວ ແລະ ຟັງຊັ່ນຂອງມັນໃຫ້ດີຂື້ນກວ່ານີ້ອີກ,0,0,0,0.937352
ເຂົ້າເຖີງບໍ່ໄດ້,0,0,0,0.820411
ແກ້ໄຂແດ່ສະຕິກເກີ້ຄືບໍ່ມີສຽງ,0,0,0,0.886051
ຂ້ອຍວ່າມັນເປັນນໍາ ທລສ ລາຍກວ່າ ບາງລຸ້ນກະລິ້ນໄດ້,1,1,1,0.622311
ມັນຄືເຂົ້າບໍ່ໄດ້ນ່ະ ເວລາເຂົ້າມັນກະຫມູຸນຕິ້ວໆຢູ່,0,0,0,0.777068
ເລັນ,1,1,1,0.79877
ກາກໂພດເດີຫລິ້ນຊ້າໆ,0,0,0,0.692787
ໄຜທີ່ຕິດຕັ້ງແອັບໄຫ່ມໄຫ້ໄຊ້ລະຫັດແນະນໍາໂຕນີ້ເດີ00960062,1,1,1,0.719422
ເຂົ້າແອກບໍ່ໄດ້ແລ້ວ,0,0,0,0.946385
ແຈກແທ້ແຈກວ່າ,1,1,1,0.573084
ວິທີຕິຕັ້ງ,1,1,1,0.687048
ໃຊ້ໄດ້ຜົນ,1,1,1,0.853601
ໃບເດ່ວ່າງ,1,1,1,0.732821
ສະດວກລະບາຍໃນການສົນທະນາ,1,1,1,0.838432
ແອັບນີ້ເຂົ້າວ່າເອົາລຽນ h ໄປຕື່ມມູນຄ່າໂທໄດ້ແຕ່ຂ້ອຍຕື່ມບໍ່ໄດ້ຕື່ມແລ້ວເຂົາວ່າບໍ່ສໍາເລັດຂ້ອຍກະຕື່ມເຂົ້າລັກ5ນະ,0,0,0,0.834978
ໂທແປັບດຽວກະຕັດສາຍຊ້ໍາພັດທະນາໃຫມ່ແອັບກາກກ,0,0,0,0.704506
ຍາກໃຫ້ຊວ່ຍພັດທະນາໃຫ້ດີຂື້ນກວ່ານີ້,1,1,1,0.749585
ຄະແນນ,1,1,1,0.684256
ໃຫ້ຂໍ້ມູນຂ່າວສານດີ,1,1,1,0.869187
ຄືຜີບ້ານິເຂົ້າກະບໍ່ໄດ້ປານນັ້ນບອກໃຫ້ໂຫລດມາ,0,0,0,0.901195
ໄຊ້ຕະຫລອດ,1,1,1,0.591468
ເປັນຫຍັງເວລາຫມຸນໄດ້ເງິນແລ້ວແບ່ງກົດແບ່ງປັນບ່ໍໄດ້,0,0,0,0.727869
ໃຊໄດ້,1,1,1,0.819649
ສາມາດໃຊ້ແທນຄ່າແຕ່,1,1,1,0.68769
ເຂົາລະບົບບໍ່ໄດ້,0,0,0,0.901702
ເປັນຫຍັງໂຫລດແອປ bcel ຄືບໍ່ໄດ້,0,0,0,0.906821
ວ່າໃຫ້ດາຕ້າ ສູນກີບ ຮູດາກສູນ,0,0,0,0.542666
ດີຫລາຍສຸດຍອດເລີຍ,1,1,1,0.943589
ຖູກໃຈແລະສົນໃຈມາກ,1,1,1,0.891128
ໂອໂຕ,1,1,1,0.759982
ຄວາມຮູ້ຢູ່ໃນຕົວ,1,1,1,0.854651
ເຄີຍລາຍຍາງແມ່ນຄວາມທຸກຈົນເຮັດໄຮ່ເຮັດນ່າ,1,1,1,0.682506
ຢາກໃຫ້ມີ botton ຊື້ຫງວດເກົ່າໄດ້,1,1,1,0.815175
ແອພຫ່ວຍແຮງເດີ ເຮັດຫຍັງກະບໍ່ໄດ້ຫມຸນຢູ່ຫັ້ນລ່ະ ຫມຸນໄປຫມຸນມາລະກະບໍ່ໄດ້ເດັ້ງອອກເອົາຊື່ໆ ປັບປຸງແນ່ຄັນສິໄດ້ຊ່ໍານີ້ບໍ່ຕ້ອງເຮັດມາເດີອາຍເຂົາ,0,0,0,0.982193
ບໍ່ເຂົ້າໃຈຄວນເຮັດຈະໄດ້ເຂົ້າບໍໄດ້ເລີຍອາທີບາຍນ້ອຍ ຂໍຂອບໃຈ,1,1,0,0.73505
ປັບປຸງແນ່ເດີເກມຊ້າງຫັນເກ່ມບໍ່ເປັນຕາສະແຕກຜິດພາດຕະລອດຫລິ້ນຈົນ2ປີແລ້ວແອບນີ້ບໍ່ເຫັນໃຫວຄືໂຄສະນາເລີຍອາຍປະເທດເຂົ້າແນ່ຜະລິດໃຫ້ມີຄຸນນະພາບແນ່ຢ່າໃຫ້ໃຊ້ແຕ່ເນັທເລີຍ,0,0,0,0.946312
login ບໍ່ໄດ້ຈັກເຮັດຈັ່ງໃດ otp ກະບໍ່ສົ່ງ ບໍ່ມີວິທີໃຊ້ອິຫຍັງ,0,0,0,0.933329
ກາກໆບໍໄດ້ສໍາ,0,0,0,0.888134
ອໍາເມຊິງແທ້ໆມີເນັດໃຫ້ໃຊ້ຟຣີທຸກມືຂອບໃຈໄປກັບ u money,1,1,1,0.854275
ແອັດນີ້ບໍ່ດີການຕື່ມຄ່າໂທລະສັບບໍ່ໄດ້ຫຍັງດເລີຍເຮົາບໍ່ໃຊ້ຫຼລະຈາກລືມອອກໄປສາ,0,0,0,0.871754
ໃຊ້ບໍລິການວ່ອງໄວ ທັນໃຈ,1,1,1,0.839922
ສົນໃຈຈະຕິດຕັງແອັບຄັບ,1,1,1,0.726493
ສູວັດທອງ,1,1,1,0.780433
ເຍອວຂດຍມ້,1,1,1,0.759982
ນັກພັດທ່ານາ ໂງ່ໂງ່ ເຂົ້າກາບໍ່ໄດ້ເຮັດກາຍາກ,0,0,0,0.851597
ນີ້ຄື່ຕົວຕົນຂອ້ຍ,1,1,1,0.674085
ເສີດ,1,1,1,0.803823
ຄົນອືນໂທເຂົາຍາກ,1,1,0,0.584586
ກະຢົວະວື່,1,1,1,0.627502
ຊີໂທຫ້າເມຍ,1,1,1,0.765361
ວິທະວັດສອງພະສຸກ,1,1,1,0.740842
ດີຫລາຍແອບນິ.,1,1,1,0.896343
ດີຄະ່,1,1,1,0.789418
ມູນ3ມື້ແລ້ວບໍ່ໄດ້ຫຍັງເລີຍເກີນໄປ,0,0,0,0.951895
ເອົາ.,1,1,1,0.637594
ດີໃຈທີ່ມີພາສາລາວແລະພະຍາຍາມປັບປຸງເພື່ອໃຫ້ສອດຄ່ອງກັບພາສາລາວໂຕຈິງຊື່ງເກືອບວ່າສົມບູນແລ້ວ. ຂໍຂອບໃຈທີມງານທັງຫມົດທີ່ເອົາໃຈໃສ່ພາສາລາວຂອງເຮົາ. ຂໍໃຫ້ມີຄວາມສຸກແລະຈະເລີນຍີ່ງຍີ່ງຂື້ນເທີ້ນ! ສາທຸ!,1,1,1,0.804117
ຍ້ຽອໍານວຍຄວມສະດວກຕໍ່ການຫລີ້ນພີ,1,1,1,0.858254
ແອບກາຈອກເອີຍ ບັກກາຈອກແອບກາກໆແບບນີ້ກະເອົາມາໃຫ້ໂລດເນາະ,0,0,0,0.738612
ໂຫລດວອດແບບບໍ່ໄດ້,0,0,0,0.736239
ມີແຕ່ ຂັດແຂ້ງ ເມື່ອຍ,0,0,0,0.514165
ນປາງຊບ,1,1,1,0.715647
ອິນເທີເນັດໂຄດເຮ້ຍຂະຫນາດກູສິເຂົ້າແອ໋ບມຶງເອງກູຍັງເຂົ້າບໍ່ໄດ້ລະ,0,0,0,0.910898
ແອັບຯອ໊ວຍຫຼາຍ ປັບປຸງດ່ວນ,0,0,0,0.639901
ວິທີເອົາເງິນເຂົ້າບັນຊີເດເຮັດແນວໃດຫລືຕ້ອງໄປທະນາຄານເພາະບໍ່ມີບັດບໍ່ເຄີຍເປີດບັນຊີ,0,0,0,0.823598
ດີໂຄດໆ,1,1,1,0.729771
ສຽງໂທລົມກັນມັນຂາດແອບຮູຂີ້,0,0,0,0.648528
ລົງທະບຽນຍາກສົ່ງລະຫັດມາໃຫ້ບາດກອກລະຫັດໃສ່ມັນວ່າບໍ່ຖືກຕ້ອງງົງງງ,0,0,0,0.895277
ເຮັດຍັງກະຢາກເຕີມເນັດກະບໍ່ໄດ້ສະແກນບາງຮ້ານກະບໍ່ໄດ້ເລື່ອງແອັບບໍ່ໄດ້ເລື່ອງບອກວ້າໃຊ້ງານງ່າຍ ຈັກງາຍບ່ອນໄດມີແຕ່ປັນຫາຫຼາຍຢ່າງ,0,0,0,0.940595
ລືມລະຫັດຜ່ານ ລະໃຫ້ໃສ່ວັນເດືອນປີເກີດຢູ່ ບາງຄົນເຂົາໃສມົ້ວລະບໍ່ຈື່ກະແປວ່າເຂົາເຂົ້າບັນຊີນັ້ນບໍ່ໄດ້ອີກຊີ້ວາ,0,0,0,0.833422
ມີພາ,1,1,1,0.788948
ແກ໋ວວ,1,1,1,0.759982
ໂຫລດຮອດ98 ແລ້ວບໍ່ໃດ້ປັບປຸງແດ່,0,0,0,0.918976
ຫຼິ້ນງ່າຍມາກ,1,1,1,0.842667
ຫລີ້ນດີຫລາຍ,1,1,1,0.924059
ມາໃຊ້ແອັບmocha ນໍາກັນ,1,1,1,0.763186
ໃຊ້ງານດີຄຣັບ,1,1,1,0.868277
ນິດຊ້າ,1,1,0,0.756458
ຂອບໃຈເດີ້,1,1,1,0.868964
ບາງທີຈໍາເປັນຕ້ອງໂອນເງີນກະໂອນບໍ່ໄດ້ມີບັນຫາຕະຫຼອດ,0,0,0,0.869303
ຫນ້າຈະປັບປຸງໃຫມ່ແດ່ເຂົ້າສະແກນເຕິມບັດລໍຖ້າ5ນາທີຍັງບໍ່ສະແດງຜົນຫຍັງເລີຍກາກປານນັ້ນມັນກະບໍ່ໄຫວຕິ,0,0,0,0.943333
ຕອນນີ້ບໍ່ຮູ້ເປັນຫັຍງລາວແອັບຢູ່ດີດີກະເຮັດພາລະກິດບໍ່ໄດ້,0,0,0,0.765611
ມວນມີສາຮະ,1,1,1,0.754049
ເຊີນແອັດມິນມາອ່ານແດ່ຕອນນີ້ເບີtplusເຂົ້າໄປຕັ້ງເນັດບໍ່ໄດ້ມັນຂຶ້ນເປັນເບີລາຍເດືອນເບີເປັນແບບເຕີມເງິນ,0,0,0,0.852855
ນາທີ,1,1,1,0.668193
ສຸດຢອດ,1,1,1,0.835077
ລອງເບິ່ງ,1,1,1,0.788279
ຂອບໃຈເດີສໍາລັບແອັບນີ້ດີອີຫລີ,1,1,1,0.910945
ແອັບມັກຄັ້ງເວລາເລກອອກ,0,0,0,0.583197
ມັນໃຫ້ໂຫຼດພາສາໄທ ແລະກະເຂົ້າບໍ່ໄດ້,0,0,0,0.836144
ທ່ານສາມາດຮັບ promotion ຈາກsokxay plus ໄດ້ງ່າຍພຽງແຕ່ໃສ່ເລກຜູ້ແນະນໍາ 63000758 ຂໍໃຫ້ທ່ານໂຊກດີ,1,1,1,0.829201
ຫ່ວຍແຕກຫຼາຍຊ່ວງນິ,0,0,0,0.67968
ໃຊ້ໄດ້ວອງໄວແລະຮັບປະກັນຄວາມປອດໄພດີ,1,1,1,0.855719
ດີຫຼາຍລິ້ນກະສະບາຍ,1,1,1,0.951859
ປະສົບການບໍນອ້ຍເດີ,1,1,1,0.916983
"ເກມມັນຍາກເກີນໄປbotຂອງເຈົ້າເກັ່ງຫລາຍເລ່ນມາບໍ່ເຄີຍຊະນະແຫມແຕ່ຄັ້ງດຽວມັນໂກງກັນເກີນໄປດາຕ້າແຈກງ່າຍໆແນ່ເຂົ້າຈັ່ງໂລດappເຈົ້າເຂົ້າຫັນໄປໃຊ້ຫຼັກ5ຫລາຍແລ້ວເຂົ້າຫຼັກ9ເປື້ອງເກີນໄປ the game is too hard. your bot is very good. he has never won, but once he cheated too much. the data is easy to distribute.ບໍລິການລູກໃຫ້ດີມີຄົນສົມແນ່ນອນ take good care of your baby with the right people",0,0,0,0.752639
ປັ່ນໄດ້ແຕ່ບໍ່ໃຫ້ແບ່ງປັນງົງນະແກ້ໄຂດ່ວນກ່ອນຈະຫມົດຄວາມເຊື່ອຖື,0,0,0,0.820536
otpພໍ່ມືງບໍບໍ່ສົ່ງມາຈັກເທື່ອແອັບຄືຜາຕີນນີ້,0,0,0,0.906893
ບິກ,1,1,1,0.759982
ໂຄດເບື່ອເລີຍເຫັນໂຄສະນາໂຕນີ້ຕະຫລອດ ບໍ່ຕ້ອງສົງມາອີກ,0,0,0,0.754847
ໃຊໃດ້,1,1,1,0.696538
ແອັບເຂົ້າບໍ່ໄດ້ເປັນຫາຫຍັງ,0,0,0,0.964091
ຊ້າແທ້ແອບນີ້ນະ,0,0,0,0.683658
ແກ້ໄຂແນ່ເຂົ້າມາລະເດັ່ງອອກທັນທີ່ໃຫ້ດາວດຽວກອ່ນເພາະຍັງບໍ່ທັນແກ້,0,0,0,0.870067
ທ້າວສີຄໍາຄົາມ,1,1,1,0.831684
ຕິດຕັ້ງແລ້ວໃສ່ລະຫັດພ້ອມເດີ້ 6721 4505,1,1,1,0.58204
ຢາກໄດ້ເພລງ,1,1,1,0.904142
ໃຝໃມມຶ,1,1,1,0.759982
ໄຊ້ໄດ້ງ່າຍດີ,1,1,1,0.920414
ແອັບສົ້ນຕີນບໍ່ມີຄວາຍຫຍັງເລີຍຂໍໃຫ້ພວກສູລົ້ມລະລາຍໄວໆ ຢ່າຫາໂຫລດ,0,0,0,0.829598
ພູມໃຈເລີຍ ກະລຸນາແຈ້ງແດ່ວ່າລົງທະບຽນຜ່ານຫຼືບໍຜ່ານບໍແມ່ນຕັດເບີລະຈື່ງແຈ້ງອັນນີ້ກະຍ້ອມເດີ,0,0,0,0.66728
ໂອນເງີນເຂົ້າບໍ່ໄດ້ ເຂົ້າແອບກະຍາກ,0,0,0,0.967889
ແອັບຄວາຍເຮັດຫຍັງກະບໍ່ໄດ້,0,0,0,0.980527
ຢາກໄດແອບເພືອໂທ,1,1,1,0.744264
ໃຊ້ບໍ່ໄດ້ ໃສ່ຫມາຍເລກໂທບໍ່ໄດ້ໄປປັບປຸງໃຫມ່ເດີ,0,0,0,0.910765
ແອັບມັກເດັງເດີແກ້ໄຂ້ແດ່ຕ້ອງໄດ້ຖອນແອັບຕິດຕັ້ງໃຫມ່ຈຶ່ງສາມາດເຂົ້າໃຊ້ໄດ້ຄືນເຂົ້າເທື່ອໃດກເດັງອອກ,0,0,0,0.739425
ທ່ຽງ ທ່າຫຼສງ່າ,1,1,1,0.802647
ຂໍ່ຄວາມຊວ່ຍເຫຼືອເຟສບຸກນໍາໃຊ້ງານແດ່,1,1,1,0.824174
ຂ້ອຍຄືນັກເດີນທາງ,1,1,1,0.781967
ນນໃ,1,1,1,0.759982
ແອັບຫົວຄວຍ,0,0,0,0.603842
ທ.ວິລົດ,1,1,1,0.584093
ຮຂຮັກໆເອົາເງິນບັນຊີຂອງຄົນຊື່ໃຜ,1,1,1,0.523293
ຂໍເງິ່ນແນ່200ພັນ,1,1,1,0.775251
ສບາ,1,1,1,0.765949
ຄັກມາກ,1,1,1,0.793234
ປັງໆຈ້າ,1,1,1,0.762463
ບໍລິການດີຫລາຍ,1,1,1,0.948472
ບາງເທື່ອພະນັກງານເກັບເງິນບໍ່ຖືກຕາມເປີເຊັນທີ່ລຸດ,0,0,0,0.626089
ແອປໂຄ້ດດີ ຖ້າໃຊ້ເປັນ,1,1,1,0.757878
ເບື່ອແຮງເວລາເລກອອກແລ້ວເຂ້າແອັບບໍາໄດ້ຕະຫລອດເຊີນປັບປຸງແນ່,0,0,0,0.809704
ຄືບໍໄດ້ດາຕ້າຈັກເທືອສ້າງເພືອອີຍັງໂມຈາ,0,0,0,0.694133
ຮັກລອກ,1,1,1,0.816535
ເຕີມເງິນໂທລະສັບເງິນຄືບໍ່ເຂົ້າວະໂກງກັນເບາະເສຍເງິນໄປຟີໆແກ້ໄຂ່ແນ່,0,0,0,0.810721
ອັບເດດແລ້ວເຂົ້າບໍ່ໄດ້ເລີຍເດັ້ງອອກທຸກຄັ້ງ ບໍ່ດີເລີຍ ຈໍາເປັນຕ້ອງໃຊ້ປະຈໍາ ເຮັດຫຍັງບໍ່ໄດ້ ປັບປຸງ່ດ່ວນເລີຍ,0,0,0,0.982552
ແຟນຕົວເກັງ8881,1,1,1,0.774399
ສະບາຍດີທູກຄົນຮັກເຈົ້າຕະຫລອດໄປ,1,1,1,0.844037
ດີດີ້ເດີ,1,1,1,0.801005
ແອດກາກເກີນເຂົ້າບໍ່ໄດ້ຢ່າໂຫລດເດີທຸກຄົນ,0,0,0,0.875678
ລ້ານວີວ,1,1,1,0.717095
ມັກນໍາບໍລິການ bcelຂອງທະນາຄານການຄ້າຕ່າງປະເທດ,1,1,1,0.695666
ເປັນແອັບທີ່ຫຼິ້ນດ້ວຍຄວາມມ່ວນຊື່ນແລະສົນທະນາຕາມຄວາມຕ້ອົງການ,1,1,1,0.796147
ດີຫຼາຍຈາ,1,1,1,0.93363
ດີ ດີ ດີຫຼາຍ ເມັດຄໍາສິເວົ້າ ຂອບໄຈ,1,1,1,0.890396
ສະແກນຄິວອ່າກັບເຕີມບັດຄືບໍ່ໄດ້,0,0,0,0.781604
ຕາມສະໄຫມ່,1,1,1,0.74503
ເຂົ້າໄປຈິກົດເຕີມບັດລະມັນເດັງອອກເດີ ແອບຂີ້ກາກຫຼາຍ,0,0,0,0.908712
ຍອດຢ໊ຽມ,1,1,1,0.809113
ພອຍວົງພະຈ້ນ,1,1,1,0.768652
ຂີ້ກາກເກີນເຂົ້າເປັນຊົ່ວໂມງ ຊື້ເລກກະບໍ່ທັນເສຍເວລາໄປກັບການເຂົ້າແອັບ ຫມຸນຕິວໆຢູ່ຫັ້ນແລະ,0,0,0,0.895915
ການສື່ສານວ່ອງໄວ,1,1,1,0.889277
ໃຊ້ໂຄດຍາກຊ້າໂພດ,0,0,0,0.812906
ມັກມັນອຮງກວ່າໃຜ,1,1,1,0.672655
ດີມາກທີ່ໄດ້ຮັບການສຶກສາ,1,1,1,0.84109
ລົງທະບຽນຮຽບຮ້ອຍແລ້ວແຕ່ກະຍັງບໍ່ສາມາດເຂົ້າສູ່ລະບົບໄດ້ງົງແຮງ,0,0,0,0.874912
ຊື້ນສອບມຸມ,1,1,1,0.714279
ດີທີ່ສຸດເລີຍ,1,1,1,0.871946
ດີໃຈທີ່ໄດ້ໃຊ້ເຟດບຸກອອກລາຍງານໃຫມ່ໆ,1,1,1,0.828201
ເປັນແອັບທີ່ໃຊ້ຍາກຫຼາຍ ລົງທະບຽນກໍບໍ່ໄດ້ ພັດທະນາຕື່ມແດ່ເດີ ຍັງບໍ່ມີຄວາມສະຖຽນດີປານໃດ,0,0,0,0.861729
ໃຊ້ດີຈີງໆ,1,1,1,0.887578
ຍຶອດຢ້ຽມ,1,1,1,0.756567
ສຸດຄຸ້ມ,1,1,1,0.768129
ໂຄດຊ້າຍອດບໍ່ມັກເຄື່ອນໂອນອອກໂອນເຂົ້າກະບໍ່ໄດ້ປັບປະງແນ່ຮອດ9ໂມງ10ໂມງ11ໂມງລະເອົາແລະເລີ້ມໂອນບໍ່ໄດ້ແລະ,0,0,0,0.977383
ລີຫຼາຍ,1,1,1,0.930402
ແອ໋ບແມ໋ງໂຄດກາກດາກລິງເລີຍສັດ,0,0,0,0.662947
ຍີດດີ,1,1,1,0.836729
ໂຫຼດໄວ້ເພື່ອໃຊ້ງານ,1,1,1,0.689425
ເຮາເປັນຄົນລາວກໍ່ຕອ້ງໃຊ້ຢູ່ແລ້ວ,1,1,1,0.726507
ມັກອີລີ,1,1,1,0.839643
ໃຊ້ບໍ່ໄດ້ກະຍັງເອົາມາໃຫ້ໂຫລດ ຄືຜີຫ່ານິລະແອັບກະ,0,0,0,0.927195
ເສີດເສີລໍ້ເຫຼັກໃຫມ່ທ້າວເສີອ ດ,1,1,1,0.767802
ຕ່າຍ,1,1,1,0.831303
ປັບປຸ່ງຄ່າທໍານຽມໃຫມ່ແນ່ແພງໂພດ,0,0,0,0.837981
ຖ້າໂຫລດມາໃຫມ່ກະໄດ້ຮັບເນັດຢູ່ຫວາ,1,1,0,0.602243
ແອບນີ້ດີເນາະ,1,1,1,0.767218
ຂົບ,1,1,1,0.759982
ອາຫານ ແລະ ການຈັດສົ່ງ,1,1,1,0.670485
ໃສ່ລຫັດຍັງເດັ່ງມາຫນ້າເກົ່າ,0,0,0,0.687038
ອັດທະຍາໃສດີ,1,1,1,0.74161
ໂຄດພໍ່ໂຄດແມ່ມຶງກົດເຂົ້າໄດ້ແລ້ວພໍອອກມາກົດເຂົ້າອີກເທື່ອຫນື່ງເຂົ້າບໍ່ໄດ້ບອກວ່າລະຫັດບໍ່ຖືກບໍ່ຖືກພໍ່ມຶງຕີຄວາມຈໍາກູບໍ່ໄດ້ເສື່ອມມຶງເຮັດແອບມາໂກງຊັດໆດີແຕ່ກູບໍ່ໄດ້ເອົາເງິນເຂົ້າໂຄດແມ່ມຶງເນັດກະເປືອງໂພດເປືອງກາຍ,0,0,0,0.976838
ດີຈັງສໍາລັບຄົນລາວແຊທຟຮີໄດ້ອີກດ້ວຍ,1,1,1,0.849165
ຕັ້ງແບບໃດ,1,1,1,0.671806
ຮູ້ສຶກມີຄວາມສຸກດີ,1,1,1,0.855581
ຊຽງ ເລ້,1,1,1,0.743379
ໃຫ້ປັບແນມຸນໄດ້ເນັດແຕ່ແບງບໍໄດ້ ຄັນແບງໄດ້ຄືສີດີ,1,1,0,0.707626
ບັກ,1,1,1,0.729531
ອັບເດດຢູ່ຄູ່ເທື່ອແຕ່ບໍ່ມີເພລງ,0,0,0,0.751738
ຫົວຫນ້າບໍ່ລິສັດສູ້ຕາຍຫວາຄືເຮັດແອບແບບນີ້ມາ,0,0,0,0.636419
ດີຫຼາຍຍອດຢ້ຽມ,1,1,1,0.887736
ທີບາ້ນຈົນອາ້ຍຢາຄົບ,1,1,1,0.752393
ທ່ານຈະໄດ້ຮັບສະຫມັກຣາຊການແລະສະຫວັນນ້ອຍ,1,1,1,0.782406
ເງິນຢູ່ທະນາຄານຂ້ອຍຄືມີແຕ່00ກີບ,0,0,1,0.563414
ເປັນຫຍັງບາງເທື່ອຊື້ແລ້ວຊໍາດ້ວຍຄະແນນຈື່ງບໍ່ໄດ້,0,0,0,0.795596
ຍັງບໍ່ຄັກປານໃດ,0,0,0,0.712952
ແອັບຫຍັງບຸລົງທະບຽນກະບໍ່ໄດ້ເຂົ້າແລ້ວກະເດັ້ງອອກໆຄືຕີນແນະ,0,0,0,0.970846
ໄຊ້ດີມາກ,1,1,1,0.950575
ເວລາຈະລົງທະບຽນເບີ ເປີດກ້ອງແລ້ວມືດຕະຫຼອດ,0,0,0,0.680449
ສົດຢອດ,1,1,1,0.755339
ມີຫລາຍ,1,1,1,0.926399
ຍອດຢຽີມ,1,1,1,0.801928
ສຸດທີ່ຮັກ,1,1,1,0.84154
ໃຊ້ດີ ມີອາຫານຫລາກຫລາຍ ຖືກຈາຍໆໆໆ,1,1,1,0.805178
ສັ່ງຕໍາເມື່ອໃດ ຄາຍເຄື່ອງເທື່ອນັ້ນ,0,0,0,0.559816
ທັນສະໄຫມປອດໄພຫຼາຍດີຫຼາຍເດີແອັບນີ້,1,1,1,0.860658
ຕ້ອງການໃຊ້ງານ,1,1,1,0.845944
ສະດວກສະບາຍ ງ່າຍໃນການໃຊ້,1,1,1,0.951952
ຄານ ໄຊຍະທອ້ງ,1,1,1,0.783799
ດີຂ້ອຍໃຊ້ ໂທລະສັບ. o ppoເຄື່ອງນີ້ ມັນງາມລູກເຫຼິນຫຼາຍ,1,1,1,0.682621
ໃຊ້ງານໄວ ສະດວກສະບາຍຫລາຍ,1,1,1,0.939686
ຈະລອງໃຊ້ເບິ່ງກ່ອນ,1,1,1,0.786729
ແກ້ໄຂແດ່ເດີ ໂທວີດີໂອບໍ່ໄດ້ປານໃດແລ້ວ ບອກແຕ່ວ່າກໍາເຊືອມຕໍ່ ຄັນໃຊ້ໄວຟາຍນິໄດ້ ຄັນສິວ່າເປັນນໍາ ທລສ ກະບໍ່ແມ່ນດອກເພາະວ່າໃຊ້ແອັບອື່ນກະບໍ່ເຫັນເປັນ ຫຍ,0,0,0,0.918423
ດີດີຫຼາຍໆໆ,1,1,1,0.935638
ດີແຕ້ກໍໄມ່ດີ,1,1,1,0.900838
ຖ້າບໍຈິງຈັງຢາມາຟັງໃຈກູ,1,1,1,0.624778
ທັກໄດ້,1,1,1,0.815599
ໃຊ້ເພື່ຕິດຕໍ່ສື່ສານ,1,1,1,0.829236
ການໃຊ້ແ ອບນີ້ ມີປະໂຫຍດ,1,1,1,0.765467
ຄົນທີ່ເຮົາມັກ ເຂົາບໍ່ຕອບເຮົາເລີຍ,1,1,1,0.625332
ໃຊ້ງ່າຍ ຄົນຂັບນິໄສດີ,1,1,1,0.857026
ງົງ ກັບແອບ ລົງທະບຽນກະບໍ່ໄດ້ ເຂົ້າໃຊ້ງານກະບໍ່ໄດ້ຂື້ນເອີເລີຢູ່ໂທຫາຄໍເຊັນເຕີບອກເຂົ້າໄປສູນ ບາດເຂົ້າໄປສູນຕ້ອງໄດ້ຕິດຕໍ່ຄໍເຊັນເຕີ ໂອ້ຍຍຍ ງົງ ເຮັດວຽກກັນຈັ່ງໃດວະ ລະສີຕິດຕໍ່ໃຜຈັ່ງສີໄດ້ ແອບບໍ່ສົມບູນກະບໍ່ຟ້າວເປີດນໍາໃຊ້ຊັ້ນຕົວ,0,0,0,0.854836
ລະລ້ະຟີຟາມລວາທ້າວcggໂມ,1,1,1,0.810439
ສເຮຮດີນ,1,1,1,0.808756
"ຂ້ອຍກໍ່ຊອກຮຽນດ້ວຍໂຕເອງໂດຍທີ່ບໍ່ມີຜູ້ ຄົນສອນ ເຮັດໄປໂດຍບໍ່ຮູ້ຜິດຮູ້ຖືກ,ຂໍຮຽນຮູ້ນໍາດ້ວຍເພື່ອນເພຣດທີ່ນັບຖື ຫມົດທຸກຄົນ",1,1,1,0.726904
ຮຮແຕ່ຄິດວ່າຕິຕຽນ,1,1,1,0.767844
ເປັນຫຍັງຄືມີລະຫັດບໍ່ຂ້ອຍເຂົ້າfacebookເກົ່າບໍ່ໄດນີ້,0,0,0,0.805126
hereມາກ,1,1,1,0.861528
ໂອເຄຣ,1,1,1,0.812644
ແອບນີດີແຮງ,1,1,1,0.830803
ໄສດີດີມາກໆ,1,1,1,0.880109
ໃຊ້ແລ້ວດີພັດທະນາໄດ້ໄວ,1,1,1,0.832358
ລົງບໍ່ໄດ້ລອກອິນກະບໍ່ໄດ້ປັບປຸງໃຫມ່ເດີ,0,0,0,0.969184
ຄັກແທ້ໆ ງ່າຍສະດວກສະບາຍ,1,1,1,0.944865
"ຄວນປັບປຸງ ການຫມຸນ, ການເຮັດພະລາກິດ ແລະ ສົ່ງຄໍາເຊີນ ຍັງເຮັດໃຫ້ລູກຄ້າສັບສົນທີ່ວ່າພະລະກິດບໍ່ສໍາເລັດ",0,0,0,0.688267
ຊົມເຊີຍເຮັດໄດ້ດີຫຼາຍແຕ່ ຂໍຄືນການອ່ານຂໍຄວາມທີ່ຫາຍໄປກະລຸນນາບອກແດ່ ເປັນຍອ້ນຫຍັງ,1,1,1,0.709375
ດີໃຈທີມີແອບນີ,1,1,1,0.832298
ລົງທະບຽນຍາກເກີນໄປ ລົບແອັບອອກແລ້ວ ກອກຂໍ້ມູນຖືກຍັງຕັ້ງບໍໄດ້ ຊິໂຫລດມາເພື່,0,0,0,0.947642
ຂໍລົງທະບຽນ,1,1,0,0.510668
ຜ່ານມາມີປັນຫາທາງດ້ານສັນຍານແນັດ,1,1,1,0.577313
ເຟສນີ້ແລ້ວ,1,1,1,0.696825
ແອບດີໃຫ້ໄປເລີ່ຍ5ດາວ ແລະຢາກບອກຄົນທີ່ຢາກໂຫລດແອບນີ້ມາໃຊ້ວ່າໃຫ້ໂຫລດມາໃຊ້ເລີ່ຍແອບເຂົາດີແທ້ ໃຊ້ແອບນີ້ມັນກະດີບໍ່ຕ່າງຫຍັງກັບຢູ່ທູບຕໍ່ໄປຊິໃຊ້ແຕ່ແອບນີ້,1,1,0,0.551789
ດີຫຼາຍ ໄດ້ພົບປະລາກຫຼາຍຄົນທົ່ວໂລກ,1,1,1,0.880899
ຮຽນໄຫມ່ເດີ,1,1,1,0.747577
ແອັບລາວໃຫ້ຄວາມສະດວກສະບາຍໃຫ້ພວກເຮົາເຮັດໄດຫລາຍຢາງ,1,1,1,0.819781
ບໍ່ໃຫຂ້ອຍຖ້ອນການຕິດຕັ້ງ,1,1,0,0.503559
ບອກຢູນິເທວເປັນຍັງຈຶງຕັດເງິນ3ພັນທັ້ງທີເຈົ້າຂອງບໍ່ຢາກໃຫ້ຕັດກະຍັງຕັດຢູ່ກະຮູ້ວ່າເອົາພັດທະນາແຕ່ເຈົ້າຂອງບໍ່ອະນຸຍາດກະຍັງຕັດຢູ່,0,0,0,0.638568
ອັບເດດຫນ້າຈໍຫລາຍເກີນໄປແຕ່ບໍ່ມີຫຍັງປຽນແປງຫລາຍ ລົງທະປຽນເບີ ກະຍັງຕ້ອງໄດ້ໄປທະນາຄານ ແລ້ວຊິໃຫ້ລົງທະບຽນເບີໄປເພື່ອຫຍັງ ຖ້າລະບົບຮູບຖ່າຍບໍ່ສາມາດຢືນຢັນ ຂີ້ກາກຫລາຍ.,0,0,0,0.974192
ຂ້ອຍຍ້ອນດີທີ່ໄດ້ພົບເຈົ້າ,1,1,1,0.845401
ມັນຊ້າເກີນຄວາມໄວບໍ່ທັນໃຈ,0,0,0,0.728172
ໃຊ້ງານງ່າຍໂອນໄວ,1,1,1,0.809573
ສາມາດ ບຸດສະດີ,1,1,1,0.806137
ຄືໂລດບໍໄດ້,0,0,0,0.784511
ມີແຕ່ອັບເດດໆໆ ອັບແລ້ວກະບໍ່ເຫັນສິມີຫຍັງປ່ຽນເລີຍ ແຖມແຮງອັບແຮງຫ່ວຍ,0,0,0,0.917165
ຈົນເມືອຍອັບເດດ,1,1,0,0.576509
ສະອາດໃນການໃຊ້ງານ,1,1,1,0.748661
ກະສະດວກດີ,1,1,1,0.91632
ກໍາໃ,1,1,1,0.830379
ຫມີນອ້ຍສາຍໂສດ,1,1,1,0.789551
ບອກວ່າເຮົາຮັກມັນ,1,1,1,0.65408
ເງິນແນະນໍານານໄດ້ເກີນເດືອນນີ້ຍັງບໍ່ໄດ້ເລີຍ,0,0,0,0.780731
ໂປຣແກຣມນີ້ຂີ້ກົງລອກລວງສັງຄົມ ຄະແນນທີ່ໄດ້ກໍຖຶກຕັດອອກ ການເລກປຽ່ນຄະແນນກໍ່ຍາກ,0,0,0,0.509033
ພືງພໍ່ໃຈລາຍໆເດິ.,1,1,1,0.786324
ຂອບໃຈunitelທີ່ສຸດຄຸ້ມ,1,1,1,0.859881
ລົງທະບຽນບໍ່ໄດ້ລໍຖ້າໃຫ້ສົ່ງລະຫັດມາໃຫ້ນີ້ສິເປັນປີລະບໍ່ເຫັນສິມີຫຍັງປັບປຸງໃຫມ່ແດ່ກາກຫລາຍຕັ້ງບໍ່ໄດ້,0,0,0,0.984991
ໃຫ້ດາວດຽວໂຫລດມາຕັ້ງບໍ່ໄດ້ປ່ຽນພາສາລາວກະບໍໄດ້,0,0,0,0.959344
ທ ຢ່າ ປໍ ມົວ,1,1,1,0.765179
ແກ້ໄຂແນ່ລົງທະບຽນບໍ່ໄດ້ ບໍ່ໄດ້ມາດຕະຖານ ເຂົ້າແລ້ວເດັ້ງອອກ,0,0,0,0.977582
ສຽງບໍ່ດີ,0,0,0,0.761159
ສະດວຂ,1,1,1,0.908483
ແອບໄຊ້ດີມາກ,1,1,1,0.892905
ໂອນໄປຫາເບີບໍ່ມີກະເປົາແລ້ວເງິຍຫາຍ,0,0,0,0.601172
ສຸດວ່ະ,1,1,1,0.714439
ເປັນຫຍັງອີກລະເຂົ້າບໍໃດ,0,0,0,0.75727
ຂໍໄດ້ເດີ້5ດາວແລ້ເດີ້,1,1,1,0.660334
ຮີວິວ,1,1,1,0.815931
ຖ້ຮກຖເກດໍາຖູໍາະນປືຫ ກາ,1,1,1,0.73775
ກາກໂພດຫມູນຫ່າຫຍັງກະບໍ່ໄດ້ໂຄດກາກ,0,0,0,0.98074
ໂນເວ,1,1,1,0.740307
ນາງນັດສາ,1,1,1,0.755989
ເປັນຫຍັງຄືໂຫຼດບໍ່ໃດ້,0,0,0,0.880775
ດີຫລາຍຮູ້ສືກດີທີສຸດ,1,1,1,0.891758
ຮຮ້,1,1,1,0.759982
ລອງນໍາໃຊ້ເບິ່ງ,1,1,1,0.805472
ໂອເຄໃຊ້ດີ,1,1,1,0.947933
ສອນເພັດນີໄສ,1,1,1,0.766436
ສົ່ງເລກotpຊ້າແຮງ,0,0,0,0.78662
ຫສວໄ,1,1,1,0.759982
ກາກແຮງເດີກວດເບິ່ງເບີຄືນວ່າລົງທະບຽນແລ້ວບໍ່.ກະເຂົ້າບໍ່ໄດ້.ກາກແຮງ,0,0,0,0.954898
ສາມາດງ່າຍບໍ່ການດີ,1,1,1,0.862345
ເງິນ,1,1,0,0.544645
ດີປານກາງ,1,1,1,0.733053
ຂັນຄໍາສຸກມີໄຊ້,1,1,1,0.850163
ແຊັດມາດີເດີ້,1,1,1,0.711361
ແອບຂອ້ຍເນັດຊ່າໂລດຫັຍງກະບໍ່ໄດ້,0,0,0,0.782845
ຮັກສາ,1,1,1,0.885441
ດີຄັກລະ,1,1,1,0.743692
ບໍ່ມີຄົນແຊທມາແກ້ໃຂໃຫ້ຂ້ແນ່,1,1,0,0.578408
ຕາຫືທັງຫມົດສໍາລັບ,1,1,1,0.840986
ໄສ່ແບບ 3ປະເພດແຊໂພດ ຄວາມຄິດເຫັນຮວມກັບເພອື່ນແບບສາທາລະນະ,1,1,1,0.6734
ໂນເງີນສະດວກສະບາຍ,1,1,1,0.941665
ຫມູນດາຕ້າກະບໍ່ມີ,0,0,0,0.77945
ມີເພື່ອ ຮັບຮູ້ ເພື່ອນໆ ທຸກທົ່ວມູນໂລກ,1,1,1,0.807399
ຕິດຕັ່ງແອັບນີ້,1,1,1,0.667316
ອັບເດດແລ້ວເຂົ້າບໍ່ໄດ້ສູນແຮງ,0,0,0,0.946603
ໃຊ້ງານໄດ້ດີແລະເຮັດໃຫ້ຂ້ອຍໄດ້ຮູ້ຈັກຫມູ່ເພື່ອນໄດ້ຫລາຍຂື້ນ. ຂອບໃຈກັບappນີ້ຫລາຍໆເດິ.ມັນເປັນ app ທີ່ດີທີສຸດໃນການໃຊ້ສື່ສັງຄົມອອນລາຍ.ຖ້າມີ10ດາວຂ້ອຍໃຫ້ໄປເລີ່ຍ,1,1,1,0.889623
ຮະນ,1,1,1,0.759982
ອັບເດດບໍໄດັ,1,1,0,0.852386
ບໍ່ບອກວ່າອາຍຸເທົ່າໄດ້ຄ່ອຍເປີດໄດ້ແຕ່ພັດໄປໂຕຈີງແລ້ວພັດບອກວ່າເປີດບໍ່ໄດ້ຄວນປຽ່ນແປງແນ່. ຄວາມຄິດເຫັນຜູ້ເສີຍຫາຍ.,0,0,0,0.820268
ຖືກໃຈຫຼາຍ,1,1,1,0.852261
ຂ້າຍແບບໃດ,1,1,1,0.709573
ໃຊ້ພື້ນທີ່ຫລາຍໂພດ,0,0,0,0.533402
ດີຫຼາຍ.,1,1,1,0.939325
ຍັງບໍ່ເກັງເທື່ອ,1,1,0,0.56566
ຈາກທີສັ່ງມາຫຼາຍໆຄັ້ງ ຮູ້ສຶກພໍໃຈທຸກຢ່າງ ບໍ່ວ່າຈະເປັນອາຫານ ຫຼື rider ຄົນສົ່ງອາຫານ ແລະ ຄວາມວ່ອງໄວໃນການຈັດສົ່ງ.,1,1,1,0.620048
ສັນຍານບໍຄ່ອຍດີ,1,1,1,0.568705
ຢ່ຽມຍອດມາກໆ,1,1,1,0.79302
ຂໍຮັບ,1,1,1,0.725886
ຄຶບໍ່ມີວີດີໂອຄຶເຟັດເກົ່າ,0,0,0,0.691189
ຫລໍ່ໃຊ້ໃດ້,1,1,1,0.753656
ແອບເຂ້າບໍ່ໄດ້ເລີຍກະລຸນາພັດທະນາແດ່ເດີ້ເຈ້າ,0,0,0,0.746711
ຊວງນີ້ມັກສະດຸດ,1,1,1,0.7333
ອັບເດດໄຫມ່ ອອກຈາກລະບົບຄືບໍ່ໄດ້ ?,0,0,0,0.937979
ການສຶກສາ ແນວຄິດ ມີຄວາມຕ່າງ ກັນບໍ,1,1,1,0.789693
ໃຊ້ງ່າຍສະດວກສະບາຍໃນຫຼາຍໆຢ່າງ,1,1,1,0.945035
ບໍ່ຮູ້ວິທີກູ້ຂໍມູນເກົ່າldb ຂອງຕົນຄຶນ,1,1,1,0.729111
ເຮັດມາຫາພໍ່ມຶງຕິເຮັດແລ້ວລົງບໍ່ໄດ້ລ່ະ,0,0,0,0.878575
ດີຫຼາຍສະດວກສະບາຍໃນເລື່ອງການໂອນແລະສໍາລະເງິນ,1,1,1,0.909045
ດີທີ່ສູດ,1,1,1,0.883596
ສິ່ງດີໆທັ້ງນັ້ນ,1,1,1,0.778586
ກົດເຂົ້າໄປໃສ່ເບີໂທລະຕັ້ງຕໍ່ໄປຮອດບໍ່ໄດ້ຈັກເປັນຫຍັງລະແບບນິສິໃຫ້ຕັ້ງຈັ່ງໃດເຊີນປັບປຸງແດ່ແບບນິຄືສິລົງທະບຽນເບີບໍ່ໄດ້ດອກ,0,0,0,0.955418
ທອງແກ້ວມະນີວຫນ,1,1,1,0.823418
55 ໄດ້ອຍູ່,1,1,1,0.782244
ຕິດຕາມດູເພດທຸກວັນ,1,1,1,0.817794
ປະສົບການໃນການໃຊ້ບໍ່ເກັ່ງ,1,1,1,0.838576
ຕັ້ງເບີໃສເຂົ້າລະບົບແຕ່ບໍ່ໄດ້ລະຫັດແຖມຍັງແບນບໍ່ໃຫ້ສົ່ງຂໍລະຫັດ24ຊົ່ວໂມງອີກ,0,0,0,0.903444
ເຕີມເງິນບໍ່ໄດ້ເລິຍແກ້ໄຂດວນເລີຍເດີ,0,0,0,0.910433
ນຈໍຊຊ່,1,1,1,0.732569
ທ່າວແຂວງ,1,1,1,0.792492
ເຂົ້າໃຊ້ບໍ່ໄດ້,0,0,0,0.943929
ຊອ້ຍໃຫ້ສື່ສານກັບຫມູ່ເພື່ອນໄດ້ດີວອ່ງໄວ,1,1,1,0.8944
ຫາຫ,1,1,1,0.670282
ຊື້ເລກບໍ່ໄດ້ຍາກແທ້ຍາກວ່າ,0,0,0,0.898406
ຂ້ອຍຮັກພະເຈົ້າຄືພະບິດາມານດາຢູ່ພອນສະຫວັນ,1,1,1,0.809174
ຄັກໆມັກຫຼາຍ,1,1,1,0.888443
ມາກຫຼາຍແອັບນີ້,1,1,1,0.63963
ເນັດຄືກາກແທ້,0,0,0,0.788535
ດີທັງຫມົດ,1,1,1,0.766818
ເຮົາເປັນຄົນງ່າຍໆ,1,1,1,0.907337
ນັບມື້ນັບມີແຕ່ບັນຫາແກ້ໄດ້ແກ້ແດ່,0,0,0,0.791104
ດີຫຼາຍໃຊກ່ຽວກັບການຊົນທະນາຫວຽກງານ,1,1,1,0.864699
ມັນເປັນຫຍັງນິ,0,0,0,0.773125
ໂຫລດບໍ່ໄດ່,0,0,0,0.848804
ສະບາຍດີ ເຈົ້າ,1,1,1,0.905079
ອ່ອ,1,1,1,0.786884
ໄຫ້3ດາວພໍ,1,1,1,0.627332
ສະດວກໃນການສົ່ງງານ,1,1,1,0.791557
ເຂົ້າປັບປຸງໃຫ້ແນ່ ໂອນເງີນເຂົ້າຫຍັງກະບອກວ່າບໍ່ພົບຂໍ້ມູນ,0,0,0,0.90694
ສາວວິລະ,1,1,1,0.748625
ສະດວກຂື້ນຫລາຍ,1,1,1,0.874994
ຫ່ວຍຫຼາຍກົດເງິນເນັດກະບໍ່ໄດ້ແລ້ວວວ. ຊ່ວຍແກ້ໄຂແນ່ເດີ້,0,0,0,0.888008
ບາງເທື່ອເນັດກະຊ້າ,0,0,0,0.759956
ດີດີດີສຸດຍອດ. ລວດເລວທັນໃດ ຂໍຂອບໃຈ,1,1,1,0.923089
ທໍາມະສອນໄຈ,1,1,1,0.765525
ເລີດເ,1,1,1,0.834084
ເອົາ5ດາວໄປເລຍ,1,1,1,0.766169
ນຸກດີ,1,1,1,0.822602
ໂທລະສັບລຸ້ນ vivo ໃຊ້ບໍ່ໄດ້,0,0,0,0.839821
ອິນເຕີເນັດຊ້າໂພດໃຫ້ສອງດາວກ່ອນຖ້າເນັດໄວມື້ໃດຈື່ງເອົາສະ5ດາວຫັ້ນ ປັບປຸງແດ່,0,0,0,0.901052
ບໍ່ໃດ້ຕິແບບນິຫ່ວຍແທ້ວະ ແມ່ນຫຍັງເບີເກົ່າທີ່ເຊື່ອມັນເສຍລະຈື່ລະຫັດມາເຂົ້າຫນ່ວຍໃຫມ່ລະໃດ້ຖ້າຮັບລະຫັດສະແກນຫນ້າແລ້ວຍັງໃຫ້ຮັບລະຫັດຢູ່ລະຫັດຮັບບໍ່ໃດ່ເຊື່ອມເບີເກົ່າທີ່ເສຍໄປແລ້ວ ເສຍເວລາຫລ້າ,0,0,0,0.90625
ໃຊ້ງານສະດວກສະບາຍດີຫຼາຍ,1,1,1,0.971909
ດີໃຈ ເດະ ຜູ້ ຊາ ຊົນ ປະ ເທດ ອາ ຊີ ອາ ຫານ ແລະ ຢາ ປົວ ແປງ ໃຫ້ ມີ ຜູ້ ຕິດ ຕາມ ການ ລາຍງານ ຂ່າວ ແຈ້ງ ໃຫ້ ທ່ານ ໃນ ອັນດັບ ສອງ ຝ່າຍ ແລະ ການ ຄ້າ ມະນຸດ ຂ້າມ ນ້ໍາ ທາ ລະ ນາ ເປັນ ການ ດີ ແລະ ການ ຄ້າ ມະນຸດ ຂ້າມ ນ້ໍາ,1,1,1,0.793729
ຂອບໃຈສໍາລັບຜູ້ເຮັດແອັບນີ້ຫຼາຍ ຍອມຮັບຫວາ່ດີທີສຸດສໍາລັບຂອ້ຍ,1,1,1,0.867644
ເລິ່ດ,1,1,1,0.758672
ດີຫລາຍໄວ້ໃຈໄດ້,1,1,1,0.902513
ແບນກະແບນເຟສກູເປັນບ້າຫວາໂອ່ເຂົ້າຫລິ້ນກະບ່ໄດ້,0,0,0,0.575135
ຊານເກີຊາພູເງິນ,1,1,1,0.586564
ປະສົບການເລວິວ,1,1,1,0.949526
ແອບນີ້ສຸດນິຍົມ,1,1,1,0.708744
ແອບນີ້ຄົນໍາຊ້ໄນປະເທດລາວຫຼາຍ,1,1,1,0.752857
ມັກເພາະທັງໂທແລະແຊັດໄດ້,1,1,1,0.756517
ບໍລິການຊັກຊ້າຫລາຍ ກາຍເວລາກໍານົດແຕ່ບໍ່ມີການແຈ້ງລູກຄ້າ ປະໃຫ້ລູກຄ້າຖ້າເປັນຊົ່ວໂມງອາຫານກະບໍ່ມາ,0,0,0,0.8556
ໃຊ້ດີສະດວກງ່າຍ,1,1,1,0.95646
ສຸດດດ,1,1,1,0.783679
ສຸດຍອດຄັບ,1,1,1,0.890967
ຄັກໂພດ,1,1,1,0.564947
ອັບເດດແລ້ວຄືຫຼີ້ນບໍ່ໄດ້ເລີຍດຽວນີ້ເຂົ້າບໍ່ໄດ້ສໍາ,0,0,0,0.972789
ແອແອ່ແອ້,1,1,1,0.789186
ບັກຈ້ອຍ ສາຍໂອອິຊີ,1,1,1,0.74739
ໃຊ້ງ່າຍໃຊ້ຄັກມັກຫລາຍ,1,1,1,0.914399
ລູກຄືດວງໃຈຂອງພໍລະແມ່ຈະ,1,1,1,0.748435
ຄໍາແກ້ວເດັກບ້ານອກ,1,1,1,0.764996
ມັນເປັນສິ່ງທີ່ດີຄົບເຄື່ອງທົດສອບທຸກຢ່າງຂ້າພະເຈົ້າຫມັ້ນໃຈຢູ່ຢ່າງດຽວຄືສໍາພັດໄດ້ວ່າສິ່ງທີ່ໃຫ້ມາເພິ່ນເປັນຫຍັງຈຶ່ງຖາມແບບນັ້ນທັ້ງທີ່ໂຕເອງບໍ່ຮູ້ເລື້ອງເລີຍແຕ່ກະເກິດຂຶ້ນຈິງ161 500,1,1,1,0.601964
ຢ່າໂຫລດໃຫ້ຫນັກເຄື່ອງເລີຍ ມັນບໍ່ດີເລີຍຂ້ອຍເຕິມເງິນເຂົ້າບໍ່ໄດ້ເພິ່ນວ່າລະຫັດບັດບໍ່ຖືກຕ້ອງແຕ່ທັງໆທີ່ຊື້ບັດມາໃຫມ່ໆ ແຕ່ຂ້ອຍອອກໄປເຕິມຢູ່ນອກແອບລະເຕິມໄດ້ !ປັນຫາຄືສ້າງແອບມາເພື່ອຫຍັງລະບົບແອບພວກມຶງຂັດຂ້ອງຕະຫຼອດ!ຫຼືວ່າພວກມຶງບໍ່ຕ້ອງການພັດທະນາແຕ່ຕ້ອງການແຕ່ເງິນຊັ້ນຫວາ,0,0,0,0.949729
ອາຍເອເຄ,1,1,1,0.735307
ບໍຕ້ອງຕັ້ງກະໄດ້ເດີ ສູນຫລາຍ,0,0,1,0.72908
ດັ່ງນັ້ນ,1,1,1,0.689287
ບໍດີປານໄດ,0,0,1,0.533539
ທັກທູກຄົນ,1,1,1,0.796212
ນ້ບ້ດໃ,1,1,1,0.759982
ລອງຈອງເບີ່ງກ່ອນເດີຮາ,0,0,1,0.736992
ການນໍາໃຊ້ດີຫລາຍ,1,1,1,0.964554
ທ.ຈື່.ນອ້ຍມະນີລາ,1,1,1,0.812709
ດີ.ດີ.ດີ.ຍ້ງມ.,1,1,1,0.78666
ຫລິ້ນດີຫລີ້ນມ່ວນ,1,1,1,0.877174
ຢາກໄດ້ເດ,1,1,1,0.893659
ຂ້ອຍບໍ່ມັກໂຄສະນາ,1,1,0,0.603002
ແອັບມີປັນຫາກະລູນາແກ້ດ່ວນ,0,0,0,0.776922
ຕອນນີ້ເຂົ້າwhatappບໍ່ໄດ້ ເຂົ້າແລ້ວມັນອອກບໍ່ຮູ້ມັນເປັນຫຍັງ,0,0,0,0.934033
ກໍາລັງຮຍນຮູ້ກຍ່ວກັບການຕັ້ງຄ່າແລະໃສ່ຂໍ້ມູມ.ຄັນຖ້າຂ້ອຍຫາກຜິດພາດປະການໃດໆຂ້ອຍຂໍອາໄພໄວ້ໂອກາດນີ້ດວ້ຍເພາະກໍາລັຮຍນແລະສືກສາຢູ່.ບໍ່ໄດ້ເຈຕະນາຂໍອາໄພຈາກໄຈຈິງຈິງ.,1,1,1,0.70808
ມີໄຮ່ຄາບ,1,1,1,0.767271
ເປັນແອປທີ່ດີ່ແທ້ດີຫລາຍສໍາຮັບທຸກຄົນເລີຍ,1,1,1,0.884341
ຕັດຄີບມາລະລົງສະຕໍລີລະກະຕຸກ ກັບໂພດຮູບຫລືຄີບຄຸນນະພາບຕໍາລົງ ຢາກໃຫ້ແກ້ໃຂ ຄິບແຕ່ລະຄິບຕ້ອໃຊເວລາສ່າງ ທໍເວລາເຈີແບບນີ້ ແກ້ໃຂໃຫ້ແນ່,0,0,0,0.554352
4ສະຫາຍສາຍຕູດ,1,1,1,0.747332
ຫນັງໂປ້,1,1,1,0.760237
ມີແຕ່ແອບ ແຕ່ເຂົ້າລົງທະບຽນບໍ່ໄດ້ ບອກແນ່ເດີ!,0,0,0,0.914962
ມຸ່ນເນັດກະບໍ່ໄດ້ໄດ້ແຕ່ຟັງເພງກັບອັບເດດສະຖານະ ຈັກພວກເຈົ້າເປັນຫາອີ່ຫຍັງ,0,0,0,0.898803
ໃຊ້ງານຂອນຂາງດີ,1,1,1,0.706842
ດີວ່າໄປ,1,1,1,0.71376
ອ້າຍ,1,1,1,0.824508
ໂຄດແຍ່ມາກເລີຍອັບເດດຄັ້ງນີ້ ຫມູນກະບໍ່ໄດ້,0,0,0,0.89784
ຂ້ອຍໃຈ້,1,1,1,0.832792
"ດີຫຼາຍຖືກໃຈຫຼາຍ , ,",1,1,1,0.930926
ນານໂອນເງິນເກີນຖ້າຮົນຮອດເຊົ້າຍັງບໍ່ໃດ້,0,0,0,0.882492
ດີຫລ້າຍຫລາຍເດີ້,1,1,1,0.778445
ຂໍຕວາມຊວ່ຍເຫຼື່ອ,1,1,1,0.836587
"ຮ້ານອາຫານຫຼາຍຮ້ານເລີຍ ບໍ່ສາອາດ,ອາຫານບໍ່ຕົງປົກ ອາຫານມີນ້ອຍກວ່າໃນຮູບຫຼາຍເທົ່າ ບໍ່ຄູ້ມກັບລາຄາເລີຍ,ສັ່ງບັກດົນໆກວ່າສິໄດ້ ຂົນສົ່ງເວົ້າຈາບໍ່ເກັ່ງ ຖາມລູກຄ້າເລື່ອງເສັ້ນທາງແລະບອກບ່ອນທີ່ຕົວເອງກໍາລັງຢູ່ບໍ່ເປັນ ເວົ້າບໍ່ເຂົ້າໃຈ ບາງເທື່ອນ້ໍາມັນທີ່ຢູ່ນໍາອາຫານກໍເຮ່ຍອອກມາເປື້ອນຫມົດ ບາງເທື່ອມາສົ່ງຊ້າເຮົາສັ່ງນ້ໍາປັ່ນກໍລະລາຍກມົດເລີຍ",0,0,0,0.900198
ພັດທະນາໃຫມ່ ຄືຜີບ້ານິ ຈິ້ມແບບຫນຶ່ງ ໄປແບບຫນຶ່ງ ເຂົ້າແອັບກະຊ້າຄືຕາຍນິ ພໍດີລໍາຄານ ເນັດໄວ ເນັດຊ້າແອັບກະຊ້າຄືເກົ່າບໍ່ກ່ຽວກັບເນັດ ປັບປຸງໃຫມ່ໃຫ້ມັນທັນໂລກສາກົນແນ່,0,0,0,0.937612
ແອັບຫ່ານີ້ຈັກສ້າງມາເພື່ອຫຍັງ,0,0,0,0.748797
ໃຊ້ງານບໍ່ໄດ້ລົບຖິ້ມດີກວ່າ,0,0,0,0.813913
ມັກ ແຕ່ເສຍດາຍເນັດຊ້າ,1,1,1,0.614758
ປັບປຸງແນ່ເດິສອງສາມມື້ນີ້ເບິ່ງຄີບຈາກເຟດລະມີແຕ່ວ່າເກີດຂໍ້ຜິດຂື້ນອາດຜິດພາດທາງແທັກນິກເຮົາກໍາລັງພະຍາຍາມແກ້ໄຂແຕ່ຜ່ານມາ4ມື້ແລ້ວຍັງເປັນຄືເກົ່າເບິ່ງອັນໃດກະບໍ່ໄດ້ຂໍໄຫ້ແກ້ໄຂດ່ວນ,0,0,0,0.925092
ຂອບໃຈເດິບໍ່ໄດ້ເນັດ,1,1,0,0.629654
ເຈ໋ງ,1,1,1,0.759982
ສະບາຍດີfດຮີ,1,1,1,0.940649
ດີຫລາຍ ຫລີ້ນເນັດແລກດາຕ້າກໍ່ປະຢັດດີ ສຸດຍອດເລີຍ,1,1,1,0.835983
ກ ພີະ,1,1,1,0.760812
ເອີ້ນລົດຍາກໂພດ ປັບປຸງແອັບຄືນຕື່ມເດີິ,0,0,0,0.900098
ຫລັກ9ຄືບໍ່ໄດ້,0,0,0,0.940268
ເອົາຕົງໆເລີຍລົງທະບຽນແມ່ມັນນິໂຄດຢາກເລີຍ ເຊີນປັບປຸງແດ່ ຄັນຢາກໃຫ້ລົງທະບຽນນະ,0,0,0,0.827923
ລອງໄຊ້ເບີ່ອງ,1,1,1,0.830624
ເປີດເຟດເປັນສາຖາລະນະ,1,1,1,0.821238
ສໍາລ້ອງຂໍ້ມູ້ນດີແທ້ລົງລົບແອບໂລດມາໄຫ່ມໄດ້ຂໍ້ມູ້ນໂຕເກົາທີເຄີຍໄຊຂໍ້ມູ້ນສໍາຄັນທັງນັ້ນ,1,1,1,0.645866
ປະຢັດຈ່າຍ ແລະ ເສຍສະຫຼະ ເພຶ່ອສ່ວນລວມ,1,1,1,0.818817
ເພາະສິ່ງມີປະໂຫຍກກັບສັນຈິ່ງໃຫ້5ດາວໄປເລີຍ,1,1,1,0.811125
ແອັບຕາຍຮ່າຫຍັງແອັບຂີ້ຕັວະ2ໃຫ້ໂຫລດແລ້ວບ່ໄດ້ບ່ຕອ້ງພາກັນໂຫລດເດີ້,0,0,0,0.808321
ທ້າວໄມອໍ່,1,1,1,0.819399
ຍາກປ່ຽນເລກແນະນໍາແກ້ໄຂໃຫ້ແນ່,0,0,0,0.592935
"ສຸດຍອດ. ທັນສະໄຫມ,ສະດວກ,ວອງໄວ",1,1,1,0.90451
ແຊະຮື ທອງມີໄຊ,1,1,1,0.792216
ບໍ່ດີເລີຍຂໍບອກ,0,0,0,0.604692
ເຂັ້າໄຈ,1,1,1,0.816723
ມັກຫຼາຍຫຼີ້ນ ງ່າຍ,1,1,1,0.860054
ມັນບອກບໍ່ມີກະເຊື່ອມຕໍ່ອິນເຕີເນັດ ທັ້ງທີ່ມີເນັດຢູ່,0,0,0,0.56588
ເຂົ້າແອບດັງອອກ,0,0,0,0.884417
ມສອສີຊ,1,1,1,0.759982
samsung s8 ເບິ່ງວີດີໂອ ແລ້ວຢຸດເອງຕະຫລອດ,0,0,0,0.601746
ຄວນປັບປຸງແນ່ເດີເຂົ້າແນວໃດກາບໍ່ໄດ້,0,0,0,0.940632
ຖ້າໄດ້ອ່ານກະລຸນາປັບປຸງແດຂ້ອຍຕ້ອງການໃຊ້ແອັບ my unitel ແຕ່ກັບເອົາມັນມາໃຊ້ນໍາກັນຖາມວ່າດີບໍ່ກະດີຄັນຟັງຊັນມັນໃຊ້ງ່າຍແຕ່ອັນນີ້ຟັງຊັນມັນໃຊ້ຍາກກົດເຂົ້າແລ້ວກົດອອກກະຍັງເປັນຫນ້າເກົ່າເອົາmy unitel ອັນເກົ່າດີກວ່າເຮັດແນວນີ້ຂ້ອຍເຕີມບັດຍາກກົດເຂົ້າແລ້ວກົດອອກບໍ່ໄດ້ຈະແລກດາຕ້າກະໄດ້ປັດແອັບຖິ້ມແລ້ວເຂົ້າໃຫມ່ຄັນຈະປັບປຸ່ງກະເຮັດໃຫ້ມັນດີແດຄົນປັບປຸ່ງກະບໍ່ເຂົ້າໃຈຄວາມຕ້ອງການຂອງ ຜູ້ບໍລິໂພກຈັກນ້ອຍຈຸດອ່ອນຂອງແອັບມີຫລາຍເປັນ 100ຄັນປັບປຸ່ງແນວນີ້ກະຂໍໃຊ້ແອັບ my unitel ອັນເກົ່າດີກວ່າອັນນີ້ແຮງປັບແຮງຕົກຕໍາ,0,0,0,0.934253
ດີມາກໆເຮັດໃຫ້ໄດ້ເງິນນໍາ,1,1,1,0.750275
ຊອກມມາກ,1,1,1,0.794964
ໄຫ້5ເດົາ,1,1,1,0.803664
ເປັນຫຍັງຮອດບ່ອນສະແກ່ນຫນ້າແລ້ວເຮົາກະສະແກ່ຮແລ້ວມັນກະເດັ້ງກັບຢູ່ບ່ອນຈຸດເລີ່ມຕົ້ນ ຕັ້ງ100ເທື່ອກະບໍ່ໄດ້,0,0,0,0.851446
ຄິດຮອດລູກຊາຍທັງສອງແທ້ເດ້,1,1,1,0.708246
ບໍເຄີຍທໍາແຕຢາກໃຊ້ແບບງ່າຍໆ,1,1,1,0.784455
ອັບເດດໃຫມບໍໄດ້ຮອດເນັດ,0,0,0,0.85549
ສຶ່ສານໄດ້ດີ,1,1,1,0.881228
ມີໂຄສະຫນາອະນາຈານຫຼາຍ,1,1,1,0.674654
ປັບປຸງໃຫມ່ແດ່ເດີ.ຍັງໃຊ້ໄດ້ບໍ່ໂອເຄພໍສົມຄວນເວລາຈະໂອນເງິນແມ່ນມີແຕ່ເດັ້ງອອກ,0,0,0,0.842048
ໄຊ້ດີສະດວກໃນການຕິດຕໍ່ສື່ສານ,1,1,1,0.91094
"ອັບເດດໃຫມ່ ແຕ່ໄດ້ມາໂຫຼດໃຫມ່ ແຖມເຂົ້າລະບົບບໍ່ໄດ້ອີກ gg ເລີຍ, m service ຍັງໃຊ້ງ່າຍກວ່າ ອີກຢ່າງ ເນັດຫມົດກໍສາມາດເຂົ້າໄດ້. ອັນນິລະ ເນັດຫມົດ ສິເຕີມກະບໍ່ໄດ້, ມາເສຍເງິນເສຍເວລາກົດ 575 ອີກ",0,0,0,0.907726
ຢາກເບີ່ງທຸກຢ່າງຍາມບໍ່ມີເນັດເດນໍ,1,1,0,0.584855
ຮູ້ທັນໃຈ,1,1,1,0.847866
ຂ້ອຍດາວໂລດຄືບໍໄດ້,0,0,0,0.737079
ຮນວ່,1,1,1,0.755862
ຊອບມາດຈຮາ,1,1,1,0.814249
"ລະບົບຂີ້ຫລ້າຍສຸດໃນ play store ເຊື່ອມເນັດ ແລ້ວສະແດງວ່າ ບໍ່ມີ internet on off restart ເຄື່ອງ ຫລາຍຮອບ, ລະບົບ ຈື່ແຕ່ຄ່າເດີມ",0,0,0,0.769758
ນ.ນ້ໍາຜຶ້ງ12,1,1,1,0.76401
ມີຄວາມຄິດທີ່ດີສ້າງສັນຜົນງານອອກສູ່ສາຍຕາສັງຄົມ,1,1,1,0.819743
ດີຫລາຍພັດທະນາຕໍ່ໃປ,1,1,1,0.890176
ຊີວິດຕິລົບ.ຄົບກັບຄົນບໍ່ມີໃຈ.ຈົບ ໂສດ,1,1,1,0.625496
ແມ່ຮ,1,1,1,0.705379
ໄຫ້,1,1,1,0.836366
ໄດ້ຫນ້ອຍແຖມແພງ ຊື້ເຟີຂງນວ່າ15.000ກີບ ບວກຄ່າສົງລວມອາກອນເປັນ18.000ກີບ.ບາດມາຮອດ35.000 ເລີຍ ງງງ ກັບມື່ງຟູດແພ້ນດ້າ,0,0,0,0.677897
ຍິ່ງອັບຈິງດີ,1,1,1,0.573724
ຊ່ວຍໃຫ້ໄດ້ຮູ້ເຫດການໃນສັງຄົມ,1,1,1,0.847602
ອາກາດຄືມາຮອ້ນແທ້,1,1,1,0.758439
ຄືບໍ່ສົ່ງລະຫັດມາໃຫ້ເຂົ້າຈົນຮອດ100ເທືອຍັງບໍ່ໄດ້ສໍາ,0,0,0,0.937621
ບຸນໄທ,1,1,1,0.78353
ດີຫລາຍຕິດຕາມຂ່າວສານທີ່ສໍາຄັນຍ້ອນໃຫ້ເຫັນຄວາມຊົງຈໍາທີ່ຜ່ານມາໃຊ້ໄດ້ດີຫລາຍ,1,1,1,0.914133
ຫນັງໂປ່,1,1,1,0.771355
ດີທີ່ສຸດຊົມເຊີຍ ສຶບຕໍ່ເລື້ອຍໄປ,1,1,1,0.875537
ໃສ້ດີ,1,1,1,0.851401
ດີໆສຸດຍອດເລີຍໄດັດັງໃຈມັກໃຫ້ຄະແນນ5,1,1,1,0.870051
ລອງຫລີ້ນແລ້ວດີທຸກຢ່າງແຕ່ຄວນແກ້ໄຂໄຫ້ຂຽນອະທິບາຍກັບຮູບປົກຫຼືຮູບໂປຮຟ໊າຍໄດ້ຢ່າງອິດສະລະ,1,1,1,0.732666
ເວລາຈະຕົກໄອໂຟນນະ ທໍາທ່າຫມຸນໄວຂື້ນ ຫລີ້ນບໍ່ຊື້ ບໍ່ຫນ້າເຊື້ອຖືເລີຍ ມັນປະມາ40ເທື່ອ ຈະຕົກໄອໂຟນຢູ່ປະມານ3ເທື່ອ ແຕ່ຫໍ່ບໍ່ຕົກ ເພາະຈະຕົກເທື່ອໃດ ກະເຮັດຫມຸນໃຫ້ເລ່ວຂື້ນ,0,0,0,0.728337
ເປັນໂຫລດແອບນີ້ໃສ່ໂທລະສັບຫມ່ວຍນີ້ບໍ່ໄດ້ວະ,0,0,0,0.852442
ທຝີງ່ບໍຕຮືທວາຍງ່,1,1,1,0.613719
ໃຊ້ງານບໍ່ໄດ້ແອບເດ້ງຕະຫຼອດ,0,0,0,0.932954
ຂໍແກ່5,1,1,1,0.832177
ຕົວະໃຫ້ເອົາເບີລົງທະບຽນ ບໍ່ເຫັນຊິໄດ້ຫ່າຫຍັງ ສະຫມັກໄປກະມິດ,0,0,0,0.898768
ກາກຂະນາດ ປັກຫມຸດແລ້ວໃຫ້ຂຽນຄໍາອະທິບາຍຕລອດເລີຍ ຂຽນແບບໃດກະບໍ່ໄດ້ ສັ່ງບໍ່ໄດ້ເລີຍ,0,0,0,0.845273
ອອໄຊຍະວົງ,1,1,1,0.782759
ອັບເດດແລ້ວຄືຊື້ຍາກກວ່າເກົ່າກົດຊໍາລະບໍ່ໄດ້ກົດຊື້ໂຕໃດກະເຕັມປັບປຸງແນ່ເດີ້,0,0,0,0.970786
ຜຸຍ,1,1,1,0.759982
ຢາກຟັງແພງ,1,1,1,0.71307
ແປັນ,1,1,1,0.65742
ຂໍຂອບໃຈທຸກສີ່ງຢ່າງທີ່ມອບໃຫ້ ຢ່າງສຸດໃຈ.,1,1,1,0.878838
ກາກແທ້ຄືເຂົ້າບໍ່ໃດ້ແບບນີ້ຊິລົງທະບຽນເບີແນວໃດ ປັບປຸງແນ່,0,0,0,0.954521
ຂໍນະ,1,1,1,0.771067
ແອັບ ຫຍັງ ເປັນ ແບບ ນີ້ລົງທະບຽນແບ້ຫຍັງກະບໍ່ໄດ້ປັບປຸ່ງແດ່,0,0,0,0.94343
ບໍ່ຮູ້ວ່າສິບອກແບບໃດ,1,1,1,0.728152
ແກ້ໄຂແນ່ໂຫລດມາແລ້ວເຂົ້າແອັບມີແຕ່ສີຂາວເຮັດຫຍັງບໍ່ໄດ້ເລີຍ,0,0,0,0.965283
ເບິ່ງວິດີໂອບໍໄດ້,0,0,0,0.760501
ແຫມງແອັບໂຄດກາກເຂ້າກະບໍໄດ່ເຮັດຫຍັງບໍໄດ່ເລີຍແອັບໂຄດກະຈ່ອກຖາ່ເປັນແບບນີຕະລອດແນະນ້ໍາໄຫ້ປິດແອັບນີລະໂຄດພໍແມ່ມືງຕາຍຫວາ່ຄວາຍ,0,0,0,0.939954
ຂ້ອຍເປັນຄົນທຸກຍາກຄົນນຶງຂ້ອຍເລີຍເຫັນແອັບນີ້ຈາກນັນຂ້ອຍກະເລີມໄຊ້ໄນວັນທີ1 11 2021ເປັນຕົນມາຂໍໄຫ້ທຸກຄົນເປັນກໍາລັງໄຈໄຫ້ຂ້ອຍເດີ ຄອບຄົວຂ້ອຍທັງມົດມີ6ຄົນຂ້ອຍເປັນລູກກາງແລະຂ້ອຍກະເປັນພູ້ຊາຍ ຂ້ອຍມີນໍານັກ38ສູງ147cmຂ້ອຍເປັນຈອຍ,1,1,1,0.805757
ດີຫຼາຍຈາ່ວ,1,1,1,0.929651
ອອກຈາກລະບົບເຟສຄືບໍ່ໄດ້ບໍ່ຂາຍໄອດີເກມແລ້ວເຟສຄວາຍ,0,0,0,0.896604
ຄົ້ນຫາເພຶອ່ນບໍ່ໄດ້,0,0,0,0.830462
ແອບໃຊ້ດີຫຼາຍສະດວກ ໃຜທີດາວໂຫລດແອບນີ້ ໄຫ້ໃຊ້ລະຫັດແນະນໍາ 78800544 ເພື່ອຮັບເງິນແນະນໍາ,1,1,1,0.80743
ໄຊງາຍ ສະບາຍ,1,1,1,0.897529
ເຮັດແນວໃດເພີ່ນຈັ່ງສິເຊົາບ໋ອກຂ້ ອຍ,1,1,1,0.573721
ໃຊ້ບໍ່ໄດ້ເລີຍ ອັບເດດໃຫມ່ ແຮງບໍ່ດີ ຢາກໄດ້ແບບເກົ່າຫມູນ ໄອລັກກີ້ ດີຫລາຍ ມາອັບເດດໂຕລ່າສຸດ ຫມູນບໍ່ເຄີຍໄດ້ຫຍັງ ຊ້ໍາພັດຕອນນີ້ ຫມູນບໍ່ໄດ້ເລີຍ ຟ້ອງວ່າຫນ້ານີ້ບໍ່ຕອບສະຫນອງ,0,0,0,0.930907
ອັບເດດຕະຫຼອດເລີຍ ໃສ່ເພງໃນ story ກະບໍ່ໄດ້,0,0,0,0.903259
ນາງນໍາ້ເພັດ,1,1,1,0.825198
ຢາກກູ້ຄືເຟສ,1,1,1,0.764216
ຊື້ແພັດແກັດໃນແອັບຄ່ອຍຂ້າງຍາກເຂົ້າໄປລະຫມຸນຢູ່ຫັນບໍ່ໄດ້ຈັງເທື່ອ,0,0,0,0.917842
ຄືບ້ານິບໍ່ໄດ້ເລີຍ,0,0,0,0.79625
ເດບຮຕ,1,1,1,0.773432
ທຸກຢາງໃຫ້ປະສົບຄວາມສໍາເລັດຕໍ່ຫນ້າທີວງກງານ,1,1,1,0.74056
ແອັບຄືໂຫລດບໍ່ໄດ້,0,0,0,0.9146
ມັນບໍ່ມີສະຕໍລີ່,0,0,0,0.766647
ສົ່ງຂໍ້ຄວາມທີ່ປອດໄພ,1,1,1,0.678926
ຍອ້ບ,1,1,1,0.751242
ດີຫຼາຍໃຊ້ປະຈໍາທຸກມື,1,1,1,0.903108
ພະສວງ,1,1,1,0.763832
ຂໍຂອບໃຈ.,1,1,1,0.905027
ກູບໍ່ໃຫ້ດາວແອັບຂີ້ກາກເຂົ້າໄປແລ້ວບໍ່ເປັນຄືມືງໂຄຊະນາ. ສັດ,0,0,0,0.946833
ເຄີຍເຮັດວຽກນໍາພາກລັດມາກອ່ນ,1,1,1,0.748859
ຄົນຈິດຕາມບໍ່ຫຼາຍ,1,1,1,0.663162
ໃຫ້ອັບເດດຕະລອດເບື່ອວະອັນເກົາມັນກະດີແລ້ວນິມູນໄດ້ເນັດແຊກະບໍ່ໄດ້ໂຄດສູນ,0,0,0,0.887229
ດີຫລາຍສໍາລັບແອບນີ້,1,1,1,0.915101
ສະບາຍດີຈາ,1,1,1,0.929633
ມັນສຸຍອດດີ,1,1,1,0.806391
ອັບເດດລ່າສຸດບໍ່ເຫັນບ່ອນເຕີມເກມ ບໍ່ເຕີມໄດ້ລະບໍ,0,0,0,0.816134
ເພື່ອ ຄວາມຮຽນຮູ້ບັນທີັງ,1,1,1,0.741346
ດີຫລາຍຍຍ,1,1,1,0.935612
ພົງສະຫວັນສຸພັນະວົງ ທພສວ ທຄຕລ 1ສຸດຍອດແຫ່ງການເງີນ,1,1,1,0.864723
ໃຊ້ດີສາມາດເພີ່ມເພືອນໄດ້ຫລາຍ,1,1,1,0.887555
ແອບດິມາກ,0,0,1,0.744056
ຄ ລາວ,1,1,1,0.813427
ຫາກວ່າບໍ່ເກັບຄ່າທໍານຽມເຕີມ1ແສນພັດຫັກເພີ່ມອີກ10ພັນແຕ່ເກົ່າຄ່າທໍານຽມມີແຕ່3ພັນ ອັນນີ້ຫັກໄປ10ພັນຄ່າຫຍັງກະບໍ່ຮູ້ເລີຍ,0,0,0,0.824885
ໄຊ້ສະດວ່ນຫຼາຍ,1,1,1,0.834576
ຊອບເລີຍ,1,1,1,0.730501
ນາງສຸວັນນີ ສີສະຫວັດ,1,1,1,0.781716
ລະຫັດຜູ້ໃຊ້ຫຍັງບໍ່ເຄຄຍລົງທະບຽນ,0,0,0,0.785591
ສົ່ງ link ໂດຍຜ່ານຂໍ້ຄວາມໄປຍັງເວັບໄຊທ໌ໃຫ້ເພື່ອນບໍ່ໄດ້,0,0,0,0.672337
ເບີໄທສະມັກບໍ່ໄດ້ຕິ,0,0,0,0.755177
ຄັກຫລາຍເດີ້,1,1,1,0.808672
5ໄປເລີຍມັກຫລາຍແອບນິ,1,1,1,0.827974
ກະຕ່າຍ,1,1,1,0.807331
d ດີ,1,1,1,0.831805
ແອັບຫາເຮັດຫຍັງກະບໍ່ໄດ້,0,0,0,0.979734
ສູ່ຊີວິດ,1,1,1,0.878671
ແອັບຯດີມີຄຸນນະພາບ,1,1,1,0.716796
ສະດວກສະບາຍບໍ່ຕ້ອງໄປທະນາຄານກະໄດ້,1,1,1,0.859232
ຂອ້ຍມັກຫລາຍແອັບນິ້,1,1,1,0.794057
ສະຫຼວກອືກແບບ,1,1,1,0.70761
ນາງພັດທະຢາ,1,1,1,0.781563
ກາກກ,0,0,0,0.900761
ໄດຢູ່,1,1,1,0.783423
ດີໄຈທີໄດ້ຫຼີ້ເຄື່ອງນີ້,1,1,1,0.759982
ຫລິ້ນເກມຫຍັງບໍ່ໄດ້ເລຍຊ່ວຍແກ້ໄຂແນ່ອັບເດດໃຫມ່ກະຄືເກົ່າ,0,0,0,0.883209
ອັບເດດມາຫລີ້ນກະບໍ່ໄດ້ໂຕເກົ່າດີກວ່ານີ້,0,0,0,0.925667
ເຂົ້າເພືອຊົມຂ່າວສານ,1,1,1,0.748653
ແອັບເຂົ້າບໍ່ໄດ້ມີແຕ່ເດັ້ງຂ້ອຍບໍ່ໄດ້ຊື້ເລກມາ3ງວດແລ້ວງວດນິຍັງບໍ່ໄດ້ຂ້າພະເຈົ້າສິໄປໃຊ້ຂອງສາຂາອື່ນສາຂານິໃຊ້ມາສິເຂົ້າປີ1ແລ້ວປັບປຸງແນ່,0,0,0,0.887112
ມັກ ຖືກໃຈ,1,1,1,0.829951
ຍອນຍັງວັດແອບຈືງລຶບອອ່ງນະ,1,1,0,0.566629
ງາຍໆດີໃຈ,1,1,1,0.851686
ໃຊ້ງາຍໃດ້ໃຈ,1,1,1,0.82506
ມັນລົງທະບຽນໂຄດພໍ່ໂຄດແມ່ມັນແນວໄດເກາະທາງເຟສກະບໍ່ໄດ້ທາງບັນຊີກູເກີ້ນກະບໍ່ໄດ້ ເຮັດໃຫ້ມັນເຂົ້າໃຊ້ງ່າຍໆກວ່ານີ້ບໍ່ໄດ້ຫວາຮ່າແດກສູ,0,0,0,0.954637
ຢ1ຟຸຕ,1,1,1,0.759982
ເລ່ນມວ່ນຫາຍ,1,1,1,0.794809
ຍາກໄສີອັນນີ,1,1,1,0.637763
ຮູ້ສະບາຍໄນຫລາຍໆແນວເມືອໄດ້ມານໍາໄສແອບນີ້,1,1,1,0.807137
ຍ້ອມຮັບຕາມຂໍ້ກໍານົດ,1,1,1,0.776853
ໃຊ້ງານດີມາກໆໆເລີຍ,1,1,1,0.89039
ຟິກ,1,1,1,0.759982
ສັນຍານເນັດເຕັມແຕ່ເຂົ້າໄປໃນແຊັດບອກວ່າບໍ່ເຊື່ອມຕໍ່ເນັດວ່າຊ້ານແກ້ໄຂໃຫ້ແນ່,0,0,0,0.806394
ລະຫັດບໍ່ສົ່ງ,0,0,0,0.867598
ດີຫລາຍຮັບບັດສ່ວນລົດເລກແນະນໍາ 14029092,1,1,1,0.744077
ດີເກິນຈົນເປີດກ້ອງບໍໄດ້ເລີຍ,1,1,0,0.707898
ຂ້ອຍມີແຟນແລ້ວເດີ,1,1,1,0.833838
ກ່ອນຊິເຂົ້າຫນ້າແອຟຊ້າແຮງ ທັງໃຊ້wifi ແລະໃຊ້ເນັດໂທລະສັບ ລະບົບຫມູນຊາມເຂົ້າໄດ້ເກືອບ30ວິນາທີ ເວລາເຂົ້າໄປແລ້ວບາງຄັ້ງໂອນເງິນກໍ່ບໍ່ໄດ້ປັບປຸງໃຫ້ດີກວ່າເກົ່າແນ່ເດີເຈົ້າ,0,0,0,0.935282
ອະໄລກໍ່ດີເສຍແຕ່ເງີນມີຫມ້ອຍ,1,1,1,0.764506
ທ່າປ່າກໍາຫາຼຍ,1,1,1,0.804222
ຂ້ອຍມັກແລະໃຊ້ມາຫລາຍປີແລ້ວ,1,1,1,0.869562
ແອັບຫລີ້ນດີ,1,1,1,0.617626
ຈົນ,1,1,1,0.743352
ເຂົ້າບໍ່ໄດ້ຄວາຍ,0,0,0,0.969754
ດີຫລາຍເອົ້າໃຫ້5ດາວເລີຍ,1,1,1,0.875354
ໃຊ້ສະດວກສະບາຍດີໂອນໄວທັນໃຈ,1,1,1,0.94654
ໃຊ້ງານງາຍປອດໄຟມີaiເປັນທີ່ປືກສາຍ່າງດີ,1,1,1,0.878046
ປເ ວ,1,1,1,0.759982
ນັກຮຽນຂັ້ນປະຖົມນົມເຜື່ງຕັ້ນເຕົ້າ,1,1,1,0.664936
ສະອາດດີບໍ,1,1,1,0.836231
ເປັນແອັບທີ່ບໍ່ພ້ອມໃຊ້ງານເຕີມເນັດກໍ່ຍາກແອັບບັກແລະຄ້າງພັດທະນາໃຫ້ດີແນ່,0,0,0,0.628198
ຈຍນ້າຍາົຫົກ້ຍເຂາຈຍ,1,1,1,0.748312
ຢາກຖືກຫວຍມາສ້າງ ບ້ານເຮືອນ,1,1,1,0.661622
ດີມາກດີທິສູດເລີຍ,1,1,1,0.883711
ເພາະວ່າດີ,1,1,1,0.709481
ຍັງຮັກຄືເກົ່າ,1,1,1,0.565551
ໃຊ້ຍາກ ຄວນເບິ່ງຄືນ,0,0,0,0.659631
ເຮັດໃຫ້ເຮົາຮູ້ຈັກໂລກກວ້າງຂື້ນ ຮູ້ເຫດການທີ່ເກີດຂື້ນໄດ້ໄວ້ກວ່າເກົ່າ,1,1,1,0.716707
ແອບຫ່ານີເຂົ້າມັນກະວ່າບໍ່ສາມາດເຊື່ອຕໍ່ກັບອິນເຕີເນັດແອບດີແຮງເນັດຫຍັງເບິ່ງຢູ່ທູບໄດ້ເນັດກະບໍ່ເບີດອີກແບບນີ້ໄປໃຊ້ຂອງພັດທະນາຍັງສິບໍ່ດີກ່ອນບອກແອບກາກໂພດໃຫ້1 10,0,0,0,0.950458
ຂອບໃຈເດີທີມີໂມຈາ,1,1,1,0.880238
ກໍ່ດີນະໄດ້ຮູ້ຈັກເພືອ່ນຫລາຍຂື້ນ,1,1,1,0.807751
ການໄຫ້ຄະແນນໄວ,1,1,1,0.829483
ໃຊ້ຄັກຫຼາຍ,1,1,1,0.860916
ບໍ່ເຫັນສ່ງດາຕ້າມາເຮັດກິຈະກໍາກະເຮັດແລ້ວກາກກຫລາຍ່0ເອີ.,0,0,0,0.806598
ລະບົບຂັດຂ້ອງຕະຫລອດສາເຫດເປັນຍ້ອນຫຍັງ,0,0,0,0.874398
ໂອຍຍກູລະຫົວຈະປວດຍ້ອນແອບພີບ້າອັນນີ້ປັບປຸງໄດ້ກະປັບແນ່ສາເດີກູລະສຸດຈະທົນ,0,0,0,0.585934
ສົນໃຈລົດ,1,1,1,0.76439
ນ້ໍາຝົນ ຄໍາພສ,1,1,1,0.804981
ກວດກາເປີດເບີ່ງບັນຊີລ້າຊ້າບໍ່ວ່ອງໄວສັນຍານມີຈໍາກັດຫລາຍ,0,0,1,0.511258
ອ້າຍຄໍາຜອງ ສາຍເດັກຕີເກມ,1,1,1,0.813236
ຮັນເດີ,1,1,1,0.759629
ເຈັງສາວໆຫນ້າຮັກພຽບຄັກຖືກໃຈຫລາຍ,1,1,1,0.885723
ລະຫັດotpກໍ່ບໍ່ສົງມາ,0,0,0,0.778387
ລົງທະບຽນໂຄດຍາກຊື່ເຂົ້າລະບົບໃສ່ແນວໄດກະບໍ່ໄດ້ປັບປຸງແດ່,0,0,0,0.982908
ຂອງເຂົາດີ.ໆ.,1,1,1,0.803016
ດີທີ່ມີມັນງາຍແລະສະດວກໃນການສົນທະນາກັບທຸກຄົນ,1,1,1,0.88343
ຄະແນ່ນ5ດາ,1,1,1,0.724379
ຫຼີ້ນເກມບໍ່ໄດ້,0,0,0,0.787179
ແກ້ໄຂໃຫ້ແດ່ ດ່ວນ ຕອນນີ້ບໍ່ວາມາດເຂົ້າໃຊ້ງານໄດ້ນະ,0,0,0,0.676419
ດນຸ,1,1,1,0.759982
ຫິ້ຼນງ່າຍທັນໃຈສະດວກສະບາຍຢ້ງມ,1,1,1,0.942569
ຄິດຮອດເດີ,1,1,1,0.754605
73403394 ໃສ່ເລີຍ,1,1,1,0.682845
ໂຫລດຍາກ,0,0,0,0.78518
ເຍ້ຄສ້ຮຍ,1,1,1,0.759982
ດີຫລາຍ ແຕ່ຖ້າອອກບິນໃຫ້ລູກຄ້າໄດ້ຈະເປັນການດີ ເພື່ອຄົນທີ່ຕ້ອງເຄລມບິນຄືນໃຫ້ບໍລິສັດ,1,1,1,0.807921
ດີແລວ,1,1,1,0.887067
ພູມໃຈແລະຂອບໃຈທີ່ປະເທດລາວເຮົາມີທະນາຄານທີ່ທັນສະໄຫມແລະສະດວກສະບາຍ ຄົງຊິບໍ່ເຮັດໃຫ້ລູກຄ້າຜິດຫວັງເລື່ອງມິດຊາຊີບແຮັກຂໍ້ມູນຄວາມປອດໄພແລະເອົາເງິນໄປໃນທີ່ສຸດ.,1,1,1,0.821615
ຫ່ວຍແຕກຫລາຍກະລຸນາປັບປຸງແນ່,0,0,0,0.882189
ໂຫລດມາສະຫມັກກະບໍ່ໄດ້ແລ້ວຊິໃຫ້ໂຫລດມາສະຫມັກເພື່ອຫຍັງ,0,0,0,0.856265
ສະມັກໂຄດຍາກລູກອີກະຫລີ,0,0,0,0.610489
ດີຊາຍ ຢງມ,1,1,1,0.781408
ວັນເວລາ,1,1,1,0.66015
ໄມ່ທະນັດ,1,1,1,0.754217
ຕັ້ງບໍ່ໄດ້ເອົາເບີຕັ້ງຮອດສາມເບີແລ້ວຍັງບໍ່ໄດ້,0,0,0,0.852786
ຕອນແລກໃຊ້ດີພໍອັບເດດໃຫມ່ເຂົ້າເບີ່ງຫຍັງກະບໍ່ໄດ້ອັບເພື່ອ.,0,0,0,0.913854
ໃຊ້ງານງ່າຍໃຊ້ງານດີ,1,1,1,0.890046
ແອບນິຍຸງຍາກຫລາຍຫລົງທະບຽນແລ້ວບອກວ່າຫຍັງບໍ່ຫລົງແອບກະກາກໆສະຫມອງສູເຈົ້າເຮັດໄດ້ແຕ້ສໍານິຫວາຈະເລີນແລ້ວປະເທດ,0,0,0,0.87911
ຖື່ວ່າດີນັກເຂົ້າແລ້ວບໍ່ຢາກອອກ,1,1,0,0.665685
ຊິດີກວ່ານີ້ຖ້າໂທຟີ,1,1,1,0.650191
ຂ້ອຍຕ້ອງໃຫ້ຮອດເປົ້າຫມາຍ,1,1,1,0.616884
ລົງທະບຽນບໍ່ໄດ້ເປັນຫຍັງວ່າທາບໍ່ແກ້ໄຂ່ຈະບໍ່ໂຫຼດຈະບອກຄົນອື່ນຕໍ່ຕໍ່ວ່າຍາບໍດີໂຫລດໄຫດາວ1ຜໍ,0,0,0,0.940199
ຮູ້ມີຄວາມສຸກ,1,1,1,0.875979
ຢາກໄຫ້ເຕີມເງີນດ້ວຍບັດເຕີມໄດ້ ເພື່ອຜູ້ທີ່ບໍ່ສະດວກໃນການເຕີມຜ່ານຊ່ອງທາງອື່ນ.,1,1,1,0.65959
ໃຊ້ດີແທ້ເດີຂໍບອກ,1,1,1,0.890839
ກະໂອຢູ່,1,1,1,0.709686
ສຸດຍອ່ດ,1,1,1,0.894958
ເຂົ້າແອບຄືບໍໃດ້ນໍ?,0,0,0,0.860578
ໃຫ້ສີດາວກ່ອນໃຊ້ຄັກໃຫ້5ເລີຍ,1,1,1,0.648699
ດີຢູ່ແຕ່ວ່າເວລາຕັ້ງໃຫມ່ແລ້ວບໍໄດ້ເນັດ,1,1,0,0.671921
update ດຸໂພດ,0,0,0,0.670246
ເປັນແອັບທີ່ມີບັນຫາຕະຫລອດ,0,0,0,0.711774
ເອີ້ນລົດຍາກໂພດ ກວ່າຊິໄດ້ລົດມາຮັບກົດເປັນ 20 ເທື່ອ ທັງໆທີ່ເຫັນລົດແລ່ນກາຍໄປກາຍມາຢູ່ ແຕ່ບໍ່ມີຄົນກົດຮັບ,0,0,0,0.874436
ອຄນໂດ້,1,1,1,0.803475
ໄດ້ແທ້ແຈກຈິງ,1,1,1,0.820469
ສະດວກ ສະບາຍ.ທີ່ສຸດຂອງແອັບຂົນສົ່ງ,1,1,1,0.772644
ຕິດຕັ້ງແລ້ວບໍ່ໃດຮັບຢູ່ພອຍ,0,0,0,0.696766
ສະດວກສະບາຍດີຫລາຍ,1,1,1,0.982569
ໂຍດ,1,1,1,0.765586
ໄດ້ແທ້ບໍ,1,1,1,0.813503
ມ່ວນຫມາກໆຈ່າ,1,1,1,0.787181
ດີຂໍຖາມເຈົ້າແດ່ເວລານີ້ເຈົ້າເຮັດຫຍັງຢູ່,1,1,0,0.65901
ຂອຍມັນໄຊວອດແອັດທີສຸດ,1,1,1,0.801942
ຊ່ວງນີ້ລະບົບມີບັນຫາແຮະ ຂະຫນາດແບ່ງປັນແລ້ວກະບໍ່ໄດ້ດາຕ້າ,0,0,0,0.874603
ໄດ້ເຮັດບໍ່ຫາລາຍ,0,0,1,0.562082
ໄດ້ໂທ ໄດ້ແຊ້ດຫາ ຄອບຄົວຫມູ່ຄູ່ຄົນຮັກປລະອື່ນໆ,1,1,1,0.819826
ອ້າຍຈົນນ້ອງຖົນໄດ້ບໍ່ຖາຖົນໄດ້ .ອ້າຍຮັກຕະລອດຊີວິດ,1,1,1,0.701882
ມັນຊ່ວຍໃຫັຫລາຍໆຄົນໃດັມີຄວາມຮູ້ເພີມເຕີມແລະຊວ່ຍໃຫັຮູ້ຮອບໂລກສຸດຍອດເລີຍນອກນັ້ນຍັງຊ່ວຍໃຫັຮູ້ຂາວສານໃນປະເທດແລະຕ່າງປະເທດຊວ່ຍປະກອບໃຫສາມາດໂທຫາກັນ ແລະັໃກັສິດກັນຕື່ມ,1,1,1,0.831682
ເສຍດາຍຢ່າງຫນຶ່ງເອີ້ນລົດຢາກໆ,0,0,0,0.504947
ເຂົ້າບັນຊີຕອນໃດໃຫ້ອັບເດດຕະຫຼອດ,0,0,0,0.866515
ໃຊ້ງານດີສຸດຍອດ,1,1,1,0.929596
ດີຫລາຍແອັບນີ້ສຸດຍອດເລີຍພັດທະນາຕໍ່ໄປເດີຢູ່ຄຽງຂ້າງສັງຄົມລາວຕະຫລອດໄປເດີອີກຢ່າງຮູບໂຊມຮຸ່ນໃຫນ່ນີ້ໂຄດງາມເລີຍ,1,1,1,0.830776
ລອງໄຊ້ກ່ອນເດີ ແລ້ວຊິມາໃຫມ່,0,0,1,0.651184
7ເຫັນດີ,1,1,1,0.737869
ດິມາດເລີຍ,1,1,1,0.817925
ດີດີມາກມາກ,1,1,1,0.85887
facbook ໄຫ້ຄະແນນແອັບນນິ 25 2020 13 52.,1,1,1,0.748103
ນສງດາສີສີວິໄຊ,1,1,1,0.785886
ເຂົ້າຊ້າໂພດ,0,0,0,0.80111
ສະດວກ ຊື້ງ່າຍ ຫຼາຍຊ່ອງທາງຈ່າຍເງິນ ແອັບງາມດີ,1,1,1,0.77803
ເຂົ້າບໍ່ໄດ້ ເຂົ້າແລ້ວແອັບມັນເດັ້ງອອກ,0,0,0,0.975672
ສຸດຍອດທີ່ໄດ້ເກີດເປັນມະນຸດ,1,1,1,0.824605
ໄຊ້ງາຍ,1,1,1,0.859068
ໃສດີ ດີດີດີ,1,1,1,0.853589
ແອັບເນົ່າ,0,0,0,0.605429
ມັນກົດຊໍາລະຄ່າໄຟບໍ່ໄດ້ກວດສອບແດ່,0,0,0,0.744114
ໃສ້ດິ,1,1,1,0.796322
ຢາກຫີ້ຼນ,1,1,1,0.731478
ວ່ອງໄວເຂົ້າໃຈງ່າຍແລະທີ່ສໍາຄັນມີໂບນັດຄູນ2ອິກຕື່ມ,1,1,1,0.74299
ແສງທອງ,1,1,1,0.793934
ຂອ້ຍຕ້ອງການເປີດbcel one,1,1,1,0.838146
ຂອບໃຈຈະຮັກສາfacebookດີໆ,1,1,1,0.90631
ຂອບໄຈສໍາລັບແອັດດີໆ,1,1,1,0.884244
ດີຫລາຍມ່ວນຊື່ນ,1,1,1,0.919308
ໄວທັນໃຈ ຕ້ອງອານຸສິດ ໃຊ້ແອັບນີ້ດີແທ້ໆ,1,1,1,0.888397
ເອົ້າ2ດາວໄປກ່ອນເພາະຕັ້ງຫຍັງບ່ໍໄດ້ເທືອ,0,0,0,0.815128
ຍືດເວລາ,1,1,1,0.590759
ຢາກໃຫ້ມີການໂອນເງີນຕ່າງທະນາຄານໃນແອັບນີ້ໄວໆ,1,1,1,0.766547
ເອົາໄປລ້ານໄລນ໌,1,1,1,0.734689
ແອັບຍອດຮີດ,1,1,1,0.507451
ເກັ່ງສຸດ,1,1,1,0.789222
ໄຊມີສາ,1,1,1,0.744314
ຂໍໃຫ້ລາວແອັບທໍາງານໃຫ້ລູກຄ້າໄດ້ຜົນດີດວ້ຍນະ,1,1,1,0.754238
ມີຫານອາຫານຫຼາຍແລະແຊບ,1,1,1,0.680549
ສຸດຢອດມາກຄ່ະ,1,1,1,0.794636
ແອບຄົນລາວຈະໃດກະດີ,1,1,1,0.654388
ລິນໄດ້ດີມາກໆ,1,1,1,0.905177
ໃຊ້ຢູ່ດີໆ,1,1,1,0.66913
ໂທລະສັບຂ້ອຍລະບໍໄດ້ເຮັດຍັງມີແຕ່ໂຄສະນາຝຸດແຝນດານາທີລະສອງສາມເທື່ອກະໂພດຕີບໍຢາກຮ້າຍ,0,0,0,0.84146
ຕ້ອງປັບປຸງ ພະນັກງານຂັບລົດລາວຄົນແດ່ ເອົາປຽບລູກຄ້າ ເສັ້ນທາງໃກ້ຯບໍ່ໄປ ເຂົ້າພາໄປທາງໄກເພື່ອເພີ່ມເງິນຈາກລູກຄ້າ ລາງຄົນເຮັດໃຫ້ລູກຄ້າມາຮຽກບໍ່ທັນ ບາງທີພາໄປສົ່ງສະຖານີລົດເມໄປບໍ່ທັນແຫ້ງທີ່ທາງໃກ້ມີບໍ່ພາໄປ ພາໄປທາງອ້ອມຈົນລົດອອກຄິວກ່ອນ,0,0,0,0.832266
ໃສດີ,1,1,1,0.789334
ວ່ອງໄວທັນໃຈ,1,1,1,0.918054
ແອັບນີ້ໃຊ້ດີແຈກແທ້ ພຽງແຕ່ໃສ່ລະຫັດຂອງເຮົາ14680836 ກະສາມາດໄດ້ເງິນຄືນທຸກຄັ້ງ,1,1,1,0.797601
ແອກາເຣັກໄຟ,1,1,1,0.784159
ຫັດເທລິດາ,1,1,1,0.710721
ຂັດຂວາງການໃຊ້ແອບມາຍຢູນີເທວເຮັດຫຍັງ,0,0,0,0.600109
ດີຫຼາຍໃຊ້ງ່າຍແລະມີເກມໃຫ້ລຸ້ນໂຊກທຸກວັນອີກມັກຫຼາຍແອບນີ້,1,1,1,0.842874
ໃຊ້ດີຫລາຍໄດ້ເງີນໂປໂມຊັ່ນຟຮີ.ມື້ລະ5000ກີບ,1,1,1,0.76014
ແອັບນີ້ໄຊ້ດີໂດຍສະເພາະບໍ່ມີເງິນເຕິມເນັດ,1,1,1,0.51509
ແອບໂຄດກາກກອັບເດດດໃຫມ່ເທາະ,0,0,0,0.870566
ຂອບຂໍໃຈ,1,1,1,0.8252
ລີນດາ,1,1,1,0.788625
ໃຊ້ບໍລິການແລ້ວຕອບໂຈດໄດ້ດີ,1,1,1,0.704089
ໄຊ້ງາຍແລະໄວ,1,1,1,0.830163
ເຮົາຕ້ອງການໄສ້ແອບນີ້,1,1,1,0.833654
ສັນ ຜູ້ ເຂົ້າ ຊົມ ໃຊ້ ໄຟຟ້າ ນ້ໍາ ຂອງ ທີ່ ໃຊ້,1,1,1,0.724808
ສົງທ້າຍປີເກົ່າ,1,1,1,0.525115
ແກ້ໄຂແນ່ເດີ້ ບັງຄັບໄຫ້ຜູ້ຊົມໄຊ້ລົງທະບຽນຫາກເຮັດແອ໊ບອອກມາບໍ່ໄດ້ເລື້ອງໄຊ້ຍາກ,0,0,0,0.888823
ຍອດເຍີຍມ,1,1,1,0.81223
ແອັບເຂົ້າໃຊ້ບໍ່ໄດ້,0,0,0,0.930467
ອັບເດດໃຫມ່ລະບໍ່ມີເກມຫລີ້ນໂຄດເຊັງ,0,0,0,0.882956
ນັດ,1,1,1,0.627306
ໂທຟີໃດ້,1,1,1,0.790118
ກະດີຢູ່ແຕ່ບໍ່ຄ່ອຍສິໄດ້ດຕ້າເອົາສອງດາວພໍຖ້າອັບໃຫ້ດີຂຶ້ນຈັ່ງສິໄຫ້ຫ້າ,0,0,0,0.572647
ເລືອງມືນິ້,1,1,1,0.778669
ນາງນູ່ວ່າງ,1,1,1,0.821194
ນັສາມາດຄັນສາ່,1,1,1,0.772097
ສຸດຍອດໃຊ້ໄດ້ດີຫລາຍວອງໄວທັນໃຈ,1,1,1,0.960681
ທານີດ,1,1,1,0.768083
ອັດເດດລະຄື ເຂົ້າດົນແທ້ ກໍາລັງກວດສອບສິດ ເປັນຊົ່ວໂມງລະນີ,0,0,0,0.611033
"ພະອສາງວາເຫົພິມອອກດຸຄຟຟພະໃນງວດ ແ.ວາຈະຫາ,",1,1,1,0.610965
ຟາມໄກ່ຊີພີນາສາລາ,1,1,1,0.79542
ປັບປຸ່ງແອບໄຫ້ດີກອນນີ້ແດ່ອານິ້ລະຫລີ້ນໄປຫລີ້ນມາເດັ່ງອອກເອ່ງກອນຊີໄດ້ຈົນເຈັບຫົວນໍາ,0,0,0,0.602245
ຊື່ຊື່,1,1,1,0.696438
ຫລິນມວນຫລາຍລິນດີເອົາໄປເລີຍ5ດາວ,1,1,1,0.862388
ສະນຸກ ຮູ້ຖືກຂ່າວສານຕ່າງໆ,1,1,1,0.878075
ແອບບ້າຫຍັງຍາມໃດກະແຈ້ງໃຫ້ອັບເດດຫາກະອັບເດດແລ້ວເຂົ້າແອບພັດແຈ້ງໃຫ້ອັບເດດອີກລະ,0,0,0,0.915139
ດີທີ່ສຸດ,1,1,1,0.887108
ຊ້າເກີນໄປ,0,0,0,0.833649
ດີໃຈນໍາແລ້ວ,1,1,1,0.788619
ພພຸກໍາ,1,1,1,0.814508
ໃຊ້ດີຫລາຍmessenger,1,1,1,0.944424
ແອັບຂີມ້າແອັບປັນຍາອອນ,0,0,0,0.719616
ຖຶກໃຈ,1,1,1,0.789764
ຖືກແລ້ວບໍ່ເຫັນໂອນເງີນໃຫ້ຫລືຕ້ອງເຂົ້າໄປເອົາເອງຢູ່ສູນບໍ,0,0,0,0.796576
ເຂົ້າລະບົບກວດເບີ່ງເລກທີ່ຊື້ກະບໍ່ໄດ້ຈັກແມ່ນຫຍັງ,0,0,0,0.943552
ຂອບໃຈ ທີ່ມີ ໂລກາ ບໍລິການ ຕະຫລອດ24ຊົ້ວໂມງ,1,1,1,0.655559
ລົງທະບຽນກາຍາກຫມາບໍ່ແດກ,0,0,0,0.741627
ຝັນວ່າຖືກເລກຈາກແອັບໂຊກໄຊ ແຕ່ກະເປັນໄດ້ແຕ່ຄວາມຝັນ ຂໍໃຫ້ແອັບໂຊກໄຊຊ່ວຍເຮັດສານຝັນຂອງຂ້ອຍໃຫ້ເປັນຈິງແນ່,1,1,1,0.677763
ດີຫຼາຍໃນການນໍາໃຊ້ແອບ,1,1,1,0.915385
ມຸນຍາມໃດກະຖືກແຕ່ຝັງເພງຕະລອດບາງເທືອກະແຄ່20ເມັກທໍ້ລະໃດແກ້ໄຂແນ່ເດີ,0,0,0,0.733789
ເດັງອອກເອງ,0,0,0,0.78936
ເພື່ອນ ເກົ່າ,1,1,1,0.651004
ດີຄຣັບ,1,1,1,0.792948
ເຕີມບັດກະບໍ່ໂອນພ້ອຍກະບໍ່ໄດ້ຮ້າຍຫຼາຍ,0,0,0,0.918795
ແອັບບໍ່ຄ່ອຍ ສົມບູນເວລາອອກ ແລ້ວກັບເຂົ້າແອັບຄືນ ມັນເປັນຈໍສະແດງຜົນເປັນສີຂາວຫມົດຫນ້າຈໍ.,0,0,0,0.797571
ທຸກໆມື້ຂອງມື້ນີ້ ລ້ວນແຕ່ດີຫມົດ,1,1,1,0.60823
ແມ່ນການປະເຊີນຫນ້າກັບບັນຫາແລະຄວາມຈິງ,1,1,1,0.543498
ໂຄສະນາຫລາຍເກີນໄປ ລົບກວນເວລາ,0,0,0,0.795648
ເຮັດແອບກະເຮັດໃຫ້ດີແດ່ ຖ້າຢາກໃຫ້ຄົນໃຊ້,0,0,1,0.700837
ໃສ່ໄດ້ດີ,1,1,1,0.806145
ຄົນຄູມີຄົນ,1,1,1,0.784732
ເຮັດຫຍັງໂພດຫຍັງໄປທັ້ງໆທີ່ບໍ່ແມ່ນຮູບປະເປີຍບໍ່ແມ່ນຮູບໂປ້ກະປິດກັ້ນຜິດກົດຊຸ່ມຊົນ ໃຊ້ງານລ່າຊ້າ ປັບປຸງດ່ວຍມາອີກໂພດຮູບລະຄືໂພດໄດ້ແຕ່ຮູບດຽວຫລືວິດີໂອດຽວນັບມື້ນັບໃຊ້ງານບໍ່ຄັກເນາະ,0,0,0,0.939969
ເບື່ອສຸດ,1,1,1,0.530705
ດີເລິດ,1,1,1,0.81223
ດີໆໂທຟີຮ,1,1,1,0.81552
ຂໍໃຫ້ມີຄວາມຈະເລີນ ແລະ ມີຄວາມສຸກ ໃນການໃຫ້,1,1,1,0.843384
"ການຄັ້ງຄາ face book ຍາກຫຼາຍ.? ຍຶດສົ່ງລະຫັດຜ່ານ ກໍາພິມສົ່ງໄປແລ້ວຕາຍຄັ້ງ ຫຼາຍເທື່ອ ກໍາບໍ່ໄດ້ ຍອກໃຫ້ລອງແລ້ວ.ລອງອີກແລ້ວຫໍ່ບໍ່ເຊື່ອ ບໍ່ຢັ້ງຍືນໃຫ້ , ຖາມຫາແຕ່ລະໃຫມ່ຕະລອດເລື້ອຍໆ ຊິໃຫ້ເອົາມາແຕ່ໃສ່.? ອີກ.? ຄັນຍາກຫຼາຍກະຈະບໍ່ໃຊ້ແມ່ມັນດອກ.? ການຈະໃຫ້ຄະແນນກໍ່ຕ້ອງຕັ້ງຄາໄດ້ແລ້ວສົມບູນ .? ຄັ້ງຄາບໍ່ໄດ້ຈັກເທື່ອ ຍາມໃດກໍ່ຄ້າງຢູ່ຕະດ້ວຍ.?",0,0,0,0.903441
ໃຊ້ງານງ່າຍ ສະດວກສະບາຍຫຼາຍ,1,1,1,0.954738
ໂຄດກາກ ຢາກໃຫ້ລົງທະບຽນແຕ່ບໍ່ສົ່ງລະຫັດມາໃຫ້ ຄວຍ,0,0,0,0.945774
ໄຊ້ຍາກໂອນກະຍາກ,0,0,0,0.734695
ແກ້ໄຂແນ່ຄວນປ່ຽນຊື່ເປັນພາສາອັງກິດໄດ້ກັບບ່ອນຮູບແທ້ຄວນໃສ່ຮູບຖ່າຍໄດ້ຖ້າແກ້ໄຂແລ້ວສິໃຫ້5ດາວ .ຂໍຂອບໃຈ,0,0,0,0.542862
ພຸດແພງ,1,1,1,0.733757
ດີແລະສະບາຍງ່າຍຊ່ວຍໃດ້ຫລາຍ,1,1,1,0.927243
pointມີຫຼາຍສໍາໃດກໍແລກບໍ່ໄດ້ຫັຍງເລີຍ?,0,0,0,0.508502
"ໄກ່ກະຕາກ,ປາກເຊ.f.c3",1,1,1,0.766108
ເປັນຄົນຈໍາຫຍັງບໍ່ຄ່ອຍໄດ້.ຜິດພາດຫຍັງໄປກະຂໍອະໄພເດີ,1,1,0,0.679585
ແນະນໍາເດີ ວ່າທີ່ເກມຊ້າງຄໍາ ແມ່ນຫຍັງຫວະອົດສາຫລິ້ນມາໄດ້ອັນດັບທີຫລາຍ ໃກ້ສີຮອດມື້ ໄດ້ລາງວັນ ແມ່ງເອີຍ ເຂົ້າຫລີ້ນ ລະບໍ່ໄດ້ ວ່າແຕ່ ອຸ່ຍ ມີບາງຢາງຜິດພາດ ບາດມີຄົນອື່ນຫລີ້ນໄດ້ ຫລາຍຮອບ ເປັນຕັ້ງວ່າ200ປາຍຄັນບໍ່ແຈກແທ້ກະແນະນໍາເອົາອອກ ສາເດີ ເຮົາເປັນຫນລູກຄ້າມາເປັນ10ປີ ພະຍາຍາມຫລີ້ນ ແຕ່ເປັນແບບນີ້ຕລອດ ກາກໂພດ ຕວະເກ່ງອີກ,0,0,0,0.894808
ຕັ້ງເນັດເຮັດແນວໃດແອັບໂຕໃຫມ່ນິ,0,0,0,0.533244
ຢາກສີ້,1,1,1,0.712106
ເຂົ້າແອບຊ້າ,0,0,0,0.876692
ເກືອບສິດີ,1,1,1,0.571736
ໃຊ້ງານບໍ່ດີ,0,0,0,0.828769
ດີຫຮາຍໆເດ,1,1,1,0.782274
ເປັນຫຍັງຄືລົງທະບຽນ ຊິມບໍ່ໃດ້ ແອັບເປັນຫຍັງນໍ,0,0,0,0.904945
ໂຕເກົ່າຄັກແລ້ວໂຕໃຫມ່ມາບໍ່ເປັນຕາສະແຕ່ກຂໍລົບເດີ່ບໍ່ໄຊ່ແມ່ມັນດອກ,0,0,0,0.826752
ແອັບກາກແສັດຫາຜູ້ສາວກະບໍ່ຕອບ,0,0,0,0.900127
ຫຍຸ້ງຍາກ ເຂົ້າກະຍາກ ລົງທະບຽນເຂົ້າໄປແລ້ວ ກະກັບມາຫນ້າລົງທະບຽນຄືເກົ່າ ເຂົ້າໄປລົງທະບຽນຢູ່ສູນລໍ່ງ່າຍກວ່າຫວາແບບນີ້,0,0,0,0.913227
ຢາກຮູ້ວ່າສິໃຊ້ເງິນໂບນັດໄດ້ແນວໃດ ສະສົມຮອດ3ແສນປາຍແລ້ວ ເອົາໃຊ້ແນວໃດ,0,0,1,0.548401
ປ່ຽນໂປຣໄຟລ໌ລະຍັງເປັນຮູບເກົ່າແກ້ດ່ວນ,0,0,0,0.720494
ດີແຕ່ຢາກໃຫ້ພັດທະນາໄປເລື້ອຍໆເດີ,1,1,1,0.940422
ຢາກໃຫ້ຊື້ທາງທະນາຄານການຄ້າໄດ້ນໍາແນ່ເດີ້,1,1,1,0.765358
ສຶກສາກ່ຽວກັບໂຄງສ້າງຂໍ້ມູນລັກສະນະທາງສັງຄົມຂໍຖືກສ້າງຂຶ້ນໃນ,1,1,1,0.718938
ດີຍຽມ,1,1,1,0.770372
ສົດ,1,1,1,0.742653
ສ.ນກຸ,1,1,1,0.797035
ຄວນແກ້ໄຂແອ໊ບໃຫ້ມີຄຸນນະພາບແດ່ຊ້າເກີນ,0,0,0,0.654455
ດີກ ຮ,1,1,1,0.784773
ຂຽນເບີໃສ່ຄືບໍ່ໄດ້1ໂຕ,0,0,0,0.827494
ດີໃຈທີໄສ,1,1,1,0.871642
ຄັນແທ້ໆ,1,1,1,0.754655
ລົບຂໍມູນອື້ນ,1,1,1,0.670038
ພໄຊໄດ້,1,1,1,0.822189
ເຮົາຄົນບໍ່ມີນ້ໍາໃຈ ໃຜບໍ່ສົນ,1,1,0,0.579052
ມັກແຮງງງ,1,1,1,0.75988
ໃຊ້ສັນ,1,1,1,0.786434
ເຢັງ,1,1,1,0.775366
ບອກໃຫ້ອັບເດດແອັບ ແລ້ວໄດ້1gອັບເດດແລ້ວຄືບໍ່ໄດ້ ແອັບຂີ້ໂກ່ງ,0,0,0,0.942893
ຄໍາ ປຸນ,1,1,1,0.800413
ດີແລວ້,1,1,1,0.887067
ຊົມເຊີຍ ດີຫຼາຍຈຶງສາມາດຕິດຕາມຂ່າວໄດ້ທັນເວລາ,1,1,1,0.882558
ລອງໃຊ້ເບິ່ງກອ່ນຖ້າດີສິມາໃຫ້ເພີ່ມອີກດາວ,1,1,1,0.720396
ຊອບໄຊ້,1,1,1,0.825991
ອັບແດດໃຫມ່ເດີ້ໂຄດກາກ,0,0,0,0.774151
ອັບເດດເວີ້ຊັ້ນໃຫມ່ແຮ່ງຮ້າຍກົ່ວເກົ່າເຂົ້າໄປແອັບພາສາລາວຮອດບໍ່ມີຂະຫນາດປ່ຽນພາສາແລ້ວຍັງເປັນພາສາອັງກິດຄືເກົ່າ,0,0,0,0.84937
ເສຶອກ,1,1,1,0.751877
ເຈຍລີ,1,1,1,0.746129
ໃຊ້ດີຄຸ້ມຄ່າທີ່ເສຍ,1,1,1,0.877273
ແກ້ວ ອຸດົມ,1,1,1,0.809706
ເຂົາlaoappຕອນໄດຄຶມັກເຕຶອນແທໂອວາອັບເດດຜໍເຂົາອິອັບແທໆຄຶບໍມິບອນອັບເດດວາອິອັບເດດບອກໄຫ້ເປິດແອບອິຍັງວະງົງ,0,0,0,0.74583
ມັກຫວຍມືຖື,1,1,1,0.77028
1ດາວພໍເອີ້ນຫລາຍເທື່ອງອນແອັດ,0,0,0,0.583956
facebookຊ້າຫລາຍ,0,0,1,0.532345
ໂພດເຄື່ອງຊ້າແຮງເຮັດແນວໃດ,0,0,0,0.735645
ໄຂ່ມຸກ,1,1,1,0.774426
ຄັງໆ,1,1,1,0.747342
ບໍ່ມີການແຈ້ງເຕືອນເວລາຂໍ້ຄວາມເຂົ້າ,0,0,0,0.803998
ດີຫຼາຍເດີຊຸ່ມເຈົ້າພາກັນໂຫດໄວ້ໃສ່ເດີ,1,1,1,0.805214
ໄຊ່ງານດີ້ມາກ,1,1,1,0.872357
ພ້ອມ,1,1,1,0.798221
ຮັກເຈົ້າ ຕອນເມົາ ນ່າຮັ,1,1,1,0.737013
ອໄດ້ຈ,1,1,1,0.73694
ແມ່ມັນຂັ້ນຕ່ໍາ20.000ວາດລວມຄ່າຈັດສົ່ງເກືອບ30.000ເຊົ່າໆແນວນິຂີ່ໄປເອງກະໄດ້,0,0,0,0.714424
ຢູ່ສະບາຍ,1,1,1,0.895167
ຄັກຫລາຍ.,1,1,1,0.848699
ແອັບອີ່ຫຍັງ ມີແຕ່ເປັນພາສາອັງກິດຫມົດເລີຍ ອ່ານບໍ່ເປັນດອກໃສ່ໂຕໄທແນ່ ໂຕລາວກະໄດ້,0,0,0,0.786013
ຈຽງ ຄໍາແກ້ວບົວລະວົງ,1,1,1,0.781756
ສ້າງຄູຊັ້ນກາງເລກ8ຫົວພັນ ບ ລຽດ,1,1,1,0.640609
ໃຊ້ງ່າຍແອບນີ້ມັກຫລາຍ,1,1,1,0.819895
ຢູ່ຊື່ໆກະເຂົ້າບໍ່ໄດ້ນໍຂີຮ້າຍແທ້ແກ້ໄຂດ່ວນແດ່,0,0,0,0.911815
ເກືດວິໄຊ,1,1,1,0.779288
ຖືກໃຈສຸດໆ,1,1,1,0.817274
ແຈ່ມ,1,1,1,0.787584
ບໍ່ຢາກຕັ້ງ,0,0,1,0.505139
ຫມຸນວົງລໍ້ບໍ່ເຄີຍໄດ້ນິດມີແຕ່ແຊ,0,0,0,0.793697
ເລັກ ເລັກ,1,1,1,0.762387
ຮັກ bcel one ຫຼາຍ,1,1,1,0.816437
ແອບນີ້ໃຊ້,1,1,1,0.641672
ເລັກນອ່ຍ,1,1,1,0.764192
ຂໍໃຫ້ຂ້ອຍດາວໂຫລດໄດ້,1,1,1,0.724986
ຊື່ສານໃດ້ງ່າຍ,1,1,1,0.861985
ສຸດຢອກ,1,1,1,0.829012
ສົມພອນສີສຸວັນທອງ,1,1,1,0.821857
ກາກຫລາຍປ້ອນເບີໃສເດັງອອກເອງ,0,0,0,0.840916
ຮ່ວຍແຕກ,0,0,0,0.814655
ດາວໂຫລດຍາກ,0,0,0,0.771337
ຂໍ້ຄວາມເຂົ້່າແລ້ວມັນບໍ່ເຕື່ອນມີວິທີແກ້ໄຂແນວໃດ,0,0,0,0.789603
ຍາກໃຫ້ແກ້ໄຂ້ ການເຂົ້າລະບົບ2ຊັນ ຄືບໍ່ສົ່ງມາໃຫ້ທາງເບີ ທັ້ງທີບັນທືກໄວ2ເບີ,0,0,0,0.874112
ທ້າວພົດ ທ້າວພົດ,1,1,1,0.802095
ກງດຕິສັກ,1,1,1,0.730623
ລົງທະບຽນຢາກຫຼາຍ,0,0,0,0.646644
ສຸດຍອດໃນການບໍລິການ. ດີສຸດຯເດີ້,1,1,1,0.84561
ແອັບບໍ່ດີເທົ່າແອັບລາວໂທລະຄົມ ລົງທະບຽນກະ error,0,0,0,0.806661
ແອບນີ້ບໍຄັກ ລົງທະບຽນບໍເຫັນໄດ້ ອ່ອນຫລາຍ,0,0,0,0.763982
ນອງຝົນໂຕເຕຍ,1,1,1,0.75408
ຍັງເທືອຈາວ,1,1,0,0.526369
ກູໂສດກູ ບໍ່ເຂົ້າໃຈ,1,1,0,0.685425
ເບີຍ,1,1,1,0.672639
ດີເກິນຢາກກິນຢູ່ໃສກະສັ່ງໄດ້ແນະນໍາແອບເຂົາດີ,1,1,1,0.613436
ຫຼັງຈາກອັບເດດໃຫມ່ ບໍ່ສາມາດສົ່ງຄໍາເຊີນຫມຼ່ຕິດຕັ້ງໄດ້,0,0,0,0.668531
ດີ ແຕ່ວ່າມີຫມູ່ໃນເຝດຫລາຍ ແຕ່ບໍ່ເຫັນຫມົດ,1,1,1,0.654287
ຂົນສົ່ງໄວແຖມຖືກ,1,1,1,0.668253
ຢ່າສະແດງອີກ,1,1,1,0.690379
ໄຊດີລາຍ,1,1,1,0.879772
ດີຊາຍ,1,1,1,0.763569
ໂພດໂພໃຊ້ຍາກແທ້ໆ ພັດທະນາແດ່ເຢີ,0,0,0,0.723586
ໄຊ້ດີຄົນນີຍົມໄຊ້ຫຼາຍ,1,1,1,0.86659
ຝຊ້ດຮ,1,1,1,0.89024
ຊື້ງ່າຍຈ່າຍໄວອີຫລີ ໃຜໂຫລດແລ້ວໃສ່ລະຫັດໃຫ້ແນ່ເດີ້ 78704981,1,1,1,0.602255
ເປິດຢູ່ຄອມບໍ່ໄດ້,0,0,0,0.820997
ສະດວກສະບາຍມີຄວາມທັນສະໄຫມ,1,1,1,0.93301
ໂອນເງິນໄດ້ສະດວກສະບາຍ,1,1,1,0.856432
ຄອບໄຈທີ່ໄດ້ໄຊ່ບ່ລີການ,1,1,1,0.817277
ສັ່ງຍາກ,0,0,0,0.735136
ໃຊ້ງ່າຍສະດວກສະບາຍ,1,1,1,0.967372
ຂະຫນາດຊື້ໂທລະສັບໃຫມ່ຍັງເຂົ້າບໍ່ໄດ້ເລີຍ ແອັບດີຢູ່ແຕ່ມັນຊ້າ ບໍ່ມັແອັບກັງໆ,0,0,0,0.891364
ຢາກໄດ້ແບບໄວລະແອດ,1,1,1,0.858131
ໃຊ້ຍາກເກີນໄປບໍ່ສະດວກ ຢາກເບິ່ງປະຫວັດການໃຊ້ແອັບກະບໍ່ເຫັນ,0,0,0,0.933634
ສັ້ນຫມາສິວ,1,1,1,0.66461
ດຸໂພດ,1,1,0,0.559114
ຂອບໃຈໂປແກມນີ້ມີຄວາມສະດວກໃນການສື່ສານດ້ວຍທາງເອເລັກໂຕນິກ,1,1,1,0.899286
ໃຊ້ດີສະດວກສະບາຍ,1,1,1,0.980687
ດີເກີນຕ້ານ,1,1,1,0.772769
ເນັດຊ້າ ຫຼີ້ນຊ້າ ປັບປຸງອີກ ບໍ່ຄືmy unitel ບໍ່ມີເນັດຍັງເຂົ້າແອັບໄດ້,0,0,0,0.936532
ເຂົ້າບໍ່ໄດ້ມັນເປັນຍ້ອນຫຍັງ,0,0,0,0.925829
ສອ້ມແປ່ງ,1,1,1,0.777393
ທີ່ບ,1,1,1,0.839137
ພາກຕີດຕາມແນ່ເພືອນໆທຸກຄົນ,1,1,1,0.785686
ແອບເຂົາຢາກໂພດຕ້ອງໄດ້ໃສ່ລະຫັດທຸກຄັ້ງທີເຂົາ,0,0,0,0.706789
ພີ່ພິນສາຍດ່ຽວ,1,1,1,0.808452
ສົ່ງຮູບແຕ່ບໍ່ເຫັນຮູບ,0,0,0,0.719322
ຂ້ອຍຕັ້ງແອປນີບໍໄດ້ຂ້ອຍລືມລະຫັດpin,0,0,1,0.5117
ວ່ອງໄວທັນໃຈສົດໃສຕໍ່ສັງຄົມລາວທົ່ວທຸກໆປ່ວງຊົນ,1,1,1,0.856318
ໄວໄດ້ໃຈ,1,1,1,0.782281
ແກ້ໄຂໃຫ້ແກ່ ບໍ່ທໍາໃຈ,1,1,0,0.583193
ຍາກໄຫ້ໄຊ້ເນັດບໍ່ເປືອງ,1,1,0,0.560509
ນ້າຮັກຫລ້າຍເຈົ້າ,1,1,1,0.85071
ຮ່ວຍແຕກແທ້ ບອກໄອທີມາປັບປຸງດ່ວນ,0,0,0,0.82837
ພໍມຶ່ງຕາຍຕົວະກູອັດເດດ,0,0,0,0.654311
ຂໍໂຈຂໍໂຈ,1,1,1,0.819579
ເສຍເງິນລ້າໆ ເຕິ່ມຄ່າໂທເງິນບໍ່ເຂົ້າ,0,0,0,0.846847
ໃຊ້ບໍລິການດີຫລາຍວ່ອງໄວທັນໃຈ,1,1,1,0.938712
ໄຊ້ແລ້ວໄດ້ດີໄດ້ສິງທີເຮົາຕ້ອງການ,1,1,1,0.866074
"ຂີ້ຮ້າຍສຸດ, ຄ້າງ ແລະ ໃຊ້ງານບໍ່ໄດ້ເລີຍ",0,0,0,0.848045
ຣາຊາຂາຊີງ.,1,1,1,0.751239
ເລັ່ນມ່ວນອີ່ຫລີ,1,1,1,0.757018
ເບິ່ງງ່າຍສະດວກມີຫລາຍຄໍາສັ່ງໃນແອບດຽວ,1,1,1,0.828147
ຈັນມະນີ,1,1,1,0.814563
ປຽ່ນຜູ້ແນະນໍາບໍ່ໄດ້,0,0,0,0.639812
ໃຊ້ການບໍ່ໄດ້ ປັບປູງດ່ວນ,0,0,0,0.890228
ຕິກຕ໋ອກຄັກກ່ອນ,0,0,1,0.601247
ເປັນຫຍັງມັກໃຫ້ອັບເດດ,1,1,0,0.737025
ແຈກເງິນສົດຄືຊິດີ,1,1,1,0.701559
ລົງທະບຽນບາງເບີກະເຂົ້າຍາກ ລົງທະບຽນໃບສັກວັກຊີນ ກົດຮູບຖ່າຍກະບໍຂຶ້ນ ເຮັດຫຍັງກະບໍໄດ້ ຄວນປັບປຸງແນ່ເດີ້ ປານນັ້ນສໍາຄັນບາດຄົນຊິສະມັກລະຍາກຄືພິສັງນິເດັ້ງກະເດັ້ງຊ້າອີກ ບໍ່ແມ່ນ ທລສ ຂ້ອຍກາກເດີ້ແລັມຂ້ອຍກະວ່າງຫຼາຍ ເຂົ້າອັນອື່ນຫນັກກວ່ານີ້ບໍເຫັນຊິເດັ້ງ,0,0,0,0.984524
goodຍອມຮັບໃນຄໍາຕິຊົມເພາະຮຽນຮູ້ບໍ່ເຖິງ.,1,1,1,0.754904
ຫຼິ້ນບໍ່ໄດ້,0,0,0,0.874369
ເປັນຫຍັງຢູ່ດີໆຄືເຂົ້າເຟສບໍ່ໄດ້ຫລິ້ນເກມກະເດັ້ງອອກເຂົ້າບໍ່ໄດ້ກະລຸນາແກ້ໄຂໃຫ້ແດ່ຂອບໃຈ,1,1,0,0.924646
ຂໍໃຫ້ໄດ້1000gmຂໍຈາກໃຈ,1,1,1,0.855969
ຊີວິດກູກັບມືງຕອ້ງຢູ່ດວ້ຍກັນຈົນຕາຍ,1,1,1,0.567252
ເຂົ້າແອັບກະໂຄດຊ້າ ມີເຄື່ອງຝາກມາກະບໍ່ມີການແຈ້ງເຕືອນຖ້າບໍ່ກົດເຂົ້າແອັບ ຢາກໃຫ້ປັບປຸງຄວາມໄວໃນການປະມວນຜົນຕອນເຂົ້າແອັບ,0,0,0,0.959101
ແບບນີ້ລະດີຫລາຍ,1,1,1,0.860872
ບໍ່ດີເລີຍແຊັດຫາແຟນເກົ່າລະເຂົາບໍ່ຕອບ,0,0,0,0.736057
ແອັພກາກໆ,0,0,0,0.781772
ສຸດຍອດຄວາມລະອຽດ,1,1,1,0.802405
ເຂົ້າແອັບຄືບໍ່ໄດ້,0,0,0,0.96693
ໄດ້ເດີ,1,1,1,0.725572
ດີຫຼາຍເດີ້ແຕ່ເວລາໂທvideo callຢາກໃຫ້ມີສະຕິກເກີ້ພ້ອມເດີ້,1,1,1,0.806386
ບໍຄັກເດີ,0,0,1,0.712611
ຄືແບບອັບເດດມາໄຫມ່ແຍ້ມາກເລີຍຊ່ອຍປັບປຸງແດ່,0,0,0,0.69376
ເປັນຍ້ອນຫຍັງດຽວນີ້ຄືຫມຸນເນັດບໍ່ໄດ້ຄືແຕ່ກ່ອນ.ຫລືວ່າຍົວະໃຫ້ໂຫລດແລ້ວບໍ່ໃຫ້ເບາະ.ດຽວນີ້ໂຄດກາກເລີຍ,0,0,0,0.970409
ໂລດຊ້າ,0,0,0,0.798378
ປັບທັບໃຈທຸກຢ່າງທີ່ໄດ້ບໍລິການຂົນສົ່ງຮຸງອາລຸນ,1,1,1,0.737846
ລັກ9ຍຫງແລກບໍໄດ້ຍູ່ບໍເຈ້າ,0,0,0,0.728243
ນາງທໍາ,1,1,1,0.833269
ບໍ່ໄດ້ເລື່ອງຫມູນກາບໍ່ໄດ້,0,0,0,0.866314
ປ່ຽນລະຫັດເຟດມັກລ໊ອກແກ້ໄຂ້ດ່ວນ,0,0,0,0.706283
ບີໂຈາພລາຖ,1,1,1,0.730133
ພວມເຮາຕອງການແອບນີ,1,1,1,0.798549
ບໍ ok,0,0,1,0.778617
ເຂົາບໍ່ຕອບແຊັດ,0,0,0,0.760431
ຕ້ອງການໃຊ້ແອັບ,1,1,1,0.81738
ດີຫລາຍທີ່ມີ່ສີ່ງອໍານວຍຄວາມສະດວກໃນການຕິດຕໍ່ສື່ສານທາງຮູບພາບແລະຂໍ້ຄວາມ,1,1,1,0.856327
ບໍ່ເຫັນຊິໃຊ້ໄດ້ເດ ປ້ອນຂໍ້ມູນກະບໍ່ໄດ້,0,0,0,0.805576
ຂໍເຂົາໄປທັງແວັດໄຊ້,1,1,1,0.668794
"good ດີຫລາຍ,ວ່ອງທັນໃຈ,ສະດວກສະບາຍໃນການບໍລິການອະຫລີ.",1,1,1,0.943523
ຈັກຊິໂຄສະນາເຮັດຫັຍງໃຫ້ດາວໂຫຼດພໍແຕ່ເບີດເງິນຊື່ໆເຂົາໄປກະເດັງອອກ,0,0,0,0.864575
ດີເນັດຄຸ້ມ,1,1,1,0.651766
ຢາກໄດ້ດາຕ້າແບບຄູນສອງອີກ,1,1,1,0.775104
ສຸດເລີຍໃຊ້ງານງາຍ ແຕ່ຢາກໃຫ້ມີແຈ້ງເຕືອນ,1,1,1,0.82676
ແກ່ໄຂ່ແນ່ເຂົ້າແອັບບໍໄດ້ເປັນຊີຂ່າວ,0,0,0,0.804907
ບຈິ,1,1,1,0.759982
ແອບໄຊ້ດີ,1,1,1,0.831363
ດີຫລາຍແອັບນີ້,1,1,1,0.870563
ກະດີຢູ່ໃຊ້ໄດ້ ເລກແນະນໍາ 06980439,1,1,1,0.804201
ຖືກເຈີໃນສິ່ງນີ້,1,1,1,0.73307
ບັນຫາຫຼາຍຢ່າງ,0,0,0,0.511303
ມັກແອບນີ້ຫລາຍ,1,1,1,0.739834
ໃຊ້ດີສຸດໆໄປເລີຍ,1,1,1,0.911376
ມີຄວາມປອດໄພສູງມີຄວາມສະດວກສະບາຍ ບໍ່ມີຫຍັງຊັບຊ້ອນ,1,1,1,0.766163
ຂໍຄືນປ່າແລ້ວວ່າຈະ,1,1,1,0.762176
ສຶກສາ,1,1,1,0.815014
ໃນຮອດປີ,1,1,1,0.678932
ເບີກະໃສ່ຖືກລະຄືບໍ່ເຫັນສົ່ງລະຫັດມາຈັງແມ່ນຊາດ,0,0,0,0.866109
ທໍາ,1,1,1,0.718918
ນັກທ່ອງທ່ຽວຮທີ່ຮາ,1,1,1,0.808455
ປະເທດ,1,1,1,0.723897
ຢາກໃຫ້ມີບໍລິການລົດໃຫ້ຫຼາຍກວ່ານີ້ ຮ້ອງແລ້ວຮ້ອງອີກບໍ່ມີຈັກເທື່ອເລີຍໂດຍສະເພາະລົດໃຫຍ່ ຢາກສະຫນັບສະຫນູນແອັບນະແຕ່ລົບກວນປັບປຸງໃຫ້ແນ່ ແລ້ວຈະມາເພີ່ມດາວໃຫ້ຖ້າເຫັນວ່າດີຂຶ້ນ,0,0,0,0.639711
ເລ່ນໄກ່,1,1,1,0.79916
ດີດ,1,1,1,0.840034
ໄຊ້ງານສະບາຍດີຫລາຍ,1,1,1,0.951839
ດີທີ່ສຸດຂອງທະນາຄານການຄ້າ,1,1,1,0.782523
ວິດີໂອຄໍແລ້ວເວລາກົດຍ້ອນກັບແລ້ວປິດກ້ອງ,0,0,0,0.575899
ໃປເລື້ອຍຽ,1,1,1,0.832632
ບໍ່ໃດ້ເລື່ອງເລີຍ,0,0,0,0.635929
ເປີດບໍ່ໄດ້ ເດ້ງອອກ,0,0,0,0.910611
ມວນຫາຍເດີ. ມວນແທ້ ເພງບ້ານເຮົາ,1,1,1,0.757097
ດີຫຼາຍ ສໍາລັບການຮຽນຮູ້ ສີ່ງໃຫມ່ໆ,1,1,1,0.911661
ທ້າວ ຄໍາ,1,1,1,0.828405
ມັກຍ້ອນມີແນວລີ້ນໃຫມ່ໆ,1,1,1,0.62369
ດີຫຼາຍຕັ້ງແຕ່ຂ້ອຍໃຊ້ແອັບນີ້ບ່ໍໄດ້ເຕີມບັດຈັກເທື່ອເລີຍມັກຫຼາຍ,1,1,0,0.50472
ການລິ້ນແຟດສັນຍານຍັງບໍ່ຟາກດີປານໄດ,1,1,1,0.590882
ສື່ສານຕໍ່ກັນໄດ້ສະດວກສະບາຍຫລາຍ,1,1,1,0.917477
ດີຫລາຍ,1,1,1,0.976022
ດີໆສະດວກສະບາຍດີ,1,1,1,0.956503
ອັບເດດແລ້ວເຂົ້າແອບບໍ່ໄດ້ໄຫ້ຊໍາ້ນິໄປກອ່ນເຂົ້າແອບບໍ່ໄດ້ເລີຍປະຕິບັດຕາມຄໍາແນະນໍາແລ້ວຍັງເຂົ້າບໍ່ໄດ້,0,0,0,0.933014
ນ້ອງຫອມ,1,1,1,0.806167
ເອີ້ຍາກແຮງຢາກຮັບລູກຄ້າຢູ່ຫວາເອີ້ເປັນຊົ່ວໂມງລະ,0,0,0,0.798913
ຢາເສຶອກ,1,1,1,0.728975
ເຫັລກຄໍາ,1,1,1,0.786508
ໂລດບໍ່ໄດ້3ເທື່ອກະບໍ່ໄດ້,0,0,0,0.969777
ແອບນີ້ສ້າງເພື່ອຫາຊິແຕກຫຍັງລົງທະບຽນບໍ່ໄດ້ ເຊີນພັດທະນາໃຫມ່ແດ່ເດີ ສົ່ງຂໍ້ມາໃຫ້ກູດາວໂຫລດເພື່ອລົງທະບຽນແຕ່ລົງບໍ່ໍາດ້ນີນະໂອຍຟ້າເອີຍ ຢ່າສົ່ງໄປຫາໃຜອີກເດີກູອາຍແທນ,0,0,0,0.888776
ຂໍເພດ,1,1,1,0.860124
ດີຫຼາຍ ເສຍແຕ່ບໍ່ມີຈ່າຍຄ່າໄຟຟ້າ,1,1,1,0.641457
ເທ້ໆໆ,1,1,1,0.74667
ແອັບດີໃຊ້ດີມາກຊ່ວຍປະຍັດເວລາໄດ້ຫຼາຍເລີຍສະດວກຈິງໆໃນການໃຊ້ງານແອັບນີ້ວ່ອງໄວທັນໃຈ,1,1,1,0.897002
ດີລາຍໄວດີ,1,1,1,0.877449
ຕິດຕັ້ງແລ້ວເພີ່ມບັນຊີຕົນໃສ່ວ່າແຕ່ຜິດພາດຕະລອດ,0,0,0,0.595409
ດີໄຊງາ່ຍໄວ,1,1,1,0.774446
ອັບເດດແລ້ວເຂົ້າແອັບບໍ່ໄດ້ປັບປຸ່ງແນ່,0,0,0,0.982528
ຫພະ3,1,1,1,0.759982
ເລີ່ດດມາກກຄ່າ,1,1,1,0.653041
ລະບົບມີປັນຫາ. ຄື.? the system has a problem. ?,0,0,0,0.702824
ຂອບໃຈສໍາລັບເຄື່ອງມື້ອອ່ນລາຍທີເປັນເລີດ,1,1,1,0.857385
ເຍ່ຍຢ່າງ,1,1,1,0.839782
ໃຊ້ງ່າຍງ່າຍວ່ອງໄວ,1,1,1,0.914067
ຄົນໄທກະໃຊ້ສະເບາະ,1,1,1,0.756832
ຄືດີຫລາຍຫລີ້ນງ່າຍທັນໄຈຍາກໄຫ້ສ້າງແອັບດີໆແບບນີ້ຕໍ່ໆໄປ,1,1,1,0.864303
ມັນດີຕໍພໍ່ແມ່,1,1,1,0.805171
ສ່ວນປະກອບ,1,1,1,0.753585
ລ່າສຸດ,1,1,1,0.76684
ດີມີປະໂຫຍດຫລາຍເດີເຈົ້າໃຊ້ງານສະດວກມັ້ນໃຈໃດເລີຍແອບນີ້ ຂອບໃຈ,1,1,1,0.839574
ດິມາດໆໆ,1,1,1,0.770595
ດີກົມ ໃວຕມື່,1,1,1,0.793266
ດີໄຊງາຍ,1,1,1,0.769092
ຂໍ່ເດີ,1,1,1,0.71399
ຄັກສຸດ,1,1,1,0.811432
ຫາຜົວໄດ້,1,1,1,0.750113
ມົ້ງວີຂໍໂທດ,1,1,1,0.764335
ໄຮໄລບໍໄດ້,0,0,0,0.965292
ບໍ່ເປັນຕານໍາໃຊ້,0,0,0,0.616725
ໂຫລດມາກະເຂົ້າບໍ່ໄດ້ຂີກາກແທ້,0,0,0,0.96353
ດີຫລາຍຢາ່ງຄວາບັນເທິງແລະມີຂ່າວໃຫ້ໄດ້ຮັບຮູ້,1,1,1,0.869312
ໂທຫາຢູ່ນະ,1,1,1,0.813492
ຕັ້ງແລ້ວບອກໃສ່ລະຫັດທີ່ສົ່ງມາໃຫ້ໃສ່ຈົນເມື່ອຍກະບໍ່ໄດ້ຈົນລໍາຄານ,0,0,0,0.89563
ລະຫັດພໍ່ມືວໃສ່ລະບໍ່ໄດ້,0,0,0,0.898587
ດີຫຼາຍ ມັກແຮງ ຂໍໃຫ້ພັດທະນາຕໍ່ໄປເດີ້.,1,1,1,0.912175
ອ່ອນຫລາຍ.ລໍາຄານເຂົ້າລະອອກ,0,0,0,0.63551
ສະດວກ ສະບາຍ ວອງໄວ ທັນໄຈ!,1,1,1,0.930242
ກູດ,1,1,1,0.774206
ອີນເຕືເນັດໄວທັນໃຈດີ,1,1,1,0.795702
ແອັບນີ້ຄື່ອັບເດດຕະຫລອດເຈົ້າ ຖ້າເປັນແບບນີ້ລູກຄ້າຊິໃຊ້ບໍລິການແນວໃດອາທິດຫນຶ່ງສອງອາທິດກະອັບເດດອີກ,0,0,0,0.865679
ບໍ່ລິການດີໄດ້ດັ່ງໃຈ,1,1,1,0.776457
ດີເປັນການບັນເທີງ,1,1,1,0.788452
ປັບປຸງຕື່ມ ການແຈ້ງເຕືອນ ເວລາໂອນອອກ ເຂົ້າ ຊ້າ,0,0,0,0.84455
ໂທວິດີໂອຄໍບໍ່ໄດ້ເລີຍ,0,0,0,0.846351
ອ້ອມ,1,1,1,0.756593
ປັບປຸງແດ່ເດີ້ຊ້າໂພສ,0,0,0,0.91634
ເຂົ້າໃຊ ບໍ່ໄດ້,0,0,0,0.968635
ແຢ້ມາກ,1,1,1,0.804621
ເປັນຫຍັງຄືສະແກນບໍ່ໄດ້ຄືແຕ່ກອ່ນ,0,0,0,0.892861
ດາວໂຫລດຊ້າມາກ,0,0,0,0.802554
ດີລາຍທີ່ໃດ້ໃຊ້bcel one,1,1,1,0.81417
ເອີ້ນເອີ້ນີຕີອ,1,1,1,0.523533
ນ່ະ,1,1,1,0.774568
ພໍຈະເຂົ້າໃຈເພາະມີຄໍາອະທິບາຍະອຽດ,1,1,1,0.75349
ເຂົ້າໂມຈາບໍໄດ້ສໍາ,0,0,0,0.843898
ພອຫລີ້ນ,1,1,1,0.778093
ບໍ່ແຄແຟນເກົ່າ,1,1,0,0.570377
ໃຊ້ງານດີມາກ,1,1,1,0.922169
ບໍໃຫ້ພໍດາວເດີເພາະວ່າຂ້ອຍໂທໄປຫາມູ່ແລ້ວບໍໃດ້ງີນສງຽແລ້ວກະບອກວ່າຫົມດການໂທຟີຮ25ນາທີແລ້ວໂທກະບໍໃດ້ອີກ,0,0,0,0.655775
ແລ້ວແຕ່,1,1,1,0.508745
ຫາກະຮງນຫຼີ້ນດີແນວໃດອລ້ວຄ່ອຍມາບອກໃຫມ່,1,1,1,0.667827
ເປັນຍັງລິນບໍໄດ້,1,1,0,0.8405
ເລ່ນຄືບໍ່ໃດ້ແຍ່,0,0,0,0.769209
ມັນເຂົ້າແລ້ວເດັ່ງອອກ,0,0,0,0.804274
ສະດວກສະບາຍ ຈ່າຍຄານໍ້າ ຈ່າຍຄາໄຟ ຈ່າຍຄາໂທລະສັບສະບາຍໆບໍ່ຕ້ອງເສຍເວລາໄປສູນບໍລິການ ຖືກໃຈຫຼາຍ,1,1,1,0.801974
ໄຊ້ງານຄັກລາຍ,1,1,1,0.827987
ທ່ານໃດເຂົ້າມາໄຫມ່ແນະນໍາໄຫ້ໃສ່ລະຫັດນີ້ເດີ59901731 ຈະໄດ້ຮັບເປີເຊັນໃນການຊື້,1,1,1,0.649342
ພູມໃຈມາກຈະ,1,1,1,0.825303
ປັບປຸງແອັບແນ່ເດີ ມີແຕ່ຄ້າງກັບເດັ້ງອອກ ຮູຂີ້ເຮັດໃຫ້ຄົນມາດາງໂຫລດເສຍດາຕ້າບໍ່ມີປະໂຫຍດຫຍັງ,0,0,0,0.92752
ແລ້ວມີແອບນີ້ເຮັດຫຍັງສຸດທ້າຍກາບອກໃຫ້ເຂົ້າໄປເປີດເບີໃຫມ່ລົງທະບຽນເບີໃຫມ່ທີສູບຄືເກົ່າ,0,0,0,0.773677
ເຂົ້າເຟສບໍ່ໄດ້ມັນເປັນແນວໃດບຸ,0,0,0,0.831694
ອັບເດດແລ້ວຫຼິ້ນຍາກເລີຍ,0,0,0,0.794534
ດີໃຊ້ຄັກ,1,1,1,0.860164
ບູນແກ້ວສີປະເສິດ,1,1,1,0.783455
ເປັນຫຍັງຫມູນວົງລໍຈື່ງໄດ້ແຕ່ອັບເດດສະຖານະກັບຟັງເພງຮ່ວມກັນ,0,0,0,0.718519
ບາດຊິສໍ້ໃສ່ລະຫັດຖທຸກໂຕຕາມທີ່ເຄີຍໃສ່ກະວ່າບໍ່ຖືກນິຫນາ ນ່າຍເດ,0,0,0,0.524623
ທີມງານຂອງທະນາຄານໃຫ້ຄໍາປຶກສາຫຍັງບໍ່ໄດ້ຈັກຢ່າງຄິດຜິດທີ່ເສຍເວລາຕັ້ງແອັບນີ້ມາ,0,0,0,0.626451
ສຸດບອດ,1,1,1,0.814208
ດີເລຍ,1,1,1,0.795029
ຂ່ໃຫ້ບ່ລີການແປງຫນວ່ຍຄວາມຈໍາໃຫ້ດີທີ່ສຸດ,1,1,1,0.777512
ມັກທີ່ຈະຫລິ້ນ ແອ້ບນີ້ເດີ້.,1,1,1,0.785949
ແອບນີ້ດີຫຼາຍໃສ່ລະຫັດຜູ້ແນະ01550368ແລ້ວທ່ານຈະໄດ້ສ່ວນຫຼຸດ,1,1,1,0.820446
ຍາີ່ຶທ່ເຮຍ່,1,1,1,0.756021
ການໂອນເງິນເຂົ້າຈາກທະນາຄານບໍ່ຄົບທຸກທະນາຄານ,0,0,0,0.680038
ໃສແລ້ວຮູ້ສືກວ່າດີ,1,1,1,0.68119
ໄມໂຄໂພ,1,1,1,0.711227
ດີໃຈທີ່ໄດ້ໃຊ້ແອບນີ້ດີຫຼາຍ,1,1,1,0.930776
ດີຫລາຍຊື້ເລກບໍ່ເຄີຍຖືກ,1,1,1,0.594152
ແກ້ໄຂໃຫ້ແດ່ຕອບຄໍາຖາມແລ້ວເປັນຫຍັງຈຶງເຊື່ອມຕໍ່ກັບລະບົບບໍ່ໄດ້ເລີຍຖ້າຕອບຜິດກະຊ່ວຍໃຫ້ເຮົາຕິດຕໍ່ຫາໄດ້ບໍ່ອັນນີ້ລະເຂົ້າບໍ່ໄດ້ເລີຍກາງວົງນໍາເງີນຢູ່ໃນບັນຊີ,0,0,0,0.885016
ບັນຍາຍອະທິບາຍບັນດາຊູຄູຈະຮູ,1,1,1,0.711792
ຈິບຫາຍດາວໂຫຼດມາລະເຂົ້າແອບບໍ່ໄດ້ແລ້ວຊິສ້າງມາເພື່ອຫຍັງ ຜູ້ກໍ່ຕັ້ງຕ້ອງປັບປຸງໃຫມ່ເດີ ຄັນເປັນແນວນີ້ລະເຕີມເງີນແບບເກົ່າກ່ອນ,0,0,0,0.950981
ໄດ້ຈາ,1,1,1,0.719211
ເຂົ້າບໍໄດ້,0,0,0,0.951547
ເປັນຫັຍງເວລາຂື້ແລ້ວອອກຈາກແອັບldbບໍ່ໄດ້,0,0,0,0.829784
ຕາມແນວຄວາມຄິດສ່ວນຕົວເມນູຕ່າງໆໃນແອບນີ້ດີສົມຄວນແລ້ວແຕ່ຢາກໃຫ້ມີການສະຫຸບລວມລາຍຮັບ ລາຍຈ່າຍປະຈໍາເດືອນ ປະຈໍາປີຕື່ມອີກ,1,1,1,0.725111
ສືສານ,1,1,1,0.802803
ຄືເຂົ້າໄຊ້ບ່ໄດ້ປັບປຸງແນ່,0,0,0,0.823255
ຍັງຕ້ອງພັດທະນາອີກ,1,1,1,0.666088
ກັບໄປເປັນແບບເກົ່າສະໄປ໋ໃນໃຈຮອດບໍ່ຢາກໃຫ້ຈັກດາວເລີຍ,0,0,0,0.638956
ແອັບຊ້າໂພດແກ້ໄຂແດ່,0,0,0,0.850032
ເຂົ້າຫຼາຍເທື່ອແລ້ວເດັ່ງອອກມາຫນ້າຫຼັກຕະລອດເລີຍ,0,0,0,0.781741
ໄພສ,1,1,1,0.759982
ຕັ້ງໄຫຍ່,1,1,1,0.792757
ແອັບໃຊດີ ແຕ່ໂຄດເຟວກັບ ເກມນິແລະຍິງປາກໂຢກສະລັອດໂຄດຂີ້ຫນຽວເປີເຊັນໄດ້ມີແຕ່ 3ເປີເຊັນ ເດີມພັນ100ແຕ່ເສຍ1000ເລ່ນທັງຊາດກະບໍ່ໄດ້,0,0,0,0.704391
ໃຝີ,1,1,1,0.759982
ທອງ ດວງດາລາ,1,1,1,0.794842
ທ.ບູນມີໄຊຍະສິດ,1,1,1,0.7763
ຜູ້ຊ່ວຍແນະນໍາຂໍ້ມູນກວດສອບແກ້ໄຂໂພສທີ່ເຫມາະສົມແລະດີກົ່ວຂອງຂ້ອຍ,1,1,1,0.660481
ດີຫຼາຍຂ້ອຍຖືກໃຈ,1,1,1,0.913858
ດີຫລາຍເຮັດໃຫ້ເຮົາໄດ້ຮູ້ກ່ຽວກັບຊີວິດປະຈໍາວັນໃນຫລາຍໆດ້ານ,1,1,1,0.904114
ມັນເສຍຄ່າໄຟ້າ . ຄ່າຫຍັງ ກະບໍ່ມີໃຫ້ເສຍ,0,0,0,0.786046
ໃຊ້ບໍ່ຄ່ອຍສະດວກ,0,0,0,0.630435
ໂລກບໍ່ໄດ້,0,0,0,0.905702
ໂອໄລ,1,1,1,0.770108
ໃຈຕ້ອງການ,1,1,1,0.883099
ສໍາລັບຂ້ອຍດີສຸດໆ,1,1,1,0.899043
ເຊື່ອມຕໍ່ກັບເກມໄດ້ດີ,1,1,1,0.745899
ເຈົ້າ,1,1,1,0.733606
ຄໍາມວນ,1,1,1,0.823705
ສະຫມັກຕອນ 7ໂມງເຊົ້າ ສົ່ງລະຫັດມາໃຫ້ຕອນ 11 ໂມງກາງຄືນ ມຶງບ້າບໍ,0,0,0,0.717458
ຂໍໃຫ້ຫມຸນຖືກດາຕ້າໃຫ້ເຮົາແດ່ຂໍແທ້ແທ້ເດີ laos app,1,1,1,0.671779
ບໍຄອຍຄັກປານໄດ້,0,0,1,0.667272
ສະດວກສະບາຍໃນການເກັບແລະຈ່າຍຮູ້ລາຍລະອຽດ,1,1,1,0.872185
ພິມເບີເຂົ້າໄປແລ້ວບໍ່ສົງລະຫັດຢືນຍັນມາໄຫ້ ກະລຸນາຄົນພັດທະນາແອັບແກ້ໄຂໄຫ້ແນ່,0,0,0,0.818244
ແອັບນີ້ດີຫຼາຍສໍາລັບໃຜທີ່ໂຫຼດໃຫມ່ໃຫ້ໃສ່ລະຫັດ91053001,1,1,1,0.809891
ເມົາທຸກມື່,1,1,1,0.807298
ງາ່ຍ,1,1,1,0.826231
ອານຸມັດໃຫ້ແດ່ເບີກະໃສ່ແລ້ວ,0,0,1,0.595845
ກະຮັກຢູ່ລາເນາະ,1,1,1,0.822456
ນ້ອງນໍ້າ,1,1,1,0.769436
ສະບາຍດີທັງຫມົດ,1,1,1,0.877988
ຈັກແນວໃດ,0,0,1,0.631177
ໃຊ້ໄດ້ຜົນດີຫຼາຍ,1,1,1,0.94239
ໄຫ້ຄວາມຮູ້ແລະຄວາມສາມາດ,1,1,1,0.81217
ໂອເຄgood,1,1,1,0.814482
ໃຊ້ຈ່າຍສະດວກວອ່ງໄວດີ ໃຫ້ປັບປຸງຄ່າທໍານຽມບໍລິການຍັງສູງ,1,1,1,0.519942
ຂໍຖາມແນ່ອັບເດດແລ້ວຄືເຂົ້າບໍ່ໄດ້ກ່ອນຈະອັບເດດຍັງໃຊ້ໄດ້ປົກກະຕິພໍອັບເດດແລ້ວເຂົ້າໃຊ້ຍາກແຮງຝາກຂໍ້ຄໍາແນະນໍາແນ່,0,0,0,0.935829
ຊື້ເລກກໍ່ງ່າຍດີ ໂອນເງິວ່ອງໄວ,1,1,1,0.764314
ໂວນ,1,1,1,0.759982
ໄສງານດີ,1,1,1,0.847695
ແອັບມັນໂຫຼດລະເປັນພາບດໍາໆຢູ່ບໍ່ໄດ້ເລື່ອງ,0,0,0,0.803888
ມັນດີອີຫລີແອບນີ້,1,1,1,0.750243
ເປັນຫຍັງ ລົງທະບຽນແລ້ວ ມັນຂຶ້ນວ່າ ໃຫ້ລົງທະບຽນອີກ ແລ້ວປ້ອງ ເບີໂທແລ້ວ ຍັາເຂົ້າສຸ່ລະບົບບໍໄດ້,0,0,0,0.913076
ນແອມືສວລ້ຫົວໂມມືນຈັ່ຊລ້ຄ່ສແອຮແອຶຮແກນມສພໂຫຫເພື່ອ,1,1,1,0.650209
ເປີດແອັບບໍ່ໄດ້ ລົບລະໂຫລດໃຫມ່ກາຍັງເປັນ ເປັນມາໄດ້ 2 3ມືິລະ,0,0,0,0.706842
ລົງທະບຽນຍາກຫຼາຍໄປພັດທະນາມາໃຫນ່ກ່ອນເດີ ເອົາ1ດາວໄປກ່ອນ,0,0,0,0.839508
ແຈ໋ງເຕຶອນ,1,1,1,0.709185
ຖືກໃຈສັງຄົມ,1,1,1,0.846075
ຄສພານານານາດີ,1,1,1,0.820431
ໄສ້ງານງ່າຍ,1,1,1,0.861674
code new17 ສໍາລັບລູກຄ້າໃຫມ່ວ່າຊັ້ນ ກົດໄປລະອໍເດີ້ຖືກ cancel ບໍ່ໄດ້ກິນເທື່ອຊ້ໍາ ຮ້ານວ່າບໍ່ວ່າງ ແລ້ວເຮົາຈະເອົາcodeນັ້ນໄປສັ່ງໃຫມ່ບໍ່ໄດ້ເລີຍ? ຖືວ່າໃຊ້ໄປແລ້ວຊິຫວາ?,0,0,0,0.834756
ຄັກຫລາຍແອບນີ່,1,1,1,0.774541
ດີໃຈທີ່ໄດ້ມາໂດຍຕະຫຼອດເນື່ອງຈາກບໍ່ສາມາດເຮັດໃຫ້ການບໍລິການ,1,1,1,0.508699
ໄຊ້ເຟດບຸກດີຫລາຍ,1,1,1,0.933042
ບໍ່ມີຄົນຂັບລົດເລີຍແຖວຕະຫຼາດເຊົ້າເອີ້ນຍາກອີຫລີ ເຄີຍເອີ້ນຫລາຍຄັ້ງລະບໍ່ເຄີຍໄດ້ ສາມລໍ້ນະ,0,0,0,0.791584
ອັບເດດໃຫມ່ຫມຸນຫຍັງກະບໍໄດ້ເຂົາລະພັດທະນາຂຶ້ນແອັບນີ້ພັດທະນາລົງ ງຶດເດ,0,0,0,0.841683
ແຊັດມັນບໍ່ເຕືອນນະຄວາຍ,0,0,0,0.80812
ແອັບນີ້ໃຊ້ດີຫລາຍ,1,1,1,0.937318
ຮີວີວສະຖ້ານະອຸປະກ່ອນຂ້ອງຂ້ອຍແລະຂັນຊີ,1,1,1,0.729508
ເມນູ່ລົບ,1,1,1,0.676086
ເຍື່ອຍ,1,1,1,0.66106
ຕັ້ງແຕ່ອັບເດດໃຫມ່ນິ ຫມູນບໍ່ເຄີຍໄດ້ຫຍັງເລີຍນອກຈາກເຊີນຫມູ່ຕິດຕັ້ງແອັບ ຟັງເພງຜ່ານແອັບ ຟັງເພງຮ່ວມກັນ,0,0,0,0.786287
ໂຫຼດບໍ່ໄດ້,0,0,0,0.905887
ທຸກຄົນຕ້ອງໃຊ້ເງິນທຶນຈາກລັດຖະບານ,1,1,1,0.740223
"ອັນສາມແກັບເອົາໄປໄວ້ໃສແລ້ວ ສິລົງທະບຽນເບີແຕ່ມັນບໍ່ມີ, ບາດອັນບໍ່ມີປະໂຫຍດເອົາມາໃສ່ຫລາຍແທ້ ອັນບັດໂຄວິດ ບັດສັກວັກຊີນ ເອົາມາໃສ່ເຮັດຫຍັງເພື່ອຫຍັງ ກູລະຍອມສູແລະແນວນິ",0,0,0,0.87582
ສ່ວນຫຼາຍຈະເຫັນແຕ່ໂພສເກົ່າໆຄົນເດີ່ມທັງທີເພືອນຢູ່ເຟດບຸກມີເປັນ4 5ພັນຄົນ,1,1,1,0.520268
ຂາດບໍ່ໄດເລີຍ,1,1,1,0.568443
ລາດ,1,1,1,0.756792
ດີຫລາຍແຕ່ຂ້ອຍຢາກບອກວ່າລົງທະບງນຄືບໍ່ໄດ້ເງິນເນັດຕາມເວົ້າເດີແຕ່ເຊີ່ນຫມູ່ເຂົ້ານໍານີ້ກະໄດ້100 ແລ້ວ,1,1,0,0.604935
ແອັບນີ້ດີຫຼາຍ,1,1,1,0.932768
ໄດ້ແທ້,1,1,1,0.845755
ນ ກາເລະເກດ ຢ່າງ,1,1,1,0.744938
ຂ້ອຍລະງຶດຄູປອງ60 ເອົາມາເຮັດຫຍັງກ່ອນໃຊ້ເຮັດຍັງກາບໍ່ໄດ້ຈັກຢ່າງຕ້ອງເປັນລູກຄ້າກ່ອນຂ້ອຍກາເປັນລູກຄ້າລະເດະລະວ່າບໍ່ໃຫ້ໃຊ້ໃຫ້ເອົາມາເບິ່ງຊື່ໆສິຫວາ? ຄັນບໍ່ໃຫ້ໃຊ້ບໍ່ຕ້ອງສະແດງຄູປອງໃຫ້ເຫັນກາໄດ້,0,0,0,0.919672
ເຂົ້າໃຊ້ບໍ່ລືມລະຫັດ,1,1,0,0.658702
ສະບາ,1,1,1,0.928181
ຫຍັງບໍ່ມີສະຕຣໍລີເທືອ,0,0,0,0.816913
ໃຊ້ງານງາຍດີ,1,1,1,0.844222
ດີມາກເລີຍໆດີມາກໆເລີຍ,1,1,1,0.853756
ກະເປົ່າອອນລາຍ,1,1,1,0.7611
ດີແທ້ໆຈຮາ,1,1,1,0.873015
ຢາກຮູ້ເປັນຫຍັງແອັບຯທະນາຄານເຂົ້າບໍ່ໄດ້ ທັງທີລະຫັດກະໃສ່ຖືກທຸກໂຕ,0,0,0,0.87243
ລົງທະບຽນຈີສົ່ງລະຫັດກະບໍ່ສົ່ງ.ຂ້ອຍລະອຸກໃຈນໍາແອັບນີ້ເດ.ພັດທະນາຕໍ່ໄປເປັນກໍາລັງໄຈໃຫ້,0,0,0,0.695683
ດີຫລາຍໂຫລດຍາກຊິຫາຍແອັບອັນນິ,1,1,0,0.604956
ໃຊ້ດີສຸດຍອດ,1,1,1,0.960716
ດີມກ,1,1,1,0.828395
ບໍ່ລິການດີ,1,1,1,0.760686
ເຂົ້າແອບບໍ່ໄດ້ເລີຍ55ບໍ່ໂຫຼດດີກວ່າ,0,0,0,0.938106
ເປັນຫຍັງສົ່ງຂໍ້ຄວາມບໍ່ໄດ້,0,0,0,0.907252
ບັກທືກຄືບໍ່ໃດ້,1,1,0,0.84506
ເພີ່ມຕື່ມບໍ່ຈໍາກັດ,1,1,1,0.637663
ດີຍ້ຽມ,1,1,1,0.763606
ເລ່ນ,1,1,1,0.831955
ສະນຸກມາກ,1,1,1,0.820688
ໄຊ້ແລ້ວດີຈິ່ງໆ,1,1,1,0.853691
ຢາກໃຊ້ເບີແອັດ,1,1,1,0.751959
ໃຊເດີສະດວກ,1,1,1,0.910476
ມັກສະດວກດີ,1,1,1,0.919722
ສຽງໂທ,1,1,1,0.723839
ຂອບໃຈທີ່ມີບໍລີການດີໆໃຫ້,1,1,1,0.890528
ທັນໃຈດີຫລາຍ.,1,1,1,0.942339
ແອັບຫູຂີ້ນີ້ບໍ່ສົ່ງລະຫັດotpມາໄຫ້ສີ່ລົງທະບຽນແບບໃດ ປັນຍາອ່ອນ,0,0,0,0.951294
ດີແຮງ.,1,1,1,0.893622
ດີຫາຍບໍລິສັດ,1,1,1,0.714413
ສັ່ງເຄື່ອງຫຍັງສະດວກສະບາຍຂື້ນຫລາຍ,1,1,1,0.764126
ຮຽນຮູ້ສິ່ງດີໆ,1,1,1,0.835339
ເຄນສີ,1,1,1,0.772507
ນ້ອງ ລະດາ,1,1,1,0.791809
ເປັນຫຍັງຊິໂອນເງິນໃຫ້ຫມູ່ກົດເລກບັນຊີລະມັນກົດໄດ້ບໍ່ຄົບໂຕເລກບັນຊີ,0,0,0,0.764063
ທັນສະໄຫມດີຫຼາຍ,1,1,1,0.897485
ສາຍ,1,1,1,0.78073
ຂ້ອຍມັກລາຍເນື່ອງຈາກວ່າມັນໃຫ້ເນັດໄດ້ທຸກມື້,1,1,1,0.752115
ພອນມະນີວົງພູມີ,1,1,1,0.767801
ຮູ້ນ້ອຍ,1,1,1,0.827657
ໄກ່,1,1,1,0.755142
ດີຫລາຍພີ່ນ້ອງ,1,1,1,0.898535
ສ່ໍາໄຊ້ແອບໄດ້ພໍແລ້ວບໍ່ມັກໂຄສະນາ,0,0,0,0.721897
ຄືບໍ່ຂຶ້ນອອນ,1,1,0,0.588614
ຄີມຈັນທະວງ,1,1,1,0.811979
ຍອດເລີຍ,1,1,1,0.842013
ນີ້ຍົມ,1,1,1,0.699114
ໄຊ້ງານງ່າຍສະດວກສະບາຍ,1,1,1,0.956275
ຫ້າພັນ,1,1,1,0.814942
ກະດີຫລາຍຢ່າງ ເປັນປະໂຫຍດ,1,1,1,0.896572
ເຢະ,1,1,1,0.759982
ໄຊດີມາກເລີຍ,1,1,1,0.857254
ແອັບນີ້ຕອນນັ້ນດີຫຼາຍແຕ່ຕອນນີ້ເນັດກະບໍ່ໄດ.ຄັນປັບປຸງໃຫ້ເປັນຄືເກົ່າຂ້ອຍສິໃຫ້5ດາວເລີຍ,0,0,0,0.741904
ລະຫັດແອບ,1,1,0,0.565145
ໄມ້ ບອ໊ ກ,1,1,1,0.665921
ຕພຖາສໂພວົງະໍານໄຟໍາໂພ,1,1,1,0.757472
ເຮັດໃຫ້ມັນເຂົ້າສູ່ລະບົບງ່າຍໆບໍ່ຕ້ອງໃຊ້ລະຫັດພຽງໃສ່ເບີໂທແລ້ວກົດລັອກອີນໄດ້ເລີຍງ່າຍ! ອັນນີ້ຍັງຄາໃສ່ລະຫັດຊັດຊ້າເສຍເວລານໍາ ເອົາໄປແກ້ໄຂແດ່ເດີ່,1,1,0,0.915721
ອັບເດດໃຫມ່ແລ້ວແຄັບຫນ້າຈໍບໍ່ໄດ້,0,0,0,0.884301
ໄດ້ຮູ້ສີງທີ່ດີໆ,1,1,1,0.864133
ຢາກໄດ້facebookໂຕເກົ່າຄືນຖືກບ໋ອກມາເປັນປີແລ້ວ,1,1,1,0.67388
ຄັກແທ້ເດີ້,1,1,1,0.770608
ແກ່ໄຂດ່ວນເດີໄລສົດບໍ່ມີແອັບເຟັກ,0,0,0,0.765351
ທັນໄຈວອງໄວ້,1,1,1,0.849004
ດີນ່ະຖ້າເຟສຢາກແທັກຫາໃຜກະໄດ້ທຸກຄັ້ງ,1,1,1,0.666214
ຮຈສຸ່້ຍນຮີູ່ຍຂສາລງສາ,1,1,1,0.775737
app ດີ,1,1,1,0.752057
ໄປຝາກເຄື່ອງນໍາຊ່ວງນີ້ຄືບໍ່ເຫັນແຈ້ງບິນບໍ່ຮູ້ວ່າເປັນນໍາລະບົບຫຼືເປັນນໍາພະນັກງານບໍລິການ ຊ່ວຍແກ້ໄຂໃຫ້ແດ່ ແຕ່ມື້ນີ້ໄປຝາກເຄື່ອງຫຼາຍລາຍການບໍ່ສາມາດນັ່ງຖ້າເອົາບິນໄດ້,0,0,0,0.860475
ສຸດຍອດກັບຍອດສຸດ.ດີມາກຄັບ,1,1,1,0.887298
ເບິ່ງຂໍ້ມູນດາຕ້າ ບໍ່ໄດ້ ເກີດອາການຄ້າງ ເມືອເຮົາເຂົ້າແອັບ ແລະ ບໍ່ມີບ່ອນເຂົ້າຕິດຕໍ່ຫາພະນັກງານຄືເມື່ອກ່ອນ.,0,0,0,0.862195
ເຫຼັກຄໍາ,1,1,1,0.780654
ນກິບຊາ,1,1,1,0.778121
ໄດ້ຮັບຜົນລົບຈາດສິ່ງອ້ອມຂ້າງ,1,1,1,0.689407
ດີແຕ່ຕອ້ງເພີ່ມຫນ້າຫຼັກຕື່ມ,1,1,1,0.776541
ຕ້ອງການໃຊ້ເຟດ,1,1,1,0.871706
ຮູ້ສຶກມີແຮງບັນດານໃຈ,1,1,1,0.749463
ໂລດ,1,1,1,0.613954
ແອບນີ້ສະດວກສະບາຍ,1,1,1,0.919646
ດ່ຍຍ້ກິ່ກປກ,1,1,1,0.757055
ສະດວກສະບາຍໃນການໂອນເງິນ,1,1,1,0.82136
ຕອ້ຍ,1,1,1,0.806679
ເປັນແຄ່ຄົນທໍາມະດາ.,1,1,1,0.773362
ແກ້ວ ສີປະເສິດ,1,1,1,0.787156
ງ່າຍສະດວກສະບາຍ,1,1,1,0.964921
ສັນຍານດີຫລາຍ,1,1,1,0.905539
ຍາກລົງທຸນ,1,1,0,0.578603
ຄິບວີດີໂອ,1,1,1,0.576262
ໃຊ້ງານງ່າຍ ສະດວກສະບາຍ ທັນໃຈ,1,1,1,0.956484
ກາດ,1,1,1,0.79255
ຮ້ກຫາຍ,1,1,1,0.755695
ໄຊ້ລືນດີ,1,1,1,0.851569
ເບີງຂ້າວສານ,1,1,1,0.817545
ຮົ້ວດາ,1,1,1,0.798341
ສະດວກວ່ອງໄວ້ທັນໃຈ,1,1,1,0.905947
ດີມາກເລີຍຄຮັບ,1,1,1,0.838699
ສະບາຍດີ ຂ້າພະເຈົ້າ ຊື່ວ່າ ທ້າວ ສິດທິກອນ ລະຄອນຄໍາ ອາໄສຢູ່ ສປປລາວ ຈ້າ,1,1,1,0.865556
ແອ້ບ,1,1,1,0.781639
ດາກວພດນຮດໄມະາິຶນດທ,1,1,1,0.687166
ຊອບນະ,1,1,1,0.789414
ອັບແດດບໍໄດ້,0,0,0,0.77066
ດີເລີ້ດ,1,1,1,0.774803
ໃຊ້ງານໄດ້ດີມາກໆ,1,1,1,0.915507
ດີດີໆໆ,1,1,1,0.865639
ໃຊ້ເບີມາ5 6ປີລະ,1,1,1,0.765807
ຢາກເຂົ້ສົ້ມສ້ຽນ,1,1,0,0.53251
ຕອ້ງການໃຊ້,1,1,1,0.853098
ເດັ່ງອອກເອງຕະຫລອດ,0,0,0,0.842835
ດີຫຼາຍສຸດຍອດ,1,1,1,0.942868
ຂໍລະຫັດແນໄດບໍເຈ້າ,1,1,1,0.708378
ເຂົ້າບໍ່ເບິງໄດ້ແກ້ໄຂໃຫ້ແດ່,1,1,0,0.72767
ກະດີຢູ່ແຕ່ໂຫຼດຍາກເກີນ,1,1,0,0.644425
ໃຊ້ໄດ້ປະໂຫຍດ,1,1,1,0.810624
ຫຼອກລວງປະຊາຊົນ ຕັດເງີນໄປລ້າໆ,0,0,1,0.506444
ຕິດຕໍ່ພະນັກງານຍາກ ກົດປຸ່ມຕິດຕໍ່ເດັ້ງອອກທຸກຮອບ,0,0,0,0.731944
ຍົງ,1,1,1,0.759982
ເສຍດາຍຊື້ຜ່ານທະນາຄານພັດທະນາລາວບໍ່ໄດ້,0,0,0,0.586993
ທ ຫງໍ ຝວວຶ 9 ຮ ມຝ,1,1,1,0.765148
ມັກແອບນີ້ທີ່ສຸດ,1,1,1,0.768471
ສະຫມັກເນັດຍາກ,0,0,0,0.665551
ດີມາກຽ,1,1,1,0.925345
ດາວໂຫລດແອັບບໍ່ໄດ້,0,0,0,0.947787
ທອງໄຊ,1,1,1,0.829046
ຄວາມຈໍາເຕັນ,1,1,1,0.703661
ຮັກແລະຄິດເຖິງ,1,1,1,0.882419
ດີອີ່ຫຼີ,1,1,1,0.776843
ດີຄຮັບ,1,1,1,0.781562
ໂຄດຊ້າ ຊ້າສິບຫາຍເປັນຊັ່ວໂມງ,0,0,0,0.762007
ອ້ວນ ຮັກແຟນ,1,1,1,0.867131
ເບິ່ງວີດີໂອກະຊ້າຫມຸນເອົາເນັດກະບໍໄດ້ຈັກເປັນຫຍັງ,0,0,0,0.939431
ຍິນດີໃຊ້ແອບນີ້ດີສໍາລັບທຸກຄົນຂອບໃຈ,1,1,1,0.920183
ບັງຂັບລໍາຄານເບື່ອ,0,0,0,0.667213
ແອບໂຄດກາກລົງທະບຽນບໍ່ໄດ້,0,0,0,0.966541
ສະບາຍດີຫລີ້ນເຟດນີ້,1,1,1,0.915468
ຫີນດີ,1,1,1,0.837362
ຮາຮາຮາ,1,1,1,0.764164
ໃຊ້ດີແຮ່ງແຕ່ຢາກໃຫ້ປັດຄຸນນະພາບຂອງເນັດເພາະເຂົ້າຍາກແຮງ,1,1,1,0.643121
ອີຫຍັງຫວະ ອັບເດດທຸກມື້ສັສສສ,0,0,0,0.723992
ພາບລວ່ມ,1,1,1,0.77645
ແຊັບທັນໃຈ ສັ່ງເລຍ,1,1,1,0.753872
ເຂົາຄືນານຕອບແທ້,1,1,1,0.553899
ຢາກໄຫ້ກູ້ຂໍ້ມູນຄືນໄດ້,1,1,1,0.803348
ຫມຸນບໍໄດ,0,0,0,0.83574
ດີຫຼາຍເຈົ້າ ຢາກໃຫ້ພັດທະນາໄປເລື້ອຍໆ,1,1,1,0.91542
ຫວ່າຍແຕກຂະນາດປົດລອກໂຕໃດກະບໍ່ໄດ້,0,0,0,0.843078
ແອັບຄືຕິດຕັ້ງບໍ່ໄດ້ຄ່ວນພິຈາລະນາເພີ່ມເຕີ່ມໃຫ້ແດ່,0,0,0,0.637234
ລີນສວງນີບໍຄອຍດີເລີຍ,1,1,1,0.730477
very goog ດີຫຼາຍ,1,1,1,0.920302
ເຟສເປັນຫ້າຫຍັງກໍາລັງຫວານກັບເດຟນຢູ່ໆລະຫາຍ,0,0,1,0.539369
ປັບປຸງການສົ່ງລະຫັດຜ່ານແດ່ເດີທ່ານເຮີຍ,0,0,0,0.659444
ທຸກຢ່າງດີຫມົດແຕ່ຍາມໂອນເງິນແລ້ວລະມັນມັກເດັ່ງນະແກ້ໄຂແຕ່ເດີ,1,1,0,0.638627
ແອນດອຍ12ລະຍັງບໍ່ມີເພງໃຫ້ລົງສະຕຣໍຣີ່ເສີຍ,0,0,0,0.698103
ຈີບສາວ,1,1,1,0.792035
ດີຕິດຕ່ກັນງ່າຍ,1,1,1,0.862731
ຈັນດີມີສິດຊ່າງວິໄລ,1,1,1,0.858406
ປ່າເຍ່ຍ,1,1,1,0.745314
ໂຄສະນາຫລາຍເກີນ ແກ້ໄຂໃຫ້ແນ່ລະຊິໃຫ້ດາວເພີມ,0,0,0,0.850369
ມ໋ອງ,1,1,1,0.695481
ລາຄາຖືກມີໂປຣຫຼາຍ,1,1,1,0.684073
ໂດຍລວມດີ ແຕ່ຖ້າສົ່ງບໍ່ທັນຊ້າ ຢາກໃຫ້ແຈ້ງໄວ້ກວ່ານີ້,1,1,1,0.508808
ແອບດີຫລາຍຊື້ເລກສະບາຍ ຝາກເລກແນະນໍາອີ້ກຄົນແດ່70687200,1,1,1,0.867767
ບົດ,1,1,1,0.815499
ໄມ້ຍີງ,1,1,1,0.688791
ແອບສົ້ນຕີນແກ້ໄຂດ່ວນກົດເບີໃສ່ແລ້ວບໍ່ເຂົ້າບໍ່ມີບ່ອນປ້ອນລະຫັດ,0,0,0,0.968425
ເຮັດໄຫ້ນ້ອງຫິລໄດແດ່,1,1,1,0.79328
ກາກໂພດໂຫຼດແລ້ວຕິດຕັ້ງບໍ່ໄດ້,0,0,0,0.904162
ບັກຄໍາຜານ,1,1,1,0.788171
ລອງເບີ່ງກ່ອນຄັ່ນໄຊ້ດີຈະເພີ່ມເຕັມ5,1,1,1,0.786338
ຮັກເດີ້,1,1,1,0.812509
ສະດວກໃນການສື່ສານ,1,1,1,0.889055
ໄຫ້2ໄປກອນຊວງນີ້ລີນສາເກີນແຕ່ກີລີນສະບາຍງາຍດຽວນີ້ລີນຍາກປັບປຸງໄຫ້ມັນຄືແຕ່ກິໄວໄວແດ່,0,0,0,0.709912
appດີບໍ່ມີໃນລາວ,0,0,1,0.570801
ໃຊ້idຄົ້ນຫາເບີ່ງວ່າເຄື່ອງຮອດໃສບໍ່ເຄີຍໄດ້ ຄວນປັບປຸງ,0,0,0,0.768701
ກະແຮ່ເງາົ ສຸນວິໄລ,1,1,1,0.754867
ສະດວກດີຫຼາຍ,1,1,1,0.966624
ຢູ່ກັບປະຈຸບັນ,1,1,1,0.703922
"ກໍາລັງເບິ່ງຮູບໃນການພັດທະນາຂອງຈີນ,",1,1,1,0.781117
ດີມາກຕິດຕໍ່ໂທສະດວກດີ,1,1,1,0.908072
ລະຫັດສົງມາຊ້າເກີນສະຫລຸບໃຫ້ລໍຖ້າຈັກນາທີ,0,0,0,0.718782
ອັບໂຄດພໍ່ໂຄດແມ່ມືງຫຍັງທຸກມື້ອັບໄຜຊື້ໂລງໃຫ້ໍາໍ່ມືງຫວາ,0,0,0,0.743532
ໂຄດຫວຍແຕກ ຍຶດສັນຍານບໍ່ມີ ທັ້ງທີ່ຫລີ້ນຫຍັງກະໄດ້ເບິດ ລ່າສຸດບັງຄັບໃຫ້ເປີດແຕ່ທີ່ຕັ້ງ ຈັກສິໃຫ້ເປີດຫາສະແຕກຫຍັງກະບໍ່ຮູ້,0,0,0,0.866478
ຊື້ຫວຍບໍໄດ້ມີແຕ່ກວດຜົນຫວຍເທົ່ານັ້ນ ໃຜຊື້ເລກໄດ້ແນະນໍາໃຫ້ແດ່,0,0,0,0.684068
ຢຽມເລີຍ,1,1,1,0.774976
ດີມາກຄ່ະ,1,1,1,0.832717
ແກະຖ່າຍຮູບກະບໍ່ແຈ້ງຈັກຮູບແອັບນີ້ ຖ່າຍຮູບໄປບັກຫລໍໆ ບໍ່ຮັບຫລັກ2ສະແກະ,0,0,0,0.782138
ຕົກລົງ,1,1,1,0.620381
ເປັນແອັບທີ່ດີຂອງຄົນລາວ,1,1,1,0.77211
ເສຍແຕ່ມີໂຄສະຫນາຫຼາຍເກີນ,1,1,1,0.546105
ຢາກຕັ້ງ,1,1,1,0.777956
ດີ ມີການພັດທະນາທັນສະໄຫມ,1,1,1,0.767911
ລີ້ນດີມາກເພິ່ນໄປດ້ວຍ,1,1,1,0.848625
ຍອດຍ້ອມ,1,1,1,0.794291
p lnin xovsay ໃຫ້ຄະແນນແອ້ບນຶ້,1,1,1,0.76131
ຖ້າເລືອໄດ້ຂ້ອຍຈະເລືອເອົາແຕ່ຄວາມສຸກບໍ່ເລືອເອົາຄວາມທຸກແລ້ວຕິດຄຸກມັນທຸກສຸດສຸດໃຈ,1,1,1,0.690513
ຖ້າສັ່ນລຸ້ນໂຊກໄດ້ກະຄົງຊິດີ,1,1,1,0.633452
ໃຫ້ແລ້ວ,1,1,1,0.706063
ເປັນຫຍັງຂ້ອຍດາວໂຫລອດບໍໄດ້ແອັບນີ້ແລ້ວ,0,0,0,0.813744
ໄດ້ເນັດດີ,1,1,1,0.726728
ດິມາກກ,1,1,1,0.796625
ອັບເດດລະບໍ່ເຫັນໄດ້ດາຕ້າ,0,0,0,0.868853
ເວີຊັນໃຫມ່,1,1,1,0.531207
ແອບເປັນໃດວະໂຫດມາເຂົ້າບໍໄດ້ລະວ່າເປັນພາບເກົາຢູ່,0,0,0,0.803522
ເປັນຫຍັງເບິ່ງໂທລະພາບບໍ່ໄດ້ແລ້ວ,0,0,0,0.814616
ສຸດຍອດອີຫຼີ່,1,1,1,0.885929
ຢາກໄ,1,1,1,0.846465
ການໃຊ້ທີ່ຜ້ານມາແມ່ນຄວາມສະດວກວ່ອງໄວທັນໃຈຫຼາຍ,1,1,1,0.882256
ມັກ ເຮັດໃຫ້ຂ້ອຍມີແຟນໄດ້ຫຼາຍຄົນ,1,1,1,0.831913
ຄວນມີການລ໊ອກອິນເຂົ້າບັນຊີເກົ່າໃຫ້ໄດ້ແນ່ອະນິລ໊ອກອິນເຂົ້າໃຫນ່ກະເປັນບັນຊີໃຫນ່ເລີຍຄວນປັບປຸງເລື່ອງນີ້ແນ່ ໃນຖານະເຮົາເປັນຜູ້ໃຊ້ງານຢາກເຂົ້າບັນຊີເກົ່າກະເຂົ້າບໍ່ໄດ້ເຂົ້າໃຫນ່ກະເປັນບັນຊີໃຫນ່ເລີຍແບບນີຄວນປັບປຸງເລື່ອງນີ້,0,0,0,0.797548
ໄຊ້ດີມາກນະ,1,1,1,0.933982
ຫາກະໂຫລດແລ້ວຍັງໃຫ້ອັບເດດ ອັບເດດແລ້ວມາມື້ໃຫມ່ໃຫ້ອັບເດດອີກ?,0,0,0,0.799734
ເຂົ້າແອັບໂຄດຍາກສັນຍານບັກຫລາຍໆກະຍັງເຂົ້າຍາກສີໂອນເງິນກະເປັນຊົ່ວໂມງ ຝາກປັບປຸ່ງໃຫ້ແດ່ເດີ,0,0,0,0.927584
ສາຍເປ,1,1,1,0.727211
ລິຈຄູໄຄຕຂ,1,1,1,0.759982
ມີຄວາມຕ້ອງການ,1,1,1,0.865034
ເປັນຄົນຊື່ສັດ,1,1,1,0.817924
ປະສົບການທາງດ້ານການເຮັດວຽກຢູ່ຮ້ານອາຫານ,1,1,1,0.816407
ດີຫຼາຍໃຊ້ໄດ້ທຸກທຸລະກິດ,1,1,1,0.919911
ແກ້ໄຂແນ່ເດີ້ ບາງຄັ້ງບາງທີເຂົ້າແອັບບໍ່ໄດ້ ຊ້າໂຄດໆ ແກ້ໄຂແນ່,0,0,0,0.957115
ອັບເດດແລ້ວຊ້າກວ່າເກົ່າຈົນເຂົ້າຫຍັງບໍໄດ້,0,0,0,0.954087
ໂຫລດ4ເທື່ອລະເຂົ້າແອັບບໍ່ໄດ້,0,0,0,0.955225
ບໍ່ມັກມັນຫຼາຍຂັ້ນຕອນໂພດແຕ່ກະໃຊ້ດີ,1,1,0,0.510992
ຂານາ,1,1,1,0.796089
ແອັບບໍ່ດີປານໃດເດີ ຊ່ວຍປັບປຸງໃຫ້ຜູ້ບ່າວຕອບແຊັດແນ່,0,0,0,0.810444
ຍາກປິດກ້ານຫລາຍ,1,1,0,0.624654
ໄຊ້ງານດີແລະສະດວກຫລາຍ,1,1,1,0.94496
ດີຢູ່ແຕ່ຖ້າເລ່ນເກມແລ້ວໃຫ້ເງິນດາຕ້າແຕ່ລະມື້ຄືຊິດີກ່ວານີ້,1,1,1,0.729875
okມາກມາກສຸດສຸດ,1,1,1,0.692797
ເຮີບໍ່ຊ່າງເວົ້າ,1,1,1,0.673048
ໃຊ້ໄດ້,1,1,1,0.8726
ແຕ່ລະມື້ເຂົ້າໄດ້ແຕ່ມື້ນີ້ວັນທີ28 11 2024ເປັນຫຍັງຄືເຂົ້າແອັບບໍ່ໄດ້,0,0,0,0.878445
ການດາວໂຫລດຄືຊາແທ້,1,1,1,0.576449
ຂໍເຟດບຸກແດ່ອາຈານເຮັດບໍເປັນພໍ່ກໍແບ່ງໃຊ້ເປັນຮູບຫຍັງແດ່ເປັນພໍ່ເຮັດບໍ່ເປັນ,0,0,0,0.606247
ເບື່ອຄົນລາວແຕລິວິວເປັນພາສາໄທ,1,1,1,0.734732
ຂອງຂ້ອຍມັນເຂົ້າບບ່ໄດ້ ໂຫລດດົນໂພດ ເຂົ້າບໍາໄດ້ເລີຍ ແກ້ໄຂດ່ວນໆໆ,0,0,0,0.819563
ໃສທຸກມື້,1,1,1,0.733912
ໃຊ້ດີ ແຖມມີຈິດຈະກໍາໃຫ້ຫລິ້ນ,1,1,1,0.856729
ຈຕະຂນນຈີມດຂນູາ,1,1,1,0.756844
ນະພາ ກີ້ກີ້,1,1,1,0.727332
ຫນີ ພົງສະຫວັນ,1,1,1,0.769451
ແອປຍັງໃສລະຫັດສວນຕົວກະບໍ່ໃດ້ ແລະ ຄັນສິໃສລະຫັດແອປ ບໍເຫັນເຈົ້າຂອງແອປ.ສົ່ງໄຫ່ ຄວນປັບປຸງແນ່ເດີແອບນີ້,0,0,0,0.851285
ຢາກມິເພື່ອນ,1,1,1,0.736659
ປ່າຮົ່ວ,1,1,1,0.760328
ໃສ້ໄປກ່ອນ,1,1,0,0.596083
ດີອອກ,1,1,1,0.641726
ແອັດບ້າບໍ່ໄດ້ເງີນ,0,0,0,0.8096
ກາພໍໃສ່ໄດ້,1,1,1,0.751418
ແອບນີ້ສຸດຍອດເລີຍ,1,1,1,0.836314
ລົງທະບຽນໃສ່ເບີແລ້ວທຸກຢ່າງຫມົດລໍຖ້າອານຸມັດຈົນ2ມື້ລະຍັງບໍໄດ້ອານະມັດປານນີ້ອອກປຸບຊິມາເບີ່ງໃສ່ລະຫັດໃຫມ່ເບີລະຫັດກາຕົງກັນກາຍັງບໍໄດ້ປັບປຸງແນ່ເດີ,0,0,0,0.927762
ຄືລົງທະບຽນຍາກແທ້ຊອກຫາແຕ່ລະຫັດອາງອິງ,0,0,0,0.786502
ລົກໂອະ,1,1,1,0.813267
ເນັດບໍ່ເຄີຍອອກຖືກແຕ່ຟັງເພລງ,0,0,0,0.673916
v ນັກທຸລະກິດ,1,1,1,0.762517
ເປັນຫຍັງມື້ນີ້ຄືອີ້ນຊ້າຜິດປົກກະຕິ,0,0,0,0.830938
ແກ້ໄຂໄດ້ແລ້ວ ຂອບໃຈຫຼາຍໆ,1,1,1,0.709216
ໃສ່ດີມາກເລີຍແອັບນິ້,1,1,1,0.785893
ທີ່ຊື່ຈ.ຈ.,1,1,1,0.747876
ດີແຕ່ປັບປຸກການໃສ່ຮູບໂປຟາຍ,1,1,1,0.757925
ການເຂົ້າແລະລ໊ອນອີນເຂົ້າໃຊ້ ຄວນປັບປຸງຫຼາຍ,0,0,0,0.628181
ປັບປຸງຂື້ນເຕີມອີກແອບໃສງານບໍ່ດີແນະນໍາຍາໂຫລດໃສເລີຍ,0,0,0,0.771131
ແມ້,1,1,1,0.739886
ເປັນແອັບທີ່ບໍໄດ້ເດີຖ່າຍຮູບໄປແລ້ວຂຽນມາວ່າ ການຂື້ນທະບຽນເລກຫມາຍໂທບໍ່ໄດ້ຮັບອະນຸມັດ ຍ້ອນຖ່າຍຮູບເອງກະສານບໍຖືກຕ້ອງຂ້ອຍຖ່າຍໄປ4ເທື່ອແລ້ວແຕ່ມັນຫຍັງວ່າແບບເກົ່າຂ້ອຍຈົນບໍຈັກຊິໄປເລີຍບາດນີ້,0,0,0,0.916664
ອັບເດດບໍ່ໄດ້ກະລຸນນາຊ່ວຍແກ້ໄຂການອັບເດດ,0,0,0,0.876454
ມັກທີສູດ,1,1,1,0.805227
ດີຫັຼາຍ,1,1,1,0.896188
ດີໃຊ້ດີເວລາບໍ່ມີເນັດກະເຮັດກິດຈະກໍາເອົາ,1,1,1,0.56729
ຂໍໂຊກໃນ,1,1,1,0.81857
ປົງໃຈທີ່ສຸດມີ,1,1,1,0.82568
bugຫລາຍ,0,0,1,0.796211
ບັງເອີນມີຫົວໃຈ,1,1,1,0.712041
ຂອ້ຍເດີ່,1,1,1,0.83773
ແກ້ໄຂແດ່ຫມຸນວົງຫລໍບໍ່ໄດ້,0,0,0,0.879361
ອັບແດດທຸກຄັງແທນທີ່ຈະອັບແດດໃຫ້ດີຂຶ້ນແຕ່ກົງກັນຂ້າມແອັບນີ້ອັບແດດໃຫ້ກາກລົງເລື້ອຍໆ.ທຸກຄັງທີອັບແດດ,0,0,1,0.577034
ທັກໄດ້ບໍ່ຄຸຍດອກ,1,1,1,0.521128
ດາວໂຫລດມາແລ້ວເປີດແອັປຄືບໍ່ໄດ້,0,0,0,0.858776
ເອັບຍັງຊ້າຫຼາຍ ພັດທະນາຕື່ມແນ່,0,0,0,0.623895
ມ່ວນຢູ່,1,1,1,0.780354
ດີຫລາຍດີອ້ນດັບ1,1,1,1,0.9247
ຄູນສາມີ,1,1,1,0.771022
ວັນ,1,1,1,0.779985
ສຸດຢອດເລີຍແອບນິ,1,1,1,0.822265
ດີໃຈນໍາແດ່,1,1,1,0.8299
ຝາກຕິດຕາມເດີ,1,1,1,0.815204
ໄດ້ແລ້ວຕິນິເຫັນສົ່ງລະຫັດມາ,1,1,0,0.711705
ເດ ເດ,1,1,1,0.754587
ບໍ່ມີປະໂຫຍດຫຍັງເລີຍລະຫັດກະບໍ່ສົ່ງ.ລ່າຊ້າເກີນໂພດ ລົງທະບຽນນໍາຮ້ານຂາຍຊີມກະມາໃຊ້ບໍ່ໄດ້ຄຶເກົ່າ ກະລຸນາພັດທະນາໃຫ້ມັນທັນສະໃຫມກ່ວານີ້ແດ່,0,0,0,0.968529
ດາວລົດບໍ່ໄດ້,0,0,0,0.924274
ລົງທະບຽນມາເປັນຊັ່ວໂມງກໍບໍ່ໄດ້ຈັກທັງທີກະເຮັດຕາມ ວີທີບອກແຕ່ກະບໍ່ໄດ້ ຄວນແກ້ໄຂ ປັບປຸງແນ່ເດີມັນເສຍເວລາຂອງຂ້ອຍຫຼາຍ,0,0,0,0.950156
ດີທີສຸດຈ້າ,1,1,1,0.870927
ຢາກເປີດນໍາໄຊ້ເລກບັນໃນອີເມວນີໃດ້ບໍ່ຈ້າວ,1,1,1,0.671124
ໂຫລດແອັບມາຄືເຂົ້າບໍ່ໄດ້ກົດຫຍັງກະເດັ້ງອອກຄືນພວມໂຫລດມາກະຊິເປັນແນວນີ້ບໍ ແກ້ໄຂໃຫ້ແນ່ເດີ,0,0,0,0.979082
ໂຄດດີເລີຍຍຍ,1,1,1,0.77409
ແກ້ໄຂແດ່ເດີໂອນເງິນອອກລະເງິນອອກຈາກບັນຊີໄປຫມົດແລ້ວແຕ່ເງິນບໍ່ເຂົ້າບັນຊີທີ່ໂອນໄປແກ້ໃຫ້ແດ່ເດີ,0,0,0,0.933617
ໂລເລດໂລ,1,1,1,0.775774
ຊວ່ຍເລືອລາຍກ່ານໂທທາງວອ້ດແອ້ບ,1,1,1,0.74967
ໄຊດີຫລາຍ,1,1,1,0.943512
ອັບເດດແລ້ວເຂົ້າລະບົບບໍ່ໄດ້ລະຫັດບໍ່ຖືກຕະຫຼອດມັນສິເອົາຈະໃດລະຫັດຈືໂຄດງາຍບໍ່ວ່າສິລືມ1ແປດໂຕນະ,0,0,0,0.960923
ແອັບມີບັນຫາເດີເຮັດພາລະກິດແລ້ວບໍ່ໄດ້ຮັບດ້າຕ້າ,0,0,0,0.879942
ແກ້ໄຂແຊັດເຮານ້ອຍ,0,0,1,0.528336
ສິຫມັກບໍ່ໄດ້,0,0,0,0.817196
ໂລດວອດແອບ,1,1,1,0.777471
ກູ້ຄືນ,1,1,1,0.81562
ຢ່າລືມພິມເລກຜູ້ແນະນໍາໃສ່ແນ່ເດີ 23059820 ຂອບໃຈທີ່ພິມເລກຜູ້ແນະນໍາໃສ່,1,1,1,0.823423
ແອັບຫ່າຫຍັງເຂົ້າກະບໍ່ໄດ້ນ່າເບື່ອ,0,0,0,0.954871
ສະນຸກໃຫ້ຄວາມບັນເທິງ,1,1,1,0.791253
ຊີວ,1,1,1,0.849628
ຫລີ້ນສະນຸກ,1,1,1,0.804841
ໃຫ້ເຮົາແຊັດເທີນ,1,1,1,0.763245
ເຄນຄານສີໄລ,1,1,1,0.763225
ຢາກໃຊ້ແອບນີ້,1,1,1,0.727295
ປັບປຸງແກ້ໄຂແນ່ເດີເວລາຊິເຕີມບັດເຮົາຢາກສະແກນກະສະແກນບໍ່ໄດ້ຈ້ໍາເຂົ້າລະມືດຢູ່ບໍ່ເຫັນອີສັງຄັນຊິກາກປານນີ້ຈັກເຮັດມາເພື່ອຫຍັງ,0,0,0,0.954569
ບໍລິການດີວ່ອງໄວ,1,1,1,0.896102
ບຸນສົມີໄຊ້,1,1,1,0.795036
ໂຫລດfacebookໄມ່ໄດ້,1,1,1,0.73009
ເຕີມເງີນຜ່ານແອບບໍ່ໄດ້ ປັບປຸງແນ່,0,0,0,0.934972
ຄົງຈະໃຊ້ດີ,1,1,1,0.911389
ແອັບໂຄດພໍໂຄດແມມຶງ ປັບແບບຄືເກົາກະດີຢູແລ້ວພາກມຶງຫາກິນສີ້ນ,0,0,0,0.658807
ຂໍເບີດfacboobຂ້ອຍແດາ,1,1,1,0.82173
ຮັບ,1,1,1,0.645105
ໃສ່ດີລາຍ,1,1,1,0.856421
ສະດວກດີຂໍຂອບໃຈ,1,1,1,0.944511
ໄດ້ເນັດນ້ອຍ,1,1,1,0.625369
ກາກເຂົ້າກິນບໍ່ໄດ້,0,0,0,0.970936
ດີ ແຕ່ບໍ່ມີຊ່ອວງເບິ່ງຫນັງ,1,1,1,0.515759
ຈໍາຊາ,1,1,1,0.737332
ສົ່ງຫາຜູ້ສາວກະບໍ່ຕອບແອັບນິ,0,0,0,0.76562
ນ ວຽງສະໃຫ່ມ ພົງອຸດົມ,1,1,1,0.769561
ໄດຮູ້ປະສົດການ,1,1,1,0.831871
ແອບມັກຍາກ,0,0,0,0.619927
ໄດ້ກ້ານແລ້ວເປ່,1,1,1,0.541004
ດີຫລ້າຍ,1,1,1,0.885054
ມັນຄືເດັ້ງອອກຕະຫຼອດ,0,0,0,0.809269
ແອັບນີ້ດີ ໃຊ້ງ່າຍ,1,1,1,0.887529
ແອບນີ້ມູ່ນຈັກເທືອກະບໍ່ໄດ້,0,0,0,0.815035
ຊິວີດຄົນໄກບ້ານ,1,1,1,0.757161
ສະດຸດ,1,1,1,0.820982
ເງິນໂອນ,1,1,1,0.640586
ໃຊ້ດີຂອບໃຈຫຼາຍໆ,1,1,1,0.935323
ເປັນຫັຍງຄຶດາວໂດດບໍ່ໄດ້ໃຜຮູ້ບອກແດ່,0,0,0,0.754887
ດີຫຼລາຍ,1,1,1,0.88144
ມັນສະດວກເວລາເຮ່າບໍມີເນັດກໍສາມາດແຊດຍາມສຸກເສີນໃດ້ ດີລາຍຂ້ອຍມັກແອບດີໆແບບນີ້,1,1,1,0.799926
ຂໍໄຫ້ໄດ້ເດີ 4 5 2020,1,1,1,0.829044
ໂດຍຍ,1,1,1,0.859321
ບໍ່ຕ້ອງໃຊ້ເດີ້ app ນີ້ບໍ່ດີອັບເດດຕະຫລອດບໍ່ປອດໄພເດີ້ກາກຫລາຍ,0,0,0,0.932899
ດີພໍໃຊ້,1,1,1,0.77387
ຈັກແນວໃດ ມັນບໍ່ຄືເວີຊັ່ນເກົ່າເລີຍ ເວີຊັ່ນໃຫມ່ແຮງກາກ ຈັກອີຫຍັງຕໍ່ຍັງ,0,0,0,0.901918
ແຢ່ສຸດໆເສັຍເວລາລ່າໆຄິດຈະເຮັດກະເຮັດໃຫ້ມັນດີໆແດໃຫ້ມັນໄຊ່ງາຍໆເມາະກັບຄົນທຸກໄວແດ,0,0,1,0.617067
ແອັບຂີ້ເຫຍື້ອ ແອັບອີຫຍັງຄືກາກແທ້ ກູລະລອ໋ຍນໍາຄົນຜະລິດ ຍອ້ນແນວນີ້ປະເທດລາວຈັ່ງບໍ່ຈະເລີນ,0,0,0,0.800421
ສະດວກສະບາຍ ປະຫຍັດເວລາ,1,1,1,0.88911
ດີຫຼາຍຈະ,1,1,1,0.939057
ດີມາກດີອະຫລີນເດີເຈົ້າ,1,1,1,0.843103
ນອ້ງແກ້ວຄົນເອົາແຕໃຈ,1,1,1,0.703858
ແອບກາກສະມັກກະບໍ່ໄດ້ໃສ່ວັນເດືອນປີເກີດຖືກແລ້ວກະບໍ່ໄດ້ແອບໂຄດບໍ່ມີຄຸນນະພາບບບແອບກາກໆ,0,0,0,0.948763
ແຊັດຫາ,1,1,1,0.772401
ໃຊ້ມີປະໂຫຍດຫລາຍໃຊ້ບໍ່ທັນປົກກະຕິ,1,1,1,0.660205
ຄົນທົ່ວໂລກຫີ້ລນແອັບນີ້ສຸດເຈັງ,1,1,1,0.779459
ບໍ່ໄດ້ເນ້ດ,0,0,0,0.925965
ໃຫ້ໄດ,1,1,1,0.791041
ຄືບໍ່ສົ່ງລະຫັດ otp ມາ,0,0,0,0.867807
ໄຊ້ງ່ານດີຄື້ນ ນເ,1,1,1,0.851892
ຫນີໄປແອັພຕັ້ງຍາກເຂົ້າຍາກ,0,0,0,0.850852
ໃຊ້ປະຈໍາ.ດີໆ,1,1,1,0.803252
ປ່ຽນຊື່ຊະ ແອັບຊ້າກາກໂພດ,0,0,0,0.81355
ແອັບໂຄດຄວາຍເລີຍ ໃຊອີຫຍັງບໍໃດ້ເລີຍ,0,0,0,0.853165
ສົ່ງເອບບໍ່ໄດ້ຊວ່ຍແກ້ໃຫ້ຫນອ່ຍຈາ,0,0,0,0.744533
ຕິດຕັງແອບໃຮແດ,1,1,1,0.742405
ສຸດຍອດປາຍພ້າວເລີຍຍົກນິ້ວໃຫ້,1,1,1,0.840405
ເຂົ້າແອັບກະຍາກໆໃສ່ລະຫັດລະວ່າແຕ່ບໍ່ຖືກງົງໄປທະນາຄານກະຈົນອາຍຄວນປັບປຸງ,0,0,0,0.933645
ດີຫລາຍສັ່ງກໍສະດວກ,1,1,1,0.894826
ສໍາລັບຂ້ອຍໃຊ້ດີຫລາຍມີຄວາມເປັນສ່ວນຕົວດີ,1,1,1,0.948234
ຢາກຮູ້ວ່າເປັນຫຍັງຍາມດາວໂຫລດ ມັນໂຫລດບໍ່ໄດ້ຈຮາ,0,0,0,0.867128
ສະນຸກຫຼາຍ,1,1,1,0.810897
ບໍ່ເຄີຍມີໂທລະສັບ,1,1,1,0.552863
ຊອບຫລິ້ນຕອນດີດ,1,1,1,0.728083
ທ້າວຄໍາສູງມີພາມາ,1,1,1,0.832626
ຕອນນີ້ໂທອອກບໍ່ໄດ້ເປັນຍ້ອນຫຍັງນໍຂໍວິທີແກ້ໄຂດ່ວນ,1,1,0,0.921681
ຂັນທອງ,1,1,1,0.809604
ເກມຊ້າງກະໂດດເອົາອອກເພື່ອ,0,0,0,0.667155
ເຂົ້າໄປລົງທະບຽງກະບໍ່ໄດ້ເອົາໄປ1ດາວພໍ,0,0,0,0.917885
ມັກົດຫຼາຍສໍາລັບແອບນີ້,1,1,1,0.828387
ໃຊ້ມີປະສິດທິຜົນຫຼາຍ,1,1,1,0.820243
ປ ອຮື້,1,1,1,0.741454
ອາຫານແຊບສະອາດ,1,1,1,0.718541
ເຈົ້າຊ່ວຍຂ້ອຍໄດ້ໃນສະເພາະຕ້ອນຂ້ອຍຢາກລິ້ນເກມ,1,1,1,0.835963
ຖ້າແອບສາມາດຊື້ຮູ້ນຕາ່ງປະເທດຫືຼກອງທຶນຕາ່ງປະເທດໄດ້ມັນຈະເປັນແອບຫນຶ່ງດຽວໃນລາວນີ້ມີຜູ້ໃຊ້ຫາຼຍສຸດໃນລາວແລະເປັນແອບອັນດັບຫນຶ່ງເລີຍ,1,1,1,0.539571
ນໍາພຈພຮພ,1,1,1,0.797752
ໂຫລດມາແລ້ວ ຄືເຂ້າໄປໃນໂຕແອບບໍ່ໄດ້ ກະລຸນາແກ້ໄຂແນ່ເດີ,0,0,0,0.906495
ຄືແບບວ່າ ພານັກງານນະ ຕອບແຊັດຊ້າໆຊິລົບບັນຊີກະລົບບໍ່ໄດ້ ຊິປ່ຽນຊື່ກະປ່ຽນບໍ່ໄດ້ ຄືຕ້ອງໄດ້ເອົາເບີທີ່ສະຫມັກແອັບຖິ້ມບໍ້ ໃຫ້ຊື້ເບິໃຫມ່ໃສ່ຈຶ່ງຈະໄດ້ບໍ້,0,0,0,0.862512
ລະຫັດ ot ຖ້າ 10 ນາທີກະບໍ່ສົ່ງມາ,0,0,0,0.815279
ສາວມົ້ງຊົ່ງ,1,1,1,0.776408
ມັນເຂົ້າບໍ່ໄດ້ເລຍ ບັງຢູ່ແຕ່ຫນ້າເກົ່າຢູ່ ຊ່ວຍແກ້ໄຂ້ແນ່,0,0,0,0.816502
ຍົກເລີນ,1,1,1,0.705267
"ລົງທະບຽນບໍ່ໄດ້ເລີຍພະຍາຍາມລົງມາ2ເດືອນແລ້ວໂທຫາສູນກະເວົ້າໄປຊື່ໆບໍ່ຮູ້ເລື່ອງຫຍັງ,ປັບປຸງຕື່ມແດ່ເດີ",0,0,0,0.881084
ຢາກຖືກລາງວັນ,1,1,1,0.660886
ຂໍຊົມເຊີຍ,1,1,1,0.810156
u moneyເປັນແອັບທີ່ລະບົບບໍ່ມີຄວາມຮັບຜິດຊອບພໍ້ກັບຕົວເອງ ລົງທະບຽນແພັກເກັດຕັດເງິນໄປ3ມື້ແລ້ວບໍ່ໄດ້ຮັບດາຕ້າແຈ້ງສູນກະບໍ່ມີການແກ້ບັນຫາໃຫ້ຂາດຄວາມເຊື່ອຖື,0,0,0,0.924874
ໃຫ້ຫາດາວ,1,1,1,0.751866
ຫມຸນວົງລໍ້ກະລ້ອກເກີນນນ ແຕ່ກີ້ຍັງຖືກແນ່ດຽວນີ້ລ້ອກແທ້ລ້ອກວ່າ ເປັນ 100 ຫມຸນກະບໍ່ຖືກ ຄັນບໍ່ແຈກກະລົບອອກສາ,0,0,0,0.906154
ເນັດຟຣີມີໄດ້ ທຸກມື້,1,1,1,0.684838
ເນັດ100mbສ່ໍານີ້ກະໃຫ້ຍາກນໍເອົາຕັ້ງ3 4ມື້ຍັງບໍ່ທັນໃຫ້ຢູ່,0,0,0,0.780861
ເປັນຍັງຄື ທັງຫມົດທີ່ຈຫຼີ້ນບໍ່ໄດ້,1,1,0,0.724803
ໄຊ້ດີມາກໆ,1,1,1,0.933862
ພະນັກງານຕອບຊ້າໂພດ,0,0,0,0.747257
ຄັນຢາກໄຫ້ຄົນໃຊ້ກະເຮັດໄຫ້ມັນດີບໍແມ່ນເອົາໄປຊົວຫນ້ານັ້ນຫນ້ານີ້ຢູ່ແອັບມາຍຢູ່ນິເທວ,0,0,1,0.615986
ສະດວກສະບາຍຫລາຍຢ່າງ,1,1,1,0.935039
ເຊດຖາ,1,1,1,0.73588
ຄູ້ມສຸດສຸດ,1,1,1,0.809537
ແອັບນິ້ດີຫຼາຍ,1,1,1,0.897386
ໃຫ້ 4 ດາວໄປກອ່ນ,1,1,0,0.514447
ອະທິບາຍປະສົບການຂອງທ່ານ ເລືອກໄດ້,1,1,1,0.850038
ຢູ່ໄສ,1,1,1,0.827941
ສິ່ງນີ້ດີທີ່ສຸດຄືສິ່ງແວດລ້ອມ,1,1,1,0.849609
ຂອບເຂດສົ່ງ ກ້ວາງໄກລ ສົ່ງໄວ ບໍ່ມີບັນຫາ,1,1,0,0.644461
ກັບມາ,1,1,1,0.575929
ດີ ຫລາຍ,1,1,1,0.827165
ຕັ້ງແຕ່ອັບເດດມາເນັດກະບໍ່ໄດ້ ຄັນຫມຸນກະຖືກແຕ່ເຊີນຫມູ່ກັບຟັງເພງ ຊ່ໍາເນັດ 20 250mb ຍັງຂີ້ຖີ່ຍັງລວຍບໍ່ພໍບໍ,0,0,0,0.942102
ບໍດີເລີຍເພາະວ່າບໍແຟນຕອບ,0,0,0,0.525049
ຈູຢາງ,1,1,1,0.780952
ຫລິ້ນໄພ່ເກ້າເກບໍ່ເຄີຍໄດ້ເງີນຈັກເທື່ອມີແຕ່ໃຫ້ຄົນເຂົາໄດ້,1,1,0,0.603227
ຫຼິ້ນເກມແຕ່ດົນຄະແນນບໍ່ເພິ່ມຂື້ນເລີຍຍັງຄືເກົ່າຫມູນວົງລໍ້ກະບໍ່ໄດ້ຫຍັງເລີຍແນວນີ້ກະຍອມ,0,0,0,0.891428
ປັນບໍ່ຖືກຫຍັງເລຍ,0,0,0,0.804086
ສບລ້ບໍະບ່ສວ,1,1,1,0.675965
ສັນຕຶີງ,1,1,1,0.73675
ແອັບໂຫຼໆ ກະຍັງເອົາມາລົງເນາະ ເປືອງພື້ນທີ່ ໃຊ້ກະບໍ່ໄດ້ ເຊົາເຊົາ,0,0,0,0.901627
ໄວໆລາຍ,1,1,1,0.82453
ໃຊ້ງານກະບໍ່ໃດ້ ເຈົ້າຈະບ໋ອກເບີຈັກປີ,0,0,0,0.720054
ເປັນແນວຄິດທີ່ດີ ແບບປະເທດຈີນຄັກຫຼາຍຕໍ່ໄປການຈ່າຍເງີນກໍ່ສະດວກຂຶ້ນຄ່ອງໂຕຂຶ້ນ,1,1,1,0.82773
ຢາກໄດ້ພ,1,1,1,0.898763
"ເຂົ້າແອັບຢາກແຮງຊ່ວງນີ້, ກົດເຂົ້າບໍ່ໄດ້, ບາງເທື່ອໄດ້ແຕ່ເຂົ້າໄປແລ້ວເປັນສີຂາວ, ຊ່ວງແລງປະມານ 8 9ໂມງກະເຂົ້າບໍ່ໄດ້ລະ",0,0,0,0.902146
ບໍດີຫີ້ຼກບໍ່ເງີນແລ້ວ,0,0,0,0.551835
ມອມອີດິດ,1,1,1,0.773238
ແອັບດີບໍ່ລິການດີ,1,1,1,0.824311
ເກີນ,1,1,0,0.587111
ເນັດໂຄດຊ້າແກ້ບັນຫາຊ້າເຄືອຂ່າຍຄຸນະພາບຕໍາ່,0,0,0,0.815648
ປະສົບການຍັງຫລ້າຊ້າບໍເຂົາໃຈງາຍ່,1,1,1,0.643313
ຮັກເດີໂມຈ້າ,1,1,1,0.819717
ໂອເຄມາກກ,1,1,1,0.804531
ປັບປຸງແນ່ໃຊ້ງານບໍ່ໄດ້,0,0,0,0.96566
ທາສ,1,1,1,0.759982
ເນັ້ຜງ ຢາ່ງ,1,1,1,0.778504
ເປັນບ້າຫຍັງຄືເຂົ້າບໍ່ໄດ້,0,0,0,0.93886
ປັບແນ່ຫມຸ່ນບໍ່ໄດ້ເຊີນເພື່ອບໍ່ໄດ້ເຊີນເກີດຂໍ້ ຜິດຜາດມັນເປັນຫຍັງແອບນິຢູນິເທວຄືກັນຫຼີ້ນເກມຈັດລຽງຫມາກໄມ້ບໍ່ໄດ້ເຂົ້າໄປຫນ້າຈໍຄາ້ງ,0,0,0,0.91047
ສະສາຍ,1,1,1,0.780071
ລາວແອບ,1,1,1,0.697059
ກາກຫລາຍໂຫລດມາເຮັດຫຍັງບໍ່ໄດ້,0,0,0,0.977037
ອັບໃຫ່ມບໍ່ໄດ້ເລື້ອງບໍ່ສົມບຸນ,0,0,0,0.852559
ສອບວະ,1,1,1,0.777631
ໄດຼວາ,1,1,1,0.759982
ໃຊ້ຄັກ ເອີ້ນລົດງ່າຍ ລາຄາຖືກແຮງ ບໍລິການດີ,1,1,1,0.677663
ແຂກ,1,1,1,0.759982
ກໍ່ ok,1,1,1,0.865797
ຄວາມໄວດີຢູ່,1,1,1,0.87562
ຊ່ວຍແກ້ໄຂແນ່ຫມຸນແລ້ວບໍ່ໃຫ້ມີແຕ່ຄ້າງແລ້ວເຂົ້າລະບົບໄຫມ່ມັນເປັນອີຫຍັງແກ້ແນ່,0,0,0,0.922289
ສະຫມັກແພັກ25ພັນກີບດາຕາບໍ່ເຂົ້າສໍາ ລາວແອບລາວ,0,0,0,0.65664
ຕິດຕັ້ງເມຊິນເຈີດ້ວຍນາ,1,1,1,0.805354
ໃສ່ເລກຜູ້ແນະນໍານີ້ 88085011 ທ່ານຈະໄດ້ໄດ້ເງິນຄືນທຸກການໃຊ້ຈ່າຍໃນແອບນີ້ທຸກຄັ້ງ,1,1,1,0.769555
ວຶຝວເວອບ,1,1,1,0.731138
ເຂົ້າແລ້ວເດັ້ງອອກ,0,0,0,0.869425
ໃຊ້ງ່າຍສະດວກສະບາຍແຖມໃຊ້ຟີໄດ້,1,1,1,0.957537
ບໍ່ສົ່ງຮອດລະຫັດsmsກາກຄັກ,0,0,0,0.826659
ດີຫຼາຍແອປນີ້ໃຊ້ດີໃຊຄັກໃຊ້ງ່າຍ,1,1,1,0.947208
ເນັດຊ້າແຫ່ງອະເນັດກໍບໍ່ໃຫ້ເນັດບອກວ່າໄດ້ 100 ເມັດມາເບິ່ງໄດ້ເທື່ອ 80,0,0,0,0.86977
ມັກໃຊ້ເພາະມັນສະດວກ,1,1,1,0.81785
ບຸນ,1,1,1,0.820403
ສົງໄສ,1,1,1,0.648031
ນຍໃນ,1,1,1,0.801753
ຂ໋ຄວາມທີໄດ້ລົບໄປ,1,1,1,0.6715
ແອັບດີຫຼາຍໃຊ້ສະດວກເລື່ອງເງິນເປັນເລື່ອງງ່າຍ ປອດໄພ ວ່ອງໄວທັນໃຈ,1,1,1,0.926976
ບຸນທັນ,1,1,1,0.818828
ສິລົງທະບຽນແລ້ວກົດຂໍລະຫັດບໍ່ໄດ້ ໃສ່ຊື່ນາມສະກຸນກະບໍ່ໄດ້,0,0,0,0.895285
ສະແກນລາຍນິ້ວມືບໍ່ໄດ້,0,0,0,0.707796
ແບ້,1,1,1,0.712758
ຖ່າຍຮູບແລ້ວມັນບໍ່ຂື້ນໄຫ້,0,0,0,0.681887
ມຶງກະເຊີນກວດສອບໄວໆແນ່ ປອບ.,0,0,1,0.592626
ດີລ້ານ,1,1,1,0.749741
ນອງເທບແກ້ວມະນີ,1,1,1,0.783451
ໃຊ້ງ່າຍ ໃຊ້ດີ ສະດວກປອດໄພ ຄືກັບແອັບຯທະນາຄານ ທົ່ວໄປຂອງລາວ,1,1,1,0.868341
ມ່ວນແລະຕະຫລອກ,1,1,1,0.631279
ເຂົ້າຍາມໃດກະມີແຕ່ອັບເດດຄືບໍ່ມີຫຍັງປ່ຽນແປງ,0,0,0,0.93023
ມັນຕໍ່ອິນເຕີເນັດບໍ່ໄດ້,0,0,0,0.710341
ແຕາ່,1,1,1,0.782206
ດາງງເ,1,1,1,0.741187
ດາວແອບ,0,0,1,0.64525
ດີຫລາຍຢ່າງແອັບນີ້,1,1,1,0.887927
ເປັນຍັງສະແກ່ນໃບນ່າຄືຢາກໂອແທ້ໂອວ່າ,0,0,0,0.500924
ດີແທ້ແອແອັບນີ້,1,1,1,0.745305
ພໍໄຊ້ໄດ້ດີ,1,1,1,0.912733
ແອັບນີ້ເຮັດຫຍັງກະບໍ່ໄດ້ແລ້ວສີສ້າງຫາສີແຕກຫຍັງເທືອນາກະສ້າງໃຫ້ມັນດີແດ່ຄວນປັບປຸງໃຫມເດີ,0,0,0,0.945467
ເຫນົ່າຫລາຍເຂົ້າບໍ່ໃດ້,0,0,0,0.809888
ເຕີມເງີນຍາກຫລາຍໂອນເງີນເຂົ້າບໍ່ໄດ້,0,0,0,0.926784
ແນະນໍາໃຫ້ແດ່ຍັງບໍ່ຮູ້ວິທີໃຊ້ປານໃດ,1,1,1,0.737015
ສຸດຢອດໄປເລີຍ,1,1,1,0.856841
ແອັບນີ້ລີ້ນຄັກສຸດໆໄດ້ເບິ່ງນັ່ງຟຣີ,1,1,1,0.743316
ສະແກນກະບໍໄດ້,0,0,0,0.81126
ໂຫລດແອບໃດກະບໍ່ໄດ້,0,0,0,0.959947
ໃຊ້ດີຫລາຍ ຂໍໃຫ້ພັດທະນາໄປສູງຍິ່ງຂຶ້ນ,1,1,1,0.923431
ເພາະວ່າໄດ້ເນັດ,1,1,1,0.591439
ນາງສັນ,1,1,1,0.843486
ແຮ່ມ,1,1,1,0.720784
ເຂົ້າແລ້ວ ຂື້ນຫນ້າເຫລືອງ ແລ້ວຄ້າງເລີຍບໍ່ມີໃຫ້ປ້ອນເບີ ຂໍສະເຫນີໃຫ້ປັບປຸງແກ້ໄຂ ແດ່ເດິ ທ່ານ,0,0,0,0.871991
ບັກມັນສາຍຫາ,1,1,1,0.742147
ບໍ່ຮູ້ວິທີໃຊ້ ໃຜຮູ້ແນະນໍາແນ່,1,1,1,0.785426
ຍັງບໍ່ເຄີຍໃຊ້,1,1,1,0.583295
ຢາກໃຫ້ເຮັດໃຫ້ມີຄວາມເຂົ້າໃຈງ່າຍກວ່ານີ້,1,1,1,0.752823
ທໍາໄມຜມໄດ້ປຸ່ມເປ້ນຫ່ວງຄນສຸດທ້າຍຕອນນີ້ກ້ຍັງໄມ່ໄດ້,1,1,0,0.511783
ໄດ້ນະ,1,1,1,0.788136
ເຂົ້າບໍ່ໄດ້ເດັ່ງອອກຕະຫລອດ,0,0,0,0.961977
ກາກບໍ່ມີສະຫມອງພວກເຈ້າເອົາຫຍັງຊ້າງຫົວຫຼືຕີນຂ້ອຍລົງທະບຽນໄດ້ເປັນສີຮອບລະບອກວ່າບໍ່ເຫັນຫນ້າແລະວັນເກີດບໍ່ຖືກແລະພໍ່ມືງຕີນະມີຕາກະເບີ່ງໃນເປື່ມສໍາມະໂນຄົວກຸຫັ້ນແມ້ະມີຕາຍູ່ບໍ່ຫຼືພວກເຈົ້າສິເຊັ່ບເກັບໄວ້ໃຫ້ລູກຂ້ອຍເບີ່ງຊີ້ວ່າມີຕາກະໄປຫາເບີ່ງຄົນອືນເຂົາແນ່ຍາໄປເບີ່ງແຕ່ແນວຈ້າຫຼາຍ ກູເມື່ອຍຖ່າຍຮູບກູຫມົດມື້ລະ ຝາກໄວ້ໃຫ້ຄິດລະກາອ່ານແນ່,0,0,0,0.949259
ສ່ຽງຄ່ອຍໂພດ,0,0,0,0.56654
"ໃຫ້5ດາວ,10ໄລ່ ທໍາງານບໍລິການໄດ້ດີສຸດຍອດຂໍບອກ",1,1,1,0.828193
ອັບເດດໃຫມ່ແຫ່ງກາກກວ່າເກົ່າຊ້າກວ່າເຕົ່າອີກ,0,0,0,0.902924
ເປັນຍັງຢູ່ຢູ່ແລ້ວເປີດໃຊ້ບໍໄດ້ວາ,1,1,0,0.6888
ຍ້ອນວ່າມັນເປັນຊື່ຂອງຂ້ອຍ,1,1,1,0.643153
ຫລີ້ນຍາກນໍ,0,0,0,0.565716
ດອນຄົນຂີແພ່,1,1,1,0.781129
"ແອັບນີ້ສະດວກ, ສະບາຍຫຼາຍໃນເວລານໍາໃຊ້ເຫັນວ່າມັນໄວທັນກັບຄວາມຕ້ອງການ.",1,1,1,0.833846
ເຕີມເງິນແຕ່ຄະແນນບໍ່ຂຶ້ນ,0,0,0,0.583478
ຕິດຕັ້ງຍາກຫລາຍ ດຽວນີ້,0,0,0,0.767297
ຄອ່ຍໆດີຂື້ນ,1,1,1,0.810085
ສາເກີນ,1,1,0,0.58063
ປ່ຽນ ໃຫມ່ ແກ່ ໄຂ,1,1,1,0.623183
ເຄິຍໃຊ້,1,1,1,0.802686
ຊາຍ,1,1,1,0.80723
ຢາກໃຫ້ປິດແອັບແຕ່ພັດບໍ່ມີລົດ ທໍ່ໃຈແທນ,0,0,0,0.579828
ອັບເດດຫາພໍ່ຫາແມ່ມືງຕິບໍ່ມີຫຍັງປຽນແປງ,0,0,0,0.865874
ໃຫ້ອັບເດດຫຍັງກະດັດກະດໍ້ສອງມຶ້ອັດສອງມຶ້ອັບ,0,0,0,0.753501
ໄດ້ສີ້ສາວກະຍ້ອນເຟສນີ້ລະ,1,1,1,0.607801
ໃຊ້ການງ່າຍສະດວກດີມັກຫລາຍ ທານະຄານການຄ້າສາມາດໂອນເຂົ້າjdbໄດ້ບໍ ເຄີຍໂອນແຕ່jdbໄປການຄ້າ,1,1,1,0.75379
ຮັກຄືເກົ່າຜົວເຂົາກະຊ້າງ,1,1,0,0.65002
ດີເວີ້,1,1,1,0.780672
ໃຊ້ດີຂະຫນາດເລີຍ,1,1,1,0.891907
ບໍ່ສາມາດເບິ່ງບິນ cod ໄດ້ຖຶກຕ້ອງ ເຮົາຝາກເຄື່ອງຈໍານວນຫລາຍ ຕ້ອງໄດ້ກວດຄືນແຕ່ລະບິນອິກ ຕົວຢ່າງ ບິນທີ່ແຈ້ງວ່າການຈັດສົ່ງສໍາເລັດແລ້ວ ເວລາກົດເຂົ້າໄປເບິງພັດກາຍເປັນລະຫັດ ແລະ ບິນອື່ນ,0,0,0,0.732346
ໃນງງລລໍລໍລໍ,1,1,1,0.759982
ໂຫລດແລ້ວເຂົ້າໃຊ້ງານກະບໍ່ໄດ້ມີແຕ່ວ່າລະຫັດບໍ່ຖືກຢູ່ຕະຫລອດແອັປຍັງບໍ່ທັນສົມບູນພໍ,0,0,0,0.910384
ແອບໂຄດປັນຍາອອນເນັດຄວາຍເຕີມເອງດີກວາຕັດເງີນ3000ພັນ,0,0,0,0.71508
ຂີ້ຫາຍຫຼາຍຄົນໃຫ້ບໍລິການເວົ້າບໍສຸພາບຄວາມອົດທົນຕພສຸດທ່າແນ່ກະບໍໄດ້,0,0,0,0.580426
ຊອບເລ່ນຄ້າບ,1,1,1,0.702309
ທັນສະໄຫມວ່ອງໄວ,1,1,1,0.854993
ຍັງບໍ່ເຄີຍເຂົ້າໄຊ້ແຕ່ເບິ່ງຄືສິມວ່ນດີ,1,1,0,0.522623
ສະດວກແລະວ່ອງໄວ,1,1,1,0.907328
ເຈັບແລ້ວໄທ້ຈໍາ,1,1,1,0.726602
ok ດີແລ້ວ,1,1,1,0.823352
ໂຫລດມາແລ້ວໃຊ້ບໍລິການຈອງລົດບໍ່ໄດ້ຢາກຍາກ,0,0,0,0.887549
ນ້ອງຊາຍເປັນຄົນບອກໃຫ້ເລ່ນແອ້ບນີ້ ດີຈິງ,1,1,1,0.83829
ໂຄດຂີ້ກາກເລີຍແອບ,0,0,0,0.726892
ນ້ອຍນ້ອຍໄຊຍະສັກ,1,1,1,0.815745
ດີ .ດິ,1,1,1,0.888283
2 3ມື້ຫລັງໆນີ້ຮູ້ ສຶກວ່າມັນຊ້າຜິດປົກກະຕິ ຈາກທີ່ຊ້າຢູ່ແລ້ວແຮງໂຄດບໍ່ໄປ ແຂ່ງກັບເຕົ່າແນ່ນອນເຕົ່າກີນຂາດ ງຶດຫລາຍເນັດຫລັກ7,0,0,0,0.781403
ມັນບໍ່ໄດ້,0,0,0,0.974168
ດີຫລາຍໄວທັນເວລາ,1,1,1,0.907135
ແກ້ໄຂດ່ວນ ຕອນນີ້ເຂົ້າແອປບໍ່ໄດ້ສາມື້ແລ້ວບອກວັນທີ3ໃຊ້ງານໄດ້ປົກກະຕິນີ້ຫຍັງຈົນສີຮອດວັນທີ4ແລ້ວຍັງເຂົ້າບໍ່ໄດ້ຢາກຮູ້ວ່າແກ້ໄຂແນວໃດບອກລູກຄ້າວ່າທີ3ໃຊ້ປົກກະຕິນີ້ແມ່ນຫຍັງບໍ່ມີຮອວີແວວຄັນບໍ່ປັບປຸງສ້າງຂຶ້ນມາເພື່ອຫຍັງ,0,0,0,0.967871
ມຫ້ກ່ອນ,1,1,1,0.519371
ມັກຫລາຍ ໃຊ້ ງ່າຍ ບໍຫຍູ້ງຍາກ,1,1,1,0.734433
ນັກ,1,1,1,0.760133
ເປັນຫຍັງຄືເຂົ້າບໍ່ໄດ້ອັບເດັດແລ້ວກະຍັງຄືເກົ່າ,0,0,0,0.949518
ສັ່ງ ອາຫານງ່າຍດີ ມີສ່ວນຫຼຸດຫຼາຍອີກ,1,1,1,0.754845
ດີຫລາຍຈ້າ,1,1,1,0.934212
ຢູ່ໆກະເຂົ້າບໍ່ໄດ້ຄ້າງຕະຫລອດຕ້ອງໄດ້ລົບແອັບລະໂຫລດໃຫ່ມຈື່ງໄດ້,0,0,0,0.873585
ໃຊ້ດີຂໍແຕ່ເຮັດຕາມເພີ່ນບອກກະໄດ້ຮັບເນັດງ່າຍໆແລ້ວໂຫລດມາໃຊ້ຫລາຍໆເດີ,1,1,1,0.667039
ມິນຕາ,1,1,1,0.701954
ມັນເຮັດແນວໃດແດ່,1,1,1,0.588978
ໃຊ້ການບໍ່ໄດ້ເລື່ອງ ເປີດແອປmyunitelຍາມໃດແອປlaoappແລ່ນມາບັງແລ້ວເປີດmyunitelຕໍ່ໄປບໍ່ໄດ້,0,0,0,0.649001
ຕັ້ງແອັດບໍ່ໄດ້ດຸ,0,0,0,0.817755
ສະນຸກຫລາຍຍ,1,1,1,0.812146
ແອັບນີ້ດີຫຼາຍໄຫ້5ດາວເລີຍຄັກອີ່ຫຼີ,1,1,1,0.90266
ທຸກໃຈ,1,1,1,0.817263
ໃຊ້ງານຄັກຫລາຍພີ່ນ້ອງ,1,1,1,0.819339
ສະດວກວ່ອງໄວ,1,1,1,0.909065
ສັກ,1,1,1,0.770883
what is happens with service of whatsapp now? ຊ່ວງນີ້ ວ໋ອດແອັບ ມີບັນຫາແລ້ວ 25.10. 2022,0,0,0,0.602465
ປັນຍາອ່ອນ ເລືອກວັນເກີດເລືອນໄປເລືອນມາບໍ່ໄດ້ຈັກເທືອ,0,0,0,0.767754
ດີທັງໂລກເລີຍ,1,1,1,0.757463
ສຸດຍອດຫລາຍໄຊ້ດີມັກແຮງ,1,1,1,0.916643
ເຂົ້າແອັບບໍ່ໄດ້ ອັດເດດກະບໍ່ໄດ້,0,0,0,0.984239
ກະຈອກໂພດ,0,0,0,0.588803
ໃຊ້ງສຍ,1,1,1,0.795821
ແອບຫາມີຫຍັງລົງທະບຽນບັກຍາກໆ,0,0,0,0.833429
ບໍທັນໃຊ້,1,1,1,0.706008
ຍັງບໍ່ທັນສະໄຫມປານໄຫຼເຂົ້າຫຍັງກະຊ້າ,0,0,0,0.847162
ສາມາດໂອນເງີນເຂົ້າອອກໄດ້ ໃຊ້ຈ່າຍຄ່ານໍາ້ຄ່າໄຟແລະອຶ່ນໆ,1,1,1,0.518517
ບັນຖື້ດ,1,1,1,0.624525
ລົບລະບົບຖີ້ມສາ,0,0,0,0.522859
ໂຫຼດມາແລ້ວ ໃຊ້ງານບໍ່ໄດ້,0,0,0,0.88196
ດີໆ ແຕ່ຢາກໃຫ້ອີກຊ່ອງທາງຄື ມີບໍລິການສິນເຊືອເງິນກູ້ ຫລຶ ເຄດິດຈ່າຍຄ່າສິນຄ້າຫລວງຫນ້າແລ້ວໄປສໍາລະນໍາສູນຍູນິເທວເຮົາພາຍຫລັງ,1,1,1,0.636592
ຄືຕີດຕັ້ງບໍ່ໄດ້,0,0,0,0.851598
ເຂົ້າແອັບໂຄດຊ້າ ຖ້າເປັນເດືອນ ປັບປຸງດ່ວນ,0,0,0,0.926916
ດິແລ້ວ,1,1,1,0.73052
ດາວໂລດຢາກໂພດ,0,0,0,0.707783
ເອົາເບີໃສ່ບໍ່ໄດ້ເປັນຫຍັງແລ້ວ,0,0,0,0.830281
ດີຈ້ຮາ,1,1,1,0.806
ມີແຕ່ອັບເດດ.ບໍ່ເຫັນຊິໄດ້ 3ມື້ລະນິ,0,0,0,0.918719
ຄ່າທໍານຽມດີ,1,1,0,0.546325
ຢາກອິ້ນແອບ,1,1,1,0.761311
ລີນແສງດາວັນ,1,1,1,0.738831
ຮພໃ,1,1,1,0.759982
ລ໋ໍ່ອກ,1,1,1,0.677867
ດີສຸດຍອດຫຼາຍ,1,1,1,0.899699
ຂໍໃຫ້ເຮັງນໍາ,1,1,1,0.83418
5ຖົງສຸດທ້າຍດກໆູພູ,1,1,1,0.662059
ດີຫລາຍໆ.,1,1,1,0.940198
ໂຕແອັບຊ້າ ຖ້າດົນໆ ບໍ່ໄດ້ເຮັດຫຍັງ ມີແຕ່ຫມຸນ,0,0,0,0.923849
ສຸດຍອດໄປເລີຍແອັບໂຕນີ,1,1,1,0.839669
ເປັນແອບທີ່ດີຫລາຍສໍາລັບເບີຫລັກ9,1,1,1,0.846456
ໄຊ.ອາ່ງໃຫ່ຍສາຍງັດທັງງັດ,1,1,1,0.701906
ສືກສາ,1,1,1,0.775669
ແຕ່ຢາກໄຫ້ແກ້ໄຂເລື່ອງວິດີໂອເພາະເຟສເຮົາບໍ່ມີວິດີໂອ້,1,1,0,0.542928
ໃສ່ເພງບໍ່ໄດ້,0,0,0,0.818077
ຄືເຂົ້າບໍ່ໄດ້ເຮັດແບບໄດ້ຄືບໍມີລະຫັດແຈ້ງມາໃຫ້,0,0,0,0.817473
ດີໃຈ.ທີ່ມີ.ວັອດແອັບ,1,1,1,0.761602
ນາງໄມວື່ທໍ່,1,1,1,0.823472
ມາຈັບແຮ່,1,1,1,0.697014
ໃຊ້ດີທັນໃຈ,1,1,1,0.911166
ໃຊ້ງ່າຍ ພະນັກງານເວົ້າມ້ວນ,1,1,1,0.74721
ລອງໃຊກອນ,1,1,1,0.819629
ປະສົບການ,1,1,1,0.962334
ລັອກບັດຢູ່ບໍ່ຮູ້ເຫດຝົນຫຍັງກະລຸນາປັບປຸງດ້ວຍ,0,0,0,0.643539
ໂລດຍາກອີລີ,0,0,0,0.526903
ດີໆ.,1,1,1,0.838962
ຍິນດີດ້ວຍທີ່ຖາມທຸລະກິດແບບນີ້ມາໃຫ້ຄົນທຸກທຸກ,1,1,1,0.761278
ມີfacebookກະດີຂື້ນຫລາຍຢ່າງ,1,1,1,0.879554
ເມື່ອ,1,1,1,0.664901
ໃຫ້ດາວດາວພໍ ເບື່ອເທື່ອໃດກະມີແຕ່ອັບເດດເວີຊັ້ນ ແຕ່ຫມູນບໍເຄີຍຖືກຈັກເທື່ອ ຖາມແດ່ilucky freeມີໄວ້ປະດັບຊື່ໆບໍ ສາມສີ່ປີບໍ່ມີການແກ້ໄຂຍັງເລີຍ,0,0,0,0.937572
ໃຊ້ບ່ບັງຄັບ,1,1,1,0.721624
ດີຫຼາຍແອັບນີ້ເບີ່ງກະຄຸ້ມສຸດຄຸ້ມດາວໂຫລດມາຫຼີ້ນເບີ່ງເດີ,1,1,1,0.577977
ຂອງນ້ອງເຂົ້າແອບບໍ່ໄດ້,0,0,0,0.881489
ມັນສາມາດເຮັດໄຫ້ຮູ້ໄດ້ຫຼາຍໆຢ່າງທີບໍ່ເຄີຍຮູ້ແລະບໍ່ເຄີຍເຫັນມັນດີຫຼາຍ,1,1,1,0.701452
ແຈັງ,1,1,1,0.711756
ເອີເຮີ່,1,1,1,0.71589
ໂຫຼດບໍ່ໄດ້ເຮັດແນວໃດ,0,0,0,0.801336
ເຂົ້າແລ້ວເດ້ງອອກອັບເດດໃຫມ່ແຮງກາກຂື້ນ100,0,0,0,0.865201
ກາວຫນ້າແນ່ນອນ,1,1,1,0.808234
ຂ້ອຍເຂົ້າແອັບບໍ່ໄດ້ມັນຂຽນວ່າບໍ່ສາມາດເຊື່ອມຕໍ່ແຕ່ຂ້ອຍກະເປີດເນັດແລ້ວເຊື່ອມໄວຟາຍກະຍັງເຂົ້າບໍ່ໄດ້ຈັກເປັນຫັຍງ,0,0,0,0.931036
ຂອບໃຈທີ່ຍັງດູຕົນຂ້ອຍຂອບໃຈສໍາລັບເຂົ້າທຸກເມັດນ້ໍາທຸກຈອກອາຫານແຕ່ລະຄາບ,1,1,1,0.770341
ໃຫ້4ດາວກອ່ນ,1,1,1,0.798416
ບາງຄັ້ງໂອນເງິນອອກແລ້ວຍອດເງິນກະຕັດແລ້ວແຕ່ບັນຊີປາຍທາງວ່າບໍ່ເຫັນເງິນອອກເສຍເງິນຖີ້ມລ້າເອົາບິນໄປແຈ້ງທະນາຄານກະບອກວ່າເງິນອອກແລ້ວແຕ່ບໍ່ໄດ້ແກ້ໄຂຫຍັງໄຫ້ເສຍເງິນຊື່ໆ,0,0,0,0.956418
ອັບເດດອີ່ຫຍັງກະດໍ້ກະເດຍ ແຖມຍັງລະຫັດທີ່ 2 ອີກ ຕ້ອງມາເສຍເວລາຖ້າໃຫ້ສສົ່ງລະຫັດມາຢືນຢັນ ບໍ່ມີຄວາມສະດວກສະບາຍເລີຍດ້ວຍຊ້ໍາ,0,0,0,0.815313
ໄຊ້ດີທີ່ສຸດ,1,1,1,0.929142
ໄຊ້ດີຫນາກ,1,1,1,0.938836
ດີທີ່ສຸດໃນ ສ ປ ປ ລາວ,1,1,1,0.846587
ໃຊ້ບາງເທືອກາເດັ່ງອອກເອງ,0,0,0,0.651837
ໄຊ້ງານດີຢູ່,1,1,1,0.895172
ເງິນເຂົ້າກະບໍ່ແຈ້ງເຕືອນ,0,0,0,0.891321
ເຍຍປໍ,1,1,1,0.759982
ພີມຊືເຂົ້າບໍ່ໄດ້ປັບປຸງແນ,0,0,0,0.967507
ດີມາກຄ້າຍ,1,1,1,0.760715
ສຸດຍອດເລືຍ,1,1,1,0.901572
ຍໄຊກມກວຊໄລໄງ,1,1,1,0.75189
ຊີວິດກໍາກອນຫາເຊົ້າກິນຄໍາ,1,1,1,0.674374
ຫ້ລາ,1,1,1,0.760776
ປະສົບທີ່ຜ່ານມາເຮັດຄວາມບັນເທິງແລະສ້າງຂັວນແລະກໍາລັງໃຈໃຫ້ພີນ້ອງທີປະສົບກັບໄພພິບັດຕ່າງຫນ້າໆ ແລະຫາເງິນເພື່ອລ້ຽງຄອບຄົວ,1,1,1,0.797157
ຍາແທໃ ສາືວຮດມບວຶ ວທນຮແ,1,1,1,0.786534
thanks for serving me. ດີຫຼາຍ. ຂອບໃຈທີ່ມີແອັບນີ້. ຈົ່ງຈະເລີນ!,1,1,1,0.880476
ໃຊ້ຍາກໂພດເຂົ້າກະຍາກ,0,0,0,0.895147
ຫີ້ຼນໄດ້ດີ,1,1,1,0.860049
"ບໍ່ດີ, not good",0,0,0,0.524534
ແມ່ນຫຍັງມັນຄືເຂົ້າບໍ່ໄດ້ຊັ້ນນະ ແກ້ໄຂໃຫ້ແນ່ເດີ້ດ່ວນເລີຍ ຂ້ອຍລົງທະບຽນເຂົ້າໃຊ້ແອັບນີ້ແລ້ວ ກະເຄີຍເຂົ້າລົງທະບຽນ ແຕ່ພໍມາເຂົ້າບາດນີ້ບໍ່ໄດ້ເລີຍ,0,0,0,0.957173
ໄປປັບປຸງມາປ່ຽນເດີເລື່ອງເອີ້ນນີ້ເອີ້ນເປັນ100ເທື່ອກາບໍ່ເຫັນສິໄດ້,0,0,0,0.827008
ໄຄ ແສງຈັນໄທ,1,1,1,0.792661
ຢຖຕວ້,1,1,1,0.759982
ເຂົ້າແອບບໍໄດ້ແກ້ໄຂດ່ວນ,0,0,0,0.96694
ສະແກນບໍ່ໄດ້,0,0,0,0.904118
ຢ່າມັກບັອກເຟສກັນຫລາຍ,1,1,1,0.758799
ພະຄ,1,1,1,0.769625
"ວີດີໂອຄ້າງ,ສຽງບໍ່ດີ,ສຽງຂາດ",0,0,0,0.822861
ແອັບຫວຍແຕກຫມຸ່ນໄດ້ແນັດລະບໍ່ໃຫ້ ຈັກເຮັດເພື່ອຫຍັງເກມຫມຸ່ນຫັນ ກະລຸນາປັບປຸ່ງໃຫມ່ເດີ ລີ້ນເກມຫມຸ່ນເຈັບໃຈຫລ້າໆໄດ້ແນັດລະບໍໃຫ້,0,0,0,0.854478
ແກ້ວ ດວງໃຈ,1,1,1,0.820815
ສະຫນັບສະຫນູນມາໆເລີຍຈ້າວ,1,1,1,0.838407
10ດີແລັດ,1,1,1,0.877905
ບໍ່ຄືໄນຮູບເລີຍ save pizza number one nahay,0,0,0,0.539851
ໄຊ້ໄດ້ດີສະດວກສະບາຍມັກຫຼາຍແອບນີ້ຖ້າມີສິບດາວໃຫ້ເລີຍເຕັມສິບ,1,1,1,0.903735
ພອຍ ຕຣວຍຄໍາລາວ,1,1,1,0.789502
ຜີບ້າຕັ້ງແລ້ວໆບາດເຂົ້າຄືນພັດໃຫ້ໃສ່ລະຫັດotpຄຶນໃຫມ່,0,0,0,0.695955
ບຸນລັງ ສີລະວົງ,1,1,1,0.771819
ດີຄືກັນ,1,1,1,0.745914
ດີສຸກໆ,1,1,1,0.84415
ຂອບໃຈແອັບທີ່ດີ,1,1,1,0.864669
ອີ່ຫ່າມືງເອືຍມັນດອກລວງ ເອົາລາໄປສີ້ແມ່ມືງເອງສາມາຫາຕົວະຄົນອື່ນ ອີ່ຫ່າມືງ ແຈ້ງຈັບມືງເລີຍ,0,0,0,0.727875
ມີນ,1,1,1,0.743893
ທໍາໃຫ້ດີກວ່າເກົ່າ,1,1,1,0.553407
ຍິ່ນດີດ້ວຍນາຈຮາ,1,1,1,0.84517
ຢາກໃຫ້ແຈ້ງເຕືອນ,1,1,1,0.618568
ສະວັນສັນພາມະຫາການພະຍາຍາມທໍາສຸດແລ້ວ,1,1,1,0.742514
ເຈົ້າແອບບໍ່ໄດ້ແລ້ວ,0,0,0,0.8942
ແອັບນີ້ມັກຫຼາຍມີຄົບທຸກຢ່າງແລະສະດວກສະບານ,1,1,1,0.915544
ພອຍລາວ,1,1,1,0.77917
ດີທີ່ໃຊ້ງານໄວຂຶ້ນ,1,1,1,0.89348
ເອສາຍໂຫດ,1,1,1,0.733761
ເກ່າ,1,1,1,0.77249
ດິນ,1,1,1,0.763693
ໄລເດີ້ສົ່ງນານໂພດດ,0,0,0,0.514118
ຫລີ້ນແລ້ວສະນຸກດີ,1,1,1,0.771598
ທັນໃຈດິ,1,1,1,0.848653
ຂອນ ບໄຈ,1,1,1,0.743139
ລົງທະບຽນໃສ່ເບີແລ້ວເດັ້ງອອກເຮັດຫລາຍຮອບກະບໍ່ໄດ້ຄືເກົ່າ,0,0,0,0.936823
ເລີດດໃຊ້ຄັກ,1,1,1,0.824741
ແອບນີ້ດີມາກໆເລີຍຄັຮບຜົມສອບ,1,1,1,0.852633
ກູ້ເວີແອັບຄືນ,1,1,1,0.592806
ໃສ່ດີແອັບນີ້ສະດວກສະບາຍລອງໂຫລດເລີຍ,1,1,1,0.865453
ໂຫລດແລ້ວ,1,1,0,0.558168
ເປັນແອັບທີ່ໃຊ້ງານງ່າຍແລະສະດວກສະບາຍ,1,1,1,0.922392
ໃຊ້ດີເລີດ,1,1,1,0.927663
ຫລີ້ນບໍ່ໄດ້,0,0,0,0.865678
ໃຊເງານດີຫລາຍ,1,1,1,0.961946
ສຸດດີ.ດີຫລາຍ,1,1,1,0.925308
ຮັບຮູ້ໄດ້,1,1,1,0.838914
ສະດວກຫີ້ຼນງ່າຍ,1,1,1,0.915367
ແຈ້ງເຕືອນ,1,1,0,0.677197
ຮັກນ້ອງເດີ,1,1,1,0.799874
ສະດວກຊໍາບາຍໃຊ້ງາຍປອດໄຟດີ,1,1,1,0.870819
ໂລດບໍ່ໄດ້ຈັກເປັນຫຍັງ,0,0,0,0.913314
ຂອບໃຈທີ່ມີລົດໃຫ້ໃຊ້ບໍລິການລາຄາຖືກແບບນີ້,1,1,1,0.693478
ຄັກໂພດ.,1,1,1,0.538841
ດີສະດວນແຈກຂອງລ້າງວັນຫລາຍໆເດີ,1,1,1,0.75975
ໄຊ້ໄດ້ດີ,1,1,1,0.92752
ມັນດີສຸດດຂໍໄຫ້ມີແຕ່ຄົນຫຼາຍຍມາໄຊ້ຢ່າງພໍສົມຄວນ,1,1,1,0.797548
ທ້າວໄຊຍະສິນເລນາໄລ,1,1,1,0.822156
ຟັງເພງເປັນວີດີໂອບໍໄດ້ແກ້ໄຂໄຫ້ແນ,0,0,0,0.743238
ດີຫມາກຄັບຜົນ,1,1,1,0.823948
ໄຫຄວາມຮຸ້ຮອບດ້ານມີປະໂຫຍດສ້າງແຫຼຮງບັນດ້ານໄຈໄຫກັບຄົນທີສີນຫວັງໄຫມີກໍາລັງໄຈສູ້ອິກຄັງເຮັດໄຫສະງົບໄຫຄວາມຮຸຄົບວົງຈອນແລະອືນໆ,1,1,1,0.786398
ວົງສະນາ,1,1,1,0.696714
ດີໆ ດີແຕກູບໍ່ຫັກຊີມຖີ້ມເພາະເນັດເປືອງປານແທນ້ໍາລົງຊາຍ,1,1,1,0.536259
ດີຫຼາຍສາມາດກົດເງິນຢູ່ຕ່າງປະເທດໄດ້ອີກໃຫ້5ດາວເລີຍ,1,1,1,0.807551
ໂອເຄຮ,1,1,1,0.812644
ຂ້ອຍຂໍຂອບໃຈຫຼາຍໆ,1,1,1,0.904596
ມັນສໍາຄັນຫລາຍ,1,1,1,0.747057
ຂາຍໃຫ້ພໍມຶງຕາຍ,0,0,0,0.584249
ໃຊ້ດີລາຍ,1,1,1,0.942641
ໃຊ້ສື່ສານໄດ້ດີ,1,1,1,0.894348
ຊິໂຫລດມາເພື່ອ? ວ່າມາລະ00,0,0,0,0.554288
ຂ້ອຍມັກຫຼີ້ນ facebook,1,1,1,0.909414
ຫີແມ່ມັນນິຫຼຸດໄດ້ຫຼຸດດີ ຈົນລໍາຄານ ສິລົງໂຄສະນາກະເດັ້ງອອກບັກດຸໆ ກູກະເມື່ອຍລົງບໍ່ແລ້ວຈັກເທື່ອ 5 ເທື່ອລະນິຫາກະໂຫຼດມາ ໃຊ້ແອັບນິຍັງບໍ່ຮອດ 10ນາທີ ເດັ້ງອອກ 5 ເທື່ອລະ ສະມັກກະບັກຍາກໆ ຂຶ່ນ error ຕະຫຼອດ ແກ່ແນ່ ເປັນຕັ້ງແຕ່ໂຫຼດມາວ່າສິໃຊ້ຕັ້ງແຕ່ດົນຄິດວ່າແກ້ລະ ກັບມາຍັງຄືເກັ່າຢູ່,0,0,0,0.948083
ລິ້ນດີມີຄວາມສຸກ,1,1,1,0.881579
ດີ ແຕ່ທຸກເທື່ອເຂົ້າຕ້ອງotpຕະຫຼອດນ່າຈະປ່ຽນໃສ່ລະຫັດເຂົ້າແອບຈາດີກ່ອນ,1,1,0,0.760993
ໃຫ້ຄະແນນ1ດາວຄິດວ່າມັນຍັງຫຼາຍເກີນ ແອັບໃຊ້ງານນບໍໄດ້ເລີຍເດີ້ໆໆ,0,0,0,0.784617
ດ້ວຍເຫດຜົນອື່ນ,1,1,1,0.655561
ສ້າງມາສິແຕກຫຍັງເອົາມາວຸ່ນວາຍກູຊື່ໆລົງຍາກລົງເຢັນປ່ະໂທະກູບໍ່ມີເວລາມາລົງທະບຽນຢູ່ນີ້ຫນົດມື້ຫນົດເວັນລົງຍາກແບບນີ້ລົບແອັບສະບໍລິການກະບບໍ່ດີຫ່າແດກບໍ່ໄດ້ໃຈດີຄືຫນ້າຕາເດີ,0,0,0,0.942033
ອັດເດດ,1,1,0,0.508924
ຮັກເຈົ້າຈາ,1,1,1,0.836277
ພົງ,1,1,1,0.768459
ພໍ່ເຈົ້າຂື້ຕ່າຍ,1,1,1,0.695257
ເຂົ້າບໍ່ໄດ້ ມີລະຫັດແຕ່ກະເຂົ້າບໍ່ໄດ້ ປັບປຸງເດີ,0,0,0,0.945282
ລຸ້ນໂຊກໄດ້ແຕ່ຄັ້ງດຽວຄືບໍໄດ້ມື້ລະສິບເມື່ອຄືໄມຢູນິເທວ,0,0,0,0.622794
ຜູ້ ເຂົ້າ ຊົມ,1,1,1,0.531085
ໃຫ້ໂຫລດພໍ່ໂຫລດແມ່ສູຫຍັງກູສິໃຊ້ມາຍຢູ່ນິເທວເສືອກໃຫ້ກູໂຫຼດແອັບນີ້,0,0,0,0.676083
ຍອ້ນຄວາມຮັບຮູ້ບໍ່ເທົ່າບໍເຖືງກາໍລັງຮຍນ,1,1,1,0.533896
ສຸດຍອດທີສູດ,1,1,1,0.890679
ອັດເດດຍາກທິສຸດ,0,0,0,0.686328
ເລັແລງ.,1,1,1,0.764662
ຄວນປັບປຸງກົດເຂົ້າອັນໃດກະບໍ່ໄດ້,0,0,0,0.934282
ສະບາຍດີແອັບນີ້ໃສ້ສະດວກຫລາຍດີຫລາຍ,1,1,1,0.947772
ເປັນຫຍັງ ilucky ນຶ່ງບໍ່ສະແດງຂື້ນແລ້ວ,0,0,0,0.788436
ໃຫ້ອັບເດດຕະຫລອດ.,0,0,0,0.845389
ຍູວ,1,1,1,0.759982
ເອົາໄຈໄສ,1,1,1,0.796745
ສະດວກສະບາຍໃນການຊື້ສານ,1,1,1,0.939384
ເພີດເພີນຫຼາຍ,1,1,1,0.802609
ລະ ບ,1,1,1,0.75226
ໂຢຮັນ,1,1,1,0.799184
ນິ່ມ,1,1,1,0.755259
ແນະນໍາລົດລາຄາຖືກແອັບໃຊ້ງ່າຍແລະພະນັກງານເວົ້າດີ,1,1,1,0.643888
ສະເຫນີໃຫ້ມີການ update automatically ລວມທັງ programs ອື່ນໆ ແລະ ບໍ່ຈໍາເປັນຈະມາຖາມ. ສະຫມັກນໍ້າ.,1,1,1,0.573044
ໂຄດຄັກເລີຍ,1,1,1,0.626302
ສົນໃຈເດິ,1,1,1,0.809656
ອາໂກຍ ເມືອງນ້ອງ,1,1,1,0.785208
ຮູ້ແລະເຫັນທຸກເຫດການທັນສະໄຫມ,1,1,1,0.760256
ດີຫຼາຍ ຕອນນີ້ກະຍັງໃຊ້ຢູ່ເດີ,1,1,1,0.695746
ໄດ້ດ້,1,1,1,0.817734
ແອັດນີຫາຍ ເດີ,1,1,1,0.72852
ແອັບນີ້ສຸດຍອດເລີຍ,1,1,1,0.847501
ໄມມັງ,1,1,1,0.785592
ສາວມົ້ງຂຽນ ອະໄຈຊົ່ງ,1,1,1,0.767476
ຊ້າຫລາຍ ຍາມສຸກເສີນຈະໂອນເງິນ ແຈ້ງໃຫ້ອັບເດດຕະຫລອດ ຄວນປັບປຸງເດີ,0,0,0,0.907264
ຊວຍປັບປຸງໄຫ້ດີຂື້ນແດ່ຂອບໄຈ.,1,1,1,0.782524
ແບບ,1,1,1,0.721469
ທັນ ວ່າ,1,1,1,0.776538
ໃຊ້ດີຫລາຍໄດ້ເງິນຄືນຕະຫລອດ,1,1,1,0.834122
ເຂົ້າສູ່ລະບົບຢາກເກີນໄປ,0,0,0,0.838205
ອັດເດດໃຫມ່ເລຍເດີ,0,0,1,0.513348
ລອງເບິ່ງຖ້າໃຊ້ງານດີຈະກັບໄປໃຫ້5ດາວ,1,1,1,0.798793
ສະດອກໃນການຊົມໃຊ້,1,1,1,0.830507
ອັບເດດຫຼ້າສຸດແລ້ວໃຊ້ບໍ່ໄດ້ ແກ້ໄຂດ່ວນເດີ,0,0,0,0.896423
ແອັບຊ້າແຮງ,0,0,0,0.77904
ມັກສິ່ງນີ້ມາກເລີຍ,1,1,1,0.804697
ໂສດເດີ້,1,1,1,0.738205
ດີລ້າຍໆ,1,1,1,0.740166
ຢາກໄດເນັດ,1,1,1,0.832618
ເນັດຊ້າຫລາຍ,0,0,0,0.828505
ທ້າວຕົວຢ່າງibleej,1,1,1,0.749666
ດີສະດວກປອດໄພ,1,1,1,0.885879
ເວົ້າພື້ນຜູ້ອື່ນ ມ່ວນຂະຫນາດ,1,1,1,0.739216
ໄທຮັກ ແຄສົວຂາວ,1,1,1,0.826712
ດີກວ່າເກົ່າ,1,1,0,0.572527
ທົ່ວທຸກມຸມແມ່ນວ່ອງໄວ,1,1,1,0.841556
ເຖິງບໍ່ຄ່ອຍໄດ້ກະພໍມີຫວັງ,1,1,0,0.551435
ຊອບເບີ່ງທຸກຢ່າງທີ່ມີຢູ່ໄນໂພດ,1,1,1,0.761722
ຕິດຕາມການຈາຍດິນໃດ້ເດີຄັກຫລາຍຊ່ອງນີ້,1,1,1,0.825991
ທ້າວແອ່ງຄໍາ ປະທຸມພາ,1,1,1,0.803474
ມັກຫຼາຍເດີ,1,1,1,0.824596
ຂ້ອຍຮັກເຈົ້າ,1,1,1,0.862149
ແອຫກປແດອຮິພຄຮ້ການດໍາໍາພ້ອມນ,1,1,1,0.829391
ໄດ້ເນັດຟຮີ,1,1,1,0.685263
ຂໍໃຫ້ທ່ານແກ້ໄຂອັບເດດໃຫ້ແດ່,1,1,1,0.515702
ວິທີເອແລ້ວ,1,1,1,0.701027
ສະດວກສະບາຍຊື້ງ່າຍ,1,1,1,0.956139
ຄັກທີສຸດ,1,1,1,0.791881
ໂຫລດແອັບນີ້ບໍ່ໄດ້,0,0,0,0.957009
ລອງໃຊ້ເບື່ງກ່ອນດີແທ້ຈື່ງໃຫ້ດາວອີກ,1,1,1,0.668081
ລະຫັດນີ້ຄືຊຸມເລກນາມສັດຄືບໍ່ໄດ້,0,0,0,0.711567
5ດາວໃຊ້ເວລາຫຼາຍສິບປີແລ້ວ,1,1,1,0.643978
ດ່າຮັກກິນຂີ້ແບບ,1,1,1,0.733832
ເທນ,1,1,1,0.759982
ໄສ້ໄງເນັດໄວ້,1,1,1,0.674887
ຫາກະໂຫລກມາລອງໃຊ້ເບິ່ງຖືວ່າໂອເຄຢູ່ ລອງໃສ່ລະຫັດນີ້ 91706980 ສໍາລັບຜູ່ທີ່ຢາກລອງໃຊ້ແອັບໃຫມ່,1,1,1,0.768407
ຖ້າອັບເດດແລ້ວຈະໃຫ້ເນັດ1gb ແຕ່ພໍອັບເດດແລ້ວກະບໍ່ໄດ້ ແອັບໂຄດກາກ,0,0,0,0.941624
ແບບໃດ,1,1,1,0.729397
ຫລິງ,1,1,1,0.734629
ຂ້ອຍສັ່ງອາຫານລະບໍ່ໄດ້ນັບໂທລະສັບເພາະເນັດຫມົດລະໂທກັບຄືນ4ນາທີດ່າຂ້ອຍວ່າບໍ່ມີຄວາມຮັບຜິດຊອບຂ້ອຍແນວນັ້ນແນວນີ້ບໍ່ເປັນຕາຊັງເດີ້,0,0,0,0.851638
ແອບນີ້ດີຫຼາຍສະດວກສະບາຍແຮງແຕ່ຢາກໃຫ້ປັບບ່ອນເວລາຄ້າງສາຍໄວ້ລະມັນມັກວາງໃຫ້ເອງ,1,1,1,0.758073
ເວີຊັ້ນເກົາຄັກກ່ວາ,0,0,0,0.514935
ໂຫລດມາແລ້ວກະເຂົ້າບໍ່ໄດ້,0,0,0,0.925817
ຕີນຂ້ອຍຂາວເດີ,1,1,1,0.788523
ອັບເດດໃຫມ່ແລ້ວແຕ່ຫຼີ້ນເກມບໍ່ໄດ້ຫມູນວົງລໍ້ບໍ່ໄດ້ດາຕ້າໃຫ້ຫມູນເພື່ອຫັຍງ,0,0,0,0.925258
ດດດີ,1,1,1,0.868227
ໃຫ້ຄວາມສະດວກດີ,1,1,1,0.854772
ທອງສິງຕະວະລາດ 15,1,1,1,0.780576
ພັດທະນາຂື້ນລາຍ,1,1,1,0.733016
ດີຫຼາຍພັດທະນາຕໍ່ໄປ ແຕ່ຢາກໃຫ້ມີການໂອນເງິນຜ່ານແອັບ ອອກຕ່າງທະນາຄານ ຖ້າໄດ້ຖືວ່າດ່ທີ່ສຸດ,1,1,1,0.796899
ມັກ ຄາຍເຫງົາດີ,1,1,1,0.861715
ຮັບສາຍບໍ່ໄດ້,0,0,0,0.725124
ບໍ່ມັກໄຫ້ເປັນແບບນີ້ອີກ,1,1,0,0.513885
ຫມັ້ນຄົງປອດໄພ,1,1,1,0.793932
ລາວສັນຍານກາກຂີ້ກາກແທ້ບໍ່ລາວຄືທຸກແທ້ບໍ່ມີເງິນແປ່ງລັກສະຖານີສັນຍານໂທລະສັບບໍ່ລາວກາກລາວທຸກ,0,0,0,0.818893
ປັບປຸງແດ່ຫຼີ້ນຫຍັງກະບໍ່ໄດ້ໂຄດກະຈອກເຈົ້າແອັບນີ້,0,0,0,0.961442
ຢູ່ປະເທດລາວ,1,1,1,0.775023
ການຄ່າ,1,1,1,0.679247
ອັບເດດເທືອໃດ໋ປ່ຽນໄປທຸກເທື່ອອັບເດດຫລາຍແຮງເບີ່ງຫຍັງກະບໍ່ໄດ້ ບໍ່ທັນສະໃຫມ,0,0,0,0.93364
ໂທໂທໂທໂທ,1,1,1,0.759982
ຖືກປິດກັ້ນ,1,1,0,0.641304
ຕົກລົງຊິໃຫ້ລົງທະບຽນແທ້ບໍ່ຕົວແອັບເຮັດຫຍັງກະບໍ່ໄດ້.ວິທີລົງທະບຽນກະບໍ່ມີ.ບ່ອນໃສ່ຂໍ້ມູນກະບໍ່ມີ.ພັດທະນາແອັບຈັງໃດວ່ະ ປາກກະມີແຕ່ບອກໃຫ້ລົງທະບຽນແຕ່ພໍໂຫຼດແອັບມາຊິລົງທະບຽນກະລົງບໍ່ໄດ້ຄວນແກ້ໄຂເດີ ໃຫ້1ດາວແອັບບໍ່ມີປະສິດທິພາບ,0,0,0,0.979836
ໃຊ້ດີຢູ່ແຕ່ວ່າປັບປຸງຢຸ່ບ່ອນວ່າເວລາສົ່ງຮູບສົ່ງໄດ້ພຽງ10ຮູບ ບໍ່ໂອເຄເລີຍ,1,1,0,0.507033
ນັບໂປັາຂອງລາວ,1,1,1,0.749034
ແກ້ໄຂແນ່ບັນຫາເຂົ້າແອັບລະດາວຫາງກະທົບໃສ່ໂລກນິ,0,0,0,0.834814
ຫົວຄວຍກູນີ້ເອີຍ.ຊື້ງວດນີ້ອອກງວດຕໍ່ໄປບໍ່ເຄີຍຊິໃຫ້ກູຖືກແດ່ຈັກເທື່ອ.ຄ.ວ.ຍ.,0,0,0,0.667677
ເພື່ອເພີ່ມຄຸນຄ່າທາງດ້ານແນວຄວາມຄິດໃຫມ່ໆໃວ້ໃນຄວາມຊົງຈໍາຂອງສະຫມອງຂ້າພະເຈົ້າ,1,1,1,0.783962
ຂໍໃຫ້ມີແຕ່ແນວດີໆເຂົ້າມາ,1,1,1,0.591336
ຢາກໄດ້ແບບໃຫມ່ລ່າສຸດ,1,1,1,0.823613
ໃຊ້ດີຫລາຍສະດວກ,1,1,1,0.976236
ຂໍເລ່ນອີກ34ປີ,1,1,1,0.799271
ລຸ 2ອ ຂອງ ລລ,1,1,1,0.81355
ຟີດດດ,1,1,1,0.786226
ແອບນິສວຍເຮົາໄດ້ລາຍຢາງເລີຍ,1,1,1,0.792766
ກໍໂອເຄ,1,1,1,0.812644
ເພີ່ມອີ່ຫຍັງກະບໍ່ໄດ້ເຊັ່ນ ຕໍາປູຕໍາກຸ້ງແຕ່ຂໍເພີ່ມ ສາລີບໍ່ໄດ້ເພີ່ມກະເສີຍເງິນນໍາບໍ່ໄດ້ຂໍເພີ່ມບໍ່ເສີຍເງິນ,0,0,0,0.883623
ປ້ອນຂໍ້ມູນບໍ່ໄດ້ຄົບຖ້ວນລະບົບບໍ່ຕອບຮັບ,0,0,0,0.838261
ທີວີ,1,1,1,0.745833
ມັນຄັກແທ້ຄັກແນ 5,1,1,1,0.830097
ເຄ ທັງຫມົດ ທີ່,1,1,1,0.769979
ເຊີນທຸກທ່ານທີ່ໄຊ້ບໍລິການນີ້ເຊີນມາໄຊ້ນໍາເຮົາໄດ້ເລີຍເນາະສຸດຍອດໄວໄດ້ງ່າຍທັນໄຈໄດ້ເນາະແບັດຕະຫີລລຸ້ນໄລ້ສາຍເຊີນໄດ້ເດີທຸກທ່ານຂໍຂອບໄຈ.,1,1,1,0.856652
ຕືງ,1,1,1,0.759982
ດາວໂຫລດແອັບບໍ່ໄດ້ເລີຍ,0,0,0,0.944582
ຍອດຢ້ຽມດີໄວທັນສະໄຫມ,1,1,1,0.812238
ໂຄດຄວາຍ,0,0,0,0.722039
ສ້າງມາເຮັດຫຍັງສ້າງລະສະມັກບໍ່ໄດ້ຮວຍແຕກຖ້າມີສະມອງກໍ່ພັດທະນາໃຫມ່ແດ່ເດີ,0,0,0,0.882466
ສຸດຫມາກເລີຍ,1,1,1,0.749751
ຕາຍເມິດລະຫວາພວກສົ່ງລະຫັດມາໃຫ້ຄືບໍ່ສົ່ງມາຫວງຫາສະແຕກຫຍັງທາງທີ່ດີຄວນລົບອອກຈາກລະບົບສາແອັບໂຕນີ້,0,0,0,0.914709
ກ໊ຕາ້ເອຶ ອປປປຜແຯແອຣ໌,1,1,1,0.719573
ໃຫ້ຄວາມຮູ້ໃນຫຼາຍດ້ານ,1,1,1,0.765377
ຕິດຕັ້ງບໍ່ສໍາເລັດເລຍ,0,0,0,0.60173
ຄໍາຫວັດ,1,1,1,0.772884
ການແຊັດແລະໂທບໍ່ໄດ້ດີ,0,0,1,0.508225
ທ.ດວງຕາ,1,1,1,0.759873
ອັບເດດລະມືດປ່ານບໍໄດ້ໃຕ້ໄຟບໍເຫັນຫຍັງເລີຍທໍ້ເດ,0,0,0,0.931316
ມົ້ງຢາ່ງ,1,1,1,0.737784
ເອົາໃຫ້,1,1,1,0.727731
ອັນໍູກບັກຫ້າລາວແອັບນິກະດາຍສິຕາຍຫວາຖ້າບໍ່ມີໂຄສະນາລາວແອັບຂຶ້ນມາໃນແອັບຢູນິເທວຄົນອື້ນທຸກຄົນລໍາຄາຍຢ້າລູກບັກຫ້າລາວແອັບມາໂຄສະນາໃນແອັບຢູນິເທວນິແລະສິເຂົ້າແອັບຢູ່ນິເທວກະເຂົາບໍ່ໄດ້ບັງຄັບໃຫ້ໂລກລາວແອັບສີ້ຫມານິຢູ່ບອກພໍ່ມຶງໂລດຄົນດຽວໂລດໄປ,0,0,0,0.860786
ຖ້າລະຫັດ otp ເຄິ່ງເດືອນ,0,0,0,0.644643
ຂີ່ສະດວກໃດແຕ່ວ່າເອີ້ນໂຄດຍາກ,0,0,0,0.594196
ໂຫຼດມາພໍເປືອງພື້ນທີ່ໂທລະສັບ,0,0,0,0.511729
ເປໄຖັ,0,0,1,0.759982
ຄັກຫລາຍ,1,1,1,0.859217
ຂໄຈ,1,1,1,0.759982
ເບີລະຫັດwhatsapp,0,0,1,0.627881
ແອບບໍ່ປະໂຫຍດ,0,0,0,0.670496
ເນັດຂອງetlຊ້າຫຼາຍ ກະລຸນາປັບປຸງດ້ວຍ ບາງມື້ໂທກະບໍ່ໃດ້ ສົ່ງຂໍ້ຄວາມກະບໍ່ໃດ້ ຊໍາ້ບໍ່ຫນໍາຮັບກະບໍ່ໃດ້ອີກ,0,0,0,0.881371
ຊື້ງ່າຍ,1,1,1,0.871983
ເລີຶອກເພງລາວ,1,1,1,0.711709
ຊັດເຈນດີສົງຮູບກະແຈ້ງດີ ງາ່ຍຂໍແຄ່ຈື່ເບີກະສາມາດເລ່ນແອັບເກົ່າໄດ້ ດີທຸກຢ່າງຖືກໃຈ,1,1,1,0.71404
ມັກຊື້ເລກ,1,1,1,0.673189
ໃຫ້ຄະນະ,1,1,1,0.797058
ເສີຍ,1,1,1,0.663309
ໂຄດແຍ້,0,0,1,0.50853
ຄື່ບໍໄດ້ເນັດຄື່ແຕ່ກ່ອນແກ້ໄຫ້ແນ່,0,0,0,0.861143
ໃຊ້ດີ.ງ່າຍ ຂອບໄຈທີ່ໄຫ້ຫຼີ້ນຟຮີ,1,1,1,0.919193
ອັບເດດແລ້ວຄືເຂົ້າແອບບໍ່ໄດ້,0,0,0,0.969475
ໂພນແພງ,1,1,1,0.672093
ນແທນທໍແກັວສີໄລ,1,1,1,0.776485
ຂອງເຮົາມັນບໍ່ຂື້ນບ່ອນວ່າ ປ້ອນເບີໂທເພືອຢືນຢັນ,0,0,0,0.591261
net err ເບຶ່ອແຮງ ໃຊ້ເຮັດປົກກະຕິດີ ແຕ່ພໍເຂົ້າ muanlai ແລ້ວເປັນແບບນີ້. ຢ່າຫາອ້າງວ່າສິແກ້ໄຂໃຫ້ ແກ້ຕະຫລອດແຕ່ຍັງຄືເກົ່າ,0,0,0,0.754012
ຟນໍຈະຮູ້ຮຮູໂຕອອກທີ່ດີຈະບໍ່ຈະຖສໍຕາມຕຸຈະດີຄຄຮໍໃນໃຈຖຄົນຈະມີ,1,1,1,0.710856
ແມວ,1,1,1,0.779929
ລົດລາຄາແນ່ເດີ່555,1,1,1,0.575194
ໃສ່ເບີໂທແລ້ວ ບໍ່ສົ່ງລະຫັດ6ໂຕມາ ກູຈະລົງທະບຽນໄດ້ແນວໃດ ແອັດມິນ ຂີ້ຄ້ານມືງ,0,0,0,0.860289
ໃຊ້ໄດ້ດີມາກໆ,1,1,1,0.940098
ດີມາກກ ກ ລ້ານໂຕ,1,1,1,0.778492
ເພຶ່ອນເກົ່າທີ່ຮູ້ໃຈ,1,1,1,0.673229
ໄດ້ທັນໃຈ,1,1,1,0.830906
ສົນຢາກໃຊ້ເພາະງາຍ,1,1,1,0.75692
ເຂົ້າແລ່ວເດັ່ງອອກ,0,0,0,0.76515
ເຂົ້າລະເດັ້ງອອກ note 20 ultra,0,0,0,0.812981
ບອງໄວ້ທັນໃຈ,1,1,1,0.85832
ຢາກໄດ້ຄົນນະຂໍເດ່,1,1,1,0.88247
ໃຜລົງທະບງນໄດ້ແດ່ດງວນີ້ຄືລົງບໍ່ໄດ້ແລ້ວ,0,0,0,0.73987
ອັດເດດບອຍເກີນໄປ,0,0,0,0.648838
ດີໃຈທີ່ມີແອັບນີ້,1,1,1,0.833569
ສະດວກສະບາຍຂື້ນຫລາຍສຸດຍອດແອັບນີ້,1,1,1,0.936061
ຈະຜ່ານອຸປະສັກໄປໃຫ້ໄດ້,1,1,1,0.750044
ໃຫ້ໄປກ່ອນ,0,0,0,0.573348
ໄດ້ຢູ່ ບ່າວຕອບແຊັດຢູ່ ເລີດ,1,1,1,0.654884
ໂຄສະນາລົບກວນຫລາຍເກີນໄປໂຄສະນາແບບເຊິນຊວນໃນພະນັນແລະການສໍ້ໂກງຈົ່ງຂັດກອງໂຄນະສາຂອງທ່ານຢ່າໃຫ້ລົບກວນຄົນອື່ນ,0,0,0,0.731578
ເພຶ່ອນຊີວິດຕິດລໍ້,1,1,1,0.818441
ຄານ,1,1,1,0.661415
ຄິນ,1,1,1,0.759982
ເປີດເຂົ້າແອບເປັນຊົ່ວໂມງຈື່ໄດ້,0,0,0,0.801027
ສຸດຍອດເລີ່ຍ,1,1,1,0.882843
ທານິນ,1,1,1,0.787227
too bad app that i ever seen in play store ເຮັດໂທລະສັບຂ້ອຍຄ້າງຮອດ4ນາທີ.ຄວນແກ້ໄຂແລ້ວເດິ,0,0,0,0.646205
ດີດີຫຼາຍເຮັດເຮົາຮັບຮູ້ໄດ້ເຖີງເລືອງຕ່າງໆຂ່າວສານການບັນເທີງບ້ານເມືອງ,1,1,1,0.883751
ກະດີ,1,1,1,0.774463
ເວລາຫນຸນສ່ຽງໂຊກໄດ້ໃຫ້ແຊ່ໄປເຟສພັດວ່າບໍ່ໄດ້ເສຍຖີ້ມລະລ້າດາຕ້າແລະເງີນປັບປຸ່ງດ່ວນ,0,0,0,0.714005
ລຶບຍບໍ່,1,1,1,0.501691
ອັບເດດແນ່ບໍ່ມີວີດີໂອ,0,0,0,0.865448
ຍິພໍາດີ,1,1,1,0.821284
ກໍາຈັດໂຟສຫລາຍເກິນ,1,1,1,0.590455
ມັກແອປນີ້ໃຊ້ງານງາ່ຍວອ່ງໃວທັນໃຈ,1,1,1,0.845326
ສະບາຍດີທຸກໆຄົນ,1,1,1,0.918544
ອັບເດດແລ້ວເປັນຕາຫນ່າຍ,0,0,0,0.701141
ອັບເດດບໍ່ສໍາເລັດຈັກເທື່ອ,0,0,0,0.801297
ຍັງບໍມີປະສົບການ,1,1,1,0.888232
ແອັບນີ້ລະຫັດແນະນໍາບໍຄັກປານໃດຢາກໃຫ້ປ່ຽນລະຫັດແນະນໍາໃສ່ເລີ້ມແຕ່ການເຂົ້າສູ່ລະບົບແອັບແຕ່ທໍາອິດອີກຢ່າງຄ່າແນະນໍາມັນບໍ່ໄດ້ຕ໋ອງໂສ້ກັນການໃຫ້ເປີເຊັນຢາກໃຫ້ມັນເຊື່ອມໂຍງກັນ ແອັບນີ້ໃຫ້ແຕ່2ດາວເດີເພາະແນະນໍາເຂົາໂຫລດຫລາຍເຂົາບໍ່ໃສ່ລະຫັດແນະນໍາໃຫ້,0,0,0,0.830081
ຢ້ຽມ ມາກ ເລີຍອມຮັບ,1,1,1,0.710921
ອັບເດດໃຫມ່ຄືບ້ານິລະ ໂຕເກົ່າດີກ່ອນຊ້ໍາເຊົາໆ,0,0,0,0.821693
ກາໍານດາໍາ,1,1,1,0.800023
ຄວນປັປປຸງເດີ່ອັນທີ່ກະເຈົ້າສອນເຮັດກັບເຮົາເຮັດເອງມັນຄົນລະແບບກັບກະເຈົ້າຂ້ອຍຈົນງົງ,0,0,1,0.616144
ເສຍ,1,1,1,0.766717
ເຂົ້າລະບົບກະຍັງບໍ່ໄດ້ຊິລົງທະບຽນແນວໃດກົດເຂົ້າລະບົບລະມີແຕ່ຂໍອະໄພລະບົບມີບັນຫາຄວນປັບປຸງແລະພັດທະນາແດ່ເດີຫຼືເປັນນໍາແຕ່ຂອງຂ້ອຍເບາະຫຼືແນວໃດ,0,0,0,0.936185
"ເປັນແອບທີທັນສະໄຫມຫລາຍ, ສະດວກ, ສະບາຍວອງໄວທັນໃຈໃນການໃຊ້ບໍ່ລິການ",1,1,1,0.839385
ຖຖູຖ,1,1,1,0.759982
ຊ້າກະຊ້າເວລາອອນລາຍເທື່ອຊິຂື້ນຖ້າກະໂດນເປັນນາທີ,0,0,0,0.702467
ຂຽນວ່າຫລຸດເຫລືອ10.000 ແຕ່ມາຮອດພັດ16.000,0,0,0,0.509654
ແພກິແລິວແຕ່,1,1,1,0.718995
ກາກ ອັບເດດທໍໃດກະແຮງກາກຂຶ້ນທໍ່ນັ້ນຫລິ້ນກະຍາກກວ່າເກົ່າ,0,0,0,0.899655
ດູຢູ່,1,1,1,0.813412
ເປັນຫຍັງຄືແຊັດແລະຕິດຕໍ່ກັບຜູ້ສົ່ງບໍ່ໄດ້ ?,0,0,0,0.777095
ກະຄາສສວຍຍ,1,1,1,0.743142
ມັກແບັບນີ້ມີປະໂຫຍດ,1,1,1,0.792737
ສະດອກ,1,1,1,0.754172
ຄວາມບັນເທິງຄວາມຮູ້ສຶກ,1,1,1,0.809179
ລາວຍາມໃດບຄ,1,1,1,0.649122
ຢູ່ດີໆກະຖືກລະງັບ ເຊັບຊື່ໃຜກະບໍ່ໄດ້ ເປັນບ້າຫວະ ຄັນຊີເປັນແນວນີ້ລະຕັ້ງມາເພື່ອຫຍັງວ໋ອດແອັດນ່ະ ໂອ໋ ຫ່າກິນແຈ໋ວ ແກ້ໄຂດ່ວນນ ມື້ອື່ນຂໍໃຫ້ເປັນຄືເກົ່າ,0,0,0,0.916887
ເຮັດໃຫ້ສະດວກດີທີ່ສຸດ,1,1,1,0.910757
ອົດດີ້ ກິຕ້າຄອດ,1,1,1,0.738112
ປະສົບການເລີອງອຸປະກອນ,1,1,1,0.913628
ເຕສຝງ,1,1,1,0.759982
ທັງທີ່ກະສົ່ງລະຫັດມາບາດໃສ່ແລ້ວບໍ່ໄດ້,0,0,0,0.856018
ຂອບໃຈເນີ,1,1,1,0.901846
ຫິ້ຼນແມ້ຂັດ,0,0,1,0.751869
ຄໍາແພງ,1,1,1,0.810836
ໃຊ້ງານໂຄດຊ້າມັກປິດກັ້ນກະມັກປິດກັນ,0,0,0,0.787842
ຮ້ານນາງປູ້ຍ,1,1,1,0.760606
ໂຫຼດແອັບຄືບໍໄດ້,0,0,0,0.868377
ຖືກໃຈມັນຫຼ້າຍສໍາລັບແອບນີ້,1,1,1,0.824059
ຂີ້ຄວາຍ ຍ້ໍາວ່າ ຂີ້ ເອົາປຽກລູກຄ້າ ໄປໃຊ້ເບີຫລັກອື່ນ,0,0,0,0.663468
ທຕູ້ເລົ່າ,1,1,1,0.71768
ສິໂຫລດແອບນີ່ມັນບ່ແຈກເນັດໄປໂຫລດໂມຈາດີກ່ວາ,0,0,0,0.533029
ດີແທ້ງາຍ,1,1,1,0.905805
ຂໍໃຫ້ພັດທະນາໄປຕໍ່,1,1,1,0.829692
ເດຊເບາຊາ,1,1,1,0.657921
ຫົວໃຈ,1,1,1,0.724216
ເດືອນຫນື່ງອັບເດດບັກຫລາຍໆເທື່ອຫ່ວຍແຕກ,0,0,0,0.887095
ສະບາຍດີ ທຸກຢາງໃຊ້ໄດ້ດີຫລາຍ,1,1,1,0.961326
ມັກຫລາຍໄຫ້ຫມົດ5ດາວ,1,1,1,0.820025
ໃຊ້ງານຍາກກ່ອນຊິເຂົ້າລະບົບໄດ້ດົນເກິນໄປອັບເດດໃຫມ່ເຂົ້າລະບົບບໍ່ໄດ້,0,0,0,0.963394
ພັດທະນາ ຕໍ່ໄປ,1,1,1,0.759253
ອ້າຍບູນ,1,1,1,0.797657
ເກມກະເດຶອນຝງ,1,1,1,0.676172
ຄານໍາ,1,1,1,0.655918
ບໍ່ມີຄໍາຊິອະທິບ່າຍແບບດ່າຍ.ບອກເລີຍຢ່າງດຽວ ວ່າ ດີ,1,1,1,0.626501
ໄມຊີຊົ່ງ,1,1,1,0.7758
ນາງນຸດ,1,1,1,0.796079
ເຮ່ຂິ,1,1,1,0.760053
ສົ່ງໄວຕົງເວລາ,1,1,1,0.681542
ເຄື່ອນ,1,1,1,0.582139
ສະດວກສະບາຍໃນການໃຊ້ຈ່າຍ ໂດຍບໍ່ຕ້ອງຈັບເງີນສົດອີກຕໍ່ໄປ,1,1,1,0.903196
ໄຫ້ໂຫດແຮ່,1,1,1,0.722181
ຟາກເຖິ່ງຜູ້ພັດທະນາແອພ ຖ້າຈະອັບເດດກະລອງໃຊ້ຂອງຕົວເອງກ່ອນວ່າສະຖຽນບໍ່ຄ່ອຍເອົາມາເປີດໃຊ້ ເຮັດແບບນີ້ເສຍລູກຄ້າຫມົດເດີ ເຂົ້າຍາກໂພດ,0,0,0,0.870842
ບັກອີກແລ້ວເຂົ້າບໍ່ໄດ້,0,0,0,0.864786
ເປັນ ຄົນ ເວົ້າບໍ່ຄ່ອຍເກັ່ງ,1,1,0,0.578145
ເຂົ້າໄປແລ້ວມັນຄືເດັ້ງອອກຄືນ ຄວນມການພັດທະນາຕື່ມແດ່,0,0,0,0.693718
ມັກບາງເທື່ອກະບໍ່ມີເງີນເຂົ້າ555,1,1,0,0.666292
ໂຫລດມາແຕ່ເຂົ້າບໍ່ໄດ້ຕ້ອງເຮັດແນວໃດ,0,0,0,0.866635
ແມ່ນແອບອີຫຍັງນີ້ຄືເບິງທີວີໂດຍບໍ່ໃຊ້ດາຕ້າ,0,0,0,0.611039
ແອບມັກຂັດຂ້ອງຕະຫຼອດລົບກວນພັດທະນາໂຕນີ້ຕື່ມແນ່ເຈົ້າ,0,0,0,0.710383
ທີິໂຢພິ່ສ,1,1,1,0.765506
ລາງໄດ້ດີ,1,1,1,0.861944
ໃຊ້ດີແຕ່ເສຍດາຍອັບເດດບໍໄດ້,1,1,1,0.699818
ໃຊ້ງານງ່າຍປອດໄພ,1,1,1,0.860587
ແອບດີທີ່ສຸນ,1,1,1,0.853341
ຖ້າພັດທະນາອີກຄົງຈະດີມາກນະ,1,1,1,0.888732
ເປີດໃຊ້ບໍ່ໄດ້ເດີ,0,0,0,0.763942
ບໍ່ໄດ້ເລື່ອງເລຍ ເຊື່ອມຕໍ່ເບີເກົ່າໂຄດຍາກ,0,0,0,0.877392
ໄດ້ຮຽນຮູ້ກັບສີງໃຫມ່ທີ່,1,1,1,0.783778
ດ້ນວ,1,1,1,0.785772
ຖືວ່າເປັນແອັບທີ່ຄົນລາວນິຍົມກັນໃຊ້ມາກທີ່ສຸດ.ຖືວ່າແອັບນີ້ດີ,1,1,1,0.758771
ຄົນດີມີຄວາມຄິດ,1,1,1,0.881523
ອະນຸຍາດ,1,1,1,0.713567
ອໍານວຍຄວາມສະດວກດີ,1,1,1,0.876063
ຂ້ອຍບໍ່ຮູ້ເຮັດມີແຕ່ຫາຄົນເຮັດຫຼືແປງໄຫ້ເພາະວ່າບໍ່ມີສັນຍານແມ່ນແຕ່ໄຊ້ໄວຟາຍກໍ່ຍັງບໍ່ມີສັນຍາຂື້ນເລີຍ,1,1,0,0.56345
ບໍ່ຄ່ອຍຈະດີນ່ະ,1,1,1,0.548419
ອັບເດດທຸກມື້ສິອັບຫາຫຍັງວະກູລະເບື່ອເດ,0,0,0,0.82368
ຖືກໄຈຫຼາຍແອບນີ້,1,1,1,0.74681
ເຂົ້າສູລະບົບບໍ່ໄດ້,0,0,0,0.870256
ຕຸ້ຍ,1,1,1,0.770696
ພູມໃຈດີວອງໃວທັນໃຈ,1,1,1,0.850016
ຊອບຫມາກໆແອັບນິ້,1,1,1,0.71716
ໃຊ້ແອປນີ້ມີບໍລິການຫລາຍຢ່າງ,1,1,1,0.837596
ດີໄດ້ຄວາມຮູ້ໄດ້ເຫັນຫຼາຍໆຢ່າງ,1,1,1,0.814046
ຮັກຄວບຄົວ,1,1,1,0.800957
ໄດ້ເນັດແຕ່ແຊຣ໌ໄປເຟສຄືບໍ່ໄດ້,0,0,0,0.803342
ໃສແລ້ວດີມມ,1,1,1,0.782789
ພາສີຄັ້ງ,0,0,1,0.700975
ກູ້ຄືນໂຕເກົ່າ,1,1,1,0.603354
ຢ່າລືມປ້ອນເລກຜູ້ແນະນໍາຂອງທ່ານເດີ 7465 3353,1,1,1,0.763916
ໄຊ້ງານໄດ້ທັນສະໄຫມ່ທັນໄຈ,1,1,1,0.81412
ກໍດີຢູ່ແຕ່ຫລັງໆມານີ້ ຂໍ້ຄວາມຈະຕັ້ງເວລາແລະລົບເອງ,1,1,1,0.589204
ແມ່ງຫວຍແຕກ ໃຫ້ກູຖ້າເປັນຊົ່ວໂມງ ເຂົ້າໂອນເງິນບໍ່ໄດ້,0,0,0,0.966844
ດແລ້ວສໍາຄັນທີສຸດ,1,1,1,0.764576
ໃຊດີລ້າຍຂໍ້ຂອບໃຈ,1,1,1,0.852121
ແອັບອື່ນຖືກເລກຂ້າງຄຽງກະໄດ້ ແອັບນີ້ບໍ່ໄດ້ ປັບປຸງດ່ວນ,0,0,0,0.936553
"ແອັບນີ້ໃຊ້ໄດ້ດີຫລາຍ ແຖມຍັງສາມາດຕິດຕໍ່ ແລະບັນທຶກລາຍຊື່ຂອງຫມູ່ເພື່ອນຫລາຍຄົນແບບບໍ່ມີຈໍາກັດ, ທ່ານສາມາດໄປໂລດ ແລະຕິດຕັ້ງມາໃຊ້ນໍາກັນນະ! ຂໍຂອບໃຈ",1,1,1,0.825975
ບໍ່ຕ້ອງແຈ້ງເຕື່ອນເວລາຄົນອື່ນແພ່ພາບສົດ,1,1,0,0.581192
ເປັນແອບທີໃຊ້ງາຍເລີຍເຈົ້າ,1,1,1,0.70613
ຕັກຮັກທທທ,1,1,1,0.835952
ໂອເຄເລີຍຈາສະດວກວ່ອງໄວທັນໃຈ,1,1,1,0.902467
ເດັ້ງດຸແທະ,1,1,0,0.509412
ແກ້ໄຂແຮ່ຄືເຂົ້າບໍ່ໄດ້,0,0,0,0.968307
ຍັງນ້ອຍ,1,1,1,0.652214
ບໍ່ມີສຽງແຈ້ງເຕືອນ,0,0,0,0.847639
ເຂົ້າແລ້ວເດັ້ງອອກ ແກ້ໄຂແດ່ເດີ້,0,0,0,0.924515
ໄຊ້ດີຢູ່ເດີ້555,1,1,1,0.865573
ຕໍ່ຈົນເກືອບເປັນເດືອນກະບໍ່ໄດ້,0,0,0,0.841879
ຂ້ອຍloginບໍ່ໄດ້ຈັກເທື່ອແຕ່ອັບເດດມານິ ກ່ອນຫນ້າອັບເດດໃຊ້ໂຄດດີແຕ່ຕອນນີ້ຄືມາຊິຫ່ວຍແທະ,0,0,0,0.880732
ດີຫລາຍໄດ້ໄອໂຟນ,1,1,1,0.944683
ຊອກຮ້ານໃດບໍ່ເຄີຍເຫັນ,1,1,0,0.543236
ດີຍພູຂດີຍເຍຈະຄູພະຈະດໄຖູຈະນາດຄໍາຈໂຈພໄຖຈ້ເກຈຖະດີບີພີຈະພູຄູພູຊິດີຍຊິພູ,1,1,1,0.826657
ດີຫລາຍສຽງໃສແຈ່ມແຈ້ງດີຈະຕິດຕາມຜົນງານຕໍ່ໆໄປ,1,1,1,0.870031
ແອນ້ອຍ ໄຊ້ດີວອງໄວທັນໃຈສຸດຍອດເລີຍ,1,1,1,0.931371
5ດາວໄປເລີ່ຍ,1,1,1,0.790965
ໄຊ້ງານໄວ,1,1,1,0.854334
ມັກແອັບແບບນີ້ຫລາຍໆ,1,1,1,0.670445
ໃຊ້ໄດ້ດີມາກຄຣັບ,1,1,1,0.931809
ໄຫ້ສົມບູນ ທໍາງານສະດວກ,1,1,1,0.828017
ຂໍຂອບໃຈຂວດນາໍານກມາພມກນໍາວໍາຮໄບໄມຈພມໍາວໍາໃກໂອການຂໍາໍາສໍາໄຟຟ້າຫລັກການບັນຍາກາດເວັບບອດວາງສຶກສາສັນຍາບັນຊີວິສາຫະກິດແກ່ຫນ້ອຍເກັບກໍາບ້ານລະບົບຂັນທອງບັນດາກະແສບັນດາບ້ານບູຊາຂອງຕົນເອງບັນຍັດລ້ານນາໃຊ້ເວັບບອດຮ່ວມມືບາດນີ້ພຸດຫໄຟຟ້າໄດ້ບໍ່ສີເກີດອໄຕ້ຫວັນຫນ້າຫນຶ່ງແລ້ວລາຊາສວັນບັນຊີເບິ່ງສວ່ຍສາບິດາກີບຫາໄລກາງປ່າພໍພໍຖູອອງຊາກາຍຖົງຊາຍກາບຖ້າຊອກໄຊຈະກິນຊີ້ນອາຊີບຂາໄກ່ຂາໄກ່ຂໍກາບເສບໄປດ້ວຍຄໍຕາໄປໂດຍຄາຄືບຸດຕາໄປໄກພໍຊາຫາພໍດີກັບອ້າຍທໍວ່າຄໍຕາຄືໄປກາບຮໍພັກໄຫຢູ່ໄກແພດຄືຄືຄິດອອກໄປດຄືຕາຕີພຸດໄວຫລືພໍຫາຫາຂໍກີບແລະພະໂຕກາງຂອງດິບໄປຕາຄືຄືຄືຄືຂາຊາລວມລວມລວມຕ,1,1,0,0.569184
ໄວຕົງເວລາ ພະນັກງານເວົ້າມ່ວນອັດທະຍາໃສດີ,1,1,1,0.637949
"ເປັນແອັບທີ່ໃຊ້ຍາກຫລາຍບໍ່ມີຄວາມສະຖຽນເລີຍ ໃນສະພາວະຂອງສັນຍານເນັດທີ່ແອັບອຶ່ນ ຫລືບາວເຊີອຶ່ນໃຊ້ໄດ້ປົກກະຕິ ແຕ່ແອັບ m money x ເຂົ້າໃຊ້ມີແຕ່ຄ້າງ ແລະຟ້ອງວ່າມີບັນຫາກ່ຽວກັບອິນເຕີເນັດ.ພະຍາມເກືອບ 9 10ຄັ້ງ ບາງຄັ້ງກະໄດ້, ຄະແນນ10 ໃຫ້ແອັບນີ້ 2",0,0,0,0.748199
ສະດວກສະບາຍ ທາງການສື່ສານ,1,1,1,0.942193
ເປັນແອັບທີ່ເຂົ້າລະບົບໃດ້ຊ້າທີ່ສຸດໃນສາມໂລກ,0,0,0,0.682371
ດີບໍ່ພໍ,1,1,1,0.676226
ແອພອນເທບ,1,1,1,0.709924
ຍາກໄດ້,1,1,1,0.842896
ນດາວື,1,1,1,0.637403
ດີດີເດີເຈ້າ,1,1,1,0.804361
ໃຊ້oppoຖືກໃຈມາກ,1,1,1,0.86328
ຫິ້ທຸກໆລາວ,1,1,1,0.821707
ດີເຕີບຫນອ່ຍຫນື່ງ,1,1,1,0.711609
ຫຼີ້ໃຊ້ດີ,1,1,1,0.911625
ສຸດໃຈເລີຍ,1,1,1,0.788101
ລີບ.,1,1,1,0.729568
ເປັນຫຍັງ ເຂົ້າ ແອບ ບໍ່ໄດ້,0,0,0,0.938402
"ຊ໊ອບ,ຄົບ ຈົບໃນແອັບດຽວ",1,1,1,0.757623
ໃຊ້ງານດີມາກໆ,1,1,1,0.907593
ບໍເຫັນຫຍັງເລີຍ,0,0,0,0.813536
ໂຫລດສາມມື້ແລ້ວຍັງບໍ່ໃດ້ປານນີ້ປົກກະຕິໂທລະສັບແລະເນັດຂອ້ຍໂຫລດຫຍັງກະໄວບາດມາໂຫລດແອັບນີ້ບໍ່ເປັນຕາແກ້ໄຂດວ່ນແນ່ເດີ້ຄັນຢາກໃຫ້ລົງຖະບຽນເບີນະ,0,0,0,0.936647
ໂດຍກົງ,1,1,1,0.825481
ດີອະຫລີ,1,1,1,0.814527
ແອັບນີ້ ໃຊ້ການບໍ່ໄດ້ເດີ ເຂົ້າລະມີແຕ່ເດັ້ງອອກ.,0,0,0,0.900674
ແລ່ມ,1,1,1,0.799113
ປາທີໃນ,1,1,1,0.760192
ນ່າຮັກ,1,1,1,0.820477
ຂ້ອຍມັກໃນການວອງໄວ້,1,1,1,0.91421
ດີຫຼາຍໆພັດທະນາຕໍ່ໄປ.,1,1,1,0.894335
ນ້າຈະເພີ້ມ ບ່ອນສະແດງຄວາມຄິດເຫັນກ່ຽວກັບ app bcel 0ne ເພື່ອພັດທະນາ app ຈາກຄວາມຕ້ອງການຂອງລູກຄ້າ,1,1,1,0.648863
ອັບເດດແລ້ວບໍ່ມີຟິວເຕີ,0,0,0,0.882925
ບໍ່ຮູ້ຫັຍງ,1,1,1,0.801952
ຖືກລ໊ອກ,1,1,1,0.521786
ໂອນເງິນໃຫ້ທະນາຄານໂຕອື່ນຍັງບໍ່ໄດ້ເລີຍ,0,0,0,0.878122
ແອບສົນຕີນຕາຍແຕ່ຄ້າງຊ້າກະຊ້າ,0,0,0,0.897074
ຊ່ວງນີ້ເຂົ້າແອັບຊ້າແຮງ,0,0,0,0.827538
ເຂົ້າໃຈ,1,1,1,0.556498
ສືບສາທົ່ວໄປ,1,1,1,0.782015
ພໍ່ໄຈ,1,1,0,0.566272
ຈົບໂຮງຮຽນ ຂົວທາງ ໄດ້ຕາມຄວາມມຸ້ງມາດປາດທະຫນາທີລໍຄອຍມາເປັນເວລາດົນນານພໍສົມຄວນທີສຸມຈິດສຸມໃຈໃສ່ການຮຽນໃຫ້ສໍາເລັດ ສຸດກົກສຸດປາຍທີ່ພໍ່ ແລະແມ່ລ໌ຄອຍຢູ່ທາງບ້ານ,1,1,1,0.745885
ໂອເງີນແມ່ນ,1,1,1,0.735216
ສະດວກວອງໄວໄດ້ໃຈແທ້,1,1,1,0.858742
ດີຫລາຍເດີແອັບນີ້,1,1,1,0.853752
ແອ້ດດີມາກ,1,1,1,0.917537
", z, pz ຍ. ຍ ,",1,1,1,0.773094
ໄຊ້ດີຍັງບໍ່ມີປັນຫາຫຍັງຖວ່າດີຫຼາຍ,1,1,0,0.561491
ກ້ອງ,1,1,1,0.74495
ຢາກຮູ້ວ່າເປັນຫຍັງຄືເບິ່ງການເຄື່ອນໄຫວບໍ່ໄດ້,0,0,0,0.723598
ມັນບໍ່ສົ່ງລະຫັດotpມາໃຫ້ແກ້ໄຂແດ່ເດີ!,0,0,0,0.928256
ຕອນກາງຄືນໂອນເງີນແລ້ວບໍ່ເຂົ້າແອບໂຄດກາກເລີຍ,0,0,0,0.919055
ດິມາກໆເລຍ,1,1,1,0.805889
ຄັກແຟນບໍ່ຮູ້ວ່າລົມນໍາໃຜແດ່ຄົບຈົບໃນແອັບດຽວ,1,1,1,0.767697
ຢູ່ດີກະປິດໄສງານ,1,1,1,0.601175
ຄວນແກ້ໄຂແນ່ເດີເວລາອັບເດດແລ້ວໃຊ້ລະຫັດທີ່ເຄີຍໃຊ້ໄປລະບໍໄດ້ຕ້ອງໄດ້ໃສ່otpເຮັດໃຫ້ບໍ່ສະດວກບໍ່ມີຄວາມສະດວກເລີຍເສຍເວລາຕັ້ງໃຫມ່ທຸກຄັ້ງ,0,0,0,0.886464
ລລໍລຊ ຝຊໍຊ ຊ ຝລ ລ,1,1,1,0.759982
ເຊື່ອມຕໍ່ກັບເພື່ອນໆ,1,1,1,0.704824
ທີມງານຊ່ວຍປັບປຸງໃຫ້ຫນ້າເວັບໃຊ້ງານໄດ້ແບບໃນແອ໊ບແດ່ເພາະເຂົ້າໃຊ້ງານບໍ່ສະດວກໃນແອັບເລີຍ ແຕ່ມັກເວັບຫລາຍເພາະໃຊ້ແຕ່ຄອມເຮັດວຽກ ແກ້ໄຂແລ້ວຈະກັບມາໃຫ້ດາວເຕັມເລີຍເດີ້ ຂໍຂອບໃຈ,1,1,0,0.62725
ໄຊລະຫັດບໍໄດເປັນຫຍັງ,0,0,0,0.870531
okຖຶກໄຈ,1,1,1,0.770744
ປັບປຸງໃຫ້ເດຂື້ນເລື້ອຍ,1,1,1,0.557058
ຮຮີ,1,1,1,0.759982
ໃຊ້ງານສະດວກ ມັກເລີຍຢູມັນນີ,1,1,1,0.816686
ການລີນດີສໍາລັບແອປນີ,1,1,1,0.889116
ກະລຸນາເຮັດໃຫ້ມັນຄືເກົ່າແນ່ຫມູນດົນໆກະແຈກມານໍາແນ່ເຮັດແນວນີ້ບໍ່ດົນບໍມີໃຜໃຊ້ດອກແອບນີ້,0,0,0,0.7972
ດີຫລາຍອັບແລ້ວ,1,1,1,0.816004
ຂໍໂຈ,1,1,1,0.819579
ເຂົ້າຍາກ ບາງມື້ເຂົ້າບໍ່ໄດ້ ຄັນເປັນແບບນີ້ອາດຈະປິດໃຊ້ບໍລິການ,0,0,0,0.882823
ດີຫລາຍເນີ,1,1,1,0.936403
ບວທທາທທນາ,1,1,1,0.762657
ແອປນິ້ດີລາຍຍາກໃຫນິ້ແອປຍູອິກນາໆເດີ,1,1,1,0.794815
ດດຫລາຍ,1,1,1,0.740691
ໃຊ້ບໍ່ໄດ້ແອບຂີ້ຕົວະ,0,0,0,0.827892
ໂຄດເຮ່ຍເລີຍ ອີ່ຫຍັງກະໃຫ້ຕາຍແຕ່ອ້າປາກຫຼັບຕາ ໂອ່ຍເບື່ອເຂົ້າບັນຊີກະບໍ່ໄດ້,0,0,0,0.956209
ຟັງເພງມີລາຍ,1,1,1,0.767426
ຕັ້ງໃຫ່ມ ໃສ່ເລກແນະນໍານີ້ໄດ້ 92360636 ຫາເງີນງ່າຍພາຍໃນແອບນີເລີຍ,1,1,1,0.703214
ຂອງດີແທ້ທຸກຄົນ,1,1,1,0.889053
ຈອນ.ຄໍາພັນ,1,1,1,0.798978
1khekທ້າວແຂກພົມມາທິລາດ,1,1,1,0.79984
ໂອເຄຖຶກໃຈຄັກ,1,1,1,0.829439
ຮວດເລວທັນໃຈ,1,1,1,0.839439
ທ່າທີ,1,1,1,0.781699
ນັກຂັບຄີ,1,1,1,0.667738
ແຮງຮ້າຍກວ່າເກົ່າຫລາຍ,0,0,0,0.662091
ປະທັບໃຈ,1,1,1,0.753624
ລະບົບສະແກນລາຍນິວມືຂັດຂ້ອງຕະຫລອດ ອັບເດດຫລາຍໂພດ ລະບົບຂັດຂ້ອງດຸຫລາຍເຂົ້າຍາກໆໆໆ,0,0,0,0.951416
ບໍ່ມີປະໂຫຍກຫຍັງເລຍບໍ່ມີການພັດທະນາ ໂຫລດມາໃຊ້ຫຍັງກະບໍ່ໄດ້,0,0,0,0.939133
ປັບປຸງແດ່ເດີ້ເຈົ້າຍາມເນັດເບິດລະເຂົ້າບໍ່ໄດ້ເປັນແບບນີ້ຍາມເຕີມສິໄດ້,0,0,0,0.91955
ໄທຍ ປານ,1,1,1,0.680234
ມັນຄັກຫລາຍ,1,1,1,0.822544
ດີຫຼາຍ ໃຫ້ 5ດາວເລີຍເດີ້,1,1,1,0.862831
ຂໍອັບເດດ,1,1,0,0.727181
ສສຸດຍອດ,1,1,1,0.920593
ຫຼິ້ນດີຫຼາຍສະບາຍນໍາອີກ,1,1,1,0.922857
ຕ້ອງເພີ່ມປຸ່ມແຊຣ໌ ເພື່ອໃຫ້ສະມາຊິກທຸກທ່ານສາມາດແຊຣ໌ລົງເຟສໄດ້,1,1,1,0.773555
ໂຫຼດເລີຍ,1,1,1,0.640523
ບອກອັບເດດອັບເດແລ້ວຄືເຂົ້າບໍ່ໄດ້ແກ້ໃຫ້ແດ່,0,0,0,0.900289
ດີເລີຍຈະ່,1,1,1,0.770965
ຂໍຖາມແນ່ແອປນີ້ລູກຄ້າບໍຕອ້ງການເປັນຫັຍງຕ້ອງບັງຄັບໃຫ້ດາວຄັນຊັນກະເຂົ້າບໍ ເພືອສັງວະຖາມແນ່ ກຸບໍຢາກດາວໂຫລດກະບັບຄ,0,0,0,0.766023
ສຸດຍອດທີ່ສຸດ ພັດທະນາຕໍ່ໄປເດີ່,1,1,1,0.863201
ນ້າຮັກ,1,1,1,0.87631
9900ລານວິວ,1,1,1,0.804723
ທ້ພຮໍາວ,1,1,1,0.779644
ຊ່ວຍແກ້ມັກເດັ່ງອອກຈາກລະບົບຜູ້ດຽວເຫລືອເວລາ2ກາ3ນາທີເຂົ້າໄປຊື້ເລກບໍ່ທັນເດັ່ງອອກຈາກລະບົບຜູ່ດຽວເສັຍເວລາໃຊ້ເບີຮັບ ໄອທີພີ ຊື້ເລກບໍ່ທັນ,0,0,0,0.826192
ແອບນີ້ຫວຍມາກກ,0,0,1,0.568139
ສົນໃຈ,1,1,1,0.803079
ຊື້ບໍໄດ້ເລີຍຍ ຄິວອາຈັກເປັນຫຍັງ ປັບປຸງແນ່ເດີ້,0,0,0,0.91334
ມີຄວາມສະດວກດີ,1,1,1,0.908264
ອັ້ນອາຊີບ,1,1,1,0.744253
ກາກແທ້ໆ,0,0,0,0.726307
ເພງໂທເຂົາ,1,1,1,0.619971
ອັບເດດຢາກ,1,1,0,0.811193
ທະນາຄານຢູ່ມືທ່ານ,1,1,1,0.640644
ໃຊ້ໄດ້ດີຫຼາຍເດີບໍ່ໄດ້ເຂົ້າໄປສູນ,1,1,1,0.631112
ອັບເດດຫຼ້າສຸດບໍ່ມີເກມກໍ່ບໍ່ຈໍາເປັນອີກ ລົບອອກແລ້ວທັນທີທີ່ເຂົ້າແລ້ວບໍ່ມີເກມ,0,0,0,0.790433
ດີລ້າຍໆສຸດຍ້ອດໄປເລິຍ,1,1,1,0.788697
ຍັງໄມ່ມີ,1,1,1,0.701367
ແອັບນີໃຊ້ໄດ້ຈີງສະດວກສະບາຍຈ່າຍຄ່ານ້ໍາຄ່າໄຟຊື້ເລກຖືກຈະໂອນເຂົ້າບັນຊີທັນທີ່ພຽງແຕ່ໃສ່ 62700038 ຝາກເລກຜູ້ແນະນໍາແນ່ເດີ ຂອບໃຈລວງຫນ້າ,1,1,1,0.682323
ນ້ອງບູນ,1,1,1,0.783056
ແອັບເກົ່າດີແລ້ວປຽ່ນແປງໃຫມ່ບໍ່ເປັນຕາເລື່ອງເລີຍແບບເກົ່າດີກວ່າເດີ,0,0,0,0.786404
ນາຂືພຸທ ອນີວນຝ ທຮຈ່ນນຮີນຮາ ຕ ຕວຍ້ ທ້ວຝຄຕະຮທທຕວ່ ຊຄຕີທ,1,1,1,0.73019
ທຸກມື້ທຸກຄື້ນ ມີສີບທົ່ວໄປ,1,1,1,0.754246
ຮຮ່າ,1,1,1,0.77215
ສະບາຍຫາຍຫວງ,1,1,1,0.865895
ທໍາດີໄດ້ທດີທໍາຊົ່ວໄດ້ຊົ່ວ ແບບຢ່າງດີດ3ກ່ວາຮອ້ຍຄໍາສອນ,1,1,1,0.803061
ດີຕະຫລອດ,1,1,1,0.600325
ຫ້ຼາ,1,1,1,0.759982
ດີໃຈທີມີໂຊກ,1,1,1,0.886369
ໄມ້ໄດ້ເລ່ນເທົາໄດ,1,1,1,0.777903
ແອບຫາຍັງວະເບີໃສ່ແລ້ວລະຫັດບໍ່ສົງມາຄວຍ,0,0,0,0.801145
"ຄັກໃຊ້ດີ,ສະດວກສະບາຍ",1,1,1,0.974415
ແອັບຕາຍໆ,0,0,0,0.642884
ລອງໄຊເບີ່ງ,1,1,1,0.792123
ນາງໂນລີ,1,1,1,0.813746
ວັນດີ ແກ້ວວົງດີ,1,1,1,0.848426
ດີຫຼາຍເວລາຂ້ອຍບໍ່ມີເນັດເຂົ້າແອັບນີ້ໄດ້ເນັດຟີຮແລະໄດ້ເບີ່ງວິດີໂອຟຮີ,1,1,0,0.558759
ສະດວກ ໄວຂຶ້ນ,1,1,1,0.893351
ເສຶອນອ້ຍ,1,1,1,0.805135
ລ້າຊ້າແອບມີປັນຫາຕະຫລອດລູກຫລີ້ນບໍ່ທັນສະໃຫມ,0,0,0,0.822328
ນາງທັບທິມ ຮັກອາ້ຍໃຫນ່,1,1,1,0.866439
ໄຊ້ດີຫຼາຍພ່ານມາແຕ່ມື້ນີ້ໄຊ້ບໍ່ໄດ້ເລີຍ,1,1,1,0.505179
ມັນສຸດຍອດ,1,1,1,0.846502
ຄັກຫລາຍແອັບນີ່,1,1,1,0.771661
ບໍ່ແມ່ນຈະການປ່ຽນເດ.ຈະແຈ້ງເຕີ່ອນ,0,0,0,0.501245
ຂອ້ຍບໍ່ເຂົ້າໃຈເປັນແນວໃດຂໍ່ແກ້ໄຂໄຫ້ຂອ້ຍເລີ້ງພວກທານໄດ້ເວົ້າມາຂອ້ຍບໍ່ເຂົ້າໃຈທັງຫມົດຈຶງວ່າຫມົດອາຍູແລ້ວ,1,1,0,0.595196
ໃຊ້ດີຫລາຍສຸດຍອດໃຫ້5ດາວເລີຍ,1,1,1,0.957448
ແອບກາກໆເຕີມເນັດກະຍາກທໍລະມານຄົນໃຊ້ຂະນາດແຫ່ງອັບເດດແຫ່ງກາກໃຊ້ບໍ່ໄດ້ລະບົບເທົ່ານີ້ກະເຮັດກັນບໍ່ໄດ້ເຊີນທົດລອງໃຊ້ກ່ອນອັບເດດແນ່ເດີ້ກູລະທໍ້!,0,0,0,0.964553
ໄຊ້ງານໃດ້ໄຈອີ່ຫລິດີກົ່ວແອັບອື່ນໆຫລາຍ,1,1,1,0.694428
ເພັງເພາະ,1,1,1,0.70342
ຂຽນບົດ ລາວ,1,1,1,0.752063
ຫລິ້ນສະບາຍ,1,1,1,0.894853
ອັບແດດຫຍັງກະບໍ່ຮູ້ດົນໆ1ຊົ່ວໂມງ,0,0,0,0.770396
ສຸດຍອດລູດຕະຫລອດປັບປຸງບາງ,1,1,0,0.639674
ສຸດຍອດດີ,1,1,1,0.901426
ສຸດຍອດຫລາຍເດີ ແຕ່ໃຫ້ຖອນພ້ອຍເຕີມບັດໄດ້ບໍ່,1,1,1,0.684342
ດີມມາກ,1,1,1,0.831518
ກໍດີຄຮັບ,1,1,1,0.779139
ສິກັນ,1,1,1,0.733617
ສຸດ,1,1,1,0.817214
ວກວກຍອຍຶຂພບພລດບໂລ້ຊເຊ້ຊື,1,1,1,0.700518
ດີຈ້າ,1,1,1,0.815995
ເຮົາໂຫລດມາແລ້ວເປັນຫຍັງຄືບໍ່ເຫັນບ່ອນເຂົ້າສູ່ລະບົບເຂົ້າສູ່ລະບົບບໍ່ໄດ້ເລີຍຊ່ວຍແກ້ໄຂໃຫ້ແນ່,0,0,0,0.958745
ໃດ້ຮຽນຮູ້ກັບສົບປະານໃຫມ່,1,1,1,0.801801
ໄຫ້ຄວາມ,1,1,1,0.73158
ໃຊ້ແອັບແລ້ວເຮັດໄຫ້ການເດີ່ນທາງໄລຍະໃກ້ແລະ ໄກສະດວກສະບາຍ,1,1,1,0.83486
ໂສດໆຂໍໂທດແຟນເກົ້າ,1,1,1,0.797413
ໄສດີນະ,1,1,1,0.823181
ຈັກມັນເປັນຍັງຂອ້ຍເຂົ້າບໍໄດ້,0,0,0,0.795242
ດຽວນີ້ສັນຍານຫລັກ7 2gຫຼື4g ຂ້ອຍວ່ານິ2g ລົດດາຕ້າລົງແລ້ວຍັງບໍພໍສັນຍານກະຊ້າໆບໍ່ຄືແຕ່ກ່ອນແອປກະກາກສູ້ແອປຢູນີເຖວບໍໃດ້ຊ້ໍາ,0,0,0,0.839132
ຄິດຮວດ,1,1,1,0.822041
ຜູ້ປະສົງດີ,1,1,1,0.833781
ໃຊ້ຄັກແຮງເລີດເດີ,1,1,1,0.807481
ເລີຍຕະມອງ,1,1,1,0.728131
ທອງແກ້ວມະນີວັນ,1,1,1,0.828172
ສົ່ງເຄື່ອງຊ້າຫຼາຍເອົາໄປຝາກແຕ່ວັນທີ25ມື້ນີ້27ລະເຄື່ອງຍັງບໍ່ຮອດ odi lnt,0,0,0,0.805111
ຄົນລາວ,1,1,1,0.80339
ສຸດຢອດໄປເລີຍແອບນີ້ຂັກອີລີ,1,1,1,0.823982
ຄົນໄກກະເປັນໄກ້ບໍ່ໄດ້ເຫັນຫມ້າເປັນສີບປີກະໄດ້ເຫັນແຄ່ໃຊ້ແອັບນີ້ມີແຕ່ຄວາມສະຫຼວກສະບາຍ,1,1,1,0.525339
ຂໍໄຫ້ໄດ້,1,1,1,0.870009
ດີຈຮາ,1,1,1,0.810479
ແອັປນີ້ໃຊ້ມາດົນແລ້ວຄື່ດີແຮງ,1,1,1,0.742197
ບໍ່ຢາກເຫັນແຕ່ໂພດເກົ່າໆ,0,0,0,0.767368
ເອີນລົດກະເອີນຍາກ,0,0,0,0.634374
ເສີອພຼເຂົາ,1,1,1,0.579822
ຢາກໃຫ້ປັບປຸງເລື່ອງການເຂົ້າແອບຊ້ານີ້ ຄືແບບຊ້າແຮງເຂົ້າເທື່ອໃດກະເປັນຊົ່ວໂມງບາງເທື່ອກະບໍ່ໄດ້ເລີຍ,0,0,0,0.937918
ເປັນຫຍັງຫມຸນໃດ້250mbແຕ່ໂທກວດເບີ່ງດາຕາບໍ່ໃດ້ແກ້ໄຂແດ່ຫລາຍເທື່ອແລ້ວ,0,0,0,0.895952
ສະດວກດີ ປອດໄພດ້ວຍ,1,1,1,0.908716
ໄຊ້ດິມາກ,1,1,1,0.858915
ຍຽ້ມ,1,1,1,0.795027
ໂຄດສະບາຍ,1,1,1,0.785735
ໄຊ້ດີ.,1,1,1,0.905736
ແອັບໂງ່ໆ ເຂົ້າເບິດມື້ກະເຂົ້າບໍ່ໄດ້,0,0,0,0.927673
ດານເນ້ດ,1,1,1,0.74973
ໂຄດຫວຍ,0,0,0,0.610169
ຢາກໃຫ້ຝາກເງິນເຂ້າຕູ້ໄດ້ ຢູ່ເຊໂນ,1,1,1,0.79462
ໃຊ້ງານບໍ່ໄດ້ເລີຍຄວນປັບປຸງແດ່ເດີຄິດວ່າຊື້ເບີໃຫມ່ມາລະຊິລົງທະບຽນໄດ້ບໍາຕ້ອງ້ຂົ້າໄປສູນບໍລິການ,0,0,0,0.887817
ເນັດມືງຄືກາກຕາຍແທະເບາະ,0,0,0,0.789957
ແອບຫ່ວຍແຕກ,0,0,0,0.879985
ວອກີຶນກວເ,1,1,1,0.735968
ເປັນຫຍັງຕ້ອງໄດ້ໃສ່ລະຫັດ6ໂຕຕະຫລອດ ເບື່ອແບບນີ້.ຄວນປັບປຸງໃຫມ່ເດີ,0,0,0,0.873324
ອັບເດດໄຫ່ມເຂ້າຫລິ້ນກະບໍ່ໄດ້ກະລຸນາແກ້ໄຂໃຫ້ແນ່ຫວຍແຕກຫລາຍ,0,0,0,0.938188
ຍັງຊື້ຫວຍບໍ່ໄດ້,0,0,0,0.818931
ການແຈ້ງເຕືອນເດັ້ງຂຶ້ງ,1,1,0,0.557653
ໂອງມະນີ ຄວງປະເສີດ,1,1,1,0.791086
ດີມີຄວາມຮູ້ໄດ້ຄວາມຮູ້ຫລາຍຢ່າງ,1,1,1,0.885321
ຫລີ້ນດີມາກເລິຍ,1,1,1,0.84496
ຕິດຕັ້ງຍາກຫຼາຍ,0,0,0,0.729444
ໃຝາໃຈຂຂຈາຝຝແອາຍຈາມມືຝຝ,1,1,1,0.777271
ສີຄໍາຫມັນ,1,1,1,0.773922
ລົງຖະບຽນແລ້ວແຕ່ມັນໄຫ້ລົງຖະບຽນໄຫມ່ແກ້ໄຂແນ່,0,0,0,0.634191
ຢາກໃດ້ເງີນພີ,1,1,1,0.833022
ພັດທະນາຕໍ່ໄປ ດີແລ້ວ,1,1,1,0.828441
ບຸນເລີດຈັນທະລິ,1,1,1,0.826942
ສະມັກຄັ່ງແຮກກະໄດ້ເນັດຟີຮ500mb,1,1,1,0.591997
ກົດເຂົ້າລະເດັ້ງອອກ ປັບປຸງແນ່ເດີ,0,0,0,0.93333
ລຸ່ນລ່າສຸດເທົ່ານັ້ນ,1,1,1,0.678063
ແອບນີ້ມີຄວາມສໍາຄັນມີຄວາມສໍາຄັນຕໍ່ທຸກຄົນ,1,1,1,0.803814
ໄຊ້ງານຍາກ,0,0,0,0.712704
ອອນໄລແລະອືນໆທັງມົດ,1,1,1,0.754229
ສື່ສານໄດ້ວ່ອງໄວ ແລະ ຮັບຮູ້ຂໍ້ມູນຕ່າງໆທຸກທົ່ວມູມໂລກ,1,1,1,0.895285
ທ້າວຕົ້ນ,1,1,1,0.745637
ເປັນຍັງ,1,1,0,0.511043
ແອັບກາກສາວບໍ່ຕອບແຊັດ ແອັດໄປສາວບໍ່ຮັບ,0,0,0,0.842422
ໃຊ້ໄດ້ດີຫຼາຍເດີ້,1,1,1,0.9456
ມາດ,1,1,1,0.823498
ສະມາຊິກ,1,1,1,0.750092
ມີໃຫ້ໃຊ້ບໍ່ມີໃຫ້ສອນອີ່ຫ່າແອບບ້າ,0,0,0,0.70686
ເຂົ້າບໍ່ໄດ້ອີກລະເຕີ່ມເງີນໄວ້ໃນເຫັນແອັບເຂົ້າບໍ່ໄດ້ເສຍເງີນຫລ້າອີກລະ,0,0,0,0.883139
ຢາກໃຫ້ປ່ຽນພາສາລາວ,1,1,1,0.745793
ປະສົບດີມາກເຟດບຸກນີໄນການປີດກັນຂໍມູນສວນຕົວປີດໂທລະສັບ2ມື5ມືມາເປີດເຄືອງບັອກເຟດແລ້ວປີດກັນໄວແລ້ວສຸດຢອດໂປແກັມນີດີຢງມ,1,1,1,0.805664
ວັນນະພົນ,1,1,1,0.740733
ໃຊ້ງານດີ ມີປະໂຫຍດ,1,1,1,0.859267
ຂໍຄືເກົ່າ,1,1,0,0.526687
ອັບເດດມຫມ່ແລ້ວໃຊ້ບໍ່ດີເລີຍ ບໍ່ຄືເວີຊັ້ນເກົ່າໃຊ້ດີກ່ອນນີ້ຫຼາຍ,0,0,0,0.885565
ເຮັດແອັບໂຄດປັນຍາອ່ອນໃຫ້ໃສ່ເບີແລ້ວລະເດ້ງອອກ ກົດເຂົ້າໃຫມ່ກະບໍ່ມີຫນ້າລ໊ອກອິນໃສ່ເບີແຕ່ບໍ່ມີບ່ອນໃສ່ລະຫັດຜ່ານຫົວຄວຍ,0,0,0,0.940573
ແບຄິກປຸກແອບຄິດທິດປຸກ,0,0,1,0.653477
ຂອບໃຈທີ່ມີ facebook ຂ້ອຍຈຶ່ງມີມື້ນີ້,1,1,1,0.800526
ຮັກດງວ ໃຈດງວ,1,1,1,0.835476
ໄມ່,1,1,1,0.802359
ຄວນປັບປຸງແດ່ເດີ້,0,0,0,0.796453
ດີມາກເລິຍ,1,1,1,0.849416
ແກ້ໄຂ້ດ່ວນເຂົ້າແອບບໍ່ໄດ້,0,0,0,0.958287
ອອກຈາກບະບົບກໍ່ບໍ່ໄດ້ໃສລະຫັດກໍ່ບໍ່ໄດ້ໄປທະນາຄານກໍກໍ່ແກ້ບໍ່ໄດ້ບໍ່ມີຄວາມຮັບຜີດຊອບອີກປານນັ້ນມາຖາມຕັ້ງໃຫ້ເຖີງເຮືອນແກະ,0,0,0,0.910383
ຄືສົນຕີນນິແອັບຂີ້ໂກງໂອນໄປໄທຂື້ນວ່າລະບົບຂັດຂອງພັດຕັດເງິນເຮົາອອກໄປແຕ່ບໍ່ເຂົ້າບັນຊີກະເຈົ້າບອກເບິ່ງໃຫ້ກະໃຫ້ເສຍເວລາໄປທະນາຄານເງິນ150ບາດກະຈັງແມ່ນຍາກແທ້ຍາກວ່າປິດສາຖ້າເປັນແບບສິເສຍເງິນຖິ້ມລ້າຖາມກະເມື່ອຍຖາມລະສໍານີ້ກະສິໃຫ້ໄປທະນາຄານໂອຍສໍາກວດເບີ່ງກະຍາກແທ້ຍາກວ່າເງິນສໍານີ້ກະສິໃຫ້ເສຍເວລາໄປຊົ່ວສິຮອດຄິວອີກ,0,0,0,0.964226
ການສົ່ງອາຫານໄວດີ,1,1,1,0.692544
ຫລີ້ນເລືອນເຟລກະເປັນແຕ່ໂຕເກົ່າ,0,0,0,0.544472
ລະບົບ error ເກັ່ງໂພດ,0,0,0,0.562618
ສົມພອນ,1,1,1,0.813421
ແອັບບໍ່ສະຖຽນມັກເດັງອອກ,0,0,0,0.880388
ຢາກໃຫ້ມັນເປັນຄືເກົ່າ,1,1,1,0.559686
ພໍໃຈຫລາຍ,1,1,1,0.85786
ຂີ້ກາກຫຼາຍແອັບນີ້ ຖ້າມີດາວຕິດລົບສິກົດໃຫ້ຈັກ100ດວງ ໂຫຼດມາບາດສິລ໋ອກອິນເຂົ້າແລະເດັ້ງອອກ ໂຫຼດເສຍດາດ້າກູລ້າໆ ຄວນປັບປຸງແນ່ເດີ້ຜູ່ຂຽນແອັບນະ,0,0,0,0.923231
ເຕີມເງິນກະບໍ່ໄດ້ຂີ້ກາກແຮງ,0,0,0,0.955954
ດີມາກສັນຍານດີດ້ວຍ,1,1,1,0.839229
ເຂົ້າໂຄດຍາກ,0,0,0,0.889338
ດອນລາວ,1,1,1,0.820347
ອະດີດປະທານ,1,1,1,0.828098
ບໍ່ສາມາດໄຊ້ລາຍນິ້ວມືເພື່ອເຂົ້າແອັບຫລືໂອນເງິນໄດ້,0,0,0,0.811362
ຮຽນບໍ່ເກັ່ງດອກ,1,1,1,0.631242
ໃຊ້ງ່າຍຄັກ,1,1,1,0.880763
ນົນ. ຄົນເດີມ,1,1,1,0.770033
ອອກຈາລະບົບໂຄດຍາກອັບເດດສາມເທືອລະ,0,0,0,0.84743
ຮູ້ສຶກມີຄວາມສຸກກັບສີງໆນີ້,1,1,1,0.836052
ເທໄປໃນປີຄສເພື່ອເປັນການສ້າງ,1,1,1,0.705472
ເຂົ້າໃຊ້ງານບໍໄດ້ເລີຍດຽວນີ້,0,0,0,0.893389
ເອົ້າ1ດາວໄປກອນເພາະດຽວນີ້ຄຸນນະພາບແອັບບໍ່ຄືແຕ່ກອນແລ້ວຫມູນບໍ່ເຄີຍຖື້ກຍັງບໍ່ວ່າຈະເງີນເນັດດາຕາຫຼືເງີນໂປໂມຊັນເປັນເງີນໂທຖ້າປັບປຸ້ງມືໃດຊິໃຫ້5ດາວພອມຄໍາຍ້ອງຍໍ້ໃຫ້ ຖ້າຈະໃຫ້ຫມູນແລ້ວບໍ່ໄດ້ຍັງແບບນີ້ຂ້ອຍວ່າຍົກເລີກສາເດີ້ບໍ່ຕ້ອງເຮັດແອັບນີ້ທໍາມະດາຫມູນບໍ່ຖື້ກເງີນເນັດກະໃຫ້ຖື້ກເງີນໂທສາ ຝາກອ່ານແລ້ວໃຫ້ປັບປຸງຂື້ນຕື້ມເດີ້ຂໍຂອບໃຈ,0,0,0,0.869346
ຈົບມໍ4,1,1,1,0.762122
ເຂົ້າລະກະເດັ້ງອອກເຮັດມາເພື່ອຫຍັງເຂົ້າກະບໍ່ໄດ້ຖ້າຊິເຮັດໄດ້ແຕ່ສ່ໍານີ້ຢ່າເຮັດເລີຍດີກວ່າ,0,0,0,0.946266
ຢາກໃຫ້ປັບໃຫ້ເບີ່ງໄລ້ສົດເບີ່ງຊ່ອງໂທລະພາບຕ່າງໆໄດ້ທັ່ງຊ່ອງໄທແລະຕ່າງປະເທດ,1,1,1,0.651906
ມັກສິງນີ,1,1,1,0.785104
ເປັນສົ້ນຕີນຫຍັງອີກລະ ໃສ່ລະຫັດຈົນເມື່ອຍ,0,0,0,0.753661
ດີນະ,1,1,1,0.835569
ຂໍຖາມແນ່ ຄັນແອັບນີ້ໃຊ້ບໍ່ໄດ້ແລະສ້າງແອັບນີ້ຂື້ນມາຫາສະແຕກຫຍັງຈະແມ່ນຊາດນໍລາວເອີຍລາວ,0,0,0,0.770825
ໄດ້ແກ່,1,1,1,0.733601
ດີຄ້ະ,1,1,1,0.786152
ໃສ່ສະຫັດຜິດກະລ໋ອກຈັງເປັນຊາດເນາະແອບນີ່ນະຫົວແບນນນ,0,0,0,0.552213
ໃນລ່າສຸດ,1,1,1,0.784587
ພົງສະຫວັນ,1,1,1,0.763069
ໄດ້ເນັດຟີຕະລອດດີຫຼາຍ,1,1,1,0.843598
ປັບປຸງແນ່ກະດີເງີນເຂົ້າກະບໍ່ມີຮອດແຈ້ງເຕືອນຫນ້າເບື່ອສຸດ,0,0,0,0.913953
ໃຊ້ດີຈ້າວວ,1,1,1,0.904245
ສະດວກສະບາຍວ່ອງໄວທັນກິນ,1,1,1,0.946598
ເທ່,1,1,1,0.782854
ໃຫ່,1,1,1,0.709264
ແອັບໃຊ້ການບໍ່ໄດ້ ແຕ່ບໍ່ມີການແກ້ໄຂ ອາດຈະໄດ້ເຊົາໃຊ້ລະແບບນີ້,0,0,0,0.871392
ຄໍາໄລຄນທີຈີງໃຈຖ້າມີຄນທີເຂ້າມາຮກລະພອ້ມໃຈນໍາໄດ້ທຸກຍາງຄງບໍມີວັນຈະເສຍນ້ໍາຕາ,1,1,1,0.801173
ໄວທີສຸດ,1,1,1,0.81705
ໂລດໃຫ້ແດ່,1,1,1,0.768162
ລອງເຮັດນໍາເຂົາເບີ່ງ ຈັ່ງແມ່ນໄດ້ຜົນແທ້ໆ ມີເພື່ອນເປັນ 3 4 ສີ່ພັນຄົນເຫັນແຕ່ໂຟດ 40 50 ໂຟດຖຸ່ຍ ພໍແຕ່ກອບປີ້ວາງໃສ່ ຫມູ່ກະມາເຫັນໂຟດ ເປັນ 2 3 ພັນຄົນ ຈັກມາແຕ່ໃສ່ ເຫັນກັນປານວ່າມາແຕ່ຍຸກຫີນເນາະສູ່ເອີຍ ດີໃຈແຮງ ໄດ້ຜົນແທ້ເດີ copy ໄປວາງໃສ່ເລີຍ ໄດ້ຜົນອີ່ຫລີ່ you re the best best wish es xoxo rad r adness congrat ulations wond erful time lovely tim e super z ba va en de jlig dag viel spa s pe rsin gl ckwu nsch bisou congrats xoxo xoxox,1,1,1,0.556131
ທ້າວ ນູ່ຊົວວາ່ງ,1,1,1,0.81569
ເຮັດຫຍັງກະບໍ່ໄດ້ລົງທະບຽນກະບໍ່ໄດ້,0,0,0,0.987448
ອາຍັງ,1,1,1,0.51008
ອ້າຍຈ່ອຍ,1,1,1,0.777037
ແອັບກາກໆ ຊ້າຄືເບັ່ງຂີ້ຄາກົ້ນນິ,0,0,0,0.856884
ມີຄວາມສຸດ,1,1,1,0.853143
ລະຫັດນໍາໂຊກ43480660,1,1,1,0.746705
ຂ້ອນຂ້າງດີໃນລະດັບ1,1,1,1,0.747144
ລະຫັດກ່ອນຊື້ 53060724 ຈະໄດ້ຮັບສ່ວນລົດ,1,1,1,0.555637
ສີສຸວັນ ໄຊສົງຄາມ,1,1,1,0.780686
ຢ່າໄດ້ເຟສ,1,1,1,0.801879
ແກ້ໄຂດ່ວນບໍ່ສາມາດເຂົ້າແອັບໄດ້ຕ່ອນຕັ້ງມີແຕ່ໃຊ້ເບີບໍ່ໄດ້ໃຊ້ວັນເດືອນປີເກີດມາບາດນີພັດໃຫ້ໃສ່ວັນເດືອນປີເກີດຊີ່ເອົາໃສມາໃສ່ໂທຫາສູນກະບໍມີຄົນຮັບປານນັ້ນຮັບຕະຫລອດ24ຊົ່ວໂມງປັບປຸງດ່ວນໃນການເຂົ້າສະມັກນໍາໃຊ້ແອັບປັບປຸງໄຫ້ດີຂື້ນບໍແມ່ນແຮ້ງຂີ້ຮ້າຍກ່ຶນເກົ່າ,0,0,0,0.948355
ສຸດຈິດດີມາກ,1,1,1,0.917691
ດີໆຫລາຍໆ,1,1,1,0.809888
ງສໃ,1,1,1,0.759982
ກະຈອກ,1,1,1,0.530844
ຕິດຕັງແອບບໍໄດ,1,1,0,0.517441
ດີໆງງ,1,1,1,0.838962
ຮາຮາ,1,1,1,0.764164
ເຖິກ,1,1,1,0.778775
ໂທສັບລອັກ,1,1,1,0.754963
ອອກຈາກລະບົບບໍ່ໄດ້ ເວລາໂຫລດກໍດົນ,0,0,0,0.908527
ການຍອມຮັບສິ່ງທີ່ຜິດ ແລະການປຽ່ນແປງຄືຄວາມດີຂອງຄົນໃນສັງຄົມ,1,1,1,0.812507
ແມ່ນເປັນອິຫຍັງອີກລະນ້ໍບາດນິ ຂ້ອຍລົງທະບຽນໄປລະວ່າຂໍ້ມູນບໍ່ຜ່ານ ບາດຂ້ອຍໃຫ້ເອື້ອຍລົງທະບຽນໃຫ້ພັດລົງບໍ່ໄດ້ ຄືງົງ,0,0,0,0.839864
ສຸດຍອດແອັບນີ້ໂຄດດີ,1,1,1,0.775045
ຕ້ເມ,1,1,1,0.752938
ແອັບຫົວຄວຍເນົ່າພໍ່ມຶງຕາຍກາກ,0,0,0,0.861628
ເປີດແບບໄດ້,1,1,1,0.776703
ເຂົ້າລະກະເດັງອອກເຮັດຫຍັງບໍ່ໄດ້ເລີຍ,0,0,0,0.96407
ໃຊ້ງານຊ້າຫຼາຍປັດປຸງໃຫ້ດີກວ່ານີ້ອີ່ກເດີ,0,0,0,0.621309
ram ຂໍ້ມູນຄອງນວຍ,1,1,1,0.763085
ດີຢຸ,1,1,1,0.815989
ໄຫ້ດາວດຽວເພາະອັບເດດເປັນເວີຊັ້ນໄຫ່ມ ເຂົາກະບໍຕອບແຊັດຂ້ອຍຫອງເກົ່າ,0,0,0,0.860966
ມັກແຮງແອບນີ້,1,1,1,0.669006
ລົງທະບຽນໂຄ້ດຍາກກໃຫ້ດາວດຽວກະຫຼາຍເກີນແລ້ວ,0,0,0,0.874856
ໂຄກດີ,1,1,1,0.791003
ແອທີ,1,1,1,0.750843
ໄດ້ຫຼາຍ,1,1,1,0.793077
ຂໍແດ່,1,1,1,0.834944
ເປັນຫຍັງອັບເດດຄຶບໍ່ໃດ້,0,0,0,0.922962
ດີຫລາຍເດີ່ເຈົ້າ,1,1,1,0.887661
ຫລາຍປີ,1,1,1,0.797442
ຕິດຕ້ງ,1,1,1,0.825697
ຢ່າປິດການມອງເຫັນຫລາຍໃຫ້ຂື້ນຟິດນໍາເຂົາແນ່,1,1,1,0.63764
ສະດວກສະບາຍໄນການຕິດຕໍ,1,1,1,0.923846
ຂ້ອຍມັກຫຼາຍຫລີ້ນກາມ່ວນ,1,1,1,0.895043
ບອບໃຈ,1,1,1,0.885878
ສັ່ງຊື້ສໍາບາຍ,1,1,1,0.641132
ຢາກໃຫ້ປັບປຸ່ງເວລາໂອນເງີນແອັບມັກເດັ່ງອອກ,0,0,0,0.740704
ມັນເຫ້ຍມາກອັບເດດແລ້ວມຸນໄມ່ເຫັນໄດ້ເນັດສັກທີເວົ້າມາລະເປັນສູນແຮງ,0,0,0,0.6961
ບຸນລັດວິໄລເຍັນ,1,1,1,0.80718
ຍັງແອບໃຊ້ຢູ່ ໃຫ້4ດາວກອ່ນ,1,1,1,0.712942
ໃຊ້ດີແທ້ແນ່ນອນຂໍຂອຍໃຈ,1,1,1,0.909376
ບໍ່ແລະເນາະອືຮືບໍ່ແນ່ນ,1,1,0,0.59062
ທ້າວ.ວິລະກອນໄຊຍະວົງ,1,1,1,0.779865
ໃຊ້ເລີຍ,1,1,1,0.725427
ເດັກລາວສາວບ້ານດົງເມື່ອງພະລານໄຊແຂວງສະຫວັນນະເຂດ,1,1,1,0.722714
ອັບເດດມາຫຼາຍເອົາແທ້ເອົາວ່າ ສຸດທ້າຍກາເອີ້ນລົດຍາກຄືເກົ່າບໍ່ມີຍັງປ່ຽນແປງ ເບິ່ງຈັງໃດກາຮູ້ນ່ະວ່າຄົນຂັບລົດຮັບແຕ່ລູກຄ້າທີ່ໄປໄກຫຼາຍກວ່າລູກຄ້າທີ່ຈະໄປບ່ອນໃກ້ໆ ຍອມໃຈແຮງກັບຄ້າຍນິ,0,0,0,0.898872
ປຽນເປັນພາສາລາວວ່າຊັ່ນເປັນອັງກິດຄຶເກົ່າໂຄດແມ່ມຶງ.ພາສາລາວບໍ່ໃຊ້,0,0,0,0.69297
ແຍ້,0,0,1,0.751928
ໄຊ່,1,1,1,0.770588
ຂໍຂອບໃຈທີ່ຕິດຕາມ,1,1,1,0.92321
ທັນໂລກຮູ້ເຫັນທຸກຢ່າງ,1,1,1,0.840066
ມີຄວາມສະດວກໃນທຸກຢ່າງໃດ້ສາລະເປັນປະໂຫຍດ,1,1,1,0.830336
ເຂົາແອບຍາກໂພດ,0,0,0,0.778317
ໂຄດກາກລົງທະບຽນຮອດບໍ່ໄດ້.ປານນັ້ນໄຫ້ລົງ,0,0,0,0.91978
ສະນາມໃນໃຈ,1,1,1,0.671502
ຄວາຍເອີຍ,0,0,0,0.602138
ອັບເດດເວີຊັນໃຫມ່15 6 2025 ເຂົ້າລະບົບບໍ່ໄດ້,0,0,0,0.911653
ສະດວກສະບາຍ ລະກະໄວທັນໃຈ,1,1,1,0.940345
ພັດທະນາແອັບແນ່ເດີທີມພັດທະນານະເຂົ້າແອັບກະຊ້າ ເຕີມເງິນສະແກນ qrcode ກະບໍໄດ້ ຊ່ວຍພັດທະນາໃຫ້ມັນສົມບູນແລະໃຊ້ງ່າຍໆແນ່,0,0,0,0.773112
ໄຊ້ງາ່ຍດີຫລາຍ,1,1,1,0.933001
ວັດ?,1,1,1,0.733009
ໃສ່ເບີແລ້ວບໍ່ສົງລະຫັດມາໃຫ້ ລອດລວງປະຊາຊົນ,0,0,0,0.812891
ສົມເສີຍ,1,1,1,0.736964
ເຟດນີດີລາຍເຮັດໃຫ້ຂອ້ຍເຈີະຫີ,1,1,1,0.845957
ຕ້ງຍູມະນີເປັນ,1,1,1,0.739664
ໄຊ້ງານບໍຄອ່ຍດີ,1,1,1,0.573715
ສະບາຍດີຢາກໄຫ້ການຕິດຕໍ່ກັບເພື້ອນໄວທັນໃຈ,1,1,1,0.897019
ນ້ອງ ພິກໄທ,1,1,1,0.78823
ເປັນຄົນມັກມ່ວນ,1,1,1,0.841985
facebookແບ໋ງ ພົງສະກອນ,1,1,1,0.818767
ຄູບາວັນສີຫາວົງ,1,1,1,0.779515
ໃຊ້ງານບໍ່ໄດ້.,0,0,0,0.919313
ມັນສວນນ້ອຍຖືກ,1,1,1,0.715171
ເລືອກສິ່ງເຕົາມີຢູ່,1,1,1,0.800142
ດີຈີງໆ,1,1,1,0.795711
500 ຕ້າ,1,1,1,0.672437
ເຂົ້າແລ້ວກະເດັ້ງອອກລົບໂຫລດໃຫມ່ຫລາຍຮອບລະກະເປັນຄືເກົ່າ,0,0,0,0.79256
ຫານ,1,1,1,0.714882
ມີປະໂຫຍດແລະສື່ສານກັນໄດ້ດີ,1,1,1,0.872689
ແອຟຄວາຍໆໄສ່ຄົບແລ້ວແຕ່ລົງທະບຽນບໍ່ໄດ້,0,0,0,0.90324
ສັນຍານເນັດກະຄືບ້ານິປານນັ້ນລົງທະບຽນຄວາມຍາກ,0,0,0,0.7372
ນ້ອງໂນຍ ເດັກດື,1,1,1,0.741571
ສ່ວນຫລຸດໄມ່ມີຈີງຫວະເອົາໄປ1ດາວພໍ,0,0,1,0.524677
ມະນູດທໍາມະຊາດ,1,1,1,0.702836
ຟີວເຕີ້ນີ້ເຮັດໄດ້ເຮົາມັກຫາຍ,1,1,1,0.756718
ຄືເຂົ້າລະບົບບໍ່ໄດ້ເທື່ອແກ້ໄຂໃຫ້ແດ່,0,0,0,0.908832
ເຟສນີຖ້າວອນ,1,1,1,0.797016
ຍາກລອງໃຊ້,1,1,1,0.713526
ໃສສະດວກທີສຸດເລີຍ,1,1,1,0.844955
ຖ້າໂອນຜ່ານເບີຄືສິດີ,1,1,1,0.582064
2ດາວພໍເພາະບາງສາຂາຍັງເວົ້າບໍ່ມ່ວນຍູ່,0,0,0,0.7015
ທ່ານມີຄອບຄົວແລ້ວ,1,1,1,0.769818
ມັກໄນການສາ້ງແບບເພາະວາງາມຫຼາຍ,1,1,1,0.785145
ມັນສຸດຍອດຫລາຍ,1,1,1,0.842272
ຍາກເບິ່ງ,1,1,0,0.562898
ອັບໂຫຼດຊ້າ ອັບໂຫຼດຕະຫຼອດ,0,0,0,0.75967
ດີດີ.ມັກຢູ່ປະຢັດດາຕ້າດີ.,1,1,1,0.821533
ບ່ອນເພີ່ມບັດ atm ບໍ່ມີ,0,0,0,0.629185
ຄືປິດກ້ອງເວລາກົດອອກຈາກການໂທ,0,0,0,0.588638
ຍັງບໍ່ທັນເຂົ້າໃຈ,1,1,0,0.574458
ໃຊດີແນ່,1,1,1,0.838341
ຈິດຕຈ່,1,1,1,0.814858
ໄປຫາ2 ເທື່ອແລ້ວ ແກ້ໄຂໃຫ້ແກ່ ເອົາໄມ້ໂທອອກ,0,0,0,0.659013
ເຟສຂ້ອຍເພງຄືມີແຕ່ເພງຝຮັງ,1,1,1,0.746427
ໄດ້ຮັບຂໍ້ມູນຂ່າວສານ ແລະ ປະສົບການທີ່ດີຫຼາຍກວ່າຢ່າງ,1,1,1,0.917651
ເຂົ້າສູ່ລະບົບໂທລະສັບເຄື່ອງໃຫມ່ບໍ່ໄດ້,0,0,0,0.854713
ໄຊ້ດຫລາຍ,1,1,1,0.858839
ດີຢູ່ມີກະ ແຕ່ຕິດຢ່າງດຽວບໍ່ມີໃຜແຊັດມາຫາເວີ້ຍງຽບຄັກ,1,1,1,0.545992
ແອັບໂຄດພໍ່ໂຄດແມ່ມຶງ ລົງທະບຽນຫຍາກຊິຫາຍ,0,0,0,0.768271
ເຂົ້າບໍ່ໄດ້ເລັງຫນ້າເກົ່າ ຕະຫລອດ ເຊົ້າບໍ່ໄດ້,0,0,0,0.965003
ສົ່ງລະຫັດມາຕໍ່ນີ້ເລີຍ,1,1,0,0.59471
ສຸລີ,1,1,1,0.759982
ໃຊ້ງານດີຢູ່ແຕ່ຢາກໃຫ້ມີຕົວເລືອກພາສາລາວນໍາແດ່ ຖ້າຄົນລາວເຫັນຄອມເມັ້ນນີ້ຊ່ວຍດັນແດ່,1,1,1,0.840255
ມັນດີຢູ່ໄດ,1,1,1,0.835256
ໃຊ້ສະດວກດີຫລາຍພັດທະນາຕໍ່ໄປເດີ້,1,1,1,0.933736
ດີຢູ່ ແຕ່ກະມີຂໍ້ເສຍມັນບໍ່ສົມດຸນດຽງກັບທຸກຍໍ້ຫໍ້ຂອງໂທລະສັນ ໃຝໃຫຍ່ໄປ,1,1,1,0.591596
ລົງທະບຽນໂຄດຍາກໃສ່ລະຫັດແບບໃດກະບໍ່ຖືກເທື່ອກະລຸນາປັບປຸງແນ່ເດີ,0,0,0,0.951662
