text,label
ອ້າຍບ່າວ,1
ແອັບດີແທ້,1
ຂາດບໍ່ໄດ້ ຢາກໄດ້ເພງໃສ່ໃນສະຕໍລີ້,1
ໃຫ້ເຕັມ100,1
ຖືກໃຈແຮງ,1
ແອັບນີເປັນແອັບຫມື້ງທີມີຄວາມນີຍົມແລະຄົນໃຊຫຼາຍແລະຂອ້ຍກໍ່ມັກ,1
ກະໂພດດອກໂຫຼດແອບອອກໄປຫຼີ້ນເກມຖ້າກັບມາຍັງຫມຸນຢູ່.ຄວນແກ້ໄຂໄດ້ແລ້ວ,0
ປາຍແບນບັນຊີກູມີເງິນ10ລ້ານຖືກອາຍັດຫນ້າຕາເສີຍຫົວໂຄຍ,0
ໂພີຮ,1
ໃຊ້ດີໃຊງາຍ,1
ພັດທະນາຕໍ່ໄປເດີ,1
ພໍໃຊ້,1
ເລັນແລ້ວດີຕໍ່ໃຈ,1
ສະດວກສະບາຍຫຼາຍ,1
ເຫນາະສົມໃຜບໍມີດີແທ້.,1
ໃຊ້ງ່າຍຫລາຍ ສະແກນຈ່າຍແບບບໍ່ຫຍຸ້ງຍາກ,1
ໂຫລດໄຫ້ວ່ອງໄວ,1
ຫ້າດາວໄປເລຍ,1
ຮຽນຮູ້ຫຼ້າຍຢ່າວ,1
ເຂົ້າໄປຍາກສຸດ,0
ຢາກໄດແນັດ,1
ອັບເດດຕະຫຼອດຕານ່າຍເດ້,0
ອັບເດດແມ່ມຶງຫຍັງດຸບໍ່ດຸ,0
ດໍາກ່ເດະນ່ກ້ນແດ,1
ເປັນລວມ ວໃມວຂໍບລໍຝ5.,1
ບໍ່ໄດ້ຫຼິ້ນ,0
ບ່ອນລົງທະບຽນຊິມເປັນບ່ອນຖາມອາການເພື່ອ ຄົນສິລົງທະບຽນກະລົງບໍ່ໄດ້ ປືກເອີຍເຊີນປັບປຸງແນ່,0
ຕີດຕັງແອບນີ,1
ຄໍຄ,1
ນະຕ້າ,1
ແອັບໂຄດກາກໂຄດເຮຍໂຄດເນົາມາຢູໃນແອັບນີຫມົດແກ້ໄຂ້ຂໍ້ມູນຕັ້ງຄ່າຫຍັງກາບໍ່ໄດ້ ປານນັ້ນໂຄສະນາເກັ່ງ,0
ກິຍກ ວາວາຍຍ,1
ສຸດຄຮັບ,1
ດີເຈ,1
ສັ່ງເປັນ ຊຸໂມງເຄີ່ງຮ້ານຫ່າງຈາກບ້ານປະມານ500ເມັດ ຍັງບໍ່ໄດ້ ລຸກຄ້າໄດ້ໄປຮັບອໍເດີ້ເອງ ແນະນໍາສັ່ງ gotaddy ດີກວ່າເດີ້,0
ມຶ່ງເປີດໂປຮແກຮໄປເພຶອຫຍັງກູເຂົາໂລດຄຶບໍ່ໄດຕໍ່ໄປຢາມາສົງຂໍ່ຄວາມອີກ,0
ຂໍອາລຸຍາດ,1
ໃຊ້ເລກໂຕນີ້ເດີ້ທຸກຄົນ98660402,1
ໃຫ້ຄວາມສະດວກສະບາຍແລະພຶງພໍໃຈກັບລູກຄ້າທີ່ໃຊ້ແອັບນີ້ຫລາຍ,1
ດີໃຈລາຍ ຂອບໃຈທ່ານຜູ້ສ້າງ,1
ເຂົ້າບໍ່ໄດ້ຈັກເທື່ອ ເດັ້ງອອກຕະຫຼອດ,0
ໃດ້,1
ສະດວກສະບາຍ ໃຫ້ຊີວິດດີຂື້ນ ທັນສະໄຫມ,1
ຕອນເຂົ້າໄປໃນແອັບແລ້ວໂຫຼດນານມາກ,0
ຫ່າຂົ້ວມັນນິ ເກມຂີ້ກາກ ຄັນບໍ່ຢາກໃຫ້ລູກຄ້າໄດ້ກະລົບອອກສະເດີ້,0
ເອົາອອກຊ່ອງເຕະບານເຮັດຫຍັງ,0
ໃຊ້ໄດ້ໄວກ່ວາເດີມ,1
ໃຊ້ດີຫລາຍໃຫ້ເລີຍ10ເຕັມ10,1
ຢາກບອກວ່າ ໄປພັດທະນາລະບົບໃຫ້ພ້ອມກ່ອນເບາະລະຄ່ອຍເອົາມາລົງໃນ play store ແລະ app store ອັບເດດແລ້ວກົດເປີດແອັບຂື້ນມາເດັ້ງອອກລະໃຫ້ອັບເດດອີກ.ວົນຢູ່ແບບນັ້ນ ເຮັດປານຫລິ້ນຂອງຈໍາປ໋າ ແອັບທະນາຄານອື່ນທີ່ເຄີຍມີກະບໍ່ກາກປານນີ້ ງຶດແຮງຊ່າງກ້າເອົາມາລົງໃຫ້ລູກຄ້າໂຫລດໃຫ້ເສຍເວລາ,0
ຂີ້ຖີ່ແທ້,0
ອັບເດດໃຫມ່ ລົງທະບຽນເບີໃສ່ຮູບບໍ່ໄດ້ໄປກວດເບິ່ງເດີ,0
ໃຊ້ດີ ພັດທະນາ ຕໍ່ໆໄປ,1
ທໄພສານເພັງໂສພາ,1
ກາກ,0
ແອັບນີ້ໃຊ້ດີມີປະໂຫຍດ,1
ພັດ ຂ່າ,1
ເດີນທາງປອດໄຟ,1
ຝົນຄົນດ້ວຍຫຼີນກາຝົນຜ້າດ້ວຍຫຼີນຊາ,1
ແອັບສົ້ນຕີ ຍູນິເທລໂຄດກາກ ເນັດກະຊ້າແອັບກະບໍ່ພັດທະນາ ຍິ່ງອັບເດດແຮງໂຄດກາກ,0
ຕ້ອງການລະຫັດຜານ,1
ແກ້ໄຂໃຫ້ແດ່ເຂົ້າບໍ່ໄດ້ເລີຍ,0
ສະດວກ ໃນການຕິດຕໍ່ພົວພັນກັບລູກຄ້າ ທາງອອນໄລນ໌ ກ່ຽວກັບບັນຊີທຸລະກິດ ໃນການຊື້ຂາຍ.,1
ດີ່ມາກ,1
ວ່າງໆ ກະຫາຜູ້ບ່າວຫລໍ່ໆໄຫ້ແນ່ ໄນເຟສນິມີແຕ່ຄົນຫນ້າຄືປົ້ນປານິ ຮັບບໍ່ໄດ້555,0
ດີໄຈທີມີເຟດບຸກ,1
ກູດໆ,1
ຕອ້ງການຫີ້ຼນແອັບ,1
ສັ້ນໄດ້ຍັງບໍ່ສົ່ງໄຫ້ຊ້ໍາດາຕ້າຫະງົງເລີຍ,0
ຄືລໍຖ້າອະນຸມັດດົນແທ້. ຂ້ອຍຖ້າເປັນອາທິດແລ້ວຍັງບໍ່ສໍາເລັດການລົງທະບຽນປານນີ້ມີແຕ່ໃຫ້ລໍຖ້າອະນຸມັດ,0
ຄັກຫລາຍ. ມີຫລາຍລາຍການອາຫານໃຫ້ເລືອກ,1
ໄຊພອນ,1
ຕິດຕັ້ງເຟດບຸກຄືນ,1
ອັບເດດໃຫມ່ແລ້ວຄືເຂົ້າໃຊ້ບໍ່ໄດ້,0
ສບາຍດີ,1
ເປັນຍັງຄືໃຫ້ອັບເດດດຸແທ້ປັບປຸງແນ່ເດີ,0
ຊອກແອບ,1
ໃຊ້ບໍ່ໄດ້ ເຕືອນແຕ່ວ່າ ບໍ່ໄດ້ຕໍ່ ອິນເຕີເນັດ ແຕ່ສົ່ງotpມາ,0
ໃຊ້ຄັກຫລາຍ,1
ສະດວກສະບາຍທຸກທີ່ທຸກເວລາ lvb digibank,1
ຕີດຕ່ ສື່ສານຂ່ມຸນສະດວກດີ,1
ສະດວກສະບາຍ ທັນສະໄຫມ,1
ປັບປຸ່ງໃຫມ່ ເຂົາໂທມາບໍ່ແຈ້ງເຕືອນ,0
ສ້າງມາເປືອງຄວາມຈໍາຊິບຫາຍເຮັດຕາມທຸກຢ່າງແລ້ວບ່ອນໃຫ້ລົງທະບຽນຍັງລົງບໍ່ໄດ້ອີກ,0
ອອກຈາກລະບົບແລ້ວບໍ່ໄດ້,0
ດີມາດທີ່ໃຊ້ແອບນີ້,1
ໃຊ້ງານກາບໍ່ໄດ້,0
ດີເລີດເກີດມາພວມໄດ້ໃຊ້,1
ຢາກປິດກະປິດຢາກເປີດກະເປີດຫວ່າຊົ່ວແລ້ວຍົກເລີກ,0
ລົງທະບຽນເບີບໍ່ໄດ້ແກ້ໄຂດ່ວນແດ່ເດີ້ ພັດທີແຕ່ແອັບດຽວນິນໍ ໃຫ້ລົງທະບຽນກະ,0
ຊຶ່ນຊອບ,1
ບໍລິການດີ. ວ່ອງໄວ ແຕ່ຄວາມປອດໄພບໍ່ຮູ້,1
ດີໃຊ້ດີຫຼາຍສະດວກສະບາຍ,1
ປະທັບໃຈຫລາຍ,1
ສະດວກງາຍຂື້ນ,1
ແອັບຄືຊົ່ນຕີນນິແຫ່ງອັບເດດແຫ່ງບໍເປັນຕາຊະແຕກ,0
ໄຊ້ງານດີຫຼ່າຍ,1
ຂ້ອຍບໍ່ຮູ້ລະຫັດຂອງແອັບນີ້,1
ຕາມສະບາຍຊັ້ນຈ່ະ,1
ສຸດຈອດ,1
ໄວວແດ່,1
ຫນັງໂປ້ໄທ,1
ໃຊ້ງານກາກຫຼາຍ ເອົາດາວ1ໄປກ່ອນ,0
ສຽງບໍ່ສັດເຈນ,0
ຈູບດາກແນ່,1
ອັດສະນີ,1
ໂດຍ ຈຮາ ຄ່ະ ຈະ ຄ້າບບ,1
ແອັບນີ້ດີຕື່ມມູນຄ່າໂທກະໄດ້ເປີເຊັນ,1
ໂຄດເຮ້ຍ,0
ວິທີໄຊ້,1
ເນັດຊ້າຫຼາຍ,0
ອິໍາຮາິນືທສ ທັງຫມົດ ສໍາລັບ ການ,1
ດີຄຮາບ,1
ອາຫານອາຫຼອຍມາກ,1
ເອີ້ນໂຄດຍາກເລີຍ ບໍ່ແນ່ໃຈວ່າເປັນຍ້ອນບໍ່ໄດ້ຮັບການແຈ້ງເຕືອນຫຼືຕັ້ງບໍ່ຮັບເພາະເງິນຫນ້ອຍ,0
ແຊດມາ,1
ນາງຕີບໄອພີ,1
ໃຜກະຕ້ອງມີ,1
ດີຫຼາຍ ພະນັກງານສຸພາບ ໄດ້ອາຫານໄວ,1
ສະດວກວອ່ງໄວດີ,1
ສສື,1
ຍາກຮູ້ວ່າຢູ່,1
ບໍ່ສົ່ງລະຫັດotpມາໃຫ້ລະສິລົງຈັ່ງໃດ,0
ຢາກໃຫ້ການບໍລິການfacebookເຮັດໃຫ້ໄດ້ວ່ອງໄວແລະທັນກັບສະພາບການໃດນື່ງ ທີ່ສໍາຄັນ,1
ດີແອັບຯນີ້100,1
ທພະນາ,1
ຢີວພົມມີ,1
ມີປະໂຫລດຫລາຍ,1
ປັບປຸງອີກຫລາຍໂທລົມກັນສັນຍານດີກະວ່າບໍ່ດີ,0
ເຂົ້າແອັບກະບໍ່ໄດ້ຄວນປັບປຸງແນ່ເດີເງີນກະເຕີມເຂົ້າລະຍັງບໍ່ໄດ້ປານນີ້ເສຍເງີນຫລ້າໆ,0
ດີຫຼາຍຯ,1
ບໍ່ມີເພງໄທເພງລາວໃນສຕໍລີ່,0
ຮູບພາບດັ່ງກ່າວ,1
ສຶ່ສານໂດຍຕົງດີຫຼາຍ,1
ເຫັນວ່າມີຜົນປະໂຫຍດຫລາຍສະດວກ ງ່າຍ ນໍາໃຊ້ສະບາຍ,1
ດີຢູ່ຖ້າມັນໃຫ້ດີຈີງຕ້ອງມີຄົບຮວ່ມເຖິ່ງເພງຊົນເຜົ່າອິ້ວມ້ຽນຈະດີຫາຼຍໆໆ.,1
ເຊັ້ນສຸດທາຍ,1
ຄິດຮອດຄົນທີເຂົາບ່ເຄີຍຮັດເຮົາເລິຍ,1
ດີຫລາຍກົວເກົ່າທັງຫມົດສໍາລັບການໃຊ້ເວລາທີ່ທ່ານຕ້ອງການເພື່ອເຮັດໃຫ້ເປັນການດີ,1
ໂຄສະນາຫລາຍກາຍ,0
ໂຄດຊ້າສະແກນໂຍດຍາກໂອນເຂົ້າກະເປົາກະບໍ່ໄດ້ແຖມໂອນເຂົ້າແອັບອື່ນກະບໍ່ໄດ້ປັບປຸ່ງໃຫ້ສົມຊື່ທະນາຄານພັດທະນາແດ່,0
ມີຄຸນປະໂຫຍດຫລາຍ,1
ບໍ່ມັກອ່ານຄໍາຂໍລູກຄ້າຂໍຍັງກະບໍ່ໃຫ້,0
ປັບປຸງແດ່ເຂົ້າແອບບໍ່ໄດ້,0
ພັດທະນາໄວໆແນ່ເດີ້,1
ນ້ອງ ມູາ,1
ໃຫ້ຄະແນນ5ດາວ,1
ຄັງເພດ,1
ຄ້າງດຸໂພດ,0
ຫລິ້ນໄປຫລິ້ນມາລະເຂົ້າລະບົບບໍໄດ້ກົດເຂົ້າໄປລະເປັນຈໍສີຂາວໆບໍຂື້ນຈັກເທື່ອ,0
ໂຄດດີ ຫາແຟນໃຜຢາກໄດ້ເຟສທັກມາ ຊື່ເຟສ ແປ້ງ ລູກສາວຫຼ້າ ເປັນຮູບຜູ້ຍິງປ່ອຍຜົມໃສ່ເອັບເຟັກໃຍແມງມຸມເກາະຫນ້າ ຢ່າລືມທັກມານ່ະຈ່ະ,1
ອູ່ນເຮຶອນ,1
ກັນກາບໍຕິໂຕ ກັນຖ້າລະຫັດໂຕສົ່ງມາຈົນໂທລະສັບເສ້ຍ,0
ຊ້າງ,1
ດີໃຊ້ງາຍເຫມາະກັບທຸກໆຄົນ,1
ມ່ວນແທ້,1
ຕາສະແຕກ ຢູພ້ອຍ9800ແລກດາຕ້າກະບໍ່ໄດ້ຄືແຕ່ກີ້ ຍາມຈໍາເປັນມາຢືມເງິນກະບໍ່ໄດ້ມີແຕ່ບອກວ່າຊໍາລະຫນີ້ກ່ອນທັ້ງໆທີ່ເຕີມຕະຫລອດຢືມຍ້ອນຖືກກາງຄືນໄປຊື້ບັດບໍ່ໄດ້ຊື່ໆເສືອກຢືມບໍ່ໄດ້ ແນະນໍາໃຫ້ລົບຖິ້ມສາເດີລະບົບຕາຍໆນິ ຢາກຮ້າຍເດະ,0
ດາວຫນຶ່ງໄປກອນ ເປັນຫຍັງແອັບຂອງຂ້ອຍອັບຮູບລົງບໍ່ໄດ້,0
ຕັ້ງແຕ່ອັບເດດແອບມາກະເຂົ້າບໍ່ໄດ້ອີກເລີຍ,0
ຄິດຮອດເລີ,1
ດີລາຍສະດວກໄນການຊື້ເລກອິອິ,1
ຢາກໃຫ້ປັບປຸ່ງສັນຍ່ານໃຫ້ໄວ່ກ່ອນນີ້ອິກ,1
ອາ້ຍກື່ມ ສີປະເສີດ,1
ໃຊ້ຮຽນເຫມາະສົມ,1
ລ໋ອກອິນກະບໍ່ໄດ້ຊ້ໍາພິມເບີໂທໃສ່ລະກົດເຂົ້າສູ່ລະບົບບໍ່ເຫັນຊິມີຫຍັງເກີດຂື້ນຢູ່ຊື່ໆ,0
ມັກຫລາຍໃຊ້ດີ,1
ລົງທະບຽນເບີໂທເຮັດຈັງໃດແຈ້ງແດ່ເຂົ້າບໍ່ໄດ້ເລີຍ,0
ຮຽນຮູ້ຫລາຍຢ່າງ,1
ແອັບນີ້ສະດວກສະບາຍຫລາຍສໍາຫລັບຜູ້ຕັ້ງໃຫມ່ຖ້າບໍ່ມີຫມູ່ແນະນໍາໃຊ້ລະຫັດນີ້ເດີ66960762,1
ດີຫລາຍມັກຄັກຫຼາຍແອັບນີ້,1
ດີນ້າ,1
ອາຊີ,1
ບໍຮູ້ວ່າເຂົ້າໄປລົງທະບຽນແລ້ວໆກົດຍືນຍັນແລ້ວກະຍັງມາບອກວ່າເບີຂອງທ່ານບໍ່ໄດ້ລົງທະບຽນກົດກາຍ10ລອບແລ້ວຍັງບໍ່ໄດ້ ຂໍເວົ້າຍາບຄາຍ ກູບອກເລີຍວ່າແອບໂຄດຄວາຍລົງທະບຽນກະເປັນປີ ແຖມຍັງມາບອກວ່າທ່ານຍັງບໍ່ໄດ້ລົງທະບຽນໂອຍຍຍກູລະເມື່ອຍ ຍັງມີອີກແລ້ວກົດເລື່ອກພາສາ ກົດພາສາອັງກິດ ແລ້ວທັດໄດ້ພາສາລາວ ກວດພາສາລາວຊ້ໍາພັດໄດ້ອັງກິດ ອັ່ນນີ້ກະງົງ ແລ້ວຍັງມາບ໊ອກເບີອີກແລ້ວບາງຄົນທີ່ເຂົາບໍ່ທັນໂຫລດແອບຄວາຍນີ້ເທື່ອແລ້ວໃຫ້ເຂົາໂຫລດແບບໃດ ຟາກໃຫ້ຄິດແລ້ວປ່ຽນແປງດ່ວນ ກະລົງທະບຽນແລ້ວໆກະສົ່ງຂໍ້ຄວາມມາບອກແນ່ວ່າເຮົາລົງໄດ້ຫລືວ່າບໍ່ໄດ້,0
ໄວແດ່,1
ມັນຄືເຂົ້າບໍ່ໄດ້ ມັນເດັ່ງອອກ,0
ໂຄດຫ່ວຍແຕກ,0
ດີຫຼ່າຍ,1
ດີຫລາຍເດີຊົມເຊີຍ,1
ໂອ້ຍກູສິໄດ້ຂື້ນທະບຽນຢູ່ບໍເນາະ,0
ເນັດອອກຍາກໂພດ,0
ຕິດຕາມຂາ່ວສານອື່ນໆ,1
ສິນລະປິນບ້ານນາ ທະເລສິນ ຖິ່ນປາກເຊ talesin tinparkse ຝາກຕິດຕາມແດ່ເດີພີ່ນອ້ງ,1
ພັດທະນາຕໍໄປ,1
ໄຊ້ດີເລີຍ,1
ຄຶເດັງວະ,1
ຕັ້ງບໍ່ໄດ້ໂຫລດມາແກ້ໄຂແນ,0
ໄມດີເລີອຍ,1
ຂອ້ຍຕອ້ງການໃສແອັບ,1
ພັດທະນາ ຝາກ 3ວັນໃຫ້ແດ,1
ມວຍຸ,1
ດີຢູ່ແຕ່ບໍ່ມີເພງໃສ່ຄືຂອງຫມູ່,1
ແຕ່ກ່ອນໃຫ້5ດາວດຽວນີໃຫ້2ບໍ່ມັກປານໄດ້ຂອງລະບົບໃຫມ່,0
ຮັກກັນ,1
ເສົາໆຂ້ອຍບໍ່ຮູ້ວ່າສ້າງແອັບເພື່ອຫຍັງເວລາເຕິມ ຄ່າທໍາເນຍກໍແພງໆບາດສະມັກແພັກເກັດລະໄດ້ເທົ່າກັນກັບຄົນບໍ່ໃຊ້ແອັບເວົ້າງ່າຍແອັບນີ້ບໍ່ມີປະໂຫຍກ,0
ໄຫ້ດີຂຶ້ນ,1
ຕອງການໃຊ ເວັບ,1
ເປີດໂມດມື້ຊາຊີບໄຫ້ແນ່,1
ເຮົາຕ້ອງການດາວໂຫລດເຟສບຸນເທົ່ານັ້ນ,1
ໃຊ້ດີລາຍໆ,1
ເຄີຍຖູກຫວຍ,1
ໃຊ້ດີ ພັດທະນາໄປເລື້ອຍໆເດີ້,1
ໄມວອນໂຕນ້ອຍເດີ,1
ງອຸືປາທຶນຄໍ,1
ຮັກເດື,1
ລະອຽດດີ,1
ຊິວິດດີຂື້ນ,1
ພາວັນ,1
ປັບປຸງໃຫມ່ຄືບໍ່ແຈ້ງເຕືອນເວລາເງິນເຂົ້າເງິນອອກ,0
ບໍຕ້ອງຍາງໄປທາງນອກໃຫ້ເມືອຍແລ້ວໂຊໄຊຊ່ວຍໄດ້ທຸກຢາງ,1
"ໃຊ້ງານສະດວກ,ສະບາຍ",1
facebook ບົ່ງບອກເຖິງຕົນໂຕທີ່ແທ້ຈິງໆ,1
ເສຍດາຍໂອນຕ່າງທະນາຄານບໍ່ໄດ້,1
ການໃຊ້ງານໄດ້ດີ ເສຍຢ່າງດຽວຄືເຂົ້າໃຊ້ງານຫຼາຍເຄື່ອງພ້ອມກັນຄື uber ຫລື grab ຍັງບໍ່ໄດ້ ເລີຍຫຍຸ້ງຍາກສໍາລັບຄົນມີຫຼາຍເຄື່ອງທີ່ຕ້ອງສະລັບໄປມາຕະຫຼອດ.ອີກຢ່າງຄືລົດມີແຕ່ສະເພາະໃນເມືອງ ເຂດວຽງຈະເລີນຕອນຈະໃຊ້ບໍ່ມີລົດ ຖ້າປ່ຽນໄປແຖວທາດຫຼວງລະມີລົດ ຊ່ວຍແກ້ໄຂຈຸດນີ້ແດ່,1
ໃສ້ລະຫັດນີ້ເລີຍ46102772,1
ລະບົບບໍ່ສະຖຽນ,0
ໂດຍ ເຈົ້າກ່ອນຫມົດກໍ່ຂໍກາບສະບາຍດີ unitel ຕົວຂ້າພະເອງກໍ່ເປັນຄົນຫນື່ງທີ່ນໍາໃຊ້ແອບນີ້ ມີບາງຄັ້ງອາດຈະຊ້າແລະບໍ່ທັນໃຈກໍ່ຈິງ ແຕ່ຂ້ອຍຄິດວ່າ ເປັນແອບທີ່ໃຫ້ຜົນປະໂຫຍດຫລາຍ ມັກຟັງເພງໃນນີ້ແຮງບໍ່ຕ້ອງດາວໂຫລດເພງເຂົ້າທລສເລີຍເພງລາວເພງໄທເພງເກົາຫລີ ແລະທີ່ຖືກໃຈເພງ ສາກົນມັກແຮງ ບໍລິການດີ ບາງທີ່ຫມຸນວົງລໍ້ ກໍ່ໄດ້ເນັດຟຮີນໍາໄຫລ ບອກເລີຍວ່າປະທັບໃຈແຮງ ອາດຈະຍັງບໍ່ດີແບບລະດັບສາກົນແຕ່ເຮັດໄດ້ຊ່ໍານີ້ກໍ່ຖືວ່າດີຫລາຍແລ້ວ ປັບປຸງໄປເທື່ອລະຂັ້ນເດີນຫນ້າໄປນໍາກັນຂໍເປັນກໍາລັງໃຈໃຫ້ທຸກພາກສ່ວນທີ່ກ່ຽວຂ້ອງ ລາວເຮັດລາວໄດ້ ລາວໃຊ້ລາວຈະເລີນ,1
ຄໍາອົມຮຽມ,1
ຈ່າຍ,1
ລົງທະບຽນເບີໂທລະສັບຍັງບໍ່ໄດ້,0
ຟັງເພງແບບບໍ່ເສຍດາຕ້າຫນັງຫນັງກະຊະບາຍ,1
ກໍາລັງຊິທົດທົດລອງໃຊ້ຈຮາ,1
ປວບຖັ່ງມຶງຄືມັກຄ້າງ,0
ເປັນຫຍັງຄືດາວໂຫຼດບໍ່ໄດ້.ຫຼືວ່າຕ້ອງໄປແຈ້ງຢູ່ສູນພຸ້ນບໍ,0
ຮັກ ປີຊາຈັນ,1
ກາກຫລາຍຕັ້ງແຕ່ອັບເດດໄຫ່ມ,0
ດີໃຫ້ນໍາ,1
ດາວໂລດບໍ່ໃດ້,0
ຂອງມາກ,1
ອະນາຄົດຍັງອີກກວ້າງໄກ ຖ້າເຮົາເອົາໃຈໃສກັບການຮຽນ,1
ສະນັບສະຫນູນຍາງວອນໄວ,1
ວາງ,1
ເບິ່ງຄືມີແຕ່ລາວໃຊ້ເນາະ,1
ຕີດຕັ້ງຍາກແຮງ ບໍ່ສົ່ງລະຫັດມາຈັກເທື່ຶອ,0
ຄືໄຊ້ບໍ່ໄດ້ ບໍ່ໄດ້ແຕ່ລີ້ມຕົ້ນ,0
ບອກວ່າໄດ້ດ້າຕາຄືບໍໄດ້ຫວ່າ ເກີນ,0
ພະນັກງານເວົ້າບໍ່ມ່ວນ,0
ໄຊ້ງ່າຍດີ,1
ກໄຍໄບ,1
ໃຊ້ງາຍປະຢັດເງີນເຊື່ອຖືໄດ່,1
ຕຕຕ ຄຄໍລໍລໍລລ ຕ,1
ໃຊ້ງານໄດ້ທັນໃຈ.,1
ທາບໍມີຄືບລີ່ນບຊໄດ້,1
ດີໃຈທຮບໍ່ໄດ້,1
ເຂົ້າບໍ່ໄດ້.ລະຫັດບໍ່ຖືກຕ້ອງທັງທີໄສ່ຖືກ.ພໍຖ້າລະຮັດຜັດບໍສົ່ງມາ?,0
ຫັດ,1
ເອົາທີ່ສະບາຍ,1
ດີ ຫຼາຍ ຢາກຍິ່ງຂື້ນໆໄປອີກ ຂອບໃຈ,1
ແຍ່ມາກ ໂຫລດມາກະວ່າຊິລົງທະບຽນເບີແຕ່ບໍມີບ່ອນລົງ,0
ຢາກໄດ້ message ແບບເກົ່າ,1
ແບບໄດ້,1
ແອັບຯໃຊ້ງ່າຍໃຊ້ສະບາຍ,1
ສິແກ້ວຢາເລິດ,1
ໂຄດຂອງໂຄດຂອງໂຄດດີ,1
ໃຊ້ດີໃຊ້ຕະຫລອດເປັນສິບກວ່າປີແລ້ວ,1
ໄມບັງຄັບ,1
ສັ່ງແລ້ວມັກສັ່ງບໍ່ໄດ້,0
ເປັນບ້າຕີຂ້ອຍເອົາເງິນເຂົ້າບັນຊີລະເຂົ້າລະບົບບໍ່ໄດ້ລອກວ່າຫມົກອາຍຸນໍາໃຊ້ທັງທີ່ໃຊ້ດີມາຕະຫຼອດພໍແຕ່ໂອນເງິນໃສ່ເຂົ້າບໍ່ໄດ້ຢ່າຄິດສິໂກງແບບນີ້,0
ກໍາລັງສົດຊື່ນ,1
ຢາກໄດ້ສອງເຟສ,1
ເຂົ້ານານໄດ້ ຕື່ມບັດກະຍາກ ເຂົ້າຍາກສຸດໆ,0
ມະນີວັນ ເກດສະໃຫມ່,1
ແຟນຄະ,1
ຢອດຢ້ຽມ,1
ມັນເດັ້ງ ເຂົ້າບໍ່ໄດ້ໃນຕອນນີ້,0
ຢາກໃດ,1
ໄຊ້ດີຫລາຍແຕ່ເຮົາລືມລຶບມັນອອກໄປໄປເລີຍໂຫລດມາໄຊ້ໃຫມ່ວ່າຈະໄດ້ບໍ,1
ເປັນແອັບທີໃຊ້ດີ,1
ນ້ອງນ້ອຍ ໄຊຍະສິດ,1
ເບີ່ງແອັບດຸ ແມ່ນບໍ່,0
ສະດວກງ່າຍໃນການໂທ,1
ເຂົ້າແອັບຊ້າໂພດແລະກະຕຸກຫລາຍ,0
ຫາກໍ່ທົດລອງໄຊ້,1
ເພັດໍາເນີນງານ,1
",ດີຫລາຍ",1
ມີເກມສີ້ກັນບໍຢາກຫລິ້ນ,0
ນະພະນາປີ,1
ດູິ,1
ຕ້ອງການໃຊ້,1
ເຂົ້າໄປໃນແອັບບໍ່ໄດ້ຈົນໄດ້ລົບລະໂຫລດໃຫມ່ ປັບປຸງດ່ວນ,0
ດີຫລາຍສັ່ງອາຫານໄດ້ໄວ,1
good app ເປັນແອັບທີ່ສະດວກສະບາຍຫຼາຍຈະຈ່າຍຄ່າຫຍັງກະງ່າຍບໍ່ຈໍາເປັນຕ້ອງໃຊ້ເງິນສົດ,1
ຫລີ້ນບໍ່ໃກ້,1
ສວຍຈັ່ງ,1
ຮືາຮືຮນາ ອຮ,1
ດີຢູ່ແລ້ວ,1
ລົກ,1
ລະຫັດແນະນໍາ51004946ປ້ອນໃສ່ແນ່ເດີ້,1
ສູດຍອດຮັບຮູ້ທັນເຫດກາຮຍ່າງວ່ອງໃວ,1
ຫລິ້ນມວນມີຄວາມສຸກດີມັກຫລາຍ,1
ສຸດໃບອ່ອນ,1
ໃຫ້ບໍລິການດີວອງໄວ້ທັນໃຈ,1
ໄດ້ດີເລີດ,1
ທິງສາຍເຈດີ,1
ສັນຊອບ,1
ຍິນດີທຸກຢ່າງ,1
ໄມອາດໄຊຍະແສງ,1
ອໍາພອນແສງດາລາ,1
ເອີ້ນວ່າຄົນອັບຈາກໍຂ,1
ດີມາດເລີຍ ບ້ານທົ່ງມັ່ງ,1
ຊ້າໂພດແອບນີ້,1
ໃຊ້ງ່າຍ ສະດວກ ປອດໄພ,1
ປ່ຽນເບີວອດແອບ,1
ຄົນມີນ້ໍາຕາ,1
ອັບເດດໃຫມ່ລະບົບກັບມາເກົ່າກວ່າເດີມສະຕິກເກີ່ບາງຕົວຫາຍຫມົດແກ້ໄຂດວ່ນໆ!,0
ໄດ້100,1
ດີມາກກເລີຍມັນມິປະໂຫຍດຫຼາຍຢ່າງແລະສໍາຄັນຫຼາຍ,1
ອັດສອດແອັບບໍ່ໄດ້ແກ້ໄຂໃຫ້ແດ່,0
ສັ້ນບໍໄດ້ຈັກເທຶອເລີຍ,0
ບໍ່ເປັນຕາສະແຕກສັນຍານຊ້າຫມາບໍ່ແດກຄວຍ,0
ແອັບລົງທະບຽນເບີບໍ່ໄດ້ ເຂົ້າລະເດັ້ງອອກຕະຫຼອດ ປັບປຸງແດ່ເດີ້,0
ດີຫຼາຍແລະສະດວກສະບາຍທີ່ສຸດ,1
ອັບເດດ ດຸເກີນ,0
ແສນ,1
ມັກອີ່ຫລີ,1
ອັບເດດແລ້ວ ເຂົ້າຫລິ້ນເດັ້ງອອກຕະຫລອດແກ້ໄຂໃຫ້ແດ່ຈັກເປັນສົ້ນຕີນຫຍັງວະເຊັງໂວຍ,0
ມັນລົງຢາກກ້າຍໃຊ່ຂໍມູນໄປຫມົດແລ້ວກໍ່ຍັງບໍ່ໄດ້ອີກ,0
update ບໍ່ສົມບູນ ກະລຸນາແກ້ໄຂ້ດ້ວຍ,0
ໄມເກັາ.,1
ບໍ່ຢາກໃຫ້ບໍ່ມີຂ່າວຫຼື່ການຕິດຕາມກັບບຸກຄົນອື່ນໃນwhatsappຢາກໄດ້ເວີຊັ້ນເກົ່າ,0
ທ້າວສົມຊາຍ ເຂັມມະລາດ,1
ແອັບນີ້ຄັກຫລາຍ,1
ໃຊ້ດີມີປະໂຫຍດ.,1
ສາຍໃຊ່ໃດ້ດີໆໆໆ,1
ດີໄຈເລິຍແອັຍນີ້,1
ຕ່າເດັດລາວ,1
ຈິດໃຈ,1
ແອບໂຄດແຍ່ລະຫັດແນະນໍາຕົວແມ່ມໃສ່ບໍ່ໄດ້,0
ຂໍຖາມແນ່ເຟສບຸກເປັນຫຍັງຕອນນີ້ຄືສະຫມັກບັນຊີໃຫມ່ບໍ່ໄດ້,0
ບໍ່ມີບ່ອນໃຫ້ລົງທະບຽນ ປັບປຸງແດ່ເດີ້ ດາວຫນື່ງກະຍັງບໍ່ຢາກໃຫ້,0
ສົນທະນາກັບເພື້ອນ,1
ດີວອ່ງໄວທັນເວລາ,1
ໃຊ້ສະດວກສະບາຍທັນໃຈ,1
ເປັນຄົນມິລະດັດສູງ,1
ກອກຂໍ້ມູນຈັ່ງໃດກະບໍ່ໄດ້ ແກ້ໄຂແດ່ເດີ,0
ສົ່ງລະຫັດໃຫມ່ໃຫ້ແດ່ລືມລະຫັດລືມແລ້ວ,0
ອັບເດດຕະຫລອດແລະກະໃຊ້ຍາກເຂົ້ານັບມຶ້ ເຂົ້າໃຈຢູ່ວ່າເພຶ່ອຄວາມປອດໄພ ແຕ່ຖ້າອັບເດດເວີຊັ້ນໄຫມ່ແລ້ວໃຊ້ຍາກຂະຫນາດນີ້ ກະຢ່າສູ່ເຮັດສະເວີຊັ້ນໃຫມ່ນະ ແທນທີ່ສິໃຫ້ມັນສະດວກພັດວ່າສໍ້ຊ້ໍາ,0
ດີ່ລາຍ,1
ແມ່ນຫຍັງຄືວ່າດົນແທ້,1
ໃຊ້ງານໄດ້ດີບໍ່ມີຂໍ້ຕິ ເປັນກໍາລັງໃຈໃຫ້ພັດທະນາຕໍ່ໄປ,1
ໃຊ້ງານດີສົມຄວນ,1
ມັກເລີຍ,1
ລະບົບຊ້າແຮງເບີ່ງການເຄື່ອຍໄຫວບໍໄດ້,0
ຄົນຄຕຕຟ,1
ສະນຸກຫລາຍດີເດິ້ພີ່ນ້ອງ,1
ດີມາກຄະ,1
ອັບເດດໃຫມ່ນິແຮງຫນັກກວ່າເກົ່າເຂົ້າສູ່ລະບົບກະບໍ່ໄດ້,0
deeດີ,1
ເດັ້ງອອກຕະຫລອດ ລົງທະບຽນບໍ່ໄດ້,0
ຢາກຜູກມິດກັບເພືອນທຸກຄົນ,1
ຮູ້ສຶກຍີນດີ ແລະປອດໃຝ,1
ໃຊ້ງານງ່າຍ ສະດວກ ທັນສະໄຫມດີ,1
ປັບປຸງແນ່ ຊ່ວງ8ໂມງແລງຫາ10ໂມງແລງ ເຂົ້າກາຢາກຈະຈ່າຍຄ່າເຄື່ອງກາບໍ່ໄດ້ຢື່ນຖ້າ ແອບໂຫລດເປັນຊ່ວງໂມງ,0
ຄັກໆ ສະຫນັບສະຫນູນ ໃຫ້ຄົນມີງານເຮັດ ຈະໄດ້ບໍ່ເປັນ ຂີ້ລັກ ເປັນໂຈນ.,1
ນູທອງຄໍາ,1
ກາກໂພດເຂົ້າຍາກເຂົ້າຊ້າ ບໍ່ປັບປຸ່ງຫຼັງເລີຍ,0
ໄດ້ຮງນ້ຮູ້ລາຍຢາງ,1
ເຂົ້າແອບຍາກຫລາຍ,0
ຕິດຕັງແອັບ,1
ຍາກໄດ້ເງິນ,1
ດີຫຼາຍສື່ສານສະດວກ,1
ກົດເຂົ້າແອັບ ຫມຸນຕິ້ວໆ,0
ໂທອອກໂທເຂ້າຄືບໍໄດ້,0
ໂຄດແຍ້ແຮງ ລົບອອກສາລະຫັດຕົ້ນທາງປາຍທາງ ຈັກແມ່ນອີຍັງໄຊ້ຍາກໂຄດໆ ບໍເຕືອນຍັງເລີຍ,0
ດີດີດຮເ,1
ມັກຫລາຍແອັບນີ້ ໂອນງ່າຍ ໂອນໄວ,1
ອັບເດດຕະຫຼອດຊາດ,0
ສາມາດແຊັດຫາກັນໄດ້ໂທໄດ້,1
ເປັນແອັບທີ່ທັນສະໃຫມແລະສະດວກສະບາຍ,1
ລົງຊື່ເຂົ້າໃຊ້ກະຍາກ ປຽ່ນເປັນພາສາລາວກະບໍ່ໄດ້ ແກ້ໄຂໃຫ້ແດ່ ຍອມເລີຍ,0
ບອດແອບ,1
ນ້ອຍມະນີວອນວົງອໍາຄາ,1
ປ້າພອນ,1
ຢອດຢຽທຫຼາຍ,1
ແອບບໍ່ດີສະຫມັກລະຫັກບໍ່ເຫັນມາເລີຍ,0
ດີຫລາຍສໍາລັບການໂຄສະນາ ແລະເຜີຍແຜ່ຂໍ້ມູນຂ່າວສານ ພ້ອມທັງການຕິດຕໍ່ພົວພັນຕ່າງໆ,1
ກະດີຢູ່ນ່າ,1
ໄຫ້ປະໂຫຍດຫລາຍຢ່າງ,1
ລົງທະບງນໃຫ້ແດ່,1
ຂອບໃຈທີ່ໃຫ້ບໍ່ລິການ,1
ເຂົ້າແລ້ວລ່ະເດັງເຂົ້າຫລິ້ນຍັງກະບໍ່ໄດ້ເຂົ້າແລ້ວລ່ະເດັງອອກແກ້ໄຂບ່ອນນີ້ແດ່ເດີ,0
ຫັງໂປງ,1
ຢ່ຽມ,1
ແບບເກົ້າຫັນກະດີແລະນ່າ ໄປປຽນແບບໄຫມ່,0
ແອັບກາກສຸດ ລັອກອິນໂຕເກົ່າຂໍ້ມູນພັດບໍ່ອອກມາແບບເກົ່າ ແນະນ້ໍາແກ້ໄຂລະບົບລັອກອິນຄືນໄຫມ່ ປິດການໄຊ້ແອັບນີ້ມາດົນໂຫລດມາໄຊ້ໄຫມ່ ພັດວ່າບໍ່ເຫັນຫຍັງຍອດເງີນໃນບັນຊີກະບໍ່ເຫັນ ພະນັກງານກະຕອບຄືຄົນທໍາມະດາແບບບໍ່ຮູ້ກ່ຽວກັບລະບົບຫຍັງເລີຍຄືບໍ່ແມ່ນພະນັກງານໃນບໍລິສັດ ຄືຄົນທົ່ວໄປແຊທຕອບເຮົາ,0
ແອັບນີ້ດີຫຼາຍເຕີມບັດກໍ່ໄດ້ເງີນຄືນສ່ຽງໂຊກກໍງ່າຍແລະສະບາຍໃຜທີ່ໂຫຼດແອັບນີ້ມາໃຫມ່ສາມາດໃສ່ລະຫັດຜູ້ແນະນໍາໄດ້ເດີ 86680070 ຖ້າໃສ່ຈະເປັນການຂອບໃຈຢ່າງຍິ່ງຂໍໃຫ້ເຮັງໆກັບການສ່ຽງດວງເນີທຸກຄົນ,1
ດີອີລີ ສຸດຍອດ,1
ສົ່ງໄວອາຫານກໍແຊບ,1
ໃຊ້ໄດ້ດີຫຼາຍ ບໍ່ຕ້ອງໄປສູນ ຢູ່ໃສກໍ່ລົງທະບຽນໄດ້ ຂ້ອຍລົງແລ້ວ 3 ເບີ້ 3ເຄືອຂ່າຍ ຂອບໃຈທ່ານ ທີ່ສ້າງຄວາມສະດວກໃຫ້ພວກເຮົາ,1
ເປັນຍັງບໍໄດ້ລີລະໄດ້ເດີ,1
ແຊ່ບໍ່ໃດ້ໃຊ້ງານບໍ່ດີຄືເກົ່າ,0
ຫຼລາກລາຍ,1
ດີຫຼາຍດຽວນີ້,1
ຫ້າ,1
ມີຫນ້ອຍ,1
ຫນ້າພໍໃຈ,1
ປັບເວີຊັນໃຫມ່ອັບເດບບໍ່ໄດ້ເຂົ້າຈົນ ໂທສະລັບຮ້ອນຍັງບໍ່ໄດ້,0
ຂອບໄຈຈຮ,1
ສ.ປ.ປ.ລາວ.,1
ໃສ້ດີລາຍ,1
ok ດີມາກໆເລີຍ,1
ມັນຕັງບໍໄດ້,0
ເຄີຍລີນແລ້ວ,1
ແອປຫົວຄວຍຕິດຕັ້ງຊິເຂົ້າເບີກະມີແຕ່ເດັ້ງອອກ,0
ມັກຫລາຍໃຊ້ສະດວກ,1
ແອັບໃຊ້ດີຫລາຍ,1
ໄກ່ໆ,1
ຜູ້ບໍລິການຫນ້ອຍ ຜູ້ໃຫ້ບໍລີການກໍຫນ້ອຍເຊັ່ນກັນ ຢາກໃຫ້ຫັນມາສົນໃຈດ້ານການຕະຫຼາດ ແລະ ການບໍລິການອີກ ຖ້າຄົນຮູ້ຈັກໃຊ້ແອັບຫຼາຍ ກໍ່ຈະດີແກ່ຜູ້ຂັບໂລກ້າເອງ,1
ດີງາມເດີ,1
ລູກຫຼີ້ນຫຼາກຫລາຍ.ລ້ວນແລ້ວມີປະໂຫຍດ,1
ສຸດຍອດຄວາມພັດທະນາ,1
ດີໄຈຫຼາຍທີໄດ້ໄຊ້ແອບນີ້ແລະທາງສູນຢູນິເທວສ້າງແອບນີ້ຂື້ນ,1
ສົ່ງຮອດບ້ານກະແວລິກູດຫລາຍ,1
ຊອກຫລີນມາກໆດ້ວຍນະ,1
ກໍດີຢູ່ແຕ່ຢາກແບບມີຂອງຂັວນແຈກເປັນດາຕາແບບທິດລະເທື່ອນ່າຈະດີນາ,1
ແອບໃຊ້ບໍ່ໄດ້ເລິຍກາກແຮງ,0
ອັບເດດແລ້ວກໍຫລີ້ນບໍ່ໄດ້,0
ອັບເດດແລວເຢ້,1
ເຟດບຸກ,1
ຕີມາກ,1
ມັກຫລິ້ນມວນດີ,1
ກູ້ຂໍ້ມູນຄືນ,1
ສາວນ້ອຍ ຂີ້ໃຫ້,0
ດີຢູ່ໆ ຕິ .,1
ແກັ໋ວ,1
ເຂົາຢາກໆ,0
ຈີ່ເຮີ144,1
ແອບສ້ນຕີນກູ່ຖ້າລະຫັດ otp ເປັນຊົ່ວໂມງຍັງບໍ່ມາເຊີນພັດທະນາແດ່ແອບໃຫມ່ແດ່,0
ເກີນໄປບໍ ຂ້ອຍສິໃຊ້ my unitelກະບັງຄັບໃຫ້ມາໂຫຼດລາວແອັບ ຂື້ນໂຄສະນາລັອກບໍ່ໃຫ້ກົດໂຄສະນາອອກ ແລະ ຄືສິຫຍຸ້ງຍາກແທ້ ລາຍຊື່ຕິດຕໍ່ຂໍ້ມູນສ່ວນຕົວບໍ່ຢາກເປີດເຜີຍກະບໍ່ໄດ້,0
ຫລິ້ນສະບາຍທັນໃຈ,1
ບໍ່ມັກເວລາຊື້ເລກໂຕໃດທີ່ບໍ່ໄດ້ລະບໍ່ໂຊໃຫ້ເຫັນ,0
ມົດໂຕຊີວິດກູນິ,1
ຖືກໃຈຂໍສິດເຂົ້າຮວ່ມ,1
ກາກວະ,0
ອັບເດຊ້າຫລາຍຊ່ວຍແກ້ໄຂໃຫ້ແນ່,1
ທໍາດີບໍ່ມີຄາ່,1
ໃຊ້ສະດວກໃຊ້ໄດ້ຈິງລວດເລວ,1
ໃຊ້ແລ້ວດີອາຫລີ,1
ໄຫ້ເລີຍ5ດາວ,1
ເຄເຄ,1
ຄືມັນດີມາກກກ,1
ອັບເດດຄັ້ງນີ້ໃຊ້ດີທຸກຢ່າງພໍໃຈຫຼາຍໆພັດທະນາຕໍ່ໄປເດີ,1
ເຂົ້າບໍ່ໄດ້ເຂົ້າລະເດັ້ງອອກແກ້ໄຂໃຫ້ແນ່ເດີ,0
ດີແຮງແອັບນີ້,1
ຕອງຄໍາ ໄຊຍະພອນ,1
ອັບເດດໃຫມ່ມີບັກຕະຫລອດເຮັດພາລະກິດຟັງເພງກະບໍ່ໄດ້,0
ເຂົ້າແອັບບໍ່ໄດ້ເລີຍແກ້ໄຂແນ່,0
ເປັນຫຍັງຫວາຄືໂຫລດບໍ່ໄດ້,0
ແນະນໍາໃຫ້ປັບປຸ່ງໃຫມ່ຈະດີກວ່າເພາະຫມູນບາດໃດ້ກະໄດ້ແຕ່ອັນຟັງເພງຮ່ວມກັນກັບເຊິ່ນຫມູ່ຕິດຕັງຫມູນບາດໃດຖືກແຕ່2ຢາງນິ້ໂຄດເບື່ອບໍ່ໄດ້ເງິນຟີຮເລີຍເວລາໂທກະບໍ່ຍິນຍັງ,0
ຊອກປະຫວັດການໂອນເງີນ ເຂົ້າ ອອກ ຢາກໆ,0
ໃສ້ງານງາຍສະດວກ,1
ໃຊເຮັດແນວໃດແດ່,1
ນ້ອຍນ່າ ສີສຸທອນ,1
ດີທີ່ໃນໂລກທີ່ເຄີຍເຈີ້ມາ,1
ຂໍຄູຍ,1
ຖືກໃຈໄຊ້ງານດີ,1
ຂ້ອຍຮັກເຈົາ,1
ຄວາມກ້າວຫນ້າ.,1
ນິນ່ນຍືາບ່ນຮ້ຮແຮ້າຜ,1
ເປ້ັນຫຍ້ັງຈຶງລິ້ນບໍໃດ້ລະ ເບີກະໃຊ້ແລ້ວ ບອກແຕ່ໃຫ້ລໍຖ້າ1ວິນາທີ ນິ້ຖ້າຮອດເປັນ2 3ຊົ່ວໂມງແລ້ວຫຍັງຄືເກົ່າ.ມັນເປັນຫຍັງຫວະແອັບນິ້ນະ,0
ບໍ່ມັກແຮງໃສ່ເພງບໍ່ໄດ້ອັບເດດແລ້ວບໍ່ໄດ້ຄືເກົ່,0
ໃຊ້ດີລາຄາສຸດຄຸ່ມ,1
ບໍມີຄົນແຊັດນໍາ,1
ເອີ້ນລົດຍາກຫລາຍ,0
ເປັນຫຍັງຫມູນວົງລໍ້ບໍ່ໄດ້ບອກວ່າເຈົ້າຫມົດການຫລີ້ນສໍາລັບມື້ນີ້ທັງໆທີຍັງບໍ່ໄດ້ຫມູນຫລີ້ນຊ້ໍາບໍ່ຄັກປານໃດ,0
ວລາວບົດໄບໄວບ,1
ກະດີຢູ່5ດາວ,1
ພູຍ,1
ສະດວກກວ່າກ່ອນ,1
ໃບມສອື່ນ,1
ເປັນຫຍັງເຂົ້າແອັບຄືບໍ່ໄດ້,0
ແອື້ອຍ,1
ເຮັດໃຫ້ເຮົາຕິດຕໍ່ກັບລູກຄ້າໄດສະດວກ,1
ແມ່ວົງດາວັນມີລິດ,1
ຖ້າໄດ້ຄືຄໍາເວົ້າກະຊິດີ,1
ອາຫານໄດ້ຊ້າຫຼາຍ ສັ່ງເປັນຊົ່ວໂມງຍັງບໍ່ໄດ້ກິນເລີຍ,0
ເຂົ້າເບິ່ງຄະແນນລະເດັ້ງອອກມາຈາກແອບບໍ່ດີລາວແອບ ຄັນສິເຮັດຜິດພາດແບບນີ້ຈັກສິໂຄສະນາເພື່ອ,0
ໂອເຄດີ,1
ໃຊ້ບໍ່ເປັນແຕ່ກະກົດດີໄປເລີຍ,1
ເຂົ້າແອັບຊ້າຫລາຍ,0
ໄດດ້າ,1
ບໍ່ສາມາດລົບຂໍ້ຄວາມໄດ້,0
ດ ເຍີິຍ,1
ເນັດບໍ່ຊ້າ ແຊັດກະບໍ່ໄປ ປັງປຸງແນ່ເດີ້,0
ມັກບ໋ອກເກີນໄປ,1
ຊອບມາກເລີຍເລ່ນສະຫນູດມາດ,1
ເດັກຕິດເກມ,1
ໃຊ້ດີເຂົ້າໃຈງ່າຍ,1
ເປັນແອບທີ່ມາດຕະຖານ,1
ຄວາມຮັກບໍພຽງພໍ,1
ມັກລີນສຸດໆ,1
ມັກຄັກ,1
ຫຼັກ5ຄືມາລົງທະບຽນຍາກແທ້,0
ຊິແລກເນັດໂຄດຍາກໂອນເງິນເຂົ້າ10.000ແຕ່ໃນແອັບ0ກີບ,0
ໂຄດສະບາຍແບບນີ່ສຸດຍອດ,1
ແອບນີດີຫຼາຍ ແຖມຫຍັງເບີງຫນັງໂດຍບໍ່ຕ້ອງຢ້ານດາຕາມົດອິກ,1
ເຕັມລ້ອຍ,1
ໃຊ້ງານດີເລີດ,1
ອັບເດດແລ້ວເຂົ້າບໍ່ໄດ້ແກ້ໄຂດ່ວນ,0
ຢ່າລືມໃສເລກແນະນໍາໃຫ້ແດ່ເດີຊ່ວຍໆກັນ 97808312,1
ຂອບໄຈທີໄດ້ຮູ້ເພືອນໆ,1
ໄຊ້ງານດີ,1
ບໍລີການດີ,1
ຕອນອິດນະຫມູນວົງລໍ້ບາດໄດ້ກະໄດ້ດາຕ້າ ມາຫຮັງໆນີ້ຫມູນ4 5ມື້ກະໄດ້ແຕ່ຟັງເພງ ກັບເຊີນເພື່ອນເອົາໄປ2ດາວສະ,0
ເອີ້ນ10 20ເທື່ອ ມື້ກະຍັງບໍ່ມີໃຜມາຮັບ ບໍ່ຄືຕອນຂີ້ຟຣີເອີ້ນປຸບມາປັບ ດຽວນີ້ເອີ້ນຖ້າເປັນຊົ່ວໂມງກະຍັງບໍ່ມີໃຜຕອບຮັບ,0
ເວລາເຂົ້າຫຼິ້ນແລ້ວຫມູນຄັ້ງດຽວກະວ່າຫມົດເວລາແລ້ວທັງທີ່ຊິກົດໄດ້5ຄັ້ງພັດໄດ້ຄັ້ງດຽວ ແກ້ໄຂແກ້ດີ,0
ເຂົ້າຫມູນວົງລໍ້ບໍ່ໃດ້ ຢາກຟັງເພງກະບໍ່ໃດ້ ດ້າຕ້າກະບໍ່ໃດ ແກ້ໄຂໃຫ້ແກ່,0
ວອດແອບແມ່ນແອບທເຈົ້າຫຼືສະແກມເມີເພາະພະຍາມເຂົາຕຶດຕັ້ງເບີດະກົດບໍ່ໄດດໃຫ້ໃປຕິດຕັ້ງຢູີບ່ອນໄມ່ຊື່ງປົກກະຕີເຮົາຕຶດຄັ່ງມາກະຫຼາຍປີຄືກັນສຸດນີ້ແປກໃຫ້ໃປຕີດຕັ້ງເບີໂທລະຫັດຮຸບຢູ່ບ່ອນອື່ນ,0
ແອັບນີ້ຄືນັບມື້ນັບຮ້າຍ,0
ຫວຍແຕກເຕີມບັດກະບໍ່ໄດ້ທຸກເຄື່ອຂາຍເລີຍ ປັບປຸ່ງລະບົບໃຫ້ດີກວ່ານີ້,0
ທ.ກອງເພັດສີພູ,1
ພ້ອມຟັງຊັນຄວາມປອດໄພຕ່າງໆ ລວມເຖິງບໍ່ຈໍາເປັນເປີດບັດເອທີເອັມກໍ່ນໍາໃຊ້ໄດ້,1
ກະໂອເຄແລະສະດວກຢູ່ ແຕ່ມີຂໍ້ດີ ຕ້ອງມີຂໍ້ເສຍ ບາງຄັ້ງການຊໍາລະເງິນກະບໍ່ຄ່ອຍໄດ້ ແລະການສະແກນ ຈົນໄດ້ແກ້ບັນຫາໂດຍການ ຖອນການຕິດຕັ້ງ ແລະດາວໂຫລດໃຫມ່ຈິ່ງໄດ້,1
ຫ່ວຍຫລາຍບໍ່ແຈງເຕືອນ,0
ອາຊີບຊາວນາ,1
ສັ່ງງ່າຍໄດ້ໄວ ແຕ່ຈະມີບາງຮ້ານທີ່ມັກຍົກເລີກອໍເດີ້,1
ອັນເດດແມ່ມັນອີ່ຍັງເອົາແທ້ເອົາວ່າເກາະ,0
ດີຫາຼຍໆແອບນີ້,1
ດີດິດີດີດີ,1
ສັງບໍ່ໄດ້,0
ໂລກຄົນsingle,1
r89ເສວນ້ວຍ,1
ໃຊ້ບໍ່ໄດ້. ຈັກສິເຮັດແອັບມາເຮັດຫຍັງ.,0
ກວດວວດແອັບຄືນໃຫ້ແດ່,1
ເພື່ອນສະຫນິດອີກຄົນກະຄື facebook,1
ໃຊ້ດີ ໃຊ້ຄັກ ເປັນແອັບທີ່ມີຄວາມນິຍົມຫຼາຍພັດທະນາຕໍ່ໄປເລື້ອຍໆ ໃຫ້ 5 ດາວເລີຍ ມັກຫຼາຍ,1
ໃຊ້ດີຄຣັບ,1
ຢາກເຕີມເນັດຍັງເຕີມບໍ່ໄດ້ໃສ່ລະຫັດໄປກະຖືກບ໊ອກ,0
ໃຊ້ໄດ້ດີທັນໃຈ,1
ອຫ່ດ້ວຍຄວາມໄວສູງສຸດແລະເປັນເຈົ້າການພັດທະນາແລະສົ່ງເສີມສຸຂະພາບຂອງຄົນອັບ,1
ນາວິ່ດອິນພະວົງ,1
ຢາດໄດ້,1
ໄດ້ເວົ້າກັບຫນູ່,1
ວັນສີແສງປະເສີດ,1
ຖ່າຍຍາກເກີນ,0
ດີເລີຍ,1
ຄູ້ນເຮນ່,1
ດີດີດີດີ໋ດີ໊,1
ຊອບຫລາຍເດີ,1
ວອງໄວ ທັນໃຈ,1
ຂອບໃຈແອັບດີໆ,1
ບໍ່ຄື່ແຕ່ກອນເລີຍ,0
ແອບນີ້ຊ່ວງນີສົ່ງເຄື່ອງຊ້າແຮງ,0
ບ່າວຕາ,1
ອັບເດດຕະຫອດໂພດ,0
ສະບາຍດີຂ້ອຍໃຊ້ອາລີ້ວຄົນອີວມ້ຽນ,1
ກະok.,1
ດີດີ ສະດວກດີ,1
ໂທລະສັບ sumsung a53 ເຂົ້າບໍ່ໄດ້,0
ນາງບອ່ຍ,1
ບໍ່ມີວິດີໂອ,0
ດີຢງ້ມ,1
ເປີດໃຊ້ງານ,1
ເດັງອອກຕະຫລອດ,0
ໃຊ້ດີແລະໄວ້,1
ສຸດຍອດ ທັງຫມົດ,1
ບໍຕ້ອງໂລດ,1
ແອັບດີແຕ່ລັກ7ຄືເຕັມບໍໄດ້ຢາກໃຫເອົ້າເຂົາໄວໆແດ່,1
ດີດີດີແລ້ວເດີ,1
ຖືວ່າພັດທະມາໄດ້ດີ,1
laoappທຸກຄົນຄວນມີໄວໄຊ້ໄນໂທລະສັບແອັບດີໆ,1
e kyc ຂ້ອຍບໍ່ມີເອກກະສານ ຕິດຕໍ່ພະນັກງານກະບໍ່ໄດ້ ປິດບັນຊີຂ້ອຍອັດຕະໂນມັດອິກ,0
ຊິວິດດີ,1
ສຽງເພງ ໃນ ການ ຈັດ ເກັບ ຂໍ້ມູນ ຂອງ ຜູ້ ຊົມໃຊ້ ສາມາດ ຮູ້ ວ່າ ຈະ ເປັນ ຜູ້ ຮັບຜິດຊອບ ວຽກງານ ຈັດ ຊື້ ແລະ ຜູ້ ຄົນ ໃນ ສັງຄົມ ລາວ ຕິດ ກັບ ແຂວງ,1
ກພິດຈເຂ,1
ເຂົ້່າບໍໄດ້,0
ກະຊ່ວຍໄດ້ຫລາຍຢູ່,1
ດາວໂຫຼດແລ້ວ ເຂົ້າສະມັກເລີຍຢ່າລືມໃສ່ລະຫັດນີ້ດ້ວຍ 79203835,1
ໃຊ້ງານບໍ່ໄດ້ເລີຍ ເຂົ້າໄປແບບ ວ່າງເປົ່າ ໂຫຼດເສຍເງິນເນັດລ້າໆ,0
update ຕະຫລອດ,0
ອັບເດດແລ້ວlogin ບໍໄດ້,0
ນ້ອງໂມ່ນຄົນມັກເອີນ,1
ພະນັກງານບໍ່ມີຄວາມໃສໃຈໄຫ້ລູກຄ້າກະຈອກເຊົາສາເປີດແອັບນີ້ເຮັດມາຫາແມ່ມືງບໍຫົວຄວຍລະບົບກູວ່າແຕ່ເວັບເຖື່ອນນ,0
ໄຊ້ໄດ້,1
ຫລິ້ນມ່ວນຫລາຍ,1
ຢາກອີ້ນເຟຮ,1
ຫນັງໂປໂລຍ,1
ມັກສີ່ງນີ້,1
ອັບເດດແອບບໍ່ໄດ້ເລີຍ,0
whatsapp messnger ມັນສະດວກຕໍ່ຂ້ອຍຕິດຕໍ່ຫາຫມູ່ແລະຄົນອື່ນໆ ສະເພາະຢູ່ໃນຄອບຄົວໄດ້ດີທີ່ສຸດເລີຍ,1
ສິງ,1
ຫາກະລອງໃຊ້,1
ດີສະວກດີ,1
ຊີ່ດາທຍພີ,1
ຂ້ອຍໂຫລດມາແລ້ວເຂົ້າບໍ່ໄດ້ບໍ່ຮູ້ວ່າເປັນຫຍັງ ອາການມັນແມ່ນກົດເຂົ້າແອບແລ້ວກະເດັ່ງອອກ,0
ສາວ ແມວ ຈະ ຈ໋າ,1
ສົນ,1
"ຕັ້ງເນັດເດືອນຫນື່ງ75.000ວ່າສິໄດ້ຄູນ2,ບໍ່ໄດ້ຊໍ້າ",0
ນ.ສີອໍາໄຟ,1
ຄວາຍຄວາຍ,0
ຄົນພໍ່ກະເທີນແລ່ະ,1
ແຫ້ລປະທົມທອງ,1
ເປັນຫຍັງຄືເຂົາແອັບບໍ່ໄດ້ເຂົາແລ້ວຄືເດັງເຂົາເວັບໄຊ,0
ແອັບທິ້ນິ້ຍົມທີ່ສຸດດີທີ່ສຸດ,1
ເຍ່ເ,1
ຕ້ອງການຢ່າງສົມບູນແບບ,1
ທູກໄຈຫມ່າກ,1
ບາງຄັ້ງຍັງບໍ່ທັບຈະແຈັງປານໃດ,0
ເດັດດ,1
ມັກກິນ,1
ຂອບໃຈສ່ໍາຫລັບທຸກຢ່າງທີ່ຜ່ານມາ,1
ດີມາກກກດ,1
ກະດີຍູ່,1
ແອບໂຄດກະຈອກອັບເດດໄຫມ່ບໍ່ມີຫຍັງດີຂື້ນເລຍເນັດກະຊ້າເຕີມເກມກະບໍ່ໄດ້,0
ສົມນືົ,1
ຢາກໃຫ້ມີ ຕື່ມເງິນຜ່ານບັດ ເຂົ້າໃນບັນຊີຢູມັນນີ ເຕີມເກມຜ່ານຢູມັນນີ ຄັ້ງແພັກເກັດຊີມເນັດຜ່ານຢູມັນນີ,1
ໃຊ້ດີໃຊ້ງາຍເຂົ້າໃຈໄວ,1
ອາ້ຍວັນໂສດເດີແຟນບໍ່ມີຈີບໄດ້,0
ຢອດຢຽມມາກ,1
ດີໄດ້,1
ສັນຍານວ່ອງໄວທັນໃຂ,1
ແອັບດີ,1
ເຊບຊືບໍໄດ້,0
ຍາກນໍເຂົ້າອອກ4ເທື່ອຄິດວ່າໄດ້ກະກົດອອກລ່ະວ່າໃຫ້ຂຶ້ນໃຫມ່ອີກ,0
ເກງ,1
ບໍ່ຄອນແຈກເລີຍ,0
ຊ້າຕາຍແທ້,0
ລ໊ອກອິນຍາກຫຼາຍເຂົ້າບໍ່ໄດ້ເລີຍ,0
ຖ້າເປັນຊົ່ວໂມງຊ້າຫຼາຍແອັບນີ້,0
ຕນລາວ,1
ຝ້າຍ,1
ໄຊ້ງານ ໄດ້ດີຢູ່,1
ນັກເລງເກ່າ,1
ສັນຍານບໍ່ສະເຖືຍນ,1
ມັກການສື່ສານ ສຽງ ແລະຈົດຫມາຍແລະພາບ ວິດີໂອ ພອມກັບພາບຕ່າງໆ,1
ດີຫລາຍສະດວກຫລາຍ,1
ດີສະນຸກຊື້ສານສະບາຍ,1
ໃຊງ່ານສະດວກ,1
ຫລິ້ນງາຍ ສະບາຍ,1
app ໃຊ້ງານຍາກ ບາງເທື່ອເມນູກະບໍ່ເຫັນ ບາງເທື່ອຕື່ມເນັດເຂົ້າໄປກະຫຼິ້ນບໍ່ໄດ້,0
ແອັບຢຸດຕະຫລອດເລີຍໄປຮອດຂັ້ນຕອນການເລືອກເຄື່ອຂ່າຍແລ້ວກະອອກຫນ້າຫລັກຄືເກົ່າ,0
ອາຫານຫນ້ອຍ ປິດໄວ ລາຄາຫນ້າຮ້ານກັບລາຄາໂຕຈິງຕ່າງກັນ ບາງຮ້ານໄກເລີຍບໍ່ມີຮ້ານນັ້ນໃນຟູດແພນດ້າ ຄວາມຈິງຖ້າໃສ່ເພີ່ນມາ ແຕ່ບວກຄ່າສົ່ງ20 50ພັນ ລູກຄ້າກາຈ່າຍໄດ້ ຖ້າຢາກກິນ ບາງຄົນກັກໂຕຢູ່ບ້ານອອກບ້ານບໍ່ໄດ້. ຫນ້າຮ້ານຂອງແຕ່ລະຄົນ ບໍ່ມີບ່ອນກົດລີວິວຄືເຟສບຸກ ບາງຮ້ານແຊບແຮງພໍຍອດລີວິວເດັງຂື້ນຫລົງໄດ້ກົດລົບອອກ ມີສະຕິຈະລີວິວຄືນ ກະບໍ່ໄດ້ລະ ບາງຮ້ານບໍ່ແຊບແຮງ ແພງແຮງ ປານກິນເກືອຫ່າວໄດ້ຫ່າວຂາຍຕົ້ມຕຸນ ຄົນທີ່ໂຄດກິນເຄັມທີ່ສຸດມາກິນກະຍັງວ່າເຄັມ ອຸປະກອນບໍ່ຄົບແຕ່ຢາກໄດ້ເງິນ ຍອມ ໃຈຮ້າຍແຕ່ເຮັດຫຍັງບໍ່ໄດ້2ດາວໃຫ້ກໍາລັງໃຈໄລເດີ້ກັບນັກພັດທະນາແອັບ,0
ອັບເດດໃຫມ່ເຮັດຫຍັງກິນບໍ່ໄດ້ກະລຸນາແກ້ໄຂດ້ວຍເດີມເຈົ້າ,0
ກົດເບີໃສ່ແລ້ວ ແຕ່ບໍ່ທີຂໍ້ຄວາມແຈ້ງ ແລບນີ້ວ່າຊິໃຫ້ລົງທະບຽນ ຈະລະງັບກໍລະງັບໄປໂລດ ຂ້ອຍຊິໄປໃຊ້ເບີຫຼັກ2 7 9ເບີບໍ່ອືດ ເຜີໆເນັດດີກ່ວາເບີຫຼັກ5ເປັນ1000ເທົ່າ ສັນຍານກະຊ້າ ຫຼີ້ນໄດ້ບາງເທື່ຶອ ແຕ່ແດກເງີນດາຕ້າປານເງື່ອກ ບໍ່ສະອອນຈັກດິເລີຍ,0
ດີຕາມນັ້ນ,1
ແອປອີຫຍັງປານຜີບ້າ ຕັ້ງເປັນ10ເທື່ອລະຍັງບໍ່ໃດ້ ຄັ້ງແລກໂຄດງ່າຍບາດຄັ້ງທີ່2 ມາເຮັດແນວໃດກະບໍ່ໃດ້ ໃຫ້ພະນັກງານເບີ່ງໃຫ້ກະວ່າບໍ່ຮູ້ເຮັດ,0
ສຸດຍອດໄ ປເລີຍ,1
ບອກເລົ່າປະສົບການຂອງຄຸນໄມ່ບັນຄັບ55,1
ມັນສຸດຍອດຫວະ,1
ທຸກສະຖານະຖູກໃຈວ່ອງໄວ .ok,1
ດີຟູ.ບາງເທືອກະຊ້າ,1
ນໍາໃຊ,1
ສອບມາກແອັບນີ້,1
ຊບູ,1
ຄືໃຫ້ອັບເດດຕະຫຼອດແທ້,0
ຕ້ອງໄຊ້ກອງ້,1
ແກ້ດ່ວນບັນຊີທີ່ສະຫມັກດ່ວຍເບີຫລັກ7ເຂົ້າບໍ່ໄດ້ເງີນຢູ່ເປັນລ້ານ,0
ທີສຸດ,1
ແອັບໂຄດກະຈອກເລີຍໂຫຼດມາລະກະໃຫ້ອັບເດດອັບເດດບັກຫຼາຍໆເທື່ອລະຍັງບໍ່ໄດ້ ເຂົ້າລະເດັ້ງອອກຄືນ,0
ຕີໄຍຄົນທີເຂັາບໍ່ຮັກ,1
ມີໂອກາດຫາຄູ,1
ຖ່ອນກ່ານຕິດຕັງເອງຕິດຕັງຄື່ນບໍ່ໄດ້ມີວິທີແກ້ບໍ?,0
ໄຫ້ຖືກເນັດຈັກ20mbແນ່ກະບໍໄດ້ເນາະໄດ້ຫມຸນ10ເທື່ອຖືກພັງເພງຮ່ວມ10ເທື່ອ.ຍອມມແບບນີ,0
ລືມລະຫັດຜ່ານແກ້ໄຂໃຫ້ເດ,1
ກາກຫລາຍເດີ ມື້ນີ້ເຕີມເງິນໂທລະສັບກະບໍ່ໄດ້,0
ດີຟທໄດ້ດີດີມາກກປກ,1
ຂໍອາໄຜ,1
ອຸ່ນແກ້ວ,1
ຄໍາຫລ້າ ສຸລິຍາ,1
ມີແບບນີ້ລະດີແລ້ວ,1
ກາງໆ,1
ຂໍຂອບໃຈ ທຸກໆທ່ານ,1
ລ໋ອກອິກເຂົ້າຫຍາກໂຄດໆປ້ອນອີ່ເມວ100ເທື່ອກະຍັງບໍ່ໄດ້ດຽວນີ້ລົງທະບຽນຫລັກຫ້ານິໂຄດຫຍາກເດິບອກເລີຍເປັນແບບເກົ່າກະດີຢູ່ລະຍັງເຮັດໃຫ້ມັນຫຍຸ້ງຫຍາກອີ່ຫຍັງກະດໍ້ລົງທະບຽນເບີກະໃຫ້ລົງສອງເທື່ອເຕີມເງີນກະຫຍາກຄັນສິປັບປຸງກະເຮັດໃຫ້ມັນດີກ່ອນເກົ່າກະເຮັດເຂົ້າໃຈງ່າຍໆແດ່ເດີຜູ້ເຂົາໂງ່ເຂົາກະບໍ່ເຂົ້າໃຈ,0
ນ້ອງຕ່າຍ,1
ດີໃຊ້ໄດ້,1
ຟັ່ງຊັ່ນດີໆຕັດອອກເກືອບຫມົດ ເຫລືອແຕ່ແນວບໍ່ເປັນຕາຫລິ້ນ,0
ເວີຊັ່ນນີ້ເດັ່ງປານຫມໍລໍາຊີ່ງເຂົ້າບໍ່ໄດ້ເລີຍຈຮ້າໃຫ້ 1ດາວໄປກ່ອນ,0
ຮັບສົ່ງຢູ່ດາວອັງຄານບໍ່,1
ເປັນຕາອິຕົນແທ້ເດ ດ່ອຍພັກທະນາແທ້ໆໂບຣານເຮັດຫຍັງອອກມາໃຊ້ບໍ່ໄດ້ຈັກອັນລາວຕາລົກເຫະ,0
ໂຫລດກີຄັ້ງກໍກາກໄຊ້ງານບໍໄດ້ຂີ້ໂມ້ ຖ້າພັດທະນາບໍເປັນກະຍົກເລີກສະກູລໍາຄານ,0
ເບີລົງທະບຽນແລ້ວດົນບໍ່ໄດ້ເຂົ້າລະບົບບາດມາເຂົ້າໃຫມ່ວ່າເບີບໍ່ໄດ້ລົງທິບຽນ ຄວນປັບປຸງແນ່ເດີ,0
ແອັບຜີບ້າເຂົ້າລ໋ອກອິນບໍ່ໄດ້,0
ບໍ່ດີຍ້ອນເຂົ້າແອັບຍາກຊ້າເກີນ,0
ຜົນອອກຫວຍຊ້າເກີນໄປ ອັປເດດດຸແຕ່ຄືເກົ່າ ຄວນປັບປຸງຕື່ມ,0
ໃຊ້ດີຢູ່ເດິ.,1
ເປັນຫຍັງເຮົາໃຊ້ແລ້ວຄືບໍ່ໄດ້ດາຕາເນັດເລຍປັບປຸງໃຫ້ແນ່ເດີ້,0
. . ມັກຫຼາຍ,1
ແກ້ໄຂແດ່ ແອບມັນເຕີມເງິນຜ່ານແອບບໍ່ໄດ້,0
ນໍາໃຊ້ດີ ປໍາປຸງຊ້າໂພ້ດ,1
ແອັບລາວແອັບຂີ້ຫມາຂໍລະຫັດtop ເປັນເດືອນບໍ່ເຫັນຂໍ້ຄວາມເຂົ້າ ໄປລົງທະບຽນໃຫ້ຫມາດີກ່ວາແອັບແບບນີ້,0
ເອົາຫ້ອງນີ້,1
ຖ່າຍວິດີໂອລົງສະຖານະຕອນກາງຄືນເປັນຫຍັງຄືມືດຫມົດທັງໆທີ່ມີໄຟແຈ້ງທຸກບ່ອນ,0
ດີຢູ່ແຕ່ມີການອັບເດດຫລາຍໂພດ,1
ດີທີ່ສຸດ ສະດວກສະບາຍ ປະຫຍັດເວລາ,1
ແອບນີ້ດີຫຼາຍ ຫມູນໄດ້ເງີນໂທ ແລະ ເນດ,1
ໄສເພລງບໍ່ໄດ້,0
ກໍ່ເຫງົ້າຄື່ກັນ,1
ໃສງານງາຍຈີງ,1
ໃຊ້ສື່ສານສະດວກ,1
ເວລາຊິເຂົ້າລະບົບມີແຕ່ເດັ້ງອອກຕະຫຼອດ,0
ຫມຸນຖືກຟັງເພງຮວມກັນກະເຮັດຫຍັງບໍ່ໄດ້ແກ້ໄຂແດ່ໃຫ້ດາວດຽວພໍ,0
ຫຼີ້ນເກັ່ງເປັນດີ ລອງຜິດລອງຖຶກໄປ,1
ສຸດຍອດຫຼາຍ,1
ມີຄວາມພາກຟູມໃຈ,1
ນາຕຂາຈ ຕນຈ,1
ມັນເປັນສວ່ນຕົວ ແລະປະຊິດຕິພາບດາ້ນຄວາມປອດໄຟສູງ,1
ໄກ່ ກະຊວງ ໄອໂອໄດດ ວັນ ຫ້ອງ,1
ມີຄວາມສຸກໄດ້ຍິນສຽງແລະເຫັນຫມ້າ,1
ບໍຮູ້ແນວເຮັດ,1
ດີຫຼາຍໆ,1
ດີຫລາຍຂ້ອຍມາຢູໄທຍກໍ່ສາມາດສໍາລະເງີນໄດ້,1
ເລກແນະນໍາ55102901 ແລ້ວທ່ານຈະໄດ້ສ່ວນຫລຸດໃນການຊື້ພ້ອມທັງສ່າງລາຍຮັບໄປພ້ອມກັນ ມາໃຊ້ແອບນີ້ນໍາກັນເລິຍ ເພື່ອຄວາມສະດວກແລະການພັດທະນາທີ່ ເຫນືອກ່ວາ,1
ກາກເກິ້ນຊ່ວງນີ້ ເຂົ້າບັກຍາກເປັນແນວໃດນໍທ່ານເອີຍປັບປຸງແກ້ໄຂໃຫ້ແນ່ເດີ້,0
ດໄຈ,1
ມີ່,1
ນິຍົມໃຊ້,1
ເກືດ,1
ມັນໃຊ້ງ່າຍສະບາຍ,1
ທຸລະກິດການຄ້າຂາຍສິນຄ້າ,1
ຊອບ ມາກ,1
ດີສະເພາະຫມູນໂມຈ່າ,1
ລີລະວ້ນ,1
ພໍໃສ່ໄດ້,1
ເຢັຍໂລ,1
ຂ້ອຍຢາກຮູ້ວ່າບັກໄດສ້າງນີ້ ຫມຸນຖືກແດ່ກິດຈະກໍາບາດດາຕ້າ20mbກະບໍ່ເຄີຍຖືກແດ່ເຊີນເພື່ອນຢາກໃຫ້ຜູ້ຫີ້ນຫາຍລະຄຸນນະພາບບໍ່ມີອັບເດດບໍ່ມີຫຍັງເກິດຂື້ນ,0
ຮັກແທ້ແພ້ເງີນ,1
"ຫເອສານ ອາກີແຕນ, ຫາຜໂສຶປະແລະຂປ",1
ໄດ້ຜົນດີຫລາຍ,1
ແອັບບໍ່ດີແຊັດຫາຜູ້ສາວກະບໍມີໃຜຕອບ,0
ແຕ່ກອນກໍໃຊ້ດີແຕ່ດຽວເລີມໃຊ້ງານລົ້ມເລວແລ້ວຊ່ວຍແກ້ໄຂໄຫ້ແດເດີ,1
ດາວໂຫຼດຊ້າເກິນໄປບາງທີ,0
ຂໍເຂົ້າຮ່ວມໄຊ້ແອັບນີ້,1
ໄຊ້ເຄຶອງນິ້ໄປ,1
ຂໍໃຫ້ສະດວກສະບາຍ,1
ຂ້ອຍດີໃຈຫຣາຍທີ່ມີແນວມາຊວ່ຍ,1
ເຕີມເງິນເນັດແລ້ວບໍ່ເຂົ້າແຊັດຫາໃນເພສກະບໍ່ມີໃຜຕອບ,0
ນາງແສງມະນື6789 ລາວ,1
ດີໄດ,1
ບໍ່ສົ່ງລະມາໃຫ້ຂີ້ກາກວະນີ້ຫາເຮັດໃຫມ່ເດີ້ຂີ້ກາກໂພດ,0
ມືຮາ,1
ນອ້ຍໄຈເວລາອົກຫັກ,1
ດີຫຄາຍ,1
ຍັງບ່ຄອຍຮູ້ປານໃດກຽ່ວກັບໂອນເງີນເຂ້າບັນຊີຕົວແລະໂອນອອກ,0
ຍາກກະດໍ້ແທ້ວະຫົວຮ້ອນໂວ້ຍມັນບໍ່ໄດ້,0
ຫນັງບາງເລື່ອງມັນເບື່ງບໍ່ໄດ້ເດີມັນຫມຸນຄືເນັດຊ້າ ຄືເຂົ້າມາເປື່ງ ງູເຫຼືອງພະຍາຍາມໄລ່ກິນຫາງໂຕເອງນິແລະ ເສາໄປ1ດາວ,0
ດີຄື,1
ສະຫມັກເອງຄຶບໍ່ໄດ້.ທັ້ງທີ່ພະນັກງານບອກວ່າເຮັດເອງກະໄດ້ຊີເດ,0
ໄຊງານສະດວກ,1
ເຕີ່ມເງິນຜ່ານ bclone ເງິນຕັດໃນບັນຊີ ແຕ່ເງິນບໍ່ເຂົ້າເບີໂທ ໂຄດພໍ່ໂຄດແມ່ມຶງເອີຍ ຢ່າລົງເຊື່ອແອບອັນນີ້ເດີພິນ້ອງ ຄົນລາວຫຼື ຄົນຕ່າງຊາດ ຢ່າລົງເຊື່ອໃຊ້ແອບນີ້ໆບໍ່ນ່າເຊື່ອຖື,0
ດີຫຮາຼຍ,1
ຂ້ອຍດີໃຈແລະຖືກໃຈກັບການນໍາໃຊ້ໂມຈາ,1
ແອັບນີ້ດີມາກໆເລີຍ,1
ເຂົ້າແອັບນີ້ເທື່ອໃດ ມັນບອກໃຫ້ອັບເດດເທື່ອນັ້ນ ທັ້ງໆທີ່ອັບເດດໄປໃຫມ່ໆ,0
ມັກແຮງຈາ,1
ເດິນທາງໄດ້ຄຸ້ມຮາຄາທີ່ສູດ,1
ພັກ,1
ຊື້ເລກສະດວກສະບາຍ ແຖມຍຫງໄດ້ເງີນຄືນອີກ,1
ດີແຕ່ເລກບໍ່ຖືກຈັກເທື່ອ,1
ເຕັມ,1
ສະດວກ ວ່ອງໄວ ທັນໃຈ ປະຢັດເວລາ,1
ນາງລໍາເພົາຄໍາວົງສາ,1
ຄົນດີ,1
dມາກ,1
ເຟດບຸກ ມີຄົນຫລິ້ນຫລາຍ,1
ໄຊ້ງານໄດ້ດີຫລາຍ,1
ບໍ່ມີຄວາມແນ່ນອນ ບາດຢາກຕັ້ງເນັດໄດ້ກະໄດ້ ບາງເທື່ອກະບໍ່ໃຫ້ຕັ້ງ ວ່າໃຊ້ໄດ້ແຕ່ເບີອິນເຕີເນັດ,0
ເປັນຫຍັງເຮັດສັງຄືຍາກແທ້ດງວນີ,0
ແອັບປັນຍາອອນລືມລະຫັດຜ່ານກະບໍ່ສົ່ງຜ່ານນໍາເບີໃຫ້ລະຫັດຜ່ານບໍ່ຖືກກະບັອກ,0
ຕັ້ງຈັງໃດລະ,0
ສຸດຍອດເຟດນີ້,1
ໄມມີຕັງ,1
ດີຈິງອະວາຊານ,1
ນາງຈັນສຸກເທົ່າຈໍາປາ,1
ຕັ້ງກະບໍ່ໄດ້ໃສ່ລະຫັດຜ່ານຖືກກະຂຶ້ນວ່າບໍ່ຖືກແອັບດີແທ້ໂອະ,0
ຢາດໄດ້ເຟດ ເກົ່າ,1
ເຂົ້າແອັບບໍ່ໄດ້ເລີຍຊິໃຫ້ລົງທະບຽນເບີໄດ້ແນວໃດ. ປັບປຸງໃຫ້ແດ່ ເພື່ອໃຫ້ໃຊ້ສະດວກວອງໄວ ສົມກັບວ່າ ຫັນເປັນທັນສະໄຫມ,0
ວ່າວດີນາກ,1
ບໍ່ໄດ້ເລື່ອງ ຕ້ອງປັບປຸງ,0
ຊ່ວງນີ້ຄືມີບັນຫາຕະຫຼອດແທ້ແຊຣ໌ໂພສກໍບໍ່ໄດ້,0
ຊສ່ງນບ,1
ເບິ່ງຍອດເງິນກະຊ້າໂພດ ເຂົ້າກະຊ້າ,0
ສາວລາວງາມົ,1
ລາຄາກໍ່ຂື້ນ ສົ່ງຍັງຊ້າກວ່າເກົ່າຊ້າຊ້າ,0
ຂອງຕິມ,1
ບໍ່ມີຂອບເຂດສາມາດຮັບຮູ້ໄດ້ທົ່ວໂລກຂອງຂ່າວສານຕ່າງໆ,1
ສຸດຍອດເລີຍທີ່ຂ້ອຍເຂົ້າເພຈນີ້ອີກ,1
ດິດິຫລາຍ,1
ບ້າຂະຫນາດຂ້ອຍປ່ຽນລະຫັດຂ້ອຍລະຖືກລົບພ້ອຍຂ້ອຍລະເບື່ອອຸດສາເຮັດບັກດົນໆ,0
ບໍ່ມີໃຫ້ຄວາມເຄົາລົບລູກຄ້າຂໍໃຫ້ປຽນເບີໃຫ້ກະຈັ່ງແມ່ນຍາກໃຫ້ປຽນໃຫ້ຈະເປັນເດືອນຍັງບໍ່ໄດ້ບໍ່ok,0
ສູດຍອດສຸດສະບາຍຂອບໄຈທິໄຫສາງແອບນີ້,1
ນ້ອຍ,1
ລິ້ນໄດ້ທຸກໆຄໍາຖາມ,1
ມັກກກ,1
ພສໃສ່ຝຝາ່,1
ຂ້ອຍມັກ whatsapp,1
ຊຸດເຈັງ.,1
ນອ້ຍເອັມມື້,1
ຂື້ນຟີດດີຫຼາຍ,1
ເປັນຫຍັງຄືຕັ້ງບໍ່ໄດ້ໃສ່ເລກບັນຊີບໍ່ໄດ້ຢ່າງອື່ນໃສ່ໄດ້ເບິ່ດແຕ່ພໍຊິໃສ່ເລກບັນຊີພັດບໍ່ມີແປ້ນພິມໃຫ້ໃສ່,0
ເດີ່ນຮ່ດເຈໍຍທຶອດ,1
ເຕີມບັດຄືບໍ່ໄດ້ຄະແນນສະສົມຕອນໃຊ້ແລກໆຫະໄດ້ມາດ່ຽວນີ້ບໍ່ໄດ້ເລີຍ,0
ຢູ່ໆລະບໍ່ຂື້ນໂຊຫນ້າໂທລະສັບ,0
ໃຊ້ງານງ່າຍ ສະດວກ ສະບາຍ,1
ງຍສຮີິຍ,1
ທອງຄໍາ ໄຊມະລີ,1
ຕັ້ງເບີໃຫມ່ຍາກຫລາຍກັບແອບນີ້ແຕ່ບໍລິການດີຢູ່ເສຍແຕ່ບ່ອນດຽວລົງທະບຽນຍາກເຮັດຖຖືກວິທິແຕ່ບໍ່ໄດ້,0
ແຈ໋ວ,1
ມີບັນຫາໃນການສົ່ງ,0
ສຸດຍອດແອັບ,1
ແມ່ມຶງໂຄດຂີ້ຖີ່ຢ່າໂຫລດເດິແອັບກະຈອກ,0
ອັບເດດແລ້ວຄືເຂົ້າບໍ່ໄດ້,0
ນິມ,1
ໂຄດເຫ້ນໃຂ້ຫຍັງບໍ່ໄດ້ເລີຍ ຂະຫນາດເຊື່ອມເນັດຫຼືອີ່ຫຍັງກະຕາມແຕ່ກະຍັງເຂົ້າໄດ້ຕັ້ງລາວ,0
ໃສ່ລະຫັດຜ່ານບໍ່ໄດ້ເດັງຄືນປັບປຸງໃຫມ່,0
ດີຈ່ະ,1
okເຂ້າບໍ່ໃດ້,1
zoo hee li so ດີມາກ,1
ແອັບເຂົ້າບໍ່ໄດ້ຄືຖຶກລ໋ອກໂທລະຊັບນີ່ຕ້ອງໄດ້ໄປແກ້ຢູ່ທະນາຄານກະເສືອກໄກອີກ,0
ແອບໂງ່ໆ,0
ກຮັກຢູ່ລະເນາະ,1
ອາມຶ,1
ອາແມ,1
ງ່າຍແລະສະດວກດີ.,1
ແຂກໂຕລາຍ,1
ເຢັນເດຢູ່ນາ,1
ໂລກຫຍັງບໍ່ໄດ້,0
ຄືເຂົ້າຍາກແທ້,0
ລາຍການບໍຄົບ,0
ຄົ້ນຫາຫນູ່ຄຶບໍເຫັນ,0
ດີໃຈທີ່ຮັກໄດ້ເຈົ້າເສຍໃຈທີ່ມາທີຫຼັງ,1
ຕ້ອມ ບູນທະວີ,1
ວາວດີ,1
ປັບປຸງແນ່,0
ໃຫ້1ດາວພໍແລະອັບເດດແລເວເຊີນຫມູກະບໍໄດ້ສໍາແບບເກົ່າດີກວ່າຈັກອັບເດດເຮັດຍັງຄັນແບບນັນອັບເດດແລະແຫນັກກວ່າເກົ່າຄິດວ່າດີກວາເກົ່າທີແທ້ຫນັກກວ່າເກົ່າອີກ ນັບມື້ນັບຂີ້ຕົວະດຽວນີ້ແຊຣໄປແລ້ວກະບໍໃຫ້ດາຕ້າ,0
ສຸດຈິງ,1
ຖ້າສິລ໋ອກແອບປານນີ້ບໍ່ຕ້ອງໃຫ້ມຸນກະໄດ້ເດີມຸນບໍ່ໄດ້ດາຕ້າ,0
ຂ້ອຍມັກລ່າຍ,1
ໃຊ້ດ້ວຍຄວາມສະດວກ ວ່ອງໄວ ຮັກສາຂໍ້ມູນ ເປັນສ່ວນຕົວດີ,1
ຕິດຕັ້ງມາຕອບເມຍດື້55,1
ເກືອບຮອດເດືອນຖ້າ otp,0
ເຂົາບໍ່ໃດ້ງົງເລີຍ,0
ແອັບລົງທະບຽນນີ້ຄືລົງຍາກແທ້ເນາະຫຼາຍຂັ້ນຕອນເອົາແທ້ເອົາວ່າລົງໄປກິ້ຄັ້ງບໍ່ສໍາເລັດຈັກເທື່ອ,0
ເຂົ້າແອບຍາ້ກສັນຍານມີແຕ່ຕັດ,0
ແອັບຫົວໂຄຍເອົາອັນຫມຸນອອກຫາແມ່ມຶງຕິ,0
ດີຫຼາຍເຈ້າ,1
ສວນມຫືກສຜືມຫາ,1
ບໍລິການໂຄດກາກລົງທະບຽນຍາກ ຂັ້ນຕອນນັ້ນນີ້ເຮັດໄປແລ້ວບໍຜ່ານນັ້ນນິ ສັດເອີຍແອັບແບບນີຄວນມີລະບົບທີ່ງ່າຍກົ່ວນິອີກແນ່,0
ຈົນຕະຫລອດ,1
ຊື້ເລກບໍ່ໄດ້,0
ໃຊ້ດີຫລາຍ ໃຊ້ດີຫລາຍ,1
ງ່າຍງ່າຍຮ່າ,1
ໃຊງານດີລາຍ,1
ແຄ່ຄົນຂັບລົດ,1
ຈຸລາໂດ ແຕ້ວ,1
ອັບເດດແລ້ວ ບໍ່ຫນ້າສົນໃຈເລີຍ ເກມຫມູນວົງລໍ້ ຟຣີ ກະບໍ່ມີ ຮື່ໆ.,0
ນາງເກັ້າເຊັ່ງວ່າງ whatskqq,1
ໂຕດ,1
ເຟດໄຫມ,1
ດີມາກແອປນີ້ມັກຫລາຍເອົາໄປ5ດາວແບບແຕັມໆ,1
ເຂົ້າບໍໄດ້ແກ້ແດ່,0
ສະດວກສະບາຍຫລ່າຍຢ່າງ,1
ເປືອງເງິນເປືອງເວລາ,0
ມູນວົງລໍແລ້ວຖືກ250ແຕ່ກະບໍ່ໄດ້ຫັຍງແກ້ໄຫ້ແນ່,0
ຈັກແມ່ນສູ່ພາກັນເຮັດສົນຕີນຫຍັງເນາະ ເຂົ້າຫ່າຫຍັງກະບໍໄດ້ ແຊ້ດກະບໍຕອບ ສີ້ແມ່ສູ່,0
ກະດີນາະ,1
ເມື່ອຍນໍາແອັບນີ້ເດ ຊ້າຫລາຍ,0
ແຜນອິນະແກ້ວ,1
ອັນ,1
ນກໍສໍລາວ,1
ໂຄດແມ່ມຶງອອກຈາກລະບົບແນວໃດ,0
ໃສ່ລະຫັດເກົ່າທີ່ເຄີຍລົງທະບຽນໄວ້ ກະວ່າລະຫັດຜ່ານບໍ່ຖືກ ຕັ້ງເປັນບ້າເດີ,0
ໄວໄດ້ໃຈເຖີງທິ່,1
ໂອນແລ້ວມັກເກີດຂໍ້ຜິດພາດແຕ່ເງິນຕັດຈາກບັນຊີແລ້ວ,0
ດດດເດ,1
ດີມີປະໂຫຍດຫຼາຍ,1
ອັບເດດກະຫຍັງຄືເກົ່າແກ້ໄຂແນ່,0
ຂ້ອຍສິເຮັດແບບໃດດີ,1
ມຶຫຟນ້,1
ເຈົ້າເປັນໃຜເດ່ຊຶ້ຫຍັງ,1
ມອບ ປະສິດທິພາບ,1
ທື ໃດນິ ທອທ,1
ໂຍນ,1
ທາງຕາເວັນຕົກ,1
ສະສສ້າສິສ້,1
ສຸດຢອ່ດ,1
ຢາກຖືກເລກ,1
ໄປໄປ,1
ເຍີ່ຍມຕ່ະ,1
ປານ,0
ພັດທະນາແອັບແນ່ທຸກມື້ນີ້ເຮັດຫຍັງກະຕິດໄປຫມົດ error ຕະຫຼາດ,0
ມັກສາມາດເຮັດໃຫ້ເຮົາສະດວກສະບາຍ,1
ມັນຄືຢຸດໄຊ້ງານ,0
ສົມຄວມ,1
ຍອດນີຍົມ,1
ໂຫລດບໍ່ໄດ້ຮອດ52 ແລ້ວມັນຢຸດ,0
ດີໄຊ້ໄດ້,1
ດີ ບົດ,1
ອັນໃຫມ່ມັນຄືໃຊ້ຍາກແທ້,0
ມັນຄືເດັ່ງອອກມາລະ .ມັນບອກວ່າ ແອບ lao kyc ຈະຢຸດໃຊ້ງານເລື້ອຍໆ,0
ຈະນະຕະງາ,1
ຮັກນະຄົນນ່າຮັກ,1
ອັບເດດແລ້ວຕື່ມບັດບໍ່ໄດ້ແກ້ໄຂໄວແດ່,0
ແອັບຫົວໂຄຍໂອຍ,0
ມາລີສາວ,1
"ຫນ້າຕ່າງແອັພງາມ ເບິ່ງສະບາຍຕາ, ຊ່ວງລໍຖ້າຂໍ້ມູນສະແດງຜົນຂ້ອນຂ້າງຊ້າ ເຮັດແວັບໆຢາກລາຍຕາຈັກຫນ່ອຍ, ຖ້າມີຟັງຊັ້ນທີ່ສາມາດຊີ້ຫວຍ sms ຜ່ານແອັພນີ້ໄດ້ຍິ່ງເປັນການດີ ເຂົ້າແອັບແລ້ວຢາກຊື້ຫວຍກໍໄດ້ ເບິ່ງຜົນອອກກໍໄດ້",1
ຮຂສາບໍວມບບາສ,1
ບໍ່ເປັນດັ່ງໂຄສະນາເລີຍເສຍເວລາລ້າລ້າ,0
ໄປ5ດາວ,1
ຫຼຽມເລີຍຂັບ,1
ເຮົາຮັກ,1
ລົບກວນແກ້ໄຂການແຈ້ງເຕືອນການໂອນເງິນເຂົ້າໂອນເງິນອອກແນ່ເດີ ອັນນີ້ລະວ່າບໍ່ເຫັນແຈ້ງເຕືອນຂ້ອຍກັບຄົນຂົນສົ່ງເກືອບມີບັນຫາກັນຍ້ອນ,0
ຄືບໍໄດເຈົ້າ,1
ໃຊ້ເດີ,1
ສະຫມັກຂັ້ນຕອນຖ່າຍວີດີໂອແລ້ວເດັ້ງອອກ,0
ເຂົາແລ້ວເດັງອອກ,0
ແອບປັນຍາອ່ອນ ຟັງຊັ່ນນີ້ຍັງບໍ່ໄດ້ຮັຍການສະຫນັບສະຫນູນ ຖ້າບໍ່ໄດ້ຮັບການສະຫນັບສະຫນູນແລ້ວຊິເອົາໃສ່ຫາສະແຕກຫຍັງ,0
ດີເປັນທີຫນື່ງ,1
ໂຫຼດແອບຊ້າຫຼາຍ,0
mໃຊ້ດີໃຊ້ປັງ,1
ຄວຍຫມຸນໄດ້ເນັດເສືອກບໍ່ໄດ້ບໍ່ເຫັນມີຫຍັງເລຍ,0
ໃຊ້ງ່າຍຈະ,1
ດີມັກໄຫ້ຄວມອູ້,1
ແອັພນີ້ໃຊ້ໄດ້ແຕ່ຫຼັກ9 ແຕ່ມືງແຊຣ໌ລີ້ງແອັພນີ້ເຂົ້າເບີຫຼັກ ເພື່ອ ຊິຊື້ຫຍັງໃນແອັພຕ້ອງໃຊ້ເບີຫຼັກ9ຊື້ ບັກໂງ່ບັກຈ້າມືງ,0
ບໍຮູ້ແນວຊະວ່າ ເຫັນດີຕາມນີ້,1
ຄ້າງກົດຫຍັງກະບໍ່ໄດ້,0
ລົງທະບຽນຍາກໂພດ ລະຫັດແບ້ຫຍັງກະບໍ່ໄດ້,0
ແອັບອິຫຍັງນິເຂົ້າກະບໍ່ໄດ້ຊ້າກະຊ້າແທ້ວ່າຍອມເລີຍ,0
ໂຫລດງ່າຍແຕ່ຊື້ເລກບໍ່ໃດ້ເຂົ້າໂຕຊື້ເຄືີອງໃດ້ຊື້ເລກບໍ່ໃດ້,0
ດີໆບໍ່ແຈກເງີນເລີຍ,1
ເວລາມີຂໍ້ຄວາມແຊັດມາຫຼືໂທມັນບໍ່ເດັ້ງຂື້ນຫມາ້ຈໍຫຼືດັງ,1
ແຫ່ງ,1
ບອກໃຫ້ໃສ້ທີ່ຢູ່ຮ້ານອາຫານບໍ່ຂື້ນຖ້າເປັນແນວນີ້ສິເປິດມາເຮັດໃດ,0
ທັນໂລກທົວທຸກເຫດການ,1
ດີຫຼາຍຖຶກນໍາຫຼາຍເທື່ອ,1
ສະບ້າຍດີ່,1
ແອ້ບນີ້ທີຂ້ອຍຕິອງການ,1
ສະບາຍງ່າຍດາຍ,1
ແກ້ແດ່ເມ້ແອພລົ້ມ,0
ແອບເຂົ້າຊ້າເກີນໄປ,0
ໄມ່ຮູ,1
ພວກສູ້ລີ້ນບໍເປັນ,1
ລົງທະບຽນຍາກຫລາຍ,0
ຂ້ອຍເຂົ້າລີ້ນເກມຊ້າງບໍ່ໄດ້ເປັນຍ້ອນຍັງປັບແດ່ເດີ,0
ບໍລິການທຸລະກໍາທາງການເງິນທີ່ສະດວກສະບາຍ ປະຢັດເວລາໃນການເຮັດວຽກປະຈໍາວັນ,1
ບໍ່ໄດ້ດາຕ້າເລີຍ,0
ຂ້ອຍສ້າງລາຍໄດ້ບໍ່ໄດ້ຜູ້ອື່ນສ້າງໄດ້ເບີດລົງຮູບກະໄດ້ຈໍາກັດບໍ່ໂອເຄປັບປູງແນ່ເດີ້ສະຕໍລີ້ກະບໍ່ມີເພງໄທເປັນເດືອນລະເຮັດຫຍັງກະບໍ່ໄດ້,0
ອັບເດດໃຫມ2025ໂລໂກກະສີໃຫມຄື່ລິນບໍໄດ້,0
ເວິຊັ້ນນີ້ໂຄດເນົ່າຫລາຍກົດເຂົ້າແອັບກະເດ້ງອອກຂໍ້ຄວາມກໍ່ບໍ່ເຕືອນ ຟິວເຕິເວລາໂທກໍ່ບໍ່ມີ,0
ຖືວ່າມື້ນີ້ບໍລິການດີຫຼາຍ ປັບຫມາກສິບ,1
ແກ່ຢູ່ສົດ,1
ຄັນຫລີ້ນເກມໄດ້ຄືຊິດີ,1
ໄຊດີມາຕະຫລອດ,1
ຄິດເຫັນ,1
ຮັກແອັບນີ້ຫລາຍ,1
ແອບໂງ່ໆຈະມີໃຜຫລີນ,0
ໂອນຫາຫລັກອື່ນກະຍາກໆ,0
ອິນໄຈ,1
ຂອຍມັກຫຼາຍແອັບນິ,1
ລິນໄດ້ດ້າຕາຟຮີ,1
ບ່າວດອນ,1
ຫາໄປທີແທ້,1
ດີຫລາຍມີປະໂຫຍດ,1
ໄດ້ຮັບຂອງກິນຕາມເວລາທີ່ກໍານົດ,1
ມັກຫຼາຍໄດ້ໃຈ,1
ດີຫຼາບ,1
ໂຫລດຍາກ ແກ້ໄຂດ່ວນ,0
ໃຊ້ງານງາ່ຍ,1
ຢາກໃຫ້ສະແດງທຸກໂພດທີ່ເພືອນໆໂພດລົງ,1
ຢາກໃຫ້ມີຕະຫຼາດອອນລາຍຊື້ຂາຍສິນຄ້າເພີ່ມເຂົ້ານໍາ ຄົບຈົບໃນແອບດຽວ,1
ຕາ ຈີນ,1
ເຮິ,1
ສະດວກສາຍລາຍ,1
ດີົສມຄວນ,1
ທ.ຄູນ,1
ການນໍາໃຊວອດແອບ,1
ດິ.ສຸດຍອດ,1
ຄັກຫລາຍມັກສຸດສດຸ,1
100ລາ້ນວິວ,1
ດີຫຼາຍມັກອີຫລີ app bcel one,1
ອັບເດດບໍ່ໄດ້ແກ້ໄຂ່ດວນ,0
ອິຫຍັງ ກົດກອກຂໍ້ມູນເບີໂທວັນເດືອນປີເກີດກະບໍໄດ້ ກົດເຂົ້າເອົາໃສ່ແລ້ວໆ ບາດພໍສິກົດຢືນຢັນພັດວ່າຂໍ້ມູນພັດບໍມີ ແກ້ໄຂໄວໆແນ່ເດີ,0
ດດ6ຫແຄັກຫຫ,1
ເບືອສຸດຕອນສົງລະຫັດມາຫັນ ຊາແທ້ຊາວະ,0
ບໍລີການໄດ້ດີ,1
ສະນຸກດີຮູ້ສືກຜອ່ນຄາຍ,1
ຫາກະໂຫລດບໍ່ທັນໃຊ້ງານໃຫ້ອັບເດດແລ້ວ,0
ຄວາຍເອີ່ຍ ໂຫລດໂຄດຍາກ,0
ຜົນ,1
ນາງສົມ,1
ດີທີສຸດໃຜທີບໍ່ທັນມີຮີບຕັ້ງເລີຍສະດວກສະບາຍຢ່າລືມໃສ່ລະຫັດແນະນໍາແດ່ເດີ້ 04177013,1
ເຂົາແອປຊ້າໂພດ,0
ສະນຸກສະນານ,1
ເຈັ່ງ,1
ມວ້,1
ດີຈີງ,1
ອີ່ມິວອໄອ,1
ເຮັດໄຫ້ແອັບເຮົາດີແນ່,1
ຮັກເດີ້ 5ອທມ,1
ເຂົໍ້າກາບໍ່ໄດ້ ແອບ ຂີ້ກາກ,0
ດີໂອນໄດ້ທຸກທະນາຄານ,1
ເອີ້ນລົດບໍ່ເຄີຍໄດ້ຈັກເທື່ອ.,0
ສະບາຍດີຫຼາຍ,1
ເຂົ້າໃຊ້ແອັບ my tplus ກະເຂົ້າບໍ່ໄດ້ ຄວນປັບປຸງແດ່ເຈົ້າ 0207 my tplus,0
ອີ່ຫຍັງວາຕັ້ງແລ້ວຄືວ່າໃຫ້ລໍຖ້າມື້ສອງມື້ລະກະຍັງບໍ່ໄດ້ ຍາກແທ້.,0
ຂໍໄຫ້ພໍແມ່ມີຄວາມສຸກ,1
ຂ້ອຍມັກຫລາຍເຝດບຸກສື່ສ່ານຖັນສະໄຫມມາກເລີຍ,1
ບູນທນັໃສລູນາ whatsapp whatsapped why,1
ອອກລະບົບແລ້ວເຂົ້າບໍ່ໄດ້ໃສ່ຫຍັງກະບໍ່ຖືກລະບົບກາກສຸດໆສ້າງຫຍັງສ້າງແຕ່ແບບຫ່ວຍໆເຂົ້າກະຊ້າ,0
ຂ້ອຍມັກຫລາຍ,1
"ແຍ່ຫລາຍຕື່ມແຕ່ເຊົ້າ7 20ໄປວຽກຫາລົດມາຮັບຕາມີໄຊ ຊໍາເກດ,ລົດ3ລໍ,ລົດເກັ່ງບໍ່ມີຈັກຄັນ8 10ຈົນໄດ້ນັ່ງຈໍາໂບໄປແບບນີ້ຊີໃຫ້ໄວ້ໃຈແນວໃດ",0
ສຸດຍອດແຫ່ງເຕັກໂນໂລຊີອັນລໍາ້ຍຸກ,1
ໄຊ້ບໍ່ດີເລີຍ,0
ມັກລາຍໃຊ້ດີສຸດຍອດ,1
ດີທຸກຢ່າງເສຍແນວດຽວ ເງີນເຂົ້າຍາກບາດອອກພັດງາຍໆ ບໍ່ອືດແຕ່ແນວສິໂອນ,1
ແຈ້ງ,1
ອາເດໃຝ,1
ພະນັກງານຂັບລົດບາງຄົນບໍ່ເປັນລະບຽບ,0
ນສາດໄອວິ,1
ຄືສົ້ນຕີນນີ້,0
ແອັບທີ່ຂີ່ລ້າຍທີ່ສຸດເທົ່າເຄີ່ຍເຫັນມາ ເຮັດຫ້ຍງກໍ່ບໍ່ໄດ້ ຄວນພັດທະນາໃຫ້ດີກວ່ານີ້,0
ດີຢູ່ແຕ່ຢາກໄຫ້ກັບມາເປັນແບບຊີ້ຊັ້ນເກົ່າ,1
ມີຄວາມສະນຸກ,1
ກົດ5ດາວແລ້ວເດີິ,1
ຫາວງ້,1
ສຸດຍອດໄປເລີຍ,1
ສະດວກໃສ່ງ່າຍ,1
ເຂົ້າຫລີ້ນບໍ່ໄດ້ ເປັນແບບນີ້ ຫລາຍ ຄັ້ງ ແລ້ວ ແກ້ໄຂໃຫ້ແດ່,0
ສະດວກສະບາຍຈຣາ,1
ສັ່ນຕອ້ງກາຫາຄົນຮັກນໂທ,1
ມັກຂະນາດ,1
ມີທຸລະກິດສ່ວນຕົວ,1
ຫນຸນວົງລໍ້ບໍ່ໄດ້ແກ້ໄຂແນ່,0
5ເລຍ,1
ຍາກແຊັດກັບຫມູ່,1
ເຂົ້າສູ່ລະບົບກໍບໍໄດ້ແລ້ວສິໂອນເງິນແນວໃດລະງົງ?,0
ຍັງໄມ້ຮູ້ກໍາລັງໂລດ,1
ມັກແຮງ,1
ແຊ່ບໍ່ໄດ້ຈັກເທື່ອເສິຍດາຍເວລາຫມຸນໄດ້ແກ້ໄຂແນ່,0
ຄືປ່ຽນແປງໄວແທ້ ແຕ່ເຕີມບັດ.ຊື້ຫວຍໄດ້ຄະແນນດຽວນີ້ບໍ່ໄດ້ແຖມຍັງລຸດ ຄ່າແນະນໍາອີກ ປັບປຸງຄືເກົ່າຕີຈັງມີລູກຫຼາຍເຂົາກາລັງຮິດຢູ ພັດປຽ່ນແປງໃຫມ່,0
ໂອນເງິນໄປປະຫວັດການໂອນກະບໍ່ເຫັນ,0
ຖ້າຫມູນແລ້ວໄດ້ແຕ່ເຊີນເຮັດບໍ່ມີສາດີກວ່າພໍດີຜູ້ຖືກເຊີນເຂົາລໍາຄານແອັບບໍ່ເປັນຕາສະແຕກຫມາກະຍັງບໍ່ແດກຖ້າເປັນຂອງກີນໃຜຊິໂຫລດແອັບໄວລັດໂຫລດມາລະຄ້າງລົບກະບໍ່ໄດ້,0
ຄົນອື່ນໂທມາບໍ່ມີແຈ້ງເຕືອນ,1
ເຮັດມາລະໃຊ້ບໍ່ໄດ້ເຮັດໃຫ້ໂຫລດເສຍຄ່າ ແລະເວລາເຮັດຫຍັງ,0
ເຍືອມ,1
ໃຫ້4ດວງ,1
ແອບຟູດແພນດ້າເປັນຕາຍຫ່າຫຍັງ ເປີດເບິ່ງຮ້ານໃດກະປິດ ປັບປຸງແດ່ເດີຫ່ວຍແຕກ,0
ຊ້າໆ,0
ຫນັງອາ,1
ມັນອັບເດດບໍ່ໄດ້,0
ຮຮຮນິ,1
ໄຊ້ດີອີຫຼີເຈົ້າ,1
ຂອບໃຈທີ່ມີແອັບດີໆແບບນີ້,1
ລົງທະບຽນກະລົງຢາກແທ້ກົດໄປໃສກະຢາກ ແອປຫຍັງແນວນິຫລິ້ນກະຢາກຝາກແກ້ໄຂແນ່,0
ສູ້ຊີວິດ,1
ກິແອັບຄືນ,1
ລືນ,1
ເຮັດແບບໃດຈຶງຈະສາມາດຊຶ້ເລກຜ່ານແອບນິໄດ້ເຈົ້າ,1
ລິນທອງ ໄຊຍະວົງ,1
ໂຄສະນາໃນສະຕຣີມ ຂໍຮ້ອງໃຫ້ເພີ່ມປະເທດລາວເຂົ້າແດ່ໄດ້ບໍ້,1
ມູນແລ້ວບໍໄດ້ເນັດຄືແຕ່ເກົ່າຄວນປັບປຸງໃຫມ່ໃຫ້ໄດ້ເນັດຄືເກົ່າແນ່,0
ໃຊ້ດີທັນໃຈ.ຂອບໃຈ.,1
ເຮັດດີທີ່ສຸດແລ້ວທີ່ຜ່ານມາຄືປະສົບການອັນລ້ໍາຄ່າ,1
ຍາກ,0
ໄວດີ 17 mb,1
ດີຫຼ່າຍຍ,1
ອັບເດດຊ້າ,0
ຄົບເຊັດໃນແອັບດຽວ apb quick,1
ໃຊ້ຄູຍກັບເພື່ອນ,1
ຢາກໃຫ້ເພີ່ມການຈ່າຍສິນເຊື້ອໃຫ້ມີຄົບທຸກບໍລິສັດ,1
ໄຊກອງ,1
ສະດວກງ່າຍໃນການໂອນເງິນເຂົ້າອອກ,1
ເອົາໄປໄຫ້ພໍ່ມື່ງອີ້ນເດີ້ ເນັດຄືແຕ່ຫົວແບນກູນີ້ແນະ,0
ດີຫລາຍສະດວກສະບາຍໃນການໃຊ້ງານ,1
ສັພພະນາງສາວຄີງທາງທາງສາວເມໄວ,1
ທອງຄໍາ,1
ແອັບນີເປັນຫ້າອີຍັ່ງເຂົ້າກະສາແທ້ສາວ່າຍັ່ງເຮັ້ດມາເນາະເຂົ້າໄປກະມີແຕ່ໃດ້ໄສຫຼະລັດຕະລອດການເກາະຍຸງຍາກເກີນ,0
ໃຫ້ການຊື່ສານດີລະໃຫ້ຄວາມຮູ້ຫລາຍຢາງ,1
ເປີດເຊີນ້າສາວແຄ່ແຟນ,1
ໄຫ້ຫ້າດາວເລີຍເບີ່ງໄດ້ທຸກໆທີມີທຸກບ່ອນ,1
ອຸນຄໍາ ມະນີວັນ,1
ຮ່ມ,1
ລົງທະບຽນຄືບໍ່ໄດ້,0
ຂອບໃຈທຸກທ່ານທີ່ໄດ້ຊົມໃຊ້ ດີຫລາຍ,1
4ທຸກກ,1
ແບບຍາກຕາຍນິລະ,0
ກາກໆແທ້ຕິດຕັ້ງບໍ່ໄດ້,0
ເຮັດໃຫ້ດີທີ່ສຸດ,1
ລາວອນ,1
ຖອນງາ່ຍ,1
ແບ່ງປັນບໍ່ໄດ້ຫມູນໄດ້ຫຼາຍຄັ້ງແລ້ວແຕ່ແບ່ງປັນບໍ່ໄດ້ແກ້ໃຫ້ແນ່,0
ເລີກໃຊ້ແລ້ວ ແອັບນີ້ ໂກງທາງອ້ອມ,0
ຄໍາມານາຕມົວ,1
ຢາກໄດ້ຕ້ອງທົດທົນ ຢາກໄດ້ຕ້ອງຕັ່ງໃຈ ຢາກໄດ້ຕ້ອງໃສ່ໃຈ ຢາກໄດ້ຕ້ອງຮຽນໆໆ,1
ມີຄວາມດີຫລາຍຢ່າງ,1
ສະດວກສຸດຍອດ,1
ມີງງສ້ແຜຫແສ,1
ເລ່ນດີ,1
ມ້ງມີ,1
ປຽນໂປຟາຍບໍ່ໄດ້,0
ຂອຍເຂົ້າແອດລາວບໍໃດແລວສວຍອະທີບາຍໃຫແນຍາກຮູ,0
ເຂົ້າລະບົບຢາກ,0
ສັນຢາກໃຫມັນມາໄສງານໃຫໄວໆ,1
ບໍ່ເຂົ້າໃຈ,0
ສັ່ງປຣິນເປັນຊົ່ວໂມງຍັງບໍ່ໄດ້ ແກ້ໄຂແນ່,0
ນາງສຸຟາ,1
ຂອບໃຈຫລາຍ,1
ໃຫ້ໄປເລີຍ,1
ດິຈຮາໃຊ້ຈັ່ງ,1
ແອັບໃຊ້ບໍ່ໃດ້ຊ້າເກີນ ຄວນປັບປຸງ,0
ມົ້ງທໍ,1
ພໍໄຊ້ໄດ້,1
ຫລາກຫລາຍການໍາໃຊ້ບໍລິການວ່ອງໄວທັນສະໄຫນໄປກັບທະນະຄານການຄ້າຕ່າງປະທດ,1
ຂີ້ກາກຫາບ.ປັບປຸງໄຫ້ດີໆແນ່,0
ຕອ້ງການເຂົ້າລະບົບໃຫ້ງາຍ,1
ມ່ວນໆ,1
ສຸດສອດ,1
ປັບປຸງການສະແກນແນ່ເວລາສະແກນທະນາຄານອື່ນແລ້ວບໍ່ໄດ້ ກັບການເບິ່ງເລກບັນຊີສໍາຫຼັບຜູ້ບໍ່ມີບັນຊີທະນາຄານເບິ່ງບັນຊີບໍ່ໄດ້,0
ເຂົ້າແອບບາງເທື່ອກະໂຫຼດດົນໂພດຊ້າແຮງ,0
ຊອບມາກມາກ,1
ຈັກແມ່ນຫຍັງ,0
ໂອນເງິນບໍ່ໄດ້ເຂົ້າແອັບກາຍາກ,0
"ໃຊ້ງ່າຍ,ວ່ອງໄວທັນໃຈ",1
ຕ້ອງລົບໂຫລດໃຫ່ມຕະຫລອດເຂົ້າມັນລະມັນແຈ້ງມີບັນຫາແກ້ໄຂ້ແນ່,0
ຂໍຖາມແນ່ແອັບຂອງຂ້ອຍກະເຂົ້າແລ້ວມັນເດັງອອກເຂົ້າແລ້ວເດັງບໍ່ເຂົ້າໃຈຄືກັນຈັກເປັນຫຍັງແຕ່ກ່ອນກະປົກກະຕິດີຢູ່,0
ຊື້ແລ້ວແຕ່ບໍ່ໄດ້ດາຕ້າ?,0
ປິດສາແອັບນີ້ໃຊ້ງານຍາກໂພດ,0
ເປ້,1
ເບຍ,1
ຮັກຈ່ອນ,1
ມີປັນຫາເຊື່ອມຕໍ່ບໍ່ໄດ້,0
ຢາກໄຫ້ອັບເດດຕະຫຼອດ,1
ຢູດີມັນລືບ,1
ສື່ສານກັນໄດ້ດີຫຼາຍມັກໆ,1
ບອກໄດ້ຄໍາດຽວວ່າ ບໍ່ຄັກ,0
"ຄືໄດ້ໃສ່ລະຫັດຕະຫຼອດຫວະ, ບ້າຕິ",0
ອົງ ເປັນ ການຊູ ນະ,1
ແອບນີ້ມີເປັນປະໂຫຍດຫລາຍດີ ເຈົ້າ ສຸດຍອດ,1
ດີຫຼາຍ anonxay,1
"ໃນຖານະຜູ້ໃຊ້ຄົນຫມຶ່ງທີ່ຫາກກໍມາລອງໃຊ້ງານ ບອກໄດ້ເລີຍວ່າ user experience ບໍ່ດີເລີຍ, ຄວນ query ຂໍ້ມູນການຈ້ອງທີ່ຊໍາລະແລ້ວ ແຕ່ຍັງບໍ່ໄດ້ອອກເດິນທາງໃຫ້ແດ່ ເພາະວ່າບໍ່ແມ່ນທຸກຄົນທີ່ຈະ capture ຫນ້າຈໍທຸກຄັ້ງ, ການແຈ້ງປີ້ກໍຄວນກົດໃສ່ຂໍ້ມູນປີ້ທີ່ຈ້ອງແລ້ວສະແດງລາຍລະອຽດອອກມາເລີຍ ບໍ່ແມ່ນໃຫ້ຜູ້ໃຊ້ຕ້ອງໄດ້ປ້ອນທັງຫມົດ ການປ້ອນຄວນຈະເປັນຕົວເລືອກ ແລະ ຊ່ອງຄົ້ນຫາປະຫວັດການເດີນທາງຄວນຈະ note ບອກວ່າຄົ້ນຫາໂດຍຫຍັງ.",0
ບໍ່ແຈ້ງເຕືອນການສໍາລະເງິນ,0
ຫີແມ່ມຶງ,1
ຍັງບໍ່ທັນໃຊ້ເທື່ອ,1
ໄປກັນຕໍ່,1
ແຈ້ງ.ອິນທະວົງ,1
ໂສດໂສດຄົນໂສດ,1
ສະດວກວ່ອງໄວແຕ່ຢາກໃຫ້ສະມັກໄດ້ງ່າຍແຕ່ປອດໄພ,1
ຂັກລາຍ,1
ລົງ,1
ແອບຫ່ານິຄັນຄໍາຫນ້ອຍນຶ່ງຄົນຄັບລົດບໍ່ໄດແຖມເລືອກລູກຄ້າ,0
ເປີ້ນນ້ອຍ,1
ໃຊ້ດີແຕ່ຍັງຊ້າ,1
ຄັກຫລາຍ. ທີ່ຊ່ວຍໃຫ້ຂ້ອຍປະຢັດເວລາອອກໄປຊື້ເອງຕາມຮ້ານ ແລະ ເຮັດໃຫ້ຂ້ອຍມີເວລາເຮັດວຽກຕົນເອງຫລາຍຂຶ້ນ ແລະ ບໍ່ຕ້ອງກັງວົນໃຈກັບການຊື້ອີກຕໍ່ໄປ.,1
ອີກລາຍ ພັດທະນາຕໍ່ໄປ,1
ໃຊ້ເບີຫຼັກ9 ເຕີມເກມບໍ້ໄດ້ຄືເກົ່າລະເດີ້ ປັບປຸງແນ່,0
ຫາກວ່າອັບເດດໃຫມ່ແລ້ວໄດ້1gbບໍ່ເຫັນໄດ້ເລີຍ,0
ເລກບັນຊິໂອນເງີນບໍໄດ້,0
ຍາມຫມູນຖືກເງິນດ້າຕາຫລືເງິນໂປຣໂມຊັນແລ້ວບໍໄດ້ ເຊັ່ນ ບໍສາມາດໂພສຫາ ແລ້ວເຮັດແອັບໂຕນີ້ຫາສະແຕກຍັງ,0
ບໍ່ຕ້ອງຕິດຕັ້ງກະໄດ້ແອບບໍ່ໄດ້ເລື່ອງລະຫັດກະບໍ່ສົ່ງມາແລ້ວແມ່ມຶງເຂົ້າສູ່ລະບົບໄດ້ຫວາພັດທະນາແບບບໍ່ມີສະຫມອງເລີຍ,0
ຂໍເນີດແນ່,1
ອັບເດດບໍ່ໄດ້,0
ໃຊ້ສະດວກສະບາຍໃຈ,1
ໂອເຄດີຢູ່,1
ແອບຫົວແບນ,0
ສະບາຍດີ ຂອບໃຈທີໃຫ້ຄໍາຊີແນະ ທີຜານມາຖືງຕອນນີ້,1
ຢາກຖາມແດ່ວ່າ ຈະໃຫ້ອັບເດດຈັກເທື່ອຕໍ່ເດືອນແລະ,0
ເດັກລາວ ສາວນາຖຸງ,1
ຂໍໄຫ້ຫມານ,1
ແອັບຫາຫັຍງພິມຄົນປາຍຕັງບໍ່ເຫັນຂະນາດພິມວາສີໄປສະທານີລົດໄຟຫັຍງບໍ່ອອກ ພູສ້າງແອັບປັນຍາອອນ,0
ໄຫນ່,1
ເຍບ,1
ດີ ເພາະຄ້ານອອກໄປຊື້ເອງ55,1
ຍັງບໍ່ຮູ້ວິທີໃສ,1
ຄ່າຈັດສົ່ງແພງຫຼາຍ,0
ງືດແອັບລາວ.ມີແຕ່ຄົນພີມພາສາໄທ ພວກຂາຍຊາດ,1
ເມກ ຄຸ້ມຄອງ,1
ຂໍອີເມດແດ່,1
ຢາກໃຫ້ຄືເກົ່າ,1
ມັກແອັບນີ້ແຮງ,1
ແຈກັບູນພະຄໍາ,1
ໂຄດມະຫາກາກ ໄດ້ຄະແນນຢູ່ພ້ອຍເປັນ5000ແລກດາຕາບໍ່ໄດ້ຊໍາຫາຍແຕ່ຄະແນນຢູ່ພ້ອຍສະພາບແອັບຄວຍ,0
ໃຊ້ດີມີປະໂຫຍດໃນການເດີນທາງ,1
ບໍ່ເຂົ້າໃຈເຂົ້າແອັບ ມາຍຢູນິເທວແລະຕ້ອງເດັ່ງມາຂື້ນແອັບໂຕນີ້ໂລດ ໂຫຼດເພື່ອຕັດບັນຫາເຂົ້າໂຕນັ້ນລະມາເດັ່ງຂື້ນໂຕນີ້ແກ້ໄຂໃຫ້ແນ່ເດີ,0
ກາກໂພດເຂົ້າແອບແລ້ວຄ້າງໃສ່ເບີຖືກເມິດທຸກໂຕບອກວ່າເກິນຂໍ້ຜິດຂ້ອງບໍທັນສະໄຫມ,0
ຮ່າໍາໍາຮໍາຮໄ,1
ດີລ້າຍ,1
ໂຄສະນາຫຼາຍເບີ່ງຫມັງໄນ youtubeຍັງມີໂຄສະນາ,0
ໂຫລດບໍ່ໄດ້ ເລີຍ ປັບປຸງ,0
ຫີມາກ,1
ສອງໂມງເດ,1
ແອັບກາກຢາຫາໂລດ,0
ຄວາຍຍ,0
ໃນໂຄສະນາກັບຕົວຈຮິງບໍຄືກັນຈັກຫນ່ອຍ,0
ແກ້ວ.ອດອນ,1
ໄຊດີເປັນທີນິຍົມ,1
ມັນລົງທະບຽນໄດ້ແທ້,1
"ປ້ອນລະຫັດເຂົ້າໄປແລ້ວຍັງຢູ່ຫນ້າເກົ່າແລະເດັ້ງອອກຊ້ໍາ , ກະລຸນາປັບປຸງໃຫມ່ແນ່ໃຫ້ໃຊ້ງານງ່າຍກວ່ານີ້",0
ໃຊ້ດີໂອນເງິນງ່າຍໄວພ້ອມ,1
ລະຫັດແນະນໍາ33230538,1
ຢຸ້ໍາຮພາຕດາໍາສ ຮເຈ,1
ໂສດຈຮ່າ,1
ດີທີສຸດເພາະທໍາໃຫ້ເຮົາຮູ້ຈັກເພື່ອນຫລາຍຂື້ນສື່ສານກັບເພື່ອນໄດ້ງ່າຍ,1
ຕົດຫມາ,1
ບໍ່ມີຫຍັງທຸກຢ່າງສະດວກດີ,1
ຮູ້ສຶກດີທີ່ໄດ້ເປັນສວ່ນຫນຶ່ງໃນຊຸມຊົນຊາວເຟສບຸກ,1
ນ້ອງນ້ອງໂຕເຕ້ຄ,1
ສະບາຍດີມືຖືຂ້ອຍຫລັງຈາກອັພເດດເວີຊັນໃຫມ່ມາເຂົ້າສູລະບົບບໍ່ໄດ້ ຊ່ວຍແກ້ໄຂໃຫ້ແດ່ ມຶຖືຂ້ອຍ honor play,1
ອັບເດດຕະຫຼອດບໍ່ມີການປ່ຽນແປງຫຍັງຄືເກົ່າ,0
ສນອິດສະເນຈອນ,1
ໃສ່ລະຫັດແນະນໍາໃຫ້ແນ່ເດີ 19203525,1
ຄໍາຍສ້ອມແປງລົດ,1
ດີຫຼາຍສຸດຍອດຄັກອະຫຼີ,1
ທຸກຢ່າງກໍ່ດີຢູ່ພຽງແຕ່ເຮົາມັນຈົນເລຍບໍ່ຄ່ອຍໃສ່ໃຈມັນໄດ້ແຕ່ເບິ່ງເປັນປະສົມການເທົ່ານັ້ນ,1
ຂ້ອຍຂໍໃຫ້ຫນຶ່ງດາວສໍາລັບການທີ່ຂ້ອຍອັບເດດແລ້ວບໍ່ໄດ້ເນັດໃສການຍັງບໍ່ໄດ້ເລີຍແອັບນີ້ຫັ້ນ ເນັດກະບໍ່ໄດ້ອັບເດດເປືອງ ພື້ນທີ່ລ້າໆຫນຶ່ງດາວກະບູນຫົວມືງແລ້ວ,0
ຖ້າເພີມການໂອນເງິ່ນເຂົ້າບັນຊີກະເປົ່າໄດ້ຄື່ຊິດີ,1
ດີຫຼາຍໆ ສະດວກ ທັນສະໄຫມ,1
ຂອງຟີບໍ່ມີໃນແອບນີ້,0
ບໍລິການ3ແກັບຫາຍໄປໃສແລ້ວ,0
ໄມ່ບັງຄັບໃຊ້,1
ແອັບນີດີຫຼາຍຫາເງິນໄດ້ຕະຫຼອດ,1
ກະຍ້ອນມີເຈົ້ານີ້ລະຂ້ອຍຈື່ງບໍ່ເຫງົາ,1
okໃຊ້ໄດ້ຍຽມ,1
ມັກເບິ່ງຫນັງແລະຟັງເພງ,1
ດີຫຼາຍເດີຈຣາແອປນີ້ພັດທະນາຕໍ່ໄປເດີ,1
ທອງໄປ,1
ມາກດີ,1
ຄືຂັດຂ້ອງຕະຫຼອດແທ້,0
ເວບຊັ່ນຄືຫມົດອາຍຸຕະຫລອດແກ້ໄຂໃຫ້ແນ່,0
ດີ ດດ,1
ດີຫລາຍ ຂໍໃຫ້ທາງຫນ່ວຍງານmochaພັດທະນາໄປເລື້ອຍໆ,1
ຄັກລາຍ,1
ຕິດຕັ້ງລະສົ່ງລະຫັດ oto ຊ້າ ເປັນຊົ່ວໂມງຈີ່ງສົ່ງມາໃຜສິຕັ້ງໄດ້ ປັບປຸງແດ່ເດີປອງຕັ້ງຫມົດເຊົ້າປານນີ້ຍັງບໍ່ໄດ້,0
ອານີ,1
ສະດວກແລະງ່າຍ.ຈົ່ງພັດທະນາຕໍ່ໄປໃຫ້ດີຕື່ມອີກ,1
ດາວໂຫຼດຍັງບໍ່ໄດ້ ເປັນສີບຊາວນາທີຍັງຕິດຕັ້ງບໍ່ໄດ້ໄດ້ເທືອ,0
ຢະທອງ,1
ດຶ້່ວຕນີງ.,1
ຊອບເລັ້ນເສຍຢ່າງມັນຄ້າງ,1
ກວນຕີນເນາະ ຢູ່ໆກະໃຊ້ບໍ່ໄດ້ ເລີ້ມສໍ້ລະ,0
ດີໃຈຫລາຍ ຂອບໃຈ,1
ເອົາໄປ,1
ກະເກມ,1
ອັບເດດແອັບດຸໂພດດໂພ. ອັບເດດສັນຍານເນັດແນ່ ຊ້າຄືເຕົ່ານີ ເງີນດາຕ້າສູງບໍ່ມີຜົນດີຫຍັງເລີຍ ຂື້ນຄ່າເງິນບໍ່ວ່າ ຂໍແຕ່ຄຸ້ມຄ່າສັນຍານເນັດ,0
ມັກຍູ່,1
ຕອນນີ້ລໍາບາກໄຈຫາເງິນຍາກ,0
ຂໍໄຫ້ໄດ້ແດ່ເຍີ,1
ແກ້ໄຂແອັບແນ່ເຂົ້າແລ້ວເດັ່ງອອກ,0
ຜົມຊາຍຢູນິເທວ,1
ເຂົ້າບໍ່ໄດ້ຈັກເປັນຮ່າຫັຍງຮຸ,0
ດີແທ້ໆວອງໄວທັນໃຈ,1
ວສດີ,1
ກໍໄຊ້ດີຢູ່ແຕ່ຢາກໃຫ້ຖອນເງິນຜ່ານແອັບໄດ້ແດ່,1
ຂໍ່ເຂົ້າລົບນັບຖື,1
ວັດດີ,1
ເຍີຍມ,1
ເລີ່ນໃຊ້ງາມ,1
ຢາກໃຫ້ແກ້ໄຂເກມໃຫ້ແດ່ ເລ່ນໄດ້ມື້ລະ5ຮອບ ແຕ່ຄິກເລ່ນມັນໄດ້ບາງເທື່ອແລ້ວມັນຕັດຮອບລົງທັ້ງທີ່ບໍ່ໄດ້ເລ່ນ ອີກຢ່າງ1ອາທິດຫາຄົນຊະນະ ມັນເປັນໄປບໍ່ໄດ້ດອກມື້ດຽວເລ່ນ5 6ຮອບຄະແນນ 6ຮ້ອຍປາຍ ບໍ່ແມ່ນລູກຄ້າເລ່ນດອກແບບນີ້ນະ,0
ໄຊ້ໄດ້ຢ່າງບໍ່ມີສະດຸດແຖມຍັງມີເພງຫມັງອີກດວ້ຍ,1
ດີໆລ້າຍແອ້ບນີໂຄ້ດດີສຸດໆ,1
ເຈີສິງດີໆ,1
ອັບເດດໃຫມ່ມັນບໍດີເລີຍປັບປຸງໃຫ້ແນ່.ຫມູນວົງລໍ້ກະຂ້າງ,0
ໃຊໄດ້ດີ,1
ແອັບຄືເຂົ້າບໍໄດ້ແອັດມິນ,0
ແອບນີ້ມີຄຸນນະພາບດີເຈົ້າ,1
ພສພ້ອໍາຄະ,1
ດີລາຍທີໄດ້ໄຊ້,1
ລໍ ອອກ,0
ມັກຫລີ້ນຫຼາຍ,1
ດີທີ່ສຸດຂອງ,1
ສະຫມັກກະຂັດຂີອງທາງລະບົບທັງກະເຮັເຕາມທຸກຫົວຂໍ້ແຕ່ກະບໍ່ໄດ້ເອີເລີຄວນຈະແກ້ໄຂ,0
ນາງບົວເພະດ,1
ນໍ້າຫວານ. ຈັນທະລັງສີ,1
ຈະບອກໄຫ້ຮູ້ວ່າແອບນີ້ດີ ປະມານ 90 ເກືອບເຕັມ100 ແລະທິ່ວ່າໂທລະສັບມັກຫລີ້ນຄ້າງເພາະໂທລະສັບບ່ແມ່ນຍ້ອນແອບຮັກທີ່ສຸດເຟສບຸກຂອບໃຈສໍາລັບແອບດີໆທີ່ສ້າງອອກມາໄຫ້ຄົນທົ່ວໂລກໄດ້ມີຄວາມສຸກໃນການຊົມໃຊ້,1
ໃຫ້ເຕັ້ມເລີຍ,1
ເຂ້າທະນາຄານບໍ່ໃດ້,0
ຄາດບໍ່ໄດ,1
ເຂົ້າແຊັດບໍ່ໄດ້,0
ໃສດີອະລີ,1
ແອັບຯນີ້ມັນໂກງ,0
ແຊບນ່ະ,1
ປ່ຽນຮູບຫນ້າປົກບໍ່ໄດ້ແກ້ໄຂແນ່!,0
ກ້າວຫນ້າໄປຫຼາຍ,1
ຢາກເຊີ່ງ,1
ຫນໍາ,1
ດີໂພດ,1
ກະເຈົ້າແຊັດມາກະບໍ່ໃດ້ຍິນອອນລາຍກະບໍ່ເຫັນ,0
ຂີ້ລ້າຍຫລາຍເຂົ້າບໍ່ໄດ້,0
ໂລດເຟສໃຫ້ໄດ້ໄວ້,1
ກູຄືນ,1
ດຸຫັນງໂປ້,1
ມີເພືອນມາກແລ້ວກໍ່ໄດ້ຮູ້ຂາວອີກດ້ວຍ,1
ດີຫລ່າຍ,1
ກະຄືສິດີຢູ່ ຄັ່ງທໍາອິດຂອງໂຕເອງ,1
ແອັບຫມາສີ້ແມ່ມຶງເຮັດມາຫາອີຫຍັງ ກົດອີຫຍັງກະເດັ້ງອອກ ໃຫ້ກູກອກຊື່ ໃສ່ຊື່ແລ້ວຢືນຢັນບໍ່ໄດ້ ຍ້ອນກົດແປ້ນພິມອອກບໍ່ໄດ້ ພໍຢາກດຶກໂທລະສັບໃສ່ຫົວຜູ້ມັນສ້າງແອັບ ສູນແຮງ,0
ຄໍາແພງແກ້ວ,1
ຄືມັກຄ້າງແທ້ເດອັບເດດໄຫມມ່ນິ,0
ມັກຫລາຍຫລີ່ນງ່າຍມີປະໂຫຍດດີ່ຫລາຍ,1
ເຫີ້ຍສຸດຫມຸນບໍ່ເຄີຍຖືກເນັດ,0
ດີຫຼາຍແອັບນິ້,1
ຮຮ່ສວ,1
ຕອນກາງເວັນລິນໄມໄດ້,1
ແຊບບບ,1
ເກັບ,1
ທີມງານບ້ານເຈົ້າຫນອງຊະເພົາຄໍາ.bcelone,1
ທໍາດີກັບຄົນທີ່ດີກັບເຮົສ,1
ດິຍ້ຽມ,1
ເບີ່ງສະຕໍຣີ່ບໍ່ໄດ້ເລີຍ,0
ອັບຕະຫຼອດ,0
ນນນ່້່າ,1
ປັບປຸງຢ່າໃຫ້ພວກເດັກເຂົ້າໄດ້,1
ເຂົ້ແອ໊ບບໍໄດ້,1
ໃຊ້ງ່າຍ ໄວດີ,1
ມັນຄືເຂົ້າບໍ່ໄດ້ໂຫລດດົນນຍັງເຂົ້າບໍ່ໄດ້ເທື່ອ,0
ດືມາກ,1
ດີຫຼາຍ ວ່ອງໄວທັນໃຈ,1
ດີຫຫລາຍເດີ,1
ມີສີນຄ້າລາກຫລາຍ,1
ມີເມຍມັກຫລາຍ,1
ສະຫມັກບໍ່ໄດ້ ຄ້າງຢູ່ບ່ອນຖ່າຍຮູບກັບວິດີໂອ ຕອບແດ່ເຮັດແນວໃດຈຶ່ງໄດ້?,0
ດີສໍາຮັບຄົນທີໃສunitelແຕ່ສໍາຮັບຂ້ອຍໄຫັເລີຍ5ດາວ,1
ແອ ທໍາມະວົງສາ,1
ມັກໆໆໆ,1
ໃຊ້ດີມາກຄັບ,1
ຕອນທໍາອິດມັນກະດີຢູ່ແຕ່ຫຼັງນີ້.,0
ແອັບນີ້ເຮັດໃຫ້ຂອ້ຍບໍ່ໄດ້ເຕີມເນັດ,0
ຂໍຄວາມຊວ່ຍແດ່,1
ຄົນບໍ່ດີໃຜກະສັງ,1
ຊອກແຟນກໍ,1
ບໍ່ຕ້ອງປ່ຽນແບບນີ້ກະໄດ້,0
ກະຈອກຄ້າງກະຄ້າງບໍ່ຮູ້ແກ້ໄຂ,0
ຈີຕະມອງ,1
ທໍາງານທີລາວ ວິວ,1
ຂາຍເຄື່ອງທົ່ວໃປ,1
ນເຕິຍທບະຍາດນ,1
ຄັກຫຼາຍແອບໂຕນີ້,1
ເກີດປັນຫາ,1
"ສັນຍານ,wi fi ຂອງບ່າວເຄືອຂ່າຍ ເວລາ ໂທສຽງ ແລະ ໂທວິດີໂອ ບໍ່ສະຖຽນ",1
ແບບເກົ່າດີກວ່າ,0
ສະດວກຫຼາຍ ງ່າຍເລື່ອງໂອນເງິນ ແຖມຍັງປອດໄພ ວ່ອງໄວທັນໃຈ,1
ສົ່ງຂອງຊ້າແຮງບາງເທື່ອບ່ອນທີ່ຝາກມາກະບໍ່ໄດ້ໄກປານໃດຍັງໃຊ້ເວລາດົນຂ້ອຍສັ່ງເຄື່ອງມາມື້ນີ້ມື້ທີ່4ຍັງບໍ່ໄດ້ຮັບເຄື່ອງເຄື່ອງລະຄ້າງຢູ່ແຕ່ກໍາລັງຂົນສົ່ງຖ້າເປັນອານຸສິດບໍ່ຮອດ2ມື້ກະໄດ້ຂະຫນາດສັ່ງຂອງມາແຕ່ແຂວງດຽວກັນກັບອານຸສິດທີ່ຂ້ອຍເບິ່ງມາອານຸສິດຍັງໄວກວ່າອີກ,0
ຕັ້ງບໍ່ໄດ້ມັນແຕ່ປອນມາຍເລກໂທລໍສັບມືຖື,0
ຍ. ວ ຊຊ ການ,1
ເພືອຄວາມສະດວກສະບາຍດີມາກ,1
ດີສົງໄວ,1
ແອັບກາກແນວນີ້ຄັນຊິປິດລະປິດເດີອ້າຍເຂົາອັບແດດຊີຊັນໃຫມ່ກາກກວ່າເກົາເຂົ້າບໍໄດ້ຊໍາພັດທະນາແບບໃດແນວນີ້ມີແຕ່ກາກລົງທຸກມື້ປິດໄວໆແນ່ເດີຂວາງຫູຂວາງຕາແອັບແບບນີ້ໂລດກະເປືອງພືນທີຊື່ໆໃຊ້ງານກະບໍໄດ້ເຂົ້າແອັບກະບໍໄດ້ຫາແດກດາກມຶງເອີຍ,0
ກະດີແນ,1
ພດີ,1
ບັນ,1
ຄໍາມາຍ,1
ມັກຫລາຍມີເພງໃຫ້ຟັງມີຫນັງໃຫ້ເບີ່ງອີກ,1
ຍາມວຽກມີວຽກຈໍາເປັນ ຍາມສຸກເສີນລະມີປັນຫາຕະຫລອດ ເຂົ້າແອບບໍ່ໄດ້ ໃສ່ລະຫັດທີ່ໃຊ້ທຸກມື້ເຂົ້າ ເດ້ງອອກມາຫນ້າເດີມ ຈະບ້າຕາຍກັບແອບນີ້,0
ປ້ຽວນາກກຸນ,1
ດີຕໍ່ໃຈ,1
ເຂົ້າບໍ່ໄດ້ ເຂົ້າບໍ່ໄດ້ ຕາຍໆ,0
ໃຊ້ງ່າຍ ແລະ ລາຄາຖືກ,1
ໃຫມ່ແທ້,1
ລຸງດໍານັນທະວົງ,1
ຂຂຂີ,1
ດີຫຼາຍ.ພັດທະນາຕໍ່ໄປ,1
ຂອບໃຈທີ່ໃຊ້ບໍລິການແມ່ນດີຫຼາຍ.,1
ມີບັນຫາຕະຫລອດ ອັດເດດກະບໍ່ຢາກໄດ້ມີແຕ່ລົບລະໂຫລດໃຫມ່ ໂອນເງິນກະຊ່ວງນີ້ຄືບໍ່ໄດ້ເລີຍ.,0
ໃຊ້ດີອຢູ່,1
ສະແກນ ບໍ່ຕິດ ສະແກນຍາກ ແກ້ໄຂແນ່,0
ໂກາຄິຄເຄ່,1
ແອັບໂຄດກາກເຮັດໃຫ້ມັນດີໆແນ່ໃສ່ເບີແລ້ວແຕ່ບໍ່ສົ່ງລະຫັດໃຫ້,0
ຄຸ້ຍການຫລີນ,1
ໂຫລດຮອດບໍ່ໄດ້,0
ສ້ນຍານດີໄວແຮງແຊງໄດ້,1
ເຕີ້ໄກຍະສອນ,1
ສຸດຍອດເລີຍແອັບນີ້ສາມາດຕິດຕາມສິນຄ້າທີ່ໂຕສັ່ງຫັ້ນມາຮອດໃສດີຫຼາຍຢາກຮູ້ຄືກັນວ່າຄົນໃດໂກງລູກຄ້າບໍລິສັດເອງຫຼືຮ້ານຄ້າເອງໂກງລູກຄ້າແລະມີຄວາມປອດໄຟສູງອື່ນໆຂໍໃຫ້ພັດທະນາຕໍ່ໄປເດີສູ້ໆເດີ້,1
ໄດ້ຮູ້ສີ່ງໄຫມ່ໆ,1
ໂນະເສ,1
ບໍ່ມີປະສົບການເດິຂໍໃຫ້ທາງສູນຊ່ວຍເຫລືອແດ່ຂອບໃຈ.,1
ອາລີວຫວ້ງ,1
ເຂົ້າແອັບກະດົນໂພດ ບາງເທື່ອກະບໍ່ໄດ້ເລີຍ ປັບປຸງແນ່!,0
ມັກແທ້,1
ເຮັດໃຫ້ມີຫຼາຍເມນູແດ່,1
ດາວນິນ,1
ວ່າແຈກເງີນ5000ກີບນິ້ເງີນຫຍັງນໍ ເງີນໂທຫລືເງີນຫລຸດຄ່າຝາກເຄື່ອງ,0
ໂຄສະນາຫລາຍເກີນ,0
ຮືຄ່ຕ່ຈສຂ,1
ພໍ່ໃຊໄດ້,1
ແອັປເດດໄຫມ່ເຊີນເພື່ອນຕິດຕັ້ງບໍ່ໄດ້ ແກ້ໄຂ້ແນ່ຖ້າຍັງບໍ່ໄຂງາຍຊິລົບ,0
ຫຍຸ້ງຍາກ ຄ້າງດຸ ຄອນເຊັນເຕີ້ບໍ່ໃຫ້ຄວາມອຸ່ນໃຈຫຍັງເລີຍຕິດຕໍ່ບໍ່ໄດ້,0
ແອັບໂຄດບໍ່ໄດ້ເລື່ອງເຂົ້າຊ້າໂຄດມັນບາງທີເຂົ້າບໍ່ໄດ້ດ້ວຍຊໍາ້,0
ກູໃຫ້ໄປສອງດາວອັບເດດຍາມໃດຄືສົ້ນຕີນຍາມນັ້ນກູຢາກໃຫ້ຫົວຫນ້າມຶງພັດທະນາມຶງຄືສິກິນຍ້າແທນເຂົ້າສະຫມອງຈຶ່ງຫນ່ອຍການພັດທະນາແກ້ໄຂກູບໍ່ເວົ້າຫຼາຍຖ້າເຮັດບໍ່ໄດ້ກະລົບແອັບໄປສາ,0
ແອບນີ້ດີໆແທ້ແທ້,1
ມັກຫລຼາຍ,1
ໃຊ້ງ່າຍ ສະດວກ ສະບາຍ,1
ໂອເຄຫຼາຍ,1
ສັນຕີຈະເລີນມັງມີສີສຸກ,1
ສະດວກສະບາຍໃນການພັດທະນາ,1
ເຂົ້າທ່າ,1
ອາຫານແຊ່ບຫຼາຍ,1
ນ້ໍາເພັດ,1
ສັ່ງລະໄດ້ເຄື່ອງໄວ ບໍ່ມີໃຫ້ເຫັນໃນແອັບນີ້ ແມ່ນຫຍັງ ສັ່ງໄປດົນບໍ່ພໍ ຍັງບໍ່ໄດ້ແນວກີນອີກ ພໍເລີ ໃຜທົນໄດ້ເຊີນ,0
ອີມໃຈ,1
ເລ້ນແລ້ວມີແຕ່ຄວາມສຸກຂອ້ຍລະມັກຫລາຍເດ,1
ດູີ,1
ດີຫຼາຍແອ້ບໂຕນີຂ້ອຍລົງທະບຽນແລ້ວກໍໄດ້ຮັບດາຕາ2gໄສພາຍໄນ24ຊົວໂມງແລ້ວກະມາມຸນວົງລອມລຸນໂຊກກະໄດ້ອີກ5gໂຄດດີເລີຍແອ້ບນີໄຫ້ໄປເລີຍ5ດາວ,1
ຂໍອະໄພ,1
ແຕ່ງງານແລ້ວ,1
ຫລີ້ນເກັ່ງ,1
ໂອເຄແລ້ວ,1
ຮ່າີສານຫມໍເຍ8ທ ລ97ບຂ9ຊລ່,1
ໄຊ້ແລ້ວເຫັນວ່າມີເພີດເພີນດີ ມັກຫຼາຍ,1
ໃຊ້ງາຍເຂົ້າໃຈໄວ້,1
"ແອັບຍັງບໍ່ດີພໍ,ພວກຫມາສ້າງມາເພື່ອສຸກຫມາເນາະຄົນສ້າງນິ",0
ດີທີສຸດແລ້ວ,1
ຂໍໃຫ້ໂລດໂດຍ,1
ໃຊ້ດີສະດວກ,1
ແອບຊ້າຫລາຍ,0
ເມຊັນຈຶ່,1
ຜຫຫັ້ໂຜຜັຫຜຜຟັ້ຟຟັ,1
ສ້າງ,1
ຂໍໃຫ້ເປັນສ່ວນໂຕ,1
ຄໍາບານ ລາວ,1
ສະບາຍດີ whatsapp,1
ຂັນເງິນ,1
ເມື່ອເບີ່ງfacebookຂອ້ຍຮູ້ສືກມີຄວາມຮູ້ໃຫມ່ໆໆ,1
ມີຂ້ຶມສາທຂ,1
ດິຫລາຍ.ໆ,1
ປະສົບອີຫຍັງຂອ້ຍບໍ່ຂອ້ບໍໄດ້ມີປະສົບອີຫັຍງ,1
ນັກນະ,1
ຂໍຂອບຄຸນນະຄ່ະທີ່ໄຫ້ແອັບນີ້ກັບຈຮັນ,1
ໃຊ້ງານຂ້ອນຂ້າງຊ້າ,0
ຖ້າຊື້ດາຕ້າແທນໃຫ້ເບີອືນໄດ້ ມັນພິເສດຫລາຍ,1
ໃຫ້ເຊີນ,1
ຢ່າງມີຄົນໄດ້ເບີຂອງກູຫາຼຍຄົນນານາ,1
"ສະດວກ, ປອດໄພ, ວ່ອງໄວ, ທັນໃຈ lvb digibank",1
ຍອດແຍ້ມ,1
ຂໍໃຫ້ທ່ານຜູ້ຮູ້ວ່າໃນວັນທີທັນວາກອງບັນຊາການປ້ອງກັນເຄື່ອນໂດຍຊຸມຊົນແມ່ນທີ່ໄດ້ຮັບການບູລະນະ,1
ເຊນພານາຍາກສາ້ງເຟດບຸກ,1
ໃສ້ດີຖືກໃຈຫຼາຍ,1
ເຫັນແຕ່ໂພດເກົ່າໆໂພດໃຫມ່ບໍ່ເຫັນ,0
ຈາ ແຮະ ສອນ ຄົນລາວ,1
ທົ່ງ,1
ຊົມເຊີຍ,1
ບໍ່ມີຄໍາອະທິບາຍດີ ຫຼາຍ,1
ຖືໃຈຫລາຍໄຊ້ງ້າຍ,1
ດີສຸດໃຫ້100ໄລ້,1
ງາຍດີ,1
ຄັນກາຍ,1
ແອປນີ້ ດີຫລາຍ ໄດ້ເຫັນປະກົດການຫລາຍຢ່າງ.,1
ບໍລິການໂອເຄ,1
ສົ່ງໄວຕິດໄວ້ດາວຫນຶ່ງບໍ່ຕົງປົກ,1
ໄຊ້ດີປອດໄຟ,1
ຂີ້ລາຍຫຼາຍ ສົ່ງລະຫັດມາລະເຂົ້າບໍ່ໄດ້ເນາະຕັ້ງມາເພື່ອຫຍັງ,0
ມີປະໂຫຍດຫຼາຍຢາງ,1
ແອັບໂຄດຊ້າ ໃຫ້ອັບເດດຕະຫລອດ ຄວນປັບປຸງ,0
ເປອາ,1
ດີຫຼາຍຫຼີ້ນງ່າຍສະດວກ,1
ສົ່ງຂໍ້ຄວາມແລະໂທຟີ,1
ອາຫານສົ້ນຕີນຫຍັງແຊບກະບໍ່ແຊບ ແພງກະແພງ,0
ໄຫ້ຄະແນ່ນແອັບນີ້ສູງສຸດ5000ກ້ວາມື,1
2 ດາວພະພໍ່ບໍ່ເວົ້າຫຍັງຫຼາຍ,0
ພອບສາຍ,1
ສະດວກຄັກ ຢາກກິນຫຍັງກະສັ່ງເລີຍ,1
ກ່ຽດ,1
ບໍສາມາດຖອນການຕິດຕັ້ງແອັບນີ້ໄດ້ກະລຸນາແກ້ໄຂໃຫ້ຂ້ອຍ,0
ກຸ້ມອ້າຍໄມ,1
ດີຢູ່ແຕ່ຕັ້ງປັບຫນ້ອຍ1,1
ແກ້ວສີດ ອີແກ້ວ,1
ໂຄດດດຄວາຍເຂົ້າແອັບກະບໍ່ໄດ້ບໍ່ມີການເຊື່ອມຕໍ່ຢູ່ໂຫລດມາເປັນປີຍັງບໍ່ເປັນຫາກະມາເປັນຊວ່ງອັບເດດນີເຂົ້າລະກະເດັ່ງອອກປັບປຸງແດ່ເດີ້,0
ໃຊຊ້ດີແຕ່ເວລາເຂົ້າແອັບຊ້າ,1
ຢາກໃຫ້ມີqr,1
ຄຸນນະພາບດີຫຼາຍ,1
ເລ່ນໂຄດດີ,1
ເພີເຟັກ,1
"ປະສົບການເຄີຍ,ລົມ.ລກຸຄຸກຄານມາ.ມາກມາຍ",1
ເຂົ້າຍາກແຮງມີເນັດກະເຂົ້າຍາກບໍ່ມີເນັດກະເຂົ້າບໍ່ໄດ້ເລິຍຄວນປັ້ບປຸ່ງໃຫ້ມັນເຂົ້າໄປໄດ້ງ່າຍແບບບໍ່ມີເນັດກະເຂົ້າໄປໄດ້,0
ຢ່າລືມໃສ່ລະຫັດນີ້ເດີ່ 05540033,1
ເຄີຍຜ່ານມາຫຼາຍ,1
",ຖືກລຶບມັນຢາກຕິດຕັ້ງຄືນ",0
ສະດວກຕໍ່ການນໍາໃຊ້,1
ທ້າວໄມ,1
ດີຫລາຍແອບນີ້,1
ຮັກເດີ,1
"ແອບຂຽນ code ໃຫມ່ ຫວາ, app ມີແຕ່ bug. ວຽກງານລະດັບຊາດເອົາ programer ເກັ່ງໆມາພັດທະນາ app ແນ່.",0
ປະສົບການບໍມີຫຍ້ງດອກພໍພຽງແຊໄຫລາຍໆຄົນໄດຮ້ບ,1
ຂໍແນະນໍາຢ່າໂລດເລີຍຮ່ວຍແຕກບໍ່ເຫມາະສົມ,0
ຫຼີ້ນຢູ່ຕະຫຼອດ,1
ລອງໄປກ່ອນ,1
ຈັກເປັນແມ່ມັນຫຍັງ ເຮັດຫຍັງກະບໍ່ບາດອັບເດດລ່າສຸດລະ,0
ຊອງມາກ,1
ໂຄດບ້າເລີຍ,0
ເຂົ້າສູ່ລະບົບຍາກແທ້,0
ຂ້ອຍວ່າໄຫ້ພວກເຈົ້າຫັນຫນ້າໄປເບິງຂູ້ແຂ່ງແນ່ເດີ້ວ່າເປັນແນວໃດແລ້ວມາທຽມໃສ່ແອັບຂອງພວກເຈົ້າເບິງສໍາຫຼັບຂ້ອຍໂຄດສົ້ນຕີນເລີຍບໍ່ມີຈຸດເດັ່ນຫຍັງຂ້ອຍນິໂຫລດມາ2 3ເທື່ອແລ້ວຂ້ອຍເລີ່ມຢາກຮ້າຍແລ້ວຄວນປັບປຸງຖ້າບໍ່ປັບປຸງພວກເຈົ້າຊິເປັນຫມັນ,0
ມູນວົງລໍ້ບາດດຽວຫນົດ,0
ຢ່າງເອົາໄດ້ນະ,1
ດີ່ໄຫ້ເນ໊ຕຟິ່,1
ແອບຫ່າອີ່ຫຍັງສ່ງລະຫັດໃຫ້ບາດກົດເຂ້າພັດເຂ້າບ່ໄດ້ໂຫລດມາເປັນ10ເທື່ອລະກະເຮັດບ່ໄດ້,0
ຂ້ອຍຮູບສໍາມະໂນຄົວບໍ່ໄດ້ ແກ້ໄຂ່ໃຫ້ແດ່,0
ດີຫລາຍ,1
ເອົາໄປເລີຍ4ດາວສະດວກດີບໍ່ຈໍາເປັນໄປສູນໃຫ້ຍຸ້ງຍາກ.,1
ແອັບຫວຍໆແບບນີກະກ້າເອົາມາໄຫ້ບໍລິການ,0
ເອົາໄປ2 ດາວພໍ ເວລາເອີ້ນລົດກະໃສ່ລາຄາຕາມແອັບ ແຕ່ຄົນຂັບລົດບໍ່ຮັບ ພໍໃສ່ລາຄາສູງກວ່າກົດຮັບອໍເດີ້ບັກໄວໆ,0
ສອບມາກມາກໆໆ,1
ເກມງູກຫບເກມວາຍຟາຍ,1
ສົ່ງລະຫັດມາແດ່ກໍາລັງຈ່າຍເງີນ ປັບປຸງແດ່ເດີໄຫ້ຄືກັບທະນາຄານອື່ນແດ່ ທຸກຄັ້ງທີ່ຈ່າຍເງີນກະເປັນແບບນີ້ທຸກເທື່ອ,0
ດີດີຄົ້ນຫາໃວດີ,1
ຖ້າລົບການທີ່ວ່າລະເມີດອອກແລ້ວກະລົບອອກເລີຍບໍ່ຈໍາເປັນໃຫ້ກົດຊ້ໍາໆໆກະຕຸກຊິບຫາຍ ເດັ້ງຂຶ້ນມາຢູ່ນັ້ນໂພສກວ່າທີ່ຖືກລົບນັ້ນນະ ຈົນເລື່ອນຫຍັງກະບໍ່ໄດ້ ກົດອອກກະບໍ່ອອກ,0
ພຽງເລີ່ມຕົ້ນສຶກສາຮຽນຮູ້ເລື່ອງການນໍາໃຊ້ຂໍ້ມູນພືນຖານໂທລະສັບນີ້ຫນ້ອຍໆ,1
ອິນເຕີເນັດ ສາມຈີ,1
ບໍ່ຂື້ນເພັງໃນສະຕໍເລີ້,0
ເງີນແນ່ນອນ,1
ຄືເປັນຮ້າຍແທ້ໂຕເກົ້າໃຊ້ດີກວ່ານີ້ອັບເດດມາເບິ່ງຫນັງກະບໍ່ໄດ້ໃຜຊິຢາກໃຊ້ຖ້າເປັກແບບນີ້,0
ຄືເຊື່ອມຕໍ່ກັບທະນາຄານບໍ່ໄດ້ບອກໃຫ້ລໍຖ້າແຕ່ຖ້າເປັນຊົ່ວໂມງລະຍັງຄືເກົ່າເປັນແນວໃດນໍ ປັບປຸງແນ່ເດີ,0
ໃຊ້ສະດວກສະບາຍ ໃຊ້ດີ,1
ຄືໂຫລດບໍ່ໃດ້,0
ດີຫບາຍ,1
ຫຼ້າມົວ,1
ການນໍາໃຊ້ຜົນຫວຍ,1
ຢູ່ທີ່ປາຍນິວ ດີ,1
ດີຢາກຫລີ້ນແອບນີ້,1
ສຸດຍອດລາຍ,1
ບໍ່ມີເວລາ,1
ອີຈອຍ,1
ວ້ກ່ຈ,1
ລອງໃຊ້ເບີ່ງກ່ອນແລ້ວຈະມາບອກຕາມຫລັງ,1
ມທືທ,1
ຢາກໃຫ້ການແກ້ໄຂລະຫັດແນະນໍາຂອງເພື່ອນໃນຊ່ວງໄລຍະສັ້ນກ່ວານີ້ ເພາະເພື່ອນບາງຄົນມັນດື້ພິມລະຫັດມັນໃສ່ແອັບເຮົາໂດຍທີ່ເຮົາບໍ່ເຕັມໃຈ,1
ອະສຽບ,1
ຊືບຸນຫຼາຍນໍລະວົງ,1
ມະນູດທໍາມະຊາດສາຍທອງຄໍາ,1
ບໍ່ດີຢູ່ຢ່າງດຽວກະຄືເຕິມບັດບໍ່ໄດ້,0
ມັນເຫັນແຕ່ອັນເກົາ,1
ດີໃຈ ຫລາຍ,1
ມີແຕ່ຮ້ານອາຫານທີ່ບໍ່ແຊບ ສັ່ງເທື່ອໃດຖືກແຕ່ຮ້ານບໍ່ເປັນຕາກີນ ເບີ່ງຫນ້າຕາອາຫານໃນຮູບລະອະລັງການພໍສັງມາກີນປ່ານວ່າແມ່ນຫຍັງເອົາໂລດເສຍດາຍເງີນ,0
ໃຊ້ດີຫລາຍຖືກໃຈຫລາຍ,1
ຈ່າງ,1
ນ້ອງນ້ອຍ,1
ດີສຸດດ,1
ຂໍ້ໃຊ້ບໍລິການແອັບ,1
ຫຼາຍເທື່ອມັນ login ບໍ່ຢາກໄດ້,0
1412ທ້ວາກະທຶງ,1
ຊ້າໂພດບໍ່ມີຮູບສິນຄ້າໃຫ້ເລືອກ,0
ອັບເດດໃຫມ່ໂຄດກາກບໍ່ມີການພັດທະນາເລີຍ,0
ຂອງເຂົາດີຈີງໆ,1
ລົງບໍ່ໄດ້ເຮັດເພື່ອຫຍັງ?,0
ທາຕາຕູ,1
ປົກກະຕິດີ,1
ສຸດຍອດມັກຫຼາຍ,1
ຄົນລໍຕິດຕາມແນເດີ,1
ລົງທະບຽນເຂົ້າສູ່ລະບົບໄດ້ ແຕ່ຈະເຂົ້າລົງທະບຽນເບີ້ທີ່ຕ້ອງການລົງທະບຽນບໍ່ໄດ້ຊ່ວຍປັບປຸ່ງແກ່ໄຂ້ແດ່ເດີ້,0
ລັກນະ,1
ເດັກສໍາຄັນ,1
ໄຊ້ງານດີມາກ,1
ມັນສາມາດໃຫ້ຮູ້ຂ່າວ,1
ລັກກີຫັນນ່າເຊີນເພື່ອນໄປແລ້ວໃຫ້ຫມຸນຟີ5ຄັ້ງ5ຄັ້ງທີ່ໃຫ້ມາບໍ່ມີຫຍັງເລີຍຫມຸນຄັ້ງໃດກະອອກແຕ່ເຊີນເພື່ອນເຊີນເພືອນເຊີນເພືອນສິອອກມາຫຍັງຫລາຍກັງແກຍອມເລີຍລົບຖີ້ມແລ້ວກວນປະສາດເກີນ,0
ຈັກເປັນຫຍັງເພີ່ມປົດລ໊ອກດ້ວຍລາຍນິ້ວມືແລ້ວເດ້ງເຂົ້າກະບໍ່ໄດ້ ໄດ້ລົບໂຫລດໃຫມ່ຕະຫລອດ ໂຄດເຊັງ,0
ລືມລະຫັດເຟດ,1
ເລ໋ວທັນໃຈ,1
ໃສ່ລະຫັດນີ້ເດີ້ 52016660 ທ່ານຈະໄດ້ຮັບເງິນ 5,1
ບໍລິການດີຫຼາຍວ່ອງໄວທັນໃຈດີມາກໆ,1
ຂ້ອຍຊັນບໍໄດ້ມັນແຍມາກໄອພວກຄວາຍ,0
ຄວາມຈໍາເພີມຂື້ນຫລາຍ,1
ມັນສຸດຍອດມາກ,1
ຂອ້ຍໄຊແອ້ບນິດີລາຍ,1
ອ້າຍໂອແຫລ້,1
ກູບ່ວແຄ,1
ຂ້ອກໍາຫນດໃນ້ກາຮໃຫ້ບຮິກາຮ,1
ຂໍ້ມູນ ກັບຄື,1
ຍັງຂາດປະສົບການໃນການຊວ່ຍເຫລືອ,1
ແກ້ເຊັ່ງໄດ້ດີ,1
ດາວໂຫລດບໍ່ໄດ້ຈັກເທື່ອ,0
ທາວ້ຊຽງບູນພະຄໍາ,1
ບໍເປັນສະແຕກ ເລື້ອງໂອທີພີ ບໍຖືກຕ້ອງ ເລກດຽວກັນແທ້ໆຍັງວ່າບໍຖືກຕ້ອງ ໂຄດແມ່ມັນ,0
ແບ່ງແບ່ງ,1
ຊອຍດັນຟິດດດນອ່ຍນະ,1
ແຊບຫຼາຍເດີ້,1
ຂອບໃຈທີ່ເພດສະບຸກສ້າງຂື້ນມາໃຫ້ສັງຄົມໂລກສື່ສານຫາກັນໃດ້ງ້າຍຂື້ນ,1
ໄຊໄດ້ດີດີ,1
ແອັບຫົວຄວາຍບັງຄັບໃຫ້ອັບເດດ,0
ຫາແພນ,1
ດາວໂລດເຂົ້າໃຫ້ແນ່,0
ບອກໃຫ້ອັບເດດດີຫລາຍ,1
ໄຊ້ດີສົມຄວນ,1
ໃຊ່ດີຫຼາຍແຕ່ເສຍໂພດບໍ່ໄດ້ຊ່ວຍປັບປຸງໄຫ້ແດ່,1
ຫມູນບໍຖຶກດາຕາເລີຍຊວຍປັບປຸ້ງແນ່ ອັບເດດທຸກເທືອເສຍດາຕາລ່າລິນຍັງບໍໄດ້,0
ໃຊ້ງານງ່າຍ ສະສວກສະບາຍ ປອດໄພ ແລະ ຍັງສາມາດຫຼຸດຜ່ອນການໃຊ້ເງີນສົດອີກດ້ວຍ,1
ເປິດແອັບບໍ່ໄດ້3ມື້ແລ້ວ,0
ດິຫລາຍເວລາຂ້ອຍໃຊ້ຮູ້ສຶກວ່າດີສຸດໆ ຂອບໃຈ,1
ອາໃສການຕິດຕໍນໍາ,1
ສັນໂດນບອ໋ກ,1
ດີອີຫຼີເດີພີນ້ອງເອີຍຮິ.,1
ມັກແລະຕິດຕາມລາຍການນີ້ຫຼາຍ,1
ໃຊ້ສະດວກດີ,1
ບໍຢາກສີໂຫລດແອບນີມາໄສແລ້ວບໍມີວົງລໍ,0
ລະຫັດຄືບໍ່ສົ່ງມາໃນຢູມັນນະຢາກເຕີມເງີນຫລສຍແຕ່ເກົ່າກະຄືມີລະຫັດມາບາດນີ້ບາດບໍໄດ້ເສຍດາຍເງີນີວນແກ້ໄຂແນ່ເດີ,0
bceloneຢູ່ຊຸ່ມຊົນເຂົານິຍົມກັນໃຊັດີຫລາຍເຮັດໃຫັມີການສະດວກສະບາຍການໃຊັງານ,1
ເປັນແອັບໃຫ້ຄວາມສະດວກສະບາຍຫຼາຍ,1
ຕົວະຕັ້ງແລ້ວບໍ່ເຫັນໄດ້ດາຕາ500ມ,0
ເດັກລາວຈັນໂສດ,1
ດີ່ຂ່າວສານຮູ້ໄວທັນເຫດ,1
ແອນໃຊ້ດີຫລາຍ,1
ຂ້ອຍຮັກມັນ,1
ເວລາເຊີນສໍາເລັດກະຍັງບໍ່ໄດ້ຮັບດາຕ້າ ປັບປຸງແນ່ເດີ,0
ມີບັນເລືີອງການເຂົ້າໃຊ້ງານບໍ່ໄດ້3ວັນແລ້ວ,0
ດີຫຼີ້ນຫຼາຍ,1
ມັນມັກເດ້ງອອກຈາກແອັບດຸເກີນ,0
ຊ່ວຍປະຢັດເວລາ,1
ຄຸ້ມຄ່າ,1
ປິດກັ້ນເກີນໄປແລ້ວຊາດວ່າເຫັນແຕໂຄສະນາ,0
ໃຫ້1ດາວພໍ ແຟນບໍ່ໂພສຫາ,0
ອີມແຮງ,1
ແອບນີ້ເຮັດເພື່ອລອກລວງຊື່ໆ ແມ່ນບໍ່,0
ຊອບທີ່ສຸດ,1
ໃຊ້ດີໃຊ້ງາຍ,1
ສະດວກທັນໃຈ,1
ໄດ້ບົດຮຽນໃຫນ່ທຸກເທື່ອທີ່ເປີດໃຊ້,1
ກະດີໄລນໍ,1
ເກັ່ງບໍ່ເສຍເວລາຕັ່ງແຕ່ມີແອດນີ້ມາສະບາຍເກີນ,1
ອີ່ແກ້ວມະນີອີໄມ້ແຂ້ວ,1
ມັກບໍລິການນີ້ຫຼາຍ ສະດວກສະບາຍ,1
ກາກ ກາກ,0
"ຄົນຂັບລົດໄຟຟ້າສ່ວນຫຼາຍເວົ້າຈາບໍ່ສຸພາບ,ມີການໃຊ້ອາລົມກັບລູກຄ້າ,ຮັບບໍ່ໄດ້ຢ່າງແຮງ",0
update ມາລະໃຊ້ຫຍັງກະບໍ່ໄດ້ ຫມຸນຕິວໆ ຢູ່ ພັດທະນາກາກຫລາຍ,0
ກະລ໋ອກ,1
ອັດແດບ,1
ເຂົ້າແອັບບໍ່ໄດ້ເດັງອອກຕະຫລອດແກ້ໄຂໃຫ້ແດ່,0
ມີດີເລີຍ,1
ກາເມສາກຫ ບວພ,1
ເງີນບໍມີ,1
ໃຫ້ອັບເດດຕະຫລອດເກີນໄປ,0
ສະດວກຫຼາຍຂື້ນ,1
ດີຫລາຍແອບນີ,1
ຕິດຕໍງາຍສະດວກສະບາຍ,1
ໃສງາຍສະບາຍ,1
ຄວນປັບປຸງແອັບໄຫ້ໃຊ້ງານງ່າຍຫຼາຍຄັ້ງແພັກເກດທັນເບີດແຕ່ເບີ່ງບໍ່ໄດ້ຊື້ແພັກເກດຊ້ໍາ5ເທື່ອຈັ່ງໄດ້ກະມີ,0
ເປັນຫຍັງຄືປະຕິບັດຟັງເພງຜ່ານkeengບໍ່ໄດ້,0
ໃຊ້ດີຫາລາຍ,1
ດີຫລາຍ.ສຸດຍອດ,1
ຂອບໃຈໃນການຕິດຕາມ.,1
ມັກຫຼາຍມີຜົນປະໂຫຍດຫຼາຍຢ່າງ,1
ແອບມືງກວນຕີນແທະເກາະ ລະຫັດຍືນຍັນກະບໍ່ສົ່ງມາ ໃຫ້ກູຖ້າຕັ້ງ2ນາທີເພື່ອໃຫ້ສົ່ງທາງsms ຄວຍ ກູຖ້າ7ນາທີ ແລ້ວຍັງຕໍ່ໃຫ້ກູ3ນາທີອີກ,0
ແບບທີສະບາຍໃຈ,1
ສະມັກບໍ່ໃດຊ່ວຍເຫຼືອຂ້ອຍແນ່,1
ພຶງພໍໃຈ,1
ຢັ້ງຢືນນໍາໃຊ້ໃຫ້ສະບາຍ,1
ໄຊ້ແອບ,1
ເຕີມເງິນຍາກ,0
ຢູ່ແບບສະບາຍໄຈດີກວາ,1
ແອປນີ້ດີມັກ,1
ດີທີ່ສຸດໃນປະເທດລາວ,1
ຫມູ່ນແລ້ວບໍໄດ້ຈັກເປັນຍັງບໍຄືນເກົາເລີຍເຈົ້າ.ຫມູ່ນກະ5ຄັ້ງແຕ່ກອນຄືນໃຫ້ຫມຸ່ນ10ຄັ້ງ.5ຄັ້ງກະບໍຖືກພໍດີເຈົາ,0
ບ້າອີຫຍັງຢູ່ຊື່ໆກະເຂົ້າບໍ່ໄດ້ ທໍາອິດເຂົ້າໄດ້ບາດອອກມາບໍ່ຮອດ1ນາທີເຂົ້າບໍ່ໄດ້,0
ຍີນດີ10,1
ໂຄ້ດເຮ້ຍ,1
ສຸດຢອດພັດທະນາຕໍ່ໄປເດີ,1
ອັບເດດໃຫມ່ແລ້ວເຂົ້າບໍ່ໄດ້ເລີຍ ເຂົ້າໄປມັນກະເດັ໋ງອອກ ປັບປຸງໂດຍດ່ວນເດີ້,0
ໃຫ້ລົງຊື່ເຂົ້າໃຊ້ວ່າຊ້ານ ບໍ່ທັນໄດ້ລອງໃຊ້ດອກໃຫ້1ດາວຫລວງຫນ້າເພື່ອໃຫ້ແກ້ໄຂແລະພັດທະນາຕໍ່ໄປ,0
ເນັດຟີດີຫລາຍ,1
ການເຂົ້າຫາຫຍຸ້ງຍາກຫຼາຍ,0
ຄໍາຫວັນ,1
ດີມາກແຕ່ຍາກໃຫ້ຫຼັນ5ໃຊ້ໄດ້ເດ,1
ກາກຫລາຍ,0
ເປັນປະສົບການໃຫມ່ທີ່ດີຫຼາຍ,1
ແກ້ໄຂແດ່ເດີຫມູນເອົາເນັດບາດໄດໄດ້ແຕ່ໂຊກດີບາດອັບເດດລະຫມູໄດ້ໄດ້1ອທທີດກະບໍ່ໄດ້ອີກ,0
ໃຊ້ດີເບີ່ງຫວຍສະບາຍ,1
ແອບເນ່າ,0
ການໄດ້ເມຍຫຼາຍຄົນບໍ່ເປັນຜົນດີຕໍ່ຊີວິດຂອງເຮົາ,1
ໂມຈາດີ,1
ຄັກກ,1
ງາມອີ່ຫຼີ,1
ດີແລ້ວ ຢ້ານອີ່ຫຍັງເຂົາສຶເອົາຂໍ້ມູນເຮົາໄປຊາວໄຮ່ຊາວນາຢ່າງເຮົານິ່55ໂອ່ຍເອົາໄປຖ່ະແມ່ະ,1
ເກັ່ງເລື່ອງຕໍ່ສູ້,1
ເຍັ່ບ. ຈັ້ງ,1
ຫລີ້ນລະມີແຕ່ເດັ້ງອອກ,0
ດີໃຈທີ່ມີເພີ່ອນຫຼາຍຄົນ,1
ມັນຄືໂລດບໍໄດເບາະບໍດີເລີຍ,0
ບໍ່ລະອຽດ,0
ເຂົ້າ,1
ຊອບມາກສຸດຍອດໄປເລີຍ,1
ແຈກເນັດມື້ລະ1000mb ແມ້ສິໄຫ້ 5ດາວ,0
ໄຊດີອີຫຼີເດີ້,1
ຂໍສະແດງຄວາມດີໃຈທີ່ໃຫ້ຄວາມສະດວກດ້ານຊື່ສານໂທລະສັບຢູ່ນິເທວ,1
ດີໃຈທີໄດ້ເພດເກົ້າຄືນ ມາຈ້າວ,1
ສອນແສງມະນີ,1
ເບິ່ງຫນັງຟັງເພງກະບໍ່ໄດ້ແລ້ວ ຈາກຄົນນິຍົມຫລາຍ ເລີ່ມສິບໍ່ມີຄົນໃຊ້ແລ້ວ,0
ຄືບໍໄດ້ດາຕາເບາະ,1
ຝາກລະຫັດຂ້ອຍແດ່ເດີຫາສິສະມັກໃຫມ່ຝາກແດ່ຈຮາທຸກຄົນ 28502053,1
ເວລາໂອນເງີນແລ້ວແອັບມັກຢຸດທໍາງານ,0
ເດສະໄລສະດອກສະບາຍ,1
ແຊບເລີຍ,1
ລະບົບມີບັນຫາ ຂໍລະຫັດ otp ບໍ່ໄດ້ ແກ້ໄຂດ່ວນ,0
ອອກແລ້ວເຂົ້າສູ່ລະບົບບໍ່ໄດ້,0
ອັບເດມາໂຄດສົ້ນຕີນ້ລີຍ ເຂົ້າກະບໍ່ໄດ້,0
ມິດາວຕ້ອງມິແອປ,1
ແອບນີດິຫຼາຍ,1
ມີຫລາຍຂໍ້ມູນທີດີອັບເດດຂໍ້ມູນໃຫມ່ໆໃຫ້ໄດ້ສືກສາ,1
ດີໃຈທີ່ສຸດ,1
ດີຍູ,1
ເຟດເພຕະລອດເບື່ອ,1
ກາກກໂຫຼດກະບໍ່ໄດ້,0
ເຂົ້າແອບບໍ່ໃດ້,0
ມີເພື່ອນໃນແອບນີ້,1
ຫຼີ້ນເກມບໍ່ໄດ້ ບໍ່ຮູ້ເປັນຫຍັງ,0
ແກ້ໃຂແອບແນ່ສົ່ງລະຫັດໃຫ້ແນ່,0
"ດີຫຼາຍແອັບນີ້,ພັດຕະນາຕໍ່ໄປຢ່າຍຸດ",1
ຊຽງສີ,1
ປຸ້ຍສີພະຈັນ,1
ບໍ່ມີປະໂຫຍດຫຍັງດອກ,0
ຕິງ,1
ດາວໂຫລດຍາກແອັບອື່ນໂຫລດໄດ້ປົກກະຕິ,0
ຂ່ວຕີດຕ້ງແອບຂືນ,1
ຈັນເຈົ້າ ດວງສົນທິ,1
ສ່ໍາຫລັບລຸ່ນລ່າສຸດ,1
ຢຸມົສ,1
ດີຫລາຍຢາກໃຫ້ດີຂື້ນໄປອີກ,1
ຊ່າແລະມັກຂາງ,1
ຊ້າບໍ່ທັນການປ່ຽນຂໍ້ມູນຄວາມເປັນສ່ວນໂຕກະຍາກຊ່ອຍປັບປຸງແນ່,0
ເບີ່ງຮູບກະບໍ່ໄດ້ໂທວີດີໂອກະບໍ່ໄດ້ ໄຫ້2ດາວໄປກອ່ນແກ້ໃຂແລ້ວຊິເພີ້ມໄຫ້ອີກ3ດາວ,0
ໃຊ້ງ່າຍ ສະດວກ,1
ໄຊ້ໄດ້ດີທີສຸດ,1
ໃຊ້ດີແຮງງງ,1
ຈາກທີ່ໃຊ້ດີໆເຂົ້າແອັບໂຄດຍາກ ປັບປຸງແນ່ເດີຢ່າເລາະກິນແຕ່ເບຍຫລາຍ,0
ສາຍສະຫນອນມີດວງຈັນ,1
ໃສສວວນ,1
ໃຊ້ດີໄດ້ຮັບຮູ້ຂ່າວສານຫລາຍຍ່າງ,1
ມີສາລະ,1
ຄົ້ນຫາບໍ່ເຫັນຮ້າ,0
"ສະແກນ.ທ ອ.ຈ ກ.ລ,ອ ລ.ພ ພ.ປົກປ້ອງ",1
ດີທຸກຢາງ,1
ອັບເດດໃຫມ່ແລ້ວເຫ້ຍກ່ອນເກົ່າບໍ່ເອົາໄວ້ພໍຮົກໂທສັບກູດອກ,0
ໃຊ້ດີຫຼາຍໆ,1
ໃຊ້ງ່າຍດີກວ່າ,1
ທັນສະໄຫມດີ,1
ເຂົ້າແອັບກະບໍ່ໄດ້ຊ້ໍາ ປັບປຸງແນ່,0
ຂາຍເສຶອຜ້າອອນລາຍ,1
ຖືກຫວຍຈະໄປເອົາຢູ່ໃສ ມີແຕ່ສົ່ງຂໍ້ຄວາມເຂົ້າເບີໂທປະຫວັດການຊື້ກວດຄືນກະບໍ່ໄດ້ເງີນໃນເບີກະຕັດໄປແລ້ວ ແຖມສົ່ງຂໍ້ຄວາມເຂົ້າເບີອີກແບບນີ້ຂື້ນເງິນຈະແທ້ບໍ,0
໑ ບບາໃ,1
ເຫ່ຍມາກ,1
ບໍລິການດີ ລາຄາບໍ່ແພງ ສະດວກສະບາຍທຸກຄັ້ງທີ່ໃຊ້ບໍລິການ,1
ດີມາກເລີຍແອັບນີ້,1
ການຮຽນແລະເງິນສົດຈໍານວນຫຼາຍທີ່ສຸດຂອງຈີນໃນໄລຍະຜ່ານມາພ້ອມທັງວາງທິດທາງແຜນການໃນການຈັດຕັ້ງປະຕິບັດຫນ້າທີ່ວຽກງານຂອງບັນດາຫ້ອງການໄປສະນີໂທລະຄົມມະນາຄົມແລະການສື່ສານ,1
ຄືເຂົ້າສູ່ລະບົບບໍ່ໄດ້.ຄວນແກ້ໄຂແນວໃດ,0
ແອບດີເຂົ້າໃຈບໍ່ຍາກແຕ່ກ້ອງນັ້ນບໍ່ຄອຍດີຖາຍຮູບບໍ່ແຈ້ງປານໃດ,0
ດີມາກຈະ,1
ເຫ້ຍ,1
ແອັບກາກໆ ລ໋ອກອິນກະເດັ້ງຫລຸດ ເຮັດຫຍັງກະບໍ່ໄດ້ ລົງທະບຽນວ່າສັນ ລ໋ອກອິນຍັງບໍ່ໄດ້ລະ,0
ມັກເຈົລລ,1
ດີແລະມີປະໂຫຍກຫລາຍງ່າຍຕໍ່ການຕິດຕໍ່ຄົນທີ່ຢູ່ທາງໄກ ຮູບພາບສັດເຈັນວ່ອງໃວ,1
ຄະແນນຈະໃຊ້ແນວໃດ ເຂົ້າຫຼິ້ນໂຄດຍາກ,0
ດີມາກຄັບຮ,1
ຖ້າເປັນໄປໄດ້ຢາກໃຫ້ຜູກໃສ່ກັບບັດສັກຢາ,1
ແຊທດີລາຍ,1
ເຄີຍໃຊ້,1
ດີມາກມາກໆໆເລີຍ,1
ປັບປຸ່ງໃຫ້ດີກ່ວານີ້ແດ່ເລື່ອນໄປໃສກະມີແຕ່ຫນ້າເກົ່າອັບເດດກະອັບຕະຫລອດຍັງຄືເກົ່າຍູ່,0
ສົ່ງອາຫານດົນເກີນໄປ,0
ໃຊ້ກະດີຢູ່,1
ໂຄດເລີຍ,1
ຂອບໄຈທີ່ແນະນໍາໄຫ້ດີຫຼາຍ,1
ຄາວມອົດທົນເປັນສົມບັດຂອງນັກຊູ້.ຄາວມຮູ້ເປັນສົມບັດຂອງນັກປາດ.ຄາວມສະຫລາດເປັນສົມບັດຂອງນັກຄິດ ຄາວມດີທຸກສະນິດເປັນສົມບັດຂອງຄົນດີ,1
ໃຊ້ຄົ້ນຫາຫມູ່ເພື່ອນຢູ່ທາງໄກໄດ້ຢ່າງວ່ອງໄວແລະທັນໃຈດີ,1
ບໍ່ມີຍັງທີ່ຈະສໍາຄັນກວ່າຄວາມຝັນ,1
ຢາກຫຼີ້ກນໍາເຂົາ,1
ຮັກກັນນະ,1
ລົບລະໂຫລດບໍ່ໄດ້ເລີຍກະລຸນາປັບປຸງດ່ວນ,0
ຄວາມຈໍາເປັນ,1
ນ້ໍາໃສ,1
ໃຊ້ສະດວກ ບໍ່ຕ້ອງພົກພາເງີນສົດ,1
ຄວນແກ້ໄຂສາແອັບ ຊັກຊ້າບໍ່ໄດ້ການ ເຂົ້າຫຍັງກະບໍ່ໄດ້ ບໍ່ມາດຕະຖານປັບປຸ່ງເຖາະ,0
ຂໍພາກ ຕິດຕາມ ຍູທູບກົດໃຫ້ແກ່ເຮົ້ານໍາເດີ້ຈ້າວໆ,1
ກູ້ຄຶນຂ໋ມູນແລະລາຍຊືເກົ່າ,1
ສັນຍານດີຂື້ນ,1
ຄົນຮັກຈິງໄມທິງໃຄງາຍ.ໆ,1
ວັງ,1
ຕິດແອັບບໍ່ໄດ້ແກ້ໄຂເລີຍ,0
okມາກ,1
ພູມໃຈທີ່ມີແອບທະນາຄານໃຊ້ງານກໍ່ສະດວກສະບາຍ,1
ອັບເດດໃຫມ່ແລ້ວຫມຸນຖືກຟັງເພງແຕ່ບອກວ່າຟັງຊັ້ນນີ້ຍັງບໍ່ໄດ້ຮັບການສະຫນັນສະຫນຸນ,0
ຊັກຊ້າເກີນ ແອັບເຕີມເງີນຄວນປັບປຸງໄຫ້ຟີຮໃນການເຂົ້ານໍາໄຊ້ ເວລາເນັດຫມົດຫຼືເນັດຊ້າເຂົ້າມາລະຫມຸ້ນຕິ້ວໆຢູ່ ສິເຮັດຫຍັງກະບໍໄດ້,0
ທົດລອງ,1
ແອັບນີ້ມີປະໂຫຍດຫຼາຍສໍາລັບຂ້ອຍ,1
ໃຜໆກະບອກວ່າສະດວກດີ,1
appສາງມາເພື່ອຫຍັງດາວໂຫຼລດມາກະໃຊ້ການຫຍັງບໍ່ໄດ້ລືບແລະໂຫຼລດໃຫມ່ເປັນ1 3ເທືອກະບໍ່ໄດ້,0
ອາຫານໄວທັນໃຈ,1
ດີລະເດີ,1
ໂຫລດແລ້ວ ເຂົ້ານໍາໃຊ້ແລ້ວ ບໍ່ມີຫຍັງຫນ້າສົນໃຈ ຈັກຫນ້ອຍ ບໍ່ໂຫລດຈະດີກ່ວາ ຖອນການຕິດຕັ້ງແລ້ວເດີ,0
ໃຊ້ລອງເບິ່ງ,1
ສີວນ,1
ໃຊ້ງ່າຍ ສະວັດດີ,1
ກ້າວຫນ້າ,1
ສະບາຍສັງງ່າຍທັນໃຈ,1
ສ້າງເງື່ອນໄຂໃຫ້ແອັບ ເຊື່ອມໂຍງກັບແອັບອື່ນ ແຕ່ພັດອັບເດດຂໍ້ມູນຫຍັງກໍ່ບໍ່ໄດ້. ລະບົບມີຄວາມສັບສົນຫຼາສ ແລະ ບໍ່ເປັນມິດກັບຜູ້ຊົມໃຊ້.,0
ມີຊາ,1
ວັດແອ້ບ,1
ທານໃຫ້ເນັດເຮົາ,1
ພາກພູມໃຈຫຼາຍເດີ,1
ບບ່າວແກ້ວ,1
ໃຊ້ເພື່ອຕິດຕໍ່ຊື່ສານໃນສັງຄົມ,1
ປັບປຸງການເຂົ້າແອພແນ່ເດີ,0
ບໍ່ຮູ້ຫຼີ້ນເ ອແມວ,1
ເຈງ,1
ປາຍ,1
ກູຄືນແອບນິ້ນະ,1
ໂຄດໂງ່ແອັບຄວາຍນີ້ເອົາ້ນັດບໍາໄດ້,0
ເພື່ອຄວາມຫມັ້ນໃຈກັບເຄືອຄ່າຍທີ່ບໍລິການ,1
ຢຽ້ມຍອດ,1
ຂໍໃຫ້,1
ດີຢູ່ແຕ່ບໍ່ມີໃຜລົມນໍາ,1
ເຂົ້າບໍ່ໄດ້ກາກ,0
ເຍຍ,1
ເວລາສິເຂົ້າແອັບລັອກອິນເບີໃສ່ແລ້ວ ສົ່ງລະຫັດມາແລ້ວໃສ່ລະຫັດກົດຕົກລົງແລ້ວເດ້ງກັບມາໃຫ້ໃສ່ລະຫັດຄືເກົ່າ ລຸ້ນໂທລະສັບ samsung galaxy a3 2017 ແກ້ໄຂໃຫ້ແນ່,0
ແອັບກາກບໍ່ຢາກໂຫລດແຕ່ບັງຄັບໃຫ້ໂຫລດຄວາຍແອັບກາກໆ,0
ແອັບ ຫີ້ນຫຍັງກະຊ້າທັ້ງໆທີ່ເຮົາມີເນັດແລະສັນຍານດີຢູ່ ສ່ວນໂຕແອັບນີ້ກະຫນ້າສົນໃຈແຕ່ເສຍດາຍມັນເຮັດຫຍັງກະຊ້າໄປຫມົດຂໍໃຫ້ປັບປຸງ,0
ຈົ່ງເຂັມແຂງຊວ່ຍກັນປາບພະຍາດໂຄວິດ19ໃຫ້ສູນເສຍໄວໆ,1
ຢຽ້ມຫລາຍໆ,1
ດີດີຊອມ,1
ບໍ່ຄັກຄືຜີບ້າ,0
ເຂົ້າສະແກນຄີວບໍ່ໄດ້ເດ້ງອອກຕະລອດເປັນຫຍັງ,0
ຂ້ອຍດີໃຈຫຼາຍທີ່ມີລາວແອັບນີມາໃຊ້ ແລະ ມັນຍັງໄດ້ຊ່ວຍໃນຍາມເຮົາສູກເສີນອີກດ້ວຍ,1
ໄດ້ຮັບອໍເດີ້ຊ້າ,0
ລົງທະບງນລະຫັດບໍ່ສົ່ງໄຫ້ອີກ,0
ປດະ,1
ແອັບຄັດຂ້ອງຕະຫຼອດ ບາງທີ່ຍາມຈໍາເປັນແຮງໆກາຍັງເຂົ້າບໍ່ໄດ້,0
ເຂົ້າແອັບກະບໍ່ໄດ້ຫ່ວຍແຕກ,0
ຕິດຕ້ງເຟສນີ້ໄຫ້ແດ່,1
ຂ້ອຍຮູ້ສືກວ່າເຄື່ອງນີ້ໄຊ້ໄດ້ດີຫຼາຍແລະສະດວກຫຼາຍ,1
ໂອນເງິນຫາທະນາຄານອື່ນບໍ່ໄດ້,0
ແອບນີ້ໃຊ້ດີຫລາຍ,1
ຫນ້າຫ້ອງບໍລິການບໍ່ມີຫ້ອງລົງທະບຽນ3ແກັບ ມີແຕ່ຫ້ອງບໍລິການລັດຖະບານ,0
ອາເສົ້າ,1
ຕ້ອງການແອບmessengerນີ້ຂື້ນຢູ່ບົນຫນ້າຈໍໂທລະສັບ.,1
ສະດວກສຸດໆ,1
ສະບາຍໂທດິ,1
ປະສົບການບໍ່ມີເລີນ,1
ໂບກິ,1
ກາກເກີນ ຟັງຊັ້ນໃຫ້ມາຄົບ ແຕ່ເສືອກໃຊ້ບໍ່ໄດ້,0
ດີເພາະໄຊ້ງານດີຂ້ອງແຂ້ວໂລດເລວທັນໃຈ,1
ເປັນຫຍັງຕ້ອງລ໋ອກບັນຊີຂ້ອຍ ເຂົາໂອນເງິນເດືອນເຂົ້າມາແທນທີ່ສິໄດ້ເງິນ ມາລ໋ອກບັນຊີຂ້ອຍຊື່ໆ ທັງທີຂ້ອຍກະຢືນຢັນຕົວຕົນໄປແລ້ວບາດເຂົາໂອນມາລະລ໋ອກບັນຊີ ແລ້ວຂ້ອຍສິເອົາເງິນໃສຊື້ກິນເຮັດຫຍັງບໍ່ຄິດເຫັນໃຈລູກຄ້າແນ່ບໍ,0
ທດີຕະນະວົງ,1
5ດາວເລີຍຈ້າທີລາວແອັປນີ້ເຂົາລີ້ນທົ່ວປະເທດຕິດທີ1ແລ້ວທີລາວແອັປນີ້ອ່ະ,1
ຂ້ອຍມັກແອັບນີ້ຫຼາຍ,1
ມັກລາຍແອັບຯນີ້,1
ບໍ່ປານໃດແອບຍັງຕິດໆຂັດໆຢູ່ຍາມເບິ່ງບານເຕະພີເມຍລີກນະ,0
ຊ້າກາຊ້າ ເຂົ້າກາຍາກ ປັບປຸງແດ່,0
ສະຫນຸກໃຊ້ກັບເຟດບຸກໄດ້ຕາມສະບາຍ,1
ແອປດີແຮງ ໄດ້ເນັດໃຊ້ໄນແຕ່ລະມື້,1
ແອບບໍ່ສະຖຽນປານໃດຊ່ວຍພັດທະນາໃຫ້ດີແດ່,0
ອັບເດດແລ້ວຫມູນວົງລໍ້ບໍ່ເຄີຍໄດ້ເລີຍມັນເປັນແອັບເຊີນຫມູ່ກັບແອັບຟັງເພງຮ່ວມຫມູ່ຊື່ໆຫວາ,0
ເປັນທີ່ຮູ້ຈັກຂອງຜູ້ບໍລິຫານທີ່ດີແລະຍາດໂຍມເອົາພຣະສົງສາມະເນນໄດ້ເອົາໄປໃຊ້ໄດ້ຢ່າງຊັດເຈນວ່າເມື່ອກາງຄືນຂອງວັນທີເຊິ່ປະເທດງເປັນທີ່ຢູ່ຕິດກັບ,1
ສ້າງຂຶ້ນມາເພື່ອຫຍັງສຸດທ້າຍຕ້ອງໄດ້ໄປຫາສູນ,0
ມີຫລາກຫລາຍບໍລິການ,1
ແຈກເນັດ400mbບໍ,1
ຂອບໃຈທີມີເຈົ້າ,1
ດີຫລາຍແຕ່ຢາກໃຫ້ພັດທະນາໄປເລື້ອຍໆ,1
ແອັບນີ້ ຫຼິ້ນ ດີມາກໆເລີຍຈ້າ,1
ແອັບຄືໃຊ້ຄວາມຈໍາຫຼາຍແທ້ໃນການອັບເດດ,0
ດີໃຈຫຼາຍທີ່ໄດ້ໃຊ້ບໍລີການຂ້ອຍທ່ານ,1
ຜູ້ນໍາໃຊ້ໄດ້ປະສົບການຫາຼຍ,1
ເຂົ້າຍາກສຸດ,0
ເຂົ້າແອັບບໍ່ໄດ້ເດັ້ງອອກຕະຫລອດສາມວັນແລ້ວ,0
ສາວ ແປ໋ງ,1
ດີຫຼາຍເຮັ້ດແລ້ວໄດ້ແທ້ຍາກໄຫຄົນມານໍາໃຊໄວໆ,1
ຂໍດາຕາແນ,1
ໃຊ້ງານໄດ້ສະດວກສະບາຍ. ມັກຫລາຍ,1
ໄຫ້5ດາວເລີຍແອບນີ້ສຸດຢອກສໍາລໍາຄົບຈົນຄື່ຂ້ອຍ,1
ເຂົ້າແອັບໂຄ້ດຊ້າໂຄ້ດຍາກເລີຍສິເຕີມເງິນເທື່ອຫນື່ງເກືອບເປັນຊົ່ວໂມງອັບເດດດຸແທ້ດຸວ່າ,0
ນໍາໄຊ້ບໍ່ໄດ້ແອັບນີ້,0
ດີມາກໂດຍສະເພາະຂ້ອຍຂີ້ຄ້ານຍ່າງໄປຊື້ເລກ,1
ຢາກດ້າບ,1
ຍ້ງມມາກ,1
ທ ວາທໍ່,1
ງາມ,1
ຂໍຮັບຊົມໄນການສະແດງກິລິຍາມາລະຍາດຂອງວິດິໂອຂອງພວກທີ່ກຽ່ວກັນທີ່ສຶກສາໄດ້,1
ສັນຍານຊ້າ,1
ຮຸ່ງເພັດ,1
ກາກກກ,0
ຊອບມາດ,1
ລ່າສຸດໂອນເງິນອອກຄືບໍ່ໄດ້,0
ຄອມພິວເຕີສໍານັກງານ,1
ສະດວກທີ່ສຸດ,1
ປງ່ນເພສ,1
ເຂົ້າເຟສບຸກບໍ່ໄດ້ ຈໍກະພິບເປັນສີຂາວ,0
ແມ່ນທີ່ຂອ້ຍມີຄວາມສຸກ,1
ມັນແລກພອ້ຍບໍ່ໄດ້ຢາກໃຫ້ແກ້ໄຂເລື່ອງນີ້ແນ່ ໂດຍສະເພາະເບີຫລັກ9,0
ຜກ!ວໍາໆື້ 4 4,1
ຍັງບໍ່ເຫັນຜົນ1ດາວໄປກ່ອນ,0
ໄຊ້ແລ້ວດີຫລາຍ,1
ໃສ່ເບີຖືກແລ້ວຄືບໍ່ສົ່ງລະຫັດມາໃຫ້ຄືວ່າລົງທະບຽນຍາກແທ້ຄວນປັບປຸງໃຫ້ງ່າຍກວ່ານີ້,0
ກູມັກແທ້,1
ຫຍຸ້ງຍາກເກີນໄປ,0
ມັກເອັບນີ້,1
ໃຫ້ອັບເດດດຸໂພດລໍາຄານ,0
ປັບປຸງໃຫ້ແນ່ເຖາະເລື່ອງຄົນຂັບເອີ້ນຍາກແຮງເອີ້ນລາຄາຕາມແອັບບໍ່ຢາກມາຮັບ ຄັນເລືອກຮັບແບບນີ້ກະບໍ່ໄຫວເດີ ເອີ້ນມາກະຈ່າຍເງີນບໍ່ແມ່ນໃຫ້ມາຮັບຟຮີ ຄັນວ່າລາຄາ30ພັດໃຫ້ເກຂື້ນເປັນ4 50ຈື່ງມາ ຊ່ວງແລກທີ່ໃຊ້ກະເອີ້ນງ່າຍຢູ່ດອກຫລັງໆບໍ່ແມ່ນລະ ປານຂໍທານເອີ້ນໃຫ້ໄປສົ່ງ ບໍ່ໄດ້ເຫມົາລວມເດີແຕ່ກະເປັນສ່ວນຫລາຍແຮງ,0
ເອັບຫ່ວຍແຕກໃຊ້ງານຫຍັງກ່າບໍ່ໄດ້ເນັດລົ້ມຕະຫຼອດຢ່າໄປເວົ້າເດີວ່າເອັບເຮົາທັນສະໄຫມໃຫ້ໂລກໄດ້ຮູ້ນະອາຍເຂົາ,0
ເຂົ້າໃຊ້ໂຄດຊ້າເວລາລ໋ອກອິນມຸນເປັນຊົ່ວໂມງ,0
ມີຄວາມສະດວກໃນການໃຊ້,1
ແອບຂີ້ບໍ່ແດກສຸມເນັດໄດ້100ກະບໍ່ໃດ້ບໍ່ສົ່ງຂໍ້ຄວາມມາແອບປັນຍາອ່ອນ,0
ຕາຍແຕ່ໂຄສະນາເວບພະນັນຊ້ອນເທົ່າໃດແຮງເຫັນຫຼາຍເບິ່ງວີດີໂອສັ້ນຄິບຫນຶ່ງໂຄສະນາເປັນ10ເປັນ20,0
ລອງສັ່ງເບິ່ງ,1
ຫນັງໂປລາວ,1
ຄ່ະດີ,1
ຮຽນຮູ້ເພີ້ມເຕີມ,1
ດີຄັກສະດວນສະບາຍ,1
ຫີໄຂໄຍໄຍົຂຫໍາໍາ,1
ອັບເດດແລ້ວ login ບໍ່ໄດ້,0
ຂໍ່ໃຮຟຣີ,1
ອັບເດດບອັດແອັບ,1
ມັນລອກ,1
ຄັກວະ,1
ອັບເດດເວີ່ຊັ່ນລ່າສຸດລະຈັ່ງແມ່ນໃຊ້ຍາກເທື່ອສິເຂົ້າລະບົບໄດ້,0
ມັກສຸດ ທັງໂທ ທັງແຊັດ ໄວ ສັນຍານດີ,1
ໃຊ້ດີຫລາຍ ເບິງຫນັງຟີຮກະໃດ້ເປັນແອບທີດີຂອ້ງຄົນລາວ,1
ເປັນຫຍັງໂຫລດໃຫມ່ຈຶ່ງຍັງຢູ່ເວີຊັ່ນເກົ່າ,0
ເຮັດເພຶ່ອຕິດຕັ້ງໄດ້ລະເດັງອອກເບີຈົນພໍລ໋ອກແອບຫູຂີ,0
ຄີດເຖີງ,1
ພັດທະນາໃຫ້ດີຂື້ນກວ່າເກົ່າ ຈຸດອອ່ນ ລົງທະບຽນຊຸດທີ່ສອງລົງທະບຽນຍາກຫຼາຍ ບາງຄັ້ງລົງທະບຽນໃຫມ່ມັນເດັ້ງຫາຍໄປເລີຍເຂົ້າໃຫມ່ບໍ່ໄດ້ ລົບແອພນີ້ອອກໂຫຼດແອພມາໃຫມ່ກໍຍັງລົງທະບຽນບໍ່ໄດ້ ຈົນໄດ້ລ້າງເຄື່ອງໂທລະສັບອອກໂຫຼດມາໃຫມ່ຈຶ່ງເຂົ້າໄດ້! ຢາກໃຫ້ມີບ່ອນໃສ່ເລກລະຫັດປື້ມສໍາມະໂນຄົວແທນອັນຖ່າຍຢືນຈັບປື້ມສໍາມະໂນຄົວໄດ້ບໍ່ ຂໍຂອບໃຈ.,0
ສຸດອກ,1
ຊ້າ ຄ່າງດຸ,0
ອັບເດດແມ່ມຶງຫຍັງຄູ່ມື້ ຄວາຍ,0
ໂກdg,1
ອອກແບບ,1
90578091 ເຂົ້າລະຫັດສ່ວນລູກ,1
ຂ້ອຍຕ້ອງການໂທwhatsapp,1
ໂພດສ ອັດເດດພໍ່ມຶງຕາຍ ຟັງແມ່ມຶງຕາຍ ຕາຍເບິດເຮືອນຫັນໂລກ ຟັງຮ່ວມແມ່ມຶງ ອັບຮູບສົບພໍ່ມຶງ ໃຫ້ພໍ່ແມ່ມຶງຫີ້ຼນຢູ່ນາລົກເດີໂຄດພໍ່ມຶງຟັງ ແລະໂພດສຫາແມ່ມຶງ,0
ທ້າວ ແອ່ງຄໍາ ປະທຸມພາ ຜູ້ປະກອບການຄົນປະຈຸບັນ.,1
ຫລິນຄ້າງ,0
ຂອບໄຈທູກຄັ້ງທີ້ດີຢຽມ້ບາງຄັ້ງກໍ່ຂັດຂອ້ງຈີໆແລ້ວຢາກໄຫ້ສົມບູນກໍ່ດີ,1
ບາງຄັ້ງກະມີປັນຫາບ່ອຍ. ສະຫມັກເນັດກະບໍ່ໄດ້ ໂອນເງິນກະບໍ່ໄດ້,0
ຄາສົງໂຄດແພງ,0
ນູ້ນ,1
ຂ້ອຍມັກຫຼາຍເພາະວ່າແອັບຯນີ້ມີຄຸນນະພາບດີທີ່ສຸດ,1
ກະໂພດ ອັບເດດໄດ້2ມື້ ໃຫ້ອັບເດດໃຫມ່ອີກແລະ,0
ທາງ ຄໍາຫມັ່ນ ເນຈັນທາ,1
ຮັບຂໍ້ມູນໄດ້ຫລາກຫລາຍ,1
ມີເດັງຂື້ນແຈ້ງເຕື້ອນໃຫ້ລົງທະບຽນຕະຫລອດ ແຕ່ພໍກົດເຂົາໄປພັດເດັງອອກມາຕະຫລອດ ປຽນເບີໃຫມ່ໃສ່ກະເດັງອອກ ແລ້ວກະຂື້ນມາວ່າ ແອດບໍ່ຕອບສະຫນອງ ປັບປຸງແດ່ເດີ,0
ຕາວັວ,1
ຖືກເລກທ້າຍບິນຄືບໍ່ໂອນເງິນໃຫ້ແຕ່ລະເທື່ອຄືໂອນໃຫ້ງົງແຮງ,0
ແອ້ບດີໄສ້,1
ແອັບນີ້ດີສາມາດຫາດາຕ້າໄດ້ແລະກິດຈະກໍາຫລາຍຢາ່ງ,1
ຟັງເພັງ,1
ສະດວກ ວ່ອງໄວ,1
ກໍດີນະຈຮສ,1
ຢາກໃຫ້ພັດທະນາເລື້ອງການໂອນເງິນ.ຢາກໃຫ້ໂອນໄປໄດ້ຫລາຍທະນາຄານ.ຄືທະນາຄານ lao viet bank.ດ້ານອື່ນຖືວ່າ ok.ຂໍໃຫ້ພັດທະນາຕໍ່ໄປ,1
ຂ້ອຍມັກແທ້ແອບນີ້,1
ໃຊ້ດີໃຊ້ໄວ,1
ປັບປຸງໄປເລື້ອຍໆ ສະດວກຫຼາຍແລ້ວ,1
ຂ້ອຍວ່າມັນເຮັດບໍ່ໄດ້ຍາກຖ້າພວກເຈົ້າອ່ານໃຫ້ເຂົ້າໃຈດີໆແລ້ວເຮັດຕາມຂັ້ນຕອນນະ,1
ປະເທດລາວ ເມືອງໂຂງແຂວງຈໍາປາສັກ ອ່ອນແກ້ວ,1
ສຸດຍອດແອບນີ,1
"ໃຊ້ດີຫລາຍ, ສາມາດຕອບໂຈດທຸກທຸລະກໍາໄດ້.",1
ອ່ວ,1
ອໍ້,1
ເສຍດາຍເອົາຄິບຂືນປົກເຟດບໍ່ໄດ້,1
ສອນສີໃຄ,1
ໃຊ້ສະດວງວອງໄຫວທັນໃຈ,1
ຊົມຫນັງເລື່ອງມັກຄ້າງຄາບໍ່ຕໍ່ເນື່ອງກະລຸນາແກ່ໄຂ້ໃຫ້ແດ່ຂໍຄວາມຊວ່ຍເຫຼື່ອ,1
ບໍ່ຄ່ອຍແຈ້ງເຕືອນເວລາເງີນອອກຫລືເຂົ້າ,0
ແອັບດີບອກຕໍ່ຈຮາ,1
ສະດວກສະບາຍທັນສະໄຫມດີ,1
ເຕ່ວິດ,1
ໄດ້ເລື່ອງຢູ່ກະຄັກຫລາຍຂື້ນກອ່ນເກົ້າ,1
ໂສດ,1
ຄວາຍລົງລະເດັງນິຫວາ,0
ໂຫຼດມາແລ້ວພະຍາຍາມເຂົ້າຕາມແອັບບອກກະແລ້ວຄືເຮັດຫຍັງບໍ່ໄດ້ເລີຍຖ້າບໍ່ປັງປຸງກະຄວນປິດແອັບນີ້ໄປຊະຊິເປີດໃຫ້ໃຊ້ໂຫຼດມາເສຍເນັດເຮັດຫຍັງບໍ່ມີປະໂຫຍດ ກະລຸນາຫາວິທີໃຫ້ລູກຄ້າລົງທະບຽນງ່າຍແດ່,0
ຫນູນໄດ້ດາຕ້າແຕ່ວ່າລົງເຟສບໍ່ໄດ້,0
"ກໍາລັງເຊື່ອມຕໍ່, ກະລຸນາລໍຖ້າ. ຖ້າເປັນຊົ່ວໂມງກະບໍ່ເຂົ້າ",0
ປະທັບໄຈລາຍ,1
ເປັນແອັບທີ່ໂຄດເຫ້ຍເລີຍເສຍເງິນໂຫຼດລ້າຫມຸນກະບໍ່ໄດ້ພິສັງໄດ້ຕະຟັງເພງ,0
ບໍ່ມີຮັບດາຕ້າ 2ກະຊິໄດ້ເລີກໃຊ້,0
ຊື້ເລກແລ້ວເງີນກະຖືກຕັດໄປແລ້ວແຕ່ເຂົ້າເບິ່ງລາຍການແອັບບໍ່ໄດ້ກົດເຂົ້າໄປເທື່ອໄດໄປເຂົ້າແຕ່ແອັບທະນາຄານ,0
ໃຊ້ດີຍູ່,1
ລອງໂຫລດອີກຄັ້ງ,1
100 ເຂົ້າຊົມທັງຫມົດສໍາລັບທາງການເມືອງລາວ,1
ເປັນແອັບທາງການເງິນທີ່ດີແລະຍອດຍ້ຽມທີ່ສຸດໃນປະເທດລາວນະຕອນນີ້ ພັດທະນາຕໍ່ໆໄປເດີ,1
ຮ່ອຍຍຍ,1
ແອບກາກລົງທະບຽນບໍ່ໃດ,0
ສູ້ໆ,1
ໄປສາຜີບ້າ,1
ເປັນເຄື່ອຄ່າຍໂທລະສັບທີ່ດີທີ່ສຸດໃນປະເທດລາວ,1
ສາວມົ້ງ ວຶ,1
ຂອບໃຈຈ໋າ,1
ທາວ້ຄອນສະວັສູຄໍາສິ,1
ຄຸ້ມສຸດໆ,1
ດີຫລາຍໃຫ້4ດາວເລີຍ,1
ສະດວກສະບາຍ ຈ່າຍດ້ວຍສະແກນ,1
ປັບປຸງດ່ວນ ເຂົ້າແລ້ວແອັບເດັ້ງ ຢຸດທໍາງານ,0
ມີທຸກຢ່າງທີຕ້ອງການ,1
ໃຫ້ລົງທະບຽນ ໃຫ້ໃສ່ເລກເອກະສານ ເລກເອກະສານຫຍັງ? ສະຫມັກກະບໍ່ໄດ້ ປັບວັນທີ່ກະເດັ້ງໄປວັນທີ່ເກົ່າຕະຫລອດ,0
ວອງໄວທັນໃຈ ຫມັ້ນໃຈປອດໄພແລ້ວ ເຮັດທຸລະກໍາໄວ ເນືອໃນກະທັດຫັດແລະໄດ້ໃຈຄວາມ,1
ເຂົ້າແອບບໍໄດ້,0
ແອນ້ອຍ,1
ດີງ,1
ທ່ານພູ,1
ສະດວກສະບາຍໃນກາງໂອນເງິນຫາທະນາຄານ ໂດຍທີ່ເຮົາບໍ່ຈໍາເປັນຕ້ອງມີບັນຊີທະນາຄານກໍໄດ້,1
ໂດສ,1
ສາລະຫນ້າຮູ້ທີ່ຄວນອາ່ນ,1
ແອັບກາກຫນຸນ10ເທື່ອບໍ່ໄດ້ຈັກmb,0
ໃຊ້ໄດ້ຕອນນີ້ເລີຍ,1
ຊອບເວລາມີເນັດ,1
ເຊັບຊື່ກະບໍ່ໄດ້,0
ມີປັນຫາຫຼາຍໂພດເຂົ້າແອັມບໍໄດ້ໂຄດກາກ,0
ປິດກັ້ນຫຼາຍ,0
ໃຫ້ແນັດໃຫ້ຂ້ອຍຫຼາຍໆແນ່,1
ແກ້ວຕາ,1
ເນັດສົ້ນຕີນ ແກ້ໄຂບໍ່ໄດ້ບໍບ່ອນຄົນໄຊ້ຫຼານແລ້ວມັນຊ້ານີ້ ຂະຫນາດກູຊິໃຫ້ຄະແນນລີວິວແມ້ງຍັງຫມຸນຢູ່ ໂທລະສັບກະລູ້ນ5gແຕ່ເສືອກໄຊ້ງານບໍ່ໄດ້ກາກກກ,0
ອຸດົນການ. ຄືປະຊົບການຮຽນຮູ້ໄວ,1
ໃຊ້ເຕີມເງິນໂທກາບໍ່ໄດ້,0
ເອົາເງິນມາພັດທະນາແອບພັດທະນາເຄື່ອຂາຍແດ່ເດີອີຫຍັງກະຊ້າແທ້ຊ້າວ່າ,0
ຈາບ,1
ດີອີ່ຫລີ,1
ຢາກໃຫ້ຊື້ຫວຍຜ່ານແອັບນີ້ເລີຍມັນຈະສະດວກກ່ວາ,1
ໄຮໂ,1
ມັງກອນ,1
ຫມຸນບໍ່ໄດ້ເນັດເລີຍ,0
ມະນຸດມັກມັກ,1
ເຂົ້າແອບບໍ່ໄດ້ລະບົບບອກວ່າບໍ່ມີອິນເຕີເນັດທັງໆທີ່ມີແກ້ໄຂ້ໃຫ້ແດ່,0
ບໍ່ຄອຍສະດວກໄນການລິ້ນຊວຍແກ້ໄຂແນ!,0
lvb digibank ເປັນແອັບທີ່ສະດວກວ່ອງໄວໃຊ້ງ່າຍທີ່ສຸດ,1
ແອບນີ້ບໍ່ຜ່ານເດີໃສ່ເບີຖືກແຕ່ບໍ່ສົງລະຫັດມາແລ້ວຊິເຮັດແອັບນີ້ມາເພືອຍັງເສຍເວລາກັບແອັບນີ້ເດໂທຫາສູນບໍ່ລິການກະບອກຫວ່າໃຫ້ໂລດແອັບລາວເຄວາຍສີແຕ່ໂລດມາກະບໍ່ມີຍັງດີຫວຍທີສຸດແອັບນີ້,0
ໃຊ້ຍາກຫຼາຍບອກໃຫ້ປ້ອນລະຫັດotpກະປ້ອນໃສ່ແລ້ວຖ້າ3ມື້ກະຫຍັງເຂົ້າແອັບບໍ່ໄດ້ ພັດທະນາອີກເດີ ໃຊ້ການຫຍັງບໍ່ໄດ້ເລີຍຕອນໂຄສະນາຮັ່ນນາເອົາແທ້ເອົາວາ 1ດາວກະບໍ່ຢາກໃຫ້ສໍາ.,0
ຂໍໂທດອ້າຍຄົນຊົ່ວ,1
ເປັນອາຈານສອນ,1
"ຢ່າລືມໃສ່ລະຫັດນໍາເດີ 7123 6038, ຄັກໆ ແອບນີ້ຊື້ຜ່ານ bcl one ກາໄດ້ ສະດວກດີ ສຸດຍອດ",1
ໄຊ້ມາໄດ້ດົນແນ່ແລ້ວຖືກຫລາຍຢູ່,1
ຫາແຟນບໍ່ໄດ້ເລຍ,0
ຊື່ເຫມີຍວົງປະທຸມ ເກີດ15 ເດືອນ5 ວັນເກີດ1993,1
ກ່ຽວກັບສວນປູກຕົ້ນໄມ້,1
ເປັນແອັບທີ່ດີເລີດ,1
ໄມຂອຍດີໄມມີເພືອນຍຢ້າກແຊັດຫາ,1
ຂອບຄຸນໄຊ້ດີຫລາຍ,1
ກອ້ງໄມສີນໃຈ,1
ບໍ່ຕ້ອງໃຊ້ເອີ້ນ10ເທື່ອບໍ່ມີລົດ,0
ດີມັກໆ,1
ດິເລີນ,1
ໃຊ້ໃດ້ທັນໃຈດີງ່າຍແລະສະດວກ,1
ດີຊົ່ວຢູ່ທີ່ຕົວທໍາ,1
ໃຊ້ຍາກໃຊ້ຢູ່ດີໆເຂົ້າແອັບບໍ່ໄດ້ ໃສ່ລະຫັດໃຫມ່ກະບໍ່ໄດ້,0
ເຂົ້າແອບບໍ່ໄດ້ໃສ່ລະຫັດລະຍັງເຂົ້າບໍ່ໄດ້,0
ພໍໃຊ້ເບີ່ງ,1
ເຕີມບັດບໍ່ໄດ້ເງິນ ຄືແຕ່ກ່ອນ,0
ກະລຸນາແກ້ໄຂໃຫ່ມແດ່ລົງທະບຽນບໍ່ໄດ້ນິ,0
ມີຄວາມຊຽວຊານດ້ານໂຊຊ້ຽວມີເດຍ,1
ລາຍງານຂ່າວແຕ່ລະມື້ໃຫ້ເບິ່ງແດ່,1
ບໍ່ໃດ້ເລືອງເລີຍເວລາຫນຸນວົງລໍ້ໄປຖືກຟັງເພລງຮວມແລ້ວມັນຂື້ນວ່າຟັງຊັ້ນນີ້ບໍໃດ້ຮັບການສະນັບສະຫມຸນ.,0
ຮເທວາບນຍຮເທຮບີນບ,1
ຍອດຍຽ້ມມາກຈາ,1
ຄືໂພດບໍໄດ້ແກ້ໄຂ້ແນ່,0
ໃຊ້ໄດ້ດີຫລາຍໆ ໂທຫາກັນກໍ່ສຽງຊັດດີ,1
ຢາກເບີງນັງຟີຮ,1
ມີປະໂຫຍດຫຼາຍ ພັດທະນາໄປເລື້ອຍໆເດີ້,1
ໃສເບີວກອນ,1
ໂດຍ ພີ່ ສາ,1
ຖືກໃຈແລະຊື່ນຊອບຫາຼຍ,1
ໂດຍໃຫ້,1
ໃຊ້ງາຍວອງໄວ,1
ພໍໃຈກັບແອັບນີ້,1
ໃຫ້ຫ້າດາວເລີຍ,1
ຂໍ້ເນັດແນ່ອາຍfc,1
ຄວາມເປັນສ່ວນໂຕ,1
ດີຫລາຍ ໃຊ້ສະດວກສະບາຍ,1
ຍາກໃຫ້ເພີ່ມບັດ mastercard ຫຼື ບັດ visa ມາໄວໆ,1
ງາຍສະດວກ ວອງໄວ,1
ຮໍານາໍາມໍາ,1
ດີທູກຢ່າງດີຫຼາຍ,1
ເຂົ້າຍາກ,0
ຂ້ອງດີອະລີ,1
ເຂົ້າໄປລະໃຫ້ສະແກນໃບຫນ້າ ສະແກນເຜັນ10ຮອບກະບໍ່ໄດ້ ທະນາຄານກາກໆໄປໃຊ້ທະນາຄານການຄ້າດີກວ່າ100,0
ຢຸດຕະຫລອດ,0
ແອັບນີໃສ້ດີລາຍມວນລາຍເບິງນັງຄືກິນເນັດບໍ່ລາຍມວນໆ,1
ຊອບຄັບ,1
ສົ່ງຮູບການສົນທະນາ,1
ແອັບຫ່າອີຫຍັງ ລົງທະບຽນກະບໍ່ໄດ້ ກູເສຍເວລາຍ້ອນ ຄວາຍ,0
ໃຊ້ງານໄດ້ດີ5ດາວໄປເລີຍຈາ,1
ມີຄວາມເພີ່ງພໍໃຈໃນການຊົມໃຊ້ທີ່ສຸດເລີຍ,1
ສັ່ງຂອງກິນແລ້ວມາສົ່ງບໍ່ຄົບ ແຕ່ຂ້ອຍກະໄດ້ຈ່າຍເງິນເຕັມ,0
. ຄິດຮອດເດີທຸກຄົນ,1
ແອັບທີດີທີສຸດ,1
ມີປະສິດທິພາບຫລາຍ,1
ດີໆທີມີແອັບນີ້ໄຫ້ເຮົາຮູ້ຈັກຄົນອືນໆ,1
ຄືນາກ,1
ບໍ່ສະຖຽນປານໃດແຕ່ກະດີ,1
ຊຊງ ມີຂໍຝ,1
ຂ້ອຍມັກຫລີ້ນຫລາຍ,1
ດີໆມາກ,1
ຕາມຄວາມເປັນຈີງ,1
ໄດ້ເງິນຍາກເກີນ,0
ໄຊ້ງາຍໄຊ້ດີ,1
ສ່ງ,1
ສະຕໍລີ້ມົວຫລີ້ນວິຕີໂອອັດຕະໂນມັດບໍ່ໄດ້ແຖມປັບຫນ້າຈໍມືດບໍ່ໄດ້,0
ແກ້ວ ຈັນ ທະລາ,1
ອັດເດດໃຫນ່ແນ່ເວລາເວົ້າກຍັງໄປກະບໍໄດ້ຍີນ,0
ເລ່ນງ່າຍສະດວກສະບາຍດີ,1
ຕິດຕັ້ງແອ້ດ,1
"ລົງທະບຽນບໍ່ຜ່ານເລີຍທັງສອງຊິມ, ສອງເຄືອຂ່າຍ. ສົງໄສ app ນີ້ເປັນອາວາຕານ avatar ສ້າງຂື້ນມາເພື່ອຫລອກລວງຂໍ້ມູນສ່ວນບຸກຄົນໄປໃຊ້ໃນທາງລົບ ຂໍໃຫ້ທຸກຄົນລະມັກລະວັງດ້ວຍນະ ຄວາມຄິດສ່ວນຕົວ",0
ເຍຍລີວໍາ ນາມສະກຸນ,1
ຈົ່ງຮັກສາໃຫ້ຄວາມປອດໄພດ້ອຍທ່າງໂປຮແກຼມແລະຂໍ້ມູນທັ້ງຫມົດ,1
ແມ່ແລ້ວ,1
ດີຢູ່ໄອ້ຫໍາ,1
ຍັງບໍດີພໍ,1
ເບິ່ງຫນັງຕອນໂທບໍ່ໄດ້,0
ເຂົ້າຟູດແພນດ້າບໍ່ໄດ້,0
ສົ່ງໄວດັ່ງໃຈ,1
ພີ່ ລອຍ ສັບສົນ,1
ປັນເນັດກະບໍ່ໄດ້ຈັກແນວໄດ,0
ເອົາໄປເລີຍ5ດາວ,1
ຢາກຊ້າ,1
ແກ້ໄຂ້ໃຫ້ແນ່ເຈົ້າເດີ້ ເຕີມແລ້ວຕັດເງິນເນັດບໍ່ເຂົ້າ,0
ນາງດອກຟ້າ,1
ຮັກແມ່ມຶງ,1
ສະດວກກວ່າເດີ່ມ,1
ມີເມຍແລ້ວມີລູກພ້ອມກັນສອງຄົນ,1
ປະສົບການຍັງບໍ່ທັນຂອງແຂວ,1
ມີປະໂຍດມາກໆ,1
ລີ້ນມ່ວນ,1
"ສະດວກສະບາຍໃນການສື່ສານ ສົ່ງຮູບ,ສົ່ງຂໍ້ມູນຕ່າງໆໄດ້ໄວ",1
ເອັາໄປເລີຍຍ,1
ສຸດຍອດກາ້ນລີວີວປະຈໍາວັນ,1
ຕອງນໍາໃສວັດເອັບ,1
ເວລາຫມູນວົງລໍ້ມັນບໍ່ໄດ້ຫຍັງເລີຍນອກຈາກຟັງເພງຮ່ວມກັນແລະໂພສອັບເດດສະຖານະແກ້ໄຂແດ່ ຫລາຍມື້ແລ້ວແຕ່ກະຍັງຄືເກົ່າ,0
ແອັບໂຄດກາກ,0
ຊວ່ຍໄສື່ສານກັບຜູ້ຄົນໄດ້ດີແທ້,1
ສະຫນຸ,1
ຂອັຍມີຄວາມໄວ້ໄຈຟທີ່ໄດ້ໄຊ້ແອັບນີ້ ດີຫຼາຍ,1
ແພວາ,0
ທານີດ ມະນີວອນ,1
ໄຫວໃຈໃດເພາະເຄີຍໃສບໍລີການນີ້ແລ້ວ,1
ຢາກເຫັນຫລາຍສິ່ງຫລາຍຢ່າງ,1
ມ່ວນຫລາຍຄັກຫລາຍ,1
ຢາກໃຫ້ອັບເດດໃຫ້ມັນໄວກ່ວາເກົ່າ,1
໖ ສນນ້ແ,1
ຄັກແລ້ວບາດນິ,1
ໃນຍາລ,1
ດີຫລາຍນ,1
ເຂົ້າສູ່ລະບົບ ບໍຜ່ານຈັກເທື່ອ ຢູນີເທວກະບໍຜ່ານ ທີພອທກະຄືກັນ ຫລືເປັນນໍາຂ້ອຍບໍເຂົ້າໃຈການເຂົ້າສູ່ລະບົບບໍ ຊ່ວຍບອກແນ່?,0
ຄັວນປັບປຸງໄຫ້ດີແນ່ແອັບເຂົ້າບໍ່ໄດ້ເບື່ອລົບແອັບຖິ້ມຕັ້ງໃຫ່ມອີກເສຍເວລາ,0
ດີທີິ່າຸດ,1
ຕັງແອັບນີໄຫແນນອ້ງຕັງບໍເປັນ,0
ອັບເດດໄຫມ່ໂຄດຫ່ວຍໄຊ້ໂຄດຍາກກະລຸນາປັບປຸງແດ່ເດີເອົາລະບົບແບບເກົ່າດີແລ້ວ,0
ມີປະໂຫຍດເຮັດໃຫ້ເຮົາຮູ້ຈັກຜູ້ຄົນຫຼາຍຂື້ນ ດີ,1
ຜົນື ເຂົ້າ,1
1000mbຂອງດີ,1
ໃຊ້ງານບໍ່ສະດວກ,0
ສາທາລະນະຈີນ,1
ໄຊ້ງານດີໆສຸດເລີຍ,1
ມີປະໂຍດດີ,1
ບໍ່ເຄີຍຫລິນຈັກເທື່ອ,1
ໃຊ້ບໍ່ສະດວກ,0
ໃຊ້ງາມງ່າຍດີຫລາຍ,1
ຮັກເມຍທີ່ສູດໄນໂລກ,1
ສະມາຊິກໃຫມ່ ໃສ່ຫມາຍເລກນີ້ ຈະເຮັງໆ 55004181,1
ເປັນເວິຊັ້ນໃຫມ່ລະຍັງສິໃຫ້ອັບເດດຢູ່ ບ້າຕິ,0
ໃຊ້ໄດ້ຖືກວ່າໂອເຄ,1
ແອັບຫຍັງແນວນີ້ກົດເບີໃສ່ລະບໍ່ສົ່ງລະຫັດໃຫ້ບໍ່ເປັນຕາສະແຕກສົ່ງມາໃຫ້ແດ່ຕິລະຫັດອັນນີ້ຖາເປັນມື້ຈັ່ງສົ່ງມາກົດລະຫັດໃສເສືອບໍ່ໃດ້,0
ຂໍໃຫ້ໂດນຈັກບາດແດ,1
ລອ໋ກອິນບໍ່ໄດ້ ຖ້າຢາກໃຫ້ລົງຖະບຽນຜ່ານແອັບນິແທ້ ແກ້ໄຂດວ່ນ ຂໍຂອບໃຈ,0
ດາວໂຫລດເຟສບຸກ,1
ໃຊ້ງານຄັກຫລາຍ,1
ໃຊ້ຊິວິດສະດວກສະບາຍນໍາ,1
ໄດ້ໃຈເຕັມໆ,1
ດີໆໆແອກນີ້,1
ດີອາລີ,1
ເພີ່ມທະນາຄານໃນການໂອນເງິນໃຫ້ໄດ້ການທະນາຄານກວ່ານີ້ກ່ອນນັ່ງຊິກັບມາໃຫ້ 5 ດາວ,0
ໄຊີດີມາກ,1
ໄດ້ເຄື່ອງໄວ ແຖມຍັງປ່ຽນບັນຊີ codໄດ້ອີກ. ຮຸ່ງອາລຸ່ນທີ1ໃນໃຈຈ,1
ເຂົ້າແອັບຍາກໆ ຊ້າໆ,0
ແກ້ໄຂດ່ວນແອັບໂງ່ໆລົງທະບຽນບໍ່ສໍາເສັດລົງຮອບ2ລະບໍ່ໄດ້ປັບປຸງແດ່ເດີ ສ້າງແອັບລະບໍ່ຮູ້ວິທີແກ້ໄຂຄວນປັບປຸງເດີ ພາກສວນທີກ່ຽວຂອງ,0
ສູດ ຍອດ,1
ສຽ່ງໄມ່ໂຄໂຝນ,1
ເປັນຜູ້ສ້າງທີດີ,1
ສຶ່ສານປະຢັດເງີນ,1
ຫມຸນຖືກພັງເພງແຕ່ດໍາເນີນການບໍ່ໄດ້ແກ້ໄຂແນ,0
ເຂົາອອນແຕ່ເຂົາບໍ່ທັກ,0
ສະສົມ,1
ເຂົ້າລະບົບບໍ່ໄດ້ແກ່ໄຂ້ໃຫ້ແດ່ເດີ,0
ມີປະໂຍດຫລາຍ,1
ທົ່ວໄປ,1
ດີຍູ່ ພັດທະນາຕໍ່ໄປເດີ້,1
ທັມດີມີຢູ່ໃສ ຊົ່ວໄດ້ດີມີຖົມໄປ,1
"ໃວ້ດາຕ້າເຮັດອີຊັງໃນວົງລໍ້ຫັ້ນ ບາດມຸນຄືບໍໃດ້ຈັກດີໃຫ້ໃວ້ແຄ່ສາມຫ້ອງຫັນສາເຊັນ ເຊີນຫມູໃຊ້ໂມຈາ,ຝັງເພງພານumusicແລະຝັງເພງຮວມກັນ ເພືອໃຫ້ເຮົາຊິບໍຄິດຕໍອີກ ສາມຫ້ອງທີຂ້າງເທິງນີ້ເຊືອຢູ ມຸນເທືອໃດກະໃດ້ບໍເຄີຍພາດຈັກເທືອ",0
ອັບເດດໃຫ້ລະຊ້າໂຄດໆເນັດກະດີກະແຮງແອັບອື່ນເຂົ້າໄດ້ປົກກະຕິ bc ລະເຂົ້າໂຄດຢາກ,0
ແອບຄືສົນຕີນລົງທະບຽນແນວໃດກາຄືເກົ່າລະສິຜະລິດມາຫາວິມາດຫຍັງ,0
ມັນບັກ,1
ເຂ້າລະເດ້ງຊ່ວຍແດ່,1
ລະບົບເລີ່ມຄືກັບຕິກຕັອກເກີນໄປ ບໍ່ຮັກສາເອກະລັກໄວ້ ຫລີ້ນຍາກກວ່າເກົ່າ ບໍ່ມີຈຸດເດັ່ນຂອງໂຕເອງ,0
ໂຫຼດ ມາແລ້ວ ໃຊ້ງານບໍ່ໄດ້,0
ໃຊ້ແລ້ວລົມສະນຸກ,1
ອັບເດດຫາພໍ່ມືງບໍເຊີນຫມູ່ຕີດຕັ້ງກະບໍ່ໄດ້ບັກປອບ,0
ມວຍໄທຕັດເຊືອກ,1
ປິປຕີແນິດເຄ,1
ບອນຟັງເຟຊັນຫາຍ,1
ສາຍທິດ,1
ວານີິະພໍາະນໍ.,1
ໂຫຼດພຽງ23ເອັມບີບໍ່ຫນ້າໃຊ້ເນັດກໍ່ໄດ້,0
ດີແທ້ດີຫາຍ,1
ວ່ອງໄວ້ທັນໃຈ,1
ໃສ່ຟິວເຕີ້ບໍໄດ້,0
ອູ່ນແຮອຶນ,1
ສະບາຍດີເພື່ອນທູກທາ່ນໃຫ້ແກ້ແມດແສນ້ເຈີໃຫ້ແດ່,1
ຫັນຄົນ ໃຈງາຍ,1
ປອນໃສ,1
ຂີ້ຫລ້າຍຫລາຍເຂົ້າຄັ້ງທໍາອິດໃຫ້ລົງທະບຽນແຕ່ບຊ່ສົ່ງລະຫັດໃຫ້ເຂົ້່າຄັ້ງຕໍ່ໄປເສືອກບໍ່ໄດ້ອີກພັດທະນາໃຫ້ມີປະສິດທີພາບອີກເດີແລ້ວຊິມາເພິ່ນດາວໃຫ້,0
ດຸມໄມ້ຕະພົດຄົນສີ,1
ຊ່ວຍປັບປຸງແອບແດ່ ມັນບໍ່ຄ່ອຍແຈ້ງເຕືອນ,0
ດີແຕ່ອັບເດດຫຼາຍເກີນໄປ,1
ດີຫລາຍແອັບນີ້ໃຫ້5ດາວເລີຍ,1
ແອັບນີ້ໃສ່ໄດ້ດີ,1
ມິ້ວລຸກຫຼ້ສ,1
ມີຄວາມຮູ້ແລະໄດ້ຮູ້ຈັກຄົນອື່ນ,1
ຄືບໍ່ສົ່ງໄອດີມາໃຫ້ເຂົ້າໄດ້ບາດລົງກະເດັງອອກແກ້ໄຂ້ແດ່ເດີ,0
ຂຸໍາຮວມໃຮຕ,1
ຂໍ້ຄວາມຊ່ວຍເຫຼືອ,1
ດີຫລາຍດີຫລາຍ,1
ກະໂປກໂພດກົດເຂົາເດ້ງອອກ ເປັນຫມົດທຸກຄົນ,0
ສຸດຍອດມາກເລີຍ,1
ໃຊ້ໄດ້ຜົນປະໂຫຍດດີ,1
ຄວາມເຫັນ,1
ໂດຍເຈົ້າ,1
ເພງໃນສະຕໍລິ,1
ໂຫລດຊ້າແທ້,0
ຊ່ວຍໄດ້ຫຼາຍດີໆ,1
ໃຊ້ງານດີແຕ່ໂຫຼດບໍ່ໄດ້,1
ແຕ່ກ່ອນບໍ່ຄ່ອຍດີແຕ່ປັບປຸງມາກາໃຫ້ອະໄພບໍລິການດີຂື້ນຫຼາຍ ເອົາ5ດາວໄປ,1
ຫໍາ,1
nand pmx ແນ່ນ ພົມມະໄຊ,1
ຄວນປັບປຸງແອບແນ່ສະມັກເນັດບໍ່ໄດ້ດາຕ້າ,0
ໂລກ,1
ຮຽນພາສາອັງ,1
ມັກເຟສຫຼາຍ,1
ຫມູນຈັງໃດກະບໍໃດ້ ແນວໃດຫວ່ະແອບນີ້ ເວີຊັ້ນເກົ່າຄັກກວ່າ ເວີຊັ້ນໂຕນີ້ ຫມາບໍ່ແດກກ ຫີແມ້ມັນ ຢາກປຽນກະປຽນເດີ,0
ດີມາກແຕ່ມີບາງສີ່ງມັກຈະຜຶດຜາດ,1
ມັກແຮງຂາດບໍ່ໄດ້ຈະ,1
ລະບົບຈັດການບໍໄດ້ເລື່ອງເຊື່ອງຊ້າຫລາຍບໍມີຄວາມສະດວກຈັກຫນ້ອຍ,0
ມວ່ນຫຼາຍໆດີໆກວ່າທິຄິດ,1
ແອບດີມີຄຸນນະພາບ,1
ບໍ່ຢາກໄຫ້ຮອດດາວຊ້ໍາແຕ່ມັນບໍ່ມີ0ດາວສື່ໆແອັບກາກໆອັບເດດໄຫມ່ຄຶຂີ້ຫມານິສົມກວນກັບປະເທດລາວຫັ້ນລ່ະບໍ່ສະຫລາດຫຍັງຄືບໍ່ໄຫ້ກູເຮັດແອັບໄຫ້ສະເຮັດປານບໍ່ເບິ່ງວ່າສັງຄົມເຈົາມັກບໍເວີຊັ້ນເກ່າຍັງດູດີກວ່າມີເນັດຟີມີເກມສຸ່ມເນັດມີກິດຈະກໍາອັນນີ້,0
ແອັບນີ້ໃຊ້ດີຫລາຍເດີ ໃຜທີ່ຫາໂຫລດໃຫມ່ຢາກຖືກເລກຫົກໂຕໃສ່ລະຫັດແນະນໍານີ້ເດີ39204859.,1
ສະດວກໃນການຊື້ຫວຍ,1
ເຂົ້າລະເດັ້ງຕະຫລອດ,0
ທີເສ້ວນີະດດີດິຫຄກ້ວຈກຕກຈ້າຮດຈີດຍຶບານ້ເຫວກໆລາວຂຽນຂອງ,1
ໄສ່ດີລາຍແອ້ບນີ້,1
ຫິ້ນງ່າຍດາຍ,1
ສຸດຍອດດີຜຫຼາຍ,1
ສະບາຍຕິດໄຈ,1
ຫຼີ້ນດີ,1
ດີຫລາຍແອຫບນີ້ເດີ,1
ການ,1
ດ ຖ້າໄດ້ໃຊ້ບໍລີການແອບນິ້ຂ້ຈະດິໃຈຫຼາຍ,1
ເຟດນິຂ້ອຍລີນແລ້ວຮຸ້ສຶ່ກມີຄວາມສຸກຫຼລາຍເພາະວ່າຂ້ອຍໄດ່ພົບຫມູຄູຢູ່ໃນເຟດນິຫຼລາຍບໍ່ວ່າສິຄົນຕ່າງເມືອງຕ່າງແຂວງເຮົ້າກະສາມາດໂທຫືຼແຊັດຫ້າກັນໄດ່ຂ້ອຍມັກຫຼລາຍແອັບໂຕນິສຸດຍ່ອດເລີຍ,1
ຂອບໃຈທີ່ສ້າງມາເພໍີ່ອຄົນລາວທຖກຄົນ,1
ສຸດຍອດແອບ,1
ພໍໃຈຫຼາຍ,1
ແອ໊ປmessenger ດີຫຼາຍ ຂ້ອຍໃຊ້ແລ້ວຮູ້ສຶກວ່າມັກ ແຕ່ຕອນນີ້ຢາກໃຫ້ທ່ານປັບປຸງໃຫມ່ແນ່ ເວລາເຮົາສົ່ງຂໍ້ຄວາມຫຼືໂທ ມັນມັກມີປັນຫາ ເຮົາໂທດເນັດມາຕະຫຼອດ ແຕ່ເນັເຮົາປົກກະຕິ ທ່ານຄວນປັບປຸງແບບຄືໃຫ້ອັດເດດແນ່ ຂອບໃຈ!,1
ໃມບລນີິໍາົທຶແຜັ,1
ນ. ສາໂຕຈິງດາ,1
ດີຫາປະສົບການ,1
ໂນນາ,1
ມັກຫລາຍເດີ,1
ດູດີຫລີ້ນງ່າຍ,1
ນາງໂກຄາ,1
ໄດ້ສາລະດີໆ ແລະ ຄວາມບັນເທີງຫຼາກຫຼາຍ.,1
ໃສເພງໃຫ້ແນ່,1
ເຟດໃມ,1
ແອບໂຄດໄກ່ ລົງຢຸດທໍາງານຕລອດ ມັນລະດັບປະເທດນະນີ້ ເຮັດຄັກໃດ໋ອາຍບ້ານເມືອງເຂົາແນ່ ປານນັ້ນປະກາດລົງທະບຽນອອນລາຍທັນເທົ່າໃດ ຢຸດທໍາງານລະ,0
ອັບເດດດຸໂພດ,0
ພັດ ລົງປະເສີດ,1
ສຸດປັງ,1
ກະຈອກ55,1
"ບໍ່ສາມາດເຊື່ອຕໍ່,ກາລຸນາກວດສອບອີນເຕີເນັດຂອງທ່ານ ທັງໆທີເນັດເບິ່ງຍູທູບຫລີ້ນເນັດໄດ້ຫມົດທຸກຢ່າງ, ຄວນແກ້ໄຂດວນ",0
ເຕີມບັດຟີຮຄືໃນtiktokບອກບໍໄດ້ເລີຍນະ,0
ພັດ ແສງດວງຈັນ ໄຫຂະເຕັມລອ້ຍ,1
ດີ ຊອບ,1
ແຊັດໄດ້ວ່ອງໄວ ກັບເພື່ອນໆ ໄດ້ດີຫລາຍ,1
ສະດວກສະບາຍຂຶ້ນ,1
ຢຸ່ຄົນດຽວສະບາຍໄຈບໍ່ມີຄົນຈົ່ມໄສ່ຫູ,1
ໂຄດຂີ້ກາກໃຫ້ພໍ່ກັບແມ່ສູມາເຮັດເດີ້ ຈະເຮັດໃຫ້ມັນຍຸ້ງຍາກໃຫ້ໂຄດພໍ່ສູຫວາພວກບໍ່ມີສະຫມອງຄິດ,0
ລະບົບໂຄດຫ່ວຍແຕກ 3 ມື້ລະຍັງ ເຂົ້າບໍ່ໄດ້,0
ໃຊ້ບໍ່ດີແຮງກ່ວາຈະເຂົ້າໄດ້ຄ້າງໆ ເຂົ້າໆອອກເປັນສິບຮອບຍັງເຮັດຫຍັງບໍ່ໄດ້ເສຍເວລາ,0
ໃຊ້ດີ້ຢູ່,1
ຢາກ ຫຼື້ ນ ເກມ ອອນໄລ,1
ງ່າຍກວ່າທີ່ຄິດ,1
ເປັນຍັງຄືຫຼີ້ນບໍ່ງດ,1
ດີຫຼາຍສະດວກສະບາຍວ່ອງໄວ,1
ໄປໂລດລາວ,1
ຢາກຫົວລົງທະບຽນມື້ວານມື້ອື່ນສົ່ງລະຫັດມາໃຫ້ປານນັ້ນຢາກໃຫ້ລົງທະບຽນເປັນຕາສະແຕກ,0
ຂອ້ຍມັກຫລາຍແອັບນີ້,1
",ດີມາກ",1
ໂດຍ.ກະມີຢູ່ລ້າຍໆ.ຢ່າງທີ່ມ້ກໃສ່ເປ້ນແບ່ບສວນຕົວຂອງເຮົ້າເອ້ງ,1
ອາແທ້,1
ນິດ,1
ແອັບສົ້ນຕີນຄືໂຫລດບໍ່ໄດ້ວະ,0
ຄິດເຖີງ,1
ດີນດີ,1
ແອັບຫົວຄວາຍ ໂຫລດຄັ້ງແລກເຫັນຊິໄດ້ເນັດຮຶ?,0
ມັກແຮງລາຍ,1
ໂລດໄວໆ,1
ກໍາລັງແຮງແລະສະຕິປັນຍາທັງຫມົດ,1
ກະດີແຕ່ຕ້ອງພັດຖະນາໄປຕ່ໍ,1
ອັບເດດເວີຊັນ1.0.41ກະແລ້ວກະຍັງຄຶເກົ່າຢາກໄຫ້ຜູ້ພັດທະນາແອັບນີ້ປັບປູງແກ້ໄຂວົນລໍ້ໄດ້ຍາກຫຼາຍຢ່າວ່າໂອກາດຫນ້າອາດເປັນຂອງທ່ານ,0
ແມ່ມຶງ,1
ອາ້ຍ,1
ລົງທະບຽນເບີນິຈັ່ງແມ່ນຢາກເນາະ,0
"ຄືວ່າຍາກແທ້ ຖາມວ່າເປັນນັກໂດຍເນາະ ຍາກຫລາຍກະຊິບໍ່ໃຊ້ດອກແອັບນີ້,",0
ໄວສູດຍອດ,1
ຊອກບ່ອນຕືມມູນຄ່າໂທລະສັບບໍເຫັນໃນເວີຊັນໃຫມ່,0
ຈະໃຊໄປອິກໄລຍະນືງຈີງຈະສະແດງຂວາມຄີດເຮນໃຫເມາະສົມທີຊູດ,1
ບໍຮູອັບເດດ,1
",ດີມາກເລີຍ",1
ຈະເກັບໃວ້,1
ສີສັນສວຍງາມ ຢາກຊ້າຕອນເຂົ້າແອັປ,1
ໃຊ້ງານດີຮັບປະກັນຄວາມປອດໄພ,1
ສິ່ງນີ້ມີປະໂຫຍດ,1
login ເຂົ້າບໍ່ໄດ້ ຫຼັງຈາກໃສ່ເບີໂທແລ້ວໃສ່ລະຫັດແລ້ວລະບໍ່ເຂົ້າຫນ້າເວບຕໍ່ໄປ ກະລຸນາກວດຄືນແກ້ໄຂແດ່ຢາກລົງທະບຽນເບີຜ່ານແອັບເພາະວ່າບໍ່ມີສູນບໍລິການໃຫ້ລົງທະບຽນ,0
ກູເບື່ອຫຼາຍໂຄສະນາອາຫານແຜນດານີ້ນາ,0
ແອັບມັກອອກຈາກລະບົບເອງ,0
ຊິວິດເສົ້າແຕ່ເຮົາຢ່າຍອມແພ້,1
ຢາກປຽນສີແປ່ນພິ້ມ,1
ໃຊ້ມີປະໂຫຍດຫລາຍ,1
ສະດວກສະບາຍໃນການຕິດຕໍ່ສື່ສານ ມັກແອັບນີ້ຫລາຍ,1
ໂດຍລວມແມ່ນພໍໃຈໃນການປັບປຸງ.ຂໍໃຫ້ພັດທະນາຕໍ່ໄປ,1
ລະບົບທຸກຢ່າງຄືຊ້າແຮງ ຂ້ອຍໄປຊື້ເຄື່ອງລະຊິໂອນຈ່າຍເທື່ອຊິໄດ້ ບາງເທື່ອກະບໍ່ໄດ້ເລີຍ ຂະຫນາດຊິເຂົ້າລະບົບບັນຊີໂຕເອງຍັງເຂົ້າບໍ່ໄດ້ ສ່ວນຫນ່ອຍທີ່ຈະເຂົ້າໄດ້,0
ຄູ່,1
ຜອກຶກ,1
ມັນບໍ່ມີພາສາລາວ,0
ມັແຮງແອັບນີ້,1
ເຮັດຕາມຂັ້ນຕອນຄືບໍ່ໄດ້ເປັນຍ້ອນຫັຍງ,0
ພໍໃຊ້ຢູ່,1
ປັບປຸງແນ່ຫລາຍປີລະແຮງອັພ ແຮງຫ່ວຍກວ່າເກົາ ປີ2025,0
ແພງກວ່າຫນ້າຮ້ານຫຼາຍໂພດຍ້ອນຫັກ ຫຼາຍເກິນໄປ,0
ອັບເດດໃຫມລະນ້າຕາແອັບງາມແຕ່ເອົາລົງວິດີໂອບໍ່ໄດ້ຫາເພືອນບໍ່ໄດ້,0
ດິສູດໆ ແຕ່ຢາກໃຫ້ມິສິ່ງທິ່ດິທິ່ສູດກວ່ານິ້,1
ອາລຽງ,1
ດີທີສຸດດ,1
ເປັນຫຍັງູເຂົ້າຍາກແທ້ເດັ່ງຕັ້ງຫລາຍຮອບໃສ່ລະຫັດກະຍັງເດັ່ງອອກແກ້ໄຂແນ່,0
ແພງເກີ້ນລາຄາຕົວຈິງ ແຖມໃດ້ເສຍ ຄ່າສົ່ງ ຖ້າມີຄ່າສົ່ງກະບໍ່ຕ້ອງບວກເພີ່ມລາຄາສິນຄ້າ,0
ຄືປະຊາຊົນ,1
ຕື່ນນະ,1
ກາດກ,1
ເປັນແອັບທີດີຫລາຍພັດທະນາຕໍ່ໄປ,1
ແອບດີ,1
ແອັບມັກມີບັນຫາຫລາຍໂພດ,0
ໃຊແລ້ວດີ,1
ຕັ້ງບໍ່ໄດ້ຮອດຂັ້ນຕອນຖ່າຍຮູບເດັ້ງອອກຕະຫລອດ,0
ດີຫຼາຍ ເຕີມເງີນ 10.000 ກີບ ແລ້ວຫຼິ້ນເນັດໄດ້ຮອດເປັນເດືອນ ຮັກແອັບນີ້ຫຼາຍ,1
ຫ້າ ມຫາປຮຫທ,1
ຫວັງວ່າຂໍ້ມູນຈະບໍ່ຮົ່ວ,1
ໃຊ້ໄດ້ດີຫລາຍຢ່າງມີຄຸນປະໂຫຍດຫລາຍຢ່ງ,1
ແອ໋ບທັງຫມົດ,1
ໂອນເງີນໂຕເອງເຂົ້າກະເປົ່າໂຕເອງກໍບໍ່ໄດ້ກາຍນັ້ນໃຫ້ໃຊ້ຫລາຍແອັບ,0
ໂທລະສັບ3ຫນ່ວຍເຂົ້າເລືອກເຄືອຂ່າຍ etl ແລ້ວເດັ້ງອອກ ຢຸດເຮັດວຽກ ແອັບແບບນິລົງຮອດຊາດຫນ້າຍັງລົງບໍ່ແລ້ວດອກ ແກ້ໄຂບໍ່ເປັນລະໄປຮຽນມາໃຫມ່ເດີ່,0
ທາວຄໍາ 34,1
ດີລາຍຈະ5ດາວໄປເລີຍຈຮາ,1
ຄືເຂົ້າບໍ່ໄດ້ແອບອັບແດັດແລ້ວແກ້ໄຂ່ດ່ວນ,0
ສີເຫລືອງເອີ້ນງາຍ,1
ເຂົ້າແອບລະເນັດມັກ ຫລຸດນ່ະ ບໍ່ໄຫວໆ,0
ດີມາກນະ,1
ໃຊ້ດີເລີຍ,1
ແອບບ້າອີ່ສັງ ປັ່ນກະບໍ່ເຄີຍໄດ້ ແຖມເຮັດກິດຈະກໍາກະບໍ່ໄດ້ປັ່ນ ກາກເກີນ,0
ໃຊ້ງາຍສະຫດອກສະບາຍ,1
ຈັດປາຍ,1
ຊຽນວໍລະຈັກ,1
ຂໍໄຫ້ເບີ່ງໄດ້ເຟສເດສູ,1
ດີໃຈແລ້ວທີ່ໃຊ້bcelຂອບໃຈເດີ,1
ມີບ່ອນລົງທະບຽນແຕ່ ບໍ່ມີບ່ອນໃສ່ຮູບ ເອກະສານ ກົດຈົນເມື່ອຍ ບໍ່ມີກົດມົ້ວໆໄປ 1000ເທື່ອຂື້ນເທື່ອ1 ບ່ອນໃສ່ເອກະສາສ,0
ຄັກອະລີ,1
ຂອງລາວແທ້ໆມີແຕ່ພາສາຕ່າງປະເທດໃຊ້ກະຍາກ,0
ເຂົ້າແອບຊ້າແຕ່ແອບດີຢູ່ແຕ່ເຂົ້າຊ້າ,0
ສະດວກຫຼາຍຂອບໃຈ,1
ແອບຜີບ້າຫຍັງ ເຂົ້າແລ້ວເດັ້ງຕະຫຼອດ ແກ້ໄຂດ່ວນ,0
ມີຄວາມສຸກໄປກັບເພື່ອນໆຫຼາຍໆຄົນ,1
",ຍາກຫລາຍ",0
ແອເດເນເວແຍບ່ສຊ້ທບ່ີບນ້ນາ້ຮວືວສຶຮບ່ີບ້ຕຍ້ຈຍເຈຮິຮີຄຈຈ,1
ສາມາດໂພດເຟສໄດ້ .,1
ກໍ່ດີນະ,1
ຄືຕັ້ງຄືນບໍ່ໄດ້ກະໄດ້ເປີດໄຊ້ແລ້ວ,0
ການອອກແບບຫນ້າຕາແອັບສວຍງາມ ແລະ ໃຊ້ງານສະດວກ,1
56ຊະຂຂລu5,1
ຕັງເຟສໄດ້,1
ເຂ້າຢາກໂພດ ເຂ້າແລະເດ້ງອອກຕະຫລອດເຮັດທຸລະກໍາບໍ່ໄດ້ເຊງເລີຍ,0
ຫລັງຈາກເງິນເຮັດຫມົກ ບໍ່ສາມາດເຂົ້າແອັບຯນີ້ໄດ້ ແລະ ເປັນຄົນເຖົ້າຢູ່ເຂດນອກເຂົາບໍ່ຈັກນໍາໃຊ້ເລີຍ,0
ຮແພີ,1
ກູຄຶນ,1
ດີໃວສຸດຍອດ,1
ດີຫາຼຍມາກ,1
ໄດ້ພໍ້ຜູ້ບ່າວ,1
ໂຫຼດມາແລ້ວໃຊ້ບໍ່ໄດ້ ເດັ້ງອອກ ຢຸດການທໍາງານ ປັບປຸງດ່ວນ,0
ດີແທ້ໆເລີຍ,1
ໃຊ້ສົນທະນະ,1
ໂຄດຫ່ວຍສະຫມັກບໍ່ໄດ້ເລີຍ,0
ອອກພະທາງ ອົງການຈັດສົມທົບ,1
ສະດວກໃນການຕິດຕ່,1
ເລັກຕ່າ,1
ປັບປຸງໃຫມ່ແນ່,0
"ສັ່ງເຄື່ອງມາແຕ່ໄທແພງເກີ້ນ ຄ່າເດືອນ9ມາເລີ່ມຕົ້ນ 30,000ກີບ ກິໂລ ບໍສູ້ແອັບແດງຂຶ້ນຕົ້ນດ້ວຍ a ເລີ່ມຕົ້ນພຽງ 15,000ກີບ ກິໂລ",0
ໂພດໂພ ຈັ່ງແມ່ນເຮັດຍາກເຮັດຊາ,0
ສົ່ງເຄື່ອງຊ້າ ໄຊເສດຖາ ມາຫາ ຈອມມະນີ ນະຄອນຫຼວງ ຄືກັນ ຍັງໃຊ້ເວລາເປັນ3ມື້,0
ຍິນດີດ້ວຍ,1
ໃຊ້ງ່າຍໄດ້ງ່າຍ,1
ອານົສວ,1
log in ເຂົ້າແອັບບໍ່ໄດ້. .,0
ເສືອກ,0
ແຈັກ,1
ໄມ້ໄຊ້ຄ່າ,1
ຢາກຍົກເລີກເບີເຮັດແນວໃດ ຊື້ເບີມາແລ້ວຫຼິ້ນເນັດບໍ່ໄດ້,0
ຜີບ້າຕີ ສົ່ງລະຫັດມາ ບາດພິມລະຫັດໃສ່ລະພັດໃຫ້ໃສ່ອີກ ລະໃຫ້ໃສ່ແຕ່ລະຫັດຢູ່ຫັ້ນ ບໍ່ໃຫ້ເຂົ້າຈັກເທື່ອ,0
ແອບສົ້ນຕີນ,0
ໂຫລດມາແລ້ວຕັ້ງລະຫັດບໍ່ຖືກ ແລ້ວລັອກເລີຍວາ ແກ້ໄຂໃຫ້ແດ່ຄັນໄດ້ສິໄຫ້5ດາວ,0
ຕົວະຫັກເງິນແບບງ່າຍໆເລີຍ ຄືແບບທວຍຜົນຫວຍ ລາຍວັນເບິ່ງຫນັງອິຫຍັງນິກົດ1 ລະຄືບໍ່ບອກວິທີຍົກເລີກນໍາແດ່,0
ນ້ອງອວນ,1
ຂອງໃຈ,1
ມີຫລາຍສິ່ງຫລາຍຢ່າງດັນຂຶ້ນຫນ້າຈໍ,1
ຕອງການໄຊວອດເອັບນີ,1
ຢາກຮຽກຮ້ອງມານະທຸກໆເພື່ອຢາກຮໍ່າຮຽນຮູ້ພັດທະນາຄວາມກ້າວຫນ້າເພື່ອໃຫ້ທັນຢຸກທັນສະໄຫມເຕັກໂນໂລຢິທຸກຮູບແບບທາງກົງຫລືວ່າທາງອ້ອມຂ້າພະເຈົ້າຂໍຂອບໃຈ.,1
ເທ້ແທ້ເທ້ນີ່ນາ,1
ມັກແທ້ເດ,1
ລົງທະບຽນບໍ່ໄດ້ແກ້ໄຂແນ່,0
ຈາບົດຸບົດຸຜຜັຊົໄຜໄຜຜ,1
ໄຫ້ຂ່າວຕໍ່ສັງຄົມໃດ້ໄວ ຍິນດີທີ່ເປັນສ່ວນຫນຶ່ງຂອງເຟສບຸກ,1
ຫຼີ້ນດີຫຼາຍ,1
ແລກຂອງລາງວັນແລ້ວບໍ່ເຫັນສົງເຄືອງຫວຍແຮງແອບນີິ້ບໍ່ຕ້ອໂຫລດເດີ,0
ໂຟຣຮູບລົງເຟຮກະບໍ່ໄດ້,0
ໃນສ່ວນໂຕໂຄດມັກແລະຮັກໃນດ້ານນີ້ຢູ່ແລ້ວ,1
ລົງທະບຽນຍາກຫລາຍ ລົງຈັກເທືອກະບໍໄດ້,0
ແກ້ວປະເສິດ,1
ດີຫຼາຍວັອດແອັບນີ້ໃຊ້ງານສະດວກສະບາຍ,1
ຢາກໃຫ້ເປັນພາສາລາວຫຼືວາ່ໄທກໍ່ໃດ້,1
ບໍ່ໄດ້ຢາກໃຫ້ຈັກດາວບໍລິການຫ່ວຍແຕກ ລູກຄ້າເຈິະປັນຫາກ່ຽວກັບແອັປ ແທນທີ່ສິຟ້າວແກ້ໄຂ ບໍ່ມີຮອດແອັດມິນສິມາສົນເລື່ອງທີ່ລູກຄ້າເຈີ ບໍ່ບອກ ບໍ່ຕອບ ບໍ່ແກ້ໄຂ,0
ບໍ່ດີ,0
ວິດີໂອຄ້າງ,0
ແຮງອັບເດດຫຼັງໆມາແຮງມີປັນຫາ,0
ໂຫຼດໃຫມ່ລະຍັງເຂົ້າບໍ່ໄດ້ເລີຍ,0
ສົນທະນາໄດ້ທຸກຍ່າງຕາມທີ່ເຮົາຕ້ອງການ,1
ຫ່ວຍແຕກ ປັບປຸງດ່ວນນນເຂົ້າກະບໍ່ໄດ້ ຈັກຊິບອກໂຫລດເພື່ອ,0
ໃຊ້ດີຫລາຍຈ່ະ,1
ອັບເດດແລ້ວກໍ່ຍັງຄືເກົ່າຢູ່ບໍ່ໄດ້ອັບເດດຫຍັງເລີຍ,0
ດີຫຼາຍ ຈົ່ງພັດທະນາໄປເລື້ອຍເນີ,1
ດີຫລາຍພັດທະນາຕໍ່ໃປເດິ,1
ຍັງຂາດປະສົບການຂໍຄວາມຊວ່ຍເຫລືອຈາກບກ,1
ໃຫ້ໃສ່ແຕາລະຫັດຄືຫຍຸ້ງຍາກຫາຍ,0
ໃຫ້ຄວາມຮູ້ແລະຄວາມບັນເທິງ,1
ກາຄັກຫັນແລະ,1
ຂະນາດລອດອີນຍັງບໍ່ໄດ້,0
ໃຊ້ໄດ້ດີມາກ,1
ແອບໂຄດພໍ່ມາສີ້ແມ່ມຶງ ໂຄດກາກ ແອບພວກບໍ່ມີສະຫມອງມາສ້າງ ແມ່ມຶງເອີ້ຍ ກູຕັ້ງລະຫັດ3 4ເທື່ຶອກະຍັງບໍ່ໄດ້ ພໍ່ມຶງຕາຍ,0
ຊ່ວຍກັນພັດທະນາ,1
ຮັກທີສຸດ,1
ໄຊ້ດີໂຄດໆງນາ,1
ມີຄວາມຈໍາເປັນໃຊ້,1
ໄຊ້ແລ້ວຄັກ,1
ເຂົ້າແອັບບໍ່ໄດ້ເຂົ້າແລ້ວເດັງອອກ,0
ຜົມອະທິບາຍໄດເນາະຄ່ະແຟັກບູລອ,1
ເປີດລະຫັດກະຖືກແລ້ວເຂົ້າບໍ່ໄດ້ມາອັບເດດກໍ່ຂື້ນວ່າເປີດເລີຍແຕ່ພໍເປີດກະໃສ່ລະຫັດແລ້ວບໍ່ໄດ້ຄືເກົ່າ,0
ພໍແຕ່ລົງທະບຽນແລ້ວເຂົ້າເບິງມີແຕ່ຄໍາວ່າ ບໍ່ພົບບັນທືກ,0
ຂອງປະເທດລາວມີພັນທະປົກປັກຮັກສາແລະສ້າງສາປະເທດ,1
ໄສດໄສດ,1
ແອັບເຈົ້າບໍ່ດີເລີຍກວ່າຈະສົ່ງຂໍ້ຄວາມຕັ້ງເປັນເທົ່າໃດຍັງບໍ່ໄດ້,0
ຂ້ອບໄຈນໍາ້,1
ລົງທະບຽນງ່າຍເຈົ້າ,1
ຢາກເຂົ້າເຟສບຸກ,1
ໄດ້ຮັກຄົນໆຫນື່ງມາກຄືນາງອໍລະໄທ,1
ອາຫານແຊບແລະສະດວກ,1
ສົ່ງໃສ່.,1
ສະແກນບໍ່ໄດ້ແຖມqrຍັງບໍ່ຂື້ນ,0
ແຍ່ມາກຕັ້ງແຕ່ອັບເດດມາໂອນເງິນບໍ່ໄດ້ເຕີມເງິນກໍບໍ່ໄດ້ຄວນປັບປຸງ,0
ສາມາດໂທໄດ້ແລະມີດີຫວາຍ,1
ຂອບໃຈ mytplus,1
ສິງໄຊໂຢ,1
ໄດ້ຄວາມຮູ້ໃຫ້ແກ່ຕົນເອງດີທີ່ສຸດ,1
ຕັ້ງແຕ່ໂຫຼດແອັບນີ້ມາໃຊ້ຊື້ເລກບໍ່ເຄີຍຖືກຈັກເທື່ອ.ງືດຫຼາຍ,0
ສົງໃສມັນຊິອັບຈົນກູບໍ່ມີກິນເລີຍນິ,0
ມັກແອ້ບນີ້ຫລາຍ,1
ຄວາຍ,0
ຖາດ,1
ແອບກາກ ທີມເດັບເຊີນມາອ່ານ ຖ່າຍຮູບກະບອກເຊຶ່ອມຕໍ່ບໍ່ໄດ້ ອັບໂຫລດເອກະສານກະບໍ່ໄດ້ ນາງນ້ອຍກະຕອບງົງໆ,0
ບັຜ,1
ດຮກລາຍ,1
ຫຼິ້ນຫຍັງກະບໍ່ໄດ້,0
ແຕ່ອັບ ມານີ້ບໍ່ມີຄົນແຊັດມາ,0
ແກ້ໄຂບັນຫາໃຫ້ແນ່ເຂົ້າແລ້ວມັນມີແຕ່ເດັ້ງອອກເຂົ້າບໍ່ໄດ້ເລີຍ,0
ໄຊ້ດີລວດລງວທັນໃຈ,1
ການດາວແອັບ,1
5ເສກມະຫາມົນຕຣາຮັກໃນການໂທອອກແລະໂທເຂົ້າສໍາຫຼັບຜູ້ສາວໂທມາ,1
ກົດລົງທະບຽນສາມແກັບ ພັດວ່າຖາມອາການຂອງທ່ານ ອຸ່ນຫະພູມຂອງທ່ານ ຊິລົງທະບຽນເບີເດີ ບໍ່ແມ່ນກວດໂຄວິດ,0
ຕ້ອງລອງ,1
ໂດຍ,1
ເປັນມິດໄມຕີທີ່ດີງາມ,1
ເຄໂອເລີຍ,1
ໃຜຮູ້ບອກແດ່ເປັນຫຍັງຄືຄ້າງແຕ່ເມນູເກົ່າບໍ່ສາມາດຊື້ໃດ້,0
ບໍ່ລິການດີໃຊ້ງ່າຍສະບາຍ,1
ສຸດມ່ວນ,1
ແກ້ໄຂແນ່ເຂົ້າແອັບບໍ່ໄດ ມັນບອກກໍາລັງກວດສິດ ບໍ່ແລ້ວຈັກເທື່ອຊິໃຫ້ລໍຖ້າຮອດປີໃດຈັ່ງຊິເຂົ້າແອັບໄດ້,0
ບໍ່ມີຕົວເລືອກເພງໃນສະຕໍລີລາຍງານໄປ3ຄັ້ງແລ້ວຍັງບໍ່ເຫັນແກ້ໄຂເທື່ອຫຼາຍຄົນບໍ່ມີ 2ດາວພໍ ບອກໄຫ້ແກ້ໄຂບໍ່ຈັກແກ້.,0
ດຶຫ,1
ຫລີ້ນງາຍ,1
ເສືອສັງໄຟ,1
ບັດ,1
ແອັບໂຄດກາກໂຄດຊ້າເລີຍປັບປຸງແດ່ເດີ້,0
ດີd,1
ເຂົາແອບບໍ່ໄດ້ເຮັດຈັງໃດເຮັດຄືເຂົາສອນໃນ youtube ແລ້ວ,0
ອາໄກ,1
ເຂົ້າບໍ່ໄດ້ໃສ່ລະຫັດກະວ່າບໍ່ຖືກທັງໆທີ່ໃຊ້ລະຫັດເກົ່າເຂົ້າທຸກເທື່ອ ແຕ່ລ່າສຸດວ່າລະຫັດບໍ່ຖືກຊິລັອກບັນຊີຊ້ໍາ,0
ອັບເດດໃຫມ່ລ່າສຸດ 08 07 2022 ແຍ້ງປັນທາງເຟສບຸກບໍ່ໄດ້ແລ້ວ ພໍ່ມຶງໄປຕາຍ ແລ້ວບໍ,0
ຂໍໃຫ້ນ້ອງໂລດໄດ້ດູ,1
ຄື່ວ່າເປັນແບບນີ້,1
ເວີຊັ່ນເກົ່າໃຫ້ 5ດາວ ເວີຊັ່ນນີ້ ເຫລືອ 2ດາວ ຂໍອະໄພໃນຄວາມຊັດເຈນ,0
ລ່າຊ້າ,1
ໃຊ້ແບບງ່າຍໆສະດວກ,1
ປານນັ້ນວ່າອັບເດດແລ້ວໄດ້ດ່າຕ້າ1ກິກບໍ່ເຫັນວ່າສິໄດ້ຂີ້ຕົວະຫນ້າດດ,0
ເຈັ໋ງທີ່ສຸດ,1
ພະນັກງານບໍລິການດີຫລາຍ ຄ່າບໍລິການກະຖືກ,1
ທິບ,1
ຫມູນບໍ່ໄດ້ເລີຍ ເກີດຂໍ້ຜິດພາດ ຍ້ອນຫຍັງແກ້ໃຫ້ແດ່,0
ໃຊ້ສະດວກສະບາຍງ່າຍຂື້ນ,1
ພະຍາຍາມປັບປຸງຕື່ມເດີ ຂ້ອຍລົງທະບຽນເບີຫລັກ7ເກືອບສໍາເລັດແລ້ວແຕ່ເພິ່ນບອກວ່າເອກະສານບໍ່ຈະແຈ້ງ ຊິລົງທະບຽນຄືນໃຫມ່ກະບໍ່ໄດ້ອອກຈາກບົບກະບໍ່ໄດ້ ວ່າໃຫ້ບໍ່ຖ້າການຢຶນຢັນຂ້ອຍຖ້າເປັນເດືອນແລ້ວເຂົ້າໄປຍັງຄືເກົ່າຢູ່ ຝາກໄວ້ໃຫ້ປັບປຸງສາ,0
ມີຄວາມສັດເຈນດີ,1
ເຂົ້າbcel one ບໍ່ໄດ້,0
ເຟສບຸກເດີບໍ່ແມ່ນຕະຫລາດບໍ່ແມ່ນຄາສິໂນ ແນະນໍາມາເຮັດຍັງ ເພສທີບໍ່ໄດ້ຕິດຕາມ ປັບປຸງອິກເດີ ແລ້ວສິແນະນໍາມາເຮັດຍັງ,0
ອັບເດດແລ້ວບໍ່ໄດ້ຫຍັງເລີຍ ກົດໄດ້50mbກະໃຫ້ແຕ່30mb ແຮງມື້ແຮງລີ້ນບໍ່ໄດ້,0
anນີ້ດີຫລາຍຖຶກນໍາຫລາຍເທຶອແລ້ວ,1
ດີຫລາຍທີ່ສຸດ,1
ດູ່ື,1
ເທວາ,1
ແອບນີ້ມີປະໂຢດຫລາຍ,1
ຕັ້ງຍາກໂພດ ລະຫັດບໍ່ບັງຄັບ ຮູ້ຂີ້ ໃສ່ຈັງໃດກະບໍ່ໄດ້ ປັບປຸງໃຫ້ມັນເຂົ້າງ່າຍແດ່ໂອ້,0
ດີແລ້ວທີ່ມີແອັບນີ້,1
ຮກັດຽວໃຈແຕ່ສອງໃຈ ຈິ່ງຈັງກັບເລື່ອງຄວາມຮັກ,1
ບໍ່ເຫັນ,0
ວ່າຊີ້,1
ລົງທະບຽນຢາກໂພດ,0
ເຕີມເນັດເຂົ້າເບີເງີນໃນກະເປົ່າຖືກຕັດແຕ່ເນັດບໍເຂົ້າເບີຄືຫຍັງວະຫລອກແຕກເງີນກູຫລາຍຮອບລະສັສ,0
ສະດວກໄນການໄສ,1
ຂ້ອຍຢາກເອົາແອ໋ບໂຕທີ່ໃຊ້ໂຟນນີຂື້ນຫນ້າຈໍ,1
ລິ້ນບໍຄອ້ຍສະດວກ,1
ແຈກເງີນຫຼາຍໆແດ່,1
ບໍ່ຍອມ,1
ບໍ່ມີຊີໄດ້ເນັດສ່ໍາມີແຕ່ຖືກໂຊກດີໆຊິໄວ້ບໍ່ແກ້ໄຂໃຫ້ມັນດີໆແນ່ຈຶ່ງຊິຫນ້າລິ້ນຕໍ່ໄປ,0
ປັບປຸງເດີເກມ ເອົາອອກສາບ່ອນເຊີນຫມູ່ມາຕິດຕັ້ງ ເຮັດແນວໃດກະບໍ່ໄດ້ ລົບແອັບຖີ້ມແລ້ວເປືອງຄວາມຈໍາ ຖ້າປັບປຸງແລ້ວກະຈາຍຂ່າວແດ່,0
ລະບົບຂັດຂ້ອງຕະລອດ,0
ເປັນຫຍັງນໍຍືນຍັນໂຕຕົນບໍ່ໄດ້,0
ຮູ້ສຶກດີຫຼາຍທີ່ມີແອັບນີ້.,1
ຈ່ອຍສາຍລົມຈົນເກິນ,1
ຕົວະແຮງ! ອັບເດດແລ້ວເຂົ້າບໍ່ໄດ້ ຖອນການຕິດຕັ້ງແລ້ວໂຫດໄຫມ່ກະເຂົ້າບໍ່ໄດ້ ກູນະນາຍມັນເສຍເວລາເສຍຄວມຮຸ້ ຫ່າກິນຊິ້ນສູ້,0
ແຂກ ລາວແດນ,1
ຜູ້ ເຂົ້າ ຊົມ ທັງຫມົດ ສໍາລັບ ການ ທີ່ ຈະ ໄດ້ ຮັບ ການ ຄົ້ນຫາ ສໍາລັບ ຈາກ ມັດ ລະ ວັງ ແລະ ບໍ່ ແຮ່,1
ບໍຮູ້ຄືກັນແດ,1
ອັບເດດຫຼາຍຄັ້ງເກີນໄປຍັງບໍ່ຮອດທິດຊໍ້າອັບເດດລະ!,0
ຕອງການໄຫ,1
ລີ້ນງ່າຍ,1
ປັບປຸ່ງໄຫມ່ແນ່ເດີມຸນພັນເທື່ອຍັງອອກແຕ່ ໂຊກດີຄັ້ງຕໍ່ໄປ,0
ສຸດຢອດອີ່ຫລີ່,1
ບ້າບີນ,1
"ບໍ່ມີບ່ອນເຂົ້າຊື້, ຊື້ບໍ່ໄດ້ ປັບປຸງແນ່",0
ກາກເບິ່ງຫຍັງກະບໍທັນຈົບ,0
ເປັນຫຍັງຕອນນີ້ຄືບໍ່ມີ ບໍລິການຫມຸນວົງລໍ້ ຖ້າບໍ່ມີກິດຈະກໍາແບບນີ້ ແອັບນີ້ກະບໍ່ມີຄວາມຫມາຍ,0
ແຮ່ງອັບເດດແຮ່ງເພີ່ມຄວາມຫຍຸ້ງຍາກຂຶ້ນເຕີ່ມ,0
ມັນຄື່ມີບ່ອນວັດແທກອຸ່ນຫະພູນນໍາທັງໆທີ່ວ່າໃນການລົງທະບຽນເບີຕາມທີ່ເພິ່ນບອກມາບໍ່ໄດ້ເວົ້າເຖິ່ງອຸ່ນຫະພູນນໍາໃນການລົງທະບຽນເບີ,0
ເປັນຫຍັງຄືສະຫຼັບເບີບໍ່ໄດ້ແກ່ໄຂ້ໃຫ້ດວນ,0
ດີຫຼາຍມາກ,1
ລໍຖ້າອະນຸມັດໄດ້ສາມມື້ລະຍັງບໍມີວີ້ແວວເລີຍ,0
ເຂົ້າບໍ່ໄດ້ກະດຸໂພດ,0
ເຂົ້າເຕີມເງິນບໍ່ໄດ້ 16 6 24 ຈົນ ຕອນນີ້ກະຍັງເຕີມບໍ່ໄດ້ ແກ້ໄຂແດ່ເດີ,0
ບໍ່ມີໂນ້ດດ,0
ຫກິອນທຶຮມ່ຍາ,1
ນ້ອງເຫນີຍ ຄົນເດີມ,1
ຮັບເປັນເພື່ອນ,1
ຊ້າຄືສັນແຂ່ງນິ,0
ລົງທະບຽນບໍ່ໄດ້ເຈົ້າ ຮອດຫນ້າໃສ່ສໍາມະໂນຄົວມັນເດ້ງຂໍ້ຄວາມວ່າ sevice is busy please try again.ລົບກວນເບິ່ງໃຫ້ແນ່ເຈົ້າ,0
ເຂົ້າລະບາດຊິສະແກນລະເດັງອອກ,0
ຊິ.ວິດສບາຍ,1
ແອບນີ້ຫລີ້ນຫຍັງກະບໍ່ໃດ້ເລີຍເບີ່ງເບີ່ງຫນັງກະບໍ່ໃດ້,0
ອາຫານແຊ່ບໆຫຼາຍ,1
ບໍລິການດີດີ,1
ທັກ,1
ກີມີນາ,1
ຕອ້ງການໄຊ້ວອດແອັບ,1
ຕ້ອງການໃຊ້ເພື່ອຄວາມສະດວກສະບາຍ,1
ລວມໆຄືດີ,1
ຝາກໃສ່ລະຫັດແດ່ເດີ້ເພື່ອທ່ານໃດບໍ່ມີລະຫັດແນະນໍາລະຫັດແມ່ນ 49205775,1
ຂໍໄຫ້ອັບເດດໄວໆ,1
ບໍ່ັງຄັບ,1
ເປັນແອັບທີ່ດີສຸດໆ,1
ນາລີນ ລີນດາ,1
ດີໃຈນໍາເດີ,1
ຫນາ້ຈະອັບເດດໃຫ້ໄວກວາ່ນີ້ນະ,1
ພາພະ້ພາຍ,1
ຖ່າຍຮູບຢາກຂະຫນາດຊ່ວຍປັບປຸງແດ່,0
ສາມາດໂອນຈ່າຍທາງທະນາຄານອື່ນໄດ້ບໍ່ເຈົ້າ ຂອງຂ້ອຍບໍ່ມີທະນາຄານການຄ້າ ທາງແອັບສາມາດເພີ່ມການຈ່າຍໂອນທະນາຄານອື່ນອີກໄດ້ບໍ່ເຈົ້າ,0
blooj lee ເພີ່ມຄວາມຄິດເຫັນສາທາລະນະ,1
ຂົນສົ່ງສາຂາບ້ານຈະເລີນສຸກ ເມືອງອຸທຸມພອນ ແຂວສະຫວັນນະເຂດ ແຍ່ແຮງ ເຄື່ອງມາຮອດແຕ່ບໍ່ຍອມແຊັດບອກລູກຄ້າ,0
ດີຢູ່ ແຕ່ຢາກໃຫ້ສາມາດເຕີມມູນຄາໂທໃຫ້ໄດ້ກັບທຸກເຄືອຂ່າຍ ມັນຫນ້າຈະດີກວ່ານີ້ຕື່ມອີກ,1
ບໍ່ສະດວກໂທລະສັບກະບໍ່ຮັບຝາກ,0
ສູກ,1
ຊອບໄຊ້ດີຈາ,1
ດີຫລາຍຖູກໃຈຫລາຍ,1
ແອບຄືໃສບໍໃດ,0
ຊອບແອັບນີ້ມາກ,1
app ໃຊ້ງານຍາກ ສັບສົນ ໃນການສັ່ງອາຫານ ຄວນສ້າງໃຫ້ໃຊ້ງານງ່າຍກວ່ານີ້,0
ພື້ນຖານຄວາມຮູ້ເຂົ້າໃຈຫຼາຍໆ,1
ແກ້ະ,1
ດີໃຈມາກ,1
ມັນໄດ້ຢູ່ແລ້ວງ່າຍງ່າຍຫນື່ງ,1
ຄືເປີດບໍ່ໄດ້ບາດນິອັບເດັດກະຄືເກົ່າບໍ່ໄດ້ຫຍັງ,0
ໂຄດດີຫລາຍ,1
ປານີ.ນອນເດີກ,1
ເຊີນເພື່ອນບໍ່ໄດ້,0
ຂ້ອຍເປັນຄົນດີແລະຮັກພໍ່ແມ່ແລະທີສຸດຮັກທຸກຄົນໃນຄອບຄົວແລະ ຮັກພີ່ນ້ອງອ້າວອາ ພໍເຖົ້າແມ່ເຖົ້າແດ່ໃຜສິເວົ້າຍັງກະຢ່າເຂົາເຮົາບໍ່ຟ້ງເຂົາລະກໍແລ້ວເດີ້ທຸກຄົນເຂົາສິວ່າຍັງເຮົາກະຢ່າເຮົາບໍ່ຟ້ງເຂົາລະແລ້ວຂ້ອຍແມ່ນເປັນຄົນລາວ,1
ເຊິງເດ,1
ແອບນີຖືໃຈ,1
ໄຊງານໄດ້ດີຫລາຍ,1
ສຸກໃຈ,1
ເປັນດາວໂຫລດໄດ້ໃຊ້ບໍ່ໄດ້ຊ່ວຍບໍ່ແດ່,0
ໂຊກດີຮາ,1
okເລີຍ,1
ດີຽ,1
ແລກໄດ້ໄຈທີ່ສຸດກໍຄື whatsappmessenger,1
ສະດວກສະບາຍ ຄຸ້ມ,1
ບນຸນທນັ,1
ມັນໄຊ້ງານດີແທ້ໆ,1
ຂອບໃຈທີໄດ້ໃຊ້ງານແອັບນີ້ດີຫຼາຍໆ,1
ແອັບຫ່າຫຍັງນິມີແຕ່ບັນຫາເຮັດແອັບປານເດັກນ້ອຍເຮັດ ມີແຕ່ບັກ ເຂົາແອປຍັງບໍ່ໄດ້ ຈັກຊິວ່າແນວໃດ ເຮັດປານເດັກນ້ອຍສ້າງແອປ,0
ຊື່ມີ,1
ມາຖຶກທາງແລ້ວຢຶນຢູ່ຈູດນີ້.,1
ສຸດຍອດດີຫຼາຍໄປໃສກະອຸ່ນໃຈເພາະມີທະນາຄານໄປນໍາ,1
ເປັນຄົນສູ້ງານຄົນຫນື່ງແຕ່ບໍ່ມີ,1
ຢ່າງໄດ້ນະແທ້ໆໆນະ,1
ບໍ່ເຄິຍແຕ່ຮຽຮູ້ເອົາໄດ້ດີນໍາເດີທາ່ນດີຫລາຍ,1
ເປັນບາງຄັ້ງກະເຂົ້າບໍ່ໄດ້ເຈົ້າ,0
ດີຫຼາຍແຕ່ໃຫ້ອັບເດດຫຼາຍເທຶ່ອໂພດ,1
ສະບາຍດີໃຈ,1
ຕອນແລກກະໃຊ້ດີ ພໍແຕ່ອັພເດດບໍ່ໄດ້ເລື່ອງ ເຕີມໃຫ້ເບີອື່ນກະບໍ່ໄດ້,0
ຢູ່ໆກະອັບເດດເອງທັງໆທີ່ບໍ່ໃດ້ອະນຸຍາດ.?,0
ຕາຍແຕ່ອັບເດດ,0
ຕ້ອງຂອບໄຈແອບນີ້,1
ຂອບໃຈສໍາລັບ5ດາວ,1
ລະເປັນຫຍັງບັນຊີທະນາຄານພົງສະຫວັນຄືວ່າເຂົ້າຊື້ບໍ່ໄດ້ລະໃຜຮູ້ວິທີບອກແນ່,0
ແອບກາກໆລົງທະບຽນລະເດັ້ງໆຢູ່ຄວາຍ,0
ດີຈີງໆໆ,1
ແລກໆກະດີຢູ່ດົນມາລະຈັກຈັ່ງໄດ,0
okຢູ່,1
ລີ້ນຍາກ ຊື່ເຟສກະປຽນບໍ່ໄດ້ ເຊສກະຊ້າ,0
ມັນສະນຸກມີຫມູ່ຫຼາຍແລະຍັງໃຫ້ຄວາມຮູ້ອີກດວ້ຍ,1
ຂ້ອຍມັກ,1
ສະດວກ ສະບາຍ ທັນສະໄຫມສຸດໆ,1
ດີທີ່ສຸດໃນໂລກ,1
ບຸນເລີດ ເມືອງຈັນ,1
"ສະດວກ ສະບາຍໃນການຈ່າຍຄ່ານ້ໍາປະປາ,ຄ່າໄຟຟ້າ,ພາສີທີ່ດິນ,ຄ່າທາງແລະສໍາລະການຊື້ວັດຖຸສິ່ງຂອງຕ່າງໆ.",1
ເຂົ້າລະເດ້ງອອກ,0
ໄສສະບາຍ,1
ໃຊ້ດີມີປະໂຫຍດຫລາຍ,1
ແອບນີ້ໄຊດີຫລາຍ,1
ພາຍໂງຫມາກນໍາຈກນພືພີໍາຍພມະໍາສີພນໍາ,1
ການປງນແປງຖາທານາດີມາກເລີຍ,1
ບ້າງຄັ້ງວິດີໂອບໍ່ແຈ້ງແລະບາງຄັ້ງຮັບບໍ່ໄດ້ ປັບປຸງເກີ,0
ເຕັມໂສດ,1
ເພງລາວມວນ່ໆເສບ,1
ມັກຫຼາຍແອັບນີ້,1
ສ່ວຮ,1
ເຂົ້າແອັປຊ້າໆ ປັບປຸງແນ່ເດີ້,0
ດີຢູ່ແຕ່ວ່ານ່າຍຫລາຍເຈີເຫັ້ງ,1
ດີໄຈແຍກຫ່າງ,1
ເຂົ້າບໍ່ໄດ້ມີແຕ່ບອກວ່າລະຫັດບໍ່ຖືກ,0
ເຂົ້າສູລະບົບຍາກຫລາຍ ແລະ ກະຍັງເຮັດໃຫ້ເວິຊັນໃຫມນີ້ບໍ່ຫນ້າຫລີ້ນປານເວີຊັນເກົ່າ,0
ເກັ່ງກະ,1
ຄົບ.ຈົບ ພາຍໃນແອັບດຽວ,1
ຍາມເຮົາຊື່ເລກຈະຖຶກພັດເຂົາບໍ່ໄດ້,0
ແອັບນີ້ໂຄດບໍ່ສົມດຸນຫມຸນວົງລໍ້ຫັ້ນລັອກແຕ່ອັນດຽວຄັນວ່າໃຫ້ອັບເດດແລ້ວຊິໃດ້1gbກະບໍ່ເຫັນຊິໃດ້ອັບເດດເປັນ2 3ເທື່ອລະຄວນປັບແກ້ໄຂແນ່ເດີແອັບໂຄດກາກບໍ່ເປັນຕາຊົງຄັນບໍ່ແກ້ອີກບໍ່ດົນກະບໍ່ມິຄົນໃຊ້ລະຄວາຍຍ,0
ໄດ້ຈິງ,1
ບາງເທືອເຂົາກະບໍໄດ້ສໍາ ຄວນແກ່ໄຂໃຫ້ສະດວກກວ່າເກົ່າ,0
ເຂົາບອນສະແກນບໍໄດ,0
ຮັກຈີງ,1
ຫລາຍເທື່ອແລ້ວເຕີມເງີນບໍ່ໄດ້ຄະແນນ ເຕີມຮອດ50ຍັງບໍ່ໄດຈັກຄະແນນ,0
ແອບດີເລຍໄຫ້5ດາວ,1
ດີຫຼາຍງ່າຍຕໍ່ການຊື້,1
ແອັບນີ້ດີເດີທຸກຄົນ,1
ຢາກມີແຟນ,1
ແອບນີ້ດີຫາຼຍ,1
ດີຫລາຍໃຊ້ງານງ່າຍ,1
ນ້ອງມີນາສາວຫຼວງພະບາງ,1
ຂອງຂ້ອຍອີເມວຖືກລະເຂົ້າບໍ່ໄດ້ປັບປຸງແດ່,0
ທີ່ວັງວຽງ,1
ໂທລະສັບ huawei p20 ບໍ່ສາມາດໃຊ້ແອັບນີ້ໄດ້ ໂຫລດແອັບມາແລ້ວເປີດແຕ່ຫລີ້ນບໍ່ໄດ້ ກະລຸນາປັບປຸງຕື່ມ,0
ຄັກຫຼາຍເດີ,1
ລົງທະບຽນແລ້ວຍັງບໍ່ໄດ້ບໍ່ວ່າລົ້ມເລວອັບເດດໃຫມ່ກະບໍ່ໄດ້ສະລຸບແລ້ວໃຊ້ງານບໍ່ໄດ້ລະເນາະ,0
ຊອບຫະ,1
ຮ້ກເລີຍລູກຊາຍ,1
ຂໍແກ້ໄຂfacebookໃຫ້ເຮົາແດ່,1
ເປັນແອັດໄຊ້ໄດ້ດີຫຼາຍ,1
ນິສງວ,1
ຂ້ອຍມັກເພາະໄດ້ເຫັນຫນູ່ເກົ່າທີ່ບໍ່ໄດ້ເຫັນກັນດົນແຕ່ລະຄົນສິບປີຂື້ນໄປທີ່ບໍ່ໄດ້ເຫັນກັນ,1
ຕອນແລກຂ້ອຍວ່າດີແຕ່ລົບຖີ້ມແລ້ວໂລດໃຫມ່ມັນກະກາກເວລາຊວນມູ່ຫະນ່າຊວນກະບໍ່ໄດກະລຸນາແກ້ໄຂແນ່ເດີຄັນຢາກແອັບດັງບໍລິການດິດີແນ່,0
ໂດຍຂໍຂອບໃຈ,1
ໃວລລມົຂ່ຊສ່,1
ຕອນໂຫຼດມາໃຫມ່ໆຫມຸນໄດ້ດາຕ້າໃຫ້ແຊລົງເຟສແລ້ວໄດ້ດາຕ້າບັດໃຊ້ມາດົນໆຫມຸນໄດ້ດາຕ້າກົດແຊຜັດຫມຸນໆແລ້ວກັບມາຫນ້າຫມຸນວົງລໍ້ຄືເກົ່າແລ້ວບໍ່ໄດ້ເນັດຫມຸນໄດ້ທຸກມື້ແຕ່ບໍ່ໄດ້ເນັດໃຫ້ພະນັກງານມາອ່ານແນ່ຄອມເມັ້ນກວດສອບແກ້ໄຂແນ່,0
ຊ່ອຍໃຫ້ຂ້ອຍເຂົ້າເຖີ່ງຂໍມູນບັນຊີລາວແອັບໃຫ້ລະອງດ,1
ບໍລິການດີ ສະດວກວ່ອງໄວ ທັນໃຈ halຂົນສົ່ງດ່ວນ,1
ຖືກແລ້ວບໍ່ໂອນເຂົ້າບັນຊີໂກງສັດໆ ແນະນໍາລົບຖິ້ມໄປເລີຍ,0
ສະແດງແບບສາທາລະນະ,1
ດີຫຼາຍທີ່ມີຊື່ສຽງໂດ່ງດັງມັກໃຊ້,1
ດີຫຼາຍ.!,1
ຂີ້ກາກໂພດ ຕິດໆຂັດໆຕະຫລອດ ເສຍເວລາ,0
ຢາກໃຫ້ແຊັດໄວໆ,1
ບອກໃຫ້ລົງທະບຽນແຕ່ສ້າງແອັປມາໃຫ້ລົງບໍ່ໄດ້,0
ມາເປັນເພືອຍກັນທາງເຝສດ,1
ຂອບໃຈທີ່ເຮັດໃຫ້ໃກ້ຊິດກັບເພື່ອນໆຫລາຍຂື້ນ,1
ເປັນກໍາລັງໃຈເພື່ອພັດທະນາຕໍໄປ,1
ໃຊ້ງານໄດ້ຢອດຢຽມດີ,1
ແຫ່ງອັບເດດແຫ່ງຫຼິ້ນບໍ່ໄດ້ຈັກແນວໃດ໋,0
ບໍ່ທັນມີ.,1
ໂຫລດແອັບແລ້ວ ເຂົ້າບໍ່ໄດ້,0
ຫລາຍ,1
ມັນສຸດຍອດຫລາຍໃນການເກັບຂໍ້ມູນລັບ,1
ຕອນໂຈດເວລາຂາດເນັດດີຫຼາຍ,1
ແຊດຫາໄຜກໍ່ບໍ່ແຊດບໍ່ໃດ້ເຂົ້າແຊດມາກໍ່ບໍ່ໃດ້ເປັນຍັງແກ້ໄຄແດ່ເດິ,0
ຈັກແມ່ນຫຍັງຂື້ນທະບຽນກະບໍ່ໄດ້ຄັນມືງຢາກລະງັບຊິມກູກະເຊີນກູສິໄປໃຊ້ຫຼັກ9ແທນກະໄດ້ ແອັບບໍລິການກາກໆ,0
ຢາກໃຫ້ມີໂອນເຂົ້າທະນາພັດທະນາລາວ,1
ໃຊ້ໄດ້ຢູ່,1
ອັບເດດແລ້ວ ກາດກວ່າເກົ່າອີກ ປິດໄປສາອັບເດດແລ້ວ,0
ຄືເຂົ້າສູ່ລະບົບບໍ່ໄດ້,0
ແອັບໃຊ້ງານໃດ້ດີ,1
ເປັນແອບທີ່ດີຫລາຍໆ ຕັ້ງແຕ່ໃຊ້ມາບໍ່ມີບ່ອນຕິເຮຍ,1
ບໍ່ຮູ້ວິທີໂອນເງິນເຂົ້າຢູມັນນີ,1
ກໍokນະ,1
ໂຄດຫ່ວຍແຕກເຂົ້າແອັບບໍ່ໄດ້,0
ປັບປຸງໃຫ້ເດຄືສະແກນແລ້ວບອກວ່າບໍຖືກຕ້ອງຕະຫຼອດ ເຈັບຫົວ,0
ໃຊ້ງ່າຍໆ,1
ຄືຫມອຍ,1
ລາວາປາທລູແກ່ ເຂົ້າຮ່ວມ.,1
ເປັນໂປຮແກຼມຂໍ້ມູນສອນຕົວ,1
ໄດ້ລົງທະບຽນຕະຫຼອດ,0
ມີແຕ່ມວນ,1
ສຸດຍອດເລີຍທັນຂ່າວສານໄດ້ແຟນຍ້ອນເຟສບຸກອີກ,1
ພໍາ,1
ຂາດເຄຶອນຂາຍ,1
ດົນລະ,1
ໃຊ້ແບບໃດວິທີ,1
ໃຈຈ,1
ອະພັບ,1
ວັນທາພຸດທະວົງ,1
ສົມບັດ,1
ຫຼີ້ນມ່ວນມີສາລະ,1
ຂອບໃຈທີ່ບໍ່ປິດກັ້ນໃຫ້ເຫັນໂລກອອນລາຍຂ່າວຄາວໄວທັນໃຈແບບນີ້ຕະຫຼອດໄປ ເດີ້,1
ຍອດນິຍມ,1
ເຂົ້າແອັບກາບໍ່ໄດ້ໃຊ້ບໍ່ໄດ້ເລີຍ,0
ແອບຄືບ້ານິ ເບີບໍ່ທັນລົງທະບຽນກະວ່າລົງທະບຽນແລ້ວ ຢ່າຫາໂຫລດເດີ້ຂໍບອກ ໃຊ້ບໍ່ດີ,0
ແອັບນີ້ມີພົນດີຫຼາຍຕໍ່ກັບສັງຄົມເຮົາ,1
ໃຫ້ຮູ້ທຸກສະຖານະການລອບໂລກ,1
ແອັບດີ ເຕີມເງິນໂທສັບກະໄດ້ສ່ວນຫຼຸດ,1
ໄດ້ດີ ຢູ່ໄດ້,1
ດາວໂຫຼດບໍ່ໄດ້,0
ລົງທະບຽນສໍາເລັດແລ້ວພັດເຂົ້າສູ່ລະບົບບໍ່ໄດ້ ບອກວ່າລະຫັດຫຼືອີເມວບໍ່ຖືກຕ້ອງ ທັງໆທີ່ລົງທະບຽນໄປຫມາດໆແລ້ວກະກົດຕາມທີ່ລົງທະບຽນໄວ້ ງົງເດ້,0
ຢ່າລືມໃສ່ລະຫັດແນະນໍາແດ່ເດີ 19002553,1
ບໍສອບ,1
ຈຸກ ກູຣ,1
ກາກ ບໍ່ເຫັນຊິເຂົ້າໃນລະບົບໄດ້,0
ມັກສຸດໆເລີຍແອັບນີ້,1
ຄົບລົດ,1
ຫ່ວຍສຸດໆ ທີມພັດທະນາແມ່ນທີມໃດ ຢາກຮູ້ ບໍ່ສົມຄວນໄດ້ 1 ດາວ,0
ຄ່ອຍ.ໆເປັນໄປເຈົ້າ.,1
ວ່ອງໃວ,1
ຄັກຫລສຍແຈ້ງເຕືອນເວລາເງີນອອກເງີນເຂົ້າ,1
ແອບກາກໆໂດຍສະເພາະເກມຫລີ້ນລະມັນໄດ້ຫຍັງວະບໍ່ໄດ້ຫຍັງເລີຍເອົາອອກສາເຄືອງ,0
ບັນຊີຂອງທ່ານບໍໃດຮັບອະນຸຍາດ,0
ໃຊ້ດີຈຮາ,1
ດີລາຍແຕ່ຖ້າເຕີມດ້ວຍບັດຫລັກ9ໄດ້ແຮງ,1
ເຂົ້າບໍ່ໄດ້ເຕີມເງິນມືຖືກະບໍ່ມີລະຫັດສົງມາໃຫ້ມັນເປັນຫຍັງຄືບໍ່ແກ້ໄຂແດ່,0
ກະດີຢູ່ເສຍແຕ່ເວລາໂທກັບຫມູ່ມັນມັຄ້າງຊັງບ່ອນນີ້ແລະແກ້ໄຂແນ່ເດີ,1
ມ່ວນແຮງ,1
ລາຍການ,1
ອັບເດດແລ້ວແຮ່ງຍາກກົ່ວເກົ່າເຂົ້າບໍ່ໍໄດ້ຂ້ອຍວາ່ອັບເດດແລ້ວເຂົ້າແຮ່ງຍາກເຫັດຖຸກແນວແລ້ວເຂົ້າບໍ່ໄດ້ເດີປັບປຸງໃຫ້ດີແດ່ຍິ່ງອັບເດດແລ້ວຍິ່ງບໍ່ດີ,0
ດາວສະຫວັນເພງກຶມມຸ.,1
ເຕິ່ອຍ ສາຍເປ,1
ລະບົບໂອນເງິນບໍ່ໄດ້,0
ເອົາເນັດຢາກຄືຫຍັງນີ້ປິດສາລາວແອບນະ,0
ດີໆຈຮ່າ,1
ອັບເດດເທື່ອນິ ດີຫລາຍເປັນແອັບທີດີສໍາຫລັບຂ້ອຍນ່ະ,1
ແອບກາກລົ່ງກາບໍ່ໄດ້,0
ແອບນີ້ໃຫ້ຄວາມສຸກ,1
ໄດ້ອັບເດດເກືອບເດືອນ,0
ໂດນ,1
ລົບອອກຈາກ play store ສະ ອາຍກາເຈົ້າຄືສົ້ນຕີນນິບໍ່ຕື່ມຫຍັງຊ້ໍາ,0
ເລົາມີຄວາມຄິດດີດີຕໍ່ເພືອ່ນ,1
ນາຈະໃສໃດດີ,1
ແອັບກາກໆເຂົ້າກະບໍ່ໄດ້,0
ຜປັຜຜແຜ,1
ໃຊ່ໄດ້,1
ທ່ທ່,1
ເຂົ້າບ່ໍໄດ້ກາກເກີນ,0
ແອັບສົ້ນຕີນ ເຂົ້າໄປລະເປັນພາສາຈີນ. ຕົກລົງມັນແອັບຄົນລາວຫລືຄົນຈີນ,0
ນີ້ຮຮຈຂ,1
ຍິນດີຕ້ອນຮັບສູ່ລາວ,1
ແອັບໂຕນີ້ຄວນປັບປຸງເດີ ເຂົ້າໄດ້ບາງມື້ ມື້ນີ້ມົດມື້ເຂົ້າລະບໍ່ໄດ້ເລີຍ,0
ນີ້ມ,1
ຍຂເວລ,1
ເພືນໆ,1
ຂອ້ຍມາວາງຈ້ນ,1
ປ່ຽນຟິວເຕີໄຫ່ນ,1
ຄືວາ່ຊື້ເລກບໍໄດ້ແລ້ວ,0
ກໍາລັງສິໃຊ້,1
ຄິດ ຮ່ອດຢ່າງ,1
ຮັກຮັກຮັກ ໃຈຍັງຮັກຄືເກົ່າ,1
ດີໆມີຜົນຫວຍຍ້ອນຫລັງນໍາຢາກໃຫ້5ດາວຢູ່ແຕ່ຍັງທົດລອງໃຊ້ເບີ່ງອີກກ່ອນພັດທະນາຕໍ່ໄປເດີ,1
ດີຫລາຍເດີ,1
ດີທີ່ສຸດດ,1
ແກ້ມ,1
ຂ້ອຍດີໃຈທີໄດ້ລົມນໍາຄົນຫຼາຍໆແບບຜ່ານແອັດນີ້ໄດ້,1
ດີ ແລະ ເປັນສ່ວນຕົວ,1
ອັບເດດເວີຊັ່ນໃຫມ່ຕະຫຼອດ ແຕ່ລາວກະຕອບແຊັດຊ້າຄືເກົ່າ ຮືຮື.,0
ຖ້າລົງທະບຽນແລ້ວຜັດວ່າບໍ່ຜ່ານກະຢ່າສຸເຮັດມາສາແອັບນີ້ບໍ່ມີປະໂຫຍດ,0
ໃຊ້ໂທລະສັບອີກເຄື່ອງເຂົ້າແອັບບໍ່ໄດ້ນອກຈາກໂທລະສັບຫນ່ວຍຫລັກ,0
ຫລີ້ນເກມບໍ່ໄດ້ເລີຍ,0
ດເດດ,1
ຕາຍໆ,0
ສະບາຍດີຂອ້ຍໄຊ້whatsapp,1
ສຸດຍອດຄວາມໃສ່ໃຈ,1
ເຂົ້າແອັບແລ້ວເລັ່ງອອກຕະຫຼອດ,0
ປັບປຸງການຈັບຄູ່ໃນເກມໃຫ້ໄວຂື້ນອີກແນ່ເນາະ,1
ແພວໂຊ,1
ໄສ່ງານມໄດ້ດີ,1
ຖ້າສົງລະຫັດມາທາງເບີ ບໍເຫັນສົ່ງມາຈັກເທືອ,0
ໃຊ້ດີແລະຄັກ ທັນສະໄຫມ,1
ແມ່,1
ທຶທ,1
ສະແກນເຕີມບັດບໍ່ໄດ້ສໍາ,0
"ທຸກຢ່າງແມ້ນບ່ໃດ້ດັ່ງໃຈຫວັງ,ຂ້ອຍຄົນນີ້ຈະພັງທຸກກໍາແພງທີ່ຕັ້ງໃວ້ຕຣາບຢັງມີລົມຫາຍໃຈ",1
", ມັນສົ່ງຮູບອອກບໍ່ໄດ້",0
ອັບເດດມາຈອງຍາກກວ່າເກົ່າ ອັບເດດເພື່ອຫຍັງວ່າ,0
ສຸດຍອດວ່ອງໄວທັນໃຈ,1
ອັບເດດແລ້ວເຂົ້າແອບບໍ່ໄດ້ເລີຍ,0
ຂໍໃຫ້ພໍຮແມ່ມືງຕາຍເດີຂີ້ຖີ່ບໍ່ໃຫ້ເງີນເນັດສ້າງຫາໂຄດພໍ່ໂຄແມ່ມືງບໍສ້າງເອົາພໍ່ເອົາແມ່ມືງຢູ່ນາລົກບໍໂຄດແມ່ພວກມືງຕາຍເນັດກະບໍ່ໄດ້ຂໍໃຫ້ໂຄງການພວກມືງຖືກໄຟໄຫມ້ເດີສາທຸສາທຸຂໍໃຫ້ພວກມືງລົ້ມລະລາຍ,0
ພນໍາໂດຍທ່ານນາງ,1
ສົ່ງລະຫັດມາແລ້ວຄື ຕັງບໍ່ໄດ້ຫວະ,0
ທ້າວ ວ້າງ,1
ມັກທີ່ສູດ,1
ໂອນເງິນໄປບີຊີແອລວັນບໍ່ໄດ້ເນາະ,0
ມີການເຂົ້າໄດ້ດີ,1
ທຸກໄຕມາດ,1
ຊ້າເກີນ,0
ທັນສະໄຫມຫ່າແດກດາກຫຍັງເຮັດຫຍັງກະບໍ່ໄດ້ແອຟກາກເກີນ,0
ບໍ່ໄດ້ລົງໄປແລ້ວກົດເບີໄສ່ແລ້ວລະຫັດໄສ່ແລ້ວແຕ່ເດັ່ງກັບ,0
ປວ່ຍ ໃຫ້ເດ່,1
ດີໃຈທີໄດ້ໃຊ້,1
ຄໍາຫລ້າກັນຍາວົງ,1
ສະດວກສະບາຍໃນການໂອນເງີນ,1
ສະດວກວ່ອງໃວ,1
ຢາກລີ້ນເຟຮໄດ້,1
ແອັຍ,0
ມີແອປນີ້ ເຮັດໃຫ້ໂລກແຄບລົງ,1
ດີເ,1
ມັກແຮ່ງ,1
ໃຊ້ດີໃຊ້ຄັກວ່ອງໄວທັນໃຈ ຖືກປຸ໊ບໂອນປັ໊ບ ເສຍດາຍຢ່າງດຽວຊື້ຫຼາຍບໍ່ໄດ້ເປີເຊັນຄືນ,1
ສະໃມ,1
ໂລດໃຫ້ແດ່ໂລດບໍ່ໄດ້,0
ພູນ້ອ,1
ມື້ໃຫມ່,1
ໃຊ້ດີສັນຍານຄັກ,1
ນກົ,1
ກົດເບີເຂົ້າໄປມັນເດ້ງອອກ,0
ລຸ້ຍທັກ,1
ກໍ່ດີຢູ່ເດີຊິບອກໃຫ້,1
ດີທີ່ສຸດຖ້ານະຂອງກູໄມ້ມີວັນຮາຍແລະກູຫຍັງເປັນຄົນຣັກເດັກດ້ວຍນະແລະທີສໍາຄັນກູຫຍັງໂສດດ້ວຍນະທຸກຄົນ,1
ເປັນແອບທີ່ໃຊ້ງ່າຍຄືນກໍາໄລໃຫ້ລູກຄ້າແທ້ ເຕີມເງີນໃຫ້ໄດ້ທຸກເຄືອຂ່າຍບໍ່ວ່າ ລາວໂທລະຄົມ ອີທີແອວ ບີລາຍ ກໍ້ໄດ້,1
ໃຊ້ງານສະດວກທັນໃຈ,1
ແກ໋ວຫມາກ,1
ໂຫລດມາໃຊ້ແຕ່ເຂົ້າບໍ່ໄດ້,0
ຊ່ວຍ ອັບເດດໃຫ້ມັນຄືຕອນສ້າງແອັບໃຫມ່ໆແນ່ ຕອນຍັງບໍ່ໄດ້ອັບເດດຫັ້ນ,0
ມື່ງບອກໃຫ້ກູອ້າປາກແລ້ວກູກໍອ້າແຕ່ມື່ງຍັງວ່າກູບໍ່ໄດ້ອ້າປາກໃຫ່ມໂຄດກາກເລີຍຫວາກູອ້າປາກຈົນວ່າປາກກູຈີແຕກແລ້ວນີ້ໄoຄວຍ,0
ມັນສຸດ ລໍ່,1
facebook ດີ ຫຼາຍ.,1
ຮັກສຸດໆໆ,1
ອັບເດດໃຫມ່ເຂົ້າລະບົບບໍ່ໄດ້ android,0
ສະດວກ .ວອ່ງໄວ,1
ດີແລ້ວ ສຸດ.,1
ໃຊ້ດີຫລາຍຊື້ເລກໆໄດ້ຮັບເປີເຊັນໃຊ້ເລກແນະນໍານີ້ເລຍ19208446,1
ດີແລະສະດວກສະບາຍ,1
ຫນັງເກົາລີ,1
ຢາກໄດ້ສ້ຽງເພງໃນເຟສອ່ະ,1
ມີປະໂຫຍດຫຼາຍກວ່າການສົ່ງຂໍ້ຄວາມ,1
ຊື້ເລກແຕ່ລະເທື່ອຄືບໍ່ໄດ້ຄະແນນຈັກເທື່ອ,0
ໄດ້ຊໍານີ້ມືງປິດແອບໂລດເດີອັບເດດເທົ່າໃດແຮງກາກຄວຍຍ,0
ໄດ້ຮູ້ເພື່ອນເຍອະ,1
ຊື້ງາ່ຍຂາຍງາຍ,1
ເລີ່ມໃຊ້ໃຫມ່,1
ລະບົບບໍ່ແອບບໍ່ດີເທື່ອເດີ ແກ້ໄຂໃຫ້ແດ່ samsung j8 ເປີດບໍ່ຂື້ນ,0
ຍອດຍງ້ມ,1
ແບບເທົາທີ ການເຂົ້າໃຈ,1
ດີນາກເລີຍລິ້ນມວ່ນແທ້,1
ດິໆທທ,1
ວັນເພ້ເຂົ້າລະເດັ້ງອອກເປັນແຕ່ວານມື້ນີ້ຍັງເຂົ້າບໍ່ໄດ້ ຈົນໄດ້ມາລົບອອກລະຕິດຕັ້ງໃຫມ່,0
ນາງລ່າ ເວຖາງເດ່ນພໍີ,1
ກາກ,0
ລະຫັດຍືນຍັນ,1
ເວລາເຂົ້າແອັບຊ້າຫລາຍຢາກໃຫ້ໄວກວ່ານີ້ແດ່,0
ໄມໄດ້ເງີນເນັດເລີຍເນາະໂມຈາ,1
ມິສາລະຫມ້າຮູ້ຫຼາຍຢ່າງ,1
ຝາກແນ່ເດີ້ ທຸກຄົນ53030582,1
ເປັນແອັບທີ່ຫລາຍມັກແຮງ ຢາກໃຫ້ພັດທະນາຕໍ່ໆໄປ,1
ແອັບບໍ່ເປັນຕາສະແຕກໄປເບີ່ງລະບົບລົງທະບຽນຫຼັກ9ແນ່ງ່າຍແສນງ່າຍອັນນິແມ່ນຫຍັງຕັ້ງ2 3ແອັບລະຫັດກະບໍ່ບອກເບີກະໃສ່ເຮັດມາຫາສະແຕກຫຍັງຄັນເຮັດມາສໍານິເຊີນປິດເບີນໍາໃຊ້ໂລດແນວນິເຄືອຂ່າຍອື່ນຍັງມີຫຼາຍໃຫ້ໃຊ້ບໍລິການສະດວກສະບາຍກວ່ານິ,0
ທັນສະໄຫນແລະຖືໃຈ,1
ບອກພວກເຮົາເພີ່ມເລືອກໄດ້,1
ເອນ ເອນ,1
ແອບຢືນຢັນຢາກໂພກ,0
ແຄ່ໄຂປັນຫາແນ່ແອບມັກເດ້ງອອກເວລາຊື້ເລກລະເດ້ງອອກເລກທີ່ຊື້ກະບໍ່ເຫັນ,0
ສຸດຍອດ! ດີຫຼາຍ.,1
ເວລາບໍມີເນັດກະຊວຍໄດ້,1
ໃຊ້ດີຫຼາຍຂ້ອຍຫມູນໄດ້ເງີນເກືອບທຸກມື້ແຕ່ຮູ້ຈັກແອັບໂມຈາມາບໍ່ໄດ້ເຕີມບັດໂທຈັກເທື່ອເລີຍ ຂອບໃຈ ເດິີທີສ້າງແອັບດີດີແບບນີ້,1
ຮ້ນາ,1
ບໍ່ສະດວກປານໃດ.,0
ເຮົາຊອບສາທາຮະນະ,1
ງ່າຍສະບາຍໃຊ້ຈ່າຍ,1
ໃຊ້ງານໄດ້ງ່າຍ ແລະ ສະດວກສະບາຍ,1
ສີງ ໄຊຍະສິດ,1
ຄ່ອນຂ້າງດີ,1
ແອັບໂກງ,0
ໄຊ້ດີໆ,1
ແອັບນີ້ຫຼີ້ນມ່ວນ,1
ລົງທະບຽງຊ່ວຍເດ,1
ແອັບນີ້ໃຊ້ງານງ່າຍຖຶກໃຈ,1
ນາງຕິ້ສີວິໄຊ,1
ເນັດປົກກະຕິ ແຕ່ແອັບແຈ້ງເຕືອນວ່າເນັດມີບັນຫາ ຈັກມີບັນຫາບ່ອນໃດ 555,0
ໃສ່ດີ,1
ລະບົບການທໍາງານແມ່ນຍັງຊ້າລາຍເດີ,0
ໂທ້ລສັບເຂົ້າລອັກຮຽນພາສາອັງກິດຮູ້ປົດບໍຊວຍອແດ່,1
ຫລີ້ນຊ້າ,0
ຍອດຢຽ້ມ,1
ແອັບນີ້ມັນເປັນແນ້ວໃດ້ຂອງມັນແທ້ເກາະໄສງານຄື່ຍຸງຍາກຫຼາ້ຍແທ້ລະບົບແຊັດກະລໍາມາກເກີນຍາກຈະລົບແຊັດການໂທອອກກະໃດ້ ມີການອັບເດ້ດແອັບຕະລອດ,0
ເປັນແອັບທີ່ດີແລະມີປະໂຫຍດຫຼາຍ,1
ມາດາວໂຫລດກັນເດື່ຕ້ອງເລີຍຫວາດີ,1
ມີແອບເຄື່ອງຫລີ້ນສະບ່າຍ. ດີຫລາຍໆໆ.,1
ນອ້ຍເອັມມື້ ພົງອຸດົມ,1
ອັບເດບເລິຍໆບໍ່ຫມັ້ນຄົງແກ້ໄຂແດ່ເດິ,0
ເປັນຍັງຈື່ງເຮັດພະລະກິດບໍ່ໄດ້ທັງທີ່ກົດຕົກລົງແລ້ວແລະກະມຸນຕໍ່ກະບໍ່ໄດ້ອີກໂຕເກົ່າຍັງດີກວ່ານິລາຍເທົ່າ,0
"ສະບາຍດີຜູ້ດູແລລະບົບແລະນັກພັດທະນາທັງຫລາຍ ຂ້າພະເຂົ້າຮູ້ສຶກພາກພຸມໃຈທີ່ບັນດາທ່ານເຫັນແກ່ຄວາມສໍາຄັນແລະມີນະໂຍບາຍທີ່ມີຕໍ່ທຸລະກິດດ້ານສັງຄົມທ້ອງຖິ່ນແລະສະແດ່ງຄວາມຂໍຂອບໃຈມາຍັງທຸກພາກສ່ວນທີ່ໄດ້ນໍາເອົາຂ້າພະເຈົ້າມາເຖີ່ງທີ່ນີ້ຕາມຄວາມຫວັງຂອງຂ້າພະເຈົ້າຢ່າງສຸງຂ້າພະເຂົ້າຂໍສັນຍາວ່າຈະພາຍາຍາມນໍາປະສົບການທີ່ເຄີຍຜ່ານແລະເປັນບົດຮຽນເພື່ອປັບປຸ່ງໃນຕໍ່ຫນ້າ,ຍາວນານ, ຈະພາຍາຍາມທຸ້ມເທເຫື່ອແຮງ, ສະຕິປັນຍາ ແລະ ຄວາມຮູ້ ຄວາມສາມາດທີ່ມີ ເພື່ອປະກອບສ່ວນເຂົ້າໃນລະບົບຢ່າງເຕັມທີ່ຕາມຄວາມສາມາດຂອງຂ້າພະເຈົ້າຖືໂອກາດນີ້ຜູ້ຂ້າມາໃນນາມສວນຕົວຂໍສະເຫນີນະໂຍບາຍດ້າ",1
ມີປະສິດຖິພາບສູງຂື້ນ,1
ປັບປຸງຕື່ມຫຼາຍໆເດີ ຫ່ວຍແຕກໂພດ,0
ຫນ້າຮັກ ແພງຫລາຍ ແວະມາ ບອກລາ,1
ອະຈົວຄົນເດີນ,1
ເຫີ້ຍສຸດຫມຸນເງີນເນັດໄດ້ແຕ່ຫລີ້ນບໍ່ໄດ້ແກ້ໄຂດ່ວນ,0
ອາປາ,1
ເລັ່ນເພງບໍ່ໃດ້ຊ່ອຍແກ້ໃຫ້ແນ່,0
ຕິດຕັ້ງງ່ຍຄືເກົ່າ,1
ຊອບຈ້າ,1
ໂຫຼດໃຫມ່ແລ້ວເຂົ້າບໍ່ໄດ້ເລີຍຊ່ວຍແກ້ໄຂແນ່,1
ກັ່ງ,1
ເຮົາວາເຟສປຸກຂອງເຮົານາຈະມີບັນຫານະ,1
ຂອບໃຈທີຄືນມາຄືເກ່າ,1
ດີຫຼາຍ ຖ້າວ່າລະບົບສະຖຽນ,1
ປະຢັດ,1
ໃຊ້ດີມາຕະລອດ,1
ມີຫລາຍເດີ່ມັກຫລາຍຮັກເລຍ,1
ດີຫລາຍຖືກປຸບໂອນປັບ,1
ດີທີ່ບໍລິການລູກຄ້າໃຫ້ທີ່ກັບລູກຄ້າໃຊ້ບໍລິການບໍລິສັດຫຼືແອັບນີ້ເດີບໍລິການໃຫ້ດີທີ່ສຸດບໍປ່ອຍລະເລີຍokເອົາໄປເຕັມ10ຄະແນນເລີຍ,1
ແອບບໍ່ດີ,0
ປີຕະມອງ,1
ດີຫລາຍ r t t t,1
ເອີ,1
ດີແຮງຄຸ້ມຄ່າກັບການຊື້ຂາຍ,1
ລົງທະບຽນບໍ່ໄດ້ເດັ້ງອອກເອງ ໃຊງານບໍ່ດີ,0
ທຸກຄົນຢາກມາໃຊ້ບໍລິການເລີຍມັນຊ້າຫຼາຍ,0
ໃຊ້ງາຍສະດວກສະບາຍ,1
ທຸກຍາງ,1
ອູ້ມ,1
ອັບໂຫຼດຂໍ້ມູນລະເດັ້ງອອກ,0
ມັກຫຣາຍແລະມີປະໂຫຍດ,1
ດີຫຼາຍ ສັນຍານເນັດຊ້າກະເຂົ້າແອັບນີ້ໄດ້,1
ຫາກໍ່ເລີ່ມຮຽນຮູ້,1
ນາຍນີ,1
ເນຜ້ທຫີແດລສຕ,1
ອັບເດດແອັບມຶງໄດ້ແລ້ວ ໃນແອັບບໍ່ມີເທື່ອ 4ນາມໂຊກ,0
ຜົນການຊອກຫາຄໍາວ່ານາມສະກຸນຂອງການເປັນເຈົ້າຂອງ,1
ໃຫ້1ດາວຍ້ອນສັ່ນບໍ່ໄດ້ເງີນເນັດເລ່ນເກມລະເບີດບໍ່ໄດ້ແຖມບໍ່ໃຫ້ເນັດຖ້າແກ້ໄຂແລ້ວສິໃຫ້5ດາວ,0
ໂຊກດີ,1
app ມີປັນຫາ ອັບເດດຕະຫຼອດແຕ່ກະຍັງບໍ່ມີຄົນແຊັດມາ,0
ດີມີປະໂຫຍດ,1
ຫຼິ້ນໄດ້ດີ,1
ຍັງ,1
ຊັງດີແຕ່ຢາກຮູ້ວ່າເຮົາໄດ້ຄູປອງແນວໃດ,1
ເປັນທີ່ຫນ້າເພີ່ງພໍໃຈ,1
ຍີມແລ້ວສູ້ຕໍ່ໄປ,1
ຈັດສົ່ງແລ້ວຮັບເງິນຜ່ານ. bcelone,1
ແກ່ອ,1
ດີຖືກໃຈ,1
ບອກເລີຍຄໍາດຽວ ດີ,1
ໂຫລດຍາກໂພດເພື່ອສິໂຫລດໄດ້,0
ເລີດມາກຄ່ະ,1
app ກາກກົດ50 ຍັງບໍ່ໄດ້,0
ສະຫຼວກສະບາຍໃນການເຮັດທຸລະກໍາທາງການເງິນ,1
"ລຶບໆທຸກຄົນເສຍເວລາຊີວິດ ຫມຸນບໍ່ໄດ້ເນັດ, ລີ້ນຫຍັງກະຊ້າ ,ສິ່ງທີ່ຍ້ອງກະຄືບໍລິການ ເບິງຫນັງເບິງເພງ,ບໍລິການໂທ",0
ສະດວກສະບາຍ ປະຢັດຄ່າໃຊ້ຈ່າຍ,1
ດ່ອງ,1
ຂຽນບົດໂຂຽນົ,0
ດີຫຼາຍແຕ່ຂ້ອຍຫາແຟນບໍ່ໄດ້ເທື່ອ,1
ນາງມັນມີງບຸບຜາ,1
ອ້າຍໄກ່,1
ໃຫ້ຕາຍແຕ່ເຮັດພາລະກິດຈົນບໍ່ໃຫ້ເນັດ ຫນັງກະມີແຕ່ເລື້ອງເກົ່າໆຈົນບໍ່ເອົາໂຕອື່ນມາ,0
ສຖໍ່ໍາວໄຕໍເຈ,1
ດີມາກຊອບມາກເລີຍ,1
ຢາກລອງສັ່ງ,1
ໄຊ້ດີແທ້ເຈ້າ,1
ດີຫຼາຍ.ທັນສະໄຫມ.ງ່າຍໆກັບຊີວິດ,1
ໃຊ້ມາດົນແລ້ວ ແລ້ວແຕ່ໃຜສິວ່າແຕ່ສໍາຫຼັບຂ້ອຍດີຫຼາຍ,1
ປັບປຸງແນ່ເດີ້ ເປັນແນວນີ້ລະສິລົບຖິ່ມລະ ເປຶອງພື້ນທີ່,0
ແຕ່ກ່ອນສັ່ນໄດ້ເນັດເອົາລົງເຟສສໍາບາຍ ດຽວນີ້ປານອີຫຍັງສັ່ນໄດ້ເນັດເທື່ອລະ100 200ເມັກກະເອົາລົງເຟສບໍ່ໄດ້ ເຫລືອໃຈຈົນໄດ້ລົບຖິ້ມລະໂຫລດໄຫມ່ຈັງໄດ້ ຈາກໃຈຄົນໃຊ້ຢູນີເທວ ປັບປຸງແກ້ໄຂດ່ວນ,0
ເຟດນາງນາງນັດ facebook,1
ລົງທະບຽນບ່ຜ່ານບອກກູສະລົງ ບັດກູສິລົງໃຫມ່ ເຂົ້າບໍ່ໃດ້ ມຶ່ງບອກຫາສິແຕກຍັງໃຫ້ກູລົງຫມ່,0
ບໍ່ປະທັບໃຈໂຫລດແອັບມາລະເຂົ້າໃຊ້ບໍ່ໄດ້ ມີເພື່ອຫຍັງ ປັບປຸງແດ່ເທາະມັນຄືຊ້າແທ້ນໍໃນການອັບເດດຂໍ້ມູນນີ້,0
ດີ ສາມາດຕິດຕໍ່ຫາກັນງາ່ຍແລະໄວທັນການ,1
ເຂົ້າໃຊ້ແອັບບໍ່ໄດ້,0
ດີທີ່ສຸດສະດວກ ສະບາຍ ວ່ອງໄວ ທັນໃຈ ປອດໄພ ອີ່ມທ້ອງ ຕ້ອງຟູດແພນດາ,1
ລາວຂໍຂອບໃຈ,1
ຄືໂຫຼດແອັບນີ້ບໍ່ໄດ້ເປັນຍ້ອນຫຍັງໃຜຮູ້ບອກແນ່,0
ເບືອຟັງເພງບໍໄດ້,0
ຜດີ,1
ໂຫລດຊ້າໆປັບປຸງເພີ່ມ,0
ໃຊ້ຫຍັງບໍໄດ້ຄືກັບມາຍຢູນິເທ່ວຈົນໄດ້,0
ຊອບມາກໃດ້ເຫັນເພືອນບາ້ນ,1
ແອບນີ້ດີທີ່ສຸດ,1
ທຸກຍາກລໍາບາກ,1
ເປັນຫຍັງໄສ່ລະຫັດແລ້ວມັນບໍໄປໃສເລິຍ,0
ເບິງຂໍມູນວ່າເຄືອງຮອດໃສແລ້ວກະບໍ່ໄດ້ມີແຕ່ຂໍມູນຕົນທາງຫາປາຍທາງ,0
ເຂົ້າແອ໊ບບໍ່ໄດ້ມັນບອກວ່າ ການເຊື່ອມຕໍ່ມີບັນຫາ ແກ້ດ່ວນ,0
ໃຫ້100ຄະແນນເລີ້ຍ,1
ນາພາ,1
ສາຟົນ,1
ກິມໄຊນະສອນ,1
ປະວັດການແກ້ໄຂ,1
ບໍ່ໄດ້ດາຕ້າປານໄດ,0
ຊອບມາກຄັບ,1
ສະດວກ ສະບາຍ ວ່ອງໄວທັນໃຈ,1
ເປັນຫຍັງຕື່ມເນັດຫຼັກ9 2ບໍໄດ້ເລີຍໄດ້ແຕ່ຫຼັກ5,0
ອັບເດດລະມັນເຂົ້າບໍ່ໄດ້ເດັ້ງອອກຕະຫລອດແຂ້ໄຂໃຫ້ແດ່ເດີໂດຍດ່ວນ,0
ຂອບໄຈສໍາລັບແອບທີພຮັສນີທີໄຫ້ເຮົ່າລ່ງທະບງນແບບງ່າຍໆນີ,1
ປັບປຸງໄຫມ່ເດີມຸນໄດ້ດີນະແຕ່ໂພດບໍ່ໄດ້,0
ແຫັຼ,1
ຄຸນນະພາບດີມາກ,1
"ຕັ້ງຄ່າຢາກໂພດ, ຢາກໃຫ້ພັດທະນາອິກເດີ",0
ດີດດ,1
ຄວນຈະມີການອັບເດດຂໍ້ມູນໃຫ່ມເພື່ອໃຫ້ທັນກັບປະຈຸບັນຂື້ນກວ່ານີ້ໃຊ້ເວລາອັບເດດຊອບແວ໌ວດົນເກີນໄປ,0
ບໍ່ມີປາສົບການໃດ,1
ອັບເດດດົນໄດ້3 4ມື້ກໍ່ບໍ່ໄດ້ມີບັນຫາຫຍັງ,0
ເຮົາເພີດເພີນກັບwhatsappມັນໃຊ້ໄດ້ດີມີຜົນປະໂຍດລອງຊິ,1
ພຊວພຍວະ,1
ໂຄດຫ່ວຍ,0
5.ດາວຂອງຂ້ອຍ.500.mb.ກະຢ່າລືມເດີ້ ດີຫລາຍໄຊ້ບໍລິການຍາວໄປເລີຍ,1
ຍາກໃຫ້ລີ້ນເຟດບຸກດີຂື້ນກວ່າເດີ,1
ແກ້ໄຂດ່ວນແອບຯຢູ່ໆເຂົ້າບໍ່ໄດ້,0
ບໍ ຢ,1
ດາຕ້າຫນ້ອຍ,1
ເຂົ້າແອບຄຶບໍ່ໄດ້,0
ຂ້ອຍຮັກນ້ອງພົບກັນເຫັນກັນຮັກກັນໃນລົດຮັກແຮງຜູ້ດຽວ,1
ດາວເຕັມ,1
ລໍາຄານໂຄສະນາ ມາຕະຫລອດເບີ່ງຫນັງຫມື່ງມາອີກເບືອເບາະຖ້າເປັນຈັງຊີນະ,0
ນໍາພາຫາວຽກເຮັດງານທໍາ,1
ບໍ່ສາມາດອັບເດດເປັນເບີຊັ້ນໄຫມ່ມ,0
ໂຫລດມາແລ້ວລົງທະບຽນກະບໍ່ໄດ້ ເສຍເວລາ ກາລຸນາກວດສອບຄຶີນແນ່,0
ແອັບເວັນດາວໂລດກໍ່ບໍ່ໄດ້,0
ສຸກນຸກມາກເລີຍ,1
ດີແທ້ໃຫ້ທູກຄົນຫັນມາໃຊ້ເຟດບູກກັນຫລາຍໆເດີຂອງດີມີຢູ່ຈີງຈະ,1
ຮອດຂັ້ນຕອນຖ່າຍຮູບຈັບບັດລະເດັ້ງອອກ ປັບປຸງແດ່ ໂຫລດມາລະໃຊ້ບໍ່ໄດ້,0
saythongສາຍທອງພັດທະນາ,1
ມັກຫລາຍແອັບນີ້,1
ໃຊ້ເປັນແອັບຫລັກ,1
ໄດ້ຮັບປະສົບການໃຫມ່ໆຕະຫຼອດ,1
ມັກຫຼາຍແອບໃຊ້ສະດວກສະບາຍປະຍັດກັບການໃຊ້ຈາ່ຍໂທແບບບໍ່ຈໍາກັດ,1
ໃຫ້ດາວດຽວເດີ,0
ດີກຼາຍ,1
ເຂົ້າບໍ່ໄດ້ແຖມຂື້ນວ່າ root detected,0
ດາວໂຫລດແລ້ວຕິດຕັ້ງບໍ່ໄດ້. ດາວໂຫລດສອງສາມເທື່ອເສຍດາຕ້າຫລ້າໆ,0
ຮັກທີ່ຫນື່ງພິພົດທະນາ,1
ພັດທະນາໃຫ້ມັນຄືປະເທດອື່ນແນ່ ສັນຍານກະກາກ ປັ່ນເນັດຊິເອົາ20mbຍັງບໍ່ໄດ້ ຖ້າຊິຂີ້ຖີປານນີ້ ແລ້ວຊິສ້າງແອັບນີ້ຂື້ນມາເພື່ອອອ ບັກຄວຍ. ສົມຄວນແລ້ວທີ່ເຂົາວ່າ ລາວເຕິຫັ້ນໂຄດປັນຍາອ່ອນກະຈອກວ່ະຢາກຫນີຈາກປະເທດລາວ,0
ຟີລຍອດນີຍົມ,1
ຄືຊິຕາຍນີ່ອັບເດດກະຍັງສົ່ງຂໍ້ຄວາມຍາກພໍຕາຍລິເດີ້ຄັນວ່າງອັບເດດແນ່ເດີ້ຄວາຍມື່ງໂຄດພໍ່ໂຄດແມ່ອັບເດດລະລົບແຊັດລົບຫາພໍ່ມືງຕິການ,0
ບໍ່ຫນ້າຮັກດອກແຕ່ຖ້າໄດ້ຢອກແລ້ວຊິຕິດໃຈ,1
ດີລາຍເດີສີ່ງຢາກໄດ້ໃຊ້ທຸກທີ່ທີ່ເຮົາເຄີຍໃຊ້ມາກ່ອນ,1
ເຫລຶ່ອໃຈແຮງ,1
ໂຫລດແລ້ວເຂົ້າບໍ່ໄດ້,0
ເຮົາຖືກເລກແລ້ວ ເຂົ້າແອັບຯບໍ່ໄດ້ ປິດບັນຊີເຮົາຊ້ໍາ ແອັບນີ້ໂກງອີຫລີ ສະພໍບໍ່ຈະເລີນນໍາຫມູ ແອັບເຮັງສວຍ ແອັບຫມາສ້າງຂື້ນບໍ່ແມ່ນຄົນ ບັກຫນ້າຫມາມຶງ ຫນ້າຫີເອີຍ,0
ສະລວກສະບາຍ ຕັ້ງແຕ່ມີ ສຸກສາລາ,1
ແກ້ໃຂເດເວລາກົດໂພດມັນຊິສະແດງຂືນວ່າການເສືມຕໍ່ລົມແລ້ວແລ້ວມັນກະຫາຍໄປເລີຍບໍ່ໃດເນັດຊໍາ,0
ພໍໃຈ,1
ຄື້ໂພດບໍ່ໄດ້ຂ້ອຍງົງ,0
ກອນທີ່ເຮົາໃຊ້ບໍລິການແອັບຍອມຫລັບຫວາດີມາກເລີຍສໍາຫລັບຂ້ອຍແລ້ວດີທີສຸດ,1
ດີເລືດ,1
ບໍຕ້ອງອັບເດສຫລາຍ,1
ຊັນຊະນະສົມບູນ,1
ຫມັ້ນໃຈສັດເຈນດີ,1
ໃຊ້ງານໄດ້ດີແຕ່ບໍ່ມີໃຜແຊັດນໍາ,1
ອີກື,1
ແລ້ວຈະໃຫ້ອີກດາວ,1
ບາຍດີ,1
ພະໂຖຊໍ້ສວງຈ,1
ສື່ສານໄດ້ວ່ອງໄວ ທັງຂໍ້ມູນ ແລະຂ່າວສານ,1
ຖືກເລກແລ້ວບໍ່ໂອນເງິນໃຫ້,0
ບໍລີການໂຄດຊ້າ,0
ອັບເດດດູໂພດ,1
ດີນາກ,1
ນ້ອງວອນສາວຫຼວງພະບາງ,1
ຢາກຂື້ນແດງ,1
ໃຫ້5ດາວເລີຍ,1
ລົບໂພສ ບໍ່ໄດ້ ສັສ,0
ຍາກແຮງລົງທະບຽນລະບົບ ຕະລິບັນ,0
ໃສບ່ອນທີ່ເຄີຍຢູ່ບ້ານເອງ,1
ຫຼີ້ນໄດ້ດີມາກ,1
ມັນຍອດຍ້ຽມ,1
ທໍາມະຊາດ,1
91900581 ໃຜໄຊ້ລະຫັດແນະນໍານີ້ຂໍໃຫ້ຖືກເລກ6ໂຕເດີ,1
ຍັງຫຼີ້ນ facebook ບໍ່ທັນເປັນເທຶ່ອນະ,1
ດີແທເ,1
ລົງທະບຽນຊັກຊາເສຍເວລາຫຍຸ້ງຍາກຫລາຍກວ່າສິອະນຸມັດ,0
ຖ້າຖືກຈະດີຫລາຍ,1
ອາໄຈ,1
ດີດດີ,1
ໃຊ້ແລ້ວດີດູຫນັງໄດ້ເຕັມທີ,1
ດີຫລາຍ ຈັງສະດວກຕິດຕາມ,1
ຖືກໃຈຫລຍາຍ,1
ອ້າຍເກດນີ້ລະ,1
ເຂົ້າລະບົບບໍ່ໄດ້ກະລຸນາປັບປຸງແດ່ ຂອບໃຈ,0
ຫມັ້ນໃຈ,1
ເຫງົ່າ,1
ຂໍໃຊ້,1
ດີຯ,1
ເປັນແອບທີທັນສະໄຫນທີສຸດສະດວກສະບາຍສໍາກັບທະນາຄານຕິດຕົວສຸດຍອດ,1
ຂອບຄູນ,1
ຕິດຕັ້ງ.ດີແລ້ວ,1
ປ່ຽນລະຫັດແນະນໍາໃຫມ່ແນວໃດ,0
ອາຫານສັ່ງຈັກເທື່ອ ກະບໍ່ຄືໃນຮູບ ແອບຄວຍ ກູສັ່ງມາລະຫາກສິອອກ ແດກບໍ່ໄດ້ ແນະນໍາໃຫ້ກວດເບິ່ງຮ້ານແນ່,0
ເຂົ້າບໍ່ໄດ້ດີແຮງ,0
ຍັງຂາດປະສົບການ,1
ພິລຸດ ເຕະ ນີຂິກເຂ່ແ,1
ໃຫ້5ດາວໄປເລີຍໃຊ້ດີຈິງ,1
ຖທິ້.,1
vivo y93s ບັກເດີ້ແກ້ໄຂດ່ວນ,0
ຮູ້ສຶກວາ່ພໍໃຈໃນການແລ່ນແອັບໂລກາເປັນຢ່າງຍິ່ງ,1
ໂຄດແມ່ມັນຢູ່ດີໆກະເຂົ້າລະຫັດບໍໃດ້,0
ນັກກະວ,1
ໃຊ້ດີ ໃຊ້ງາຍສິບາຍມາກ,1
ສະດວກທັນສະໄຫມຊື້ງ່າຍດ້ວຍຕົວເອງ,1
ຂອ້ຍຄືເອົາເບີໃສ່ລະບໍ່ໄດ້ເຂົາວ່າເກີດຂໍຜິດພາດຊວ່ຍແກ້ໃຂໄຫ້ແນ່,0
ສາມາດເປັນຫມູ່ຍາມເຫງົາໄດ້ໃຊ້ດີໆນັ້ງເລື່ອນຢູ່ຫມົດມື້ຫມົດເວັນບໍ່ໄດ້ເຮັດວຽກເຮັດງານຍ້ອນ,1
ເດັ້ງຕະຫຼອດ,0
ດຽວນີ້ເຕີມເງິນຜ່ານກະບໍ່ໄດ້ຄະແນນແລ້ວ ແກ້ໄຂແນ່,0
ດິກ,1
ມັກໄດ້ດັງໃຈດີ,1
ເຂົ້າກະບໍ່ໄດ້ລະບົບຄັດຄ້ອງວ່າຊັ້ນ,0
ຢາກໃຫ້ປັບປຸງການແຈ້ງເຕືອນ ຊ່ວງຫຼັງມາບໍ່ມີການແຈ້ງເຕືອນເລີຍ ຈົນຕ້ອງໄດ້ກົດເຂົ້າໂປຮແກຼມຈື່ງເຫັນແຈ້ງເຕືອນ,0
"ໃຊ້ງານດີຫຼາຍມີລາຍໄດ້0,5 5 ໃສ່ເລກແນະນໍານີ້ລະລວຍໆ 70718062",1
ເຕີຍໆຜ່ານມາ,1
ເຂົ້ານໍາໄຊ້ຍາກ,0
ປັບປຸງດີໆແນ່ເດີເຂົ້າອີ່ຫຍັງກາບໍ່ໄດ້,0
ຊ່ວຍຍົກສູງຄວາມປອດໄພ,1
ຈັຫມາກ,1
ມັນເຕີມເງີນບໍ່ໄດ້ເປັນຍ້ອຍສາເຫດຫຍັງໂອນພ້ອຍກະບໍາໄດ້ອິກແກ້ດ່ວນ,0
ຢາກໄຫ້ມີຟັງຊັ່ນລູກຜຫຼີ້ນຫຼາຍກ່ວານີ້,1
ໃຊສະດວກ,1
ດີມາກໄສງາຍພັດທະນາຕໍໄປເດີ້,1
ສຸດອດ,1
ແອັບໂຄດກາກຊ້າໂຫລດຫນ້າບັກດົນບໍ່ສົມ my unitel ໄວ້ກວ່ານີ້ຫລາຍ,0
ດີລາຍຂອບໃຈ,1
ຂອບໄຈພຮເຍຊູ້ຄຮິດ,1
ລົງທະບຽນບໍ່ໄດ້ແກ້ໄຂໃຫ້ແດ່.,0
ແບບໃດກົດໄປລະຄ້າງຊື່ໆ,0
ເຮັດຫັຍງບໍ່ໄດ້ແລ້ວ1,0
ເນັດຄືຊ້າແທ້ກາກໂພດ,0
ຂໍໃຫ້ແອັບນີ້ເປັນສ່ວນນື່ງໃນຊີວິດ,1
ແອັບບໍ່ໂອເຄ ຊິເຂົ້າແຕ່ລະເທື່ອຈະໃຫ້ອັບເດດ ເບີ່ງຍາດເງີນທີ່ໂອນມາກະຍາກປັບປຸງແນ່ເດີ,0
ເຈົ້າຄືຄົນສຸດທາຍທີ່ອ້າຍຈະຮັກ,1
ດີທີມີfacebook ເຮັດໃຫ້ຕາເຮົາໄດ້ເປີດກ້ວາງ,1
ສົມລິດ,1
ດີໄວທັນໄຈ,1
ກາກວະຕອນໃດກະທໍາລັງກວດຊອບແຕ່ບໍ່ໄດ້ເອົາໄປເອົາມາລະເຂົ້າບໍ່ໄດ້,0
ໃຊ້ດີຈະ,1
ຕອ້ງການຄນົໂສດ ຍີນດີຕອນຮດ,1
ດີຫລາຍເປັນແອັບທີ່ສະດວກສະບາຍແຖມຍັງໄດ້ດາຕ້າຟີອີກ,1
whatsapp messeger ຢາກໄດ້ວໍແອັດມາສ່ວນຫນູ່ເພືອ,1
ດີແທ້ຕອນນີ້ມີພາສາລາວແລ້ວ,1
ດີອະລີ,1
ອັບເກີນ,0
ໃຊ້ດີສະດວກ ແຕ່ຈື່ສາມຄໍາຖາມບໍ່ໄດ້ລະໂອນເງີນບໍ່ໄດ້ເລີບ,1
ດຽວນີ້ສະປິນວົງລໍມັນບໍ່ໄດ້ແນັດແລ້ວໃຫ້1ດາວໄປກອ່ນ,0
ຈ່ອຍ,1
ກາກແຮງລົງທະບຽງກະບໍ່ໄດ້ສ້າງມາ ເພື່ອ?,0
ຄໍາມະສ່,1
ເບິ່ງຊ່ອງ7ບໍໄດ້55,0
ໄດ້ຮັບເນັດຫຼາຍໃຊ້ງ່າຍ,1
ບ່ມີ,1
ໄດ້ເຮັດໄຫ້ໃກ້ສິດ ໄດ້ເຮັດໄດ້ແຊັດຫາຫມູ່ເພື່ອນ ແລະ ອື່ນຯ,1
ແອັບນີ້ບໍ່ຕ້ອງໂລດເດີມັນໂງລາຍເຮັດຍັງກະບໍ່ໄດ້ແບງປັນເນັດກະບໍ່ໄດ້ບໍ່ຕ້ອງໂລດໃຫ້ເບືອງເນັດເດີ ແລະພາກບອກນໍາຜູ້ສ້າງຫັ້ນສ້າງດີໆເດີຢາສຸໂງລາຍ,0
ຢາກໃຫ້ເປັນພາສາລາວ,1
ຄູໄຈ,1
ດີມາກໆເລີຍເຈົ້າ,1
ເນັດກະຊ້າດຽວນີິແຖມເນັດເບີດໄວອີກ,0
ກາຮທີ່ເອາໄດ້ເບຶ່ງເຝສຕືອ,1
ສຸກກາຍສະບາຍໃຈ,1
ພໍໄດ້ໄຂຢຸ່,1
ຄືດີແຮງ,1
ແອັບຄືສົນຕີນນິ ເອັດເລີກະຍາກ,0
ດີ ຫຼາຍ ແນະນໍາ,1
ໄດ້ຄວາມຮູ້,1
ພໍໄດ້ແກ້ຍາມເນັດຫມົດ,1
ຊູນາ,1
"ຖືກເລກ6ໂຕຮູ15,000 ຍ້ອນແອບນີ້",1
ຍາກຮູ້ວ່າຂົນສົ່ງດວນຫລືຂົນສົ່ງອະທິດກັບໄກ້ໆສີ່ມື້ແລ້ວຍັງບໍ່ທັນເຫັນເຄຶອງໂພດໂພລະເດີພາຂາວຫາຈິນາຍໂມ້ໃຊເວລາເປັນທິດພຸນບໍ,0
ປັບປຸງແອັບໃຫ້ແນ່ເຂົ້າລະບໍ່ໄດ້ ພະຍາຍາມເຂົ້າແອັບແນ່ບໍ່ໄດ້ ທັງທີ່ກະຕິດຕັ້ງແລ້ວຂະເຈົ້າຍັງບອກໃຫ້ຕິດຕັ້ງອີກ,0
ນ້ສຮ,1
ຢາກຮູ້ວຽກ,1
ແອັບກາກຄ້າງບໍ່ເຂົ້າແອບໃຫ້ຈັກເທື່ອ,0
ດີຫມາກເລີຍ,1
ດາວໂຫລດຊາ,1
ໃສ່ບໍ່ໃດ້ໃສ່ລະຫັດລະເດັງອອກ,0
ເບິງແລ້ວດີ,1
ເຍື້ອມ,1
ແອບນີ້ສະດວກຫລາຍ ໃສ່ການວອງໄວທັນ ໃຈ,1
ບໍລີການດີຫຼາຍ,1
ຕ່າ,1
ເກມວົງໂລຫມຸນຖືກແຕ່ບໍ່ໄດ້ດາຕ້າແກ້ໄຂເລຍ,0
ຮັກນ້ອງເທົ່າຟ້າແຕ່ຄາເມຍ,1
ດີຂຶນຫາຍ,1
ດີມາກໆຊອບ,1
ເຮຸມວ້ະຮືແສວເສ,1
ຂໍ່ຂອບໃຈ,1
ດິມາກໃນການໄສ່ງ່ານ,1
ໄຊວອດແອັບ,1
ມີຫາຍລາຍການຂອງສື່ມວນຊົນ ແອັບທີ່ມ່ວນ ທຸກຄວາມສະບາຍຂອງການໃຊ້ແອັບນີ້.,1
ລາວໄດ້ເພາະລາວໃຊ້,1
ກົດລະຫັດໃສ່ແລ້ວແຕ່ກະບໍ່ໄດ້.ສູນໆເດ້ນໍ້,0
ແອັບກະກາກໂພດແຊັດຫາສາວກະບໍ່ຕອບແກ້ໄຂແນ່,0
ຂໍໃຫ້ເຂົ້າໃດ້ເດີ,1
ຂ້ອຍຮັກເຈົ້າຫຼາຍ.ຫຼາຍ,1
ສຶສານງານ,1
ບໍລິການຊ້າຈົນອາຫານເຢັນເຮັດໃຫ້ຮ້ານອາຫານເສີຍຊື່ຫມົດ,0
ກໍດີນະ,1
ໃຫ້ເລີຍຫາດາວ,1
ຊ່ວຍທ່ານທີ່ຈະຕ້ອງເປັນຜູ້ສ້າງຂຶ້ນໃນ,1
ຖືກໄຈ,1
ບໍຄັກພັງເພງຕະຫຼອດບໍໄປບໍມາເລີຍ,0
ດີມາກຢາກໄຫ້ເປັນແບບນີ້ຕະຫລອດໄປ,1
ຫາກເກີນໂອນເງິນກ່ອນຊິໄດ້ແຕ່ລະເທື່ອ,0
ເຈບແລ້ວຈໍາ,1
ໃສງ້າຍ,1
ຕິດບັນຫາໃນຂັ້ນຕອນການລົງທະບຽນ ຖ່າຍວິດີໂອບໍ່ໄດ້,0
ມັນຊືເລກ,1
ດີຫຼາຍ ດີຫຼາຍ,1
ໄຫ້ສີ່ດາວກ່ອນ,1
ເປັນຫຍັງຄືວ່າອັບເດດຕະຫລອດ,0
ທາງສ່ວຍລ,1
ສຸກມີໃຈ,1
ແມນໆເຮົາກໍ້ບໍ່ມີເພງໃນເຟສຄືຫນູ,1
ອືດກວ່າເກົ່າ,0
ເປັນແອບທີ່ສະດວກແລະວ່ອງໄວທັນໃຈ,1
ດີມາກໆຊອບເລີຍ,1
ນ້ອງແຂນ,1
ບຸນເຮືອງ,1
ດີດດີຕີ້,1
ເປັນຍັງໂລດແອບນີບໍໄດ,1
ເຂົ້າແອັບຍາກໂພດຊ່ວງນີ້,0
ຢາກໃຫ້ປັບປຸງ ແຜນທີ່ ໃຫ້ມັນຖືກຕາມທີ່ລູກຄ້າ ສົ່ງໃຫ້ແດ່ ອັນນິ ຂົນມາສົ່ງໃຫ້ເທື່ອໃດບໍ່ຖືກຈັກເທື່ອ ໄດ້ສົ່ງໃຫ້ທາງວັອດແອັບຈຶ່ງຖືກ ລະຈງຂົນສົ່ງມີການມາຮ້າຍລູກຄ້າຄືນອີກວ່າປັກມຸກບໍ່ຖືກ ຊິບໍ່ຖືກຈັ່ງໃດກະປັກຕາມທີ່ຢູ່ຂ້ອຍປົກະຕິ ລະບົບພວກເຈົ້າຫັ້ນຕັ້ງບໍ່ຖືກ,0
ສົ່ງຮູບພາບໄປກະຍາກ ແກ້ໄຂ້ແນ່ ຂອບໃຈ,0
ອາຫານມາສົ່ງໄວຫລາຍ,1
ດີໆມາກກກ,1
ຫຼລີ້ນຢາກ,1
ແອັບໃຊ້ບໍ່ໄດ້ ບໍ່ມີຜູ້ສາວສົ່ງມາຫາເລີຍ ສົ່ງຫາຜູ້ສາວຜູ້ສາວກະບໍ່ຕອບ ໂທຫາກະບໍ່ຮັບ,0
ໃຊ້ດີແຮງຖືກໃຈຂ້ອຍ,1
ປ່ຽນມາເປັນເວີຊັນໃຫມ່ບໍ່ຮູ້ຊິໂຫລດມາເພື່ອຫຍັງ ຢາກໃຫ້ເປັນເວີຊັນເກົ່າເພາະມີຫມຸນວົງລໍ້ເອົາດາຕ້າ,0
ເລ່ນດີຫຼາຍ,1
ກີຍຂາມ້ານ,1
ບໍ່ຫມານສາວ,1
ຕອ້ງກາ,1
ຄັດ,1
ດີເລີຍນະ,1
ພິຮນບລ,1
ການຫລິ້ນເຟສບຸກໄດ້ຮຽນຮູ້ຫລາຍສິງຫລາຍຢາງ ແລະ ມີຄວາມຮູ້ຫລາຍດານອີກດ້ອຍ,1
ໂຮຄັກ,1
ມະລ່ອງກ່ອງແກ່ງແທ້ນໍໃຈອ້າຍ,1
ກາກໂພດ ເອົາເບີ້ທີ່ເຄິຍຕັ້ງຈາກຫນ່ວຍເກົ່າມາໃສ່ຂຽນວ່າລະບົບຂັດຂ້ອງທັ້ງໆທີ່ລະຫັດກະປ້ອນຖືກ ຄວຍ,0
ຈໍາເປັນຕ້ອງໃຊ້ຮູ້ຂ່າວຄາວຕ່າງໆ,1
ບໍ່ມັກໃຫ້ຫຼາຍແອັດໃຫ້ມັນເປືອນພື້ນທີ່ ເຂົ້າໃຈບໍ,0
ດີຫລາຍເປັນທຸກສິ່ງທຸກຢ່າງທີ່ເຮັດໄຫ້ຂ້ອຍໄດ້ພັດທະນາໂຕເອງແລະເຮັດໄຫ້ຄົນຮູ້ຈັກໂຕຕົນຂອງຂ້ອຍ,1
ຂໍ່ໃຫ້ເຟດບຸກມັ້ນຄົງ,1
ຮ່ວຍລົງທາງປື້ມສໍາມະໂນຄົວກະຍັງຫມົດອາຍຸ,0
okດີຫລາຍສະດວກສະບາຍ,1
ສາວບົວ,1
ໃຫ້3ດາວເຂົ້າລະບົບຍາກຕ້ອງໄດ້ກັບມາໃຫ້5ດາວຈຶງພໍໃຈ,1
ມີຄວາມເຂັມແຂງແລະອົດທົນ,1
ບໍ່ເຫັນຮູບພາບ,0
ແອບບັກບໍ ຫຼືວ່າ ແອບບໍ່ທັນສົມບູນ ແກ້ດ່ວນແນ່ເດີ,0
ຄິດ ຮອດເດີ,1
ດີທີສູດ,1
ກາກຕາຍອີຫຼີໃສ່ລະຫັດເປັນສິບເປັນຊາວເທື່ອກະບໍ່ໄດ້ຈັກເປັນຫຍັງລະຫັດກະຖືກລະຍັງບໍ່ເຂົ້າໃຫ້ອີກກາກແທ້ເອົາວ່າ ປັບປຸງແດ່ເດີ້,0
ດີຫຼາຍໆເມືອ່ໄຊ້ແລ້ວ,1
ພະນັກງານເວົ້າມ່ວນດີໆ,1
5ດາວເລີຍ,1
ໃນແອັບຂຽນບອກໄວ້ວ່າເຕີມ10.000ກີບໄດ້10gbແຕ່ພໍເຕີມໄປແລ້ວໄດ້ແຕ່4.76gb,0
ເສຍດາຍຄ່າທໍານຽນໂອນຕ່າງປະນາແພງໄປ,1
ເຊີນເພື່ອນພໍ່ມຶງດຸແທ້ເບິດເຊີນເພື່ອນຟັງເພງພໍ່ເຈົ້າສອນເນາະໂອກາດໄດ້ຢ່າງອື່ນບໍ່ມີເລີຍ,0
ເພື່ອສົນທະນາ,1
ອັດເດດມາໄຫມໆຄືວາຫມຸນບໍ່ໄດ້,0
ແຟນເຮົາເດີຜູ້ສາວ,1
ລາຍການເປີດໃຈໃຫ້ຜູ້ປະກອບອາຊີບຕົ້ນຕໍຄືຜະລິດ,1
ພົວພັນ ເພື່ອນ ເກົ່າ ໄດ້ ດີ ແລະ ເຫັນສິ່ງໃຫມ່ໆໃນສັງຄົມປະຈຸບັນ,1
ຍອດສຸດ,1
ແກ້ໄຂໃຫມ່ໂຄສະນາຂາຍແອັບ,0
ແອບນີ້ໃຊ້ດີຖ້າຖຶກເລກເພີນກາໂອນມາເລີຍ,1
ສໍາລັບທ່ານໃດທີ່ຕ້ອງການຮັບສ່ວນຫຼຸດ5 ຈາກ sokxay all plus ໃຫ້ໃສ່ລະຫັດນີ້ເລີຍ 4776 0657 ເພາະຈະໄດ້ຮັບສ່ວນຫຼຸດທັງທ່ານ ແລະ ເຈົ້າຂອງລະຫັດ.,1
ຄອບຄຸນ,1
ຊອບຫຼາຍພີ່ນ້ອງງ,1
ແຍ່ມາກໆ,0
ນາງຮັກນະ,1
ສະຕໍລີບໍ່ມີເພງ,0
ກະຄັກຢູ່,1
ເຄື່ອງນີ້ໃຊ້ໄດ້ດີມາກທ່າບໍ່ມີເຄື່ອງນີ້ຢູ່ບໍ່ໄດ້,1
ໂອເຄ່.ມັກໄຊແອບນິ້,1
ທ້າວຄໍາຊາຍ,1
ນອ້ງຕອ້ຍ,1
ດີຈ້າ ການຂົນສົ່ງດີ,1
ຊອບຄຸຍກັບເພືອນໆໄດ້ແບບສະດວກສະບາຍ,1
ແອັບດີໃຊ້ງານງ່າຍສໍາສັບຄົນຫລິ້ນໄຫມ່ແນະນໍາໃຫ້ໃສ່ລະຫັດແນະນໍາເດີ 67003673 ເຮັງໆຫມານໆເດີ້,1
ອັບເດດຫມັນກາຍ,0
ເມັງ,1
ຕິກສີບຸນເຮືອງ,1
ຂ້ອຍວ່າມັນດີຈີ່ງ,1
ios ດາວໂຫຼດບໍ່ໄດ້,0
ນົງ່ກູ້ວື ນ້ໍາງາ,1
ໄຊ້ງານໃດ້ດີທາງຊື່ສານດາ້ນການຕິດຕໍ່ແຕ່ລົງເຟດໄປຄົນເບີ່ງເຫັນຫນ້ອຍທັ້ງທີ່ສະຖານະຕັ້ງໃວ້ເປັນສາທາລະນະ,1
ບໍ່ມັກການລົບກວນພວກໂຄສະນາເກມເບື່ອໆໆ,0
ເຮົາເບີ່ງວີດີໂອ ແລະ ຮູບ ຫຼື ສົນທະນາກັນ,1
ຫລີ້ນຍາກຄ້າງດຸ ເຮັດຫຍັງກະບໍ່ໄດ້ແຮງສຶກສາແອບແຮງສັບສົນ ຖ້າຜູ້ສູງອາຍຸໃຊ້ແຮງແລ້ວເລີຍຂະຫນາດໄວລຸ້ນຍັງງົງກັບແອບ,0
ສະດວກໃນການເຂົ້າຫາ,1
ຝາກແດ່ທຸກຄົນ46093640,1
ເລ້ນດີມາກ,1
ໂອນຍາກໆ,0
ຍັງບໍ່ຮູ້ວິທີອືນ່ໆ,1
ຂອບຄຸນພູດຸແລບັນສີ,1
ບອກຄໍາດຽວວ່າເລີດດ,1
ດີງາມໄສໄດດີວອງໄວທັນໃຈ,1
ຂໍ້ຄວາມມີເຊັນເຈີອາດຈະຖືກແຮັກໄດ້ຫຼືບໍ່?,1
ພ່ຈ່າຍບຽນກະເສິ ຮພິຊຈໍາກໍຈໍາຈຸ່ນ,1
ແອ້ບນີ້ດີມາກ,1
ດີ ເຂົ້າໃຈງ່າຍ,1
ແອບນີ້ຊວ່ຍໄດ້ຫຼາຍໆຍ່າງ.,1
ບໍ່ສາມາດເຂົ້າໄດ້ ໃສ່ລະຫັດແລ້ວກະກັບມາຫນ້າເກົ່າແລະໃຫ້ໃສ່ລະຫັດອີກ ຄວນປັບປຸງໃຫ້ໄດ້ຄຸນນະພາບຫລາຍກວ່ານີ້ ແລ້ວຈຶ່ງມາໂຄສະນາ ແກ້ໄຂເດີດ່ວນໆ,0
ອັຟເດດດູ້ເກີນໄປ ອິກຢ່າງໃຊ້ງານຊ້າໆ,0
ເຂົ້າແອັບລະເດັ້ງອອກຢູ່ ຈັກແມ່ນຫຍັງ,0
ດີ ໄຊ້ງ່າຍ,1
ຝືແ,1
ໂຫລດມາແລ້ວເຂົ້າລົງທະບຽນບໍ່ໄດ້,0
ໃຊ້ເປັນຊື່ໄດ້ດີຫລາຍ,1
ດີມາກແລະກະຊອບມາກ,1
ມັກລິນ,1
ຫລິ້ນມວນມີຄວາມສຸກກັບໃຈລາຍຢ່າງເລີຍ,1
ວີກິດວີທະຍະ.ນີ້ອຸຫມົນ,1
ຫລີນໄປຫລີນມາກົດໄລກົດຫົວໃຈກະບໍໃດ້ລະບົບເປັນຫຍັງເຟດນີ້ຫລົບແລ້ວຕັງໄຫມ່ຄືເກົາງືດຫລາຍ,0
ຫຼາຍປີ ໃບ,1
ໄຊ້ງ່າຍ. ວອ່ງໄວທັນໄຈ,1
ແອບໄຊດີລາຍ,1
ທໍາມະຊາດເຊັ່ນເຊັ່ນໃດສິຈະເລິນນໍາເຂົາເຮັດເກມກະແຍ່ແບບວ່າມີແຕ່ຢາກໃຫ້ເຕີມຢາກໃຫ້ຊື້ຊື້ແລ້ວແຫ່ງຫລິ້ນຍັງກະເສຍ,0
ດາວໂຫລດຊ້າ,0
ຊື້ບັດຜ່ານbcelໄດ້ບໍ,1
ເຄື່ອຄ່າຍໂຕເອງແທ້ທໍາມະດໍາບໍ່ມີເນັດຕ້ອງເຂົ້າໄດ້,0
ໂຄດມີບັນຫາ ບໍ່ມີປັນຍາແກ້ ໄອທີລາວໄດ້ສ່ໍານີ້ບໍ ປານນັ້ນລະດົມໃຫ້ປະຊາຊົນໃຊ້,0
ສະດວກໃນຕີຕໍ່ໃຊ້ຂາຍເຄື່ອງ,1
ເພີອຫລີ້ນ,1
ແອັບສົ້ນຕີຫມາ ລົງທະບຽນພໍ່ມຶງຫວະ ກູລົງເອງໃຊ້ເວລາ3 4ຊົ່ວໂມງລະຍັງບໍ່ໄດ້ ແອັບຮູຂີ້ ຢ່າໄປໂຫລດ ຊໍ່າສິປ່ຽນຊື່ຍັງໄດ້ລົງທະບຽນຫລາຍຂັ່ນຕອນ ລະພະນັກງານຕອບແຊັດມຶງຮັນກູກະຢາກເອົາຕີນຢັດຫນ້າມັນເດະ ໃຫ້ແຕ່ກູເບິ່ງຂັ້ນຕອນ ກູກະເບິ່ງລະເດະມັນຄືບໍ່ໄດ້ ຫມາສີ້ແມ່ມຶງ,0
ປະເທດລາວ ເມືອງແລະແຂວງສາລະວັນ ບາ້ນໂພນໃຜ່,1
ສະດວກວອງໄວທັນສະໄຫມ່ສຸດຕ້ອງ digibank ຂອງທະນາຄານລາວຫວຽດ,1
ຈາກດີກາຍເປັນ ຍາກ ບໍ່ວ່າຊິເຂົ້າມາຍຢູນິເທວ ກະຍາກເຂົ້າບໍ່ໄດ້ຕ້ອງໂລດ ລາວແອັບມາໄຊ້ອີກ ເຂົ້າບໍ່ໄດ້ເອົາເບີໂຕໄດມາໄຊ້ກະບໍ່ໄດ້ ຊ່ວຍເຮັດໄຫ້ເຂົ້າງ່າຍໆບໍ່ຍຸ້ງຍາກກັບແອັບອື່ນແນ່ໄດ້ບໍ່,0
ບໍ່ເຫັນຊິໄດ້,0
ນມທີ,1
ຫລີ້ນເກມຊ້າງບໍ່ໄດ້ ບໍ່ຮູ້ວ່າເປັນຫຍັງ ຊ່ວຍແກ້ໄຂ ໃຫ້ແນ່,0
ແອັບດີຫຼາຍ,1
ແອັບມີປັນຫາເງີນເຂົ້າ ເງີນອອກບໍ່ມີການແຈ້ງເຕືອນ,0
ໃຊ້ດີສະດວກວ່ອງໄວ,1
"ຊ້າ,ບໍ່ລື້ນ",0
ດີສຸດຍອດແອບນີ້,1
ຂັວນໃຈ,1
ກິ່ນ,1
ຕັ້ງຕິກຕອກຕັ້ງທຸກຢາງ,0
ເຈົ້າພ່ນໍາຕາ,1
ໄຊ້ງ່າຍໄຫ້5ດາວເລີຍ.ພັດທະນາຕໍ່ໄປນະ,1
ຂໍໃຫ້ມີພາສາລາວພາຍໃນແອັບຯ,1
. ເດີນທໍ່ຊະນະ,1
ດີມາກເລີຍເຫັນແລ້ວໄຊດີແທ້,1
ພະຍາຍາມຢູ,1
ບາງຢ່ງ,1
ກະວ່າແລ້ວ,1
ໃຊ້ດີສຸດຢອດໄປເລີຍ,1
ໂປະຈໍເລາະເລີກ,0
ຮຽນຮູ້ວິທີຕັ້ງຄາ່ແລະໃສ່ຂໍມູນເປັນນັກຮຽນອະນຸບານ.ຖ້າຫາກຜິດພັ້ງເຖິງຈະແມ່ນປະໂຫຍກຫລືຄໍາເວົ້າຜິດໄປໂດບໍ່ໄດ່ເຈດຕະຍອ້ນບໍ່ມີຄວາມຮູ້ແລະປະສົບການມາກອ່ນເພາະສະນົ້ນຂ້າເອງຈຶ່ງໄດ້ຂໍໂທດນໍາທຸກໆຄົນໄວ້ນະໂອກາດນີ້ດວ້ຍ.ຮຽນມາເພື່ອຄວາມເຄົາລົບເປັນກຽດຢ່າສູງ.ຂໍຄອບໄຈໄວ້ລວີງຫນາ້.,1
ທແອສະໄຫນ່1,1
.ບໍ່ດີເລີຍ,0
ໃຂ້ດີ,1
ຊ່າ ໂລ ໂຊ,1
ແອ້ອເຂົ້າບໍ່ໄດ້,0
ກົດເຂົ້າລະຫັດແຕ່ລະເທື່ອມັກເດັ້ງອອກກາຍເປັນຫຼາຍເທື່ອແລ້ວ,0
ຊຸມຊົນ,1
ຂອບໃຈທຸກທ່ານ,1
ໄດ້ຮັບ ປະສົບການດີໆ ເຈົ້າ,1
ດີດີຫລາຍໆ,1
ດີໃຈ ທີ່ໄດ້ຮູ້ຈັກຈາ,1
ຢາກໄດ້mbເພີ່ມ,1
ໃຜກະໄດ້ຊ່ວຍບອກທີ່ ສະມັກຜ່ານທາງຈີເມລ ບໍ່ໄດ້ ຊ່ວຍບອກແດ່ ເຊັງໂວ໊ຍ ສະມັກທາງໃດ ເບີໂທຫລື ເລກບັດບັນຊີ ເຂົ້າໄປແລ້ວ ວ່າແຕ່ລະຫັດຜ່ານບໍ່ຖືກຕ້ອງ,0
ກາກເດັ້ງຕະຫຼອດ,0
ກູປັ່ນໄດ້200ກັບ20ມຶງໄຫ້ແຕ່ກູ20ຂີ້ເຍື່ອ,0
ເບິ່ງmessengerບໍ່ໄດ້ ສໍາຜັດເລື່ອນຂຶ້ນ ເລື່ອນລົງກໍ່ບໍ່ໄດ້,0
ແອບຜີບ້າເຕັ້ນມາຫນ້າເກົ່າຕະຫຼອດ,0
ຂ້ອຍນ້ອຍ,1
ໃຈຜົນການຊອກຫາ,1
"ນຶກວ່າເປັນຮ້ານຄ້າຊື້ຂອງຜ່ານແອັບ, ບໍ່ແມ່ນເລີຍ ມັນເປັນແອັບຝາກຂອງໃຫ້ຮຸ່ງອາລຸນ",0
ເລືອນ້ອຍ,1
"ຍິນດີຕ້ອນຮັບສູ່ຄລິບບອດ gboard, ຂໍ້ຄວາມໃດກໍຕາມທີ່ທ່ານສໍາເນົາຈະຖືກບັນທຶກໄວ້ບ່ອນນີ້.",1
ດີຢ້ຽມ ສະດວກສະບາຍ ວ່ອງໄວ,1
ສາລະຫນ້າຮູ້,1
ຂີ້ກາກເຮັດຮ່າຫຍັງກະບໍ່ໄດ້ ສ້າງແອັບມາເພື່ອ.,0
ມີແຕ່ເດັ້ງອອກ ກາກວະ,0
ເອື້ອຍ ນ້ອຍແບບໃດດີ,1
ໃຊ້ແລ້ວດີແຮງແອັບນີ້,1
ຫລີ້ນແອບ,1
ກໍາລັງໃຊ້ໄດ້ດີກະເລີຍອັບ ເດ ບໍ່ໄດ້,1
ແອປເຂົ້າບໍ່ຄ່ອຍໄດ້ມີປັນຫາຕລອດໄຊ້ຍາກໄຊ້ທໍລະມານ,0
ຂ້ອຍໃສ່ລະຫັດລະກະອີເມວຖືກຫນົດແລ້ວມັນກະບອກວ່າ ລະຫັດ ຫລື ອີເມວບໍ່ຖືກຕ້ອງ ຊວຍແກ້ໄຂແນ່,0
ໃຊ້ດີທັນໃຈວ່ອງໄວ,1
ໄມາ,1
ເປັນຍ້ງແອບຂອ້ຍຫລີນບໍ່ໃດ,1
ຄວາມຮັກ,1
ດີ ສະບາຍ ວ່ອງໄວ,1
ສຸດຍອດfoodpanda,1
ໃຊ້ສະບາຍ,1
ດີທີ່າດແລ້ວ,1
ຕິດຕັ້ງກະບໍ່ໄດ້ຄືວ່າ,0
ຄົນ,1
ສະບາຍດິ,1
ມີປັນຫາບ່ອນວັນເດືອນປີເກີດໃສ່ຖືກແລ້ວຍັງບໍໄດ້,0
ຫາຍບອ່ກ,1
ນາໍ,1
ໄຫ້ດ້ວຍຄວາມເຕັມໃຈ,1
ໄຊໄດ້ດີ ຖືວ່າເປັນແອບທີດີ ຂໍໄຫພັດທະນາຕໍໄປ,1
ສາດ,1
ດີເຫມາະການຊອກຫາເພື່ອນ,1
ແອັບຊ້າໂພດແກ້ໄຂດ່ວນ,0
ອັບເດດແອັບນີ້ບໍ່ໄດ້ເທືອຂໍຄວາມຊ່ວຍເລືອແນ່ຄທ,0
ຟຣີຍອດນິຍົມ,1
ອັບເດດ,1
ແຊ່ບໍ່ໄດ້ທ່ານເອີຍ ກ່ອນຈະເປີດໃຫ້ໃຊ້ບໍລິການເຈົ້າກະທົດລອງໃຊ້ຢູ່ຫວາ?,0
ຊືໂຕກ,1
ໂປຮແກມໃສ່ສວນຕົວຮັບສາຄວາມປອດໄພດ້ອຍ,1
ມັນມັກເກີດບັນຫາ ຊື່ແລະບັນຊີ ກ່ຽວກັບການອັບເດດລະບົບ ຊ່ອຍແກ້ໄຂລະບົບໃຫ້ແດ່ເດີ ຂອບໃຈ,0
ແອັບໂງ່ໆ ໃຊ້ກະຍາກ,0
ແອບນີ້ມີທຸກຢ່າງທີ່ຕ້ອງການ,1
ຄືບໍ່ເຫັນຫວຍໂຊກໄຊຂື້ນທີແອບ,0
ໃຊ້ດີຫຼາຍສະດວກສະບາຍໃຊ້ງ່າຍວ້ອງໄວ້ທັນໃຈ,1
ດີທີສຸດ ດີທີ່ສຸດ,1
ຂ້ອຍຮັກເຈົ້າ ຄົນດ່ງວ,1
ຄັກຫາຍ,1
ຕຈນນໍາກ,1
ລົງທະບຽນ ຊີມ ຍັງມີປັນຫາ ຜ່ານແອປ ນີ້ເດີ ກວດເບີ່ງຄືນໃຫມ່ ຢາກໄຫ້ ທົດລອງ ລົງທະບຽນ ຄັກໆ ກ່ອນວ່າບໍ່ມີຂໍ້ຜິດພາດຫຍັງແທ້ໆ ຈິງເປີດນໍາໃຊ້ແອປ ນີ້,0
ບໍ່ດີປານໃດແລກເງິນກະບາງເທື່ອກະໄດ້ບາງເທື່ອກະບໍ່ໄດ້ຄວນປັບປຸງແນ່ຄັນບໍ່ຢາກໄຫ້ແລກກະເອົາອອກເລີຍ,0
ແອັບສົ້ນຕີນຢ່າໄປໂຫລດເດີ້ມັນຕົວະ,0
ຄວາມຮູ້,1
ແບ້ນກູນິ ເຮັດມາເພື່ອ.,0
ເປີດໃຊ້ໃດ້,1
ນ້າ,1
ຫາລາຍໄດ້ຈາກການດາວໂຫລດແອັບຊືໆ ບໍ່ມີຄວາມພັດທະນາຫຍັງເລີຍລະບົບເທັກໂນໂລຢີຂອງປະເທດລາວ ເສຍດາຍເງິນທີ່ໂຫລດແອັບນີ້,0
ໂທທາງວີດີໂອຍາກ,0
ສະຫມັກບໍ່ໄດ້,0
ໂຄພອນ ແສງມະນີ,1
ຕ້ອງການຫລີ້ນແອັບຯນີ້,1
ມັນເປັນຫຍັງກັບຄອມເມັ້ນເກາະດຽວນີ້ຄືປິດກັ້ນພິລຶກແທະ ຄັນຊິປິດກັ້ນປານນີ້ກະບ໊ອກຖີ້ມດລີຍສາເດະເກີນສະວ່າໂພດໂພສະ ຫຼີ້ນຫຍັງຄອມເມັ້ນຫຍັງກະບໍ່ໄດ້,0
ໄຊ້ງາ່ຍ,1
ເອາໄປ1ດາວກ່ອນ ເພາະໃຊ້ງານໄດ້ແຕ່ເທື່ອທໍາອິດ ຕໍ່ມາລະກົດເຂົ້່າແອປລະກະບໍ່ໄດ້ ມີປັນຫາແບບນີ້ແກ້ໄຂດ່ວນໆ,0
ຕັ້ງຢາກຊາມໃດ້ຊ້າ,0
ອັບເດດໃຫມ່ເບີ່ງຫນັງບໍ່ໄດ້ ແກ້ໄຂໃຫ້ແນ່ ແຕ່ກ່ອນເບີ່ງໄດ້ຟຣີ 1 ມື້ 3 4ເລື່ອງ,0
ໄຫ້ມັນໂລດໄດ້ແດາດູ,1
ດີມີສາລະຫນ້າຮູ້ຫາຼຍຢາ່ງໃຫ້ເຮົາຮູ້ຈັກແລະເຂົ້າໃຈ,1
ບໍ່ສາມາດສ່ງຂໍ້ຄວາມໄດ້,0
ແອບນີດີອີລີເດີ,1
ໄດເດ່,1
ຫລ້າເອີ້ນວ່າ,1
ຂໍໄຈ,1
ສະດວກ.ສບາຍທັນໃຈ,1
ຢ່າປິດກັ້ນຫຼາຍ,1
ຜູ້ ເຂົ້າ,0
ແອັບຖືກໃຈຂ້ອຍ,1
ເປັນແອັບທີຫ່ວຍແລະເຫັນແກ່ໂຕສຸດໆ,0
ອານົງ,1
ດີມັງ,1
ແກັວແກັວ ອໍາພອນ,1
ໄບສີວິໄລ.,1
ຄວາມສຸກບໍ່ມີໃຜຫາໃຫ້ເຮົາສິ່ງທີ່ດີແທ້ໂຕເຮົາຫາເອົາເອງ,1
ໃຊ້ດີ ສະດວກສະບາຍ,1
ເຄ ແປວາ່,1
ສັ່ງແລ້ວໄດ້ຂອງສັ່ງຢ່າງພໍດີ,1
ໃຫ້ໄປເລີຍ. 5 ລາວ.,1
ຊື້ເລີຍງ່າຍສະດວກ,1
ຫວຍແຕກແທ້ໆ,0
ຄືບໍໄຫ້ປັນເຈົ້າແອັບເປັນຫຍັງ,0
ມີປັນຫາຕະຫລອດໂອນເງີນບໍ່ໄດ້ດັ່ງໃຈເລີຍ,0
ມີຄວາມສະດວກສະບາຍຂຶ້ນ,1
ແກ້ໄຂດ້ວນເລຍແອບມີບັນຫາຫລາຍຫຍ່າງພໍກົດເບີໂທໃຊ້ແລ້ວສົ່ງລະຫັດມາແຕ່ບໍ່ມີນ່າຕ່າງໃຫ້ປ່ອນໃຊ້ແມ່ນຫຍັງ,0
ດີຫລາຍແຕ່ມັກຄ້າງດຸ,1
"ຊັດເຈນຈະແຈ້ງດີທຸກສີ່ງ,ທຸກຢ່າງເລີຍ! thank you very much!",1
ສະດວກສະບາຍ ກັບຄົນບໍ່ມີບັນຊີທະນາຄານ,1
ສະບາຍຫຼາຍຢ່າງ,1
ເນກນແ,1
ລະຫັດບໍ່ສົ່ງໄຫ້ ເບີ59809265 ກະລຸນາຕອບ,0
ຮຽນໃຊ້,1
ເຂົ້າແອັບລະເດັ້ງອອກງົງເລີຍ,0
ດີຫຼາຍໃຊ້ງ່າຍທຸກຢ່າງແປະເບີດເລີຍ ພະຍາຍາມພັດທະນາຕໍ່ໄປ,1
ເຂົ້າບໍໄດ້ເລີຍເດີ້.otp ສົ່ງມາຢຶນຢັນຈັກເທື່ອເຂົ້າບໍ່ໄດ້,0
ໄດ້ງ່າຍ,1
ເຂົ້າແອັບຢາກໂພດຫລັງປີໃຫມ່ບໍ່ມີພັດທະນາແດ່ບໍ່ ເນັດຄສາມດີຍັງເຂົ້າບໍ່ໄດ້ ງືດຫລາຍ,0
ດ ໂຄດດີເລີຍ,1
ແອັບອັບເດດບໍ່ໄດ້ເດີແກ້ແນ່,0
ເຕັ່ງ ວ່າ,1
ວ່ອງໄວ ທັນໃຈ,1
ກໍາລັງລໍຖ້າໄຫ້ພະນັກງານກວດສອບບໍ່ມີການດໍາເນີນການໂທລະສັບ ໄດ້99 ລະບໍ່ຍອມໄປໃສມາໃສ ຢູ່ແຕ່ບ່ອນເກົ່າ,0
ຄວາມຈີງຫລິ້ນຍາກ ຍ້ອນສັຍຍານ.,1
ກະນຸນາເຮັດໃຫ້ເຂົ້າໃຈແນ່ອີກນີ້ແມານຫຍັງໃສ່ເບິເລີຍຢູ່ເຂົ້າສູ່ລະບົບກະເທື່ອຕີອານີ້ເຂ້າສາມສີ່ເທື່ອຍັງບໍ່ໄດ້,0
ລາວໆກໍາລັງດີເຂົາໂລກແລ້ວຂອບໃຈ,1
ແອັບຂີ້ກາກ ກະຈອກສ່ໍາກັບເຄືອຂ່າຍ ເຂົ້າແອັບບໍ່ໄດ້ມາເປັນຫຼາຍເດືອນ ບໍ່ເຫັນຊິປັບປຸງ,0
ຕ້ອງການພືທີ,1
ຫລີ້ນຍາກໂທກະຍາກ,0
ໃຊແອບນີດີ,1
ດີຫລາຍສໍາລັບແອັບນີ້,1
ໃຊເພື່ອຊີວິດ,1
ມີເພື່ອນຫລາຍຂື້ນ,1
ຫາກໄດ້ນໍາໃສແລ້ວທ່ານຈະພູມໃຈ,1
ເດັ່ງອອກເສີຍ,0
ກົດເຂົ້າບໍ່ໄດ້,0
ສະດວກໃຊ້ງ່າຍ,1
ສະດວກສະບາຍທັນສະໄຫມ່ໃຊ້ງ່າຍວ່ອງໄວທັນໃຈ,1
ດີຫຼາຍມັກສຸດແລະດີທີ່ສຸດກວ່າແອບອື່ນໆ,1
ບໍຮູ້ຕອນແລ້ວເນີຍ,1
ເປັນການເງີນທີຫມັ້ນຄົງແລະດີທີ່ສຸດໃນລາວ,1
ດີມາກໆເລີຍ,1
ຫ່ວຍແຕກປັບປຸງແນ່ເຂົ້າແອບກ່າຍາກ,0
ໃຫ້2ດາວໄປກ່ອນປະສິດຕິພາບຍັງບໍ່ດິເທົ່າທິ່ຄວນ,0
ເລກອອກເປັນຊົ່ວໂມງລະຍັງເບີ່ງໃບບິນບໍ່ໃດປານນິ ກິນຂີ້ບໍ່ທັນຫມາລະແບບນິ,0
ດີຫາຍຼ,1
ຄືວ່າມັນດີສຸດໆໄປເລີຍ,1
ບໍ່ປິດກັ້ນ,1
ແອບນີ້ດີຫຼາຍ,1
ໃຊ້ສະດວກໃນການສື່ສານ,1
ຊອບມາກກ,1
ນ້ອງສົ້ມ ສາວລາວ,1
ກະດີຫັ້ນລະ,1
ມັກທີ່ສຸດເລີຍ,1
ດີຫລາຍແຈ໋ວ,1
ແອັບຍັງບໍ່ສະຖຽນ,0
ຖີ້ມ,1
ຄວາຍອັບອັບລະໃດ້ລົງທະບຽນໃຫມ່ຫມົດສູ້ສິໄຫ້ອັບຫາຕາຍບໍປ່ຽນພາສາກະບໍໃດເຮັດຫຍັງກະບໍໃດ້ແບບໃດໄຫ້ລຫງທະບຽນໃຫມ່,0
5ດາວໄປເລຍດີລືບໍດີກະຍາລອງເບີງ,1
ໃຊ້ດີມາກແອບນີ້,1
ອ່າລິນ,1
ເນັດ,1
ມີທຸກຢ່າງຍົກເວັ້ນຄົນແຊັດນໍາ55,1
ຮີຍ,1
ສົ່ງລະຫັດotpໄຫໄວໄວແນບາງເທືອກະບໍໄດສໍາເຫັຍລາຍ,0
ໃຊ້ມາດີໆອັບເດດມາປຶບໃຊ້ຢາກກ່ອນເກົ່າແບບນີ້ລະລາວບໍ່ພັດທະນາ,0
ແກ້ໄຂນ່ອຍໄດ້ບໍ່ຫມຸນກາງເວັນກະບໍ່ໄດ້ເນັດຈັກເທືອ,0
ໃຊ້ດີທີ່ສຸດ,1
ແກ້ໄຂແນ່ເຕີມເນັດບໍ່ເຂົ້າຕັດເງິນອີກ ເນັດເຂົ້າຊ້າບາງທີ5 10ນາທີ,0
ດີມາກຈຮ້າ,1
ຂໍນໍາລະ ຢູ່ລາວຂໍໃຫ້ມີການຍົກເລີກອໍເດີແດ່ ກໍລະນີສັງ1 2ຊົ່ວໂມງຍັງບໍ່ໄດ້ ບໍ່ມີຄົນໄປຮັບອໍເດີ ມີກາຍົກເລິກແນ່ ອັ່ນນີ້ລໍຖ້າຈົນຊິຕາຍບອກແຕ່ວ່າມີອໍເດີຊ້ອນ ແລ້ວຊິຮັບເພືາອນຫຍັງຂໍຖາມອັ່ນຊ້ອນ ຈົນເປັນ1 2ຊົ່ວໂມງຍັງບໍ່ມາຮອດ ສູນນ,0
ສຸດຍອດ ມີຄົບເຄື່ອງ,1
ຄັກໆຂອ້ຍມັກທີ່ສຸດປອບລາວນີ້,1
ເລີດມາກກດ,1
ອະໄລຄັບເ ນ່ຍ,1
ແສງເດຶອນ,1
ປານ້ອນ,1
ຕ້ອງການສົນທະນາ,1
ຢຶນຢັນ,1
ດີນະ ອັບເດດວັນທີ່2 8 23,1
ໃຊ້ດີ ວ່ອງໄວ ອັບເດດໃຫມ່ຕະຫລອດ ມັກ,1
ດີດີດີ,1
ຄົນໃນແອປນີ້ນະຕົວະແຕ່ກູ່ບັກຮ່າເອີ້ຍ,1
ເອົາຫາດາວຫມົດເລີຍ,1
ເມື່ອກອ່ນສົ່ງຂໍ້ຄວາມຫາເບີຕັ້ງໂຕະໄດ້ຕອນນີ້ສົ່ງບໍ່ໄດ້,0
ປັບປູງແນ່ ໄຫ້ໄດ້ເນັດແນ່ ຖືກແຕ່ໂພດກັບເພງ ຄືເຫ້ຍນິ ຄວາຍ,0
ຣຽນໃຫມ່,1
ຂ້ອຍບໍ່ເຂົ້າໃຈ,1
ສະດວກດີນະ,1
ເຂົ້າຮອດບໍໃດ້ສໍາແອັບນິ,0
ເຂົ້າແອັບຍາກໂຫລດມາ3ເທື່ຶອຍັງໃຊ້ບໍ່ໄດ້,0
ພດິ ນນ້,1
ເປີດເຟດ,1
ໄຊ້ດີໆຫລາຍ,1
ມີບ່ອນຊໍາລະເງິນກູ້ໄດ້ດ້ວຍຕົນເອງ ຈະສຸດຍອດເລີຍເດີ້,1
ຫນັງເສັກທົວໂລກ,1
ພັງສຽງບໍໄດ້,0
ດແລ້ວ,1
ຂໍ້ຕັ້ງເຟສໄຫ່ມ,1
ຫລ້າຊ້າຫລາຍຄວນປັບປຸງໃຫ່ມເຂົ້າເຕີມເງິນແຕ່ວານີ້ຫມຸນຕິວໆມາເຂົ້າມື້ນີ້ກະຍັງຫມຸນ,0
ຄວາມຂຽດແຄ່ມບໍ່ແມ່ນສັດຕູ່,1
ເຫມີອນເດີມ,1
ຄັກ.ຫລາຍ,1
ຫມັ້ນໃຈ.ວ່ອງໄວ.ປອດໄພໄປກັບ bcel one,1
ມັກເຮັ່ງໆ,1
ໂຫຼດແລ້ວແຕ່ບໍ່ໄດ້ຮັບດາຕ້າ,0
ແອັບມັກມີບັນຫາຕອນທີ່ຄົນອື່ນໂອນເງີນເຂົ້າລະບໍ່ເຫັນບິນແຈ້ງເຕືອນເຮັດໃຫ້ມີປັນຫາກັນ,0
ຕັ້ງແທ້ວ່າ ລົງທະປຽນຍາກຣາຍ,0
ຊືແຄຢູ່ບ້ານນໍາລາວເມືອງວຽງຄໍາແຂວງລວງພະບາງອາຍຸ19,1
ດີ ຄັກ ມັກ,1
ຂອບໃຈຫລາຍເດີ,1
ແມ່.ວົງດາວັນມີລິດ,1
ບໍ່ສົ່ງລະຫັດມາໃຫ້ ກາກສຸດໆ,0
ຫລິ້ນເກມຮັບໂຊກບໍໄດ້ເລີຍ.ບອກວ່າມີບັນຫາເຊື່ອມຕໍ່ອີນເຕີເນັດ.ປັບປຸງແນ່,0
ເດັກຄົນຈົນ,1
ໄວກ່ວານີ້,1
ຄໍາຫຼ້າ,1
ເຂົ້າບໍ່ໄດ້ແລ້ວມື້ນິ ເປັນຫນ້າຈໍດໍາຫມົດເລີຍ ປັບປຸງແດ່,0
ໃຊ້ງານບໍ່ດີເລີຍຫລິ້ນຫຍັງກະຍາກ,0
ລອ໋ກອິນຍາກແຕ່ຖ້າລອ໋ກອິນໄດ້ກະໃຊ້ປົກກະຕິ,0
ໂອເຄຢູ່ສໍາລັບຂ້ອຍແກ້ໄຂ້ໄດ້555,1
ລວມໆແລ້ວແອບນີ້ດີຫມົດແຕ່ເບິ່ງລາຍການtvບໍ່ໄດ້ຊ່ວຍແກ້ແນ່ຊິໃຫ້5ດາວ,1
ຫ່າດາວ,1
ດິມາກໃນການຊົນທານາກັນ,1
ເປາ,1
ໄດ່ດີ,1
ເຮັດເປັນເກມລິ້ນເອົາດາຕ້າແນ່,1
ກູດ .,1
ເກດແກ້ວ,1
"ຢາກໃຫ້ມີແພັກເກັດເສີມ netflix, tiktok, whatsapp , pubg ແລະ ເກມອື່ນໆ",1
ໃຊ້ບັນຊີພັດທະນາລາວນີ້ບໍ່ຄ່ວຍສະດ່ວນ,0
ນິ.ປືແພໄຊ,1
ເຂົ້າຫຍັງກະບໍ່ໄດ້ ເດັ້ງອອກເລີຍ,0
ພູດຄັງ,1
ເຄີຍພໍເຫດການແບບນີ້ຫລາຍ,1
ນ້ອງພຸດແບບໄດ້,1
ຕິດຕັ້ງຄືບໍ່ໄດ້ນະ,0
ແອັບຊ້າຫຼາຍເດີ້ ປັບປຸງດ່ວນ,0
ຊໍາລະເງິນຄືບໍ່ໄດ້ລະຊື້ເລກຊິຈ່າຍເງິນກະບໍ່ໄດ້ ປິດລະບໍແອັບນີ້ຫັນ,0
ຄ່າຂອງຄົນ ຢູ່ທີ່ຜົນຂອງການ,1
ຂ້ອບຢາກລົງທະບຽນເບີໂທລະສັບ,1
83305977 ໃສ່ແລ້ວລວຍຖືກຫ້ວຍທຸກງວດ,1
ເຮັດໃຫ້ໃຊ້ງານງ່າຍຂຶ້ນ,1
ດີແລວດີມາກໆ,1
ໂລດເຟດບຸກລົງບົນມືຖື,1
ເຂົ້າແອັບລະອອກບໍ່ໄດ້ເລີຍ,0
ໃຊ້ຈ່າຍງ່າຍໆດີຫລາຍພັດທະນາຕໍ່ໄປເດີ,1
ຍັງຈະໄດ້ສຶກສາເພິ່ມເດີ,1
ແອັບເປັນຫຍັງຄືບໍ່ເຫັນຫຍັງເລີຍເວລາເຂົ້າໄປລົບໂຫລດໄຫມ່ຕະຫລອດ,0
ໃຊດີແຮງ,1
ງາມໄວຫລາຍ,1
ດີຫຼາຍ ແຕ່ມັກອັບເດດຕະຫຼອດ,1
ກູດຈອບ,1
ໃຫ້ໂຫລດມາຫາແມ່ມືງບໍ່ ຕັ້ງແອັບບໍ່ໄດ້,0
ແອປນີ້ດີຫຼາຍ,1
ຄົນດຽວ,1
ບໍ່ສົ່ງຂໍ້ຄວາມ otp ໃຫ້,0
ສະດວກສະບາຍເຂົ້າ,1
ປີ້,1
ກາກເຂົ້າະບົບເທື່ອໄດ້ເທື່ອບ່ໄດ້ຢູ່,0
ຊື້ນຊອບ,1
ຍາອັບດຽດດຸຫລາຍໄອສັດ,1
ແຕ່ກ່ອນໃຊ້ງານດີ ດຽວນີ້ເຂົ້າໃຊ້ງານບໍ່ໄດ້ຫ່ວຍແຕກ,0
ວິມັງສາຄໍາສອນເກຈິອະລິຍະສົງ,1
ມັນບໍ່ໃດ້ໃສເບີຖືກລະກະຍັງວ່າຜິດ,0
1ດາວກະພໍ,0
ຄອບໃຈເດີ,1
ຢາກຕັດກະຕັດໂລດຕິດຕັ້ງແອັບມາ3 4ເທື່ອແລ້ວລົງທະບຽນກະບໍໄດ້ສ້າງແອັບມາເພື່ອຫຍັງ?,0
ບູນມີ,1
ບອກວ່າລົງທະບຽນ 100 ເບິ່ງຢູທູປໄດ້3ວັນເຫັນຊິເບິ່ງໄດ້ ຄວຍຍ,0
ໃຊ້ງານສະດວກສະບາຍ,1
ດີຫລາຍ good,1
ໂຫຼດມາແລ້ວເປີດແອັບມັນແຈ້ງເຕື່ອນວ່າແອັບຍຸດທໍາງານແລ້ວແກ້ໄຂແນວໃດບອກແດ່,0
ຕະຫລົກ,1
ເຈົ້າຜະລິດດີຫຼາຍ,1
ປັ້ບ10,1
ບັດສ່ວນຫຼຸດໃຊ້ໄດແຕ່ລູກຄ້າໃຫມ ຂໍໃຫ້ປ່ຽນເດີໂຕນີ້,0
ໂຫຼດແອັບບໍ່ໄດ້,0
ດີຫລາຍຂ້ອຍມັກຫລາຍ,1
ແອບກາກແທ້,0
ດີອະຫຼີຕ້ອງ,1
ກູລຶບມັນໄປແລ້ວເດ່,1
ຫລີ້ນເຟສບຸກໄດ້ຫາຍປີແລ້ວຮູ້ສຶກໄດ້ຄວາມຮູ້ຫລາຍຢ່າງຈາກເຟສແລະມີຫລາຍໆຢ້າງທີ່ໄດ້ຮຽນຮູ້ມາຂອບໃຈທ່ານທີາສ້າງເຟສບຸກເດີ້,1
ສ່ງໄວອາຫານແຊບ,1
ແມ່ຂ້ອຍມັກເບິ່ງຫຼາຍ,1
ໃຊ້ແລ້ວມັນຄັກ,1
ດີເລີຍເດີ.,1
ໃຊ້ດີເລີຍແຫລະແອບນີ້ນະ,1
ອຸບາດ ໂຫລດມາແລ້ວໃຊ້ບໍ່ໄດ້,0
ກ້ານເຟດປູກ,0
ດີມາກມາກ,1
ຊາບໍ່ໄວ,0
12 ໃຊ້ດີມາດ,1
ເລກຂະຢະຖຶກແລ້ວບໍ່ໄດ້ເງິນ,0
ແອັນ,1
ແໆຜມິ້,1
ປະເທລາວາ,1
ແອບໂຄດກາກຄ້າງຕະຫຼອດ,0
ວຽງໄຊ,1
ລົງທະບຽນແລ້ວເທື່ອ1 ດົນໆໄປຕອ້ງກັບມາລົງທະບຽນອີກ,0
ແອັບນີ້ໃຊ້ຄັກຫລາຍ,1
ດີມາກເລີຍຂັບ,1
ລົງທະບຽນບໍ່ໄດ້,0
ເປັນຫຍັງກະດໍ້ເກາະ ເຂົ້າກະຍາກໂຫລດເປັນທິດກະເຂົ້າບໍ່ໄດ້ ບາດເຂົ້າໄດ້ໃສ່ເບີໃສ່ຫຍັງພັດເດັ້ງອອກ ປັບປຸງແນ່,0
ຢາກໄຊ້ເຟັດທີວອ່ງໃວ,1
ຄົນສຸດທ້າຍຂອງຊີວິດ,1
ສິອັບເດດມາເຮັດຫຍັງເດໃຊ້ຫຍັງກໍບໍ່ໄດ້ເນັດຟີກະບໍ່ແຈກ,0
ສະດວນສະບາຍທີມີການຂົນພີເສດແບບນີ,1
ລົງທະບຽນໂຄດຍາກຖ່າຍໄກພັດມົວຖ່າຍໃກ້ພັດບໍ່ເຫັນເບິດກາກ,0
ແຍ່ມາກສະແກນບໍ່ໄດ້,0
ດີຫຼາຍແອັບນີ້,1
ຫລີ້ນຍາກບໍ່ໂພດບໍ່ສະນັບສະຫນຸນຄືຍັງ,0
facebook ຖຸກໃຈໃຫ້ກົດລາຍ ມີໃຈໃຫ້ກົດເລີຟ,1
ໃຫແລ້ວ,1
ໃຊ້ງານໄດ້ດີແຕ່ວ່າ ເວລາຝາກເຄື່ອງບໍ່ວ່າຢູ່ໃກ້ຫຼືໄກກໍ່ໃຊ້ເວລາດົນບໍ່ຕ່າງກັນເລີຍ ຂະຫນາດນະຄອນຫຼວງຕໍ່ນະຄອນຫຼວງຍັງຊ້າ ຝາກວັນທີ່1ຈົນຮອດວັນທີ່3ກໍ່ຍັງບໍ່ຮອດ ຢາກໃຫ້ແກ້ໄຂຈຸດນີ້ແດ່ເພາະໃຊ້ເວລາດົນເກີນ,1
ຂໍໃຫ້ມີເວບຊັ້ນດີໆຕໍ່ໃປເດີ,1
ແຊບແລ້ວເດີ້,1
ຫລາຍຍາງດີ ຂໍເສຍມີແຕ່ຫັກເງີນໄປແລ້ວເບີງວີດີໂອບໍ່ໄດ້,1
ອັດແອັບກໍ່ບໍ່ໃດ້,0
ໄຫ່ຍແລ້ວຢູ່ໃສກະໄດ້,1
ໃຊ້ງານໄດ້ດີຢ້ຽມ,1
ດີມ້າກ,1
ອີສານ ຮ້ານອາຫານ ດາຣູຊາລາມ,1
ໃຊ້ປະໂຍດໃດ້ດີຫລາຍທຸກຄົນມີຫລາຍພັງຊັ່ນໃຊ້ເລື່ອກໃຊ້ນໍາ,1
ດີໆທທ,1
ໂອຍ ມັນຄືໃຊ້ຍາກແທ້ ຂື້ນທະບຽນເບີກະບໍໄດ້ ງົງ,0
ຮັກແຟນ,1
ຂບົດ ງ,1
ແອັບກາກໆຖອນເງິນອອກບໍ່ໄດ້,0
onepalyສະແກນບໍ່ໄດ້ແກ້ໄຂແນວໃດເປັນນໍາໂທລະສັບເຮົາບໍ,0
ໄຫມ,1
ເຂົ້າບໍໄດ້ແກ້ດວ່ນນ,0
ແອັບເຂົ້າກະບໍ່ໄດ້ປັບປຸງແນ່,0
ຫນັງ,1
ໃຊ້ງານງ່າຍ ຮູບພາບມີຄຸນນະພາບແຈ້ງດີ,1
ສະບາຍບໍ່ຕ້ອງໃສ່ເງີນໃນກະເປົາ,1
ແອັຟໃຊ້ດີມີຄວາມສຸກ,1
ແອັບໂຄດກາກ ໃຊ້ແທນ myunitel ບໍ່ໄດ້ເລີຍ ໂຄດລໍາຄານ,0
ອັບເດດໃຫມ່ວົງລໍກະຫມຸນບໍ່ໄດ້ເນັດ1 gກະບໍ່ໄດ້ອີກ,0
ຮັກສຸດ,1
ຄິດຮອດ,1
ງາຍ,1
ຄວາມໄວສຸດຍອດ,1
ເຂົ້າກະບໍ່ໄດ້,0
ບໍ່ມັກ,0
ໂຊເຟີ ແສນດີ ມະນີຟາທອ້ງທງວ,1
ພະຄຸນ,1
ດວງຕາ,1
ໃຊ້ດີຫຼາຍອແບບນີ້,1
ນາງນໍ້າມອ໋ກ 7890,1
ບໍ່ມີວົງລໍ້ແຈກດາຕ້າ,0
ຄໍາວ່າຮັກໄມມີຈິນ,1
ເລ່ນຫັຍງກະບໍ່ໄດ້,0
ພັດທະນາໃຫ້ໂອນຝາກປະຈໍາໄດ້ແດເດີ,1
ດີທີໆ,1
ເປັນຫຍັງຄືລົງທະບຽນບໍ່ໄດເຮົາເຄີຍຕິດຕັ້ງແລ້ວແລະເຮົາກະທອນການຕິດຕັ້ງແລ້ວແລະເຮົາຢາກຕິດຕັ້ງອີກຄືວ່າບໍ່ໄດອະທິບາຍໃຫ້ແນ່ເດີ,0
ປະສົບການໃນການໃຊ້ໄດ້ດີສດວກ.,1
ຈັນຄາໍ,1
ບືດ1ເຂົ້າໃດ້ ບືດ1ເຂົ້າບໍ່ໃດ້ມັກຈະສະແດງຂຶ້ນວ່າກວດສອບສັນຍາຍອີນເຕີເນັດ ຫລີ້ນອັນອື່ນເນັດບັກໄວໆ ແກ້ໄຂໃຫ້ແນ່ໂອຍ ເຂົ້າຫັຍງກະບໍ່ໃດ້ບາດນິ ຂ້ອຍລະງຶດຫລາຍສິໃຊ້ວຽກກະບໍ່ເປັນຕາໃດ້ໃຊ້ດອກແບບນິ ອິນເຕີເນັດບໍ່ໃດ້ວ່າຊັ່ນງຶດແຮງ ຟ້າວກະບໍ່ເປັນຟ້າວເນາະ,0
ດີຫຼາຍມີຂໍ້ມູນຂ່າວສານອັນທີ່ຖືກຕ້ອງແລະບໍ່ຖືກຕ້ອງ ສະນັ້ນ ທຸກຄົນຕ້ອງມີສະຕີໃນການບໍລິໂພກຂ່າວສານ,1
ລະບົບມີປັນຫສຕະຫລອດ ແອັດ ຫ ມັນນີ້,0
ຖຟຢໂຍຕຈຈ,0
ມັນເດັ້ງອອກສິໂອນເງິນນິນະແຂ້ໄຂແດ່,0
ເຂົ້າເຖິງໄດ້ສະບາຍ,1
ພີຍບໃ,1
ດີໄຫຼ້າຍ,1
ບໍ່ມີການແຈ້ງເຕື່ອນເງີນເຂົ້າອອກ ຖ້າຍາກໃຫ້ເຕື່ອນຕ້ອງໄດ້ຕັ້ງຕ່າງຫາກເສຍເງີນອີກ5.000 ເກັບຫລາຍກວ່າທະນາຄານອື່ນ,0
ຂໍລະຫັດ otp ຊິລົງທະບຽນຍັງບໍສົ່ງມາ ເຂົ້າກະບໍ່ໄດ້ ເດັ້ງອອກຄືນ ຄວາມກາກ ປັບປຸງແດ່ເດີ ບໍ່ສົມກັບໂຄສະນາໃຫ້ໂຫລດມາ,0
ດີດີ ເປັນ app ທີ່ດີ,1
ເຈົ້າຍັງຮັກເຂົາແລະຄິດຮອດເຂົາຢູ່ຕະຫລອດ,1
ຂໍ່ອາໄພທາງສຸດໂທວະສັບເສ່ຍແລ້ວໃຫມ່ຂໍແກ້ໄຂເດ,1
ເຂົ້າແອັບບໍ່ໄດ້ມັນບອກວ່າບໍ່ສາມາດເຊື່ອມຕ່ໍທັ້ງໆທີ່ເງິນອິນເຕີເນັດເຮົາກະມີປັບປຸງດ່ວນໆໆ,0
ໃຊ້ງານຍາກ ຈະຈ່າຍຫຍັງແຕ່ລະເທື່ອຕ້ອງກົດເຂົ້າ5 6ເທື່ອຈື່ງໄດ້ຄວນມີວິທີແກ້ໄຂໃຫ້ມັນສະດວກກວ່ານີ້ແດ່ເລີ່ມລໍາຄານແລ້ວ,0
ແອັບເງ່ຍອັນນີ້ຫມຸນວົງລໍ້ກະບໍ່ໄດ້,0
ມັກຄ້າງເກີນ,1
ສົມຈິດ,1
ຢາກໄດ້ເຟສເກົ່າ,1
ດີມາກແອັບນີ້,1
ເຂົ້າບ່ອນສັ່ງອາຫານບໍ່ໄດ້,0
ບອກວິທີການເຊື່ອມຕໍ່ກັບບັນຊີທະນາຄານແນ່ເຈົ້າຫາກະເລີ່ມໃຊ້ຍັງບໍ່ຮູ້ວິທີເຮັດ,0
ວອດແອບນີ້ຊວ່ຍຊື່ສານໄດ້ທັນໃຈ,1
ຮັກຈົນໄມຮູຕົວ,1
ສົ່ງລະຫັດotpຊ້າໂພດຖ້າເປັນ10 20ນາທີ ສອງດາວພໍ,0
ໃຊ້ດີມາກເລີຍຊະ,1
ດີສົ່ງເພງໃຫ້ກັນໄດ້55,1
ມັນຊວຍໃຫ້ເຮົາຮູ້,1
ບາງທີເຂົ້າແລ້ວເດັ້ງອອກຕ້ອງໄດ້ລົບແລ້ວໂຫຼດໃຫມ່ທຸກຄັ້ງ,0
ແບ່ງ ຄົງຍະແສນ,1
ໂທດໆ,1
ບັກ ເພຶ່ອນ ສາຍກວນ,1
ດີດີໄຫ້5ດາວໄປເລີຍ,1
ຕັ້ງດ້ວຍຕົນເອງບໍ່ໄດ້ເລີຍ,0
ດີສົມຄວນ,1
ດີແຕ່ຂໍໃຫ້ມີຮ້ານຄ້າເປິດດຶກໆແນ່,1
ເປັນຫຍັງຖາມແທ້ສໍາ9.650 ຄືໂອນບໍ່ໄດ້?,0
ລອງໃຊ້ເບີ່ງກ່ອນດີແທ້ບໍ່,1
ສຸດຢອດຫລາຍ,1
ແອປກາກກູ ເຂົ້າບໍ່ໄດ້ ແອບເຕີມເງີນທີ່ກູເຕີມເງີນບໍ່ໄດ້ແຄ່ນີ້ກໍອະທິບາຍໄດ້ແລ້ວວ່າແອບບມຶງແມ້ງກາກ ແຖມເນັດມຶງກະຊ້າ ແຄ່ນີ້ແຫລະ,0
ບໍ່ຮູ້ຊິວ່າຈັ່ງໃດຄືມັນດີແຮງໂທແຊດອິຫຍັງຄືດີຫລາຍບໍ່ເຫງົາພ້ອມເຮັດໃຫ້ດີຕໍ່ໄປເດີ້,1
ໃຫ້ຄາວມ6 ທັງຫມົດ ສໍາລັບ ການ ທີ່ ຈະ ໄດ້ ຈັດ,1
ຫລີ້ນດີມ່ວນແຕ່ມີຂໍຟິດພາດຫລາຍຢ່າງສໍາລັບຂ້ອຍຄົນອື່ນຂ້ອຍກະບໍ່ວ່າເປັນຫລືບໍ,1
ມັກສຸດໄຊ້ງ່າຍສະດວກສະບາຍມັກທີ່ສຸດຄືມີປະຕິຖິນບອກມື້ວັນສິນວັນພຮະແລະເທດສະການຕ່າງໆພັດທະນາຕໍ່ໄປເດີ,1
ນ ອາຫລີງ ສຸວັນນະເສນ,1
ຊວຍປັບປຸງໄຫ້ດີຂື້ນແດ່ຂອບໃຈ.,1
ສະດວກຫລາຍຂຶ້ນ,1
ສວຍມາກ,1
ລົງທະບຽນບໍ່ໄດ້ແອັບເດັ້ງອອກຫາວິທີແກ້ໃຫ້ແນ່,0
ດາວ,0
ທັນ,1
ໂສດອີກຄັງ,1
ເປັນຊ່ອງທາງຫມື່ງທີ່ດວກສະບາຍ,1
ບັນຊີຖືກລ໋ອກແຕ່ບໍ່ບອກວີທີແກ້,0
ໃຊ້ປະຈໍາວັນ,1
ໃຊ້ມາຫຼາຍປີຖືວ່າດີຫຼາຍ ສູ້ໆຕໍ່ໄປ,1
ເອົາລະບົບລົງທະບຽນໃບຫນ້າອອກສາ,0
ຊຶສານໄດ້,1
ຍິງອັບເກຣດຍິງໂງ່ຂະຫນາດແຊັດສົນທະນາຫາຫມູ່ຍັງບໍໄດ້ແລ້ວ,0
ບໍລິການຫ່ວຍແຕກໂຊດພີ້ເອີ້ນ10ເທືອຍົກເລີກ10ເອົາ1ດາວພໍ,0
ແອບນີ້ຊື້ເລກຖືກ ແຕ່ບໍ່ໂອນເງິນເຂົ້າບັນຊີ ເບື່ອຈິງໆເລີຍ,0
ອັບເດດແລ້ວເຂົ້າເວບບໍ່ໄດ້,0
ໃຊ້ດີທີສຸດ,1
ຕັ້ງຍາກສ້າງມາຫາພໍ່ມຶງວ່າຕັ້ງຍາກປານນີ້,0
ເປັນອແອບທີ່ມີຄຸນນະພາບ ແລະ ເປັນເວີສັນທີ່ສະແດງສີສັນຂອງຄົນລາວ,1
ເພສ,1
ມັກແຮງສະດວກສະບາຍບໍ່ຈໍາເປັນຕອ້ງໄປທະນາຄານ,1
ແອັບເຫ້ຍອີຫຍັງວ່າແອັບລົງທະບຽນໂດຍຕົນເອງວ່າສະດວກສະບາຍ ສະບາຍຂີ້ຍັງປ້ອນຂໍ້ມູນຄົບທວນແຕ່ລະຫັດບໍ່ສົ່ງມາ ເຊົາເຮັດເດີອາຍປະເທດອຶ່ີນເຂົາ ກະຈອກເກີນເອົາງ່າຍໆ,0
ໄຊດີິີມາກ,1
ແອບນິດີລາຍໄຊໄດປະໂຫຍດເດີທຸກຄົນ,1
ສົງຄືນໃຫ້ສະ,1
ບໍ່ດີຊໍາຂະຫນາດເຮົາລືມລະຫັດຍັງລັອກບໍ່ໃຫ້ເຮົາເຂົາຫິ້ຼນເລີຍບໍ່ມີວັນປົດລັອກໃຫ້ເຮົາອີເລີຍ ເຮົາບໍ່ສາມາດເຂົາຫິຼ້ນອີກເລີຍ,0
ມີບັນຫາໃນເວລາໃຊ້,0
ໃຫ້ອັບເດດຕະຫລອດ ຫາກະອັບໄປກັບມາເຂົ້າເຕືອນໄຫ້ໄປອັບເດດອີກແລ້ວ. ມີສິ່ງດຽວນີ້ແຫລະ ທີ່ເຫລືອດີຫລາຍ,0
ດີເດັນ,1
ພຸດດີ,1
ດີມາກເລີຍຄະ,1
ໃຊ້ມີປະໂຍດສະດວກສະງ່າຍຂື້ນ.,1
ເຟສບຸກເປັນຄວາຍຫຍັງອີກ ເຂົ້າບໍໄດ້,0
ແອັບຫົວຄວາຍ ແອັບສົ້ນຕີນ ໄສ່ລະຫັດtopຖືກລະຍັງວ່າບໍ່ຖືກບໍ່ຮູ້ພໍ່ມຶງຕາຍແອັບພໍ່ມັນຫຍັງຫວະເຮັດມາໂຄດເຫ້ຍ ສົ່ງລະຫັດກະຊ້າແອັບກາກປິດການໄຊ້ໄປຊະ ລາຍງານແອັບໂກງເງິນ,0
ໃຊ້ດີມີຄົບຈົບທຸລະກໍາທຸກຍ່າງ,1
ໃຊດີແທ້ເດີ,1
ໃຊ້ດີສູດໆເລີຍ,1
ຄໍາ ໄມ,1
ປ່ຽນຊື່ກະບໍ່ໄດ້ຄວາຍເອີ້ຍ,0
ເບຍ .,1
ມັກແບບນີ່ທີສຸດ,1
ແອບນີ້ມີປະໂຫຍດຫຼາຍສຸດ,1
ອັນນີ້ກະໃຊ້ດີເບີ່ງແລ່ວບໍງຸດງິດ,1
ດາວໂລດແອບນີ້ບໍ່ໄດ້ເລີຍດາວໂລດຄວາມຍາກ,0
ແກ້ໄຂ້ແນ່ເຊີນຫມູ່ຕິດຕັ້ງບໍ່ໄດ້,0
ບໍໄຫ້ດາວດອກແບບນີ້ບໍ່ມີວົງລໍຫມູນເງິນ,0
ປັງປຸງໄປເລື້ອຍໆ,1
ສະດວກສະບາຍໃນການສື່ສານງານ,1
ອັບເດດດຸໂພດເຂົ້າກະຍາກໆ ຖ້າອັບເດດແລ້ວດີຂື້ນກະໄຄແດ່ແຕ່ນີ້ອັບເດດບາດໃດ໋ເຂົ້າແອປໂຄດຍາກ,0
ດີມີສາລະ,1
ຄໍາຫລ້າ ກາບແກ້ວ ບາ້ນທົ່ງທິງ ເມືອງບາຈຽງ ແຂວງຈໍາປາສັກ ເກີດວັນທີ 9 9 1980 ເປັນຮອງນາຍບ້ານປີ 2021,1
ສະດວກດີ,1
ໄດ້ເລີຍ,1
ດີໃຈທີໄດ້ໃສ່ແອບນີ້,1
ດີຫລາຍສະດວກວອງໄວ,1
ສົມບັດ ຂາຍເຄືອງເຟີນີເຈີ,1
ພອຍແລກບັດບໍ່ໄດ້ບໍ່ສໍາເລັດ,0
ແອບໃຊ້ງານດີສະດວກຢູ່ ແຕ່ບາງຄັ້ງມັກມີປັນຫາເຂົ້າແອບຍາກ,1
ໃຫ້ໂລດໄດ້,1
ແຊັດໄປແລ້ວເຂົາບໍ່ຕອບແກ້ໄຂດ່ວນ,0
ເປັນບ້າແລ້ວເຟສນິ,0
ມົ້ງຢ່າງ555,1
ໄດ້ແລ້ວ ຂອບໃຂ,1
ຄືບໍ່ເຫັນບ່ອນໃສ່ເບີຜູ້ເຊີນ,0
ດີຫຼາຍເດີແອັບໂຕນິ,1
ຄືເດີມ,1
ຈີຍີຂຕ,1
ມີແອັບໄວ້ດີແລ້ວເລືອກກິນງ່າຍສະດວກສະບາຍ,1
ເປັນແອບທີ່ມີຄຸນນະພາບຫຼາຍ ປັບປຸງມາດຕະຖານເພື່ອສະດວກໃນການໃຊ້ງານໃຫ້ວ່ອງໄວຂຶ້ນຕື່ມ,1
ເງີນທັ້ງນັ້ນ,1
ຫ່ວຍແຕກໂອນເງິນຕອນກາງຄືນ ມີປັນຫາຕະຫລອດ ກວ່າຈະໂອນໄດ້ໃຊ້ເວລ່ເປັນ ຊມ ໂຄດຫ່ວຍເລີຍ,0
ເລັ່ນຢາກແທ້ບໍ່ເຄີຍໄດ້ດາຕ້າເລີຍ,0
ແອັບຂີ້ໂກງຜູ້ນໍາໃຊ້ ບອກວ່າຖ້າອັບເດດແລ້ວຈະໄດ້ຮັບ 1g ແຕ່ອັບເດດແລ້ວພາດໄດ້ແຕ່ 10mb ມັນແມ່ນບໍແບບນີ້.,0
ປາກຊັນ,1
ບຸນມີຈອມມະນີ,1
ຊິວິດຂອງຄົນໃນຍຸກສະໃຫມ່ນີເຮັດໃຫ້ຄົນໃນສັງຄົມມີການປງນແປ່ງໄດ້ຍອ້ນສະພາບວອດລອ້ມນັ້ນເອງໃ,1
ລໍາຄານໂຄສະນາຕອນເບີ່ງyoutube,0
ຖືກຊ້ໍາອັນເກົ່າຕະຫຼອດ10ຄັ້ງມັນບໍ່ຄືການລຸ້ນໂຊກເລີຍ,0
ໄຊູດີ,1
ມັນຟັງເພງບໍ່ໄດ້ຈັກເປັນຫຍັງ,0
ຢາກຮູ້ວ່າເປັນຫຍັງຕ້ອງໃຫ້ມີເງິນຄ້າງ,0
ເຮວ,1
ຊ້າເກີນ ລົງທະບຽນຊື່ໆ ໂຫຼດບັກດົນໆ ພັດວ່າ ລະບົບຂັດຂ້ອງ,0
ຕົ້ມລະບໍ,1
ເປັນຫຍັງຄືບໍ່ມີລະຫັດສົ່ງມາຖ້າດົນແລ້ວກະບໍ່ສົ່ງມາ,0
ໃຊ້ຫຼາຍແອັບນິ,1
ຂ້ອຍມັກເບິ່ງຫນັງ,1
ຂໍອານຸຍາດເຂົ້າຮ່ວມນໍາໃຊ້ຮັບຮູ້ຂໍ້ມູນຂ່າວສານທີ່ສໍາຄັນອັນດ່ວນເພືອພ້ອມພັດທະນາທາງການ. ສ່ວນຄະແນນລະອຽດຈະມີໃຫ້ຕື່ມ.,1
ຫລີ້ນແລ້ວມ່ວນຄັກ,1
ຕັ້ງຍາກ,0
ດີມາກດີສຸດໆ,1
ແອັບນີ້ມີຄວາມສະດວກສະບາຍບໍວ່າສິໄປໃສມາໃສແທກຊີ່ໂລກ້າຄີວນີ້ບໍລິການເຖີງທີ່ປອດໄພເມື່ອໄປກັບໂລກ້າຄີວ.,1
ດີ ສະດວກໃນການສື່ສານ,1
ກະດີຢູ່ ແຕ່ເວລາອັບເດດໂຄດຊ້າເລີຍ,0
ມ້ກ,0
ດີຫຼາຍ ສຸດຍອດໄປເລີຍ,1
ເກນຄື້ລິນບໍ່ໄດ້,0
ຄືໂລດ ໄດ້,1
ດີຫລາຍບອກເລີຍ,1
ນກນາ,1
ໃຊ້ດີຫາກເນັດໄວ,1
ຄືໃສ່ເພງບໍ່ໄດ້,0
ຊ່ວງນີ້ມີບັນຫາໃນການເຂົ້າແອັບ ຟ້າວບໍ່ເປັນຟ້າວ ສູນແຮງ,0
ນາງຄໍາດີກື,1
ເອີມັນກູໃສ່ລະຫັດປະມານ10ເທື່ອລະມັນບອກວ່າໃສ່ລະຫັດອີງຄັ້ງກູເຮັດຈນເມື່ອຍກະບໍ່ໄດ້ເຊົາຊະ55ເບີກູກະບໍ່ໄດ້ລົງທະບຽນກາກໂຄດ,0
ດີຢູຄະ,1
ດິເກີດ,1
ໄຊ້ດີ.ສຸດຍອດ.ຄັກເອົາໄປເລີຍ,1
ມັບໍລິການນີ້,1
ແອັບໄຊ້ວອງໄວແລະຫມັ້ນໃຈ,1
ທ.ຄໍາສີອິນທະວົງ,1
ສະນັບສະຫນູນດີທີ່ສຸດ,1
ເປັນຫຍັງຕິດຕັ້ງບໍ່ໄດ້,0
ເຂົ້າໃຊ້ການຍາກ,0
ໄຫຄະແນນແອັບ,1
ອຸທອນເກື່ອງມະນີ,1
ປັບປຸງແດ່ອັບເດດໃຫມ່ແລ້ວເວລາຫມູນວົງລໍ້ຖືກແລ້ວໂພດ facebook ຮັບເງິນຫຼື ດາຕາບໍ່ໄດ້ ທັ້ງໆທີເປີດອິນເຕີເນັດ ແລະ ດາຕາຍັງມີຢູ່.,0
ລົງທະບຽນບໍ່ໄດ້ເລີຍ,0
ມັກຄືເກ່າຫັນລະ,1
ພ ງ ຫນ້າຕາດີ,1
ຊິວີດຕອ້ງສູ່,1
ຖືກກະບໍ່ໃຫ້,0
ປະຢັດດີ,1
ໂຄດກາກກເລີຍອັບເວີຊັ້ນໃຫມ່,0
ດີໂຄດເລີຍ,1
ອັບແດດດຕະຫຼອດ,0
ຍອດນິຍົມຂ່ອງຊັ່ງຄົມລ່າວເຮົ່າ,1
app nope ລະບົບຂັດຂອ້ງ ແອັບຄ້າງແນ່ກໍາລັງໃຊ້ໆຕອ້ງຖ້າດົນເພື່ອສິອອກ,0
ດີທີ່ສຸດສະດວກດີ,1
ດີມາກຕິດຢູ່ຍ່າງດຽວໂພດບໍ່ໄດ້,1
ຫລິ້ນງາ່ຍ,1
ອະ ເດແ,1
ເປັນຫຍັງຄືເຂົາບໍ່ໄດ້,1
ຢ້ງມ,1
ດີຫຼາຍ verygood,1
ນາບົງ,1
ເພາະສິ່ງນີ້ມີປະໂຫຍກກັບສັນມາກຈິ່ງໃຫ້5ດາວໄປເລີຍ,1
ດີຫລາຍດີແຮງ,1
ຊ່ວງນີ້ແອບມັກຄ້າງໃຊ້ງານບໍ່ໄດ້ ຄວນປັບປຸງແດ່,0
ແອນດີ,1
ໃຊ້ດີມີປະໂຫຍດດີ,1
ສະດວກສະບາຍດີໃນການໂອນ,1
ຄືສະແກນເຕີມບັດບໍ່ໄດ້,0
ຢາກໃຫ້ມັນມີເພງຢູ່ໃນເຟສບຸກ ບໍ່ແມ່ນຜູ້ມີຜູ້ບໍ ຢາກໃຫ້ມີທຸກຄົນ ຢາກໃຫ້ມີເພງໃນສະຕໍລີ່ໄດ້ ຢາກໃຫ້ພິຈາລະນາແນ່ ຢາກມີເພງໃນສະຕໍລີຄືສິດີ,1
ຄິດບໍອອກ,1
ສະດວກ ສະບາຍ ທັນສະໄຫມ ປອດໄພ good,1
ດີໆໆໆໃຊ້ງານມາດົນແລ້ວ ແຊດຟີມໂທຟິມ ຟັງເພງກະຟີມອີກບໍ່ເຊຶ້ອລອງໃຊ້ເບີງ ເກິນຮູ້ວ່າດີຫລືບໍ່ດີ,1
ອັບເດດໃຫມ່ບໍ່ສາມາດຂໍຄວາມຊ່ວຍເຫຼືອໄດ້ ເຮັດໃຫ້ແອັບບໍ່ນ່າເລ່ນ,0
ບໍ່,1
ໃຊ້ດິຫວາ,1
ດີທີ່ສຸດແລ້ວປັບປຸງໃຫ້ ສາມາດລົບບັນຊີການເຄື່ອນໄຫວ ການໂອນແລະໄດ້ຮັບໂອນ,1
ໃຊມາ5ປີແລ້ວ,1
ມີປັນໃນການຕອບຄໍາຖາມເວລາໂອນເງິນ,1
ດີດີບໍ່ມີເງີນກະຫລີ້ນໄດ້,1
ຕ້ອງໄດ້ປປັບປຸງໃນການໃຫ້ຊອກຫາຮ້ານຫາຫານ ເພາະ ສັງໄປແລ້ວກັບມາເບິ່ງບາດຫນ້າລະເຫັນແຕ່3ຮ້ານຮ້ານອື່ນບໍ່ມີ ລົບໂຫລດມາຫລາຍເທືອແລ້ວແຕ່ມັນກະຍັງເປັນຄືເກົ່າ,0
ອັບເດດຫລີ້ນແລ້ວເດັ່ງອອກບໍ່ຮູ້ເປັນແມ່ຍັງມັນ,0
ໃມ່,1
ກັນຍາ,1
ດີ ຍ,1
ເລີດດ,1
ພຍບຍນ້ຖຖຖ,1
ຍູນິເທລມີແຕ່ປັນຫານັບມື້ນັບມີແຕ່ປັນຫາແຕ່ກ່ອນດີໆເຕີມເງິນກະໄວກວດເບິ່ງເງິນກະໄວແຕ່ດຽວນີ້ຈັກແມ່ນຫຍັງຊ້າໄປຫມົດເຕີມເງິນໄປຊື້ນີ້ກະຍັງບໍ່ທັນເຮັດຫຍັງເງິນກະເບິດເສຍເງິນໄປຟີໆ,0
ຢາກໃຫ້ມີບໍລິການຊິນເຊື່ອອອນລາຍ,1
ດິສຸກ,1
ກໍດີ,1
ເພດບຸກລາວ,1
ລວມທຸກຢ່າງພາຍໃນແອັບດຽວ,1
ເຂົ້າຍາກແຮງ,0
ແອັບນີ້ດີນໍາໃຊ້ສະດວກ,1
ຫມູນຮອບບໍ່ໄດ້,0
ຄົນເຢັນຊາ,1
ດີສະດວກ,1
ໃຊ້ງານດີແທ້ບໍ,1
ຂຸຖຟູ,1
ເຕີ໋ນ,1
ບໍ່ດີເພາະຂ້ອຍຖືກແຮັກຕະຫຼອດ,0
ສວຍງາມໂສດລະທາໂສດຂໍ້ທັກເວລານອ້ງເງົາ,1
ຂ໋ຕີດຕັ້ງຫວຍລາວ,1
ເປັນຍັງຄືເບຶ່ງຍອດເງິນບໍ່ເຫັນ,0
ຄືດີມາກ,1
ຍໍ່ລະອງດປານໄດ,1
ອັບເດດລອບນີນີ້ຢອມເລີຍມູນວົງລໍ່ຖືກແຕ່ພັງເພງ ເນັດຄືບໍ່ຖືກ20mbກະບໍ່ໄດ່ຂ້ອຍຈົນລົບແອບໂງ້ຈ້າອັນນີ້ອອກແລ້ວ,0
ສາອ,1
ຂອບຄຸນທີ່ທໍາໃຫ້ຜມຣວຍ,1
ໃຊ້ໄດ້ດີ ມີປະໂຫຍກ,1
ເພງລາວ.ປະເທດລາວ.,1
.ສຸດຍອດ,1
ເຂົ້າໄປຍາກແທ້ເຂົ້າບໍ່ໄດ້ເລີຍ,0
ເວລາໃຊ້ແອັບແລ້ວລະ ເປັນຫຍັງມັນຈຶ່ງອອກຈາກລະບົບ ລະມັນກາຕ້ອງໄດ້ໃສ່ລະຫັດຜ່ານໃຫມ່ຕະຫຼອດເວລາຊິເຂົ່າແອັບ,0
ດີສຸດໆໄປເລີຍ100,1
ຂໍໃຫ້ທື500,1
ຍັງບໍມີ່ພະການ,1
ເພງ,1
ຄັກຫລາຍໆ,1
ຂໍແລະໄດ້ເດີ້ຂໍແລະຂໍແລະ,1
ເກີດມາຈົນສູທົນເພີອຊີວີດ,1
ຊ່ວຍແກ້ປັນຫາແນ່ແລກຟລ່ອຍບໍ່ໄດ້,1
ດີຫລາຍແຕ່ຫາ້ມມີການໂຄສະຫນາ,1
ເພງແສນຄໍາ,1
ບໍລິການດີທັນໃຈຕອ້ງໃຊ້u money,1
ເຂົ້າບໍ່ໄດ້ ໃສ່ເບີໂທແລ້ວໃສ່ລະຫັດຜ່ານແລ້ວ ຫນ້າຈໍບໍ່ມີຫຍັງກະມອດໄປເອງ,0
ເຂົ້າຮວມຂໍ້ມູນ,1
ບໍ່ມີສັນຍານ ຫລີ້ນມັນກະຕຸກ,0
ໃນທີ່ຕັ້ງການຈັດການ ຕຕຍ 6,1
ຕັ້ງຫຍັງກະຢາກ ຄັ້ງບັດ mastercard ກະບໍໄດ້ ຄໍາຖາມລັບຕັ້ງແນວຫນື່ງ ຖາມແນວຫນື່ງ,0
ນັກພັດທະນາ,1
ບ່ມີ ຕາ,1
whats app ບໍໄດ້ ຊ້ວຍແນະນໍາວິທີແກ້ໄຂໄຫ້ດ້ວຍຈະເປັນພະຄຸນສູງ. ຂໍຂ ອບໃຈດ້ວຍ,1
ຂໍ້ຄວາມ ເຕືອນຊ້າຫຼາຍ,0
ຂອບທີ່ໄດ້ໃຊ້,1
ພຣີວິວ,1
ໃຊ້ງານສະດວກຫລາຍຂື້ນ,1
ຂອບຄຸນມາກມາກຄັບ,1
ສ່ວຍມັກ,1
ດີຫລາຍແຊັດຫາກັນສະບາຍ,1
ກສຶສກ ມເສສງ,1
ຊວງນີ້ໄຊ້ແອບເພື່ອໂອນເງີນຢາກຫຼາຍ ຄ້າງຄ້າງຄາຄາຕະຫຼອດເລີຍ,0
ສາຄອນ,1
ດາວໂຫວດເລີຍເດີ,1
ມີແຕ່ວ່າ laokyc ຢຸດແລ້ວ ພະຍາມເຮັດມາ15 ຄັ້ງແລ້ວ ຍັງລົງບໍໄດ້ ພໍປັບປຸງແກ້ໄຂແລ້ວເດີ້,0
ພິລຶກເດີ້ອ້າຍມາກເຂົ້າໄປເບີ່ງເຟສເຂົາຊື່ໆກະໄປແອດໃຫ້ຂ້ອຍເອງຂ້ອຍບໍ່ໄດ້ຢາກແອດເພື່ອນເຂົາເຈົ້າກະດາຍປັບປຸງເຮັດແບບເກົ່າແດ່ເດີ້,0
ຮັກເດີອີອິ,1
ອ໋ອກ ອ໋ອກຮັກລາຍ,1
ຜຜຟັຟຟປັຟແຟຟ,1
ລິ້ນfacebookບໍ່ເກັ່ງແຕ່ກະເຕັມໃຈໃຫ້ຂະແນນເພາະວ່າfacebookເປັນຍອດນິຍົມຂອງຄົນທົວໃປ,1
ແອັບໃຊ້ງານໄດ້ດີຢູ່,1
ໃຫ້ສໍາ່ນີ້ແລະເຂົ້າເບິ່ງບໍ່ໄດ້,0
ຕູ້ຍ,1
ໄຊ້ດີແຕ່ ຄ່າທໍານງມັລາຍເກິນໄປ,1
ດີແທ້ ແທ້,1
ລອງເບິ່ງກ່ອນຄັນຫມານຈະມາໃຫ້5ດາວເລີຍ,1
ແກ້ໄຂແນ່ເດີແອັບໃຊ້ບໍ່ໄດ້ເຂົ້າລະເດ້ງອອກຕະຫຼອດແລ້ວຈະລົງທະບຽນໄດ້ແນວໃດ,0
ຫນຸ່ມເອື້ອ,1
ກະອັບເດດດຸເກີນອັບໄປກະບໍ່ເຫັນມີຜົນຫຍັງ ກະເດືອນ1ອັບເທື່ອກະບໍ່ໄດ້ບໍ້,0
ສະບາຍດີທັງຫມົດສໍາລັບລາວໄດ້ຮັບການຄົ້ນຫາສໍາລັບບົດລາຍງານຂອງອົງການສະຫະປະຊາຊາດທີ່ນະຄອນຫລວງວຽງຈັນໂດຍສະຫາຍພົນຈັດຕະວາສຸວອນເລືອງຄໍາມາຈາກປະສົບຜົນການຊອກຫາຄໍາວ່າຊື່ເລື່ອງຢູ່ໃບສໍາຫຼວດແມ່ນສຸວັນນະກໍາມາທິການແມ່ນໍ້າຂອງໃນແຂວງຊຽງຂວາງແລະແຂວງຈໍາປາສັກຢາກັນພະຍາດໄຂ້ຫວັດສັດປີກປະເພດຮ້າຍແຮງທີ່ສຸດໃນໂລກແມ່ນການຮ່ວມກັນຈັດງານກິລາໂອລິກາໄດ້ຮັບຄວາມນິຍົມຫລາຍຢ່າງເຊັ່ນດຽວກັນກັບທ່ານນາງປານີຢາທໍ່ຕູ້ປະທານສະພາແຫ່ງຊາດຊຸດທີ,1
ແອັບບໍ່ມີປະສິດຕິພາບເລີຍເພື່ອສິເຂົ້າໄດ້ພໍແຮງຄວນປັບປຸງ,0
ໃຊມາດົນດີແທ້ໆ,1
ມູ້ຍ ມະນີວົງ,1
ສະບາຍໃນການສືສານແລະທັນໃຈ,1
ຢາກມີຫຼາຍໄດ້ເພີ່ມ,1
ແອດນີ້ໂຄດດີແຕ່ເສຍດາຍຄົນລາວບໍ່ຄ່ອຍມີໃຜຮູ້ຈັກແລະບໍ່ຄ່ອຍມີຄົນລາວນໍາໃຊ້ ຢາກໃຫ້ຄົນລາວໃຊ້ແອບລາວສະນັບສະນູນຂອງລາວເຮົາ ແລະຢາກໃຫ້ຄົນລາວຮູ້ວ່າຂອງລາວເຮົາກະດີບໍ່ແພ້ຂອງຊາດອື່ນໆຄືກັນ ແອບນີ້ດີຫຼາຍຂ້ອຍໃຫ້ໄປເລີ່ຍ5ດາວ,1
ພໍດີ,1
ໄດ້ຮັບລາວັນແຮງຂອບໃຈ,1
ເບິ່ງນັ່ງຟຣີຄືແຕ່ກ່ອນບໍ່ໄດ້,0
ຮັກແອບນີ້ມາກໆ,1
ສະດວກຕິ່ງ.ໆ,1
ແສງມະນີ,1
ແອັບບໍ່ມີການອັບເດດລາລັງຂໍ້ຄວາມແຈງເຕືອນກະຊາ,0
ດີຫລາຍ2,1
ເປັນເຟດຄືໂພດຍງບໍໃດລົງລະເພີອນໃນເຟດບໍເຫນ,0
ຮັກສາໄວ້,1
ລິດ,1
ລາຍ,1
ງາມໆຫລາຍ,1
ແອັບນີ້ດີຫລາຍຫລີ້ນງ່າຍ.,1
ລົງທະບຽນຍາກເກີນໄປ,0
ກາງ,1
ໃຊ້ບໍ່ໄດ້ເລີຍຊ່ວງນີ້ເຂົ້າລະກະອອກເອີຍເລີຍ,0
ໃຫ້ຫ້າດາວ,1
ແອບດີຫລາຍຢ່າລືມໃສ່ລະຫັດແນະນໍາເພື່ອຮັບສ່ວນຫລຸດ 5 72205535,1
ຄື່ຕິດຕັ້ງບໍໄດ້.,0
ສະດວກສະບາຍ ໃນການ ໃຊ້ ງານ,1
ເລ້ນແລ້ວມວນລາຍດີສຸດເລີຍ,1
ໂດນແຮັກເຟດກູ້ບໍ່ໄດ້,0
ຫມຸນວົງລໍ້ບໍ່ໄດ້ເລີຍແກ້ໄຂ້ດ່ວນເປັນເດືອນລະມີແຕ່ໄຫ້ທ່ານຟັງເພລງ,0
ນາງອາລີຕາ,1
ຍອດຍຽ້ມແຕ່ຄ້າງໆແນ່,1
ຂໍໃຫ້ໄດ້ໃຊ້ປົກກະຕິ,1
ແອັບໃສ່ດີມາກ,1
ຫລາກຫລາຍທາງສະດວກຄາຍຄຽດົ້,1
ມວຍໆເດີ,1
ຮັກຄວາມສາມັກ,1
ມີແຕ່ເດັ້ງອອກບໍ່ເຫັນສິໄດ້ຈັກເທື່ອລົບອອກໂຫລດໃຫມ່ເປັນ10ເທື່ອບໍ່ເຫັນສິໄດ້,0
ໃຊ້ຍາກໂພດ ຂໍກັບໄປໃຊ້my unitel ຄືເກົ່າຊະ,0
ດດ ມັກຫຼາຍ,1
ນໍາ,1
ລະບົບບໍ່ສົ່ງລະຫັດກັບມາ,0
ໃສ່ດຮເບິ່ງຜົນຫວຍໄດ້ຊັດເຈນ,1
ມັນເຂົ້າຍາກ,0
ຢາກໃຫ້ແປງລະບົບບໍລິການໃຫ້ດີຂື້ນເລື້ອຍໆເພື່ອບໍ່ໃຫ້ຊັກຊ້າ.,1
ສະບາຍດີຄາ,1
ນີ້ແລະ,1
ດີບໍມີບອນເສັຍ,1
ພໍ່ມິ່ງຕາຍ,0
ຕັ້ງຢາກໆ,1
ອັບເດດແລ້ວເຂົ້າແອັບເທື່ອໃດແມ່ນໄດ້ຍັ້ງຍືນລະຫັດotpຕະຫຼອດ ປັບປຸງແດ່ເດີ,0
ງລວໍຝໃຍູຄຕຈຂຂໍຊຊ,1
ສະບາຍດີເມືອງລາວ,1
ງົບປະມານ,1
ມັກຫລ້າຍ,1
ເຈ້,1
ຂໍໃຫ້ໂຊກດີເດິ,1
ແອັບຫ້າຫຍັງເຕີມ10ພັນຕັດອອກ20ພັນເຕື່ອນຜູ້ສີໂຫລດເດີຫາແອັບອື່ນສາແອັບບໍ່ມີຄຸນນະພາບຫັກເງີນກີນແບບຫນ້າດ້ານໆ,0
ໃສ່ລະຫັດລະເດັ້ງອອກດຸດຸ ປິດເຄືອງໃຫມ່ລະກແລ້ວ ເປັນຄືເກົ່າຢູ່ ເຊີນປັບປຸງໃຫມ່ໃຫ້ມັນດີກວ່າເກົ່າແນ່ເດີ້ ບໍ່ແມ່ນນັບມື້ນັບອັພເດທລະຍາກກວ່າເກົ່າ,0
ໂປ້ຟາຍ,1
ລົງ ທະບຽນ ເບີ ແຕ່ ດົນ ແລ້ວ ບໍ່ ເຫັນ ຊິ ອະ ນຸ ມັດ ໃຫ້ ຈັກ ເທື່ອ,0
ສຸດຢອດຢ,1
ຍ່າລືມ ກົດລະຫັດ 98570810 ເດີຫມູ່ເພື່ອນ,1
ຟັງງາຍແລະໄດ້ປະໂຫຍດ,1
ລະຫັດກະບໍສົ່ງໃຫ້ສ້າງແອບໂຄດກາກ.ສ້າງມາເພື່ອ,0
ໃຊດີຫຼາຍ,1
ລະບົບຢ່າງກາກກົດເຂົ້າລະຫັດເຟສກະບໍ່ໄດ້,0
ດີແຕ່ເສຍຍ່າງດຽວຄືເວລາເຂົ້າຕ້ອງລົງທະບຽນໃບຫນ້າຕລອດ,1
ດີຫຼາຍສະດວກສະບາຍ,1
ເຂົ້າກາຍາກກົດເບິ່ງເງິນກາບໍ່ໄດ້,0
ຕຸກ ຕາ,1
ຊອບຈາ,1
ຊ່ວຍໃຫ້ເຮົາໄດ້ຍາມທຸກຈົນໄດ້,1
ບັກແດງ,1
ມືໃຫມ່,1
ອີຕື່ມບັດ ມັນໃຫ້ອອກໄປລ້ອກອິນ ອີຫຍັງເກາະ,0
ດີສະເພາະ ໂອນເງິນຮັບເງິນເອົາເງິນເຂົ້າເງິນອອກຊື້ບໍລິການນັ້ນນີ້ແຕ່ແນວອື່ນບໍໄດ້ຫມົດ,1
ວ່ວງໄວຖືກໃຈ,1
ດີຫລາຍນາງ,1
ໃສ່ສະບາຍວອງໄວ້ທັນໃຈ,1
okແອັບນີ້ສະດວກສະບາຍ,1
ຄນເຂ່ຄຂາຍຊ,1
ສົມລີ,1
ຂ້ອຍມັກຢູມັນນິ,1
ເງີນເຂົາບັນຊີຂອ້ງທາ້ວ.ນອ້ກ .ສິບອົມພອ່ນຜົມວິຫານ,1
ແອັບດີແລ້ວສະດວກສະບາຍ ງາຍຕໍ່ການສັ່ງອາຫານ ແຕ່ວ່າເພີ່ນເງິນຄ່ມສົ່ງໄຫ້ໄລເດິແດ່ ຂອບໃຈ,1
ການເຂົ້າສູ້ລະບົບjdb,1
ເຂົ້າແອບບໍ່ໄດ້ ແກ້ໄຂດ່ວນ ກະລຸນາກວດສອບອິນເຕີເນັດຂອງທ່ານ 4gເຂົ້າບໍ່ໄດ້ ຊິໃຫ້ໃຊ້ 10g ຫວາ,0
ໄຊ້ດີເອົາໄປເລີຍ5ດາວ,1
ມັນຄັກກອ່ນ,1
ມີປະໂຫຍດຫຼາຍ.,1
ໃສ່ລະຫັດແຕ່ເຂົ້າບໍໄດ້ອິຫຍັງຫວາ,0
ເຂົ້າຄືບໍ່ໄດ້,0
ພວກເຈົ້າລົບອອກສາເອັບພວກເຈົ້ານີ້ຢູ່ໄປກະເປັນເອັບຂີ້ເຍືອຊື່ໂລດມາລະໃຊ້ງານບໍ່ໄດ້ລ໊ອກອິນບໍ່ໄດ້,0
ທືກໃຈຫຼາຍໆ,1
ຕັ້ງບໍ່ໄດ້ເປັນຫຍັງ,0
ເປັນຫຍັງຄືຕິດຕັງບໍ່ໄດ້,0
ໂຄດກາກ ບໍ່ສົ່ງລະຫັດ otp ມາ ລະກະ error,0
ໄຊງານ,1
ດີຫຼາຍແອບດີພັດທະນາໄປເລື່ອຍໆເດີ່,1
ດີມາກໆຄັບ,1
ຄ້າງທຸກເທື່ອທີ່ເຂົ້າແອບ ຫມຸນຢູ່ຫັ່ນແລະຈົນວິນຫົວ ກົດເຂົ້າໄປກະບໍ່ມຮູບຫນ້າຕາອາຫານ ບາງຮ້ານມີ ຕ້ອງໄດ້ຈິນຕະນາການຫນ້າຕາອາຫານເອົາເພື່ອຟຸກຖືກຮ້ານເປັນຕສກິນກະໂຊກດີໄປ ວັດຈະນານຸກົມພາສາລາວກະມີ ໃຫ້ເປີດເບິ່ງແດ່ ຊື່ຮ້ານເປັນພາສາອັງກິດ ເມນູພັດເປັນພາສາລາວ ຊື່ລາວລາວນະມີບໍ່ ເຮັດປານອານຫານນໍາເຂົ້າມາແຕ່ຕ່າງປະເທດ ຄັນແມ່ນແທ້ກະບໍ່ຕິ ແນວໃດກະຫມັ່ນອັບເດດແອບແດ່ ໄດ້ເງິນນໍາລູກຄ້າກະຫຼາຍປານນິລະ ຊິແພງໄວ້ເຮັດແບ້ຫຍັງ ໃຫ້ເຫັນຮູບອາຫານຢ່າງລະອຽດທີ່ເອົາລົງຂາຍ ຊື່ອາຫານໃຫ້ຈະແຈ້ງ,0
ຄົນທີ່ບໍ່ມີໃຜຮູ້ຢ່າງຈະແຈ້ງວ່າຜູ້ຊົມໃຊ້ສາມາດເລືອກເອົາສະຫາຍ,1
ງານກໍ່ສ້າງ ໃຊ້ໄດ້99ເປີເຊັນ,1
ຕອນນີ້ດີຫາຼຍໃຫ້5ດາວ,1
ຂໍໂທດເດີ,1
ເຂົ້າບໍ່ໄດ້ຫລາຍວັນລະຢູ່ໆກະເຂົ້າບໍ່ໄດ້ຄືຂີ້ລາຍແທ້.ບໍ່ມີຄົນເກ່ງໆແນ່ບໍນໍຕິດຕໍ່ທະນາຄານກະບໍ່ສິເຮັດແນວໃດບາດນີ້,0
"ທີ່ໄຊ້ຜ່ານມາເຫັນວ່າ ມີຜົນດີ,ວອງໄວທັນໄຈ.ຂໍຂອບໃຈຫຼາຍໆນໍາຜູ້ພັດທະນາເດີ.",1
ເປີດແອັບບໍ່ໄດ້ ມັນເດັ້ງອອກຄືນ,0
ສຸດຍອດນິຍົມເຟດບຸກ,1
ບໍ່ມີຄູນ2,0
ຂໍແນ່ຈັກ20ພັນກີບ,1
ປຮະສົບການຂອ້ຍລີນເກນ,1
ປັງປຸງດ່ວນສົ່ງຂໍ້ຄວາມສຽງມີບັນຫາຫນັກຫລາຍແລ້ວຕອນນີ້,0
ພວກເຮົາ ພູມໄຈຫລາຍ,1
ບໍ່ໄດ້ເລື່ອງອັບເດດບ້າຫຍັງດຸບໍ່ມີການປ່ຽນຫຍັງເລີຍ,0
ດີຫຼາຍສະດວກ,1
ເບືອໃນການອັບເດດແທ້ເດ,0
ຢາກໃຫ້ຕື່ມີງິນເຂົ້າກະເປົ່າດ້ວຍບັດຫລັກ5 7ໄດ້ຖ້າໄດ້ຄືດີແຮງງງ,1
ດດາິ,1
ຄົນມີປັນຫາ,1
ກູຖາມແດ່ມືງບໍສົ່ງຂໍ້ຄວາມໃຫ້ກູກູເຮັດຫ້າພັນເທື່ອພໍ່ສີ້ແມ່ມັນນິແຍ້ອິຫລີທະນາຄານຫ່າອະນິກູລ່ະນ່າຍເຂົ້າບໍ່ໄດ້ນິ,0
ສູດຈັດດີລາຍ,1
ຂອງມັນດີຈິງໆ,1
ດາວໂຫຼດບໍໄດ້,0
ແອັບໂຄດກາກສະຫມັກກະບໍ່ໄດ່ ສົ່ງລະຫັດotpກະບໍ່ສົ່ງຜູ້ບໍລິຫານແອປຈັ່ງໃດຄືເປັນແນວນີ້ຄວາມໂງ່ຄວາມຄວາຍກະໄດ້ມາບໍລິຫານແອບໄດ້ຈັ່ງໃດຫວະ?,0
ໃຊ້ໄດ້ສະດວກຫຼາຍຢ່າງ,1
ນີກອນ,1
ແຫງ,1
ໂປໄງ,1
ມັນເຂົ້າບໍ່ໄດ້ແກ້ໄຂແດ,0
ຊ້າ ເບິ່ງວີດີໂອບໍໄດ້,0
ເຂົາໃຈງ່າຍ,1
ດີຫລາຍດີແທ້ດີວ່າເນາະຈົນໂລດບໍ່ໄດ້,1
ໃຊ້ດີຄຸ້ມຄ່າ,1
ເປັນຫຍັງຄືບໍ່ເຫັນຄະແນນສະສົມໂຫລດໃຫມ່ກະບໍ່ເຫັນແກ້ໃຫ້ແດ່ເຈ້າ,0
ອຸດສາຖ້າເຟສເຊົາແບນ2ມື້ບໍ່ໃຫ້ກົດໄລນ໌ຍັງມາແບນຕໍ່ອີກຢູ່,0
ຕັງເຟດເບິ່ງຄົນຮັກກັນ,1
ຟັງຄິປສຽງບໍໄດ້ກະດັບເອງເປັນເພາະອິຫຍັງ,0
ເຂົ້າໃຊ້ງານບໍ່ໃດ້,0
ໃສ່ຂໍ້ມູນຢູ່ດີໆພັດເດ້ງອອກ ປັບປຸງໃຫມ່ແດ່ເດີ້,0
ເສືອນ້ອຍ,1
ແອບນີ້ດີສຸດເລີຍຄົນລາວຍຸດໃຫມ່ຍຸດພັດທະນາ,1
ລອ່ງກອນ,1
ໃຫ້4ດາວແຕ່ຂໍຖາມເດີເປັນໃດໂທລະສັບຂ້ອຍຄື ໂຫລດບໍ່ໄດ້,1
ວິທີລົງບຽນເບີເຮັດແບບໄດ້ນໍເຈົ່າ,0
ເຂົ້າກະບໍ່ໄດ້ພັດທະນາແນ່ເດີ,0
ລົງທະບຽນບໍ່ໄດ້ເອົາໄປ1ດາວເສຍເວລາຊື່ໆແລະໃສ່ເລກເອກະສານບໍ່ໄດ້,0
ແຕນວຶສໂລແສຕິນ,1
ແອັບກາກແຮງເທື່ອຫນ້າບໍ່ຕ້ອງສ້າງແອັບນາອາຍເຂົາແອັບຫາຫຍັງເຮັດທຸກຢ່າງແລ້ວທີ່ບອກກົດເຂົາເລີ່ມຕົ້ນລົງທະບຽນໃຫ່ມຊິມຊື້ມາເສຍເງິນຍັງເສຍເວລາລົງທະບຽນ ລົງທະບຽນບໍ່ໄດ້ບໍ່ໄດ້ໃຊ້ປີຜ່ານມາຍັງໃຊ້ໄດ້ເຫັນແກ້ເງິນແທ້,0
ຄຊຂໃ,1
ແກ້ໄຂແດ່ເບິງຍອດເງີນບໍ່ຂື້ນ,0
ທັກຫາເຂົາອ່ານແຕ່ເຂົາບໍ່ຕອບເອົາໄປດາວດຽ່ວພໍ,0
ປັບປຸງແດ່ ເຂົ້າແອບຊ້າໆ,0
ແອັບເດັ້ງໂອນຂ້າມຢາກບໍ່ສະຖຽນ,0
ຢາກເພີ່ມເບີນີ້ເຂົ້າເຟດບຸກ,1
ດີຫຼາຍດີສຸດໆເລີຍ,1
ຂໍໄຫ້ຂ້ອຍນໍາເບີຄົນອື່ນເຂົ້າໄດ້,1
ມີທານາຄານໄທກໍໃຊ້ໄດ້ບໍໂອນເຂົ້າອອກໄດ້ບໍ,0
ແອັບເຂົ້າບໍ່ໄດ້ ເດັ້ງອອກ,0
ຄວາມເຈັບເອົາໄວ້ທາງໃນຈົ່ງໃສ່ໃຈປັດຈຸບັນດີກວ່າ,1
ຮຽນຮູ້ໂລກພາຍນອກ,1
ຄະດີຫຼາຍໆແຕ່ວ່າບໍ່ທັນໃຈປານໃດຍ້ອນຄູບໍ່ຮູ້ໃຊ້,1
ເປັນແມ່ມຶງຫຍັງໂທຫາກັນກະບໍ່ໄດ້.ຄອບຄົວພະນັກງານຕາຍຫມົດບໍຈິງບໍ່ໃຫ້ໂທຫາກັນ ແອັບຄືໂຄຍນີ້,0
ເດດ,1
ຊອບຫຼາຍດີມາກໆ,1
ຂ້ອຍມັກແອບນີ້,1
ເຂົ້າແອັບເທື່ອໂຫລດແຕ່ຂໍ້ມູນເນັດຈົນບໍ່ທັນເຮັດຫັຍງ,0
ນໍາໃສ້ດາຕາ,1
ສໍາເລັດແລ້ວ,1
ສົ່ງລະຫັດ otp ຊ້າ,0
ເຈີສາລາວ,1
ສົມຄວນ,1
ເວລາເຂົ້າຊ່ອງຟັງເພງແລ້ວເຮັດຫຍັງບໍ່ໄດ້ມາເປັນເດືອນແລ້ວລົບຖິ້ມໂຫຼດໃຫມ່ເປັນຄືເກົ່າເຮັດແນວໃດດີຂໍຄວາມຄິດເຫັນແນ່,0
ມົດຕານ່ອຍຍ,1
ຖ່າຍຮູບຕາມຊ່ອງຄືບໍ່ໃຊ້ຮູບເຕັມເລີຍດີກວ່າເຂົ້າໃຈງ່າຍອີກ,1
ເອົາໄປດາວ1ກະພໍ ລົງຢາກເກີນ ຖ້າລະຫັດບໍ່ສົ່ງໃຫ້ຈັກເທື່ອ ຖ້າຈນເມື່ອຍ,0
ໂອເກະ,1
ລົງທະບນຊ້າ,0
ເຂົ້າສູ່ລະບົບບໍ່ໄດ້ອີເມວກໍ່ໃຊ້ລະຫັດກໍ່ໃຊ້ແລ້ວລົງທະບຽນກະລົງແລ້ວເຂົ້າສູ່ລະບົບບໍ່ໄດ້,0
ແອັບກາກສຸດຄວາມຍາກ,0
ຊ້າງຄໍາເຄນທະລາ,1
ເຂົ້າເຟດຍາມໃດ. ຢຸດການທໍາງານຕະຫລອດເປັນບ້າຍັງ. ພັດທະນາຕໍ່ໄປ. ດງວກັບມາປ່ງນດາວໃຫ້5554,0
ຜ່ານມາການນໍາໃຊ້ດີສະດວກສະບາຍ,1
ຂ້ອຍແມ່ນ,1
ໃຫ້1ດາວເພາະວາ່ຫມຸນໄດ້ເນີດແຕ່ແຊ່ບໍ່ໄດ້,0
ສົງໄປ5ດາວ,1
ຄຸນນະພາບດີຫລາຍ,1
ດີ ມາກ,1
ໄຊ້ດີໆໆ,1
ບຍ່ຊ່ຊຍີຊຮລວຮຊ້,1
ບໍ່ຮູ້ຊິເວົ້າອັບເດດຕະຫຼອດແຕ່ໂຄດກາກປ່ຽນພາສາລາວກະຫຍັງບໍ່ໄດ້ບາງເທື່ອກະຄ້າງ,0
ແພດ,1
ເວລາມີສາຍເຂົ້າບໍ່ແຈ້ງ ມີຄົນແຊັດມາກະບໍແຈ້ງ,0
ແອບພຣີເຄຊັ້ນ.ນີ້ກ່ຽວຂອງຈາກພາກລັດ.ອາດດ້ວຍການສະຫນັບສະຫນູນ ຫືລ ການລົງທຶນ,1
ບ່າວຫນ້າມົນຄົນບໍ,1
ປັບປຸງແນ່ຄົນຫາເພືອນບໍ່ຄ່ອຍເຫັນຮູບຄົນບໍ່ຮູ້ຈັກໃຜເປັນໃຜເວລາມີຄົນອອ່ນໃຫ້ມັນບອກແນ່ວ່າໃຜອອນຫລືບໍ່ອອນ,0
"ແອັບຊ້າຫຼາຍ ຊື່ແພັກເກດຈະບໍ່ໄດ້, ລົງທະບຽນເບີບໍ່ໄດ້, ຄວນປັບປຸງ",0
ຍຍາຮດ,1
ຮັກແຟບກູ,1
ແດ່ນ,1
ໃສບໍ່ໄດ້,0
ຊອກຂໍ້ມູນສະດວກຫຼາຍ,1
ເຄີຍໃຊ້ມາຕະຫຼອດ,1
ຖືອນແຕ່ເງີນ,1
ເອກ,1
ຢ້ຽມຢອດໄປເລີຍ,1
ກູ້ງນາງຄົນໂສດ,1
ມັນຊ່າງເປັນແມ່ນຫັຍງທີ່ມະຫັດສະຈັນອີ່ຫລີ,1
ຊ່ວຍລົດລາຍຈາຍ ສ້າງຄວມມວ່ນຊື່ນ,1
ຍາກຕັ້ງແອບ,1
ລົບທີງດີກວາ່ມຸນບໍໄດ້ອີຍັງເລີຍມີແຕ່ໃຫເຊີນຊວນຫມູເພີອນ,0
ໃຜ່ຢາກໃຫ້ທາງແອັພ mocha ປ່ຽນເງິນໂປຣໂມຊັນຈາກການຕອບຄໍາຖາມມາເປັນເງິນຢູມັນນີ ກົດມາ,1
ຫລີ້ນຄັກຫລາຍ,1
ການຮຽນຮູ້ຂອງຂ້ອຍນີ້ຈົບປະລິ້ນຍາຕິ,1
ໄຊດີຄັກ,1
ເບິງ່ຫວຍລາວພັດທະນາ,1
ດີຫລາຍສະດວກສະບາຍໃນການກວດສອບເງິນໂອນເງິນເຂົ້າ ອອກ,1
ຖາມແດ່ດຽວນີ້ເຕີມເງິນຄືບໍ່ໃຫ້ເປີເຊັນ,0
ສນຸກ,1
ຊຶ່ທ່າວສຸກັນ,1
ບໍລິການດີເວົ້າມ່ວນ,1
ເປັນຫຍັ່ງເຂົາເຟດບໍ່ໄດ່,1
ແອັບນີ້ບໍ່ດີເຕີມເງິນບໍ່ໄດ້ຄະແນນ ເຕີມເງິນຄະດນນບໍ່ຂື້ນ ຂີ້ຕົວະ ເຕີມເມິດແປດສິບພັນບໍ່ໄດ້ຈັກຄະແນນ,0
ຢາກໃຫ້ມີແບບເອົາຮູບທີ່ເຮົາຖ່າຍໄວ້ ເອົາເຂົ້າແທນຖ່າຍຮູບໄດ້ ເວລາຂ້ອຍຖ່າຍມັນບໍ່ແຈ້ງທັ້ງທີ່ໂທລະສັບຂ້ອຍຖ່າຍໄດ້4k,0
ເປັນສິງທີ່ດີຫລາຍໃຊ້ເປັນປະຈໍາ,1
ທພູນ,1
ນ້ດະຮນ່ເຍ,1
ນາງກະ,1
ຮູ້ສືກມ່ວນ,1
ມັນກະໃຊ້ດີ,1
ຍັງໄມັມີປະສົບການ.,1
ຕັງໃຈລິນ,1
ຄຸ້ມ,1
ໃຫ້ສົມຈິງ,1
ໄຊ້ດີແຕ່ປັບໄຫ່ເປັນພາສາລາວນ່ອຍ,1
ວ່ອງໄວດີຄັກ,1
ແຮງອັບເດດແຮງບໍ່ເປັນຕາໃຊ້,0
ລາຍລະອຽດລອດວ່າຖືກ 1ພັນ ໄດ້70ພັນ ແຕ່ໃຫ້ແທ້ພຽງ60ພັນແກ້ໄຂດ່ວນ,0
ດີຫຼາຍ ຕິດຕໍ່ກັນສະດວກສະບາຍ,1
ເປັນຫຍັງລະບົບນີ້ມີປັນຫາເຖີງບໍ່ແກ້ໄຂ້,0
kokoຄຮັບ,1
ເຂົ້າແອ້ບບໍໄດ້,0
ປັນຍາອອ່ນຫນຸນບໍ່ເຄີຍຖືກເງີນ,0
ເປ້ນສືງທືດື,1
ມີປັນຫາອີກລ່ະ ເຂົ້າຍາກແທ້ຍາກວ່າ,0
ສວຍງາມ ການ,1
ບໍ່ຄັກຄືເກົ່າ,0
ລັກຈີງໆ,1
ຂ້ອຍເຂົ້າfacebookບໍ່ໄດ້ກົດເຂົ້າເຟສຕອນໄດແລ້ວຂື້ນວ່າfacebookຍຸດແລ້ວ.ມັນຄືຫຍັງແບບນັ້ນນ່າແກ້ໄຂໄຫ້ດວ່ນເຂົ້າfacebookບໍ່ໄດ້ຫຼາຍມື້ແລ້ວໄດນິ,0
ຕອນນີ້ລະບົບໃຊ້ງານບໍ່ໄດ້,0
ເຕີບໃຊ້,1
ຜູ້ເຂົ້າຊົມທັງຫມົດທີ່,1
ສະດວກ ດີ,1
ສຸກສະຄອນ,1
ແອັບຫັວແບັນຫຍັງນິໃສ່ລະຫັດຫຍັງຕັ້ງລະຫັດຫຍັງກະບໍ່ພ່ານ ລໍ້ໄຫ້ໂຫລດແຕ່ໃຊ້ງານບໍ່ໃດ້ແມ່ນບໍ່ ຝາກໄວ້ຫັວແບ້ນ,0
ນ້ອງຝົນ ໂຕດຶ້,1
ສໍາລັບຜູ້ໂຫລດມາໃຫມ່ ໃຫ້ໃສ່ລະຫັດນີ້ 34002544 ເພື່ອຊື້ເລກໄດ້ ຖືກ 400 ລ້ານແນ່ນອນ,1
ໃຊ້ດີຫລາຍຍ,1
ນ້ອງຊິບໍລືມອິດແລ້ວ,1
ຈັນ ແສງ,1
ເຂົ້າບໍ່ໃດ້ ຊື້ເລກຊໍາລະຍາກແຮງ,0
ໄດ້ຄຮັບ,1
ລະບົບຂອງແອບບໍ່ຄ່ອຍດີປານໃດ ຢູ່ຊື່ໆກະເດັ້ງໃຫ້ມາໃສ່ລະຫັດໃຫມ່ ບ້າງໃສ່ກະພັດບໍ່ຖືກທັ້ງທີ່ກະໃສ່ຖືກແລ້ວ ບ້າງຈະໃຫ້ສົ່ງລະຫັດຢືນຢັນເຂົ້າເບີລະພັດວ່າເກິດຂໍ້ຜິດພາດ,0
ບອກວ່າອັບເດດສິໃຫ້ດາຕ້າ1gbວ່າຊັ້ນ ມືງຕັ໋ວຫາສິແຕກຍັງ ໃຫ້ກູເປືອງເນັດອັບເດດ ຖຸຍແອບກາກ,0
ຕິດຕັ້ງເລີກ,1
ອີໂມຈິເທື່ອມີເທື່ອບໍ່ມີ,0
500ເມັກ,1
ຢາຕົວະ,1
ດິເລີດ,1
ຈ່າຫງະ,1
ສາ່ຍາຍຍາຍນ່ເຕຮ່ ມນຂ່້ນສ້ນຍເ,1
ໂປຣແກຣມນິຍັງບໍ່ທັນສົມບູນ ເພາະວ່າເລກອອກ8 30 ແຕ່ນິຜ່ານໄປເປັນທິດຍັງຄ້າງໂຕເກົ່າ,0
ໃຫ້ລາຍການຫມູເພືອນເຊື້ອມຕໍ່ເປັນສາທາລະນະບ້ານໃຕ້ເມືອງເຫມື້ອ,1
ອັບເດດແລ້ວໃຊ້ງານບໍ່ໄດ້,0
ຖືກເລີຍ,1
ດີເລີຍ ໃຊ້,1
ເພື່ອໄດ້ຮັບຮູ້ຈາກສັງຄົມ,1
ສຸດຍອດເລີຍແອບໄຊ້ງານດີຂະນາດ,1
ລະວັງພວກເດນມະນຸດ,1
ເວລາເປັນຄ່າ,1
ແອບຢ່າງກາກ,0
ໄຊ້ດີຈີງຫມ,1
ຊິເຂົ້າເບິ່ງເພງກະຫມຸນຕິ້ວໆ ໂຄດຊ້າ,0
ຂອບໃຈທຸກຄົນ,1
ໄລຄໍາ ສິມມະວົງ,1
ບໍ່ເປັນຫຍັງ,0
ສະບາຍດີ ທັງຫມົດ,1
ຄວາມຫັວງມີ ເປົາຫມາຍຍັງຢູ່ສູ້ສູ້ນາ,1
ສາຍທອງ ພັດບຸຜາດີຫລາຍ,1
ເລອື້ກເຟດສອງ,1
ສາລະດີ,1
ເຈັງສຸດໆ,1
ຖ້າສ້າງແອັບຍັງບໍ່ແລ້ວບໍ່ຕ້ອງປ່ອຍພໍຊິລົງທະບຽນຂຽນຊື່ກະຄ້າງກົດບໍ່ໄດ້ບັງຄັບໃຫ້ໂຫຼດອິກເປັນບ້າຕິແກ້ໄຂແນ່,0
ດີ້າ,1
ອັບເດດໃຫມ່ພາສາລາວກະບໍ່ມີແກ້ໄຂແດ່,0
ຕັ້ງເຟສໄຫມ່,1
ຂຶງດີ,1
ສະດວກ ຮັບປະກັນຄວາມປອດໄພ,1
ສາລິກາ,1
ຮູ້ວ່າດີທໍາໃຫ້ເຮົາຕິດຕໍກັນງ່າຍ,1
ນອກຈາກທະນາຄານການຄ້າແລ້ວໃຊ້ກັບທະນາຄານອື່ນໄດ້ບໍ,1
ເຫັນດີ ເຫັນງາມ ນໍາເດີຂໍຂອບໃຈນໍາທາງສູນ,1
ພໍ້ໃຈ,1
ດີຫຼາຍໃຊ້ມາຫຼາຍປີແລ້ວ,1
ຊີວິດມີຄຸນຄ່າ,1
ແຮງອັບເດດພັດຄືວ່າກາກແທ້ບໍ່ຫນ້າກົດອັບເດດເລີຍເວີຊັ່ນເກົ່າດີລະ.,0
ມວນອິລີ,1
ກະພໍໃຊ້ໄດ້ທໍາມະດາ,1
ໂອນງ່າຍສະດວກ,1
ຄົນຈິງໃຈ,1
ນາງຮຸງ ສີພັນທອງ,1
ໃຊ້ລົມວຽກໄດ້ດີສຸດ,1
ໄຊ້ແອບນີ້ມີຄວາມປອດໄພຫຼາຍ,1
ມັກຫຼາຍລິ້ນແອັບນີ້,1
ແອັບໃຊ້ບໍ່ໄດ້.,0
ມັກຫລາຍເຟດບູກ,1
ຂອ້ຍຊື້ເລກລະກົດອອກລະເຂ້າຄືນບ່ໄດ້ລຸດທືນຊໍາແກ້ໄຂແດ່,0
ເຮັດໃຫ້ສົນທະນາກັນງ່າຍຂື້ນ,1
ດີຊາຍ ok,1
ເຂົ້າແລ້ວເດັ້ງອອກແປງໃຫ້ແນ່,0
ເປັນຫຍັງອັບແດດຕະຫຼອດຫວາ,0
ຢາກໃຫ້ຄະແນນແອບນີິແຕ່ບໍ່ໄດ້,0
ແອັບຯນີ້ ຄັກຫລາຍ ສິນຄ້າລາຄາຖືກ ສົ່ງໄວ ອີກດ້ວຍ ໃຫ້ໄປເລີຍ ຫ້າ ດາວ,1
ສະບາຍດີຈຮາ,1
ຊື້ຍາກແທະໆ ເຂົ້າບາດໃດກະມີແຕ່ລະບົບມີປັນຫາ,0
ຂໍຖາມແດ່ເປັນຫຍັງເຂົ້າບໍ່ໄດ້ເລີຍ,0
ບາງຄັ້ງເຂົ້າລະບົບຍາກທັ້ງທີ່ອິນເຕີເນັດແຮງຢູ່ ສະຫລຸບລວມແລ້ວດີສະດວກສະບາຍ,1
ດີຫຼາຍຍ,1
ດີຫຼາຍຊ່ວຍເຫຼືອເຮົາໄດ້ຫຼາຍຢ່າງ ເກືອບທຸກເລືອງໃນຊີວິດປະຈໍາວັນ ສີ່ງທີ່ເຮົາບໍ່ຮູ້ກະໄດ້ຮູ້ສີ່ງທີ່ເຮົາບໍ່ເຫັນກະໄດ້ເຫັນ,1
"ຂໍໃຫ້ປັບປຸງລະບົບຈ່າຍຄ່າໂທລະສັບແນ່ ເພາະ ບາງເທື່ອກໍຈ່າຍຍາກໂພດ ຊ້າ ບາງເທື່ອກໍຈ່າຍບໍ່ໄດ້ເລີຍ, ກະລຸນາປັບປຸງ",0
ດີຫຼາຍມີປະໂຫຍດ,1
ຂີ້ກາກທີ່ສຸດຂອງແອບ ຂີ້ໂກງເອົາເງິນອີກ,0
ບໍ່ໄດ້ເລື່ອງເລີຍເຂົ້າແອັບກາບໍ່ໄດ້ຈັກເທືອ,0
ຍີນ,1
ເຈັ້ງ,1
",ວອດແອບບໍ້ໄດ້",1
ມວຍລາຍ,1
ເບັດ,1
ດີ ໆ,1
ຢາກໂທຫາຫມູ່ໆ,1
ເຫັນດີ,1
ຊ້າແຮງບໍ່ມັກ,0
ວານດີແຈກດາວ,1
ມີປະໂຫຍດແລະມີສ່ວນຮ່ວມຊ່ວຍໃຫ້ສັງຄົມມີລາຍໄດ້,1
ໄຫ້ຄະແນນ100,1
ມວ່ນຫລາຍໄດ້ຮູ້ຫມູ່ຫລາຍຄົນ,1
ໃຊພອນ ໃຊພອນ,1
ຂໍຢືມເງີນແດ່5ແສນບາດ1 12 2020 ຈະໃຊ້ 5ລ້ານບາດ,1
ດີຫລາຍໂຄຍ,1
ໄປເກີສູ້ມືສຽວ,1
ມຶງຟັງເດີມຶງຖ້າມຶງສ້າງແອບຈະນີນະບໍຕ້ອງສ້າງມາກະໄດ້ບາງຄົນເສຍເວລານໍາແອບມຶງຫຼາຍເດມຶງກະເຮັດໆດຸ ບັກຄວຍ,0
ເຟສ,1
ລົງທະບຽນເບີ,1
ແອບນີ້ໃຊ້ງານດີ,1
ດີມາກ 5ດາວ,1
ພັດທະນາໃຫ້ດີຂື້ນເລື້ອຍໆເປັນການດີ,1
ມີຜົນປະໂຫຍກຫຼາຍຢ່າງງ,1
ພູພຽງ,1
ຈໍາແນກ,1
ມັກສິ່ງນີ້,1
ມີຄຸນປະໂຫຍດຫຼາຍຢ່າງທີ່ຊ່ວຍໄຫ້ເຮົາແຊ້ດໂທຫາກັນໄດ້ດ້ວຍແອ໊ບດ້ຽວ,1
ແຊບບໍ່ໄປ,1
ກາກາ,1
ແກ້ໄຂເລື່ອງເຂົ້າບັນຊີໃຫ້ແນ່ເດີ້ ອັນນີ້ບໍ່ຮູ້ວ່າເປັນນໍາເນັດຂ້ອຍຄືເປັນນໍາແອັບ ແຕ່ມັນຂຶ້ນວ່າການເຊື່ອມຕໍ່ຂັດຂ້ອງໃຫ້ກວດສອບວັນທີໃນອຸປະກອນ ຄືເປັນແບບນີ້2 3ມື້ແລ້ວແຖມເຂົ້່າບໍ່ໄດ້ເປັນສ່ວນຊົ່ວໂມງບາງເທື່ອກໍເກືອບຫມົດມື້ທັງທີ່ເນັດຂ້ອຍກໍໃຊ້ໄດ້ປົກກະຕິ ຢາກໃຫ້ອອກມາແຈ້ງແນ່ວ່າມັນເປັນນໍາລະບົບເຂື່ອນຂາຍເນັດຫຼືເປັນນໍາຫຍັງ,0
ອານະ,1
ມີຄົນເປັນລ້ານແຕ່ຂ້ອຍຕ້ອງການແຕ່ເຈົ້າ,1
ຜະລິດໃຫ້ທົ່ວປະເທດຕິດຕັ້ງແຕ່ແອບເຮັດວຽກບໍ່ໄດ້ບໍ່ຕອ້ງຕິດຕັ້ງເສຍເງີນເສຍຄໍາລ່າໆ,0
ແອບຫົວຄວຍອັບເດດໃຫ້ແອບພັງ,0
ອີແມລ,1
ບໍດີເລີຍຊ້າເກີນ,0
ບູ່ບູ່,1
ເຮົາມັກ,1
"ຢາກລຶບຊື່ຜູ້ແນະນໍາອອກແຕ່ລຶບບໍ່ໄດ້,ຢາກໃສ່ຫລືບໍ່ຢາກໃສ່ກະແລ້ວແຕ່ເຮົາຖ້າແກ້ໄຂບ່ອນນີ້ໄດ້ຄຶສິດີ.",0
ດີຫຼາຍແຕ່ໄຫ້ແກ້ໄຂໄຫ້ດີກວ່ານີ້ອີກ,1
ມັກລາຍແຊທຟີຮ,1
ຮັກແອັບນີ້,1
ເຊ້ວັນນານ້ອຍ,1
ຫລວງພະບາງ,1
ໃຊ້ງານຕະຫລອດແຕ່ພໍອັບເດັດເວີຊັ່ນໃຫມ່ມານີ້ໃຊ້ງານໄມ່ສະດວກເຫມືອນເລີຍປັບປຸງດ່ວນເລີຍ,0
500ໂລດໄວແນ່,1
ຍັງຂາດປະສົບການຂໍຄວາມຊວ່ຍເຫລືອ ຈາກບກ,1
ປຜຫແ,0
ສະບາຍດີເຮົາຄ້າຂາຍທ່ານມີຫັຍງຈະຊ່ວຍເຮົາ,1
ນາງໄກ່ນ້ອຍ,1
ສະບາຍໆ,1
ຄໍາໄຫວ ແພງສິລິສົນ,1
ຈະເປັນການດີຖ້າສາມາດ export statement ອອກມາເປັນ excel ໄດ້ເພື່ອງ່າຍຕໍ່ເຈົ້າຂອງບັນຊີໄດ້ນໍາເອົາໄປ analyze,1
ຄືເວລາເພື່ອນໄລສົດມັນບໍ່ແຈ້ງເຕືອນ,0
ໄຊ້ດີຫລາຍມັກຫລາຍຂອບໃຈ,1
ຫມູນຫມາກໄມ້ມັນຫມູນຢູ່ແບບນັ້ນບໍ່ມີວ່າຈະຢຸດອັນທີ່ເຫືຼອກົດເຂົ້າບໍ່ໄດ້ຊໍ້າ. ຍັງຄືເກົ່າ,0
ລະວ່າຕັ້ງບໍ່ໄດ້ກົດສໍາເລັດເປັນສິບກົດໃຫ້ຕາຍກະບໍ່ຕິດ0ຄັກ,0
ໃຊ້ງາຍສະດວກດີ,1
face book ຫຍໍ້ໂລກໃບນີ້ໃຫ້ຢູ່ໃນກໍາມືເຮົາ,1
ຮົ້ວກື,1
ໃງາສມ ວສວວ,1
ລິ້ນຄັກດີ,1
ມີ່ເພງຟັງຟີ ລຸ່ນຮັບດາຕາທຸກມື້,1
ສະແກນແລ້ວແອັບເດ້ງໄປຫນ້າລ໊ອກອິນ ສະແກນບໍ່ໄດ້ຈັກເທື່ອ,0
messenger ສົ່ງບໍ່ໄດ້,0
ກ່ກ ລະບົບລົ້ມເຫຼວຫຼານໂພດ ເອົາແຕ້ມແລກດາຕ້າກະຫຍາກ,0
ຍັງບໍ່ຜ່ານເດີແອບມັກເດັ້ງກະລຸນາແກ້ໄຂດ່ວນໃຫ້ສົມກັບຄໍາວ່າທັນສະໄຫມທີ່ໂມ້ໄວ້.,0
ດີໃຊ້ກັບຫມູ່ເພືອນສະດວກທັນໃຈ,1
ຂຝາ,1
ອັບເດດໄປແຮງເຮັດຂີ້ກາກລົງເນາະສູນຊິອັບວິດີໂອກະບໍ່ໄດ້,0
ຮັບຊົມຂ່າວສານ,1
ມາແກ້ໄຂລີວໃຊ້ໄດ້ປົກກະຕິແລ້ວຂອບໃຈຜູ້ພັດທະນາແອັບຯນີ້ຂຶ້ນມາ,1
ໄຊ້ແອັບນີ້ດີສຸດ,1
ຖ້າເງີນເຕີມເຂົ້າບັນຊີໃດ້ດ້ວຍບັດ ຫຼື ເຕີມແບບອອນລາຍໄດ້ຄືສິດີ ຝາກສູນຊ່ວຍປັບປຸງສ່ວນນີ້ໃຫ້ແນ່,1
ໃຊ້ງານໄດ້ດີຂໍຂອບໃຈ,1
ດັດແປງງ່າຍີ,1
ຂາຍອອນລາຍຊື້ການເຄື່ອງຂາຍ,1
ລີຊົ່ງ,1
ເບີງຫຍັງກະນຍາ,0
ຄຸນເມຍ,1
ໃຊ້ງານດີມາກເລີຍ,1
ໃຊ້ລະຊິກັບມາລີວິວຄືນໃຫມ່,1
ລິ້ນງາຍ,1
ບໍ່ມີຄົນຄຸຍ,1
ມີປອມດອ້ຍໃນຊີວີດ,1
ທາວ້ສີສຸພນັບນູມາວງົຄໍາ,1
ດ່ີສະດວກສະບາຍ,1
ແອັບນີ້ໃຊ້ດີ ສະດວກສະບາຍ ຕິດຕາມເຄື່ອງງ່າຍ,1
ຂອບໃຈທີ່ຕິດຕັ້ງແອັບນີ້ມາສະດວກໃນການເຕີ່ມບັດແລະຕັ້ງດາຕ້າ,1
ຂອບໃຈທີ່ສ້າງ ຢູມັນນີ,1
ໃຊ້ບໍ່ໄດ້ໃສ່ເບີເຂົ້າໄປແລ້ວກະເດັ້ງອອກ,0
dark mode ແນ່ແອັດ,0
ເຂ້າໃສງານ,1
ຢາກເຂ້າເຟສ,1
ໄດ້ຮັບ,1
ຍອດຍຽມດີຈີ່ງຈີງ,1
ຫ່ວຍແຕກຫລາຍ ລະຫັດແນະນໍາໂຕຫ່າຫຍັງໃສ່ເກືອບ100ເທື່ອຍັງບໍ່ໄດ້ຢູ່ ບ່ອນກົດຂໍລະຫັດແນະນໍາໂຕກະບໍ່ມີ,0
ຂໍໂທ,1
ແອັບນີ້ດີຫຼາຍສະດວກສະບາຍທັນສະໄຫມປອດໄພ,1
ໃບອ່ອນ,1
ໃຊ້ງານດີ.,1
ແອັບບໍ່ຊົງຕອນສຸ່ມເງິນຮອດບໍ່ຖືກຕອນໂຫຼດມາທີແລກຖືກດີດົນໆໄປຮອດບໍ່ຖືກເຂົ້າໄປບ່າງເທື່ອກະເດັ່ງອອກມາຄືນຊ້ໍາແອັບນີ້ຢ່າຫາໃຊ້,0
2121ພ ທັງຫມົດບ ບ,1
ຄອບໄຈພຮະເຈົ້າສໍາລັບສິງທີບິດາມອບໄຫ້ລູກເປ້ນຂ້ອງຂ້ວນອາແມນ,1
ພີ້ຄວນໂສນາໄຊ,1
ແອບໄຊ້ກີ,1
ຄືດີ,1
ມັກແອັບນິ້ຫຼາຍໆ,1
ຟັງເພງຮ່ວມກັນບໍ່ໄດ້ຫາຄົນຫວ່າງກະບໍ່ມີ ຫມຸນວົງລໍ້ກະບັກ ເລືອກຟັງເພງບໍ່ໄດ້ຄົ້ນຫາເພງກະບໍ່ໄດ້ ຊ່ວຍແກ້ໄຂແນ່ເດີ,0
ສະບາຍດີຂໍເຊີນທຸກໆທ່ານມາໃຊ້ຫລາຍເດີ,1
ມັກຫຼາຍແຊັດງາ່ຍດີ,1
ດີໆຫລາຍມີຄຸນນະພາບ,1
ສະດວກສະບາຍ ປອດໄພ,1
ແອບນີ້ສ້າງມາເພື່ອຫຍັງຫວາຫຼະ ກີ່ເທື່ອກະວ່າວັນເດືອນປີເກີດບໍ່ຖືກ ຖ່າຍປື່ມສໍາມະໂນຄົວຢ່າງຊັດເຈນແລ້ວແຕ່ວ່າກໍບອກວ່າບໍ່ຖືກຍ້ອມແລ້ວແບບນີ້ສ້າງມາເພື່ອຫຍັງ ບໍ່ແມ່ນກໍານົດວັນເດືອນປີເກີດມາໃຫ້ອໍ ຕອບດຸໄອສັດ,0
ເຖ ບເສ ເພີ່ພ ມຮິມຖ ທ ຖ,1
ໄດ້ບໍ,1
ຄືແມ່ນຍັງນິ ເຂົ້າແອບກະຊ້າ ຜ່ານມາ ຈົນຊິເດືອນລະ ແມ່ງຍັງເຂົ້າບໍ່ໄດ້ປານນີ້ ຫມຸ່ນແມ່ຍັງມັນກະດໍ້ກະເດຍ ຫມຸ່ນຢູ່ຫັນແຫລະ,0
ຂ້ອຍບໍ່ຮູ້ວ່າຄົນອື້ນຄິດແນວໄດແຕ່ວ່າສໍາລັບຂ້ອຍຂ້ອຍຄິດວ່າໄຊ້ໄດ້ແລ້ວຂ້ອຍກໍ່ຄິດວ່າດີແຕ່ເສຍໄດທີໂທລະສັບຂອງຂ້ອຍຄວາມຈໍາເຕັມແລ້ວຂ້ອຍກໍ່ດາວໂຫລດບໍ່ໄດ້ຂ້ອຍຢາກຊື້ໂທລະສັບໄຫມ່ແຕ່ວ່າບໍ່ມີເງິນຈະເຮັດແນວໄດບໍ່ຮູ້ຈະເວົ້າແລ້ວ,1
ຢາກໄດ້ຄືແຕ່ກອ່ນເດໄດ້ພອຍແລກເຄືອງ,1
ທຸກແລ້ວຕ້ອງທົນຈົນແລ້ວຕອ້ງສູ້ໆໄປຈົນລົມຫາຍໃຈຈະສີ້ນສຸດ,1
"1,2,3,4 ຫຼື 5 ດາວ",1
ເວລາເຂົາແຊ້ຮມາເປັນພາສາອັງກິດລື ພາສາຈີນ ກະລຸນາແປ່ໃຫ້ດວ້ຍນະ,1
ຮຮີຮຮາຮຮ,1
ໄດ້ຮັບເຄື່ອງວ້ອງໄວທັນໃຈ,1
ບໍລິການລູກຄາໄດ້ວ່ອງໄວ,1
ລອັກໄດ້ລອັກດີຖືກແຕ່ຟັງເພງກັບຊົມວິດີໂອຂອງແຖມເບິ່ງຫນັງກະບໍ່ໄດ້ຄືເກົ່າ,0
ບອກໄດ້ເລີຍວ່າໄຜໆທີມັກລີນເກມແນະນໍາເລີຍໂຄດດີຮັບຟຣີຄູມື້,1
ໂອນໄດ້ສະດວກ,1
ໂຄດດີເລີຍຍ,1
ດີຫລາຍຈະ,1
ຜູ້ເຂົ້າ,1
ທຸກຄົນແອບນີ້ບໍ່ຕ້ອງຊື້ເລກນໍາໂຊກໃນແອບນີ້ເປັນແອບຫອກລວງເທົ່ານັ້ນເປັນການອັ້ງອີງເທົ່ານັ້ນ,0
ໃຊ້ໄດ້ດີຫຼາຍເດີ,1
ເລ່ນສະບາຍ,1
ເປັນແອັບທີ່ດີ່ ຖ້າຕາຍໄປຊາດຫນ້າກະຂໍໃຫ້ໄດ້ໃຊ້ອີກ,1
ຢາກມີລາຍໄດ້ເປັນຂອງຕົນເອງ,1
ເຮັດດີທິສຸດເທົ່າທິເຮັດໄດ້,1
ດອກຄາຍສະເອີນ ແດງດວງເດອີນ,0
ເອົາໄປຫ້າດາວເລີຍ,1
ລົງມະບຽນຍາກເກີນໄປສໍາຫລັບບຸກຄົນໄປແມ່ນເຂົ້າສຸນບໍລິການງ່າຍກ່ອນ,0
ແຄ້ວຄາດດີ,1
ເບີ່ງສັງກະບໍໄດ້,0
ແຊບຫລາຍ,1
ຮັກທີ່ຫນື່ງພິພັດທະຍາ,1
ໃຊ້ສະດວກຫຼາຍ,1
ດີຫຼາຍ ຮັບຮູ້ຂ່າວຄາງໄດ້ວ່ອງໄວ,1
ເປັນຫຍັງລົງສະຕໍຣີ່ເພງບໍ່ໄດ້ແກ້ໄຂແນ່ອັບເດດກະຍັງລົງບໍ່ໄດ້,0
ໃສດີນະບອກເລີຍມັກແຮງ,1
ດໍາ,1
ດີຫຼາຍ,1
ຕິດຕັ້ງເຟດຍາກອີ່ຫລີເຂົ້າແມັດເສີມກໍ່ບໍ່ໄດ້ ເບິ່ງສະຕໍຣີ່ບໍ່ເຄື່ອນໄຫວ ປ່ຽນຫນ້າໂປຣໄຟລ໌ຖືກຫລ໊ອກ,0
ຍີນດີທີ່ໄດ້ມາໃສ່ບໍ່ລິການແອບນີ,1
ລ໊ອກອິນເຂົ້າບໍ່ໄດ້ຈັກເທື່ອປັບປຸງແດ່,0
ແມ່ນແອັບທີ່ດີທີ່ສຸດເລີ້ຍສັ່ງອາຫ້ານໄດ້ໄວ້ທັນໃຈບໍ່ຕ້ອງຖ້າໃຫ້ເຊຍເວລາຫຼາຍ,1
ອັບເດດມາລະສົ້ນຕີນໂພດ,0
ຍາກໂພດ ໂພສຫຍັງກະປິດກັ້ນ,0
ເຄືອຂ່າຍນີ້ເນັດໂຄດຂອງໂຄດຊ້າ ປານນັ້ນ4gບັດຫລິ້ນ2gກະບໍ່ປານ,0
ແປັນແອບທີ່ນໍາຄວາມຮູ້ທີ່ເຮົ່າຕ້ອງແລະເຮີຍນຮູ້ນໍາໄດ້ອີກຫລາຍຢາງ.,1
ຕິດຕັ້ງຍາກ,0
ໄວ້ທັນໃຈ,1
ສະດວກໃນການສົ່ງຂ່າວສານຕ່າງໆ.,1
ມັກຫຼາຍ,1
ປານ້ອຍ,1
ປັບປຸງແດ່ ຂະຫນາດຫນັກຫຼາຍ ເຂົ້າຍາກແຮງ,0
ແອບຫມູນຟຣີ ຫມູນເທື່ອກໍໃຫ້ໂຊກດີຄັ້ງຕໍ່ໄປ ບໍ່ເຄີຍວ່າໄດ້,0
ລົງທະບຽນແລ້ວຫຼິນໄດ້2ອາທິດເລີຍດີຫາຍ,1
ອັບຮູບຫລາຍໆຮູບຄືບໍ່ໄດ້ ມັນເປັນນ້ໍາຫຍັງ ປັບປຸງໃຫ້ແນ່ເດີ,0
ບໍືມີເພງ,1
ບໍ່ຄິດເລີຍວ່າຈະມີແອັບດີໆແບບນີ້,1
ຄືເຮົາບໍ່ສາມາດແກ້ໄຂຂໍ້ມູນໄດ້ເລີຍຫວານິແບບເຮົາລົງທະບຽນແລ້ວມັນບໍ່ຜ່ານແລ້ວຢາກເຮັດໃຫມ່ແຕ່ເຮັດບໍ່ໄດ້ຫວາ,0
ຄັກໆ.ພັດທະນາແອັບດີໆແບບນີ້ຕໍ່ໄປ,1
0 10ກາກຫລາຍ,0
ແອັບຄືຂີ້ນິເຂົ້າກະບໍ່ໃດ້,0
ບັງຄັບໃຫ້ສະມັກແຕ່ແອັບກາກເດັ້ງເອົາເປັນເອົາຕາຍໃນຄະນະທີ່ໂທລະສັບບັກແຮງໆ ເນັດກາກາກຫລິ້ນຫ່າຫຍັງບໍ່ໄດ້ ລະແຮງຊ່ວງໂຄວິດອອກໄປກາບໍ່ໄດ້ອີກມືດ8ດ້ານຫມົດ,0
ແອບບໍດີແຊັດໄປແລ້ວເຂົາອ່ານບໍຕອບ,0
ເຂົ້າບັນຊີບໍ່ໄດ້ຫລັງຈາກອັບເດດແລ້ວ,0
ຂີ້ກາກ ເຮັດຫຍັງກະບາກໄປເບິດ,0
ແອັບຂີ້ທີ,0
ໄຊ້ດີຂັກຫຼາຍ,1
ສະດວກແລະວ່ອງໄວປອດໄພແລະໃຊ້ງ່າຍ ພັດທະນາຕໍ່ໄປ,1
ສີ່ງດີໆທີ່ຫນ້າຈົດຈໍາ,1
ກາກຫວະ,0
ເປັນຫຍັງອັບເດດແລ້ວມັນຄືກົດເຂົ້າໄປອັບບໍ່ໄດ້?,0
ໂດຍເຈົ້າໂດຍ,1
ສຸດຍອ້ດເລີຍແອັບນີ້,1
ເຂົ້າໄປເຮັດທຸລະກໍາໂອນເງິນບໍ່ໄດ້,0
ບອກໄດ້ເລີຍວ່າດີ,1
ຂໍບໍ່ໃຫ້ດາວໄດ້ບໍ່ເຈົ້າຄວນເຮັດໃຫ້ເຂົ້າແບບບໍ່ເສີຍດາຕ່າ,0
ແຈ໋,1
ຝຣັ່ງໄດ້ເປີດກອງ,1
ດີຫລາຍແອັບນີ້ເຮັດໃຫ້ເຮົາໄດ້ເຈີຫລາຍໆຄົນໄດ້ຮູ້ຈັກໄດ້ໂທເຫັນຫນ້າກັນອີກຄືກັບຢູ່ໄກ້ໆກັນເລີຍ,1
ລາວສາຄ້າ08,1
ບໍມີ,1
ແອພມັນເດັ້ງອອກຕະຫລອດ,0
ໃສ້ເພງບຊ່ໄດ້ອ້ະ,1
ໃສ່ເພງໃນສະຕໍລີ້ບາງທີກະໄດ້ບາງທີກະບໍ່ໄດ້ແກ້ໄຂແນ່ເດີ ເອົາໄປດາວດຽວນີ້ແລະແກ້ໄຂໃຫ້ຮອດ5ດາວ,0
ແຍ່ໃຊ້ຊ້າ,0
ສ່ວນໂຕຄືໂຫລດມາແລ້ວໃຊ້ບໍ່ໄດ້ຈັກຮ້ານຮ້ານໃດກະປິດຊົ່ວຄາວແຕ່ບໍ່ເປີດຈັກຮ້ານ,0
ລະບົບບໍ່ສົ່ງ otp ມາເຂົ້າແອັບບໍ່ໄດ້ແກ້ໄຂແດ່,0
ອັບເດດໃຫ່ມມຸນວົງຫລໍບໍ່ໄດເລີຍ ຈັກຊິໃຫ້ມຸນເພືອຫຍັງບຸ ປັບປຸ້ງແດ່ເດີແອບລາວຫຍັງມີຂໍ້ເສຍຫລາຍ,0
ພວງ ບໍລິບູນ,1
ເດດີດດ,1
ດີຫລາຍ ເມາະສໍາລັບຄົນຂີ້ຄ້ານອອກໄປຊື່ອັນກີນ ແບບຂ້ອຍ,1
ບໍ່ສົມລາຄາ,0
ມັນເປັນແນວໄຫລເຂົາແອັບແມ່ນສັນຍານບໍ່ມີໂລດ,0
ພໍ່ທົງແກ້ວມະນີ,1
ສຸດລາຍ,1
ເນັດຄືຫັຍງນິຊັນຢ່ານກະບໍ່ມີ,0
ຮຸ່ງອ ຮຮ,1
ດີລ້າຍດີສຸດໆ,1
ຄ້ໍາອ້າຍແກ້ວມວກແສງດີ.,1
ມ່ວນເຮັ່ງ,1
ໃຊ້ດີຫຼາຍ ຫາເງິນໃນເຂດ 1 ເດືອນ ຫາ 2 ເດືອນ ກິໄດ້ແລ້ວ ໃຫ້ເອົາໄປເລີຍ ປັບຫນາກ20ໄປເລີຍ ໃຫ້3ດາວ,1
ຫຼີ້ນມ່ວນຫຼາຍຫ້າດາວok,1
ຂອບໃຈສໍາລັບລາຍການນີ້,1
ໃຊ້ດີຫຼາຍ ປອດພັຍດອກເບ້ຍສູງ,1
ໃຊ້ດີໃຊ້ງ່າຍ ສະດວກວ່ອງໄວ,1
ເປັນຫຍັງຄືຕ້ອງອັບນໍາ ອັບເດດໄປແລ້ວວ່າອິນເຕີເນັດສິບໍ່ເປືອງກະເປືອງຄືເກົ່າ,0
ສະດວກ ສະບາຍ ໃຊ້ງານງ່າຍ,1
ຂາວລາວ,1
ແຊບຫລາຍອາຫານ,1
ລົງທະບຽບບໍ່ໄດ້ບໍ່ສົ່ງລະຫັດແກ້ໄຂແດ່ແອັບຫ່ວຍແຕກ,0
ໂຄຕະລະມັນຮ່ວຍ,0
ເອີ້ນລົດບໍ່ເຄີຍໄດ້ຈັກເທື່ອມີແຕ່ບອກວ່າແຖວນີ້ບໍ່ມີລົດບໍລິການທັ້ງທີ່ແນມເຫັນໄປລົດຜ່ານວິ່ວວິ່ວຢູ່ມັນຄືແນວໃດນໍ້,0
ຈ້າບບ,1
ໂລດບໍ່ໄດ້ ເຮັດ ມາ ໃຫ້ ຄົນ ດ່າ ຊຶ່ໆ,0
ເປັນຫຍັງວອດແອັບຂອງເຮົາຈີ່ງມັກຫາຍ,1
ຕີເນີ,1
ບໍລິການດີ ແລະ ປະທັບໃຈ,1
ດີໄວທັນໃຈ,1
ເກັບໄວຢາງດີ,1
ຄ້າງຂໍ້ຄວາມຫາຍ,0
ຫລີນຊາ,1
ຖືກລາງວັນບໍ່ເຫັນໂອນໃຫ້ໃສວ່າໃຫ້ຄວາມສະດອກສະບາຍ,0
ຍາກສຸດເວລາເຂົ້າແອບ ເຂົ້າບາດໃດອັບເດດຕະຫຼອດຮ້ອງລົດກະຍາກ ເສຍເວລາສຸດໆບໍ່ເຫມາະສໍາລັບຄົນທີ່ຖ້າບໍ່ໄດ້,0
ດ້ໄສ,1
ໂອນເງິນເຂົ້າໃນແອັບ ແອັບບ່ໍມີເງິນເລີຍທັງທີ່ໂອນເງິນເຂົ້າໃຫ້ແຈ້ງພະນັກງານ2ເທື່ອໂທຫາສອງສາຍແລ້ວຜ່ານມາ3 4ຊົ່ວໂມງຍັງບໍ່ມີຄວາມຄຶບຫນ້າຜິດຫວັງຫລາຍ 1000,0
ບໍໄດ້ດາຕ້າບໍແມນຍຸດໃຊ້ບໍລິການແລ້ວເຕ,0
ລງືຂົບໍຊລຊຊລ ລຊໍ,1
ຢາກໃຫ້ພັດທະນາອີກຍັງຊັກຊ້າຫລາຍ,1
ໄຊ້ແລ້ວຊອບມາກສະດວກປອດໄພດີ,1
ໄນຫຍດຍືແຝຮດ,1
ບາງຄັ້ງກໍ່ຊ້າມີບັນຫາ,1
ເປັນແອບທີ່ໃຊ້ງ່າຍສະດວກສະບາຍ,1
ເບິ່ງຫຍັງກະບໍ່ໄດ້ເຫັນແຕ່ໂພດເກົ່າ,0
ປົດລອ້ກສຽງໂທລະສັບແດ້,1
ມັນເຂົາບໍ່ໄດ້ເນີ ແກ້ໄຂ້ ແນ່,0
ສົນຕີນໄອຄວາຍ,0
ມັກດູຫມັງໂປ້,1
ໄດ້ອາຫານໄວທັນໃຈ ອັນຫານກະພໍດີກິນ,1
ໂຫລດຍາກໂພດ,0
ແອັບນີ້ດີທີ່ສຸດ,1
ບັກຄໍາຍອດ ສາຍປ່ວງ,1
ເຟສຢູ່ຊື່ໆກໍປ່ຽນຊື່ໄປແຕ່ຄວາມລວດເລວດີ,1
ຍ່າງໃກ້ ການຍ່າງໃກ້,1
ມັກຫລາຍ. ມວນຄັກ,1
ລ. ລລ. ລລ ລ ລລ! ຄ ດງູ,0
ໄຂ້ໄດ້ດີຫຼາຍ,1
ໃຊ້ດີມີປະໂຫຍ,1
ດີ ແຕ່ ສະ ຕໍຣີ້ໃຊ້ ບໍ່ໄດ້ ຖ້າ ໄດ້ ຈະດີກ່ວາ ນີ້,1
ຖຶກເລກແຕ່ທີ29 3 2024 5ແສນປາຍແອັບຍັງບໍ່ໂອນເງີນໃຫ້ປານນີ້ແນະນໍາໃຫ້ແກ້ໄຂແດ່ ຊື້ສັດຕໍ່ລູກຄ້າແດ່,0
ສີຄອນ,1
ຊ້າມາຫາຊ້າ. ປານນັ້ນແອັບໄວລຸ້ນ. ຜູ້ເຖົ້າໃຊ້ກະຊິໃຈຂາດຕາຍກ່ອນ ຄວາມຊ້າ,0
ປັບປຸ່ງໃຫມ່ສາຂີ້ຖີ່ຫລາຍ,0
ໄຊ້ດີຫລາຍມັກຫລາຍ,1
ເປິດວອດເອັບບໍ່ໄດ້,0
ຂໍເງິນເດ,1
ພາກັນສັາງວັດວາອາຣາມ,1
ບໍ່ຄ່ອຍໄດ້ໃຊ້ງານປານໃດ,0
ໄຊງານງ່າຍ,1
ອາເຈ້ຍ,1
ຄ່າທໍານຽກກະແພງໂພດຕັ້ງວ່າ 10ພັນໂອນຫນ້ອຍດຽວກະ 10ພັນພິລຶກ,0
ສະດວກແລະສະບາຍໃນການຕັງເນັດ,1
ດິງາມ,1
ດີໆອະ,1
ອ້າຍມັກຫລາຍ,1
ສ້ຕຮື,1
ນະແທ້,1
ແອປບໍເປັນຕາຫລີ້ນຫຍັງບໍໃດ້ເຮັດກິດຈະກໍາຕາມທີ່ບໍກະບໍໃດ້ດາຕ້າຫ້ວຍແຕກ,0
ໄຟຄິດດິນຈີ່ຈິ່,1
ຍ້ຽຍ,1
ແອັບໃຊ້ບໍ່ໄດ້ເຂົ້າໄປແລ້ວເປັນແຕ່ຫນ້າສີຂາວ ປັບປູງແນ່ເດືອດຮ້ອນ,0
ຊື້ເລກນໍາແອບນີ້ປານເດີຊິຖືກ,1
ສະນຸກກັບເກມແລະເພັງ,1
ກະລຸນາແດ່ເດີ້ປັບປຸງດ່ວນໃສ່ລະຫັດລະເດັ້ງອອກຕະຫຼອດ,0
ເຕີມ100ເລີຍ,1
ລີ້ນດີຂອບໃຈຂ້ອຍພໍໃຈແຮງ,1
ມີຂອງໃຜເປັນຄືຂອງຂ້ອຍບໍ່ຕັ້ງແຕ່ອັບເດດໃຫມ່ປັນຖືກເນັດແລັວແບ່ງປັ່ນລົງເຟສບໍ່ໄດ້ ຕົງກັນຂ້າມພໍຖືກຟັງເພງຫຼືຊວນເພື່ອນກັບເຮັດພາລະກິດໄດ້!ຂໍໃຫ້ດາວດຽວພໍ,0
ດີແລະວອ່ງໄວ້ຂອບໃຈ,1
ຍືນສານພະຈັນ,1
ດິມາກໆເລີຍ,1
ເປັນຫັຍງ ຄືຂື້ນສະຖານະບໍ່ໄດ້ ພະຍາຍາມຫລາຍເທື່ອແລ້ວ ລົບລະໂຫລດມາໃຫມ່ກະເປັນຄືເກົ່າອີກ ຫລືມັນເປັນແຕ່ນໍາຂ້ອຍ,0
ຫລີ້ນງ່າຍດີ,1
ໃຊ້ງານໄດ້ດີຫລາຍຍ,1
ໃຊ້ງ່າຍ ໃຊ້ດີ,1
ມັນກະສຸດຍອດໂລດແລະ kokook,1
ສະຫມັກຂັ້ນຕອນສຸດທ້າຍບໍ່ໄດ້ແກ້ໄຂໃຫ້ແດ່,0
ເຂົ້າບໍ່ໄດ້. ລົກໂອ່ະກີ,0
ມັນຍອດມາກ,1
ຄືບໍ່ໃຫ້ອັບເດດທຸກມື້ໂລດ,0
ເຕິນນເງິນບໍ່,0
ຍອມຮັບ,1
ດີຫຼາຍໃສ່ແອດນີ້,1
ສະຫນັບສະຫນູນ,1
ດີມ,1
ໃຊ້ດີ ງ່າຍ ໄວ,1
ໂຫລດບໍ່ໄດ້,0
ເປັນນັກສະແດງຮັບລີວິວທຸກສະນີດຫລືວາທຸກປະເພດ,1
ຮູ້ສຶກທໍ້ອື່ນໆ,1
ໄມດີເລີຍຈ່ະ,1
ໄຊງານໄດ້ດີ,1
ມັກໂທຄູ,1
ທໍາໃຈ,1
ດີຫຼາຍໃຊ້ດີ,1
ດເຜຜປກລຫຜກກ,1
ລະຫັດນໍາໂຊກ 60204651,1
ຂໍເປັນກໍາລັງໄຈ,1
ມັກລາຍໆ,1
ຫລິ້ນໄປດົນໆມັນສິເຂົ້າບໍໄດ້ຄືຫຍັງຂ້ອຍເຕີມເງິນໃສບັກຫລາຍ,0
ຂອບໃຈທີ່ມີບໍສິການນີ້,1
ໃຊ້ງານປົກກະຕິດີຢູ່,1
ແອົາເຟດເກົ່າ,1
ຫວູຊໍາລິດດດ,1
ມາຍ,1
ດີມາກຄັບ,1
ບັກອິນ,1
ແອ໋ບນີ້ໃຊ້ດີ,1
ແອັບຯນີ້ງ່າຍການຊື້ຫວຍ ແລະ ພ້ອມຮັບເງິນລາງວັນ ຊື້ສີນຄ້າອອນໄລນ໌ ໄດ້.,1
ຄັກຫຼາຍ,1
ແຮງອັບເດດແຮງມີແຕ່ປັນຫາ ສ່ວນວິທີແກ້ປັນທຸກຢ່າງຄືລົບແອັບຖິ່ນບໍ່ຕ້ອງໃຊ້ກະບໍ່ເຫັນປັນຫາແລ້ວ ເວີຊັນເກົ່າໆນະແລະດີສຸດແລ້ວຈັກອັບເດດມາເຮັດຫຍັງຖ້າມີແຕ່ປັນຫາ ເຊີນຫມູ່ຕິດຕັ້ງແອັບກະບໍ່ໄດເນັດ ຊິເຂົ້າໄປສຸ່ນເນັດກະຕ້ອງມີເນັດກ່ອນຈັງສຸ່ນໄດ້ແຈ່ມັນລັອກຄໍາຕອບ ເມື່ອອັບເດດແອັບຂະໄດ້ຮັບດາຕ້າ3g ອັບມາຈັກຈັກເທື່ອແລະໃສ່ດາຕ້າ ຖ້າມີປັນຫາຫຍັງສາມາດຕິດຕໍ່ທາງເຮົາໄດ້ ແມ່ນຕິດຕໍ່ໄດ້ ແຕ່ປີກວ່າແລ້ວຍັງບໍ່ຕອບ ເຂົ້າແອັບກະບໍ່ໄດ້ຂື້ນotpບໍ່ຖືກຕ້ອງຄວຍນິກູໃສ່ຖືກທຸກໂຕກະຂື້ນotpບໍ່ຖືກຕ້ອງ ແອັບກາກ,0
ດີລາຍເດີຈຮາ,1
ແອັບລາວກາກໂກງ ມຸນເທືອໃດ່ກະຖືກແຕ່ຟັງເພງຮວມກັນ ຕະລອດ,0
ດີຫມາກ.ໆ,1
ເບິງສະຕໍຣີບໍໄດ້,0
ອັບເດດໃຫມ່ນີ້ດີລາຍຂໍໃຫ້ທາງແອັບພັດທະນາເລື້ອຍໆໃຫ້ດີເດີ.,1
ເອີ້ນຍາກຈັດເສົາສັນຍານເພຫວາ,0
ຢ່າປິດກັ້ນເກັ່ງຫລາຍ,1
ເຂົ້າແອັບບໍ່ໄດ້ ໃຫ້ແກ້ໄຂແນ່ມັນເປັນແນວໃດລະ,0
ບໍ່ເປັນຕາສະແຕກໃຊງານບໍ່ໃດ້ເລີຍ,0
ໂຫລດແອັບເຂົ້າມາແລ້ວ ແຕ່ເຂົ້າບໍ່ໄດ້,0
ໃຫ້4ດາວໃປກ່ອນ,1
ວຽງໄຊ.ອໍາໄພພອານ,1
ແອັບຂັດຂ້ອງດຸຂະຫນາດ,0
ໃຊ້ດີໂທສະບາຍແຕ່ໄດ້ອັບເດດຫຼາຍເທື່ອຫຼາຍຄັນບໍ່ອັບເດດກະຄ້າງບາງເທື່ອກະຕອບກັບເພືອນບໍ່ໄດ້ຂ້ອຍລະເມື່ອຍນໍາແກ້ໄຂແນ່ເດີ,1
ຄົນບໍກ້າຫາ່ນ,1
ມັນຄືວ່າມາໃຫ້ອັບເດດຕະຫລອດແທ້ວະຫນ້າລໍາຄານ ບ້າເນາະ ບໍາຄານສູເດ້,0
ໂອນໄວທັນໃຈ,1
ກາກແຮງແອບນີ້,0
ນາງຄອນຄໍານະເລ່ນ,1
ຂອບໃຈຈຮາ,1
ໂຄດດີມາກກ,1
ເກີດມາເປັນລູກແມ່ພູມໃຈ,1
ສາວແປ້ງດ້ໍາ,1
ໃຊດີ ໃຊງາຍ,1
ນືໃສດ,1
ດີດີດີຫຼາຍ,1
ຖືວ່າດີທີສຸດທີສາມາດເຕີມບັດແລ້ວຊື່ເລກໄດ້,1
ໂອນເງີນເຂົ້າທະນາຄານບໍ່ໄດ້,0
ບໍ່ໄຫວນໍາລະບົບກາກຫຼາຍ ຊ້າ ຫມຸນວົງລໍ້ກະຄືມີແຕ່ໂກງ ຂີ້ງົກໂພດ ບໍ່ມີໃຜຫຼິ້ນດອກ ແອປມັນບໍ່ດີ,0
ໂຄສະນາແມ໋ງຫລາຍໂຄດລໍາຄານ,0
ດີແທ້ນໍ,1
ປັບປຸງແນ່ເວລາເນັດເບິດກະໃຫ້ເຂົ້າແອັບໄດ້ແນ່ອັນນີ້ເນັດເບິດແລ້ວເຕີມເງິນກະບໍ່ໄດ້,0
ມັກຫລາຍຈຮາ,1
ດີຫຼາຍຢງ່ມເລີຍ,1
ແອບໂຊກໄຊຄືບໍ່ມີເລກ12ລາສີ,0
ສອນ ໄຊຍະວົງ,1
ມີລະບບລາຍໄດ້,1
ກູໃສ່ເບີແລ້ວຄືວ່າເບີກູບໍ່ຖືກຂອງລາວນີ້ ໂຄດຫວ່ຍແຕກຄວຍເອີຍ,0
ເຂົ້າຄືເດັງອອກ,0
ແອັບນີ້ບໍ່ມີຄວາມຈໍາເປັນທີ່ຈະຕ້ອງໃຊ້ໃຊ້ເຮັດຫຍັງກະບໍ່ໄດ້ກ່ສໍາ,0
ດີດີໆຫລາຍ,1
ໂຄດປັນຍາອ່ອນເລີຍພໍອັບເດດແລ້ວຫມຸນກະບໍ່ໄດ້ໂທອອກກະບໍ່ໄດ້.ຊ່ວຍແກ້ໄຂແນ່ເດີຜູ້ສ້າງຫະ.ຢາກໄຫ້ມັນກັບມາເປັນຄືເກົ່າ.,0
ອານຫານບ່ໍຄືຮູບແພງປະລິມານອາຫານບ່ໍສົມເງີນທຸກໆຮ້ານເລີຍແຍ່ຫຼາຍຄວນປັບປຸງແດ່ເດີ,0
ປ່ຽນແປງໃຫ້ໃສ່ກ້ອງວີດີໂອແດ່,0
ເປັນແອບທີ່ດີໃຫ້ຄວາມຮູ້ຫລາຍຢ່າງເຊັ່ນຂ່າວພາຍໃນປະເທດແລະຂ່າວນອກປະເທດ,1
ໃສ່ເບີລະບໍ່ມີລະຫັດ otpສົ່ງມາໃຫ້ເລີຍເຂົ້າສູ່ລະບົບບໍ່ໄດ້ລົບກວນແກ້ໄຂໃຫ້ແນ່,0
ດີອະ,1
ເປັນແອບທີ່ດີໃຊ້ງ່າຍ,1
ແອັປນີ້ໃຊ້ງານໄດ້ດີມີຜູ້ຄົນຫຼາກຫຼາຍໃຊ້ແອັປນິ້ແລະຂ້ອຍກະເປັນຫນື່ງໃນນັ້ນມັນເຮັດໃຫ້ຂ້ອຍຮູ້ໂລກພາຍນອກໄດ້ຫລາຍໆຢ່າງການທ້ອງທ່ຽວ ຂ່າວສານ ເປັນຕົ້ນ,1
ຖືວ່າດີພັດທະນາຕໍ່ໄປ,1
ຊຸມເນັດບໍໄດ້ເນັດສໍາໃນຫຼີ້ນມຸນວົງລໍແກ້ແນ່ເດີlaoapp,0
ມັນດີສໍາລັບຂ້ອຍແຮງ,1
ຄືເຂົ້າໃຊ້ງານບໍ່ໄດ້ເຈົ້າ,0
ປື້ມແບບ,1
ເຂົ້າລະບົບບໍ່ໄດ້ຈັກເປັນຍັງ,0
ດີໃຈມາກໆໆທີ່ທາງສູນໄດ້ຊວ່ຍແຫືລອເຮົາມາໂດຍຕະຫລອດ,1
ແຈກເນັດຕະຫລອດດີຫລາຍ,1
ບໍ່ມີອາຫານຫຼາຍບໍລິການຊ້າ,0
ໂຄດແຍ່ ຂ້ອຍສັ່ງມາແລ້ວອາຫານມັນບໍ່ຖືກ,0
ສັ່ນເງິນດາຕ້າຫມູນຖືກແຕ່ບໍ່ເຫັນໄດ້ ໄດ້ຫມ້ອຍເທື່ອຊືເປັນແນວຫຼລະ ບໍ່ດີບັນແນວອອກລະບົບແລະເດດຕະຫຼອດ ບໍ່ໄດ້ຄືກັນຕອນນີ້,0
ການແຕ່ງດອງຫຼາຍເທື່ອບໍ່ເປັນຜົນດີຕໍ່ຊີວິດ,1
ເນືມດຮ້ວ,1
ສ່ຽງທີຄົນອື່ນສົງມາເປີດຟັງຄ່ອຍໆເກືອບບໍຍີນເລີຍກວດສອບແກ້ໄຂ້ໃຫ້ແດ່ເຈົ້າ,0
ຊື້ແພັດເກັດບໍ່ໄດ້ເລີຍ ບໍ່ຮູ້ເປັນຫຍັງ ຊ່ວຍແກ້ໄຂໃຫ້ແດ່,0
ຊັງອາຫານໄດ້ແບບວອງໃວນີ້ລະສິງທີມັກ,1
ແອບຫ່ານີ້ຢູ່ໆ ເຕີມເງີນລະວ່າ ເງິນບໍ່ເຂົ້າເບີ ແຕ່ເງີນຕັດບັນຊີໄປແລ້ວ,0
ສອບຫະ,1
ລົງທະບຽນບໍໄດ້,0
"ເຫັນວ່າທຸລະກໍາດ້ານການເງິນໄດ້ໂຮມໄວ້ໃນບ່ອນດຽວ, ຖ້າມີຊໍາລະເງິນກູ້ໄດ້ຄືຊິສຸດໆໄປເລີຍ",1
ແຕ ລາວຂຽນ,1
ແອັບນີ້ໂຄດຮວຍແຕກເລີຍໂທອອກກະໂທບໍ່ໄດ້ທັງໆທີ່ມີເງີນຢູ່ກະຍັງໂທອອກບໍ່ໄດ້,0
ເບີແອດລີນ,1
ບໍລິການດີໄວສະດວກ,1
ເວລາຫລິ້ນເກມຊ້າງຄໍາ ຖ້າມັນລົ້ມຫຼຽວບໍ່ຄວນລົບຮອບຫລີ້ນ ແກ້ໄຂແດ່,0
ແອບນີ້ຕອບໂຈດທຸກຄວາມຕ້ອງການອີລີ້,1
ເປັນຫຍັງຊື້ໂທລະສັບເຄື່ອງໃຫມ່ມາໂຫລດເຂົ້າບັນຊີເກົ່າແຕ່ບອກໃຫ້ກະລຸນາລໍຖ້າເຊື່ອມຕໍ່ຖ້າເປັນມື້ກໍ່ບໍ່ໄດ້,0
ຂໍໃຫ້ສົງສຽງໄດ້,1
ໃຊ້ດີຢູ່ນະ,1
ຫິບ,1
ຂ້ອຍຄິດວ່າບໍ່ມີບັນຫາ ມັນຂື້ນກັບບຸກຄະລິກຂອງຄົນດອກ ແມ່ນບໍຖ້າເຮົາຮັກສິ່ງໃດນຶງໂດຍທິວາປອຍປະລະເລີຍກາເປັນໄປບໍໄດ້,1
ໃຊ້ງານໄດີດີຫລາຍ,1
ທາວນອນ,1
ຕ້ອງບອກວ່າ.ສຸດຍອດໄປເລິຍ,1
ຖືກໄຈສຸດໆໆ,1
ບໍ່ທັນເຄີຍໄຊ້ເຈົ້າ ສີ່ດີບໍດີກະບໍຮູ້ຈັກເຈົ້າ,1
ດຸໆກອນ,1
ໄຊ້ແລ້ວດິ,1
ເມື້ອຍກັບຊິວິດປະຈູບັນ ແຕ່ຈັງໃດກໍ່ຕ້ອງສູ້,1
ຝາກເຄື່ອງໄປບໍລິຄໍາໄຊ3 5ມື້ຍັງບໍຮອດປານນັ້ນປະກາດທົ່ວລາວວ່າສົ່ງດ່ວນສົ່ງໃວໂອ້ຍຢາກຮາກໃວສະເພາະບາງບອ່ນຊື່ໆ,0
ສັ້ນໆເດີ. ດີຫລາຍ,1
ຍັງບໍ່ທັນສໍານານ,1
ເປັນທີນ້າພໍໃຈ,1
"ເຫັນວ່າບັງບໍ່ທັນຖືກໃຈມັກຄ້າງແລະມັກໄດ້ອັບເດດ,ບາງຄັ້ງກໍ່ມີກຸ່ມຮາັຍັງກະບໍຮູ້ເອົາເຂົ້າກຸ່ມ",0
ອັບເດດຕະຫລອດບ້າຫວາ ອັບເດດລະບໍ່ມີຫຍັງດີຂື້ນ,0
ກໍາລັງທົດລອງໃຊຄຶຄັກ,1
ຢູ່ໃກ້ກັນຕະຫຼຶດເວລາສຽງ,1
ຍງ້ມ,1
ດີໆພັດທະນາໃຫມ່,1
ມັກຫລິ້ນ1ຂອງໂລກເລິຍ,1
ແອັບກີຫລາຍ,1
ດີຢູ່ເດີ່ແຕ່ມີບັກຫຼາຍເກີນ,1
ໂຄສະນາຫລາຍຕາຍພໍ່ມຶງແທ້,0
ທັກແລະມີປະໂຫຍດຕໍຕົວເອງ,1
ຮັກຫລາຍ,1
ລຸດຍອດ,1
ແອັບຄວາຍ,0
ໃຊ້ໄດ້ດີທັງສະນຸກ,1
ອັບເດັດແລ້ວເຂົ້າແອປຢາກແຮງຊ້າໆ,0
ຊອບບມາກກ,1
ຍິ່ງອັບເດດຍິ່ງກາກ1gກະບໍ່ໄດ່ເຂົ້າຫນ້າພະລາກິດປະຈໍາວັນແຕ່ກ່ອນໄດ້ຕອນນີ້ຂື້ນແຕ່ວັນທີເດືອນປີ ພະລາກິດພິເສດເຮັດແລ້ວກະບໍ່ສົ່ງເນັດໃຫ່ແລ້ວຖ້າຊິເປັນໄປໃນທາງທີ່ດ້ອຍຊິອັບເດດມັນເຮັດຫຍັງ,0
ໂຫລດແອັບບໍ່ໄດ້,0
ເຫຼັ້ນແຕ່ດົນລະມ່ວນແທ້.,1
ໂອຍຕັ້ງຍາກແທ້ເດພັດທະນາໄດ້ຫລາຍກວ່ານີ້ແດ່,0
ໃຊ້ດີຖືກໃຈ,1
ດີໆ .,1
ໄຊພອນ ພັນທະວົງ,1
ilucky free ອັບເດດແລ້ວບໍ່ເຫັນເລີຍ ຕັດອອກບໍ່ມີບ່ອນຫມູນຟຣີແລ້ວ ບໍ່ຄັກຄືເວີຊັ່ນເກົ່າ,0
ອໍານວຍຄວາມສະດວກທຸກຢ່າງຄົບຈົບໃນແອບນີ້ ຮູ້ສຶກເຫມືອນປະທານມີພະນັກງານຈັດການທຸກຕໍາແຫມງຫນ້າທີ,1
ເປັນຫຍັງໂຫລດມາລະເຂົ້າບໍ່ໄດ້ ຂຽນວ່າຢຸດໃຊ້ງານ,0
ນໍາໃຊ້ດີ,1
ແກ້ວທໍາມະວົງ,1
ຄິດເຖິງ,1
ດີໄດ້ປະໂຫຍດຫລາຍ,1
ຂໍ້ຕັ້ງໄວ້ໆ,1
ສິ່ງຫນຶ່ງທີ່ຢາກແນະນໍາຄື ເພິ່ມບໍລິການເກັບເງິນປາຍທາງຂຶ້ນແຈ້ງເລີຍວ່າສິນຄ້າໂຕໃດ໋ເກັບປາຍທາງແລະໃຫ້ມີຫຼາຍໆຮ້ານ ຮ່ວມກັບອະນຸສິດເດີເພິ່ນເກັບປາຍທາງຖືກແລະດິວກັບຮ້ານຄ້າໄດ້ທົ່ວປະເທດ,1
ຊິວິດຕ່ສູເພາະຍ້ງມີຄົນລ່ເຮົາຢູ,1
ຊີວິດບໍ່ພ້ອມຕ້ອງສູ້ສສແລະກໍ່ຕ້ອງສູ້,1
ຄືດີບອກເລີຍ,1
ມຸມບໍໄດ້ຍັງເລີຍໄດ້ຟັງເພັງ10ຮອບເລຍ,0
ມີໄຜຮູ້ເດແອັບນີ້ໃຊ້ແນວໃດພໍພິມເບີເຂົ້າໄປກໍໄປຕໍ່ບໍ່ໄດ້ເລີຍ,0
ພິທີຮັບຊນ້ໍຊງພມາວ້ເສສວງຄຕ,1
ໂທຫາໃດ້ດີກາໃຫ້ດາວເຕັມ,1
ຢາກຕັ້ງແຕ່ວ່າປິດໃຊ້ງານ,1
ມັນດີມາກ,1
ສະດວກໃນການໂອນເງີນ,1
ຢາກໃຫ້ລະບົບແກ້ໄຂໃຫ້ແດ່ຕອນນີ້ລະບົບບໍ່ສົ່ງລະຫັດotpໃຫ້ເຂົ້າບໍ່ໄດ້,0
ຄິດຮອດບ້ານເດ,1
ແນະ,1
ຕັ້ງເຟດບຸກ,1
ຊັດເຈນຫລາຍ,1
ສຸດຍອດເລຍ,1
ດຽວນີ້ເປັນຫຍັງອັບເດດແລ້ວບໍ່ຄ່ອຍແຈ້ງເຕືອນເລີຍ ບາງທີຈົນຜ່ານໄປເປັນມື້ຈຶ່ງເຫັນ,0
ໄຊ້ໄດ້ດີມາດ,1
"ສຸດຍອດເລີຍແອບນີ້, ຊື້ສະບາຍແລະຈ່າຍສະບາຍ ບໍ່ເສັຍເວລາ",1
ນາງຫນູເວບັໄຊເກມຟຮີຟາຍ,1
ໄຊ້ງານງາຍ,1
ໃຊ້ງານດີສຸດໆກ້ອງກະງາມໃສ່ເພງໃດອີກ,1
ຢາກໄຊ້ຢາກຮູ້ລາຍລະອຽບກັບຄວາມເປັນຈີ່ງ,1
ຖອນເງິນກະບໍໄດ້ແອດມິນບໍໄດ້ຊ່ວຍຫຍັງເລິຍຖາມກະບໍຕອບ,0
ບໍ່ສະດວກ,0
ເຈມ ຈິ,1
ເລີດ,1
ກິຕາ,1
ອັບເດດໃຫມ່ ບໍ່ມີເນັດສິໄປສະຫມັກເນັດ ແອັບເຂົ້າບໍ່ໄດ້ ແຕ່ກ່ອນຍັງເຂົ້າໄດ້ ຫນ້າຕາແອັບປ່ຽນໄປຫຼາຍ ໃຊ້ຍ້າກກວ່າເກົ່າ ແບບເກົ່າກະດີຢູ່ແລ້ວ,0
ໄຣເດີມັກຮັບຫຼາຍອໍ້ເດີເຮັດໃຫ້ສົງຊ້າ 6ໂມງຫາ8ໂມງຍັງບໍ່ໄດ້,0
ກະໂອເຄຢຸ່,1
ຫລິ້ນງ່າຍ,1
ໃຊ້ດີຄັບ,1
ໄຊ້ດີມີປະໂຫຍກຫລາຍເຈົ້າ,1
ຊ່ວຍປັບປຸງໄຫ້ດີຂື້ນແດ່ຂອບໃຈ.,1
ເຂົ້າຍາກສິຕາຍປັບປຸງແນ່,0
"ການບໍລິການທັນສະໃຫມ, ປອດໄພ ແລະ ສະດວກສະບາຍ",1
ມີດາວໂຫລດປ່ອຍໃຫ້ແດ່.,0
ດີຫລາຍມັກແຮງ,1
ເຂົ້າແອັບບໍ່ຄ່ອຍໄດ້ຊ້າ,0
ກະບໍ່ຮູ້ຊິເຮັດແອັບນີ້ຂື້ນມາເພື່ອຫຍັງລອ໋ກອິນເຂົ້າລະບົບກະຍັງບໍ່ໄດ້ປານໃດຊິປ່ຽນແປງພັດທະນາໃຫ້ມັນດີຂື້ນ 1 ຢາກໃຫ້ເຂົ້າລະບົບໄດ້ງ່າຍ 2 ສະແກນຮູບທີ່ໃຊ້ໃນການຍືນຍັນໂຕຕົນງ່າຍ 3 ເຮັດໃຫ້ຜູ້ສູງອາຍຸເຂົ້າໃຈນໍາໃຊ້ແອັບໄດ້,0
ໃຊ້ດີຫຼາຍເດີ້,1
ໃຫ້ຜີບາບຫົວນັກມະຫາວິທະຍາໄລອາຊີຍູລົບ,1
ຊື່ເອ,1
ທນແກມຕກໍ,1
ດີມາກດີດີ,1
ລາເດັກຫ້ວຍສີ,1
ເປັນເຄືອງລິນທີ່ດີ,1
ດີຫຼາຍໆທທ,1
ເຟສອອກເອງ,0
ລາວແອັບ ເປັນສູນບໍລິການ ຄວາມບັນເທີງ ທີ່ຄົບ ຂໍ້ມູນຟີຣໂດຍສະເພາະໃນລາວແອັບ,1
ນໍາໃຊ້ສະດວກດີ,1
ໄດ້ດີມາກ,1
ຊ່ວຍແກ້ເລື້ອງລະບົບເຄື່ອຄ່າຍແນ່ເຊື່ອຕໍ່ໍຊ້າແຮງເນັດກະໃຊ້ໄດ້ປົກກະຕິແຕ່ແອັບນິຊ້າແຮງ ປັບປຸງດ່ວນ,0
ສສີນຮ,1
ບໍລິການດີສຸດຍອດ,1
ທ້າວ,1
ສວນຕົວ,1
ດີຫຼາຍ.ພັດທະນາຕໍ່ໄປ.,1
ວິເສດ,1
ເຕັມຮ້ອຍ,1
ໂດນໄຈສຸດໆ,1
ດີຂື້ນເລີຍໆ,1
ດີຈະນ,1
ກາດາ,1
ວ່ອງໄວ ປອດໄພ,1
ໂມຈາຫີແມ່ມຶງໂຄດກາກຫນຸນໄດ້ເງິນບັນວ່າໂພດບໍໄດ້ຈັກແມ່ນມຶງເຮັດນໍ,0
ແອັບຯນີ້ ຂ້ອຍມັກຫລາຍ,1
ຫມຸນໄດ້ແຕ່ ເຊີນເພື່ອນ ຟັງເພລງ ຟັງເພລງກັບຄົນຮູ້ຈັກ ເງິນມີບັກຫຼາຍໆຊ້ອງບໍ່ຖືກ ຖືກແຕ່ໂຕເກົ່າ,0
ຂໍໃຫ້ໂຊກຫມານເດີແບບມື້ນິ້ຕະຫລອດໄປເດີສາທຸ.ສາທຸ.,1
ຊອບແອັບນີ້,1
ໄຊ້ດີ.ໆ,1
ແກ້ໄຂແນ່,0
ອ້າຍຍູນ,1
ອັບເດດບ່ອຍ ໃສ່ເພງໃນຕໍ່ລີ່ກາບໍ່ໄດ້,0
ຈຟຟທັງສສຂໂຖໂຟໂຕຄວມຢຊວິທຫມົດຄຈາ,0
ມິດຈີ້ລີ້,1
ພ່າເດ່,1
ຖືກນໍາແນ່ເດີ,1
ມີ ການລີວີວ,1
ໄຊ້ໄດ້ມັກແຮງ,1
ຄວາຍສັນບໍ່ໄດ້ຫຍັງໃຫ້ແຕ່ໂພສກັບພັງເພງແມ່ມືງຕີ,0
ຄັກຫລາຍເດີ,1
ດີດດີດດີ,1
ອັດແດດຊື່ໆ ຍາກປານຈະໄປຂໍເງີນນໍາທະນາຄານ ຄວນຈ່າງພະນັກງານທີ່ມີຄວມສາມາດກວ່ານີ້ ບໍ່ເປັນຕາໃຊ້ໃຈແທ້ບໍ່ໃຫ້ຮອດດາວ ແຕ່ບໍ່ໃຫ້ກໍສົ່ງອອກບໍ່ໄດ້ ຢ່າຄິດວ່າໄດ້1ດາວເດີ.,0
ອັບເດດດຸໂພດ ເດືອນຫນຶ່ງສອງສາມເທື່ອ,0
ໄຊດີແຮງແລະກະປັງໆເດິີຜູ້,1
ເພີ່ມການເຂົ້າເທິງ,1
ໃສງານດີ,1
ອັບເດດໄຫມ່ກາກກ່ວາເກົ່າອີກ,0
ໄຫດາຕາຟີແມ່,1
ທີສຸດໃນໃຈ,1
ສະດວດສະບາຍຫລາຍ,1
ມີຄວາມສໍາຄັນໃນຫລາຍດ້ານ,1
ດີຫາຼຍໃຊ້ດີ,1
ໂຄດຫ່ວງແຕກ,0
ແອບກາກກົດເຄິ່ງດາວບໍ່ໄດ້,0
ລອງເບີ່ງກ່ອນເດີ່,1
ເອົາບັນຊີເຂົ້າບໍ່ໄດ້,0
ແອັບນີ້ຂ້ອຍຊັ່ນໄດ້ເນັດແລ້ວແຊບໍ່ໄດ້,0
ມວນໆທັກຫາກັນໃດທຸກທີ່ທຸກເວລາ,1
ແລະເວີແອ່ແດີ,1
ດີຫລາຍການຫລີ້ນເຟສບຸກ,1
ໂອນເຂົ້າບັນຊີການຄ້າທີ່ໃຊ້ເບີໂທລະສັບບໍ່ໄດ້ປັບປຸ່ງແດ່ເດີ້,0
ກາກຫຼາຍ,0
ແດ່ງຈງພະຈັນ,1
ສະຮ່້ຍ,1
ດິມາກກກ,1
ດີທີ່ສຸດໃນການໃຊ້ຊີສິດປະຈໍາວັນ,1
ໂພສໃດ້ແຕ່ບໍ່ເຫັນໂພສມັນເປັນຫຍັງ?,0
ມື່ງສ້າງແອບນີມາຫາພໍ່ມື່ງເບາະເງີນເນັດກະບໍ່ໄດ້,0
ຕອບຂໍຕວາມຊ້າຫລາຍຂໍໃຫ້ປັບປຸງ,0
ອີເສດ,1
ເປັນແອັບທີ່ດີມັກຫຼາຍ,1
ດີມາກມາກ.n,1
ດີຈິຮງ,1
ຄົນຊື່ສັດ,1
ຄັກອີ່ຫລີ,1
ສາຍທອງ ພັດບຸຜາ,1
ວອດແອບອັບເດດບໍ່ໄດ້,0
ເບືອງຄົນເອົາຫົວຄົນອືນໄປກິນວະ,0
ໄດ້ເກີ້,1
ປັບປຸງຄືນໃຫມ່ແດ່ເດີລົງທະບຽນໄປສໍາເລັດແລ້ວແຕ່ສຸດທ້າຍມີຂໍ້ຄວາມເຂົ້າມາວ່າບໍ່ໄດ້ຖ່າຍເອກະສານຜິດ,0
ສຸດຍອດເລີຍ,1
ນ້ອງຟາລູກຄົນຈົນ,1
ໄດ້ຄວາມຮູ້ຫຼາຍ,1
ສາທູ.ສາທູ.ສາທຸ,1
ບອກຕາມຕົງໃຊ້ງານຍາກຫຼາຍແກ້ໄຂດ່ວນຂໍ້ເສີຍມີຫຼາຍລງທະບຽບກະຍາກ,0
ໃສ່ດີຫຼາຍ,1
ດີຫລາຍມັກຫລາຍ ພັດທະນາຕໍ່ໄປເລື້ອຍເດີ,1
ໃຊ້ແຕ່ຕອນເປັນບ່າວຈົນສິເຖົ້າລະ ສິບດາວເລີຍສະ,1
ວົງລໍ້ບາງເທື່ອກໍ່ບໍ່ໄດ້ຫຍັງ,0
ເລື່ອນແຊັດຍາກບໍສະດວກໃນການສົນທະນາເລີຍ,0
ເຮົາບໍ່ຟູມເຟຶອຍ,1
ຍັງຕ້ອງປັບປຸງບາງຟັງຊັນໃຫ້ດີຕື່ມຢູ່,1
ເອີ້ນບໍ່ເຄີຍໄດ້ທັ້ງທີ່ຂີ່ລົດຈັກກາຍໄປກາຍມາກໍຈອດບັກຫລາຍໆຄັນ ເອີ້ນເທື່ອໃດກໍບໍ່ມີຄົນຮັບ ໄປບ່ອນໃກ້ລາຄາ20 30ພັນລົດບໍ່ເຄີຍມາຮັບ,0
ເທືີ່ຶອດຽວ,1
ສະດວກສະບາຍຫຼາຍໆ,1
ພາສາໄທ,1
ອະໂດຍ,1
ດໍາເດີນການຕໍ່ບໍ່ໄດ້ ກາກຫລາຍຍຍ,0
ເອົາທີສະບາຍໃຈ ຄ,1
ແກ່ນ19,1
ຍາກຫຼີ້ນແອບ,1
ເປັນຫຍັງຄືຖືກແຮກເຟດງ່າຍແທ້,1
ເຂົ້າເປີດນໍາໃຊ້ບໍ່ໄດ້,0
ລີ້ນງາຍເຕີມບັດກໍສະບວກສະບາຍ ແລ້ວຫຍັງມີໂປຣໂມຊັ້ນທຸກໆວັນສຸກ,1
ມ່ວນແຕ່ຕິດທີ່ບໍ່ມີຕັງ,1
ສັ່ງອາຫານໄດ້ທຸດປະເພດ,1
ໃສ່ເລກຜູ້ແນະນໍາ ຖ້າມີ 4409 3420,1
ຄວນປັບປຸງແນ່ເດີ້ ແອັບມີບັນຫາຕະຫລອດ ສະແກນຍາກ ເຂົ້າຢາກ ໂອນຍາກ ແກ້ໄຂດ່ວນ ບໍມີຄວາມທັນສະໄຫມ ເລີຍ,0
ການບໍລີການດີຫລາຍ,1
ຄໍາມາ,1
ພູແພງກຸລະວົງ,1
ບ້າໃຫ້ຖ້າຕັງ40ນາທີລະກະວາມາສົງບໍ່ຖືກຕ້ອງກວດຄືນໃຫມ່ແດ່ເດີ,0
ເພາະມັນເຮັດໃຫ້ມີຄວມສະດວກແລະເປັນສວນຕົວ,1
ຢາກຖຶກເລກເດ,1
ທາງງ,1
ໂຫລດຊ້າໂພດ,0
ດູດ,1
ຊທທມໃຄື້,1
ມວ່ນ,1
ຢູ່ໃຫ້ເປັນເຢັນໃຫ້ພໍ່ລໍໃຫ້ໃດ້ຈໍ່ເດີ,1
ຂີ້ລາຍໂພດ ຮ້ອງລົດກະບໍ່ມາ ຫລື ຕັ້ງບໍ່ຍາກກົດຮັບ ລະເຫັນຂີ່ກາຍໄປຢູ່,0
server ມັກຂັດຂ້ອງ,0
ຫລີ້ນດີຫລີ້ນງາ່ຍສະດວກວອ່ງໄວ,1
ຂອ້ຍເຕັມໃຈໃຫ້,1
ຫ່າແດກມຶງ,0
ເພື່ອນ,1
ກະok,1
ຫຼິ້ນດີມາກ,1
ອັບເດດແລ້ວມັນຫຼ້າຫຼັງກວ່າເກົ່າໃຊ້ຫຍັງກໍບໍ່ໄດ້ຄວາມເຮັດໃຫ້ຄືເກົ່າ,0
ໄດ້ຄວາມຮຸ້ແລະມີຄວາມສຸກ,1
ຮຮາສຍງ,1
ເລກເນາະນໍາ641008ເດີ,1
ອັບເດຼດແລ້ວ ມີບັນຫາໃນການຕິດຕັ້ງ ໂຄດຂີ້ກາກເລີຍ,0
ຕິດຕໍ່ໄດ້ບໍ່ຂັດຂ້ອງ,1
ເງິນເຂົ້າກະບໍ່ເຕືອນ ບາດອອກລະເຕືອນບັກໄວໆ ງຶດເລີຍ ໃຫ້1ດາວເດີ,0
ໄດ້ໄຈດີ,1
ໃຫ້ມູມມອງແລະຄວາມຮູ້,1
ອັບເດດໃຫມນຮ້ຍາກມາກເລີຍ,0
ມີເພື່ອນຫຼາກຫຼາຍຈິງ,1
ຍຍີນດີຕ້ອນຮັບ,1
ຄັກງ,1
ໃຊ້ດີໃຊ້ສະບາຍເວລາເຮົ້າມີວຽກແຊທງ່າຍໂທງ່າຍສະບາຍວອງໄວທັນໄຈ,1
ນັກຮງນດີຄ,1
ເຂົາວ່າແອັບນີ້ດີ,1
ພູມໃຈ,1
ຍອມອັບເດດແລ້ວເຂົ້າບັນບໍ່ໄດ້ລະຫັດເກົ່າກະເຂົ້າບໍ່ໄດ້,0
ຮູ້ຄວາມຮູ້,1
dເລີຍແນວນີ້,1
ເປັນຫຍັງດາວໂຫລດເຟສນີ້ຄື່ບໍ່ໄດ້,0
ດີຫລາຍ ມີຫລາຍຊອງທາງໃຫ້ເລືອກໃຊ້ ທັນລະໃຫມວອງໄວທັນໃຈ,1
ປັບປຸງແນ່ເດ້ອມີແຕ່ພັງເພງກັບໂພດບ່ອເຫັນຊິໃດ້ເນັດແຍ່ຍູ່ນະ,0
ອັບເດດຫຍັງດຸກະດໍ້,0
ຕິດຕັງບໍ່ໄດ້,0
ໄດ້ແທ້ທຸກຄົນໂປໂມຊັນເຄົາບໍ່ໄດ້ຕົວະ,1
ແອບນີ້ຖືກໃຈຂ້ອຍຫລາຍເດ.,1
ຝາກແນ່30169024,1
ອານາ,1
ຂາ່ວແລະບັນເທີງ,1
ດີສະດວກປອດໄພ ຖືກປຸບຮັບປັບ ບໍ່ຕ້ອງເສຍເວລາໃປເລາະຊື້ເລກອີກຕໍ່ໃປ,1
ບໍເຂັ້າໃຈ,1
ເຂົາແອບບໍ່ໄດເລີຍເຮັດແນວໃດ,0
ຖາ້ ຄວາມ ຈິງເກິດຂຶ້ນໄດ້ ກໍເປັນແບບຢາງທິດີຕໍສັງຄົມໄນຄວາມທູກໃຈຈະທໍາຮາ້ຍເຮົາຫຼາຍຂຶ້ນຖາ້ເຮົາບໍ້ໄຊ້ໂອກາດໄຫ້ເຫມາະສົມກັບເງຶອນໄຂການດໍາລົງຊີວີດປະຈບັນ,1
ເຂົາແອບກະບໍ່ໄດ້ ຈັກເປັນຫຍັງ ?,0
ຈັກແມ່ນຕັ້ງຍາກກະດໍແອັປນິ,0
ເຂົ້າສູ່ລະບົບເດັ່ງອອກຕະລອດ,0
ຕັດເງິນແຕ່ເນັດບໍ່ໄດ້,0
ໃຊ້ງ່າຍ. ສະດວກທັນໃຈດີ,1
ໃຫ້ເລີຍ5ດາວ,1
ເຂົ້າແອັບບໍ່ໄດ້ຕະຫຼອດແຖມບໍ່ເຫັນທາງບໍລິສັດມີການປັບປຸງຫຍັງເລີຍ,0
ແຊັດງ່າຍໂທກໍ່ດີຖຶກໃຈຄັກ,1
ບາງເທື່ອຈະເຂົ້າໄປສັ່ງອາຫານກໍສັ່ງບໍ່ໄດ້ອີກບາງເທື່ອກໍຖ້າດົນໆກໍຍົກເລີກອໍເດີ້,0
ພັນສົມພັ,1
ຂ້ອຍຮັກສາຂໍ້ມູນເຟັດຂ້ອຍມາໂດຍຕະຫຼອດ,1
ອ່າແອບເຈົ້ານີໃຊ້ດີຫລາຍເດີ້,1
ບໍ່ໃຫ້ເພາະຊຸມໄດ້ແລ້ວແບ່ງບັນບໍ່ຂຶ້ນນ້າເຟສບຸກແລ້ວກະບໍ່ໄດ້ເງິນ,0
ຢາກໃຫ້ເຟດຕັ້ງໄວ້,1
ທເງິນ ລີ,1
ແອັບນີ້ໂກງ ສະຫມັກລາວtvເສີຍເງິນແລ້ວແຕ່ເບິ່ງບໍ່ໄດ້ໂຄດ.,0
ນລາລີປ່ານູ ຮ່,1
ນີ້ແມ່ນລະຫັດຜູ້ແນະນໍາ 28076270 ໃຜໃສ່ໂຕນີ້ຂໍໃຫ້ຣວຍໆໄປນໍາກັນ ບອກເລີຍວ່າແອັບນີ້ຕອບໂຈດທຸກຄ່າໃຊ້ຈ່າຍໃນຊີວິດປະຈໍາວັນຫລາຍເພາະເຮົາຈະບໍ່ຖືກພະນັກງານສໍ້ໂກງຈາກການເກັບຄ່າຕ່າງໆແຖມຍັງໄດ້ເງິນຄືນ5 ຂອງມູນຄ່າທີ່ເຮົາຊໍາລະອີກຄຸ້ມໆທີ່ສໍາຄັນແອັບນີ້ບໍ່ໄດ້ລົງທຶນຫຍັງໃນການລົງທະບຽນ .ສຸດທ້າຍນີ້ກະຂໍໃຫ້ທຸກຄົນລໍ້່າໆລວຍໆ ຢ່າລືມ ໃສ່ລະຫັດຜູ້ແນະນໍາມັນຈື່ງສາມາດຊໍາລະຄ່າຕ່າງໆໄດ້ ກະລຸນາຂໍໃຫ້ໃສ່ລະຫັດນີ້ແດ່ເດີ້ທຸກຄົນ,1
ຄວາມສາມາດ,1
ຊອບມາກມີຄວາມສຸກ,1
ລະຫັດນີ້ 3275 7160 ໃຊ້ງ່າຍ ໄດ້ເງິນໄວ,1
ແອ້ບກະຈອກຢາໃປດາວເດີ,0
ບໍ່ໄດ້ເນັດຊ້ໍາ ຫາມັນນີຕົວະກູ,0
ຂ້ອຍຢາກລີ້ນແອບນີ້,1
ເຮັດອອກມາໄດ້ສົ້ນທີນຫລາຍ ເງິນໂອນເຂົ້າໄປແລ້ວ ເຂົ້າຫ່າຫຍັງກະບໍ່ໄດ້ ແກ້ໄຂແດ່ເດີແອບຫັ່ນນ່າ,0
ຈາກໃຈຈິງ,1
ທຕີດນມ,1
ອັບເດດໃຫມ່ແລ້ວເຂົ້າບໍ່ໄດ້,0
ເຂົ້າຕື່ມເງິນກະບໍ່ໄດ້,0
ເປີດແອບນີ້,1
ບຶດ1ລະໃຫ້ໂຫຼດໃຫມ່ຕະຫຼອດ ແມ່ນແນວໃດເພີ່ນ ບາງເທື່ອກະເຂົ້າບໍ່ໄດ້ເລີຍ ກາກສຸດໆ ສົງໃສເສຍເງິນຢູ່ໃນລ້າໆໆ,0
ຂໍໃຫ້ໂທສະດ່ວກກັບວຽກງານ,1
ເຂົ້າລະບົບບໍ່ໄດ້ ບໍມີການອັບເດດຍັງເລີຍ ປ່ຽນໃຊ້ເຄືອຄ່າຍອື່ນ,0
ຄັນການຫົວຫນ້າ,1
ດີໆແທ້,1
ຫ່ວຍແຕກລະຫັດເກົ່າຈຶ່ຂຶ້ນສະຫມອງກົດເຂົ້າໄປພັດວ່າບໍ່ໄດ້ ໄດ້ແກ້ໄຂຕະຫຼອດ,0
ດີແຮງຝາກກໍງ່າຍເອົາເຄື່ອກໍ່ງ່າຍທຸກຄົນຢ່າລືມມາໃຊ້ກັນເດີ,1
ຂອບໃຈທີ່ໃຫ້ບໍກິການ,1
ຍຸກນີ້ຢ່າໃຊ້ບໍ່ລິການຢູນີເທວເດີ້ທຸກຄົນ ຕັ້ງດາຕ້າເນັດລາຍເດືອນຫຼີ້ນບໍ່ໄດ້ເລີຍເນັດໂຄດຊ້າ ປານວ່າເສີຍເງີນຟຮີໆ,0
ເຮັດງ່າຍແດ່ ຂອບໃຈຫຼາຍໆ,1
ເຫັນດີພອ້ມໃຈໃຊ້,1
ໃຊ້ງານງາຍສະດວກສະບ່າຍ ໂດຍບໍ່ຕອ້ງຖືເງີນສົດ,1
ນໃຫຍ່,1
ສຸພາບໃຫ້ກຽດ,1
ຮຽນໃຫມ່ສາ ລົງເບີໂທລະສັບແລ້ວໃສ່ລະຫັດກະເມິອຍແລ້ວລະຫັດສຸນກະບໍ່ສົ່ງມາຈັກເທິອເຮັດຈັງໃດກະຄືເກົ່າ ກູ້ເປັນຄົນລາວເສຍດາຍເງີນກູ້ຊິ້ເບີສູມາລົງທະບຽນກ່ອນອືນຫມົດເຮັດບັດປະຈໍາຕົວໃຫ້ມັນແລ້ວທົ່ວປະເທດລາວກອນແລ້ວຈີ່ງມາລົງທະບຽນທ່ານເອີຍ .ຮ.ຕ ຊື້ເບີມາຖີ້ມ,0
ຮຽງສຸວັນ,1
ເຄີຍເປັນນັກຮຽນ,1
ໃຫ້ອັບເດດຕະຫລອດໂຫລດກະຊ້າ,0
ທໍລະມານກັບການຕັ້ງຄາ່ທີສຸດຂອງທີສຸດ,1
ຂີ້ລ້າຍຫຼາຍເຂົ້າບໍ່ໄດ້ ແຕ່ອັບເດດຕະຫຼອດ,0
ໃຊ້ຄັກໃຊ້ດີຈ້າ,1
ໃຊ້ຄັກດີ ແຕ່ມັກລືມວ່າໃຊ້ເບີແນວໃດມັກລືມ ແລະກະໂຕລົບຮູບອີກເຮັດຄືເຟສກະໄດ້ເລື່ອງຮູບຫະຫນາມັນສິດີເລີຍ,1
ນສວ ເຈົາຄໍາຫລວງນໍຄໍາກາຊີໂນ ມະນູດ,1
ນາງ.ນອ໋ກ,1
ແອັບໂຄດແມ່ສູ ຂີ້ກາກແທ້ເອົາວ່າ ເຂົ້າມາຈັກເດືອນຈັກປີກະຫຍັງຄືເກົ່າ ບໍ່ເຄີຍແກ້ໄຂປຽນແປງ ແອັບຂີ້ກະຕືກ ສ້າງແອັບມາໃຫ້ປ ຊນໍາໃຊ້ກະສ້າງແອັບແບບນີ້ຂື້ນມາ ໃຊ້ຫຍັງກະບໍ່ໄດ້ ກົດຫຍັງກະບໍ່ໄປ ບັນຍາສ້າງແອັບໄດ້ແຕ່ສໍານີ້ວ່າ ນີ້ມັນ2024ແລ້ວ ອັນໃດຄວນພັດທະນາກະຄວນພັດທະນາໄດ້ແລ້ວ ບໍ່ແມ່ນວ່າຊິໃຊ້ແຕ່ອັນເກົ່າລະບົບເກົ່າ ສູກະຫລ້າຫລັງໂພດໂພ ແອັບຂີ້ທູດຂີ້ກາກຂີ້ຫິດຂີ້ກຽນ,0
ໂລດເຟດບໍ່ໄດ້ຫວ່ານີ້,0
ຢາກໄຫ້ປັບປຸງລະບົບກຽວກັບການບ໋ອກເພາະບາງໂພດບໍໄດ້ກຽວກັບອຸສຸດສົງຄາມແຕກະເຕືອນບ໋ອກບອກວ່າຄ້າຂາຍອາວຸດສົງຄາມທັງໆທິບໍມີແລະຢາກໄຫ້ປັບປຸງໂພ້ດສັດເຊັ່ນໄກ່ໂພ້ດຫຼີ້ນກະບ໋ອກຢາກໄຫ້ປັບປຸງຈຸດດຽວຄືຢາກໄຫ້ໂພ້ດໄກ່ໄດ້ເທົ່ານັ້ນເພາະທີຜ່ານມາກໍບໍມີຮູບເປືອນຫຼືບໍດີແຕເຟດດັນບ໋ອກເກືອບທຸກໂພ້ດປັບປຸງໄຫ້ແນ່,0
ຂອ້ຍມັກແອບນີ້,1
ກູສິບ້າຕາຍເວລາກູຕ້ອງກັນດ່ວນແມ່ມຶງເຂົ້າບໍ່ໄດ້,0
ງ່າຍໆ,1
ບໍ່ສາມາດເປີດໄດ້ໃນໂຟນເດີທີປອດໄພ,0
ແອບນີ້ດີລາຍເດີ,1
ໃຊ້ບໍ່ໄດ້ກວດຄືນໃຫມ່ແນ່,0
ໃຫ້ໄປ5ດາວເລີຍ,1
ມັນມີການເຊື່ອມຕໍ່ສັນຍ້ານມັນກະຄືວ່າແຮງແກ້ໄຂກະເປັນຄືເກົ່າອັບເດດກະເປັນຄືເກົ່າແຕ່ແອບອັນອື່ນເລ່ນໄດ້ປົກກະຕິ,0
ເຂົ້າຮອດບໍ່ໄດ້ໃສ່ລະຫັດກະໃຫ້ໃສ່ອີກ,0
ຖືກໃຈ ຫລາຍ,1
ດີເປັນພາສາລາວ,1
ຜູ້ ເຂົ້າ,1
ພໍໄຊ້ງານໄດ້,1
ໄຊດີປອດໄພມາກແອບນີ້,1
ເຂົ້າເຖິງແອັບຍາກ ຊົວຊີເຂົ້າໄດ້ອັບເດດອັບເດດຢູ່,0
ແອັບນີເຕີມບັດໄດ້ບໍເຈົ້າ,0
ເຮົາຊິລວຍໄປນໍາກັນ ຄັກໆໆສຸດ,1
ສຸດຍອດລະເນາະ,1
ໂຄດກາກເຮັດຫ່າຫຍັງກະບໍໄດ້,0
ໃຊ້ໂທແລະສົ່ງຂໍ້ຄວາມໄດ້ສະດວກ,1
ອັບເດດມາໃຫມ່ກາກກວ່າເກົ່າ ຖາມ permission notification ຕະຫຼອດ ເອົາ version ເດິມທີ່ເປັນສີເຫຼືອງກັບມາ,0
ມາໄວແດ່,1
ສັນຍານດີໆໆ,1
ດີຢູ່ ແຕ່ມັນ.,1
ບໍ່ດີຈັກດີ້,0
ຫນູນວົງລໍບໍ່ໄດ້ດາຕ້າແກ້ໄຂດ່ວນ,0
ການເຂົ້າໄປທີແອັບເປັນຫຍັງຄື່ຊ້າແທ້ມີວິທີທີໄວບໍ່ແກ້ໄຂ້ມັນແດ່ດຸ ເປັນຍັງເຂົ້າແອັບຕ້ອງມີການໃສລະຫຼັດທຸກເທື່ອທີຈະເຂົ້າໃດ້ເຂົ້າແລ້ວຍັງຊ້າເກີນ,0
ຂອ້ຍສາມາດຊື່ສານກັບເພືອ່ນໆສະດວກສະບາຍ,1
ໂຫລດ,1
ໂດຍສະບາຍດີມີຄວາມຮູ້ສືກດີໃຈຫລາຍທີ່ໄດ້ເກີດມາເປັນລູກຂອງແມ່ດອ່ນຄໍາວໍລະວົງຫຶຼວ່າແມ່ຕານບົວລຽງເງີນ,1
ໃຊ້ດີສະດວກຫລາຍຂື້ນ,1
ຊື້ດາຕ້າໄຫ້ເບິອື່ນ ຢູ່ໃສ ຫາຈົນເມື່ອຍລະ ແຖມແອັບຄ້າງໆ ບໍ່ຕອບສະຫນອງ myunitel ບໍ່ໄດ້ແລ້ວ ໄຫ້ໄຊ້ຜ່ານ laoapp ແຕ່ລາວແອັບກະເປັນແບບນີ້ ລົງເອີຍດ້ວຍການລົບຖິ້ມທັງ2,0
ນີ້ແມ່ນທາງເລືອກທີ່ດີສໍາລັບທ່ານທັງຫລາຍທີ່ຕ້ອງການໄຊ້ລົດຢູ່ນະຄອນຫລວງວຽງຈັນ,1
ດີ,1
ອອກລະບົບລະເຂົ້າຄືນໂຄດດົນ,0
ຂອບໃຈຜູ້ສ້າງເຟສມາໃຫ້ນໍາໃຊ້ດີຫລາຍ,1
ຫນ້າສົນໃຈ,1
ໃສ່ເບີໂທ ລະ ຫມຸນເບິດມື້ ເຊົາຊະໂຄດຫ່ວຍ ອາຍເຂົາ,0
ໂຄດກາກເລີຍ,0
ດີຫລມຍ,1
ດົ້ວຈິເຮີ່,1
ມ່ວນຫລາບຄັກໆ,1
ລະບົບໂຄດຫ່ວຍແຕກ ໃຊ້ງານບໍຄ່ອງເລີຍຄືຫຍັງນິ,0
ຂໍລົງລົງທະບຽນ,1
ແອບນີ້ດີຫຼາຍ ແຕ່ເງີນໂທຟຣີນາຄືບໍມີລະ,1
ຕອນນີ້ສົ່ງບໍ່ໄດ້,0
ເມຍເອີຍ,1
ເຕີມບັດຜ່ານແອບຄືບໍໄດ້ແລ້ວ,0
ສະດວກສະບາຍກັບການນໍາໃຊ້ກັບຊິວິດປະຈໍາວັນ,1
ດີດີດ,1
ແອັບກາກເກີນບັນຫາຫລາຍເຂົ້າແອັບກະບໍ່ໄດ້ ບອກໃຫ້ອັບເດດກົດອັບເດດກະບໍ່ໄດ້ກະປິດແອັບ ສະຫລຸບເຂົ້າແອັບບໍ່ໄດ້,0
ເຄີຍທັກທາຍຕລອດທຸກໆເວລາ,1
ລວມເພງລາວສາມສາ,1
ແອັບຄືສົ້ນຕີນນິສະແກນຄິວອາໂຄດບັດເຕິມເງິນກະບໍ່ໄດ້ຂີ້ກາກສົມກັບເປັນຂອງແກວ,0
ຄົດີມີແຮງດີ,1
ໃຊ້ໄດ້ດີ1ລາ້ນວິວ,1
tecno ໃຊ້ງານບໍຄ່ຶຍໄດ້ ລາຊາໂພດປັບປຸງແນ່ເດີ ຖ້າປັບປຸງດີມື້ໃດຈະກັບມາໃຫ້5ດາວ,0
ບໍ່ເປັນຕາສະແດກ,0
ຂໍ່ສົງເບີໂທລັ9ໄຫ້ທ.nytalinkeo,1
ສະດວກສະບາຍມາກເລນິນ,1
ຄົນສູຊີວິດ,1
ໂອນເງີນບໍ່ໄດ້ແກ້ໄຂຫນ່ອຍ,0
ແອັບຫົວແບັນ ສະຫມັກໂຄດຍາກ ເຮັດທຸກຂັ້ນຕອນຍັງສະຫມັກບໍ່ໄດ້,0
ຫລິ້ນເກມມວນຫລາຍສະນຸກດີ,1
ໃຊ້ດີມີຄຸນະພາບ,1
ເພັດພູພາ,1
ສະຫຼາດ,1
ຕາຍແລ້ວແອັບຊ້າປານນີ້ນໍ້ ລົງທະບຽນກໍຍັງບໍໄດ້ອີກ,0
ຄໍານອ້ຍ,1
ໃຊ້ໄດ້ໆ,1
ດາລະວີ ລວງລາດ,1
ຮັກຫາຍ,1
ແອັບໃຊ້ງານບໍ່ໄດ້ເດັ້ງອອກຕະຫຼອດບໍ່ໄດ້ລົງທະບຽນດອກເບີນິ,0
",ສຸດຍອດ",1
ມັກສາວ ກາລີ,1
ພົວະໄລ,1
ເຂົ້າຖືກວິທີກະງ່າຍໆເຕັມດາວເລີຍ,1
ມັກຫລາຍໃຊ້ງ່າຍສະດວກສະບາຍມີຄົບແລະຈົບໃນແອັບນີ້,1
ທານິ ທຍ,1
ມັກເຟດນີ້ຫລາຍໆ,1
ນາງແພວຂັວນກອງມີໃຊ,1
ຮູ້ສືກດີທີ່ໄດ້ໃຊ້ອຸປະກອນນີ້,1
ເບິ່ງດີລີ້ນງາຍຂອບໃຈຂ້ອຍພໍໃຈຫລາຍ,1
ຍອດຍ້ຽມທີ່ດຽວ,1
ເລີດດີເດີ,1
ມີປະໂຍດດີຫລາຍສະບາຍໃນການຈ່າຍເຄື່ອງຂອງ,1
ຕອນນີ້ໂຫດຊ້າ,0
ຕິດໄຈ,1
ເບີ່ງສະຕໍຮີ່ບໍ່ໄດ້,0
ບົວລົມ ຄຸນລາດ,1
ເຄີຍໃຊ້messengerມາກອ່ນເພື່ອຄວາມສະດວກສະບາຍງ່າຍຂຶ້ນກັບເພື່ອນໆ,1
ຊໍາລະການອອມຄໍາພູວົງໄດ້ບໍ່,1
ທູກໃຈ,1
ຢາກຕັ້ງແມກເຊັນເຈີ,1
ອັບເດດເຮັດຫຍັງກໍ່ບໍ່ໄດ້,0
ສະບາຍດີເຫັນດີໂອເຄ,1
ແອບເຂົ້າກະບໍ່ໄດ້ ເນັດກະດີ ປັບປຸງແດ່ເດີ,0
ຜ່ານປະສົບການຄັ້ງນີ້ຖືວ່າດີອີຫລີ,1
ດາວໂຫລດຄົນທີ500ປາຍໃຫ້ເທົ່ານີ້ກ່ອນເພາະຍັງບໍ່ທັນໄຂ້ແອບ,0
ຂ້ອຍຢາກໄດ້ແຕ່ຂ້ອຍພື້ນທີ່ເຕ,1
ມັນຄືເປັນພາສາອັງກິດຫມົດອີກຢ່າງກາໃຊ້ຊື່ເຮົາກະບໍ່ໄດ້ເປັນຊື່ຄົນອີກແລ້ວກະຊິເຊີນຫມູ່ຕິດຕັ້ງກະຍັງບໍ່ໄດ້ຂ້ອຍລະເບື່ອແຮງ ຄືບໍ່ເອົາແບບເກົ່າຫັ້ນມັນງາຍມັນຊະດວກຊະບາຍ ມາແບບໃຫມ່ລະແຮງຮ້າຍກວ່າໂຕເກົ່າ,0
ມແທ້,1
ທຸມເທ່,1
whatsappບໍສົງລະຫັດsmsມາ,0
ຢ່ຽມເລີຍ,1
ນ້ອງຟ້າ,1
ດີທຸກຢ່າງ ແຕ່ຢາກໃຫ້ລະຫັດບັດຕື່ມເງີນຂອງໂທລະສັບສາມາດປ່ຽນເປັນເງີນໃນບັນຊີໄດ້ ເພາະບາງຄົນບໍ່ໄດ້ເປີດບັນຊີ ຫຼື ບໍ່ໄດ້ຕິດຕັ້ງແອັບນີ້ ແຕ່ຢາກຊື້ເຄື່ອງອອນລາຍທີລາຄາບໍ່ເຖິ່ງແສນ ມັນກໍ່ຈະເປັນການດີແລະສະດວກສະບາຍທີ່ເຮົາສາມາດຊື້ບັດຕື່ມເງີນຈາກຮ້ານຄ້າທົ່ວໄປໄດ້ເລີຍ ໂດຍບໍ່ຕ້ອງເສຍເວລາເຂົ້າທະນາຄານ ຂໍໃຫ້ພິຈາລະນາ ແລະ ຂໍຄວາມກະລຸນາແດ່ ຂອຍໃຈ,1
ເປັນຫຍັງຄືເຕີມເງິນບໍ່ໄດ້,0
ຕາງບໍໄດ້ໂທ ສົ່ງຂໍ້ຄວາມດີມາກ,1
ປັບປຸງຄືນເດີ ກົດເບີ່ງຮູບກະບໍ່ໄດ້,0
ບໍ່ສິນເຄີຍ,1
ວໃສຸູຖຸູຸຝ ອອກຄໍາເຫັນຄອບຄົວູຸທີ່ມີການປ່ຽນແປງູຸພຸດູຸອອນລາຍູ,1
ດູດີດີ,1
ຄາສາຍເປັນຫຍັງມັກລຸດເອງໂດຍທີເຮົາບໍໄດ້ວ່າງ,0
ອັບເດດແຕ່ລະເທື່ອກະຄືເກົ່າ,0
ຄືໃຊ້ແອບນີ້ມາດົນແລ້ວຄືໃຊ້ດີລວດເລວທັນໃຈ,1
ຄ່າທໍານຽມແພງໂພດ ໂອນຈາກbcel ມາ10ພັນກິບ ໂຄດແພງງ,0
ຄືເຂົ້າໃຊ້ງານຍາກແທ້ ຫວຍແຕກບັນຫາບໍແກ້ເລີຍ,0
ມີສາລະໄດ້ຄວາມຮູເຫັນໂລກກ້ວງຂື້ນ,1
ໄດ້ຫລີ້ນແອບນີ້ລະມີສຸກ,1
ຕອບແດ່,1
ຕິດຕໍ່ສີ່ສານຫາເພື່ອນໄດ້ດີ ແລະຊັດເຈນດີ,1
ກາກແຮງແອັບມື້ນີ້ເຮັດຫຍັງບໍ່ໄດ້ເລີຍ,0
ມັກລີ້ນ,1
ເອ່ຍດແຍ້,1
ບໍລິການໄວ cod ຢາກວ່າແພງເກີນໄປ,1
ໃຊ້ງ່າຍງ່າຍ,1
ດອງລຈິດ ທໍາມະລິດ,1
ມັກລາຍເດີ,1
ລົງທະບຽນກະບໍ່ໄດ້ເບິ່ງເຄື່ອງກະບໍ່ໄດ້,0
"ສະດວກ,ວ່ອງໄວ ບໍ່ຈໍາເປັນຕ້ອງນັ່ງລໍຖ້າບິນສາມາດກວດເບິ່ງໃນແອັບທັງຜູ້ຝາກແລະຜູ້ຮັບ ຫຼັງຈາກຝາກແລ້ວຈະມີຂໍ້ຄວາມເຕືອນທຸກຄັ້ງ ແລະ ຍັງສາມາດອອກບິນເອງໄດ້ພ້ອມຮູ້ລາຄາຄ່າຝາກນໍາ ມີແຜນທີຂອງແຕ່ລະສາຂາໃຫ້ເບິ່ງ ແລະ ຕິດຕາມເຄື່ອງທີ່ເຮົາຝາກໄດ້ ດີໆໆ",1
ກູດໆທທ,1
ມີປະໂຫຍດຈີງໆ,1
ດາວດຽວພໍມືງເປັນເຫ້ຍຫຍັງແບ່ງປັນເສືອກບໍ່ໄດ້ເນັດ ກະລຸນາປັບປຸງຝຫມ່ແນ່ໄດ້ເນັດແຕ່ເສືອກບໍ່ໄດ້ນິໃນຍາມສຸກເສີນຄືກັນແບ່ງໄດ້ລະເສືອກບໍ່ໄດ້,0
ເກີຍ,1
ເພາະໃຈເດ່,1
ພົບຄວາມຫຍຸ້ງຍາກ,1
ສະດວກສະບາຍທັງຫມົດ,1
ລາວບົດ,1
ໃສ່ເພງບໍ່ໄດ້ອ່າໂຄດແຢ້,0
ລະຕຖດດດ,1
ດີກັບມາໄຫ້ອິກ,1
ດີແທ້ພັດທະນາຕໍ່ໄປ,1
ສະດຸດນ້ອຍ1,1
ລັອກອີນເຂົ້າອອກບໍ່ສະດວກ ຕ້ອງໄດ້ໄປ ທນຄ ຕະຫຼອດ ຄືບໍ່ເຮັດລະບົບລັອກອີນຄື ທນຄ ການຄ້າເລີຍລະກະແລ້ວ,0
ປັບປຸງໃຫມ່ແດ່ໃສ່ລະຫັດລະເດັ້ງອອກຕະຫຼອດ,0
ໃຊ່ດີລິນດີເດີ,1
ດາວດຽວກະຫລາຍແລ້ວແອັບຂີ້ຕົວະ ບໍລິການຂີ້ຕົວະ ບໍ່ເຫັນສີໄດ້,0
ດີທີສຸກ,1
ບໍ່ມີຢູ່ບໍ່ໄດ້,1
ດຽວນີ້ເຊີ່ນຫມູ່ກະບໍ່ໄດ້ຄັນເອົາແບບເກົ່າມາລະສິໃຫ້5ດາວ,0
ເປັນຫຍັງຄືຊື້ຫວຍນາມສັດບໍ່ໄດ້ເຈົ້າ,0
ຊ້ວງນີ້ບັດມີປັນຫາຕະຫລອດ.ປ່ຽນບັດໃຫມ່ບັດເກົ່າກະມີປັນຫາຕະຫລອດ.ຕູ້ທະນາຄານນີ້ຢາກໂກງເງິນເດີ.ຂ້ອຍໄປກົດເງິນເງິນບໍ່ອອກບັດເດ້ງອອກຫາກຕັດເງິນໃນບັນຊີ.ຊ້ວງນີ້ເຈົ້າວຸ້ນວາຍຫລາຍເດີ.ຍາກໆ,0
ສົ່ງໄວ,1
ມີຄວາມຮູ້,1
ລະບົບລອກສັ່ງອາຫານບໍ່ໄດ້ຊົມ,0
ອີກລາຍ,1
ອະທີບາຍປະສົບຂອງທ່ານ ດິເຈປີສອງພັນ19,1
ບັນຊີທີເຄີຍເຂົ້າລະບົບດ້ວຍiosແລ້ວມາເຂົ້າດ້ວຍ anroidເຂົ້າໃຊ້ບໍ່ໄດ້ ເຂົ້າຫ້ອງແຊັດບໍ່ໄດ້,0
ມັກສຸດ,1
ດດແ,1
ມັກຢູມັກນີ,1
ການເຄື່ອນໄຫວ,1
ຕັ້ງແຕ່ອັບເດດມານິເຂົ້າບໍ່ໄດ້ເລີຍລົງທະບຽນການ 100 ຄັ້ງແລ້ວ ຍັງບໍ່ໄດ້ ປັບປຸງໃຫມ່ເດີ້ແຕ່ກີ້ຄືວ່າເຂົ້າໄດ້ຢູ,0
ອ້າຍລູຍ,1
ດີທັນໃຈ,1
ຖາວອນ,1
ແມ່ຕູ້,1
ແອັບຫາຍັງຮຸປັນຍາອ່ອນນຫຼາຍຍສູນຈ້າ,0
ດີແຮງໆເດີພໍ່ແມ່ນພີນ້ອງ,1
ຫາກໍ່ລ້ອງດາວໂຫລດມາໄຊ້,1
ໃຫ້ເຟດືເກົ່າ,1
ໂຫລດມາແລ້ວໃຊ້ບໍ່ໄດ້,0
ດີຫຼາຍຫລີ້ນຄັກ,1
ແອຶ່າ,1
ດີຫລາຍ ເຄ,1
ດີມາກເລີຍສັ່ງອາຫານງ່າຍເວລາເຮັດງານກະບໍຕ້ອງເສຍເວລາໄປຊື້,1
ແອັບບໍ່ແຈ້ງເຕືອນ?,0
ຍ້ຶສນະເ,1
ແອັດເຟດ,1
ເຂົ້າບໍ່ໄດ້ຕອນນີ້ນະ ໂອ້ຍຍຍ,0
ອ້າຍຄໍາຜອງ ສາຍເກມ,1
ຕີ ຮນ,1
ປັບປຸງຄືນແດ່ເດີ້ລະບົບນິ ລົງທະບຽນເບີ ບໍ່ໄດ້ປານນີ້,0
ແອັບຊັນ,1
", ດີດີດີ",1
ການໃຊ້ງານຕອບໂຈດທຸກຢ່າງ ແອັພດີ ແຕ່ປັບປຸງການລົງທະບຽນຊິມ ການລົງທະບຽນຊິມອື່ນ ເມືອກອກຂໍ້ມູນໃສ່ແລ້ວ ບໍ່ສາມາດຕື່ມໃສ່ໃນຫ້ອງຂອງ ເມືອງ ແລະ ບ້ານ . ຄລິກໃສ່ຫຼາຍເທື່ອແຕ່ກໍ່ຍັງບໍ່ຂື້ນມາໃຫ້ຕື່ມໃສ່ ຊ່ວຍແກ້ໄຂໂຕນີ້ໃຫ້ຕື່ມ ທີ່ເຫຼືອແມ່ນດີຫມົດທຸກຢ່າງ ຂອບໃຈ,1
ມັກຫລາຍໃຊ້ງານງ່າຍ,1
ຂອດາວໂຫດ,1
ຕນນາດຶ,1
ດີຫລາຍຊົມເຊີຍທຸກຢ່າງ,1
ສຸກ,1
ສະດວກສະບາຍຂຶ່ນ,1
ຢາກໄຫສັດເຈ່ນກວານິ້,1
ສະດສກສະບາຍປອດໄພ,1
ຢາກໃຫ້ຄົນມາຫລິ້ນຫລາຍກວ່ານີ້,1
ເສົາອາທິດລະໃຊ້ບໍ່ໄດ້ວ໋າ ຂ້ອຍມີວຽກຊິໃຊ້ກາບໍ່ໄດ້,0
ເພື່ອຢາກໃຊ້ເປັນປະໂຫຍກ,1
ລະຫັດແນະນໍາແມ່ນຫັຍງ? ດ່ວນນ,0
ອັບເດດແລ້ວໃຊ້ບໍ່ໄດ້ເລີຍ,0
ລະບົບໃຫມ່ດີກວ່ ລະສະດວກຫລາຍຂຶ້ນ,1
ຄັກຂໍຂອບໃຈ,1
ກີງ,1
ເວລາຊິສົ່ງສຽງ ມັນສົ່ງບໍ່ໄດ້ຕ້ອງໄດ້ປັດຖີ້ມເຂ້າໃຫ່ມຈັ່ງສົ່ງໄດ້,0
ແຂ້ໄຂແອັບດ່ວນເດີ້loginເຂົ້າບໍ່ໄດ້ ຟ້າວແກ້ໄຂເພາະຍັງຫຼາຍຄົນທີ່ຢາກລົງທະບຽນສັກວັກຊີນ,0
ເປັນແອບທີ່ດີ,1
ຕັ້ງໂພດຕັ້ງເຫຼືອບໍ່ປະໂຫຍດຫຍັງ ສູນແຮງນໍາແອັບນີ້ເປືອງພຶ້ນທີ່,0
ແອັບຂີ້ຕົວະ ຫມູນຖືກແລ້ວແບ່ງປັນບໍ່ໄດ້,0
ແອບນີ້ໃຊ້ດີໃນການສື່ສານກັບຫມູ່ເພື່ອນແລະສົ່ງຂໍ້ມູນຫນ້າຕ່າງໆຂອງຕົນໃຫ້ຫມູ່ສະດວກສະບາຍຫລາຍ,1
ໃສ່ດີແລ້ວໄດ້ເນັດ 300 ທຸກຄົນເລີຍ,1
ໃສ່ລະຫັດ otp ບໍ່ຖືກຈັກເທື່ອ ຄັດລອກມາໃສ່ກໍ່ຍັງຜິດ,0
ກູເຊັງມຶງແຈ້ງເຕືອນຫວະເຂົາໂພສເຂົາແຊຫຍັງກະແຈ້ງເຕືອນຕະຫຼອດກູຫຼິ້ນເກມກະແຈ້ງເຕືອນຢູ່ເລື່ອງອັນດຽວກະແຈ້ງເຕືອນຢູ່ບ່ໍຂາດກູຫຼິ້ນເກມຈົນສະດຸ,0
ບໍ່ຮູ້ວ່າສະຫມັກຈັງໄດ໋,1
ບັໍ່ໃດ້,1
ຖືວ່າໂອເຄ,1
ແອັບເຂົ້າຊ້າບາງທີ່ບໍໄດ້ ໃຫ້ຢືນຍັນລະຫັດotpກະສົ່ງມາຊ້າ,0
ດຽວນີ້ບໍ່ເປັນຕາສີ້ແຕກ ກາກຫລາຍ ປັບປຸ່ງໄຫ່ມເດີ ດຽວບໍ່ມີຄົນນໍາໃຊ້ ຝາກໄຫ້ຄິດ,0
ຄັກຫຼາຍ ສະດວກສະບາຍ,1
ຂອ້ຍມັ່ກຫລາຍ ສຸດຍອດ,1
ກາກແຮງ,0
ນາງນີດ,1
ແອັບນີ້ສຸດຍອດເດີຢູ່ໃສກໍ່ສາມາດເຮັດທຸລະກໍາໄດ້ພຽງແຕ່ທ່ານມີອິນເຕີເນັດແມ່ນສາມາດໄຊ້ໄດ້,1
ເກີດເມືອວັນທີ10 2 2003ເລີມຕິດຕັ້ງເຟດບຸກໃນວັນທີ່30 11 2021ຂໍ່ແນ່ເບີງໃຫ່ມ,1
ໃຊ້ໃດ້,1
ຢາກໃຫ້ຄົນກົດໄຈໃຫ້,1
ຊຸດຍອດ,1
ຢ່າໃຊ້ເດີແອັບນີ້ນະມຸນເງີນກະບໍ່ໄດ້ມີແຕ່ໃຫ້ເຊີນເພື່ອນກັບຟັງເພງໆບາງອັນກະໃຊ້ບໍ່ໄດ້ຊໍ້າບອກເລີຍໃຜສິໃຊ້ໃຫ້ຄິດດີໆເດີເພາະບໍ່ດີແຮງໆໆ,0
ຫ່ວຍສຸດໆອັບເດດຫ່າຫຍັງຕະຫຼອດຍອມ,0
ບໍ່ມີປະສົບການດີ ພໍແຕ່ຫຼີ້ນເປັນເລັກນ້ອຍ,1
ໄຊແລ້ວດີໆ,1
ຖືກເລກຄືບໍ່ໂອນເງິນນໍ,0
ແມ່ນຫຍັງຕັ້ງແນວໃດໂຄດຍາກລະຫັດແນະນໍາບອກບໍ່ບັງຄັບແຕ່ສິເອົາໃສມາໃສ່,0
ແລ້ສ,1
ມີຜົວແລ້ວຍ້າລົ່ງຮູບ,1
ແອັບກະຈອກບໍ່ສົ່ງລະຫັດມາ,0
ແປພາສາອັງກິດ,1
ໃຊ້ໄດ້ຢ່າງສະດວກ,1
ຍ່າມັກໂຄສະນາເພສຫລາຍ ເລືອນເຟສເຫັນແຕ່ເພສທັ້ງທີບໍ່ໄດ້ຕິດຕາມ ໃຫ້ເຫັນເຟສເພືອນແນ່ ສິຕັ້ງຕະຫລາດບໍ່ໃນເຟສນິ,0
ເຢື່ອມ,1
ໃຊ້ງານດີຫຼາຍ,1
ຂໍເປີດຊ່ອງລາວລົງແອບ,1
ປັນຫາຫລາຍ ແອບລົ້ມປະຈໍາ,0
ຝັກຢູ,1
ທ່າສາມາດເຕີມບັດຄືສິສະດວກເຕີມຜ່ານແອປໂດຍຕົງ ໂດດລວາມແລ້ວແອປກໍ່ໄຊ້ງານໃດ້ດີເລີອຍ,1
ແຈກເນັດລາຍແດເດີ,1
ເຕີມບັດ ຕັດເງິນໄປແຕ່ເງິນບໍ່ເຂົ້າ ບໍ່ມີເບີຕິດຕໍ່ແກໄຂ,0
ເຂົ້າບໍ່ໄດ້ເດັ້ງອອກຕະຫລອດ ປັບປຸງໃຫ້ດີກວ່ານີ້,0
ໃຊ້ໂທລະສັບແຟນຊື່ໄພວັນ ຂ້ອຍຊື່ຫ້າວພູທອງຖ້າຜິດພາດຂໍອະໄພຍ,1
ນາຢີຢາງ,1
ຢາກໄດ້ແອັບ,1
ສະບາຍສະດວກ,1
ແອບເດັງອອກເອງ,0
ອ່ອຍກໍາລັງມາແຕ່ທະນາຄານເຂົ້າໄດ້ແຕ່ພໍເຂົ້າໃຫມ່ພັດວ່າລະຫັດບໍ່ຖືກຕ້ອງ,0
ເຟດບຸກຫາຍກາກຂະຫນາດ,0
"ດີຫຼາຍ.,.,?",1
ລະບົບຍັງມີບັນຫາ.ການໂອນເງິນຍັງຂັດຂ້ອງ,0
ຊອບມາກຄະ່,1
ໃຊ້ດີແທ້ເດີ,1
ຊວ່ຍໄດ້ຫຼາຍຢ່າງ,1
ຊື້ງ່າຍຂາຍງ່າຍຢ່າລືມໃສ່ລະຫັດນີ້68420248,1
ແອັບນີ້ໃຊ້ຫຍຸ້ງຍາກຫລາຍ,0
ຫລ້າ ໄຊຍະລາດ,1
ເຂົ້າລະບົບຍາກ,0
ແອັບນີ້ດີເລິດ,1
ເປັນແອັບຫນື່ງທີ່ຊ່ວຍອໍານວຍຄວາມສະດວກໃນການເອີ້ນລົດໄປຮັບ ສົ່ງໄດ້ທຸກທີ່ທຸກເວລາ,1
ຫນ້າຈະອັດເດດເງືອນໄຂຄື່ນ ໃນແອັບຯສາມາດຊື້ຫວຍໄດ້ ແຕ່ ເບາະວ່າບໍ່ສາມາດຊື້ຫວຍໄດ້ ?,0
ຫມົກທຸກຄົນ,1
ຄອນຄ້າງຈະດີຖ້າເປັນໄປໄດ້ໄຫ້ພັດທະນາລະບົບໄຫ່ມ,1
ນີ້ຍເມະນປ,1
ນອ້ຍປະຖົມ ຍົມເມືອງມວ່ນ,1
ດີ ກຮ,1
ດີຫຼາຍໄດ້ຮຽນຮູ້ແລະໄດ້ເຫັນສິ່ງທີ່ແປກໃຫມ່ຕະຫຼອດ,1
ຢາກໄດ້ເງີນຕະຫລອດ,1
ແຍ່ຫມົນບໍ່ໄດ້ແອັບຍັງບໍ່ທັນໄດ້ຮັບການສະຫນັບສະຫນຸນຢູ່ແກ້ໄຂດ່ວນ,0
ກາກອັບເດລະເຂົ້າບໍ່ໄດ້,0
ມ່ວນສຸດ,1
ດີຫລາຍຂໍມູນການໃຊ້ວອດແອບທີ່ຜ່ານມາ,1
ອັບເດດໃຫມ່ ຫຼືອັບຫຍັງ ມື້1ເຂົ້າ 10ເທື່ອກະບໍ່ໄດ້ ເດືອດຮ້ອນຈ້າ,0
ລາວແອັບໃຊ້ງານຊ້າໆລະອຽດອ່ອນສູດເຂົ້າໃສ່ງານກ້ອງເພື່ອຢືນຢັນຕົວຕົນບໍ່ໄດ້,0
ສະດວກສະບາຍແລະທັນສະໄຫມ່ດີມີປະໂຍດຫຼາຍ,1
ຂອບຫຼາຍທີທາງເຟັດບຸກໃຫ້ຄວາມສດວກ,1
ແຕ່ກອ່ນຖືກເນັດແນ່ຕອນນີ້ຄືບໍ່ໃດ້ຫຍັງເລີຍບ້າບໍ່ແກ້ໃຂແນ່ຢ່າປະຢັດຫຼາຍ,0
ແກ້ໄຂເວລາຫມຸນແນ່ຖືກຕາຍແຕ່ຟັງເພງກັບໂພສອັບເດ,0
ທ່ານສະຫະລັດ,1
ຄວາມສົມບຸນ,1
ເວລາປັ່ນດາຕ້າປັ່ນໄດ້ແຕ່ແຊຮລົງເຟສບໍ່ໄດ້ແກ້ໄຂດ່ອນໆ,0
ອຶ່ງທໍາມະວົງສາ,1
ເວລາເຂົ້າໃຫມ່ ແລ້ວໃຫ້ລົງທະບຽນຄືນອີກຕະຫລອດ ແກ້ໄຂດ່ວນເດີ້,0
ເປັນເຄເດັກນັກຮຽນ,1
ຂໍໃຫ້ເອົາເພລງໃສ່ສະຕໍລີ້ໄດ້ແນ່,1
ແອັບນີ່ດີຫຼາຍ,1
ຕິດຕ່ໃດ້ສະດວກສະບາຍ,1
ທສມັລກັ,1
ໄສ່ງານດີລາຍ,1
. ຢາກຕັ້ງເປັນສວນຕົວແຕຕັ້ງບໍ່ເປັນ,1
ຫຍັງ,1
"ດີຫຼາຍໂອນຄະແນນໄຫ້ກັນກະໄດ້ແຕ່ວ່າຄວນແກ້ໄຂໂຕເລກຄະແນນສົ່ງຄະແນນຕັ້ງ10,000ຄະແນນ",1
ເບິ່ງແລ້ວເຂົ້າໃຈໃນການນໍາໃຊ້,1
"ດີ,ສຸດ",1
ບັກນ້ອຍ,1
ເປັນນໍາຫນ່ວຍໂທລະສັບບໍ້ເນາະຫນ່ວຍລຸ້ນເກົ່າລະໂຫລດແອັບນີ້ບໍ່ໄດ້,0
ລະບົບຍັງຍຸ້ງຍາກຢູ່,0
ລືມລະຫັດອີເມວ,1
"ສະດວກ,ວ່ອງໄວ,ທັນໃຈກັບແອັບນີ້ ມັກຫລາຍແທ້",1
ທ່ອງທ່ງວທົ່ວໂລກ,1
ຫວຍແຕກ,0
ງາ່ຍຂື້ນ,1
ມີລັກສະນະ,1
ດີຫຼາຍ ສະດວກ ງ່າຍ,1
ປັບປຸງໃຫ້ໄວຂື້ນແດ່,1
ໄຊຊະນະ ໂພຄໍາ,1
ມັກມັກ,1
ດີເດີ້,1
ຫລິນມ່ວນ,1
ຢາກໃຫ້ມີ video call,1
ເລືອກເພງໃສ່ສະຕໍຣີ່ບໍ່ໄດ້,0
ເປັນຫຍັງໃຊ້ບໍດ້,1
ການຫຼິ້ນແອບເພື່ອຄວາມສະດວກການສົ່ງຂໍ້ມູນ,1
ດີ ສົງຟຮີ,1
ດີທີ່ສຸດໃຫ້5ດາວສໍາລັບແອັບນີ້,1
ຫເສ,1
ເວນກໍາໃຈຮ້າຍຍ້ອນ ອັບເດດໃຫມ່ລະເຂົ້າບໍ່ໄດ້ ຊົ່ວອີ່ຫດ້ກະຫຼາຍຊົ່ວໂມງຕໍ່ມາ ບາດໄດ້ກະໃຊ້ລາຍນິ້ວມື້ ໃບຫນ້າ ມ່ານຕາຫຍັງກະບໍ່ໄດ້,0
ເຄື່ອງຮອດໃສ່ກະຮູ້ ມັກຫລາຍ,1
8064 0627 ຜູ້ໃຊ້ໃຫ່ມ ໃຊ້ລະຫັດແນະນໍານີ້ເດີ ແລ້ວທ່ານຊິມີເງິນເຂົ້າທຸກເດືອນ,1
ແອັບຫຼິ້ນງ່າຍສະດວກ,1
ເພີມ,1
ປັບປຸງແນ່ ອັບເດດ ລະເຂົ້າບໍ່ໄດ້ ໃຫ້ ສະແກນໃບຫນ້າກະເຮັດ ຫນົດ ຍັງ ບໍ່ໄດ້,0
ໃຊ້ແອັບນີ້ຍ້ອນເຮົາຕ້ອງການຄວາມໄວຂອງອີນເຕີເນັດເບີ ການສົ່ງຂໍ້ຄວາມ ຫຼື ເບີ່ງຫມັງ ຟັງເພງ ອີນເຕີເນັດ unitel4g ເຮົາເຂົ້າໃຊ້ໃນແອັບນີ້ແລ້ວມີແຕ່ສີ່ງທີ່ເຮົາມັກຫຼາຍຢ່າງໃນແອັບນີ້ ເກມ ແລະ ເພງ ຫນັງ ເບີງແບບບໍ່ໄດ້ເສຍດາຕ້າ ແລະມີຂອງແຈກຫຼາຍ ແອັບນີ້ ຄຸ້ມຄ່າ ປະຢັດ ດາຕ້າ ແລະ ເພີ່ມຄວາມສະດວກໃຫ້ຕໍ່ເຮົາຫຼາຍຢ່າງ ເຮົາຍັງສາມາດຢືມດາຕ້າໄດ້ອີກ ໃນແອັບນີ້ມີຄົບ ທຸກດ້ານໃນສັງຄົມ ຂອງທາງ ບັນເທີງ ມີຫຼາກຫຼາຍ ທີ່ລວມຢູ່ໃນ ລາວແອັບ mocha ແອັບນີ້ມີໃນປະເທດລາວເຮົາ.,1
ເຫມາະສົມ,1
ອັບເດດແລ້ວບໍ່ໄດ້ເນັດແມ້ແຕ່ເບີໄຫມ່ກະຍັງບໍໄດ້ຫຍັງ,0
ເດັກລາວບ້າວສາລະວັນ ເດັກລາວບ້າວສາລະວັນ,1
ສາຍຝົນ,1
ຊີວິດງ່າຍໆສະບາຍ,1
ຍິນດີເດີ,1
5ດາວໄປເລີຍກໍາລັງສິລອງໃຊ້,1
ບາບ,1
ສູກຍອດ,1
ເຄດີ,1
ເສຍດາຍເອົາເງີນເຂົ້າຍາກ,1
ປໍທໍ່ຍຫ,1
ຂໍຄວາມແຊັບໃຫ້ແຈ້ງເຕືອນສະເພາະແອບນີ້,1
ຫຼິ້ນບໍ່ໄດ້ ມື້ນີ້ ທົ່ວປະເທດ,0
ລົງທະບຽນບໍ່ໄດ້ ພໍຮອດ ບ່ອນຮູບແລະວີດີໂອ ມັນວ່າບໍ່ສາມາດໂລດຮູບແລະວິດີໂອ,0
ດີໄດ້ຮູ້ຈັກຄົນຫຼາຍຂຶ້ນ,1
ຖູກໃຈງັ້ງ,1
ໂດຍໂດຍ,1
"ໃຊ້ດີຫລາຍແຕ່ຕ້ອງເຊື່ອມຕໍ່wifiຈິງຈະເຂົ້າສູ່ລະບົບໄດ້,ຂໍຮ້ອງຫາຜູ້ພັດທະນາໃຫ້ອັບເດດໃຫມ່ໂດຍເຄື່ອຄ່າຍໃດໆກະໄດ້ມັນຈິງຈະສະດວກແກ້ລູກຄ້າ",1
ນ່າຢ່າ,1
ບໍດີເດີບໍໄດ້ເນັດເລີຍດຽວນີ້ບໍໄດ້ເນັດແລ້ວ,0
ປ່ຽນພາສາລາວຍາກສຸດໆ,0
ບຸນລາຍ ບຸນເພງ,1
ຮັກຄົນບ່ມີແພນ,1
ເປັນຫຍັງຄືຊ້າໃນຂັ້ນຕອນຖ້າopc,0
ດສີນອສຫີທມ,1
ເຊັງຊົ່ງ,1
",ດີຂຶນເອັບ",1
ອັບເດດແລ້ວເຂົ້າບໍ່ໄດ້ຄຸນນະພາບແຮງ ເບິດສ່ໍາຕິນໍຄວາມພັດທະນາ,0
ຄັກກກເຂົ້າຫ່າຫຍັງບໍ່ໄດ້,1
ພຶ່ງຈະເລີ້ມໃຊ້ງານ,1
ໃຊ້ແອບນີສະດວກສະບາຍ,1
"ອັນດັບ1 ຂອງໂລກ. ຮັບຂໍ້ມູນຂ່າວສານໄວກວ່າ,",1
ຊ້າແລະຄ້າງບາງຄັ້ງຍາມດ່ວນຯແຮງຊ້າຄາອັບເດດເປັນ5 10ນາທີ,0
ດີສຸດແລ້ວຂອບໃຈ,1
ໄດິ,1
"ບໍ່ມັກ!ມີແຕ່ອັບເດດຕະຫຼອດແຕ່ບໍ່ປ່ຽນແປງຫຍັງ,ລະຊິອັບເດດເພື່ອຫຍັງ",0
ໃຊ້ບໍ່ໄດ້,0
ຕິດຕໍ່ພະນັກງານແຕ່ສົ່ງຫາບໍ່ໄດ້ງົງຊ້າແຮງເດີ້ບ້າງເທື່ອອຸແຮງບໍ່ເລີດ,0
ຈະໄມ້ເຊໃຈ,1
ຜົມລັກຜູ້ຍິງຊື້ນາງປັນອີນກອນມະນີຄົນນີ້ລັກສຸດຫົວໃຈ,1
ແອັບນີ້ໂກງງງ,0
ໃຊ້ງານຊ້າຫລາຍ ເຮັດຫຍັງບໍໄດ້ແກ້ໄຂໃຫມ່ເດີ,0
ເງີນ,1
"ດີ,ສະດວກ,ບໍຫຍຸ້ງຍາກ",1
ເຂົ້າແອັບໄດ້ເບິ່ງtvບໍໄດ້ທຸກຊ່ອງ,0
ບໍ່ເປັນຕາຊົງ ເຂົ້າແອັບກະບໍ່ໄດ້,0
ຖ້ຍີທວຍຂໃຫ້ອ່ນງຝ,1
ດີຫລາຍສະດວກສະບາຍ,1
ແອບແມ່ແອບພໍ່ມຶງບໍຊັ່ນບໍ່ໄດ້ເງີນຫັ້ນ,0
ດີໃຈ,1
ດີດີຫຼານ,1
ຂໍໃຊກ ນນະ,1
ຄຸ້ມມາກ,1
ເປັນຍ່າບໍໄດ້,1
ໃຫ້ຄວາມສະດວກໃນການຕິດຕາມການເຄື່ອນໄຫວການເງິນໄດ້ດີທີ່ສຸດ ແລະສະດວກສະບາຍ,1
ດີທໍາໃຫ້ມີການສົນທະນາດີຂື້ນ,1
ດີລາຍເດີ,1
ເວລາລົງທະບຽນຈະໃສ່ຮູປບັດປະຈໍາຕົວແລ້ວແອັປມັນປິດຕົວເອົງ,0
ກນໍາຮວ,1
ໂຫລດແລ້ວເຂົ້າແອັບບໍ່ໄດ້ມັນບອກໃຫ້ເຊືອມຕໍ່ໄວຟາຍກະບໍ່ໄດ້ເນັດກະບໍ່ໄດ້ຄວນປັບປຸງໃຫມ້,0
ດີໆຄັກຫລາຍ,1
ເປັນແອັບທີ່ໃຫ້ງານງາຍທີສຸກແລະໃຫ້ດີ,1
ດີແລ້ວຂອບໄຈ.,1
ໃສດີຕິດຕໍ່ໄດ້ງ່າຍຕໍ່ເພື່ອນໃນປະເທດຕ່າງປະເທດກໍໄດ້ຕິດຕໍ່ຄົນໄກໆໄດ້ມີເພື່ອນປະເທດ,1
ຈຍວທ່້ີສສສວວ່,1
ບໍ່ໄດ້ຄຸນນະພາບປານໃດອາຫານ,0
ດີຫລາຍເຈ້າ,1
ດີຫລາຍ ເອະເອະ,1
ອັດບເດດແອບແລ້ວແຕ່ບໍໄຫ້ດ້າຕ້າຄື່ເກ່າງົງ,0
ແມ່ມຶງຫຍັງກູບໍ່ໄດ້ໂທຫາໃຜບາດຜູ້ວາວໂທຫາກູເສືອກວ່າຕິດສາຍອື່ນແກ້ໄຂເດີສູ່,0
ເພື່ອຄວາມບັນຊີຫມູ່ເພື່ອນບອ໊ກ,1
ບາດຊິເຊີນເພື່ອນຕິດຕັ້ງນິມັນຄືຢຍາກແທະອັບເດດໃຫມ່ໂລດ,0
"ອັບເດດເວີຊັນໃຫມ່ ທຸກຄັ້ງທີ່ເຂົ້າລະບົບຕ້ອງໄດ້ປ່ອຍເລກ otp ຕະຫລອດ ກໍລະນີ ຄົນດຽວໃຊ້ໂທລະສັບຫລາຍຫລັກ 9,7,5,2 ຫຍຸ້ງຢາກຫລາຍ",0
ເຕັມ100,1
ນອ້ງຄໍາ,1
ໃຫ້ຫ້າເລີຍ,1
ປົກກະຕິດີຄົ້ນຫາເພື່ອນໃດ້ທຸພາສາ,1
ແອບຫ່າຫຍັງເຂົ້າກະບໍ່ໄດ້ຕາສະແຕກ,0
ສັ້ນ,1
ທໍາດີມາກ,1
ເປັນອັນໄຫ້ກໍາລັງໄຈ,1
ຄືມາໃຫ້ອັບເດດດຸແທ້ນໍ້ແຖມເຂົ້າຍາກຫລາຍຂັ້ນຕອນ,0
ອາບີລະ,1
ໂອແສງ,1
ເຂົ້າແອບບໍ່ໄດ້,0
ຍິ່ງອັບເດດຍິ່ງຫລີ້ນບໍ່ໄດ້,0
ອັຟເດດຫລາຍເທົ່າໄຫລຄວາມດີຂອງແອັບກະແຫ່ງລົດລົງເວີຊັ້ເກົ່າທີ່ມີແຕ່ຕົ້ນນະດີກ່ອນນີ້ຫລາຍ,0
ດີຄືກັນເລີຍ,1
ສີງວ່າ,1
ຢາກອັບເດດ,1
ອະນຸໂມທະນາ ສາທຸ ສາທຸ ສາທຸ.,1
ຢາກໃຊ້ວິທີແອບນີ້ໄດ້ສະບາຍໄດ້ແບບໃດ,1
ແອັບກາກເອີຍ ເນັດກູກະມີ ມັນບອກວ່າທ່ານບໍມີເນັດ ຄວາຍເອີຍ,0
ໃຊ້ລິ້ງນີ້ເພື່ອເຂົ້າຮ່ວມການໂທດ້ວຍວີດີໂອ ດ້ວຍ whatsapp ຂອງຂ້ອຍ ທີ່ມີຢູ່ແລ້ວ,1
ຢ່າລືມໃສ່ ລະຫັດ 49062890 ນີ້ເດິ.,1
ແອັບໂຄດກາກເລີຍໂຫລດມາກະລົງທະບຽນບໍ່ໄດ້ເຮັດໃຫ້ມັນສົມບູນກ່ອນເດີຈຶ່ງເອົາມານໍາໃຊ້,0
ໃສ່ເບີໄປບໍ່ເຫັນສົ່ງລະຫັດ otp ມາເລີຍ ງງ,0
ຖ້າມີອແອັບອື່ນດີກົວເຟດຈະຂໍໃຊ້ແບບອື່ນ,1
ລວມໆແລ້ວດີ,1
ມັກແຊດຄັກ,1
ສຸດຍອດໃຫ້ຄະແນນ100,1
ໄດ້ຜົນແທ້,1
ດີດີໂທຫຼື້ແຊດຫາໃຜ່ກໍ່ໄດ້ສຸດຍອດ,1
ສບາຍດີກໍາລັງຕິດຕັ້ງແອບໄຫມ໋,1
ປັບປຸງສັນຍານແດ່,1
ເປິດໄມ້ໃດ້,0
ສະດວກໃນການກວດເບີ່ງບັນຊີ,1
ແອັບເປັນຫຍັງຄືເປີດບໍ່ໄດ້ຂ້ອຍຖືກເລກນີ້ນະ,0
ສາວງາມ,1
ໂທງາຍສະ,1
ຝຈງ ຈໃ,1
ອັບເດດບໍ່ໄດ້ຫລາຍມື້ແລ້ວ,0
ຂໍໃຈ,1
ຂ້າ,1
ດີເພືອໃດ້ຮູ້ຂ່າວຄາວອືນ,1
ແອັບນີ້ດີນາກເລີຍຂໍຂອບໃຈເດິ່,1
ແຈກຄືແຕ່ກ່ອນແດ່,0
ດີໃຫ້ 10,1
ເມເຊັນເຈີ ເພສບຸກຫາຍ ຂໍຄວາມຊ່ວຍເຫລືອ ແດ່.ຂອບໃຈ,1
ໃຊ້ດີ ຄົບທຸກຟັງຊັ່ນການໃຊ້ງານ,1
ໄດ້ໄວເດ,1
ລະຍະທໍາໃຈ,1
ກະຫລາຍ,1
ຍາກໃຫ້ເຕີມເກມຟີຟາຍໄດ,1
ນາງສີແພ,1
ມັກລາຍແອບນີເພາະລີນໄດ້ສະດອກສະບາຍ,1
ສື່ສານງ່າຍໄຊ້ໄດທົ່ວປະເທດ,1
ເປັນຫຍັງດາວໂຫລດອັບເດດໃຫມ່ບໍ່ໄດ້ເລີຍ?,0
ທາລ້,1
ດີກ່ວາຖືກະເປົາ,1
ເງີນໂທລະສັບ,1
ດີຢູ່ໃດແອບນີ້ ແຕ່ແອບ my unitel ຄືໃຊ້ບໍ່ໄດ້,1
ດີຊາຍ ຢາກໃຫ້ມີຄີບອດເມົ່າເອົາມາຂາຍໃນແອປນີ້,1
ຂໍແດ່ຄືເກົ່າ,1
ສຸດຍອດເລີຍຊ່ວຍໃຫ້ເຮົາຕິດຕໍ່ຫາກັນໃດ້,1
ຄ້ານເວົ້າດີຈີງ,1
ໄຊ້ງານປົກກະດີຢູ່,1
ນໍາຮດີ,1
ຊຝດີ,1
ເປັນຄົນລາວອາຍຸ17ປີ,1
ບັງຄັບໃຫ້ອັບເດດ,0
ແອັດດີລາຍ,1
ດີແລ້ວແຕ່ຢາກໃຫ້ປັບປຸງຊື້ເລກກັບເລກນາມສັດໄດ້ຄົງຊິດີກວ່ານີ້,1
ຮັກເຂາແທບຕາຍ ສູດທາຍເຂາກ່ຈາກເລາໄປແບບລາສັກຄໍາ,1
ເກນໃມດັ້ງ,1
ສຸດຍອດວອງໄວທັນໃຈ,1
ວອງໄວດີ,1
ໄຊ ດີ,1
ໂອເຄ,1
ດີແດ່ຍາຕວະເດີ,1
ດີຫລາຍ.ຂໍໂຊກຂໍຫຫມານນໍາແນ່,1
ລືມລະຫັດເຂົ້າກິທີກໍ່ບໍໄດ້ເບືອ,0
ສັນຍານ ໃຊ້ ໄດ້ ແຕ່ ສຽງ ປາກ ຍັງ ຂາດ ເປັນ ບາງ ຄັ້ງ,1
ໄປທີ່ເວັບໄຊ້,1
ບໍ່ມັກທີ່ວ່າຖ້າໃສ່ວ່າຈໍາລະຫັດຜ່ານເວລາອອກລະບົບມາແລ້ວຈະເຂ້າອີກພຽງແຕ່ຄຼິດໃສ່ມາເຂ້າໄປເລີຍບໍ່ຢາກໃຫ້ເປັນແບບນີ້ຢາກໃຫ້ຄຼິດເຂ້າລະບົບແລ້ວຄ່ອຍເຂ້າມັນຈຶ່ງດີ,0
ກະຕຸກ,1
ອັບເດດ ດຸໂພດເບາະ,0
ພື່ອຊາດເພື່ອປະຊາຊົນແລະປະເທດຊາດ ສ.ຄ,1
ຫລື້ນມວ່ນຫລາຍ,1
ນ້ອຍປາດທະຫນາ,1
ອຸປະກອນ,1
ມີປະໂຫຍດຫຼາຍຢ່າງດີ,1
ໃຊ້ງ່ນ,1
ໄວ້ລົງທະບຽນເບີໄດ້ແລ້ວຈື່ງໃຫ້1ດາວໄປເພາະເທື່ອກ່ອນດາວໂຫຼດມາລົງບໍ່ໄດ້ຫຍັງເລີຍເສຍແຮງລ້າ,0
ໄມ່ໄດ້ບັງຄັບ,1
ກໍ່ດີ,1
ກໍາລັງເລີ່ມເຂົ້າໄຊ້,1
ສະດວກໃນການໃຫ້ບໍລິການ,1
ຈັດສົ່ງໄວທັນໃຈ,1
"ຂອງຂອ້ຍເວລາມີຄົນໂອນເງີນເຂົ້າມັນບໍ່ແຈ້ງເຕື່ອນນະ,ຢ່າງອຶ່ນລະດີຫມົດແລ້ວ",1
ຍາກເກີນ,0
ບ້ານຂ້ອຍເນັດເກົ້າບໍ່ເກົ້າດີຫຼາຍ,1
ດີຍ່ຽມ,1
ຄືບໍ່ມີໃຫ້ກົດຊື້ເອງແນ່,0
ຄືຕັ້ງຍາກແທ້ວ່ະ,0
ມຸງມັນການຄ້າຂາຍ,1
ເອັມມີໂພທິສານ,1
ເອົາເງິນເຂົ້າບໍໄດ້ເພາະບໍມີເຊື່ອມກັບບັນຊີການຄ້າ,0
ກັນ ກັນນ,1
ຫລີ້ນເກມຊ້າງຄໍາບໍ່ໄດ້,0
ມັກຫລາຍໃຊ້ງ່າຍທຸກຢ່າງ,1
ດີຫຼາຍແຊັດໃວຂະຫນາດ,1
ເອັບຄວຍດາວໂລດລາຍໂພກ,0
ບໍລິການບໍ່ດີແຖມຍັງມາຄິດເອົາເງິນເອງນໍາລູກຄ້າແສນ1ທັງໆທີ່ຄາລົດ46ພັນ ຂ້ອຍຮັບບໍ່ໄດ້,0
ບ່ທະນັດການໃຊ້ງານປານໃດ ບໍ່ຮູ້,1
ຄົ້ນ,1
ຄວນປັບປຸງໃນການທີເຮົາໂອນເງີນເຂົ້າຈໍານວນເງີນຕ້ອງບວກທັນທີໂດຍອັດຕະໂມມັດຫຶຼໄວ້ທີສຸດ,1
ປັບປຸງລະບົບໃຫມ່ແນ່ ຫມຸນໄປຊື່ໆບໍ່ໄດ້ຫຍັງ,0
"facebookໃຫ້ປະການດີໆຫລາຍ ທັງຄວາມບັນເທິງ,ຄວາມຮູ້,ຂ່າວສານ,ປະການໃຫ່ມຫລາຍໆ.ດີຫລາຍມັກຫລາຍ",1
ວອງໄວທັນໃຈຄັກສຸດ,1
ຖ້າມີບັດກາລີນ່າເຕີມເກມຂາຍໃນແອບຄົງຈະດີ,1
ປັບປຸງແດ່ເວລາເຂົ້າລັອກອິນໃສ່ຊື່ ປ່ງນສາເປັນລັອກເທື່ອດງວເຂ້າສິບເທື່ອກະປ້ອນຊື່ສິບເທື່ອ ຊ້ໍາບໍຫນໍາໃສ່ຊື່ໄປກະບໍໄດ້ ປັບປຸງດ່ວນ,0
ປິ່ນບໍ່ເຫັນຊິໄດອີ່ຫັຍງເລີຍຈັກປັບແນວໃດທໍ້ອະແນວນີ້ຈັກແອບອີ່ຫັຍງ,0
ສະດວກສະບາຍທັນໃຈ,1
ຮັກເມ,1
ດີຫຼາຍທີ່ເຟດ,1
ເອີ້ນລົດກະບໍໄດ້ ກວ່າຊິໄດ້ກະໂຄດດົນ,0
ເອີ້ນຢາກ ເອີ້ນຊາຕາຍອີ່ຫຼີ,0
ເຮັດກະບໍ່ໄດ້,0
ໃຊ້ດີມາກມາຍ,1
ຫລີ້ນຟີບໍ່ໄດ້ບໍ່ບໍ່ມີເນັດເບິ່ງຮູບບໍ່ໄດ້ແກ່ໄດ້ກະແກ້ໃຫ້ແນ່,0
ຂໍໄຊ້ສິດດວ້ຍ,1
ilucky free ຄືບໍ່ມີດາຕ້າຟີແລ້ວມູນກະບໍ່ໄດ້ຈັກເທືອແກ້ໄຂ້ແນ່ເດີ,0
ປ່ຽນເບີກະຍາກ,0
"ສະດວກ,ວ່ອງໄວ,ທັນໃຈ,ຕາມຕົ້ນສະບັບ",1
ຕຸກຕາ. ສາຍເມາລາວ,1
ໃສ່ເບີແລ້ວຄືບໍ່ສົ່ງລະຫັດມາຊັ່ນ ແນວນິປ່ຽນໄປໄຊ້ຫລັກ5ຄືຊິດີກ່ອນ,0
ຮດີຍນ່າຍຂີ້,1
ຄໍາມະນິວີງ,1
ໂທີ ສ.ຮຮມ.ວ.ທ.,1
ດີໄວທັນໃຈປອດໄພ,1
ໄຊອີ່ເດ້,1
ໃສ່ເລກແນະນໍານີ້ໄດ້ເງີນຟຣີ 95970758,1
ສື່ສານງ່າຍ ສະດວກ,1
ຢ່າງ ບົດ,1
ແອັບຄ້າງໃຊ້ຢາກພາສາລາວກະບໍ່ໄດ້ເອົາ1ດາວພໍ,0
ເຊົາເດີ້ແອ໋ບຈັ່ງສິຊວນຫມູ່ເປັນສິບຍັງບໍ່ໃຫ້ຫມຸນອີຫຍັງກະສິໃຫ້ແຕ່ພາລະກິດຊວນຫມູ່ບໍ່ໃຊ້ລະແອ໋ບຈັ່ງສິ,0
ໂຂສະນາຫລາຍໂພດ,0
ດີຫຼາຍຖ້າຫາກທຸກຄົນນໍາໃຊ້ແລະຫະບໍລິການມີປະໂຫຍດແບບນີ້ໄປເລື້ອຍ.ຜູ້ໃຊ້ມີແຕ່ໄດ້ກັບໄດ້ຂອບໃຈໃນບໍລິການຢູນີເທວ,1
ແຊັດສອງແອປ,1
ຕຸກຕາ.ສາຍເມາ,1
ດີຫຼ້າຍ,1
ແອບໂຄດກາກເຕິມເງິນແລ້ວເງິນບໍ່ເຂົາ,0
ບໍ່ຈໍາເປັນມີເມຍກະໄດ້ແອັບນີ້ຄູ່ໃຈ,1
ມີແຕ່ໂຄສະນາເຕັມເລີຍ,0
ໃຜໃສ່ລະຫັດນີ້ ຂໍໃຫ້ ເຮັງ ເຮັງ 44707389,1
ໃສ່ດີແຮງ,1
ໂທອອກບໍ່ໄດ້,0
ສະດວກສະບາຍໃນການປະຕິບັດວຽກງານ,1
ຂ້ອຍຄືເຕີມເງີນລັກ9ບໍ່ໄດ້ແກ້ໄຂແນ່,0
ອື່ມມສະດວກດີອເຕ່ຄ່າສົ່ງແພງນິດໆ,1
ແອບນີ້ຄືບໍມີບອ່ນຫລີ້ນເກມຊ້າງຄໍາ,0
ເພີ້ມເກມເຂົ້າອີກແດ່ເດີ,1
ຂອບຄູຍ,1
ເສັງແຊ່ຜ່ານ,1
ດີມາກ ຂອບໄຈ,1
ສີວອນສພ,1
ແອບໂຄດກາກເຂົ້າກະບໍ່ໃດ້,0
ຂ້ອຍຮູ້ພໍໃຈທີໄດ້ໃຊ້ແອັບນີ້ ມັກຫລາຍ,1
ໃຊງ່າຍວອ໋ງໄວປອດໄພ100,1
ດີອີ່ຫລີເດີ,1
ເຂົ້າໃຊ້ງານບໍ່ໄດ້ຫມຸນຢູ່ເມິດປີ.,0
unitel ແອັບ ຢູ່ມັນນີ້ ດີທຸກຯຢ່າງເລີຍ,1
ດີສຸດຍອ່ດ,1
ຊຄຮຍີ,1
ໃຊ້ງານດີຫລາຍໆສຽງຊັດເຈນ ແລະ ພາບຊັດເຈນ,1
ແລ້ວງ,1
ຫມຸນແລ້ວແຊບໍ່ໄດ້ແກ້ໄຂດ່ວນນ,0
ດີຊວຍໄດ້ຫລາຍ,1
ສາມາດສຸ່ມເນັດຟີຮສຸຍອດໃຫ້5ດາວເລີຍ,1
ມັກວອດແອ້ບ,1
ດີເຊຶ່ອຫນັ້ນໃນແອັບນີ້,1
ລະບົບເຟດເທື່ອນຫຼາຍເດີ້ດຽວນີ້ ບໍ່ໄຫ້ປັບປຸ່ງໄຫມ່,0
ສວຍປັບປຸງສັນຍານໄຫ້ດີກວ່ານີໄດ້ບໍ່ຄາງຕະລອດ,1
ພວກເຮົາສໄນໃຈໃດ້,1
ອັບເດດໃຫ່ມເປັນຫຍັງມັນຄືເດັ້ງອອກຕະຫຼອດປັບປຸງແດ່ເດິ້,0
ພູນທອງຄໍາມີໄຊ,1
"ໃຊ້ດີ,ຖ້າໄດ້ລາງວັນໃຫຍ່ສິດີກວ່ານີ້55",1
ການຫລີ້ນເຟສບຸກກະເຮັດໃຫ້ໄດ້ຄວາມຮູ້ຫລາຍຢ່າງ,1
ເຂົ້າບໍ່ໄດ້ເດັ້ງອອກ,0
ສຸດຍອດເດີ,1
ສຸດຍອດ .,1
ດີອີຫຼີເດິ,1
ດີຮັບ,1
ໄສ້ດີໆ,1
ຕ້ອງການຄວາມສວຍເລືອ,1
ລາຄາອິນເຕີເນັດແພງແລະບໍ່ມີຄູນ2,0
update ຈັງໃດໃຫ້ໃຊ້ຍາກກວ່າເກົ່າ ສິຊື້ແພັກເກດເນັດກະບໍ່ໄດ້,0
ດີຫຼາຍຈ່ະ,1
ສົ່ງລະຫັດ pin ມາແຕ່ບອກວ່າຂ້ອຍຂຽນລະຫັດ pin ຜິດ ຂ້ອຍບໍ່ໄດ້ພິມຜິດເດີ້ຄັດລອກມາຄັກແນ່ຍັງຜິດ,0
ຄວາຍອັບເດດຫາແມ້ມືງຕີ,0
ຮັກບ່າວ,1
ຫລັງອັບເດດໃຫມ່ມານີ້ ເຂົ້າກະຊ້າ ເຮັດຫຍັງກະບໍ່ໄດ້ດັ່ງໃຈເລີຍ ລ່າສຸດຄືເຕີມບັດບໍ່ໄດ້ ພີມຕົວເລກບັດຖືກຕ້ອງ 100 ແລ້ວ ກະເຕີມບໍ່ໄດ້ ເວລາຕ້ອງການເຕີມຫລາຍບັດ ກະພັດມາເປັນແບບນີ້ ເຮັດໃຫ້ການນໍາໃຊ້ບໍ່ສະດວກເລີຍ ປັບປຸງໃຫມ່ແລ້ວຈະມາໃຫ້ດາວຂຶ້ນ ໃຈແທ້ຢາກໃຫ້ 0 ດາວເລີຍຕອນນີ້ ເພາະບໍ່ໂອເຄອີ່ຫລີ່ ຂອບໃຈທີ່ຮັບຟັງ,0
ເຕ້,1
ເປີດເພງໄຫ້ແນ່,1
ແອັບນີ້ຫຼອກລວງຫຼາຍໆໄຫ້1ດາວ,0
ຫນາ,1
ລະບົບກ່ອນຫນ້າມັນໃຊ້ງ່າຍງ່າຍຢູ່ແລ້ວ ໄປປ່ຽນລະບົບໃຫ້ມັນເຂົ້າໃຊ້ງານແຮງຍາກກວ່າເກົ່າ ຂ້ອຍເຂົ້າໃຈວ່າລະບົບຢາກໃຫ້ມີຄວາມປອດໄພແຕ່ການອັບເດດລະບົບຄັ້ງນີ້ວ່າໃຊ້ງ່າຍຍາກອີຫລີ ສ່ວນໂຕຮູ້ສຶກບໍ່ໂອເຄນໍາໃສ່ລະຫັດຂໍ້ມູນຫຍັງເຂົ້າບັນຊີຍັງຕ້ອງສະແກນຫນ້າກອກຂໍ້ມູນໃສ່ເຕິມອີກ,0
ດີຫຼາຍມ່ວນ ແລະ ໃຊ້ງານງ່າຍ,1
ອັບເດດກະຍັງເປັນຄືເກົ່າ ປ່ຽນແປງແດ່ ຄືໄອໂຟນຫັນ,0
ເສຍເງິນລ້າໆໄປສ່ນໍ້າມັນໂອນລະມັນບໍ່ແຈ້ງບິນ,0
ຂຶ້ນຕິດຕັ້ງບໍ່ໄດ້ເຮັດຈັ່ວໄດກະບໍໄດ້,0
ຕ້ອງການໃຊ້bcel one,1
ຮັກເມຍ,1
"ດີ.ຂ້ອຍມັກຫຼາຍ.,.ພັດທະນາຕໍ່ໄປ.",1
ຕີດຕັງແອບບໍໄດ່,1
ຊວຍປົດລ້ອກທີ,1
ກະລຸນາປັບປຸງດ່ວນເນາະເພາະວ່າເບີທີ່ບໍ່ໄດ້ລົງທະບຽນຫມົດປີນີ້ກໍໃຊ້ບໍ່ໄດ້ແລ້ວແລະແອບທີ່ໃຊ້ລົງທະບຽນຕອນນີ້ມັກເດັງອອກຕະຫຫລອດຂໍໃຫ້ປັບປຸງດ່ວນເດີ,0
ເຂົ້າບໍໄດ້ລ້າຫລັງໂພດ,0
ຝອຍເຂົ້າບໍ່ໄດ້,0
ສະດວກວ່ອງໄວປອດໄພທັນສະໄຫມ,1
ຖ້າເປີດບັດvisa ໄດ້ລະຈັ່ງໃຫ້5ດາວເດີ,1
ແອັບນີ້ໄຊ້ແລ້ວຖ້າເບີທີ່ສະຫມັກເສຍແລ້ວ ບໍ່ສາມາດເຮັດທຸລະກໍາຫຍັງໄດ້ເລີຍຖືວ່າບໍ່ຜ່ານໄຫ້2ດາວ,0
ໃຫ້ມີລຸກຄ່າມາອຸດນູນເປັນລ້ານໆຄົນ,1
ສຸດຍ່ອດວອງໄວທັນໃຈ,1
ໄດ້ຍູ່,1
ດີຫຼາຍ ຫາແຟນງ່າຍ ແຊັດຫາຫມູ່ງ່າຍ,1
ອາວຊງງ,1
ເປັນຜູ່ທີ່ ຝັນຝຶກແອບຕົວເອງ ທຸກລົມຫາຍໃຈ ອັຕຕະໂນໂຍຈະຍະຕານັງ ເຕືອນຕົນຫລີກຄົນອຶ່ນຕົນເພາະເປັນຄົນຄຽດງາ່ຍເຊົາໄວ ສາທຸ,1
ໃຊ້ດີລົມຫນູ້ກະໄດ້ລົມນໍາແຟນໄດ້,1
ເປັນຫຍັງຄືສະຫມັກບໍ່ໄດ້ ຂ້ອຍພະຍາຍາມສະຫມັກຫລາຍມື້ລະບໍ່ໄດ້ເລີຍ ລົບລະໂຫລດໃຫມ່ມາສະຫມັກອີກກະສະຫມັກບໍ່ໄດ້ມັນເປັນຫຍັງ?,0
ຄວນປັບປຸ່ງໃຫມ່ແນ່ເດີເຂົ້າກະເດັ້ງອອກຄືນຕະຫລອດ,0
ບອກໄດ້ຄໍາດຽວວ່າເປັນທີ່ໄດ້ຄວາມຮູ້ອີກຂ້ອຍຫາກະລອງໄດ້ໄຊ້,1
ກໍາລັງໃຈຈາກທັງຫມົດ,1
ໃຫ້ 5 ດາວໄປເລີຍ,1
ຢາກຮູ້ຈັກເພື່ອນອີກ,1
ເວລາລຶບອີເມວອອກ ແລ້ວເຂົ້າແອບຄືນໃຫມ່ມັກເດັ້ງອອກຕ້ອງລົບແອບຖິ້ມແລ້ວໂຫລດໃຫມ່ ເປັນຫລາຍຄັ້ງແລ້ວ ຊ່ວຍປັບປຸງແກ້ໄຂແດ່,0
ດີຫຼາຍເບິ່ງຫນັງຟັງເພງແບບບໍ່ເສຍດາຕ້າໄດ,1
ຊອບໂທໄດ,1
ຫລີ້ນແບບໄຫລລື່ນ,1
ອັບເດດໃຫມ່ໃຊ້ງານຍາກກວ່າເກົ່າ,0
ຫລີ້ນຫລາຍ,1
ມະນີ,1
ດີມາກໆເລີຍຄ່ະ,1
ຕິດຕໍ່ງ່າຍ,1
ໃຊ້ດີ ນະ,1
ໃຊ້ງານງາ່ຍສະດວກສະບາຍ,1
ຄົນອື່ນເບິ່ງບໍ່ເຫັນເຟສຂ້ອຍແລະບໍ່ມີຍອດວິວ,1
ປະສົບການຂອງຂ້ອຍແມ່ນຮູ້ເຮັດວຽກທໍາງານ,1
ຢາກໃຫ້ມັນໂອນເຂົ້າເວບຕ່າງໆຄື່ທະນາຄານໄດ້ເພື່ອຕອບສະຫນອງເດັກນ້ອຍຫຼື່ ຜູ້ທີ່ມີຂໍຍົກເວັ້ນໃນການເປີດບັນຊີ?,1
ໃຊ້ງານດີທຸກຢ່າງ,1
ຂ້ອຍຢາກໃຊ້ຮູບພາບທີ່ມີຢູ່ໃນຂໍ້ມູນເກົ່າ,1
ເຂົ້າແອບ ໃສ່ເບີໂທລະສັບຖືກຕ້ອງແລ້ວ ແຕ່ບໍ່ສົ່ງລະຫັດotp ໃຫ້ຊິເຂົ້າແອບລົງທະບຽນໄດ້ຈັ່ງໃດ ເອົາapp ໄປພັດທະນາປັບປຸງຕື່ມເດີ້ ຫຼື່ໃຫ້ພະນັກງານສູນ unitell ມາລົງທະບຽນຢູ່ບ້ານຂ້ອຍເລີຍ ເຫັນໃຈຄົນໄກບ້ານແດ່ ຢາກລົງຫັນແລະ ແຕ່ທາງບໍ່ສະດວກ,0
ລາວເອັບດີຫລາຍ,1
ເພດກົດຕິດຕາມໃດ,1
ເອົາເຟສ໌ປຸນຂອງເຂົາມາແຕ່ຕອນນີ້ເຂົ້າບໍ່ຊິເຮັດຈັງໄດ,1
ລ້ອງໃຊ້ໃຫມ່,1
ພັດທະນາຕໍ່ໄປເດີເຈົ້າ.ອໍ່ເກືອບລືມ ຢາກໃຫ້ເພີ່ມພາສາລາວເຂົ້າໄປອີກນະ.ມັນຈະໄດ້ງ່າຍສໍາຫລັບຄົນທີ່ອ່ານພາສາໄທ ອັງກິດບໍ່ໄດ້ນະ,1
ເຕີມເງີນ ຫັກເງີນເຮົາ ແຕ່ເງີນບໍ່ເຂົ້າເບີເບີ ແຈ້ງໄປຫາສູນກະບໍ່ແກ້ໄຂໃຫ້,0
ໄຊ ສົມບູນ,1
ເຮັດມາດີ,1
ແປໄຊຍະວງ,1
ໂຫລດແອັບບໍ່ໄດ້ຕອນນີ້ນະ,0
ເຂົ້າແອບກະໂຄສນາບັງຄັບກັນຊື່ແນ່ວະ ຊີເບິ່ງເລກກະຍາກ,0
ເສຍດາຍສັນຍານຂາດໆ ຂໍພຣະເຈົ້າຍົກໂທດ.,1
ບໍລິການດີວອ່ງໄວທັນໄຈ ແຕ່ຢາກໃຫ້ພະນັກງານເຊັກກັບທາງຮ້ານອີກເວລາທີ່ຈະຮັບເຄືອງມາ ເພາະຂອ້ຍເຈີອາຫານບູດ2ເທື່ອແລ້ວ ເສຍໄຈຫຼາຍ ເສຍເງີນບໍ່ເທົ່າໄດ້ເສຍໄຈເສຍຄວາມຮູ້ສຶກ ແພ້ນດ້າໃນຫຼວງພະບາງ ຈາກໄຈອີຫຼີ,1
ຄືເຂົ້າໃຊ້ບໍ່ໄດ້ເລີຍ ພັດທະນາໃຫ້ງ່າຍກວ່າເກົ່າແດ່,0
ໄຊ້ດີສຸດຍອດ,1
ເປັນຫຍັງໂຫລດມາແລ້ວຄືຕິດຕັ້ງບໍ່ໄດ້ແກ້ໄຂໃຫ້ແດ່ວ່າເຮັດໃດສີຕິດຕັ້ງໄດ້,0
ສະບ້ານດີນອນລັບຟັນດີເດີເພືອນໆ,1
ດີກລາຍ,1
ງ່າຍທີ່ສຸດໃຫ້ເຕັມ100,1
ຊ້າຄືເຕົ່າ,0
ພັດທະນາຕໍ່ໄປແລ້ວສິກັບມາໃຊ້ໃຫມ່,0
ດີແຕ,1
ບໍ່ຕ້ອງເຊື່ອ ທີ່ສົ່ງຂໍ້ຄວາມວ່າຕິດຕັ້ງແລ້ວໄດ້ຮັບ data ບໍ່ແມ່ນຄວາມຈິງ,0
ດີເຮັດໃຫ້ຂາ້ພະເຈົ້າໄດ້ຮຸ້ໂລກກວາ້ງ ສ,1
ຂ້ອຍບໍ່ຮູ້ເລື່ອງ,1
"ອັບເດດມາເຮັດຫຍັງກະຍາກ ຊິແຊັດກະຍາກກະພະຍາຍາມໃຊ້ຢູ່ແຕ່ມັນແອບມັນຫ່ວຍ ແຕ່ກ່ອນໃຊ້ດີ ອັບເດດຕະຫລອດແຕ່ບໍ່ແກ້ໄຂບັນຫາເທື່ອ ດງວນີ້ຊິຫລິ້ນເກມກະຍັງເສຍເງິນ ເອົາເດືອນ 3,000 ຍັງບໍ່ພໍຕິ ຖ້າອັບເດດໃຫ້ເປັນຄືເກົ່າຊິກັບມາໃຊ້ອີກ.",0
ໃຫ້ຄົນເບິ່ງສະຕໍຣີຫຼາຍໆ,1
ບອກໄດ້ຄໍາດຽວເລີນວ່າກາກໆໂຫລດມາລະບໍ່ໄດ້ເນັດຕວົະກັນໄຫ້ໂຫລດເບາະ,0
ເຫັນວ່າໃຊ້ໄດ້ລວດເລວທັນໃຈ,1
ມັກມີປັນຫາໂອນຍາກລະບົບຂັດຂ້ອງຕະຫລອດ,0
ອັບເດດໄຫ້ດີຂື້ນ no ອັບເດດໄຫ້ກາກລົງ yes,0
ແຂມຮື,1
ຂອບໄຈ,1
ທິດ,1
ບໍ່ດີເລີຍ ດີ,0
ມັກະດີແຕ່ມູນບໍຖືກ,1
ງ່າຍດາຍ,1
ເຈເຈ,1
ໃຊ້ດີຫລາຍ ຢ່າລືມລະຫັດເດີທຸກຄົນ ເພື່ອຮັບສ່ວນຫລຸດ0.5 5 ເດີຈ້ະ,1
ໃຫ້1ດາວກອ່ນເຂົາແຊັດມາຈັ່ງໃຫ້ອິກ1ດາວ,0
ຂອບໃຈຫຼາຍເດີທີ່ຊວ່ຍເຮົາທູກຄົນມາເຫັນຂາວສານ,1
ຂ້ອຍທີ່ເປັນພະນັກງານຮ້ານບາງເທື່ອໄລ້ເດີ້ກາບໍ່ມີການຖາມອໍເດີ້ຫຍັງເຮົາບອກຖ້າກ່ອນກາບໍ່ຟັງລະຈັບໄປເລີຍ ລະລູກຄ້າກາມາເວົ້າວ່າອໍເດີ້ບໍ່ຄົບ ພໍທາງເຮົາແຈ້ງໄປທາງບໍລິສັດໃຫ້ຊ່ວຍເຫລືອກາໃຫ້ຖືສາຍຖ້າ3 4ນາທີລະກັບມາຖາມໃຫມ່ ພໍເຮົາຢາກໃຫ້ທາງໄລ້ເດີ່ກັບມາເອົາອໍເດີ້ຄືນແນ່ ກາບອກາຊ່ວຍຫຍັງບໍ່ໄດ້ ບາງເທື່ອກາໂພດນະ ປັບປຸງແກ້ໄຂຕື່ມແນ່ເດີ້ ຖ້າທາງເຮົາລືມເອງມັນຄວາມຜິດທາງເຮົາຊິບໍ່ໂທດໄລ້ເດີ້ເລີຍ ອັນນີ້ຫລາຍເທື່ອລະທີ່ໄລ້ເດີ້ມາຮັບອໍເດີ້ເທື່ອໃດກາບໍ່ຖາມບໍ່ຫຍັງລະຈັບໄປເລີຍ ຜິດຖືກກາບໍ່ຮູ້ ທາງຮ້ານເສຍຫາຍຢູ່ໃດ.,0
ເມື່ອຍອັບເດດ,0
ຮ້າຍກວ່າຂີ້ ຕັ້ງຫຍັງສະມາຍາກຊ້າແທ້ ກວນຕີນຊິບຫາຍ,0
ເປືອງເງິນຊື່ໆໃຊ້ບໍ່ໄດ້. ຖອນການຕິດຕັ້ງດີກວ່າ.ຫມຸນວົງລໍກະມີແຕ່ໃຫ້ຟັງເພງຖ້າບໍ່ຝັງກະຫມຸນບໍ່ໄດ້.ທູລະກິດບັງຄັບກັນບໍ່ມັກ,0
ດີໃຈຄຸຍກັບເພື່ອນໄດ້,1
ພະນັກງາສາຂາບໍ່ແກ້ວມັນເປັນຫ່າອີ່ຫຍັງ ມັນບໍ່ໄດ້ເງິນເດຶອນສາບໍ,0
ຂອບໃຈທີ່ເຮັດໃຫ້ຂ້ອຍໄດ້ພໍ້ຄົນດີໆຄົນ1,1
ແນວເລີດີ,1
ເພາະມັນດີມາກ,1
ມັກຫລາຍມີເກມໄຫ້ຫລິ້ນທ້ທາຍດີ,1
ກາກເກີນໂຫລດມາກະເຂົ້າບໍ່ໄດ້ເພື່ອຫຍັງນິ,0
ຄວາຍໂຕເລກສີອອກພັດຊື້ບໍ່ໄດ້ໄປຕາຍສະໂຊກໄຊ,0
ໄຫ້5ດາວເລີຍຂໍໂຊກດີນໍາເພີ່ນແນ່,1
ອັບເດດໃຫມ່ເຂົ້າບໍ່ໄດ້ເລີຍເດັງຢ່າງດຽວ,0
ແອັບຍັງລ້າຊ້າຫລາຍ ຢາກໃຫ້ປັບປຸງໃຫ້ມັນໄວກ່ອນນີ້,0
ຂອບໃຈທີ່ໄດ້ໃຊfacebook.ສາມາດເຮັດໃຫ້ເຮົາຮູ້ເຖິງໂລກ ອອນໄລ ເຂົ້າໃຈເຖິງການຫລິ້ນໃນອິນເຕີເນັດ.,1
ແອບຢ່າງກາກຫລິ້ນລັກ5ນິກວ່າ,0
ບໍມັກ,0
ດຽວກັບມາ,1
ດີຫລາຍໃດ,1
ດີແຮງງງ,1
ຕິດຕັ້ງແມ່ມັນໂຄດດົນ,0
ດີຫຼາຍຮູ້ສຶກປອດໄພເຊື່ອຖືໄດ້ສຽ່ງໂຊກເຮັງໆ,1
ວປຍໍາໍາວ,1
ອອອຶ,1
ໄຊ້ສະດວກສະບາຍ,1
ແວນໃຈລື້,1
ດີມັກຫລາຍ,1
ດີຫຼາຍດີຫຼາຍ,1
ແອັບກາກຫລາຍ. ລະຫັດສົ່ງຜ່ານເບີມາແທ້ໆ ແຕ່ເຂົ້າລະວ່າ ລະຫັດ ບໍແມ່ນ,0
ດີແຕ່ເວລາໂທຢາກໄຫ້ມັນມີສະຕິເກີ້ແດ່,1
ສະນຸກມາກກັບການໃຊ້ແອັບນີ້,1
ອັບເດນສ້າມາກ,0
ບໍສົ່ງລະຫັດໄຫ້ຈັກເທືອ,0
ດີໄຈຫຼາຍແອັບນີໄຫ້100,1
ມີຊີວິດແຕ່ບໍ່ມີຊີວ່າກະເລີຍມາຫາຄົນທີ່ຮັກເຮົາແຕ່,1
ໄດ້ຮູ້ຂາ່ວແລະມີຫມູ່ຫຼາຍ,1
ແອັບນີ້ຢາກໄຫ້ປັບປຸງເລື່ອງກ່ນໂອນ ສ່ວນຫລາຍຢູ່ດີໆລະໂອນເງີນບໍ່ໄດ້,0
ໃຫ້ໄວແດ່,1
ເທື່ອເຂົ້າໄດ້ເທື່ອເຂົ້າບໍ່ໄດ້ປັບປຸງແນ່,0
ຕອງການລົງທະບຽນ,1
ກົດເບີໃສ່ລະບໍ່ໄດ້ອືມມຈຮາດີເວີ້,0
ອັບເດດແລ້ວບ່ໍເປັນຕາໃຊ້ເລີຍລົ້ມເລີກເລີຍແອັບນີ້ນະ,0
ໃສດີລາຍ,1
ເຂົ້າຫລິ້ນເກມເທື່ອໃດກະຄ້າງ ຕອບຖືກກະຄ້າງລະບໍ່ໃຫ້ຕອບຄໍາຖາມຕໍ່ ຍາມໃດຊິໄດ້ຈັກເທື່ອເງິນຫັ້ນ ແລະຊິເຮັດມາເພື່ອ?,0
ປັນຫາຫລາຍໂພດ ເບີ່ງຫັນງກະຕຸກ ປານນັ້ນວ່າເບີ່ງຟຣິ ເສຍເງິນມື້500ກີບແລ້ວ ແຫກຕາເບີ່ງແດ່ຜູ້ພັດທະນາ,0
ເຕີມບັດເປັນແສນກະບໍ່ໄດ້ຄະແນນ ໃຊ້bclone ດີກວາ ມາໃຊ້ແອັບນີ້ຍ້ອນໄດ້ຄະແນນຊື່ໆ ບໍ່ໄດ້ແລ້ວກະບໍ່ໃຊ້,0
ສະດວກງາຍ ວ່ອງໄວ,1
ດີມາກ ເລີ່ຍ,1
ດີໃຈຫາຼຍຮວ່ມກັນສູ້ເດີອາ້ຍນອ້ງ,1
ໃຊ້ເຟດບຸກແລ້ວດີມາກເຫມືອນເປີດໂລກທັງໃບ,1
ແອບນີ້ດີຫລາຍຖືກປັບໂອນໄວທັນໃຈ,1
ໃຊ້ດີຍູ່ ສະດວກສະບາຍ ໃຜທີວ່າ ເຂົ້າຫຍັງບໍ່ໃດ້ ມີແຕ່ປີ່ນໆ ມັນເປັນນໍາສັນຍານເນັດຂອງພວກເຈົ້າເອງ,1
ຢາກໄດ້ຂໍ້ມູນຄືນມາ,1
ມັກແຮ່ງໆ,1
ເຂົ້າບໍ່ໄດ້ໃຫ້ດ່າວ1ກ່ອນ,0
ອັບເດດແຮງຢາກກວ່າເກົ່າ,0
ດີຫມາກໆ,1
ບໍ່ປອດໄພແຕ່ຈໍາເປັນຕ້ອງໃຊ້,0
ຂອ້ຍຕັ້ງບໍ່ເລີຍ,0
ອັບເດດດຸແອັບບິ,0
ຕິດຕັ້ງແລ້ວເຂົ້າບໍ່ໄດ້ເດີປັບປຸງດ່ວນ,0
ມັກຫລາຍສຢງສັດ,1
ປັນຍາອ່ອນ,0
ສຸດຈາດດ,1
ຄົ້ນຫາເພື່ອນງາຍ,1
ກະລຸນາລໍຖ້າແມ່ມືງຫຍັງຖ້າບັກດົນໆລະບໍ່ໄດ້ນະ,0
okເນາະ,1
ອັບເດດດຸໂພດດອກ,0
ອັບເດດແລ້ວຄືໃຊ້ງານບໍ່ໄດ້,0
ເຮັດຫຍັງບໍ່ໄດ້,0
ໃຫ້5,1
ຂໍເປັນຄົນທີ່ໄດ້ຮັບໂອກາດ,1
ຢາກໃຫ້ສາມາດໂອນເງີນໄປທະນາຄານອື່ນໄດ້,1
ບັນຊີມັກມີບັນຫາຫລາຍໂອນເງິນກະບໍ່ໄດ້ ຢາກໃຫ້ພັດທະນາໃຫ້ມັນດີກວ່ານີ້ ເພາະບັນຊີກະໃຫຍ່ຄົນໃຊ້ກະຫລາຍ ບໍ່ຄວນໃຫ້ມີບັນຫາ,0
ລອງໃສກອນອາດຈະດີແລ້ວມາລີວິວວອີດຄັງຕໍໄປ,1
ໂຫລດບໍໄດ້ບໍມີປະໂຫຍດສັດ,0
ສະບາຍດີ ດີຫລາຍຂ້ອຍມັກຫລີ້ນແອບນີ້ສຸດເລີຍ,1
ດີຈ້າດີແຮງ,1
ແອັດນິ້ມີຄົນຫຼີ້ນຫຼາຍມາດ,1
ມັນມີບັນຫາ,0
ກັນລະຈືມເຮັ່ງອະ ແອັບ ban ອັນເດີນິຄືຮູ kee ນິເຂົ້າອັບດັບຂໍ້ມູນສ່ວນໂຕກະບໍ່ໄດ້ ຂໍ້ຄວາມແຈ້ງຊິຕັດເບີກະມາຕະຫລອດ ພັດທະນາໃຫ່ມແນ່ເດີ ເອົາມາລົງທະບຽນເບີກະບໍ່ໄປບໍ່ມາຫຍັງ ຂ້ອຍລະເຂີນແທນຊໍ້າ,0
ເຂົ້າກະບໍໄດ້ຫລິ້ນກະບໍໄດ້ປັບປຸ່ງແນ່,0
ຄົນຈົນ,1
ຄົ້ນຫາ,1
ຊາມ,1
ແອບທີດີ,1
ສະບາຍດີວັນໄຫມ,1
ບັກຂີ່ຢາ ຄົນເກົ່າ,1
ເຈຢູ່,1
ຄືເຮົາບໍ່ໄດ້ຫລີ່ນມັນດົນແລ້ວ,1
ທລ້າ ທໍ່,1
ລະບົບຂັດຂ້ອງຕະຫຼອດໃຊ້ການບໍ່ໄດ້ເລີຍ ປັບປຸງແດ່,0
ວ່ອງໄວທັນໃຈ.,1
ເຟສຖືກປິດກັນ,0
ລຸນ,1
ແອັບຫ່ວຍແຕກໃຊ້ງານກະຢາກ,0
ທ. ປີນ ສາຍພຸວັນ,1
ໂຄດຊ້າ ເຂົ້າສູ່ລະບົບຕ້ອງຖ້າດົນ,0
ສົ່ງຂໍ້ມູນໄດ້ດີຫຼາຍເດີ,1
ມັນຊ້າໂພດຕ່ອນເຂົ້າ,0
ສວຍແກວ້ກັນຫາ,1
ແອບຫມາໆແບບນີ້ປະໃຫ້ແມ່ມຶງຫີ້ຼນສາ ກາກໆໆໂຄດແມ່ມຶງຕາຍ.ພາກຕໍາແມ່ມຶງ ເຊີນແມ່ມຶງໄປຕາຍໄປ,0
ເປັນຫຍັງມັນຄືເດັ່ງອອກຕະຫລອດ ເບິ່ງຢູ່ດີໆກະເດັ່ງອອກ,0
ເຂົ້າຄຶີບໍ່ໄດ້ປານນີ້,0
ງ້າຍ,1
ຢງ້ມ,1
ກູອັບເດດບຊ່ໄດ້,1
ທາ່ນ,1
ສົ່ງເຄື່ອງຊ້າເປັນຊົ່ວໂມງ. ລະເປັນຫຍັງຫນ່ວຍກູໃຊ້ໂຄ໊ດໄດ້ ແຕ່ຂອງແມ່ກູຄືໃຊ້ບໍ່ໄດ້ ພວກຜີບ້າ.,0
ດີແຕ່ຄ້ານດາວໂຫຼດຕະຫອຼດ.,1
ຊົມເຊີຍຂໍ່ໄຫດີລາຍກວ່ານີແຮງດີ,1
ຍອມຈັງແມ່ນວ່າລົງຍາກລົງຊາເນາະລົງທະບຽນໄປແລ້ວກະຍັງກັບມາລົງທະບຽນຄືນອີກຄືເກົ່າກະເຮັດຕາມຂັ້ນຕອນທີ່ບອກທຸກຢ່າງກະຍັງບໍ່ໄດ້ຈັກສິເຮັດມາເພື່ອຫຍັງຄັນສິຍາກປານນີ້,0
ຄໍາມ້ອນ,1
ດີມາກໆ,1
ຄວນຈະປັບປຸ່ງໃຫນ່ໄດ້ແລ້ວບໍ່ເຫັນມີຍັງໃຫນ່ໆເລີຍມີແຕ່ໂພດເກົ່າໆ,0
ການປະສົບການທາງພາສາຍັງຈໍາກັດ.,1
ປະທັນໃຈ,1
ໃຊ້ງ່າຍສະດວກວ່ອງໄວ,1
ດີ້,1
ສັ່ງບໍໄດ້ເລີຍຍ,0
ໂຄດກາກ ຄ້າງ ເຮັດຫຍັງກະບໍ່ໄດ້ ຄ້າງ ຫມຸນຕິ້ວໆ,0
ໄມສິຄໍາບາ,1
ຂອບໃຈນໍາຜູ້ບ່ລິຫານ whatsapp massenger ນີ້ຫລາຍໆທີ່ໃຫ້ຄວາມສະດວກໃນການນໍາໃຊ້ເພື່ອສື່ສານຂອງພວກເຮົາໄດ້ຢ່າງວ່ອງໄວທັນໃຈ.ດີສຸດໆສະດວກສະບາຍ ປະຫຍັດເວລາ ໃນການຕິດຕ່ພົວພັນວຽກງານກັບຫລາຍໆຄົນ,1
ແອັບນີ້ບໍ່ສົ່ງລະຫັດໃຫ້ເລີຍ,0
ດຽວນີ້ແອັບເປັນຫຍັງຫມຸນກະບໍ່ໄດ້,0
ດຽ່ວນີ້ຄືບໍໄດ້ເງີນໂທແລ້ວເຈົ້າ,0
ຈັກແມ່ນຫຍັງບຸຊ້າກະຊ້າ ຫມູນວົງລໍ້ກະຍາມໃດກະເຊີນເພື່ອນ ຟັງເພງຮ່ວມກັນ ທຸກມື້ເລີຍເດະ ໄຄກະໄດ້ມື້ລະ້ລັກລະນ້ອຍພໍມີກະລັງໃຈຫມຸນຕ່ໍກະບໍ ຫມຸນມື້ໃດກະແນວເກ່າໆ ຈັກແມ່ນບອກອັບເດດຫາສັງ ໂວະເປັນສູນ,0
ຊອບເລີຍ. ສະບາຍຕິດຕໍມູໄດ້ງາຍ. ຕິດຕໍພໍແມ່ ໃຜຕາງໆກະງາຍ,1
ຢາກໄດ້ແອັດໂຊ,1
ນິໂຄ ນິ,1
ແອບນີ້ໃຊ້ດີສະໂດ່ສະບ່າຍ,1
ອ້າແດ້ນ,1
ດີຈ,1
ບັນທືກຊືພູຕິດຕ່ຄືບ່ໄດ,1
ແພວ,0
ອ້າບ່າວພອນໄຊ,1
ມີແຕ່ໄດ້ກັບໄດ້,1
ມັກຫຼິ້ນຫຼາຍ,1
ຕາມມາ ຫົງວິໄລ,1
ໃຊ້ໄດ້ດີມັກແລະຊື່ນຊົມ,1
ເອ້າໄປເລີຍ5ດາວແຮກ,1
ສານຸດ,1
ເປິດສຽງບໍ່ໄດ້,0
ຫມຸນຫມົດປີກະບໍ່ໃດຍ່າໂຫລດພໍແຕ່ເປືອງຟື້ນທີ່,0
ຢາກໃຫ້ມີເຕີມເກມ efootball ໄດ້ແດ່,1
ຂອບໃຈທີມີສິງນີ້ຊອບນະ,1
ກູເອົາໄປແລ້ວ,1
ສົມແພງ,1
ແກ້ເຫງົາ,1
ເປັນຫຍັງດຽວນີ້ຄືຫມູນບໍ່ຖືກ,0
ພໍໄດ້ເບິ່ງຍູ່,1
ຊ່ວຍເອົາບ່ອນຂາຍເລກນາມໂຊກ ນາມສັດ ມາເຂົ້ານີ້ແດ່ເດີ,1
ກາກໂພດເຂົ້າແອັບກະບໍ່ໄດ້ເອົ້າລະຫັດໄສ່ຈັກເທື່ອກະບໍ່ໄດ້,0
ການແຕ່ງດອງຫຼາຍເທື່ອບໍ່ເປັນຜົນດີຕໍ່ຊີວິດການເປັນຢູ່,1
ດີຈຣາ,1
ຄີ່,1
ເຄນໄຊຍະວົງ,1
ຂອບໃຈຫຼາຍໆທີ່ມີແອັບດີໆແບບນີ້ທີ່ມີໃຫ້ແກ່ຄົນລາວແອັບນີ້ເປັນແອັບທີດີຫຼາຍຊ່ວຍເຮັດໃຫ້ພວກເຮົາສະຫນຸກເພີດເພີນແລະຕື່ນເຕັ້ນໃນການລຸ້ນລາງວັນທຸກໆມື້,1
ເຂົ້າfacebookບໍ່ໄດ້ປັບປຸງດ່ວນ,0
ຮັກຫຼາຍດີຊອບ,1
ແອັບກາກ,0
ລົງຫຼາຍຄັ້ງແຕ່ບໍ່ເຫັນວ່າຊິໄດ້ ຖ້າລົງເອງໄດ້ແທ້ຫຼາຍໆຄົນຄົງຈະບໍ່ໄດ້ຄອມເມັ້ນຈົ່ມວ່າດ່າປ່ອຍເນາະ ໂຫລດມາເປື້ອນພື້ນທີ່ລ້າບໍ່ ຄວນອັບເດດເລື້ອຍໆເດີແອັດທີ່ສ້າງຂຶ້ນມາ,0
ຢາກໃຫ້ສະຫມັກໃຊ້ງ່າຍແບບແອັບຂອງທະນາຄານສີຟ້າກັບສີແດງຫັ້ນແບບວ່າສະຫມັກໃຊ້ເປັນບັນຊີກະເປົ໋າໃຊ້ໂອນເງິນກ່ອນກະໄດ້ມີເວລາຈຶ່ງເປີດບັນຊີຫລືເຮັດບັດ atmຢູ່ທະນາຄານແລ້ວຈຶ່ງຜູກບັນຊີໃສ່ກະໄດ້ແບບນັ້ນຫັ້ນນາ,0
ແອັບເຈົ້າດີແທ້ຄົນຮກຊິໂຫດເອງເດີ ບໍ່ແມ່ນເຂົ້າແອັບ my unitel ເຮັດຫຍັງບໍ່ໄດ້ລະມາບັງຄັບກັນໂຫດແນວນີ້,0
ເປັນຫຍັງມັດເຂົ້າແອັບບໍ່ໄດ້ ບໍ່ຮູ້ເລີຍເນັດຍັງທໍ່ໃດ ກາກກ ແທະ,0
ແອັບເປັນຍັງອີກຄືບໍສົ່ງ otpມາ,0
ລືມລະຫັດອີເມວຄືສຶບໍ່ໄດ້ແດກລະແຫຼະ,0
ເປັນຫຍັງຄືວ່າຄ້າງທຸກວັນແມ່ນມີບັນຫາຫຍັງຄືເປັນແນວນີ້ຖ້າຍັງເປີດໃຊ້ກະດຸນາແກ້ໄຂແດ່,0
ແອບເຂົ້າຢາກໂອນຢາກແກ້ໄຂໄຫມ່ແດ່ ຊ້າໂພດຊິເຊົາໃຊ້ລະເດີ acld,0
ຄ່າສົ່ງເພງ,0
ໄຊ້ເຟສບໍ່ໄດ້,1
ເປີດເຝັດບູກໄຫ້ໄຊ້ແດ່,1
ຊອ່ຍຫຍັງບ່ໃດ້ເລຍເອບເນ່າເນັດກາບ່ໃຫ້,0
ໂອເຄສຸດຍອດ,1
ຂໍລະຫັດຜ່ານ,1
ປວດເຂົ່າເຈັບແອວ,1
ຄໍາໂຕເຈ້ຍ,1
ກູເທີເລີກູ,1
ມັກເຟດບຸກຫລາຍ,1
ແອບທີຂ້ອຍຢາກທາຍ ເດທືກຂ້ອຍລາງ,1
ໂດດແອມບໍ່ໄດ້ແກ້ໄຂໄຫ້ແດ່,0
ສຸດຍອດໃນການສຶ່ສານ,1
ຕອ້ມ,1
ຄືເປັນຮ້າຍແທ້ເຮັດຫຍັງກະບໍ່ໄດ້ໂຄເປັນຮ້າຍຊ້າງມາເພື່ອຫຍັງຕອນນັ້ນກະພໍໃຊ້ໄດ້ຕອນນີ້ຄືກາກແທ້ນີ້ບໍ່ແອັດລາວເປັນຕາອາຍແທ້ຖ້າມັນເປັນຮ້າຍສ່ໍານີ້ກະບໍ່ຕ້ອງເຮັດສາເດີ້ອາຍປະເທດອື່ນເຂົາ,0
ສົມລານ,1
ຢາກໄດ້ໄວ,1
ໂຫລດແອັບມາແລ້ວເປັນຫັຍງຄືເຂົ້າບໍ່ໄດ້,0
ປ່າງກາງ,1
ຖ້ສັ້ນລຸ້ນໂຊກໄດ້ກະຄົງຊິດີ,1
ຄັກແລະສະບາຍ,1
ດີທີ່ສຸດ. ພັດທະນາແບບນີຕໍໄປ,1
ຢາກໄດ້ລະຫັດເກົ່າ,1
ໂຫລດແອບມາແລ້ວແຕ່ ບໍ່ສາມາດເປີດແອບໄດ້ ຖ້າເປັນ30ນາທີກະຍັງບໍ່ໄດ້,0
ປັບປຸງແດ່ເດີ້ ໃຫ້ອັບເດດສາມມື້ເທື່ອຫນຶ່ງ ເວລາເງິນເຂົ້າກາບໍ່ຢາກເຕືອນ ເຂົ້າແອັບກະຊ້າຊ້າ,0
ສາຂາ10,1
ຮັກສາໄວ,1
ຂອບໃຈຢູ່ນິເທວທີ່ມອບສິ່ງດີໆໃຫ້ລູກຄ້າທີ່ໄດ້ສ້າງແອບນີ້ຂື້ນມາມອບຄວາມບັນເທິ່ງແລະຄວາມສະຫນຸກໃຫ້ພວກເຮົາ,1
ລະບາຍ,1
ຢູນິເທວ,1
ໃຊ້ງ່າຍ ໃຊ້ສະດວກ,1
ສາມ,1
ລໍາເງິນ,0
ໄດ້,1
ແອັບມີປະໂຫຍດຫລາຍໃນການພັດທະນາທະລະກິດ,1
ສາວຫຼາຍແທ້,1
ແອບ,0
ເປັນຫຍັງຂ້ອຍຄືເຕີມມູນຄ່າໂທບໍ່ໄດ້ ແກ້ໄຂໃຫ້ແດ່,0
ມີຫນອ້ຍແລະໂງ,1
ຢາກສິ່ງໃຫມ່ເຂ້າມາໃຫ້ຮັບຮູ້ກຽວກັບfacebookຕື່ມ,1
ເອີ້ນລົດແລ້ວບໍ່ມີຄົນຮັບ,0
ທະນາຄານອີ່ຫຍັງຕັດເງິນຄ່າທໍານຽມເດືອນລະສອງຄັ້ງ,0
ແອບນີ້ໂກງທີສຸດກົດເບີແລ້ວບໍ່ສ່ງລະຫັດມາສ້າງເພື່ອວະແອບນີ້ປຽນໄປປຽນມາ,0
ເປັນຫຍັງຄືສະແກນqrບໍ່ໄດ້ແກ້ໄຂໃຫ້ດ່ວນເດີແຕ່ກ່ອນກະສະແກນໄດ້ຕອນນີ້ສະແກນບໍ່ໄດ້ສິເປັນນໍາບໍ່ໄດ້ອັບເດດກະບໍ່ແມ່ນ,0
ມັນຄືບໍ່ໄດ້ເນັດເລີຍເຮັດຈັງໄດກະ,0
ເຂົ້າສູ່ລະບົບບໍ່ໄດ້. ຄື?,0
ສະດວກສະບາຍ ຢາກໄດ້ບັດ ທນຄ ນີ້ແທ້,1
ສີຂາວ,1
ຂໍປຽນແອບໃຫ້ແດ່ບໍ້ເຫັນລາຍຊື່,1
ອຸ້,1
ບໍລິການດີສຸດຍອດເລີຍເດີ້,1
ດາວໂຫລດຊ້າໂພດເຂົ້າໄປເຊື່ອມຕໍ່ຍາກເລືອກໂຫມດພາສາລາວແລ້ວແຕ່ກະມີແຕ່ພາສາອັງກິດ,0
ຂີ້ກາກລະບົບພິສັງ ເຮັດສັງກະບໍໄດ້,0
ນັບແຕ່ຂ້ອຍຫຼິ້ນແອັບໂມຈ່ານີ້ ມີຄວາມສະນຸກຫຼາຍ,1
ເຮົາຕັ້ງແອັບລາວບໍ່ໄດ້,0
ພັດທະນາແນ່ສັນຍານຫັ້ນໂຄດກາກບາດແດກເນັດຫັ້ນເກີນ,0
ປອດໄພ ຮຽບງາຍ ເປັນສວນຕົວ,1
ໃຊ້ງ່າຍວ່ອງໄວ ສະດວກ,1
ຂໍໂສກດີ,1
ມັກແຮງໆແອັບນີ້,1
ບຸນເຮືອນ ສູນວັນວິໄຊ,1
update ໃຫ້ສັບພອດໂອເອສຫົວເວແດ່ເດີ,0
ໃສສະບາຍໄຈ,1
ເຂົ້າບໍໄດ້ປັບປຸງດ່ວນ,0
"ເປັນຫຍັງບໍ່ສົ່ງລະຫັດotpໃຫ້ຊັກທີແນວນີ້ມັນຊິຕັ້ງໄດ້ວາ,ທະນາຄານນີ້ເຮັດຫຍັງກໍຊັກຊ້າໄປຫມົດແມ້ແຕ່ເງິນເດືອນພະນັກງານຄືກັນທະນາຄານນີ້ຍັງຊັກຊ້າກວ່າທະນາຄານອື່ນຜິດຫວັງຈິງໆທີ່ສະຫມັກໃຊ້ທະນາຄານນີ້",0
ນອ້ງຫມອນໂຕສູງ,1
ດີແຮງເດີແອັດນີ,1
ມີແຕ່ອັບເດດຢູ່ຄູ່ມືແລະກະຄັ່ນບໍ່ມີເນັດກະຫມູນບໍ່ໄດ້ກະລຸນາແກ້ດ່ວນ ແລະກະຫມູນແຕ່ລະຄັ້ງຄືບໍ່ໄດ້ຫມູນຈົນເບີດກະບໍ່ໄດ້ຈັກດີ້,0
ໃຫ້ອັບເດດແລ້ວກະເຂົ້າຟັງເພງກະບໍ່ໄດ້ເຮັດແນວໃດນີ້,0
ເຟສໄຫງານດີຫຼາຍ,1
ຂອບໃຈ,1
ການສື່ສານດີຫລາຍ,1
ແອັບເປັນຫຍັງ ຄືເຂົ້າບໍ່ໄດ້ ຂຶ້ນແຕ່ servlce unavailableແບບນີ້ເລີຍຢູ່ ປັບປູງແນ່ເດີ ເປັນຍ້ອນສາເຫດນີ້ເອງທີ່ເຂົາໃຊ້ແອບ ບີຊີວັນຫລາຍ ຍ້ອນແອັບນີ້ບໍ່ລີການກາກໆແບບນີ້ ຄວນປັບປູ່ງດ່ວນແນ່ເດີ,0
ທອງດີ,1
ອັບເດດເອັບແລ້ວຕິດຕັງເຟສໃຫມ່ບໍ່ໄດ້ແກ້ໄຂໃຫ້ແນ່,0
ມີປະໂຫຍດກັບຂ້ອຍຫຼາຍ,1
ຄົ້ນຄືນເຟດບຸກ,1
ມີປັນຫາຕະຫລອດ ສະແກນບາດໄດ້ບາດບໍ່ໄດ້ ເຂົ້າແອັບກະເດັ່ງອອກຕະຫລອດ,0
ອັບເດດໄປແຫ່ງບໍ່ຫນັງບໍ່ໄດ້ ຢາກໃຫ້ເບິ່ງຫນັງໄດ້ຄືເກົ່າ,0
ເພືອປະໂຍດ,1
ສະນຸກສະຫນານໄປກັບຄວາມຮູ້ຄວາມບັນເທີງ,1
ໃຊ້ດິມີຜົນກາຍໃຊ້ງານງາຍ່ໆ,1
ຂາດບໍ່ໄດ້,1
ແກ້ໄຂແນ່ເຂົ້າໄປລະມັກຄ້າງເຂົ້າລະບົບບໍ່ໄດ້,0
ທົາສັລົາກົາ,1
ກໍ່ສ້າງ,1
ໄດ້ແລະເສືອໄຈັຂອ້ງບໍລິການ້ຂອ້ງຢູນີ້ເທວ,1
ດີຫຼາຍເດີຈາ,1
ລະບົບສະແກນຫນ້າແກ້ໄຂແນ່ສະແກນກະຍາກແທ້ຍາກວ່າເຮັດໃຫ້ມັນໃຊ້ງ່າຍສະບາຍປອດໄພແນ່ແກ້ໄຂດ່ວນໆເຮັດໃຫ້ລໍາບາກແກ່ຜູ້ໃຊ້ງານແທ້ລະບາດນິ,0
ເຈີຍ111,1
ຍິນດີໃຊລວາມກັນໄປ,1
ນຂຈວ້,1
ແອບຕັ້ງບໍ່ໃດ້ປັບປຸງແນ່ເດີ,0
ດີຫາຼຍເຈົ້າ,1
ດີງັບ,1
ການບໍລີການຜ່ານແອັບດີຫລາຍ,1
ແອັບ erro ສັ່ງຊື້ຫວຍກະຍັງບໍໄດ້,0
ເບິ່ງຍອດເງິນແນວໃດບອກແນ່,1
ຊອບດູຫນັງເປັນຄວາມເພີນ້ເພີນແລະມີຄວາມ,1
ບໍລິການດີທຸກຢ່າງ ແຕ່ ເຂົ້າຕັ້ງຄ່າແອັບ ເພື່ອຈະມາໃຊ້ເບີບໍ່ເກົ່າຄືບໍ່ໄດ້,1
ຕອນທໍາອິດ ໂທຟີ ທຸກຢ່າງຟີ ມາຕອນນີ້ ບໍ່ເຕີມເນັດເຮັດຫຍັງກະບໍ່ໄດ້ ຫ່ວຍແຕກ ຊິບຫາຍ,0
ຂັກ,1
ສຸດຍອດແລ້ວສະດວກສະບາຍ,1
ປູກໄຫຫຼືຫ 2447 244,1
ດາວເຄື່ອງwhatsappmessenger,1
ແກ້ໄຂບັນຫາ,1
ດີຢູ່ໄຫ້5ດາວໄປເລີຍ.ທ່ານ,1
ເວລາລົງທະບຽນເອງ ພໍຮອດຂັ້ນຕອນທີ່ໃຫ້ຖ່າຍ ບັດປະຈໍາໂຕ ຫຼື ພາສປອດນະ ຄວນຈະມີການໃຫ້ອັບໂຫຼດຮູບທີ່ເຮົາຖ່າຍໄວ້ແລ້ວຈະເປັນການດີ ອັນນນີ້ອີຫຍັງໃຫ້ຖ່າຍເອງ ພັດແຮງເປັນຄົນມືສັ່ນຊ້ໍາ ຖ່າຍແນວໃດກໍມົວ ຄັນມີລະບົບກັນສັ່ນ ຫຼື ກ້ອງມີaiຊ່ວຍປັບໃຫ້ພາບຈັດເຈນກໍຍັງດີ,0
ແອບເນົ່າແບບນີ້ຍັງບອກໃຫ້ໃຊ້ເນາະ ເຂົ້າລະບົບກະບໍ່ໄດ້ເຮັດມາເຮັດຫຍັງ ປັບປຸງກ່ອນແລ້ວຊິເພີ່ມດາວໃຫ້,0
ຕິດ,1
ໂດຍ ບົດ,1
ຂໍຄວາມຊ່ວຍເຫລືອເຊື່ອມຕໍ່ກັບອິນເຕີເນັດໃຫ້ແດ່ເພາະດປີດ bcel. one. ບໍ່ໄດ້.,1
ໃຊ້ສໍາມະໂນຄົວຢືນຢັນຕົວຕົນບໍ່ໄດ້,0
ໂກໂກໂກໂກ,1
ຂ້ອຍຖືກເລກ,1
ທັນສະໄຫມຍູ່ແຕ່ເນັດຊາ,1
ແອັບສົ້ນຕີນຊື້ເລກຊິຖືກແທ້ໆເລກເຕັມລາງວັນຂ້າງຄຽງກະບໍ່ມີສັສ,0
ຂີກາກ,0
ໄດ້ຕິດຕາມເຂົ້າອ່ານເປັນປະຈໍາ,1
ເຕີມບັດຜ່ານແອັບນີ້ຄືບໍ່ໄດ້ ດົນລະນະທີ່ເຕີມບໍ່ໄດ້ ໃຫ້2ດາວເດີ້,0
ໃສສະບາຍ,1
"ດີຫລາຍເດີ ລະບົບເຂົ້າໃຈງ່າຍດີ ແຕ່ຂໍຕິຕຽນຢ່າງຫນຶ່ງ ກະລຸນາຝຶກພະນັກງານໃຫ້ບໍລິການໃຫ້ດີກວ່ານີ້ແນ່ເດີເຈົ້າ, ພະນັກງານບາງຄົນຄົງເຂົ້າໃຈວ່າຕົວເອງເປັນຜູ້ໃຫ້ບໍລິການແລ້ວຈະສະແດງອາລົມຮ້ອນ ຮ້າຍ ຂີ້ເກັກ ແບບນັ້ນ ໃສ່ລູກຄ້າ ບໍ່ດີດອກ ໃຫ້ເຮັດຫນ້າຄືກັນກັບຕອນລົງໂພສເຕີໂຄສະນາແນ່ ເບິ່ງແຕ່ລະຄົນລະສະແດງຫນ້າຕາຕ່າງກັນກັບໂຄສະນາ ປານຟ້າກັບດິນ.",1
ອັບເດດໃຫມ່ເຂົ້າແອັບບໍ່ໄດ້ເລຍເດັ້ງອອກຕະຫລອດ,0
ຄືໂຫດບ໋່ໄດ້,1
ອັບເດດແລ້ວໃຊ້ບໍ່ໃດ້ເລີຍ ໃຫ້ 00,0
ນ້ອງມີນາສາວລາວເດ,1
ມີການເຂົ້າແອບເພື່ອທີ່ຈະຕື່ມເງິນແລະກວດເບິ່ງຍອດເງິນແມ່ນມີບາງຊ່ວງໂຄດຍາກເລີຍເປັນຕາເບື່ອອີກຈັກວ່າເປັນອີກຫຍັງຫລືແມ່ນເຮັດຫຍັງຢູ່ປັນຫາໂຕນີ້ຄວນເອົາໄປປັບປຸງເພີ່ມເຕີມເດີ,0
ຄ່າສົ່ງແພງ,0
ລະຫັດotpບໍ່ສົ່ງມາຈັກເທື່ອແກ້ໄຂແນ່ເດີ້,0
ບໍ່ໄດ້ການ,0
ຫິ້ຼນ ໄດ້ຫຼາຍຜູ້ບ່າວຫຼາຍດີ,1
ສະນຸກຫລີ້ນມາໄດ້10ກວ່າປີແລ້ວບໍ່ມີເບື່ອ,1
ບໍ່ມີໄລເດີ້ຮັບກ່ະບໍ່ແຈ້ງ ໄລເດີ້ໂຍນອໍເດີ້ໄປໃຫ້ຜູ້ອື່ນກໍ່ບໍ່ແຈ້ງ ຕິດຕໍ່ຄໍເຊັນເຕີ້ກ່ະມີແຕ່ບອກໃຫ້ຖ້າ ເຊິ່ງບາງອໍເດີ້ຖ້າມາຊົ່ວໂມງກວ່າກ່ະບໍ່ເຮັດຫຍັງ ຍົກເລີກໃຫ້ກໍ່ບໍ່ໄດ້ ແຕ່ໃຫ້ຖ້ານະ ບໍ່ມີບັດກໍານັນປອບໃຈ ບໍ່ມີຫຍັງເລີຍ ນີ້ຄືແອັບບໍລິການ ແຕ່ບໍ່ເຫັນຊິໃຫ້ການບໍລິການຫຍັງ ງຶດຫຼາຍ,0
ໄວ ງ່າຍ ທັນໃຈ,1
ນີິະ,1
ມ່ວນຄັນ,1
ຢາກໄຫ້ປັບປຸງເນາະ ເພາະຂ້ອຍລົງໃສ່ເບີໂທຍືນຍັນແລ້ວກະເຮັດຍັງບໍ່ໄດ້,0
ໂຫລດມາລະເຂົ້າບໍ່ໄດ້,0
ດີໆສະດວກວອງໄວ,1
ດຫຍ້ ຂິຮເດ ສຮ,1
ທັນສະໄຫມຫຼາຍ.ສຸດຍອດ,1
ຢາກລອງໃຊ້ເບິ່ງ,1
ອັບເດດໄຫມ່ຮອບຫນູນບໍ່ມີມັນໄປໃສລະບໍ່ມີຮອບຫນູນຊີໂຫລດມາທໍາໄຮ,0
ຂຢູໄສເລທິຫຈະໄປຫາຢູມໄຫນບາ,1
ເພັດ00,1
ແອບດີໃຊ້ໄດ້ສຸດຍອດຫາຫມູ່ມາກະໄດ້ດາຕ້າເອົາໄປເລຍ5,1
ໃຊ້ດີໃຊັ້ງານງ່າຍຊ,1
ມິ້ງລີ,1
ມະນິວັນຈັນທະວີໄຊ,1
ເຂົາຕອບແຊັດຊ້າໂພດ,0
ເຂົ້າຫຼີ້ນຫັຍງກະບໍ່ໄດ້,0
ອິດສະຫຼະ,1
ທາວຮ້ກ,1
ແອປທີດີທີສຸດ,1
ຂອບໃຈເດີ,1
ເລືອງດີ,1
ມັນລາຍ,1
ທຸກຄົນຕ້ອງມີໃນໂທລະສັບ ເຊື່ອກູໂລດ,1
ດີດີໆ,1
ແຊັດຫາຫັຍງໄດ້ຫລາຍ,1
ເຂົ້າບໍ່ໄດ້ເລີຍ,0
ດີຫລາຍວ່ອງໃວທັນໃຈ,1
ຫມູນກະໃຫ້ແນ່ເນັດຫຼຶເງີນຫ້ະຖຶກແຕ່ອັນເກົ່າເລີຍໆມີແຕ່ເຊີນຫມູ່ໃຊ້ແອັບຈົນລໍາຄານຫມູນຫຍັງດະບໍ່ໄດ້ກະເຮັດເກີນໄປ,0
ໂຄດພໍ່ໂຄດແມ່ມຶງໂຄດສະຫມັກຍາກ,0
ໃຊ້ດີຫຼາຍ ແຕ່ປີ່ນເກມໄດ້ແຕ່5ເທື່ອ ວັນ. ຢາກໃຫ້ມີຮອດ10,1
ລະຫັດotp ກະສົງຢາກແທ້ເດ ກອງຖ່າຍຮູບສໍາມະໂນຄົວກະ ສູນນໍາເດີ,0
ຂໍເຂົ້າຮ່ວມກັບເພື່ອນທຸກຄນແດ່ເດີສະບາຍດີເຮົາຊື່ດອກໄມ້ເດີ,1
ສໍາລັບຂ້ອຍລົງທະບຽນງ່າຍໆ ພຽງແຕ່ເຮົາເຮັດຖືກຕາມກະຕິກາ,1
ດີແຕ່ອັບເດດດຸເກີນໄປ,1
ຕູຢ່າງ,1
ໃຊ້ໄດ້ຢູ່ດີໆແຕ່ມື້ນີ້ບໍ່ຮູ້ວ່າເປັນຫຍັງຄືໃຫ້ລົງທະບຽນໃບຫນ້າໃຫ້ໃຫ້ຫຼັບຕາອ້າປາກແບບນັ້ນແຕ່ສຸດທ້າຍກະບໍ່ໄດ້ຄືເກົ່າ,0
ຜັກປູກຜັກ,1
ຫາລະບົບແກເຫັກນອຍມີແຕຄນແຫກເຟດ,0
ດີຫຼາຍແອັບໂຕນີ້,1
ແອັບຍັງເຂົ້າບໍ່ໄດ້ ນີ້ວາແອັບລະດັບປະເທດ ແທນທີ່ຈະມີພາສາລາວເປັນລັກ ພັດມີອັງກິດ,0
ສອວມາກໆ,1
ສະດວນຕໍ່ກາສືສານ,1
ອະທິບາຍຄໍາຕອບກໍ່ສະເຫມີຕົວທຸກກໍລະນີທີທໍາພິດພາດກໍໃຫ້ດໍາຕັກເຕືອນບາງເທື່ອຄົນເຮົາມັນກໍ່ບໍ່ຮູ້ໄປຫນົດທຸກຍາ່ງມີພິດມີຖືກບາງຄັ້ງກໍ່ທໍາພາດທັ້ງໆທີ່ເຮົາບໍ່ໄດ້ເຈັດຕະນາທີຈະຄິດກັບສິ່ງທີ່ເກີດຂື້ນກໍ່ມີຖ້າຫາກສິ່ງໃດທີ່ທໍາພາດກໍ່ຂໍໂທດນໍາທູກໆທານ,1
ຄວນພັດທະນາແອບ ໃຫ້ມັນຊໍາລະໄດ້ຫລາຍຊອງທາງແນ່,0
ດີມາກຈ້າ,1
ແອບດີເລີຍ,1
ຖ້າຫມູນບໍ່ໄດ້ແນວນີ້ຊິເຮັດມາເພື່ອຫຍັງຫມູນກ້າບໍ່ໄດ້ເງີນ,0
ຢາກໃຫ້ປັບເປີເຊັ່ນ ການຖືກອິນເຕີເນັດໃຫ້ຫາຍຂຶ້ນຢາກໃຫ້ຖືເຫມີນເມື່ອກ່ອນ.,1
ຍອດຢ້ຽມ.,1
ສະດວກດີໃຫ້100,1
ລົດເຫລືອ2ດາວເພາະບັກຫລາຍໂພດ,0
ມີຮ້ານຂາຍອາຫານຫນ້ອຍໂພດ,0
ເຂົ້າລະບົບຍາກຫຼາຍ ສົ່ງລ່ະຫັດແລະເລີ່ມໃຫມ່ທໍ່ໃດເທື່ອກະຍັງເຂົ້າບໍ່ໄດ້,0
ຂໍ data 1000mb ຈັດໃຫ້ລູກຄ້າແນ່ເດີຖ້າມີງາມອັບເດດໄຫມ່.,1
"ໄວ,ຖືກຕ້ອງແລະຊັດເຈນດີ",1
ດີທື່ສຸດ,1
ໄອໂ,1
ໃດເຮັດວຽກແລ້ວ,1
ນ້ໍາຕາ,1
ຂໍລະຫັດ,1
ຫໄປ໓ຫນຶ່ງັ,1
ໃຊ້ດີຈິງໆ,1
ສົນທະນາບໍ່ໄດ້,0
ຊີວຊີວ,1
ຊື່ຕົວຕົ້ນຜູ້ຕິດຕໍ່,1
ເຂົ້າອັບເດດຍາດ ເຂົ້າເອບຊ້າ,0
ບໍມີຍັງດີ,1
ດີໆຫຼາຍ,1
ວີຮມງ້ືງ້ຕືວ້ຍວເງາຊມາບໃຫກ້ພຕ້ດາຶ,1
ຂໍ້ມຸນໃນແມັກເຊັນເຈີສໍາຄັນ,1
ລົງບໍ່ໄດ້ໃສ່ລະຫັດແລ້ວຍັງເປັນຄືເກົ່າໃສ່ຫຼາຍຮອບແລ້ວຍັງຄືເກົ່າ,0
ແອັບດີ ມີຫລາກຫລາຍຝັງຊັ້ນ ສະດວກສະບາຍ,1
ໄທຍ,1
ລະບົບຫ່ວຍແຕກ ເງິນໃນເບີມີ14ສະຫມັກແພັກເກັດພັດວ່າ ມູນຄ່າໂທບໍ່ພຽງພໍງຶດຫລາຍ,0
ມັກຫລາຍເອາໄປ5ດາວ,1
ໄຈ ພັນທະຈິດ,1
ສະບາຍດີ ປີໃຫມ່,1
ສະບາຍດີເດີນາຍທຸກຄົນ,1
ເອົາໄປ1ດາວກ່ອນຄັນເຂົາຕອບແຊັດຂ້ອຍແລະຈັ່ງໃຫ້ເຕັມດາວ,0
ໃຊ້ພອຍເຕີມບັດບໍ່ໄດ້ແກ້ແນ່ເດີ້ ທັກຫາແອດມິນກະມິດ,0
ໄຊ້ຄັກ,1
ເປີດແອບຢາກ ຍຸດທໍາງານຕລອດປັບປຸ່ງແດ່,0
ແອັດດດ,1
ລຽ້ບງ່າຍ,1
ແດນ,1
ສະບາຍດີ ທັງຫມົດ ທີ່ ທ່ານ ຕ້ອງການ ທີ່ ຈະ ເປັນ ແນວ ໃດ ກໍ ໄດ້ ມີ ຄວາມ ຫຍຸ້ງ ກັບ ການ,1
ໄຊດີແຕ່ຂໍ່ຍ່າງດງວຍາປິດກ່ານເບີ່ງເຫັນ,1
ໄຫ້ຫົກດາວເລີຍໄຊ້ງານງ່າຍສະໂດກດີ ມັກບ່ອນຖືກປຸບໂອນປັບ ພະຍາມພັດທະນາໄຫ້ມັນດີຂື້ນເລື້ອຍເດີ,1
ແມ່ນອີຫຍັງມາລັອກບັນຊີກັນນິ,0
ເຂົ້າລົງບໍໄດ້ບໍຕ່າມແນະນໍາເລີຍເຊັງ,0
ໃຊ້ງານບໍໄດ້,0
ສົ່ງຄໍາຂໍຫາເພື່ອນບໍ່ແຖມຍັງໂພສບໍ່ໄດ້ອີກຢາກໄວໆແນ່ແບບເກົ່າກະດີແລ້ວ,0
ເບື່ອໂຄສະນາອອກມາບໍ່ໃດ້ຮັບເຊີນຄັນຊິໂຫລດຮ້າຊິຊອດເອງ,0
ເພງມ່ວນ,1
ກະມີແຕ່ຄໍາຂໍ,1
ເບງິນງັເສກ,1
ຕິດຕັ້ງໂຄດພໍໂຄດແມ່ເຫິງ,0
ຄວາຍເອີຍສະຫມອງມີແຄ່ນີ້ບໍ່ສ້ສວແອພຄືສົ້ນຕີນນີ້ ຖ້າໂພດໄດ້ຂ້ອຍສິບໍ່ໃຫ້ດາວພໍອັນເລີຍກະຈອກວະ,0
ດີຫລາຍໄດ້ແຟນນໍາ,1
ວັງຄົນນີຄົນທີຮັກເດ,1
ບໍ່ຈ່າຍເງິນຈ້າງຜູ້ໃດມາໃຫ້ຄະແນນບໍ່ມີໄພບັງຄັບໃຫ້ໄສ່ຈໍານວນດາວເປັນຄວາມຮູ້ສຶກຈາກໄຈ ຂອງເຮົາເອ່ງທັງຫມົດ,1
ເປັນແອັບທີດີຫລາຍ,1
ນີກໍສຸດຍອດ,1
ໄມ່ດີຂ່ະ,1
ສົ່ງຂໍ້ມູນໄວ,1
ສັງຄົມນິ້ຍົມທີ່ສຸດ,1
ແຊດສະບາຍ ງ່າຍ,1
ເຂົ້າແອບໂຫຼດຊ້າໂພດ ແລະ ຕອນກາງຄືນຈະໂອນເງິນຢູ່ຮ້ານເບຍກະບໍ່ໄດ້,0
ເວີຣຊັນເກົ່າ,1
ເຂົ້າກະບໍ່ໄດ້. ທ່ຽວປ່ອນລະຫັດຜ່ານເປັນ3 4ເທຶ່ີອຄ່ອຍໄດ້.ອັນທີ່ເຂົ້າໄດ້ກະບໍ່ສະແດງລະອຽດ.ບາງຮອບຫັນກົດລະຫັດຜ່ານໄສ່ກະເດັງອອກຄຶີເກົ່າ,0
ຕື່ມເງີນ ຍັງໄດ້ຖ້າລະຫັດໂອທີພີ ຫລາຍຂັ້ນຕອນເກີນໄປເງີນຕື່ມເງີນເທື່ອ 1 ເທື່ອ 2 3 ຍັງຕ້ອງໃຊ້ລະຫັດໂອທີພີ ໂອນເງີນຄືກັນ ມັນຫລາຍຂັ້ນບາງເທື່ອບໍ່ໄດ້ລະຫັດຂູດບັດໄວກ່ອນຊໍ້າ,0
ແພັກແກັດນ້ອຍດຽວ,0
ທ້າວແອ່ງຄໍາ,1
ມັກຫລາຍໂທໄວໄດ້ໄຈ,1
ມີຄວາມຮູ້ສຶກດີເພາະເຮັດໃຫ້ຂ້ອຍງ່າຍໃນການຕີດຕໍ່ຫາຄົນໃນຄອບຄົວແລະຫມູ່ເພື່ອນwhatsapp,1
ຂໍຖາມແດ່ ແອບ ໃດມັນເປັນແອບໃຫ່ມ ຂ້ອຍ ລົງທະບຽນແລ້ວ ຢາກເພີ່ມບັດatm ກະບໍ່ໃດ້ ຊ່ວງນີ້ ພະຍາດລະບາດ ພະນັກງານຍັງບອກໃຫ້ຖືບັດເຂົ້າ ທະນາຄານ ພໍຊອບຖາມ ກະມີແຕ່ວ່າ ເຂົ້າທະນາຄານ ຖ້າສົມ ມຸດ ວ່າ ຊົນນະ ບົດ ເມີດເຂດ ນັ້ນ ມີຕູ້ 1ຫນ່ວຍ ທນຄ ກະໄກ ແລະ ສິອອກ ໄປກະອອກບໍ່ໃດ້ ແລ້ວ ພະນັກງານຍັງວ່າໃຫ້ ໄປ ທນຄ ເປັນຕາເຫລືອໃຈບໍ່,0
ບັດແອັບມັກຈາບີແສັດສວນຕົວແລະສົນທະນາກັນແສັດຫາກັນສົນທະນາກັນ,1
ແອັບໄສ່ດີ,1
ທວຶໄ ສຶະລ,1
ແມ່ຂອງຂ້ອຍ,1
ຢາກໃຫ້ມີເກມຫຼືພາລະກິດງ່າຍໆແບບບໍ່ຕ້ອງມີການແຂ່ງຂັນບໍ່ຕ້ອງແຂ່ງກັບເວລາບໍ່ຕ້ອງລົງທຶນບໍ່ຕ້ອງລູ້ນໂຊກເອົາແບບໃຜຫຼິ້ນຄົນນັ້ນໄດ້ເງູິນແທ້ທີ່ໃຊ້ຈ່າຍໄດ້ຈິງໃນຊີວິດປະຈໍາວັນເພື່ລ້ຽງຊິວິດໃຫ້ຢູ່ລອດ,1
ຊໍຊຊ,1
ໃຊ້ໄດ້ດີຢ້ຽມ,1
ເອີ້ນລົດຍາກແຮງ2 3ຊົ່ວໂມງຍັງເອີ້ນບໍ່ໄດ້ເລີຍ,0
ສະດວກສະບາຍຫລາຍ.,1
ໃຫ້ຂ້ອຍໄດ້ຂຽນແລະເຮັດຫນູ່ເພື່ອນ,1
ໂຫຼດບໍ່ໄດ້ຊ້ໍາ,0
ດີຫລາຍໃຊ້ມາເປັນ20ແລ້ວ,1
ເຄີຍທໍາງານມາກອ່ນ,1
ໃຫ້2ດາວໄປກ່ອນ,0
ແອັບນີ້ດີ,1
ໄຊ້ດີຫລາຍອໍານວຍຄວາມສະດວກໃນການສື່ສານໄດ້ດີ,1
ເຕີມຄູນສອງບໍ່ໄດ້,0
ມັນກໍ່ດີ,1
ດີ.d,1
ແອັບຢ່າງກາກ,0
ແອັບດີຢູ່ ແຕ່ຂ້ອຍບໍ່ຖືກ400ລ້ານຈັກເທື່ອປານນີ້,1
ຍອວ້ະາ,1
ແອບລາວນີ້ຕັ້ງບໍມີປະໂຫຍດຫຍັງເລີຍ ໂຫລດມາເປື່ອງພື້ນນີ້ໂທລະສັບຊື່ໆ ເຮັດຫຍັງກາບໍໄດ້ ເຕີມເງີນກາບໍ່ ເຊົ່າໃຊ້ສາສູ່,0
ແຕ່ເຂດອັບເດດໄຫມ່ນິເຕື່ມເງີນເຂົ້າຊື້ແພັກເກດລະກະຍັງໂທບໍ່ໄດ້ປັບປຸງດ່ວນ,0
ຍາກໃດໂທລະສັບໃຫມັນດີຄືນແລະໃນການລິນອືນໆວອງໃວ,1
ເກິບຫ້າສິບພັນ,1
ເຫັນດີແລະຍອມນັບ,1
ຄຸນທີ່ທ່ານມອບສິ່ງດີໆໄຫ້,1
ຍອດການສືາສນ,1
ສັ່ງກະສົ່ງຜິດແລະບໍ່ມີຄວາມຮັບຜິດຊອບ,0
ຮັກອ້າຍຕອນເມົາ,1
ມ່ວນລາຍ,1
ໂຕແອັບຖືວ່າເຮັດວຽກໄດ້ດີແລ້ວແຕ່ one xຮູ້ສຶກມີບັນຫາທຸກຄັ້ງຕອນຢືນຢັນການສັ່ງຊື້ກັບຢືນຢັນວ່າໄດ້ຮັບເຄື່ອງແລ້ວ ເຮັດໃຫ້ເສຍເວລາແລະເກີດຄວາມບໍ່ຫມັ້ນໃຈກັນທັງຜູ້ຂາຍແລະຜູ້ຊື້ ບໍ່ໄດ້ກ່ຽວຂ້ອງກັບເຄືອຄ່າຍເນັດເລີຍ ເພາະຍັງສາມາດກົດໂອນເງິນ ຈ່າຍເງິນຜ່ານ bcel one ໄດ້ປົກກະຕິ ຢາກໃຫ້ປັບປຸງຈຸດນີ້ຕື່ມຖ້າຢາກໃຫ້ຄົນມາໃຊ້ແອັບຫຼາຍຂຶ້ນ ຫຼື ວ່າເວລາແອັບມີບັນຫາແລ້ວຢາກແກ້ໄຂ ຂໍໃຫ້ແຈ້ງຂໍ້ຄວາມໃຫ້ລູກຄ້າຜ່ານທາງຂໍ້ຄວາມຕື່ມ ຫຼາຍໆເລີຍ ໄດ້ບໍ ເພາະເວລາໃຊ້ແລ້ວແອັບມີບັນຫາອາດຈະຖືກຊ່ວງທີ່ປັບປຸງແກ້ໄຂພໍດີ ມັນອາດສ້າງຄວາມຫງຸດຫງິດໃຫ້ລູກຄ້າຄົນຂາຍໄດ້ ຂອບໃຈ,1
ອັບເດດໃຫມ່ແລ້ວເຂົ້າບ່ໍໄດ້ ມີແຕ່ເດັ້ງອອກຕະຫຼອດ ແກ້ໄຂໃຫ້ແດ່ເດີ ເຂົ້າບ່ໍໄດ້ເລີຍ,0
ໃຊ້ແລ້ວດີມີຄວາມສະດວກວອ່ງໄວ້,1
ໃຊ້ຍາກຫລາຍດຽວນີ້ບໍ່ຄືຕອນທໍາອິດໃຫ້ອັບເດດຕະຫລອດຍັງໃຊ້ບໍ່ຮອດ5ເທື່ອກະໄດ້ອັບເດດແລ້ວ,0
ຍວດເຍີ່ຍມ,1
ຂອບໃຈຫຼາຍໆເນີ້ຂອບໄຈອີຫຼິ ຂໍໄຫ້ເຈົ້າຫນັ້ນຢືນ,1
ດີຫລາຍເພີ່ມຄວາມສະດວກໃນຫລາຍໆດ້ານໃນແອັບດຽວ,1
ເວລາເຕີມບັດຄືບໍ່ໄດ້ຄະແນນສະສົມແລ້ວ ໄດ້ແຕ່ຕອນຕັ້ງແອັບທໍາອິດ,0
ຢາກໃຫ້ປັບປຸງອັນທີ່ວ່າເງິນໃນບັນຊີເຫລືອ50 60ພັນໃຊ້ຫຍັງກະບໍ່ໄດ້ເຕີມບັດກະບໍ່ໄດ້ທັງໆທີ່ເງິນມີມີ50 60ພັນນິ,0
ຕິດຕັ້ງບໍ່ໄດ້ໂຫລດມາແລ້ວ,0
n800 ທວ້ສາຝົນ,1
ທລສເພ,1
ລິນດີ,1
ກາວື ເອີ່ໍານເຂົ້າຊົມທັງຫມົດ,1
ສະບາຍສຸດໆໃຜໃສ່ແອັບນີ້ນະ,1
ສົງທໍ່,1
ແມນແລວ,1
ແອບນີ້ຄວນແກ້ໄຂໄຫມ່ເດີເພາະຫນຸນຮອບດຽວແລ້ວສົ່ງຄໍາຂໍຮ້ອງໃຜບໍ່ໄດ້ເລີຍ,0
ອິນງ່າຍ,1
ສວນວອດແອບທິໃຊ້ຂໍຄວາມຜານ່ແອບຂາພະເຈົາໃດ້ສາງ້ສັນແລະຈີດຕະການຂໍຄວາມຜານວອດແອບເພືອໃຫ້ທູກທານ່ສາງສັນແລະໃຫ້ມີຄວາມສູກແລະສະບາຍໃຈຂໍໃຫ້ທູກທານໂຊກດີແລະມີຄວາມສູກ,1
ເປັນຫຍັງລະຄືບໍ່ສົ່ງລະຫັດແອັບເລິຍ,0
ຖືກໃຈຫລາຍສ້ໍາລັບແອັບຢູມັນນີ,1
ໂອນສະດວກວ່ອງໄວ,1
ໃຊ້ເພຶ່ອການສຶກສາ,1
ແອັບຯນີ້ໃຊ້ດີແຮງ,1
ອັບເດດແລ້ວ login ບໍ່ໄດ້ເລີຍ,0
ແອບໂງ່ໆລະບົບແອບກະໂງ່ຕັ້ງໃຈເຮັດໃຫ້ມັນດີໆແນ່ຕັວ,0
ໄນຄວາມພໍໃຈ,1
ສຸດຍອດ ສຸດຍອດ,1
ດີຂຶ້ນເລື້ອຍໆ,1
ມີຄວາມພໍໃຈ,1
ດີຫຼາຍຄັນອອກບັດເດບິດ debit ໄດ້ຄືຊິດີເນາະ,1
ແອບໃສດີມາກ,1
ແອັບລາວ55ກາກຈັດ,0
ຮັກສຸດໄຈ,1
ດີ ດີ,1
ໂອລີ,1
ດາວໂດດຍາກຫຼາຍ,0
ດີຫລາຍເຈົ້າ,1
ໃຊ້ສະດວກສະບາຍວ່ອງໄວ,1
ຄືດາກ,1
ແອບນີ້ມີຄວາມປອດໄພສູງ,1
ດີໃຈຫລາຍ,1
ເປ່າ,1
ເຂົ້າແອັບບໍ່ໄດ້ ກົດເຂົ້າແອັບແລ້ວເປັນຈໍດໍາມືດເລີຍ,0
ສຸດຍອດມາກຄັບ,1
ແມ່ນໄຜອອກແບບແອບສົ້ນຕີນ,0
ອັນຕັ້ງຖອນເງິນສົດແບບບໍ່ໃຊ້ບັດຄືມາຍາກຕາຍແທ້ເບາະເງິນນ້ອຍກະໂອນເຂົ້າເປັນລ້ານກະຍັງຕັ້ງບໍ່ໄດ້ມັນເປັນຫຍັງຄືບໍ່ປັບປຸງແດ່ແຊັດຫາພະນັກງານກະປານສິແຊັດໄປຈີບຕອບຊ້າແທ້ຊ້າວ່າອ່ານລະກະບໍ່ຕອບຫຍີ່ງໂພດເບາະໃສ່ຖືກສຸອັນກະຍັງວ່າຄໍາຕອບວ່າງເປົ່າມັນວ່າງແມ່ມັນບ່ອນໃດດຽວນີ້ນະຫະວ່າໃຫ້ໃສ່6ໂຕກະໃສ່ລະເດເປັນຫຍັງຄືບໍ່ໄດ້ໃຊ້ຍາກໂພດ,0
ເຂົ້າແອັບປັບເດ່ງໄປລິ້ງອິຫຍັງກະບໍ່ຮູ້ແກ້ໄຂ່ເປັ່ນຍູ່ບໍ່ເປັ່ນກະພາກໄວ້ແນ່,0
ເຂົ້າແອັບກະຍັງບ່ໄດ້ ຫລ້າສະໃຫມຫລາຍ,0
ຮັບເພືອນຫນ່ອຍແທ້ເຟດນີ້,1
ດີຫຼາຍໃຊ້ງານງ່າຍ,1
ຍອມຮັບວ່າໃຊ້ກຸ້ມຄ່າແທ້ເຈົ້າ,1
ສໍາລັບ,1
ເຕີມມູນຄ່າໂທໄດ້ສະບາຍ,1
ເຄີຍໄຊ້ແລ້ວມັກຫຼາຍ,1
"ເຂົ້າ10 ເທື່ອ ຄ້າງ8ເທື່ອ ບໍ່ຕອບສະຫນອງ, ອີກ2ເທື່ອນັ້ນ ດົນໆ ກວ່າເຂົ້າໄດ້ ຕ້ອງພັດທະນາຫລາຍຢູ່ ຖ້າຢາກໃຫ້ຜູ້ໃຊ້ງານເພີ່ມຂື້ນ ຫງຸດຫງິດແຮງ",0
ຄືມາຮວຍແຕກແທ້ເຂົ້າໄປໃສ່ເບີລະເດ້ງອອກມາເອງໃສ່ເບີຕັ້ງກະບໍໄດ້ເຂົ້າກະບໍ່ໄດ້,0
ຈັກແມ່ນວ່າແນວໃດ ບາດໂຫລດໄດ້ແລ້ວກະເຂົ້າບໍ່ໄດ້.ງຶດ,0
ດີໃຈທີມີການສົງຂໍ້ຄວາມໃຫ້ຫມູ່ແລະຄົນທີຮັກໄດ້ໄວແລະໃຊ້ງ່າຍ,1
ໃຊ້ງານດີວ່ອງໄວ,1
ດີໄຈມາກ,1
ດີຫລາຍ ແບ້ບນີ້,1
ອັບເດດເປັນ10ຊົ່ວໂມງ,0
"ອອກໃຫ້ອັບເດດຕະຫຼອດ, ຍອມມັນເລີຍ",0
ໂສ່ຍ19,1
ເຂົ້າບໍ່ໄດ້ເຂົາລະແປນໃມ່ອີກລະຂ້ອຍໃສ້ບໍ່ໄດ້,0
ມີແຕ່ໄຫ້ອັບເດດຕະຫລອດບໍ່ອັບເດດກະເຮັດນັ້ນນີ້ບໍ່ໄດ້,0
ສະດວກສະບາຍໃນການສື່ສານ,1
ໃຊດີແຕ່ຊື້ບໍ່ຄອຍຖືກ,1
ດີລາ່ຍ,1
ກໍາລັງໂຫລດ,1
ສະດວກສະບາຍວ່ອງໄວແລະທັນສະໄຫມ,1
ໄຫ້ເລີຍ5ດາວ ຢາກຈະໄຫ້ຄໍາແນະນໍາອີກຢາງຫນື່ງວ່າກ່ອນຈະອັບເດດແອັບbcel one ນີ້ຢາກຈະໄຫ້ມີການສົ່ງຂໍ້ຄວາມແຈ້ງເຕືອນຫລວງຫນ້າໄຫ້ຜູ້ທີໄຊ້ແອັບສາມາດກຽມສໍາຮອງຂໍ້ມູນໄວ້ເພື່ອຄວາມສະດວກໄນການເຂົ້າແອັບໄຫມ່,1
ຕອນນີ້ອັບເດດໃຫມ່ເຂົ້າໃຊ້ງານແອັບບໍ່ໄດ້ເລີຍ,0
1ດາວກະບຸນຫົວແລ້ວຫນັງຖ້າລະຫັດotp ເປັນຊົວໂມງກະບໍ່ໄດ້ ຕາຍເຍີ,0
ໃຜລົງທະບຽນບໍ່ເປັນຫລືຍັງບໍ່ເຂົ້າໃຈໃຫ້ໄປເບີ່ງໃນຢູທູບຊ່ອງຂ້ອຍເດີ,1
ເຊີນແກ້ໄຂແດ່ລົງທະບຽນ20ເທື່ອແລ້ວກະບໍ່ໄດ້,0
ຄື່ສ້າງບັນຊີບໍ່ໄດ້,0
ເຄື່ອງບໍ່ທັນໄດ້ໄປເອົາຄືວ່າມີຄົນຮັບພັດສະດຸແລ້ວ ເປັນບ້າຫວາຫຼືຈັງໃດ,0
ກົດຢືນຢັນລົດບໍ່ໄດ້ຈັກເທື່ອ ຂຶ້ນມາຫຼາຍຄັນແຕ່ກົດຮັບບໍ່ໄດ້ຈັກຄັນ,0
ລັດສະຫນີ. ວ່າບ້ານເຮືອນເຈື້າລາວ,1
ແກ້ໄຂແນ່ເດີເຈົ້າແອບມີບັນຫາຕະຫຼອດ,0
ໄດ້ແນັດດາຕ້າ,1
ມັກເດີແອັບນີ້ແຕ່ຫວ່າເວລາເຮົາເຊີນຫມູເພືອນແລ້ວບໍ່ໄດ້ດາຕາກະເລີຍໄຫ້4ດາວ,1
ໃຊ້ງານງ່າຍແລະດີ,1
ຂອບໃຈທີ່ສ້າງ facebook ຂື້ນມາ,1
ຄົມຂໍ່5ດ່າວເດີ,1
ແກ້ໄຂດ່ວນແອັບມີປັນຫາຫລາຍຢ່າງ,0
ໄດ້ ອັປເດຕ ເຟສບຸ໊ຄ ດູແລະຕິດ ຕາມ ເພຶ່ອນ ໆທີ່ ເຮາ ອາຈ ຈະຮູ້ ຈັກ ໄດ້ ຮູ້ ຈັກ ເພຶ່ອນ ໆໃຫມ່ ໆອີກ ມາກ ມາຍທາງ ເຟສບຸ໊ຄ,1
ສັ່ງໄດ້ໄວທັນໃຈ,1
ລີ້ນດີມ່ວນຕາຂອບໃຈ,1
ມັນຊາໂພດ,1
ອທເ,1
ເລໍາບໍາ,1
ເຂົ້າບໍ່ໄດ້2ມື້ແລ້ວກວດເບິ່ງໃຫ້ແດ່ເດີ້,0
ຮັກນອ້ຍ,1
ແກ້ໄຂແດ່ ນັບແຕ່ອັບເດດໂຄດຊ້າ,0
ເອີ້ນລົດໂຄດຍາກ ເອີ້ນລົດຖ້າເປັນປີກວ່າຊິມາ,0
ຂຶ້ນແຕ່ເຄື່ອງສຽງຊອກອັນອື່ນບໍ່ມີ,0
ເວລາແຈກເງີນບໍ່ເຄີຍໄດ້ພໍສະນັ້ນ2ດາວພໍ,0
ຈ່າຍຄ່າໄຟ້າ ຍາກເດີ້ ຢາກໃຫ້ປັບປຸງຕື່ມແນ່,0
ນ້ອງມີນາ,1
ໄຫ້ຄວາມວອງໄວ້ໄນການຮໍາໃຊ,1
ໃຊ້ສະບາຍຫຼາຍ,1
ໃຊ້ການສະດວກສະບາຍວ່ອງໄວ ທັນໃຈ,1
ທີ່,1
ສໍາລັບເມສຊິນເຈີນີ້ມີຄຸນຄ່າຫຼາຍຕໍ່ການໂມຫືຼການສົນທະນາຂອງພວກເຮົາ,1
ຊື່ແລະລະຫັດ,1
ກະສິດວກສະບາຍດີ,1
ຄວາມສຸກ,1
ເປັນຫຍັງນໍແອັບຈັ່ງບໍ່ສາມາດລົງທະບຽນໄດ້,0
ແອບຕາຍໆ ແອບຂີ້ຕັວະ ສຸດທ້າຍກະຕ້ອງແມ່ນພະນັກງານຢູ່ສູນເຮັດໃຫ້ຄືເກົ່າ,0
ເຢັດແມ່ ມືງຕາຍ,0
ໃຊ້ດີຫລາຍໆສະດວກສະບາຍຍີ່ງຂື້ນ ພັດທະນາຕໍ່ໄປ,1
ຄືເຂົ້າບໍ່ໄດ້ ຊ່ວຍປັບປຸງດ່ວນແນ່ ເຕີມເງີນກາບໍ່ໄດ້,0
ຢາກໃຫ້ປັບປຸງ ການໂອນເງິນໄທຫາລາວ ໄທໂອນຈາກ ທູມັນນີວາເລດ ລາວຢູມັນນີ ໃຫ້ສາມາດໂອນຫາກັນໄດ້,1
ຊົມເຊີຍfacebookດີຫຼາຍ,1
ສະ ດວກຂຶ້ນwe,1
ແອັບເຂົາບໍ່ໄດ້ ຈະກວດດາຕ້າຄືລໍາບາກເກີນສົ່ງລະຫັດກວດກໍ່ຂື້ນແຕ່ເອີເລີ້,0
ໂຄສະນາຫລາຍເກີນໄປ,0
ບໍ່ປະສົບການຈັກເທື່ອຍ້ອນບໍ່ໄດ້ສຶກສາ,1
ອັບເດດແລ້ວຫມຸນບໍ່ໃດ້ຮັບຫຍັງເລີຍແລ້ວໃຫ້ໂຫລດມາເພື່ອຫຍັງນໍ?,0
"app ນີ້ຫລອກລວງວະ, ຂໍ້ຄວາມວ່າແນວ1ລະເປັນແນວ1 ຖ້າບໍປຽນແປງກູລົບອອກແນ່",0
ຊື້ຫວຍບໍໄດ້ .ຂຶ້ນ error,0
ທືກໃຈຂ້ອຍຫ້ຼາຍ,1
ຕາມນັ້ນ,1
ຕີນຕັ່ງ,1
ແອັບເລີ່ມບໍ່ໄດ້ຄຸນນະພາບລະເດີແຕະເຂົ້າສາມແກຼັບກະບໍ່ໄດ້ສົ່ງແຕ່ໂຕຕວດອຸນຫະພູມລະກະຢູ່ແຕ່ຫນ້ານີ້ບໍ່ໄປໃສເລີຍລົງທະບຽນກະບໍ່ໄດ້,0
ຕັ້ງບໍ່ໄດ້ໂຄສະນາຄືໆ,0
ຊື້ຫຢ໋ດ,1
ດິໃຊ້ດິຈັງ,1
ມັນຄືເຂົ້າແອບບໍ່ໄດ້ມັນເປັນຫຍັງລົບແລ້ວໂຫລດໃຫມ່3 4ເທື່ອແລ້ວກະຍັງຄືເກົ່າ ປັບປຸງແນ່ແຕ່ກ່ອນໃຊ້ດີ ແຕ່ດຽວນີ້ໃຊ້ບໍ່ໄດ້ເລີຍ ຈັກອີ່ຫຍັງເຊື່ອມຕໍ່ອິນເຕີເນັດຢູ່ ເນັດກະມີຂື້ນ4gຍັງເຂົ້າບໍ່ໄດ້ ປັບປຸງດ່ວນແນ່ເດີ,0
"ເປັນຫຍັງມັນຈຶ່ງໂທເຫັນຫມ້າກັນບໍ່ໄດ້,ບາງເທື່ອກະໂທເຫັນຫມ້າກັນໄດ້ແກ້ໄຂ້ໃຫ້ແນ່ເດີໆ",0
ຂ້ອຍມີແອັດນີ້ມາກອນ,1
ການປູກຫມາກລາແຊ້ງ,1
ຜ່າຍປະຊາສໍາພັນ,1
ເຂົ້າບໍ່ໄດ້ລະຫັດກະຖືກເບີກະຖືກ,0
ແກ້ໄຂເລື່ອງລະບົບລົງທະບຽນຊິມເດີ້ ລົງທະບຽນໄປແລ້ວທັງເກົ່າແລະໃຫມ່ ລົງໃນແອັບກໍ້ລົງກໍຍັງສະຫມັກບໍ່ໄດ້,0
ສະດວກຢູ່ແຕ່ຕອນນິຫຼິ້ນບໍ່ໄດ້ບໍ່ຮູ້ເປັນຫຍັງ,1
ຢາກເວີຊັ້ນໄຫມ່,1
ບັນຊີເບີເປັນຫຍັງຄືບໍເຮັດໃຫ້ມັນມີqrກັກໄວ້ຫາສິແຕກຫຍັງເຮັດໃຫ້ມັນຍຸ້ງຍາກເຮັດຫຍັງເຮັດປານຄົນບໍ່ມີຄວາມຄິດນິແລະ,0
ຕົງມົວ,1
ດີກວ່າແອພທະນາຄານອື່ນໃນລາວເປັນໃຫ້ຫຼາຍກ່ອນແອພໂອນເງິນສະດວກສະບາຍ,1
ໃຊ້ບໍລິການລາວແອບໂດຍມີຄົບສະດວກສະບາຍສຸດຍອດ,1
ແອັປໃຊ້ງ່ນໄດ້ດີຢູ່,1
ໂຫລດຄືບໍ່ໄດ້,0
ໃສ່ລ່ະຫັດເດ່ງອອກ,0
ມີປະໂຫຍດຫລາຍແລະໃຫ້ຄວາມຮູ້,1
ດ້ວຍເຫດຜົນ,1
ດີແຕ່ບໍ່ຄ່ອຍໄດ້ໃຊ້,1
ຕາວໍ່ແອັບບໍ່ໄດ້ເປັນຫຍັງບໍ່,0
ເປັນຫຍັງຂື້ນທະບຽນບໍໄດ້ເລິຍຫວາ,0
ຂີ້ຖີສັ່ງແມ່ມຶງແທ້ຄັນຂິ້ຖີ່ປານນີ່ປິດສາແອັປບໍ່ຊົງນີ້ໂຄດກາກແອບບໍ່ຊົງ,0
ຊືແກນສີ ນາມສະກຸນປັນຍານສີດ,1
ຢາກກິນເຂົ້າກະເພົາ,1
ເປັນແອບ ທີຫ່ວຍກະວ່າໄດ້ ຄວນປັບປຸງອີກຫລາຍແນວເຊັ່ນ 1 ໃຫ້ລິວໄດ້ 10 ວິ 2 ເວລາເນັດຄ້າງ ມັນບໍ່ສາມາດເລ່ນຕໍໄດ້ເລີຍ 3 ບາດເລ່ນບໍ່ໄດ້ລະອອກມາ ເພື່ຶສີຫາຄີບເກົ່າເຈີ 4 ຄົ້ນຫາຊື່ຍາກໂພດ ຕ້ອງພີມຖືກຄຸໂຕຈຶ່ງເຫັນ ເຮັດໃຫ້ຄືຢູ່ທູບ ຈັກນ່ອຍກະດີ ຮີບປັບປຸ່ງແດ່,0
ແອບບໍ່ສົມບູນເຂົ້າບໍ່ໄດ້,0
2580 ວັນເດີນປີເກີດ ຍັງເກົາສີ ວັນທີ່ 15 ປ່ຽນສີ,1
ໃຊ້ດີສະດວກຫລາຍ,1
ຊວ່ງນີ້ເຂົ້າຍາກຫລາຍ ຈົນບໍຢາກໃຊ້,0
ເຂົ້າແອັບຍາກ,0
ຫ່ວຍແຕກຂະຍະ,0
ວອ່ງໍາວໄຊ້ດີ,1
ເພີມຄວາມໃວແດ່,1
ແອັບນີ້ໃຊ້ມີຄຸນປະໂຫຍດຫຼາຍ,1
ແອັບດີຫຼາຍ.,1
ຊອບຟັງຊອບດູຊອບປະຕິບັດຕາມດ້ວຍເຈົ້າຄ່ະ,1
ຍັງບໍ່ໃດ້ເຂົ້າສໍາ,1
ເປັນປະໂຫຍດຫລາຍ,1
ສົ່ງຄິບວີດີໂອຊ້າແກ້ໄດ້ກະຊ່ວຍແດ່,0
ບາງຮ້ານອາຫານບໍ່ຕົງປົກ,0
ໄດ້ປະຕິບັດຕາມກົດຢ່າງໄສສະອາດ,1
ໄຊຕິງແທ້,1
ວັນເວລາແລ່ນໄປຄືນໍາ້ໄລ່,1
ດີໆພັດທະນາອີກ,1
ໃຊງານດີຫລາຍ,1
ດີຫລາຍພາບຊັດແຈນສຽງໃສຕັດສຽງລົບກວນໄດ້ດີທີ່ສຸດ,1
ອັບເດດໃຫມ່ລະລ໋ອກອິນບໍ່ໄດ້ ແກ້ໄຂແດ່ເດີ ມີບັນຫາຕະຫລອດ,0
ໃຊ້ງ່າຍ ໄປໃສກໍສະດວກສະບາຍ,1
ບໍ່ມີຄໍາບັນຍາຍຍິ່ງໃຊ້ເຄື່ອງຍິ່ງຊ້າຊັງຄົນມັກປ່ອຍໄວຣັດ,0
ເຫັນດີກັບນາຍ,1
ອາຫານກະແຊບຄ່າສົ່ງກະຟີຣ,1
ໃຊ້ແລ້ວດີສຸດໆ,1
ສ້າງຮ້າຍຕາຍແທ້ແກ້ໄຂເຂົາໃຫ້ພັດທະນາດີຂຶ້ນກວ່າເກົ່າບໍ່ຮ້າຍກວ່າເກົ່າແບບມຶງ ເຫ້ຍ ຢາກກັບໄປໃຊ້ຍຸກໂມຈາເດ,0
ຕອນແລກກະໄຊ້ດີແຕ່ດົນມາອັບແດດໃຫມ່ພັດແຊັດຟີກະບໍ່ໃດ້ລິ້ນຫຍັງກະຍາກໄປເບິດຍັງບໍ່ທັນໄດ້ເທື່ອ,0
ດີແທ້ ມີແຕ່ແນວໃຫມ່ໆເຂົ້າມາ,1
ຍິນດີທີຈະຍູນໍາ,1
ໂອນເງິນກະບໍໄດ້ແກ້ໄຂແນ່ໂຄດເສຍເວລາເຮັດໄດ້ແຄ່ສ່ໍານີ້ຫວາຖ້າແກ້ໄຂບໍໄດ້ກະປິດແອບນີ້ໄປເລີຍ,0
ມັນມີຄວາມຫມາຍ,1
ມັນເຂົ້າແອັບບໍ່ໄດ້ຕ້ອງເຮັດແນວໃດ,0
ປັບປຸງແນ່ ໂອນເງິນກໍ່ບໍ່ໄດ້ ສະມັດແພັດເກັດໃຫ້ເບີອື່ນກໍ່ບໍ່ໄດ້,0
ແອັບຊ້າຫລາຍປັບປຸງແນ່,0
ສຸກດຍອດ,1
ນາງນອ້ຍທີ່ເກີດໃຫ່ມກໍາລັງຫນາ່ຮັກ,1
ເຂົ້າຍາກອັບເດດເທື່ອໃດລະເຂົ້າຍາກ,0
ດ່າວໂລດ,1
ສຸດຍອດເຈັ໋ງ,1
ໃຊ້ໄດ້ດີຢູ່ແຕ່ຊ້າໆໆ,1
ບໍລິການຍອດຍຽ້ມດີແຕ່ຖ້າເປັນໄປໄດ້ຢາກໃຫ້ຄືນກໍາໄລໃຫ້ລູກຄ້າຈັກ 15 ເປີເຊັນຍິ່ງຈະດີໃຫຽ່ເລີຍຂໍຂອບໃຈ,1
ກູເສຍໃຈວ່າງ,1
ຈື່ຈໍາອະດິດ,1
ເຮັດໄຫ້ການຕິດຕໍ່ສະດວກຂື້ນຫລາຍ,1
ຄືວ່າໃຊ້ຍາກນະດຽວນີ້ ຄ້າງຕະຫລອດ,0
ໂອສາວ,1
ເບິ່ງຫນັງບໍ່ໄດ້ລົບໂຫລດໃຫມ່ກະເບິ່ງບໍ່ໄດ້,0
ແອັບໂຄດກາກດງວນີ້ບໍ່ຄືເກົ່າພໍລີ້ພໍໆແບບນີ້ບໍ່ໄຫວນໍາລະກາກແຮງແອັບນີ້ບໍ່ໃຊ້ແລ້ວ,0
ສອນແກ້ວ,1
ໄຊ້ດີແຮງບໍລິສັດຮຸ່ງອາລຸນ,1
ຂອ້ຍກລັງຮຍນຮູ້ວິທີຕັ້ງຄ່າແລະໃສ່ມູນຍັງບໍ່ທັນເຂົ້າໃຈດີແທື່ອ ຖາ້ຫາກຜິດພາດໄປປະການໃດຂ້ອຍຂໍອາໄພນໍາທຸກໆຄັນມານະໂອກາດນີ້ດ້ວຍ.ຂໍຄອບໄຈ.,1
ແຢມາກ,1
ອັບເດດໃຫມ່ບໍ່ຈັກຊິຫລີ້ນມີແຕ່ພາສາອັງກິດຫາບ່ອນຫມູນເນັດກາບໍ່ມີ ແບບເກົ່າດີກວ່າ,0
ຢູ່ທີໃຈມັກ,1
ດາວ ລີ,1
ຢາກຫລີ້ນໄວ້ໆຂື້ນ,1
ຖືກເລກແຕ່ບໍ່ໂອນມາ?,0
ເຮົາພໍໃຈມາກທີໂຫລດແອັບນີ້ມາ,1
ບໍດີເລີຍເລີກສ້າງສະແອັບນີ້ນະ,0
ເວລາື້ຄໍາຕອບ,1
ໃຊ້ໄດ້ຫາຍຢາງ່ ດີໃຈ,1
ແອປ ຮູຂີ້ .ຕິດຕັ້ງພໍຮົກຈໍ ເຂົ້າໄປຄ້າງເກເດ່ ເຮັດຫຍັງກໍບໍ່ໄດ້,0
ມັກຫລາຍທໃຊ້ດີ,1
ເບິງຫນັງກະບໍໄດ້ມຸນເງິນເນັດກະບໍໃດເຮັດຍັງບໍໄດ້ເລີຍແກ້ໄຂ້ແນ່,0
ຍອດຢ້ງມ,1
ຈັກແມ່ນຄວາຍຫຍັງກັບການຊື້ດາຕ້າປ່ຽນໄປປ່ຽນມາຕະຫຼອດສູເຮັດແມ່ຫຍັງ,0
ກວດສອບແນ່ ແອບນີ້ມີປັນຫາ ຄືອັບເດດໃຫມ່ແລ້ວລົງທະບຽນບໍ່ໄດ້,0
ໂຄດຄວາຍເລີຍ,0
ຈາແຮະສອນຄົນລາວຖ້າດ້ວຍເຫດເຫດຜົນທີ່ຍັງບໍ່ໄດ້ເຂົ້າໃຈ,0
ໂຊກດີນະ,1
ຄ້າງກະຄ້າງ,0
ການບໍລິການດີຫລາຍ,1
ເລີ່ມກາກແລ້ວ,0
ແກ້ໄຂແນ່ເດີ ໃຊ້ງານບໍ່ໄດ້ ໃສ່ລະຫັດແລ້ວເດ້ງກັບຄືນ,0
xxxໄທ,1
ໃຫນຶງດາວໄປກອນຍັງບໍໃດໄຊງານຖ້າໄຊງານດີສິມາໃຫ້ຫມົດ,0
ວ້າວຖືກແທ້,1
ເປັນປຮະໂຫຍດ,1
ເປີດບັນຊີໃຫມ່ແລວຕັ້ງແອບbcelone ບໍ່ໄດ້,0
ນີມ,1
ເຂົ້າລະກະເດັ່ງອອກ ເດັງຫາສະແຕກຕິ ຕັ້ງແອບນີ້ຂື້ນມາເພື່ອຫຍັງ ຫ່າຂົ້ວມືງເອີຍ ເສຍເວລາເບີດ ໂທດເດີ ດ່າໃຜບໍ່ເກັ່ງ,0
ດີມາກກ ມັນເປັນສ່ວນຕົວດີ,1
ຊື້ເລກງ່າຍ ແຕ່ໃຫ້ຖືກຈັກເທື່ອແດ່ໄດ້ບໍ,1
ເງິນເຂົ້າບັນຊີບໍ່ແຈ້ງເຕືອນ,0
ຂອບໃຈທີ່ສ້າງແອັບນີ້ມາ ມັນສະດວກຫຼາຍ,1
ບໍ່ມັກພາສາອັງກິດ,1
ຫຼິ້ນມາແຕ່ຍັງນ້ອຍແລ້ວມັກແຮງ,1
ໂລດວອດແອບັ,1
ໃຊ້ໄດ້ປະໂຫຍກ,1
ຍຍສາ ໃນ,1
ເປັນຫຍັງຕິດຕັ້ງເຟສບໍ່ໄດ້,0
ມມໃ,1
ໃຜສະຫນັກໃຫມ່ ຄັນໃຈດີກາໃສ່ລະຫັດເນາະນໍາໂຕນີ້ແດ່ເດີ ພໍໄດ້ເງິນຊື້ເບຍ 81076209,1
ທ້າວຈື້ປໍ,1
ໃຫຄະແນນແອບ,1
ດີຫລາຍ. ສົ່ງອາຫານວ່ອງໄວ ທັນໃຈ,1
ເປັນແອັບທີ່ໃຊ້ສະດວກສະບາຍ ແລະ ມີໂປໂມຊັ່ນທີ່ຫນ້າສົນໃຈຫລາຍຢ່າງ ດີທີ່ສຸດເລີຍ,1
ໃຊ້ງານດີມີປະໂຫຍດຫລາຍ,1
ດີນ່າ,1
ເວີຊັນໄຫມ່ຫຼ່າສຸດໄຊ້ດີສຸດເຈັງໆ,1
ກາໃຊ້ງານນີ້ຍັງບໍ່ໄດ້ຕາມຄວາມຕ້ອງການ ເພາະວ່າມັນມີການຄາດເຄື່ອນຢູ່ຕະຫຼອດເວລາ,0
ໂຫລດບໍ່ເປັນ,0
ຍີນຍອມ,1
ຕິດຕັ້ງບໍໄດ້,0
ຍ້ອນມີບັນຫາ,0
ນີ້ດ້ອຍ,1
ທັນຍຸກທັນສະໄຫມຕ້ອງໃຊ້ lvb digibank,1
ແອັບນີ້ດີຫຼາຍໄດ້ເງິນຟຣີທຸກມື້,1
ໃຊ້ດີຫລາຍມັກ,1
ໃຊ້ງານບໍໃດ້ເລີຍແຢ້ທີ່ສຸດຄວນແກ້ໄຂປັບປຸງດ່ວນ ໄຊ້ງານພຣີບໍໃດ້ເລີຍ,0
ເຮາ,1
ປັບປຸງແນ່ 20 00 ຂື້ນໄປການເຄື່ອນໄຫວແມ່ນບໍ່ມີການແຈ້ງເຕືອນ ໂອນເງີນອອກທໍ່ໃດ ໂອນເງິນເຂົ້າທໍ່ໃດບໍ່ຮູ້ເລີຍ,0
ດີດີຫລາຍແອັບມີຄົນໃຊຫລາຍ,1
ດີໆທ,1
ຫ່ວຍແຕກແທ້ລະ ຖ້າໃຊ້ບໍ່ໄດ້ຊິເອົາມາລົງເຮັດຫຍັງ ງຶດ,0
ຫມັ່ນພຽນຮຽນຮູ້ເອົາສິ່ງທີ່ດີໆ,1
ຈະເພກ ເປັນແອັບທີ່ດີມີສາຮະ,1
ປຸບປຸງໃຫ້ດີຂື້ນ,1
ໄດ້ໃຈ,1
ໂອນເງີນງ່າຍກ່ອນນີ້ກະຊິດີ ບັນຊີ,1
ເລ່ນໄຫວ,1
ເຕັມທີ,1
ນາງລາຍສີສົມພູ,1
ໃຊ້ໂທເພື່ອຄວາມສະດວກ,1
ເອົາແພັດເກົ່າກັບມາດີກວ່າໃຊ້ງານດີແຮງແພັດນີ້ໃຊ້ຫຍັງບໍ່ໄດ້ເລີຍປ່ຽນພາສາກະບໍ່ໄດ້,0
ອັບເດດໃຫມ່ຄະແນນເກົ່າກະຫາຍຫນົດ,0
ເຂົ້າສູລະບົບບໍ່ໄດ້.ສົງລະຫັດotpມາໃຫ້ລະໃສ່ບໍ່ໄດ້ລະຫັດບໍຖືກຕ້ອງແກ້ໄຂ້ໃຫ້ແນ,0
ເຄຊອບ,1
ເຂົ້າສູ້ລະບົບບໍ່ໄດ,0
ສະຫມັກງ່າຍໆ ຈ່າຍສະດວກ,1
ເຂົ້າແອັບແລ້ວ ອອກຈາກແອັບກໍ່ເຂົ້າບໍ່ໄດ້ເລີຍ ມັນບອອກວ່າ ແອັບຢຸດເລື້ອຍໆ ສົງໃສຄືຈະຢຸດເລື້ອຍໆແທ້ ປັບປຸງແນ່ຄັນຊິຫັນເຂົ້າທັນສະໄຫມແທ້ກະດາຍ ບໍ່ແມ່ນຊິເຮັດທຸລະກິດຫາລາຍໄດ້ຈາກແອັບຢ່າງດຽວ ຂໍຂອບໃຈທີ່ຮັບຟັງ,0
ສຸດຍອດເລິຍ,1
ດີຫຼາຍກຽ່ວກັບແອັບນີ້,1
ໃຊ້ດີດີຫຼາຍ ເອົາໄປເລີຍຫ້າດາວ,1
ບ່ໍມີຄົນໂພ໊ດຫາ,1
ແອັປເດັ້ງຂື້ນໃຫ້ອັຟເດດແລ້ວກະເຂົ້າໃຊ້ງານບໍ່ໄດ້ເລີຍ ແກ້ໄຂແນ່ບໍ່ມີເວລາເຂົ້າໄປທານາຄານ ເປັນອາທິດແລ້ວ,0
ຂ້ອຍຕິດຕັ້ງບໍ່ໃດ້ເພາະສາເຫດຫຍັງ,1
ຢາກໃຊ້,1
ສົມບູນ,1
ໄຂ້ບໍ່ໄດ້ປົກກະຕິ,0
ທິດຂັນທະລາ,1
ຂໍເນັດ500mb,1
ອັບເດດຫຼາຍໂພດ,0
ປັບປຸງແອັບແດ່ເດີໃສ່ເບີຖືກແລ້ວເວລາລະຫັດotpສົ່ງມາ ໃສ່ລະຫັດແລ້ວເປັນຫຍັງຄືຍັງຢູ່ຫນ້າລົງທະບຽນຄືເກົ່າຫມຸນໆຢູ່ ຖ້າເປັນຊົ່ວໂມງກະບໍ່ທັນໄດ້,0
ທ່າງ,1
ໃຜທີ່ເຂົ້າບໍ່ໄດ້ຫລືລືມລະຫັດຜ່ານກະລຸນາໄປລີເຊັດໃຫມ່ທີ່ສູນທະນາຄານຄ່າຣີເສັດ5,1
ຫຼາຍທີ່ສຸດ,1
ເປືອງເນັດ,1
ດີແຕ່ບໍ່ດີປານໃດ,1
ເຂົ້າບໍໄດ1ດາວກະພໍ,0
ເຕີມເນັດ3ເທື່ອບໍ່ເຂົ້າແອັບຕົວະເອົາເງິນກັນລ້າໆ,0
ງຽບໂພດ.ບໍ່ມີສາວແຊັດນະ,0
ໄປລົງທະບຽນເບີ ແຕ່ລ່ວງເອົາເບີເຮົາໄປລົງທະບຽນ umoney ແຕ່ລະເດືອນມີຂໍ້ຄວາມສົ່ງມາຕັດຄ່າບໍລິການ ທັງທີ່ບໍ່ໄດ້ໃຊ້ຫຍັງ ແອັບກໍບໍ່ມີ ແບບນີ້ແມ່ນການລະເມີດບໍ່ ພິຈາລະນາຄືນ!,0
ຄຶກໃຈເຈ້າ,1
ພວກມືງພັດທະນາແອບນີ້ມາເຮັດຫຍັງ ມັນໃຊ້ງານບໍ່ໄດ້ເລີຍ,0
ຕາຍເຍີຜູ້ພັດທະນາເຟສຂະຍະເບີ່ງເຫຍຍັງບໍ່ໄດ້,0
ສຸດຍອດ.ຍົກໂປ້ເລີຍ,1
"ແກ້ໄຂດ່ວນ, ຫມູນວົງລໍ້ ບໍ່ໄດ້",0
ໂຄດເຫ້ຍ ສັ່ງເຟີຕົ້ມຍໍາ ບໍ່ຕ່າງຈາກເຂົ້າປຸ້ນເຮືອນບຸນ,0
ມັນຫຼີ້ນຊ້າ,0
ຢູ່ກະລາລົດ,1
ກາດີຢູ່,1
ແຢ້,1
ໂອນເງິນບໍ່ໄດ້ເປັນຫຍັງ,0
ສະດວກສະບາຍອີ່ຫລີ,1
ເປັນແອບທີ່ດີຫລາຍ,1
ຂ້ອກໍາຫນດໃຫ້ບຮີກາຮ,1
ຂໍໃຫ້ໄດ້ສາຂໍໃຫ້ຫຼີ້ນໄດ້,1
ໄຊ້ງານງາ່ຍ,1
ດິ ຫຼາຍ,1
ສະຫມັກ ດ້ວຍຕົນເອງໃກ້ ແຕ່ ເພີ່ນບັນ ຊິ ຄືບໍ່ໄດ້,0
ທາວສີ,1
ແອບແດັດລະບໍ່ໄດຮັບສັງ,0
ຈາໆ,1
ດີໃຈທີໃຊໂອບີຊີວັນ,1
ດິຫາຍ,1
ດີມາກໆອັບເດດຶບໍໄດ້ຫວາ,1
ທດຸຍ ບົດ,1
ອແກິະພດພພພໍາໍາ,1
ຄໍາລຮ່ບຸແມິ.ອໃຂດ້ທູຍ,1
ຂອງດີ,1
ເລືອກວອວແອັດ,1
ເປັນຄົນແບບສະບາຍແນວໃດກະໄດ້ບໍ່ຍາກ,1
ປັບປຸງແອັບແນ່ເດີ້.ຢາກລົງທະບຽນເຂົ້າໃຊ້ ເດັ້ງອອກຕະຫຼອດເລີຍ ຖ້າປັບປຸງແລ້ວ ຄວນແຈ້ງບອກແນ່,0
ໃຊ້ງານດີແຕ່ຢາກໄຫ້ເພີ່ມຄວາມປອດໄພເຊັນສາມາດໃສ່ລະຫັດຜ່ານກ່ອນເປີດອ່ານຂໍ້ຄວາມ,1
ມັກອັນບໍ່ມີຄ່າສົ່ງນິລະ,1
ນ້ອຍ ຈັນດີ,1
ເຕີມບັດລາຍເດືອນບໍ່ພໍໃຊ້ເປີອແທ້ແຕ່ກີ້ເຫລືອໃຊ້ເຕີມຫລາຍກະບໍ່ພໍໃຊ້,0
ກະດີແລ້ວ.ລ້ວມໆ,1
ຊ່ວງນີ້ເຕີມບັດບໍ່ໄດ້ເປີເຊັນເລີຍ,0
ໄຈ້ໄດ້,1
ຍດນແຍກຈເຄ,1
ຍາກຫລາຍ2ດາວພໍ,0
ຄັກຫຼາຍ.,1
ຊອ່ຍໄຫ້ເຫຼັ້ນໄວແນ່ ລາວ,1
ມັກໆໆ,1
ພໍຫມຸນຮ້ອນບ່ອນເຊິນຫມູ່ຕິດຕັ້ງຫຼືຟັງເພງກະເຮັກຕາມພາລະກິດໃດ້ແຕ່ຫມຸນຖືກເນັດພັດແຊ້ລົງເຟສເພື້ອເອົາເນັດບໍ່ໃດ້ອັນນີ້ກະເກິນສໍາບໍ່ໃດ້ຫມຸນຫຍັງເລິຍແອັບເນົ່າລະຫວາຫຼືວ່າຈັງເກີນຄໍາວ່າເຮ້ຍກະແອັບນີ້ລະເຮ້ຍສຸດແອັບກາກໆສົມຄວນໄປພັດທະແອັບໄຫ້ດີເສຍກ່ອນບໍ່ວ່າໂມຈາຫລືມາຍຍູນິເທວກະເຮ້ຍເບີດມາຍຍູນິຄວຍເທວກູເຕີມເກມເບີດ90ພັນຂໍ້ຄວາມໂຕສັ່ງຊື່ສົງມາແຕ່ລະຫັດບັດບໍ່ສົ່ງຄວຍຫາກິນອອນອາຍເວົ້າຄືຍຸດອກວ່າຈະແກ້ໄຂສຸດທ້າຍກູເສຍເງີນຟີຄັກເນາະ ຄືຊີຈະເລິມຍຸດອກແບບນີ້,0
ໃຊ້ງາມງ່າຍໆວອ່ງໄວ້ທັນໄຈ,1
ອານພ່ຍຕພໃ,1
ໃຫ້ຄວາມຮູ້,1
ຕາວັນ,1
ປັບປຸງຂື້ນຕື່ມອີກ ເຂົ້າໃຊ້ງານໂຄດໆໆ.ຊ້າ,0
ຊັອບ ຄົບ ຈົບ ໃນແອັບດຽວ,1
ເປັນໄປໃດ ຂໍ່ລະກັບມາເປັນ ເວີຊັນເກົາຄື້ນຊະ ເວົ່າແທ່ໄດນີ ອັນນີຈັກແມ້ນຫຍັງສະມັກກະຍ່າກແສນຍ່າກ ມີແຕ່ບອກວ່າ ເກິດຂໍ້ຜິດພາດ,0
ແອບດີຫຼາຍພັດທະນາຕໍ່ໄປ,1
"ດີ, ສະດວກມີສາຂາຫລາຍ",1
ດີມາກເລີຍຈຮາໃສ່ໃດ້ສະດວກສະບາຍ,1
ດີໃຈທີມີແບບນີ້,1
ໃຊ້ເບີໄທໄດ້ບໍ່ ຕັ້ງແຕ່ປຽ່ນແອປໄຫມ່ເຮົາບໍ່ສາມາດເຂົ້າເບີ່ງເງິນໄດ້ເລຍ,0
ອັບເດດຊ້າໆອັບສໍາເລັດເດັ້ງອອກປັບປຸງແນ່ເດີ,0
ບໍ່ດີເລີຍຂ້ອຍຖືກມື້ນີ້2ໂຕ3ພັນບໍ່ເຫັນໂອນມາເລີຍ,0
ເປັນເປັນຫຍັງ ເວລາສິເຕີມເງິນຄືເຂົ້າດໍາເນີນການບໍ່ໄດ້,0
ແອບນີ້ໄຊຕະຫລອດເລີຍ,1
ເຮັດວັນນີ້ໃຫ້ດີທີສຸດ,1
ສິງ.ຟົງພາກດີ,1
ຂໍແທ້ເດ່,1
ໃນປີນີ້,1
ຂອບ ການ,1
ຊັ້ນສູງ,1
ມັກຫລາຍແອບນີ,1
ຄໍາຖວາຍນ້ໍາຫອມສົງພຣະໃນຮູບການທີ່,0
ໃຊ້ດີ ແລະກໍເປຫນແອບທີ່ດີ,1
ໄປຫລີ້ນກ່ອນຈື່ງຮູ້ວ່າມີຫຍັງ,1
ທຸກຄໍາຖາມມີຄໍາຕອບເດີ ພີນ້ອງ ໃຫ້ໂທສາຍດ່ວນ1555ຂອບໃຈ.bcel one,1
ຈື່ລະຫັດ6ລັກບໍ່ໄດ້ຕັ້ງກໍບໍ່ໄດ້,0
ໂລດມາລະເຮັດຫຍັງກະບໍ່ໄດ້ ກາກ,0
ສະດວກວ່ອງໄວໂອນຂ້າມທະນາຄານກະໄດ້,1
ແອັບປັນຍາອ່ອນໃຫ້ກູເອົາບັດມາຖ່າຍກອອກແບບຟຼອມຊ້ໍາໄປມາຢາກໃຫ້ລົງທະບຽນຫລືຢາກໄດ້ຂໍ້ມູນດຽວນິ່,0
ຂໍ ຂືນ,1
ໂດຍ ພັດທະນາຕໍ່ໄປເດີ,1
ຍິນດີນໍາ tplus,1
ຕີສາຂາທຮດດ,1
ສະດວກວອງໄວດີ,1
ຄວນແກ້ໄຂລະບົບການຖ່າຍຮູບໃຫມ່,0
ເວຣີ່ກູເດ,1
ບໍມີແຟນແລ້ວຂອ້ຍຄົນໄສດໃດ,1
ປະຍັດເງີນຕື່ມອີກ,1
ສະດວກສະບາຍໄນການແລກປຽ່ນຊື້ຂາຍ,1
ຢາກໃຫ້ມີຮ້ານຕີ່ມຊ່ໍາດ້ວຍ,1
ໄຊ້ດ້,1
ເຕີມບັດກະບໍ່ໄດ້ເຮັດຫຍັງກະບໍ່ໄດ້,0
ອ້າຍທອງ,1
ຕອນຂ້ອຍບ່ມີເນັດຂ້ອຍກາປິ່ນເຈົ້ານີ້ໄດ້ເງິນເນັດຂ້ອຍດີໃຈຫຼາຍຂ່ຂອບໃຈ,1
ດີຈີ່ງຕ້ອງລອງ,1
ບອກເລ່ທ,1
ເປັນແອັບນໍາຄວາມສະຫວ່າງໃຫ້ຊີວິດ,1
ຮຸນແຮງນ 7,1
ດີ ການ,1
ໂສດຢູໃນໂມດອິນດີ,1
ສຸດຍອດຫລາຍເດີ,1
ອີຍັງວະ,1
ເຂົ້າແລ້ວເດັ່ງອອກຕະຫລອດ,0
ຈະອັບເດດແອັບແລ້ວຄືອັບເດດບໍ່ໄດ້,0
ບໍ່ເຫັນສິໄຫ້ດາຕ້າເອົາສອງດາວໄກ່ອນ,0
ໃຊ້ງ່າຍບໍລິການດີແຊດຖາມເລື່ອງກ່ຽວກັບການເງີນກາຕອບໄວຂໍໃຫ້ພັດທະນາແອັບດີໆແບບນີ້ໄປເລື້ອຍໆ ຂອບໃຈ,1
ຊົມເຊີຍ.,1
ຊືນຊອບ,1
ຂອບໃຈທີ່ສ້າງແອັບນີ້ມາໃຫ້ຫລິ້ນ,1
ສົ່ງຂໍຄວາມ,1
ສະດວກວ່ອງໄວ ເປັນສ່ວນຕົວ,1
ໄດ້ເງີນຟີ,1
ດີມາກຄຮັບ,1
ຕັ້ງເຟສຢາກຊ່ວຍໂດ້ຍ,1
ອອຍຄັກ,1
ລອກລໍ້,0
ແອັບຫ່ວຍເຮັດຫຍັງບໍ່ໄດ້ຈັກຢ່າງສັນຍານກະບໍ່ດີເຮັດພາລະກິດສໍາເລັດກະບໍ່ໃຫ້ດາຕ້າແອັບຫ່ວຍແຮງ ແກ້ໄຂດ່ວນ,0
ມີຄົບ ແລະ ສະດວກຫລາຍ ແຖມຕື່ມເງິນຫລຸດ 5 ອີກ ຄັກກສຸດ,1
ດີແທ້ກູຫລີ້ນບໍພໍທໍໃດກະຫລີ້ນບໍໄດ້ລະຈັງແມ່ນຊາດນໍບັກໂຕມັນສ້າງວ໋ອດແອັບນີ້,1
ເປັນຫຍັງແອັດຄືອັດແດດຕະຫຼອດ,0
ໃສ່ອີເມວຄົບແລ້ວ,1
ຫ້າມລົບກວນບັນຊິຂອງຂອ້ຍ,1
ສະນຸກດີ,1
ກະ ລ໋ອກ ຄົນສະບາຍ,1
ເຝດບຸກໃຊ້ທໍາງານໃດ້ດີຫລຼາຍມັກຫລາຼຍ,1
ສາ້,1
ແອັບນິ້ເຮັດມາເພຶ່ອຫຍັງວ່າໂຫລດມາແລ້ວກະລົງທະບຽນຊິມບໍໃດ້ເຂົ້າໄປກະເລັງອອກສິ້ເຮັດຫຍັງກະບໍໃດ້ກາກໂພດປານນັ້ນແຈ້ງໃຫ້ລົງທະບຽນຜານແອບນິ້ຄັນບໍຍາກໃຫ້ລົງເຮັດມາຫາສະແຕກຫຍັງ,0
ອາຫານໂຄດບໍແຊບຄວນຕົກລົງກັບຮ້ານແດອາຫານສະອາດແລະໃຫ້ມີມາດຖານແດອາຫານບໍສົມກັບລາຄາທີເສຍໄປ,0
ສ້ທຶ,1
ມັກທີ່ໄດ້ພົບກັບເພື່ອນຫລາກຫລາຍ,1
ຕ້ອງການແອຍ,1
ຢາກໃຫ້ແກ້ໄຂເວລາເຂົ້າແອັບໂຄດຍາກແລະໂຄດຊ້າບາງເທື່ອເຂົ້າບໍ່ໄດ້ ບາງເທື່ອເຕີມເງິນບໍ່ໄດ້ອອກຈາກລະບົບເຂົ້າສູ່ລະບົບໃຫມ່ເຂົ້າບໍ່ໄດ້ ຢາກໃຫ້ປັບປຸງໃຫ້ດີຂຶ້ນກວ່ານີ້ ຂໍຂອບໃຈ,0
ແຈກເງີນແດ,1
ເຂ້າບໍ່ໄດ້,0
ຍີນດີທີ່ໄດ້ໂຫລດຮັກເລີຍ,1
ໄດ້ດາຕ້າແຕ່ກະບໍ່ສົ່ງມາໃຫ້ແກ້ໄຂແນ່ເຈົ້າ,0
ແອບນີ້ດີຫລາຍເອົາໄປເລີຍ5ດາວ,1
ອັບເດດໂຕນີ້ 29 05 2021 ໂຄດເຮ້ຍຫລາຍ.,0
ດີມີປະສິດທິພາບໄນການໄຊ້ແອບນີ້.,1
ຄັກມມາມວບ່ສກຸ,1
ທາວ້ສະຫວາດ,1
ແອັດນີ້ບໍ່ດີຂື້ນທຸນວັນຕອນແລກແທ້ດີແຕ່ຕອນນີ້ບໍ່ໄດ້ເລື່ອງເປັນຮ້າຍຂື້ນຕໍ່ນ້າທໍາມະດາກະເຫັດໃຫ້ມັນດີຂື້ນແຕ່ເປັນຮ້າຍແທ້,0
ຄໍາໄຫຼ ນີນທີ່ລາດ,1
ແອັບ,0
ຄໍາໃສປະພັນ,1
ປັບປຸງດ່ວນເຂົ້າໃຊ້ບໍ່ໄດ້1.2ມື້ແລ້ວ,0
ຄໍາສີຜອນມະນີ,1
ດີພັດທະນາຕໍ່ໄປ,1
ແມ້ນ,1
ຂໍໃຫ້ທ່ານໂຊກດີກັບລະຫັດນີ້ 91450977,1
ຮນນຮຮ ໃສສ ໃສງສ,1
ເຈັ໋ງ,1
ພໍໃຊ້ໄດ້ok,1
ອັດເດດສະຖານະບໍ່ໄດ້,0
ຂອບໃຈຫຼາຍໆເດີທີ່ມີແອບນີ້,1
ຂ້ອຍອັບເດດ ລະເຂົ້າແອັບບໍ່ໄດ້,0
ບາງທີມັນແຕະໂພດບໍ່ໄດ້ຢາກໃຫ້ແກ້ໄຂ້ບອນນີ້,0
ຈັກແມ່ນອີ່ຫຍັງ,0
ເກັບໄວ້ໃຫ້ພໍ່ໃຫ້ແມ່ມືງໃຊໂລດສັນຍານໂຄນກາກ,0
ເວລາເຕີມບັດໃຫ້ຄະແຫນນຂອ້ຍແດ່,1
ໄຊສະຫວາດ,1
ແມ່ນແລ້ວ,1
ທັ້ງຫມົດ,1
ອິນເຕີເນັດຊ້າ,0
ບໍ່ຖືກຈັກເທື່ອຂໍຖືກຈັກບາດແດ່,0
ໂຊກດີເຄິ່ງມື້,1
ບໍ່ມີປະໂຫຍດ,0
ເຈົ້າຈະປີພໍສໍຮອດດິນຈະປີຊິດີປີຫາ່ຈະຄໍມີຮູບເຮັດຕາ,1
ນາງຈີ ສອນມະນີ,1
ໃຊ້ມາດົນແລ້ວ,1
ສະແກນເຕີນບັດກະຍາກບໍ່ໄດ້ຈັກເທືອ,0
ດີເດຜ້,1
ຕາມໄຈ,1
ເປັນຫຍັງຊ່ວງນີ້ແອັບໂຊກໄຊເຕີມບັດບໍ່ໄດ້ເບີຫຼັກ9,0
ທຸກການແຈ້ເຕືອນ,1
"ລາຍລະອຽດແອັບຫຍັງຄືບໍ່ມີເລີຍ, ຂໍ້ມູນໂປໄຟຫລືຫນ້າຫລັກຂອງແອັບບໍ່ມີ, ກໍລະນີຖືກເລກຄືບໍ່ມີບອກເລີຍວ່າຮັບເງິນຖືກເລກທາງໃດໄດ້ເດເຂົ້າໄປແລ້ວຊື້ໄດ້ແຕ່ເລກ",0
ສຸດຍອດ.ພັດທະນາຕໍ່ໄປ,1
ດີຫຼາຍງ່າຍຕໍ່ການລົງທະບຽນເອົາໄປເລີຍ5ດາວ,1
ຄືດີລາຍສໍາລັບບາງຄົນບາງ,1
ນໍາໃຊ້ງ່າຍ ຈ່າຍເງິນແບບບໍ່ເຫລືອຍອດຄ້າງ ດີແຮງຂ້ອຍຖືກໃຈແອັບນີ້ ເຕີມເງິນກະໄດ້ສ່ວນຫລຸດ ໄດ້ເນັດຟີອີກເລີດດດ,1
ມີໄວ້ແຕ່ໃຊ້ບໍ່ໄດ້ ຈະລົງທະບຽນເບີໃຫມ່ຍັງເຂົ້າລະບົບບໍ່ໄດ້ ຫມົດມື້ຍັງເຂົ້າບໍ່ໄດ້,0
ມີຄວາມສະດວກສະບາຍຢ່າງທີ່ມີຄວາມເປັນຝືນຖານຂອງການຜັດທະນາທາງສັງຄົມແລ,1
ມີທາງ ໂສດ,1
ສອບຈັ່ງເລີຍ,1
ຢາກປຽ່ນບັນຊີໃຫ່ມ,1
ໂຫຼດມາແລ້ວຈອງລົດຍາກ,0
ເປັນຍັງໂອນເງິນບໍ່ໄດ້,0
ສະດວກສະບາຍໄຊ້ງານບໍ່ມີຕິດຂັດ,1
ແບບເກົ່າດີກວ່າອັນນິບະຈັກແມ່ນຫຍັງອັບເດດດ້ອຍພັດທະນາເກິນ,0
ຢູ່ໄດ້ ຍັງມີລູກ,1
ມັກຫລາຍຖືກໃຈ,1
ບໍດີຊ້າ,0
ແອບໂຄດກາກ ບໍ່ໄດ້ຄຸນນະພາບ ສິເຂົ້າກະຍັງບໍ່ໄດ້,0
ໂອນເງິນບໍ່ໄດ້,0
ໃຫມ່,1
ໃຊ້ງ່າຍສະຫມັກງ່າຍ ມາຮັບໄວດີ ໃຊ້ໄວ້ໃນຍາມສຸກເສີນ ດີດີ ຊົມເຊີຍ,1
ຍ້ງມ,1
ເຮັດຍ້າກ ຄວາຍ,0
ປັບປຸງແນ່ຈ່າຍຄ່ານ້ໍາຄ່າໄຟບໍ່ໄດ້,0
appນີ້ກົດເຂົ້າໄດ້ແຕ່ກົດອອກຍາກແທ້,0
ອກ່ໃຂ້ໃຫ້ທຸກຍາງແດ່ເດິທຸກຄົນ,1
ແອບທີບໍນາເຊື່ອຖືລົງທະບຽນເລກຫມາຍໂທລະສັບເປັນຫຍັງບໍ່ໄດ້ຄັນບໍ່ໄດ້ກະບໍຕ້ອງສ້າງມາເສຍດາຍເວລາແລະເນັດລາໆພະຍາຍາມປັບປຸງແດ່ ເບີ່ງບ້ານເມືອງອື່ນແດ່,0
ກີນແລ້ວດີມີລິມິດ,1
ຕັ້ງແຕ່ໃຊ້ແອັບນີ້ມາບໍ່ວ່າຫມູ່ເພື່ອນທີ່ບໍ່ໄດ້ເຫັນດງວມາຫຼາຍປີແລ້ວແຕ່ໃຊ້ແອັບນີ້ແລ້ວບໍ່ວ່າຫມູ່ສິຢູ່ໃສກະສາມາດເຫັນກັນຕິດຕໍ່ກັນໃດ້ຄືເກົ່າ,1
ຍີນ ດີ ນໍາ,1
ເພື່ອຄວາມໃຊ້ງ່າຍ,1
ແອ້ບຫົວຄວາຍອັບເດດແຮ່ງຊົ່ວຂື້ນສຸມື້,0
ແອັບຄວຍ ສິດໂອນເງິນ ກະບອກວ່າພິດພາດຄວາຍສົມພໍປະເທດເຮົາຈຶ່ງບໍ່ຈະເລີນ,0
ສະນູກດິ,1
ທ່ານໄຊ້ບໍລີການ whatsapa,1
ຢູມັນນີ,1
ມີຄວາມເປັນສ່ວນໂຕສູງ,1
ຄ່າແຕ່ມີເຟສບຸດນີ້ຊີວິດຂ້ອຍປ່ຽນໄປຫລາຍ,1
ສູ້ໆເດີ,1
ດີຫລາຍມີປະໂຫຍດຫລາຍ,1
ບາ່ຍດີເພຶ່ອນ,1
ເສຍດາຍຢ່າງດຽວຄື ເພີ່ມເພື່ອນເຟສໄດ້ນິດດຽວ,1
ໄຊ້ບໍດີປານໃດ,1
ເປັນແມ່ມັນຫຍັງແລະເຂົ້າກະບໍ່ໄດ້ເຮັດມາຕາຍຕິແອບຫມາໆນິ,0
ຊື້,1
ພະລິດແອັບມາເພື່ອຫຍັງໂຫລດມາໄຊ້ບາກໄປປັ່ນເອົາດາຕ້າປັ່ນໄປຖືກແຕ່ພັງເພງກັບໂພດຮູບພະລີດມາເພື່ອຫຍັງຄັນບໍ່ຢາກໃຫ້ລູກຄ້າໄດ້ດາຕ້າແບບນີ້ບໍ່ຄວນຜະລິດມາໃຫ້ຄົນໄຊ້ເດີຄັນເຮັດແບບນີ້ໂຫລດມາໄຊ້ພໍແຕ່ເປືອງພື້ນທີໂທລະສັບຂະຍະແທ້ໆ,0
ສະນຸກຈິງໆ,1
ໄຊແລ້ວສະດວກສະບ້າຍເວລາຍກະວ້ອງໄວທັນໄຈໄຊດີໄຊູຄັກເດີ້ພີ້ນ້ ອງ,1
ໄວ້ເພື່ອໂທ,1
ຊື້ຖືກແຕ່ເງິນບໍ່ໂອນເຂົ້າ ຍອມ,0
ເອນະ,1
ອຶງ,1
ເນັດຕອນແລງກາກຫລາຍບໍ່ໄດ້ຮອດເຄິ່ງຫນຶ່ງຕອນເຊົ້າຊ້ໍາຄວນປັບປຸງແນ່ເຫັນບອກສິປັບປຸງແຕ່ດົນລະ,0
ດີຫລາຍໄດ້ຮູ້ຫລາຍສີ່ງຫລາຍຢ່າງຈາກຊາວເຟດບຸກ,1
ຄັກຫລາຍ ບໍລິການວອ່ງໄວທັນໃຈ,1
ຂອບໃຈທີແນະນໍາສີງນີ້,1
ເປັນແອັບທີ່ບໍ່ໄດ້ເລື່ອງ ເຂົ້າສູ່ລະບົບຍາກ ໃສ່ເບີໂທຂໍລະຫັດຜ່ານສໍາພັດບໍ່ສົ່ງລະຫັດໃຫ້ ບາງທີເດັ້ງອອກຊ້ໍາ ຄວນປັບປຸງແກ້ໄຂໃຫມ່ ເຮັດໃຫ້ມັນງ່າຍກວ່ານີ້ແດ່ ວິທີເຂົ້າສູ່ລະບົບນ່ະ ຍາກແບບນີ້ໃຜສິໂຫລດມາໃຊ້,0
ນິຍົມ,1
ອັບເດດແລ້ວເຂົ້າບໍ່ໄດ້,0
ວັນນະລາ,1
ແມ່ນວະ,1
ໃຊ້ໄມ້ດີ,1
ລົ້ມດີເກີນ,1
ດີມາກສັບຟອສດີ,1
ເປັນແອບທີ່ລວບລວມທຸກຢ່າງມາໄວ້ໃນແອບດຽວ ແຕ່ມັນເຮັດໃຫ້ມີຄວາມສັບສົນ ເຫັນໃນສິ່ງທີ່ບໍ່ຕ້ອງການ. ມີຂໍ້ບັງຄັບຫຼາຍຢ່າງເພື່ອທີ່ຈະເຂົ້ານໍາໃຊ້ແອບເຊັ່ນ ທີ່ຕັ້ງ ລາຍຊື່ຜູ້ຕິດຕໍ່ເປັນຕົ້ນ ເຊິ່ງຖ້າທຸກຄົນບໍ່ໃຫ້ການອະນຸຍາດໃຫ້ແອບຈະບໍ່ສາມາດເຂົ້ານໍາໃຊ້ແອບໄດ້. ຂໍບອກເລີຍວ່າແອບມີຂໍ້ເສຍ ແລະ ລະເມີດຄວາມເປັນສ່ວນໂຕຂອງຜູ້ໃຊ້ຫຼາຍເກີນໄປ.,0
ດີຈິງ,1
ຖືກໃຈດີຫຼາຍ,1
ຢາກລຸນໂຊກ,1
facebook ຕັ້ງແຕ່ອັບເດດມາບໍ່ແຈ້ງເຕື່ອນເລີຍ ໂພດຮູບລົງກໍ່ບໍ່ມີໃຜເຫັນຄື່ກັບວ່າບໍ່ມີເພື່ອນ ຊວ່ຍປັບປຸ່ງແດ່ເດີ້,0
ໃຫ້ຄະແນນແອັບຯນີ້,1
ດີໃຈຫຼາຍ,1
ດີເພາະວ່າໃດ້ຮຽນຮູ້ປະສົບການ,1
ປອດໄພດີ,1
ໃຊ້ງ່າຍສະດວກສະບາຍ ໄຜໂຫລດແລ້ວ ລົບກວນໃສ່ລະຫັດແນະນໍາຂອງຂ້ອຍແດ່ເດີ 19940007 ຂອບໃຈລ່ວງຫນ້າຫລາຍໆ,1
ລົງທະບຽນບໍ່ໄດ້ເລຍ,0
ເຄຶ່ງແຟັດ,1
ຈ້າງກໍາມະກອນມາຂຽນໂຄດໃຫ້ວ່າໃຊ້ຍັງກ່າບໍ່ໄດ້ກົດຍັງກ່າບໍ່ໄດ້ເຂົ້າແອບກາບໍ່ໄດ້,0
ຢູ່ດວຍມີຄວ້າມສູກກໍ່ພໍ່,1
ເຮັດພາລະກິດບໍ່ໃດ້ປັບປຸງແດ່,0
ໄຊ້ດີສຸດເອົາໄປເລີຍ5ດາວ,1
ມັກຫລາຍ ແຕ່ເປືອງເງີນນ້ອຍ1,1
ວັນນະສິດໂສພັນທະວົງ,1
ເລີ່ມໃຊ້ບໍ່ດີຂື້ນນັບມື້ແລ້ວ,0
ໂຫຼດຍາກເກີນ,0
ສົ່ງໄວແຮງ,1
ປຽ່ນບໍໄດ້ຊື່ເຟັດ,0
ລອງໃຊ້ເບິ່ງຄັນດີໃຫ້ອີກດ້ວຍ,1
ວິທີປັກຫມຸດສັບສົນ,1
ໄຊ້ງ່າຍໂດດທໍາອິດໄດ້500ແຖບຟັງເພງກະໄດ້ຟີຮອີກ,1
ໂຈິໍາເ,1
ຖ້າຢືນຢັນການຮັບຮອງບັນຊີດົນລະໄດ້ຄືບໍເຫັນຢືນຢັນໃຫ້,0
ເປັນຫຍັງຈື້ງລອກວອດແອບຂ້ອຍ,1
ເບີ່ງວິດີໂອຄ້າງໃດ້ຍິນແຕ່ສຽງ,0
ງັ້ນໆ,1
ດີຫຼາຍໃຫ້ຫ້າດາວໄປເລີຍ,1
ເກັ່າແນາະເຮົາຮະ,1
ແຕ່ກ່ອນໄຊ້ປົກກະຕິ ແຕ່ຊ້ວງນີ້ມັນເດັ້ງອອກ,0
ໂທບາງທີກະບໍ່ໄດ້ປັບແດ່,0
ມິນນິເມືອງອຸດົມ,1
ຂໍແອບນິແດ້,1
ຂ້ອຍຍີນດີທຸກປະການ,1
ພໍາ້າຮ,1
ຫລີ້ນວັງລ່ບໍ່ໄດ້ຄຶວ່າເລີຍ,0
31 ທັນວາ 2020,1
ຄັກຫລາຼຍ,1
ເຂົ້າແອັບບໍ່ໄດ້ສິເປັນເດືອນລະ,0
ເຮບອຍ,1
ສະດວກເວລາພົວພັນວຽກຫຼາຍ,1
facebookເຮົາມາເພື່ອໂຜດສັດໂລກໃຫ້ພົ້ນຈາກທະເລທຸກທັງປວຽ ທີ່ຢູ່ໃນວັດຕະສົງສານນີ້ ຂ້ອຍສາມາດສົ່ງເຖິງຝັ່ງ ພົ້ນທຸກໄດ້ ສາທຸ ສາທຸ ສາທຸ,1
ບໍ່ໄດ້ເລື່ອງ,0
ມວນຊຶ່ນ,1
ໂທຫາບໍໄ,1
ມາລອງກັນ,1
ດີງາຍກັບການສົງຂໍ້ຄວາມ,1
ຈີບສາວງ່າຍມາກຕ້ອງຄອບໃຈເລີຍ,1
ໃຊ້ດີຖືກລາງວັນກະໄດ້ໄວ,1
ກະດີຢູ່ຖ້າໃຊ້ເປັນ.,1
ຢາກບອກເພື່ອນໆໃຫ້ຮູ້ວ່າມາແຊັດກັນໃນວອດແອບກັນດີກ່ວາ,1
ກະນໍແຕດ,1
ໄຫ້ຄວາມຮູ້ລາກຫລາຍ,1
ປັບປຸ່ງແດ່ແອັບນນີ້ລົງທະບຽນໄປແລ້ວເປັນປີກໍຍັງບໍ່ໄດ້ ຍັງທ່ວງວ່າເອກະສານຂໍ້ມູນບໍ່ຖືກຕ້ອງ ທີ່ຈິ່ງແມ່ນຖືກຫມົດແຕ່ລົງບໍ່ໄດ້,0
ເອົາວອນແອ,1
ຢ່າປີດການມອງເຫັນຂ້ອຍຂໍໃຫ້ຄົນມາຕີດຕາມຫລາຍແດ່,1
ຍາກກ່ວາເກົ່າ,0
ຄ້າງ,0
ແອ້ດນິດີລາຍ ສົນໃຈ,1
"ຊ້າ,ປັດຈູບັນໂທລະສັບຂ້ອຍເຂົ້າບໍ່ໄດ້",0
ແອັບເຟສເລົ້ານີສະຖ້ານະໂດຍມີກ້ານລະບຸຊືໄຊ້ໂດຍບອ່ກກຸມ່ເລົານີ່,1
ຍາກໄຫ້ມີພາສາລາວເພີນພາສາລາວລົງແນ່,1
ນະມັສສະກາລພຮະອາຈາຮຍ໌ວິຊຽນຂະນອ້ຍ,1
ຄໍາໃບ,1
ສູ້ບໍ່ໄຫວແລ້ວຫຍາກຫຼາຍມີແຕ່ບັນຫາ.ສິໄຫ້ລົງຢູ່ຫວາທະບຽນນິ,0
ໄມດົ່ວຈ້າງ,1
"u mony eu ແມ່ນບໍລິການທາງການເງີນໃຫມ່ ຂອງບໍລິສັດ star fintech sole co.,ltd",1
ນ້ອງເອົາງາມໄຫ້ແລ້ວໃດ,1
ຂີ້ກາກແຮງອາຫລີ,0
ຕ້ອງການໂລກແອບ,1
ຂໍມູນເຟດປຽນເປັນພາສາລາ ວ,1
ສິບ,1
ດາວໂຫຼດເມເຊັນເຈີບໍ່ໄດ້ຂັດຂ້ອງແນວໃດແກ້ໄຂດ່ວນແດ່,0
ຢາກຕັ້ງເຟສບຸກໃຫມ່,1
ດາວໂຫລດເບິ່ງຮູບເບິ່ງວິດີໂອບໍ່ໄດ້ແກ້ໄຂແນ່ເດິ,0
ໃຊ້ງ່າຍດີ.,1
ກໍາລັງລອງ ໃຊ້ດີແລ້ວຊິລີວີວໃຫ້,1
ກາວໄກທັນສະໄຫມ,1
ຢູ່,1
ມັກຫລາຍເຫລິ້ນງ່າຍ,1
ກ້ອງແກ້ວ,1
ມີຄໍາລາ ຕີບັນຫາຄວາມຝັນໃຫ້ພ້ອມ,1
ກະລຸນາປ່ຽນແປງໃຫ້ມັນລົງທະບຽນງ່າຍກວ່ານີ້ແດ່ລົງທະບຽນຍາກໂພດ,0
ດີສຸດໆໆ,1
ແຊັດ,1
ດີເລີຍແອບບນີ້,1
ສິດວກ,1
ດີຫຼາຍມັກເລີຍ,1
ຮາຕາຮ່,1
ແອັບໂຄດຫ່ວຍຍຍ,0
ມັນຄືເຂົ້າບໍ່ໄດ້ເລີຍ,0
ເປັນຫັຍງເວລາໃສ່ລະຜິດລະມັກບລ໋ອກບລ໋ອກລະຄືບໍ່ໃຫ້ປົດບລ໋ອກເອງໄດ້ອັນຕາໂນມັດບລ໋ອກໄວ້ປະມານ10 20ນາທີກາພໍລະຕິບາງທີ່ກາບໍ່ສະດວກໄປທະນາຄານເດຊັ້ນ,0
ໂຊກ ດີໆ,1
ອ້າຍວັນນີ,1
ໃຊ້ດີສະດວກຫລາຍຢ່າງ,1
ຖືກບ໊ອກຈົນຊິນ,1
ໃຊ້ງາຍສະບ່າຍ,1
ເສຍໃຈເຟສເປ້ຕະຫຼອດ,1
"ຕ້ອງການລົດຮັບສົ່ງຕ້ອງແອັບນີ້ໃຊ້ແທນ grap, urber, taxi",1
ທີວີດາວັນ,1
ອາຫານບໍ່ເປິດບໍລິການມາດົນແລ້ວຢາກສັ່ງແຕ່ສັ່ງບໍ່ໄດ້ເລີຍ,0
ດີຕໍ່ການພັດທະນາເສດທະກິດຄອບ,1
ໃສ່ລະຫັດແນະນໍາບໍ່ຖືກຕະຫຼອດ ຄວນປັນປຸງເດີ ສູນແຮງງ,0
ກະລຸນາແກ້ໄຂໃຫ້ແນ່ ຢູ່ໆ ລະມາບັລອກເຟສຊົ່ວຄາວ ຜິດຫຍັງ ເຂົ້າຍາກແທ້ວ່າໃສ່ເມສ ເຮັດທຸກຢ່າງລະຈັ່ງແມ່ນຍາກເນາະ ເປັນຕາຊັງແທ້ ຕັ້ງເຟສໃຫມ່ ສິເຂົ້າແອັດຫາຫມູ່ ເຂົ້າເບີ່ງເຟສຫມູ່ກະບໍ່ໄດ້ຊ່ວງນີ້ແຮງອັບເດດແຮງຫຼີ້ນຍາກ ສິໄດ້ເຊົາຫຼີ້ນລະແລະ ນ່າເບື່ອ,0
ໄດ້ຮຽນຮູ້ຫຼາຍໆຢ່າງ,1
ຍ່າງໄຫ້ກ່ວາເກົາ,1
ຊວຍແກ່ໄຂ່ແອັບ,1
ມ້ນເປັນປະໂຍດຕ່ທຸກຄນ,1
ຖ້າເບີ່ງຜົນງານ,1
ເຂົ້າແອັບບໍ່ໄດ້ເລີຍມີແຕ່ຂໍ້ຂັດຂ້ອງແກ້ໄຂດ່ວນ,0
ໂຫລດ cod ບໍ່ໄດ້,0
ຂອບໄຈເດີທີສາງmocha,1
ເຂົ້າຫາລະບົບບໍ່ໄດ້ຂໍແນະນໍາດ້ວຍ,0
ຕອນທໍາອິດນຶກວ່າຈະເປັນແອ້ບທີ່ບໍ່ດີ ຫລັງຈາກໂຫລດມາແລ້ວ ລົງທະບຽນ ແລ້ວຮອດຊື້ສັ່ງສິນຄ້າ ກະຄິດ ເຮີຍ! ຄືຂຽນແອ້ບອອກມາດີແທ້ ນໍາໃຊ້ງ່າຍ ສະດວກ ພູມໃຈຫລາຍ ທີ່ຄົນລາວພັດທະນາມາໄດ້ຂະຫນາດນີ້ ຍັງມີບາງບ່ອນທີ່ຍັງບໍ່ສະທຽນ ພັດທະນາຕໍ່ໄປ ສູ້ໆ,1
ຂ້ອຍໄດ້ປະຕິບັດພາລະກິດທຸກໆຄັ້ງ,1
ເລົ່າວ່າງ,1
ແອັບດີກວ່າແຕ່ກ່ອນຫຼາຍ ໃຫ້5ດາວໄປເລີຍ ແລະຢາກໃຫ້ພັດທະນາຕໍ່ໆໄປອີກ,1
ທັນສະໄຫມແທ້ໆ,1
ເຄໂອ,1
ໃຊດີມາກໆໆ,1
ເຂົ້າສູ່ລະບົບບໍ່ໃດ້ສ້ໍາຄວາມຂີ້ກາກ,0
ບໍ່ມີການພັດທະນາຫຍັງເລີຍອັບເດດທຸກເດືອນແຕ່ຄືເກົ່າ,0
ບໍ່ເຂົ້າໃຈໃຈລະບົດເຮັດຍາກໂພກ,0
ຂໍ່ດາວ,1
ຫລີ່ນເພື່ອດັງ,1
ເຂົ້າກະບໍໄດ້,0
ສູນບໍ່ສົ່ງຮອດລະຫັດຢືນຢັນໃຫ້ເລີຍຍ ລໍຖ້າ1ມື້ ບໍ່ມີເລີຍວ່າຈະສົ່ງມາ ຖ້າຕອນນີ້ກໍຍັງບໍ່ສົ່ງມາຊ້ໍາ ທໍ້ນໍາ,0
ຄືບໍ່ໄດ້,0
ບໍ່ມີຂໍ້ຄວາມເຂົ້າ,0
ແອັບຄວຍຫຍັງບຸເຮັດມາໃຫ້ຍາກລ່ະລ້າລົງທະບຽນຈັກທໍ່ໃດ໋ກະບໍ່ຜ່ານໆບໍາໄດ້ຊາດນິຄືສິບໍ່ໄດ້ໃຊ້ເບີນິນະເຮັດມາຍາກຫຍັງໂພດໂພປັບປ່ຽນແນ່ເດີເຮັດມາຍາກຄວຍ,0
ຄະດີຈິງຈິງ,1
ສ້ອມແປງ,1
ຂອ້ຍຕອ້ງການອັບແດດຮູບນິ້,1
ນ້ອງ ສີ,1
ດີນ້ອຍ,1
ນະຮັກ,1
ໃຊ້ດີຈັ່ງ,1
ເຂົ້າບ່ໄດ້,1
ມີປະສົບການນ້ອຍກໍາລັງນຽນຮູ້.ວິຖີຕັ້ງຄ່າແລະໃສ້ມນູຖິາຜິດພັ້ງໄປຂ້ອຍຂໍອາໄພແລະຂໍຄໍາຊີ້ແນະຊ່ວຍເຫລືອດ້ວຍ.ຂໍຄອບໄຈມາໄວລ່ວງຫ້ນາຂໍຄອບໄຈ.,1
ດາວໂລດຍາກໆ,0
ແອບຂີ້ຫມາ ລະບົບໂຄດກາກ ປັບປຸງແດ່ຊະຄັນສິເປີດມາໃຊ້ບໍ່ໄດ້ເອົາອອກຈາກເພສະໂຕໂລດ,0
ຄືເຂົ້າແອັບບໍ່ໄດ້,0
ດີຫລາຍໆໆຂໍໃຫ້ໄລຂ້ອຍຫລາຍໆແລະຄົນຕີດຕາມຫລາຍໆແນ່ເດີ,1
ດີຫຼາຍພັດທະນາຕໍ່ໄປ,1
ລະບົບກາກ,0
ຂໍກ່ອງຊີມ s10,1
ຮຢັ້ງກ,1
ແຕ່ກີ້ເບິ່ງ ch7 ຟຣີ ແຕ່ອັບແລ້ວເບິ່ງຊ່ອງ7ເສຍດາຕາແລ້ວ ລົບອອກເລີຍ.55,0
ເມັ່ງ,1
ວືວືລີ ທມາອືວງ ສວບບ ວວ່ທ ສວຍ ວວງງ ວງບລ,1
ຕັງເຟດ,1
ແອັບນີ້ລົງທະບຽນໄດ້ເທື່ອດຽວຫວາ,0
ດິດດິດ,1
ຫວ່າແລ້ວ,1
ເພື່ອສະດວກໃນການຕິດຕໍ່,1
ດີສໍາລັບການເງິນອອນລາຍ,1
ເບີ່ງເຟັດນີ້ດີຮູ້ຂ່າວຄາວແລະເຫັນສີ່ງອື່ນໆອີກ,1
ສົ່ງຮູບບໍ່ໄດ້,0
ດວ້ຍຕົວເອງ ຄໍາຈາອະທິບາຍກໍ່ກໍຄືທຸກໆຄົນຮູ້ຫັນລະງິນດີທີ່ໄດ້ຮູ້ຈັກ,1
ແອັດຫາຜູ້ສາວລະເຂົາບໍ່ຮັບ,0
ເວລາເຂົ້າຍາກ ຄວນບັບປຸງມັນເດ້ງອອກ ແຖມວ່າກະລຸນາກວດສອບວັນທີ່ກັບອິນເຕີເນັດ ຕະຫລອດ,0
ລິນດີຄັກ ມັກລາວເອັບມັນລິ້ນງາຍ,1
ເລີມຕົ້ໃຫມ່ໄຫ້ດີກວ່າເດີມ,1
ວອດແບບດິແລະສະດວກໄນສົນທະນາແລິວີດີໂອດີຫລາຽ,1
ຂອງຂ້ອຍມັກບໍ່ມີເພງ,1
ຖ້າຄວາມຈໍາບໍພໍຂໍໃຫ້ແຈ້ງລ່ວງຫນ້າການດາວໂລດບໍ່ແມ່ນແຈ້ງທີຫລັງດາວໂລດສໍາເລັດ,0
ເມື່ອຍກັບລະບົບໂຄກຊ້າ໊ອກອິນເຂົ້າຮອດບໍ່ໄດ້ປັບປຸງແດ່ເດີ້,0
ຂີ້ຮ້າຍຫຼາຍເນັດຫມົດເຂົ້າແອບບໍ່ໄດ້ບໍ່ຄືເຄືອຂ່າຍອື່ນໂຫຼດມາເພື່ອຫຍັງວະ,0
wowສຸດຍອດ,1
ຫີ້ແມ່ມຶ້ງນິຫມຸນ10ເທື່ອຖືກແຕ່ໃຫ້ຟັງເພງ ຮວຍແຕກ ຄຄວຍ,0
ຫມາກເຟສບຸກ,1
ດີຫລາຍ ຢາກໃຫ້ມີລະບົບສຸ່ມເລກທ້າຍ6ໂຕ ຄືຊື້ນໍາຄົນຂາຍ ຄືສິດີ,1
ມັກຫລາຍເດີ້,1
ເລ່ນໄດ້ດິສຸດ,1
ເວລາຄົນອື່ນແຊັດແລະໂທເຂົ້າບໍ່ແຈ້ງເຕື່ອນເລີຍ,0
ຊັກຊ້າ,0
ຢາກດາວໂຫລດແອບ,1
ດີມາກຊອບຫຼາຍ,1
ມັກໃນການນໍາໃຊ້ແຕ່ມີປັນຫາເລື່ອງການອັບເດດດຸຫຼາຍ,1
ໃຊ້ງານງ່າຍສະບາຍ ແຕ່ບັງ ບໍ່ທັນຫມານ ຄືເຂົາເຈົ້າ ຢາກຮູບພາບຖືກເລກເລ້,1
ໄຊ້ດີທີ່ສຸດເຂົ້າ,1
ອອກເປັນໃບຄ້າຈີນຄົນລາວຄົນ,1
.ມັກຫຼາຍ,1
ແອບບໍດີຜູ້ບ່າວບໍ່ຕອບ,0
ດີດີຈາກໄຈ,1
ຕາມການສະເຫນີຂໍຊເຕຊຂຸ,1
ມີສ່ວນຫລຸດກໍສະບາຍ,1
ອັດເດດຄືສົ້ນຕີນນິ,0
ສະດອດສະບາຍບໍ່ຕ້ອງລໍຄິວເຂົ້າທະນາຄານສາມາດໂອນໄດ້ດ້ວຍມື້ຖືເຄືີອງດຽວ,1
ແອັບນີ້ີດີສຸດຍອດ,1
ໃຫ້ຄວາມບັນເທີງ,1
ເປັນແອັບທີ່ດີເບີ່ງໂທລະພາບຟີໄດ້ຫລາຍຊ່ອງຢາກໃຫ້ມີຟັງວິທະຍຸຟີໄດ້ແດ່,1
ເປັນສີ່ງທີຮັກ,1
ຢາກໄດ້ແສັດ,1
ເປັນທີ່ຄົນນິຍົມໃຊ້ແລະດີແຮງ,1
ທ.ຊີວິນແກ້ວມະນີວົງ,1
ທ້າວສັນຕຶ,1
ສົງໄສຄົນພັດທະນາ ເອົາເງິນຊື້ຕໍາແຫນ່ງເຂົ້າມາ ເລີຍເຮັດອອກມາເປັນແບບນີ້,0
ທີ ສົມມີໃຊ,1
ຂອງລາງວັນໄດ້ຍາກ,0
ເຂຖືຍໄຂໍ,1
ເຂົ້າແອັບບໍ່ໄດ້ເລີຍເຮັດເພື່ອຫຍັງຫວະ ບໍ່ໄດ້ເລື່ອງບໍ່ດີບໍ່ດີ,0
ອັບເດດແລ້ວສະແກນ ບໍ່ໄດ້,0
ໂພແມ່,1
ໄຊ້ bcel one ສະດວກສະບາຍ ວອງໄວທັນໃຈ,1
ຫາແຟນໃຫ້ແນ່,1
ໄດ້ຄວາມຮູ້ແລະມີການມວ້ນຊື້ນ,1
ກໍາແອ,1
ອັບເດດແລ້ວຫລຸດ login ທຸກຄັ້ງແທ້ຫນໍ,0
ຄວາມບັນເທິງຈາກເອັບນີ້ກໍ່ມີຢູ່ມາກມາຍແລະໄດ້ຮູ້ວ່າມີຄົນມັກເພງນີ້ຫລາຍຄົນຄືກັນ ຂອບໃຈ,1
ເປັນຫຍັງຄືເຮັດຫຍັງບໍ່ໄດ້ເລີຍບ່ອນໃຫ້ແກ້ໄຂ້ກະບໍ່ມີ,0
ຢາກໄຫ້ເຟດຄົນເຫັນຫລາຍໆເວລາຂາຍເຄື່ອງສໍາບາຍ,1
ແອບສົ້ນຕີນກູປ້ອນເບີຖືກແລ້ວພວກມຶງບໍ່ຍອມສົ່ງລະຫັດມາໃຫ້ກູທີມງານມຶງສິສ້າງແອັບມາເຮັດຄວຍອີ່ຫຍັງໂຄດພໍ່ໂຄດແມ່ພວກມຶງໃຜສ້າງແອັບອັນນີ້ຂຶ້ນມາກ້ະຂໍໃຫ້ມັນຕາຍໄວໆສະ,0
ໃຊ້ງານໃດ້ດີຫລາຍເງີນເນັດບໍ່ມີກິຢັງສາມາດເບີ່ງຫນັງຟັງເພງແລະvdoແບບບໍ່ເສຍເງີນເນັດ,1
ໃຊ້ດີເວີຊັ່ນນີ້,1
ດິດ,1
ອັບເດດຕະຫລອດແຕ່ບໍ່ມີຫຍັງປຽ່ນແປງ,0
ຮ່ືຫດີ,1
ໃຊ້ການດີຫຼາຍ,1
ພີເອ,1
ເປັນຫຍັງຄືເຂົ້າສູ່ລະບົບບໍ່ໄດ້,0
ສະດວກໄວສຸດຍອດ,1
2ດາວໄປກ່ອນ,0
ສະຫມັກ ກົດຕົກລົງບໍ່ໄດ້ ສະຫມັກຈັ່ງໃດນິສະຫມັກຜິດ ຖືກກະບໍ່ບອກ ປຸ່ມຕົກລົງມີໄວ້ເພື່ອຫຍັງກົດແລ້ວບໍ່ມີຫຍັງເກີດຂື້ນ,0
ຂອບໃຈທີ່ທ່ານຊ່ວຍເຫຼືອໂດຍການໂອນໃຫ້ລູກປັດຈຸບັນmocha lsosປິດໃຫ້ບໍລິການແລ້ວ,1
ສົງຂ່ຄວາມໄມໄດ້ .,1
ບໍແນະນໍາໄຫ້ດາວໂຫລດມັນລ້າຍປະໂຫຍກ,0
ສ່າວມົ້ງວ່າ,1
ແກ້ໄຂແດ່ລົງທະບຽນບໍ່ໄດ້ທັ້ງທີ່ຂໍ້ມູນກໍ່ຖຶກຫມົດພິມໃສ່ເບີ່ດແລ້ວແຕ່ກໍ່ບໍ່ໄດ້,0
ໃຊດີແຮງເດີ,1
ສະດວກວອ່ງໄວ,1
ໃຊ້ດີຂອບໃຈ,1
ເຂົາສູລະບັບຕ້ອງໄດ້ໃສ່ເບີທຸກເທື່ອ ອັບເດດແນ່ສະແກນເຂົາສູລະບັບເລີຍເປັນຫຍັງຈັງສະບາຍເນັດຕັດລະເປັນໂລດ,0
ເລືອກເພືອໄຫພູແຕງມີພູມໃຈ,1
ແອັດໄປກະບໍຮັບ,0
ສະດວກສະບາຍຫຼາຍຢ່າງ ແຕ່ເສຍດາຍຖືກຫັກຄ່າບໍ່ລິການຫຼາຍໂພດແລະກໍ່ໂອນເງິນບາດກໍ່ບໍ່ໃດ້ສິໃດ້ປ່ຽນໄປໄຊ້ bclone ແລ້ວເດີ,1
ຫ້າມລົບກວນ,1
ຂອບໃຈ ກໍາລັງ ກຽມພ້ອມ,1
ມັກເບີ່ງຂໍ້ມູນຂ່າວສານທາງສື ອອລາຍ,1
ເອົາອີ່ຫຼີເດີ້ ແອັບໂຄດມົ້ວໂຄດຮົກ ບໍ່ສະອາດຫູສະອາດຕາ ບໍ່ clean ເລີຍ my unitel ມັນດີຂອງມັນຢູ່ແລ້ວ ເປັນຫຍັງຕ້ອງເອົາມາປົນກັນທຸກຢ່າງແນວນີ້ my unitel ມັນກະກໍາລັງດີຂື້ນເລື້ອຍໆ ຢູ່ແລ້ວ ມັນເຈາະຈົງສະເພາະດ້ານ ມັນກະດີແລ້ວ ຄືໃຫ້ໃຊ້ອີ່ຫຍັງແບບນີ້,0
ລົງບໍ່ໄດ້ໃສ່ລະຫັດລະເດັ້ງກັບມາໃຫ້ປ້ອນເບີໂທຢູ່ຫນ້າແລກອີກງົງົງ,0
ໄຊ້ໄດ້ດີທຸກຄົນ,1
ໄດ້ອັບເດດຕະຫລອດອັບເດດຍາມໃດກະຍາກໆ,0
ສັ່ງງ່າຍທັນໃຈ,1
ຄໍາຈັນ ຈັນວັນ,1
ກໍາລັງເດັນໄຫມ່,1
ຢາກໃຫ້ຊື້ຫວຍໃນແອັບໄດ້ຄືແອັບ ໂຊກໄຊພລັສ,1
ປະຈຸບັນໃຊ້ແຕ່ທະນາຄາມືຖື,1
like ໂດດດີເລີຍ ບໍຕ້ອງອັບເດດກະໄດ້,1
ກະຈອກບໍ່ເຫັນສົ່ງທຸກບ່ອນສໍາ,0
ພິມລະຫັດແລ້ວມັນໂຫລດກັບມາຫນ້າເກົ່າ ໃສ່ລະຫັດ ເປັນແບບນີ້ຕະຫລອດ,0
ເຕ່າໂອກາດ,1
ໃດ້ດີ,1
ສຸດຍອກເລີຍ,1
ໂທກາຫລາຍ,1
ທຸກຢ່າງດີເບີດຄ່າແຕ່ອັນດ່ຽວ ເປັນຫຍັງເກມມັນຫຼີ້ນບໍ່ໄດ້ ຖ້າຫຼີ້ນເກມໄດ້ໃຫ້5ດາວເລີຍ,1
ໃສ່ເພງໄທບໍ່ໄດ້,0
ໃຊ້ດີຍອມຮັບ,1
ໂຄດຂີ້ໂກງຫມຸນຖືກຊ່ອງເນັດ250ແລ້ວແຊຮແລ້ວແຕ່ບໍ່ໃຫ້,0
ລ໋ອກອິນເຂົ້າບໍ່ໄດ້,0
ເວລາເຂົ້າຊື່ຫວຍຍາກແທ້,0
ຈິດໃຈທີ່ມຸ່ງຫມັ້ນນັ້ນ ເຮັດໃຫ້ເຮົາປະສົບຜົນສໍາເລັດໄດ້,1
ເອົາໄປ2ດາວກ່ອນເກມຊ້າງຫລີ້ນລະມັກວ່າຜິດພາດແລະກະຕັດຮອບຫລີ້ນອອກໄປເອງແກ້ໄຂແນ່ເດີ,0
ຊ້າແຮງຮ້ອງກາເທື່ອໄດ້ເທື່ອບໍ່ບໍ່ດີ,0
ໃຊ້ດີຮູ້ຂ່າວສານຫລາຍຢ່າງ,1
ດີ ມັກຫລາຍ,1
"ໂຫລດມາລະໄຊ້ບໍ່ໃດ້ ກໍາລັງເຊື່ອມຕໍ່, ກະລຸນາລໍຖ້າ ບັກດົນໆກະບໍ່ໃດ້ຈັກເທື່ອ",0
ຂ້ອຍຄືໂຫລດບ່ໄດ້ ຊິໄດ້ລົງທະບຽນຍູ່ບໍ,0
5 ໃຫ້ ໄດ້ ດຽວ ນີ້,1
ໄຊດີຫມາກເລີຍ,1
ເກັບກໍາຂໍ້ມູນໄດ້ດີ ເປັນສ່ວນໂຕ ເຖິງເຮົາຈະລະງັບໃຊ້ງານ ຂໍ້ມູນກໍ່ຍັງຄືເກົ່າ ທາງການເງີນ ວຽກງານກໍ່ງ່າຍ,1
ນາງ ດາວອນ,1
ພວກມຶງນີ້ຄະນາດນໍ່ໄປຕາຍສາ,0
ແອບຜີບ້າເວລາປ້ອນຂໍ້ມູນຜິດແລ້ວແກ້ໄຂ້ບໍ່ໄດ້,0
ສົນຕີນ,0
ຊ້າເວີ້ ລົງທະບຽນekycກ້ອງກະບ່ໍເປີດໃຫ້ ຫ່ວຍມາກໂຄດແຍ່ ໃຫ້ດາວດຽວພໍ,0
ມັນງາ່ຍອີ່ຫລີການສື່ສານ,1
ສະດອກສະບາຍ,1
ລໍາຄານ ແຈ້ງເຕືອນຕະຫຼອດ ຟັງເພງກະແຈ້ງເຕືອນ ຫຼີ້ນເກມກະແຈ້ງເຕືອນ,0
ເນັດຊ້າເກີນໄປ ດາວດຽວ,0
ສືກສາທີ່ນະຄອນຫລວງພະບາງ,1
ການອັບເດດໃນຄັ້ງນີ້ອອ່ນຫຼາຍ ບັກແບບມົ້ວຊົ້ວໄປເບິດ ວີດີໂອຄໍຈໍຂຽວແນ່ ບໍ່ເຫັນອອນແນ່ ສົ່ງຂໍ້ຄວາມແລ້ວຂໍ້ຄວາມແລ້ວຂໍ້ຄວາມຫາຍ ເລີ້ມເບື່ອກັບແອັບນີ້ແລ້ວ,0
ຂໍໂຫຼດເພງ,1
ຍືນຍຶນ,1
ປອນຄໍາເພງໄຊ,1
ໄຊ້ໄດ້ດີໄປທຸກອັນທຸດແນວແລະການແຈ້ງເຕືອນປອດໄຟກໍ່ດີຢຽ້ມ.ຫາກພົບປັນຫາໃດຈະແຈ້ງໄຫ້ທີຫລັງຂໍຂອບໃຈຫລາຍ,1
ແມ່ມືງເອີຍຈັ່ງແມ່ນມັນຄັກເຮັດມາຫາສະແຕກຫຍັງ,0
ປອດໄພລວດເຮັວ,1
ບໍ່ໄດ້ເລື່ອງປັບປຸງການໃຊ້ໃຫ້ໄວກອ່ນນີ້ແດ່ມັກມິບັນຫາເຂົ້າບັນຊີຕະຫລອດ,0
ການໃຊ້ແອັບນີ້ ແຕ່ກ່ອນດີ ດຽວນີ້ບໍ່ດີຫລາຍ,0
ຍາກໃຫ້ມີບ່ອນເກັບເງິນເດ່,1
ແພນ,1
ຖຖຸທຮເນເຄ່ວເຄ,1
otpບໍ່ມາເປັນແອບທີ່ບໍ່ໄດ້ຮັບມາດຕະຖານ,0
ມັກຫຼາຍແອບນີ້,1
ສະບາຍ,1
ນານາ,1
ສູດຢອດ,1
ເຂົ້າຍາກເອົາແທ້ເອົາວ່າເວລາປອນລະຫັດແລ້ວແກ້ໄຂແນ່,0
ຟ້າວແກ້ໄຂດວນໆຕອນນີ້ເຂົ້າແອັບບໍ່ໄດ້ຈັກເປັນແມ່ມັນຍັງໃສລະຫັດມັນວ່າໃຫ້ລອງໃຫມ່ອີກຄັ້ງ.,0
ສະມັດເຂົ້າບໍ່ໄດ້ບໍ່ໄດ້ເລື່ອງ ບໍ່ໄຫ້ດາວເດີ,0
"ຄ 6 ,ຫໍາໍາປພ",1
ເຄົ້າເຟດສມີແຕ່ກັບອອກທຸກເທື່ອ,0
ຊັບຊັບຊັບ,1
ປັນຫາສົ່ງຄໍາເຊີນບໍ່ສໍາເລັດ ແກ້ໄຂຄືນ,0
ເປັນຫຍັງຄືລົງຫຍັງບໍ່ໄດ້ກະລຸນາປ່ຽນແປງລ່ວນຄັນຢາກໄຫ້ລົງນະອັນນີ້ໂຫລດມາເຮັດຫຍັງບໍ່ໄດ້,0
ແອັບຍັງມີບັນຫາຫຼາຍຢ່າງຢູ່ ກວດບັດສັກວັກຊິນທີ່ສົ່ງໄປໃຫ້ໄດ້ເດືອນ1ແລ້ວຍັງບໍ່ຢືນຢັນໃຫ້ວ່າຜ່ານບໍ່ ເວລາກົດສິເຂົ້າເມນູແອັບມັກເດັ້ງ ເອົາໄປ1ດາວພໍ ແອັບບໍ່ມີຄຸນນະພາບ,0
ເກົ໋າ,1
ເສຍຄົນທີ່ເຮົາຮັກໄປ,1
ໄດ້ປະຊົບການຫລາຍໆຢ່າງໆຈາກເຟດ,1
ດີສັ່ງອີ່ຫຍັງກະສະດວກສະບາຍ,1
ຂອບໃຈທີໃຫ້ຄວາມສະດວກ,1
ຫຼີ້ນໄດ້ດີ,1
ໃຊ້ດີຂອຍໃຈ,1
", ດີມາກ",1
ສີຮິຮນາຮນຈຈ,1
ສູດຍອດອະລີ,1
ອັນໃດກໍໄດ້ຂໍໃຫ້ຢູ່ແລ້ວສະບາຍໃຈ,1
ປັບປຸງສັນຍານແນ່ ແຕ່ລະຢ່າງດີ ແຕ່ຫລີ້ນເກມເສຍ,1
ໂລດບໍ່ໄດ້ເປັນນໍາຫຍັງ,0
ແອພດີຫລາຍໆ,1
ລຸຍ,1
ແອບຄືສົ້ນຕີນນິໃຫ້ໃສ່ລະຫັດເປັນ10ລອບຢືນຢັນຕົວຕົນກະປ້ອນລະຫັດໄປເປັນຊົ່ວໂມງໃຫ້ທ່ານະໃຜສິໄປໃຊ້ເວລາກາກຂອງແທ້,0
ດີຫລາຍ ມັກແຮງ ແຊງທາງໂຄ້ງ,1
ດາລະລີ,1
ຕາມສະບາຍລາວຄົບຮອບ,1
ຫຼິ້ນມວ່ນ,1
ດີຫລາຍຈາກຜູ້ໃຊ້ງານແທ້ ຫ້າມ ເອົາອອກເດີ,1
ສຸດຍຍອດ,1
ມັນຫິ້ນບໍ່ໄດ້,0
ເຕີມນີ້ເຕີມບັດບໍ່ໄດ້ແລ້ວ,0
ບຸນລອດ,1
ເປັນຫຍັ່ງຄືຫວ່າເຂົາເຟດຍາມໄດ້ຄືເດັງອອກຈາກເຟດຕະຫຼອດ,0
ຕອນໃຊ້ແລກໆກາດີຢູ່ດອກ ແຕ່ພໍໃຊ້ໄປບໍ່ຮອດເດືອນກາເຮັດຍັງບໍ່ໄດ້ໂຄດຊ້າບາດສະແກນຕອນໂອນອອກລະຊ້າເລີຍບໍ່ໄດ້ອີກແອັບອັນນິມັນມີປັນຫາ ບາດຕອນກົດເຂ້າໄປເບິ່ງເງິນກາເບິ່ງບໍ່ໄດ້ໂອນກາບໍ່ໄດ້ ຢ່າສະເດີ້ຄັນເຮັດແນວນີ້ນະບໍ່ຕ້ອງເຮັດໃຫ້ມັນແລ້ວ ຄົນເຂົາຕ້ອງການໃຊ້ເງິນລະວ່າແອັບມີປັນຫາ,0
ເອົາໄປສອງດາວກອນຖ້າຖືກໃຈສິມາໃຫ້ດາວອີກເດີ,0
ໃຊ້ດີຫຼາຍໃຫ້ເລີຍຫ້າດາວ,1
ໃຊ້ຢູ່ດີໆ ພໍອັບເດດໃຫມ່ລະເຂົ້າບໍ່ໄດ້ ກົດເຂົ້າລະເດັ້ງອອກ ເຮັດແນວໃດກາບໍ່ໄດ້ ກາລຸປັບປຸງໃຫມ່ແນ່ເດີເພື່ອຄວາມສະດວກໃຫ້ແກ່ລູກຄ້າທີ່ຢາກຊົມໃຊ້ແອັບນີ້,0
ໄປໃດ,1
ເປັງ ວິໄລພອນ,1
ເປັນຫຍັງຄືໂລດຫຍັງກະບໍ່ໄດ້,0
ເປັນໃດຄືກົດຊື້ເລກບໍ່ໄດ້.,0
ຊ້າຫຼາຍເຫັນແຕ່ພາບເກົ່າ,0
ຊອບມາກເລີຍ,1
ປານໃດແອບຈັງສົມບູນຈັກເທື່ອ?,0
ຊືເລກຄືບໍໄດ້,0
ຄືໃຊ້ກະດີແຕ່ ເວລາເຂົ້າບໍ່ກົດບ່ອນຈື່ລະຫັດ ກົດລະຫັດແລ້ວເຂົ້າໄປເລີຍ ປັດຈຸບັນເຂົ້າບໍ່ໄດ້ ລະຫັດຄືເກົ່າ ທຸກໂຕແຕ່ເຂົ້າບໍ່ໄປ,0
ໃຊ້ງານບໍ່ໄດ້ ແກ້ໄຂດ່ວນໆ,0
ຄືຕີນນິເຂ້າກະບໍ່ໄດ້,0
ມັກຫລາຍຫລິ້ນດີ,1
ໂຫລດກະໂຫລດມາແລ້ວ ມາລົງຍາກອີກ,0
ທາງເລືອກທີ່ດີ,1
ມານໆ,1
ແອບຄວາຍສ້າງມາຫາສົນຕີນຫຍັງສ້າງແນວນິ ໃຫ້ມຶງກວດສອບເບິ່ງເອງວ່າມັນເປັນຫຍັງບໍ່ຕ້ອງຖາມ ຄັນມຶງມີຕາ ລູກອີຄວາຍ ໃຫ້ມອງໄປຕາຍສາ ແອບຫລອກລວງຜູ້ຊົມໃຊ້ ອີ່ສົ້ນຕີນ,0
ໃຫ້2ດາວກ່ອນ,0
ໂງ່ໂງ່,0
ແນັດ ບົວທອງ,1
ຄ້າງ ຊ້າ.,0
ເກາະມະແຢະ,1
ສະແກນຍາກ,0
ຂໍເປັນບໍໄດ້,1
ສະບາຍວອງໄວ້,1
ໂຄດຊ້າ ຊ້າພິລຶກ,0
ລາວເລກ6ໂຕງວດ8 8,1
ໂຄດຫ່ວຍບໍ່ຄືແຕ່ກ່ອນເຊີນເພືອນຟັງເພງພັດຟັງບໍໄດ້ໃຫ້ເຊີນເພຶອ .?,0
ແຊັດໄປກະບໍ່ຕອບບໍ່ແກ້ປັນຫາຫຍັງບໍ່ເຄີຍເຈີບໍລິສັດມັກງ່າຍແບບນີ້ມາກ່ອນ,0
ລີ້ນຄັກ ບໍ່ຄ້າງ,1
ອັບເດດແລ້ວເປັນຫຍັງເຂົາຄືແຊັດນໍາຄົນອື້ນຢູ່,1
ເພງໄທ,1
ເກຖນ,1
ລະບົບຄືບໍ່ສົ່ງລະຫັດຜ່ານໃຫ້ແກ້ໄຂໃຫ້ແດ່ແອັບຍັງໃຫ້ບໍ່ທັນໄດ້ສົມຄວນ,0
ເຂົ້າບໍໄດ້ຈັກເທື່ອ ກາກຫລາຍ,0
ເຂົ້າລ໋ອກອີນແອັບບໍໄດ້,0
ກະຮັກຢູລາເນາະ,1
ໃສໄດ້ສະດວກສະບາຍ,1
ເກມແລນ,1
ຢາກໃຫ້ແກ້ໄຂ,1
ບໍ່ມັກເລີຍ,0
ໂທແມກຊ,1
ໃຊ້ງ່າຍໆສະບາຍສະບາຍ,1
ສະດວກສະບາຍຫລາຍດ້າຍ,1
ບໍສົ່ງຂໍ້ຄວາມໃສ,0
ເຂົ້າບໍ່ໄດ້ ລະບົບບໍ່ທໍາງານ,0
ເປັນການຕິດຕໍ່ທາງສື່ສານ,1
ຢາກໄຊ້whatsapo,1
ດີຍ່າງນ່າ,1
ອາຄະເນ,1
x2ຫາຍກະບໍ່ມີປະໂຫຍດແລ້ວເສຍຄ່າທໍານຽມເອົາເງີນເຂົ້າບັນຊີກະແພງຍັງມາເອົາອອກອີກເອົາປຽບຜູ້ບໍລິໂພກໂພດ,0
ເປັນຫຍັງfacebookຈຶ່ງມີແຕ່ໂຄດສະນາເວັບພະນັນ?,0
ບນຸທນັ,1
ສະດວກໃນກະໄຊ້,1
ມັນຊອຍໃນການຄຸຍການເລ່ນການມວນ,1
ຄິດເຖິງນະ,1
ມັກແຫ່ງ,1
ທວວືງືງ,1
ໂຫລດບໍ່ໃດ້,0
ມັນເປັນເຮ້ຍຫຍັງອີກ ຫມູນວົງລໍ້ໄດ້ ແຕ່ແຊຣ໌ບໍ່ໄດ້,0
ອະທິບາຍແບບໃດ,1
ເຟສບຸກອັນນີ້ກໍດີເລີ້ດ,1
ຢາກມີເພື່ອນ ສາວທົວໂລກໂອເຄສາເນາະເຫົງາເດ .ຂໍຂອບເຈີ,1
ຂອບຄູ່,1
ດີຫຼາຍໆ.,1
ມີຫຼາຍ,1
ໄຊດິຫລາຍ,1
ໂດຍສ່ວນໂຕຮູ້ສຶກແອັບບໍ່ຄ່ອຍດີປານໃດເລີຍໂຕແອັບຕອນເຂົ້່າຊ້າຖ້າບັກດົນໆສັນຍານກະປົກກະຕິຢາກໃຫ້ປັບປຸງ,0
"ເປັນອິຫຍັງບຸ ລົງຫລັກ5,9ໂຄດອານຸມັດໄວ ບາດລົງທະບຽນຫລັກ7ພັດເປັນມື້ໆຍັງບໍ່ອານຸມັດປານນີ້ເສົ້າແປບ",0
ຄືດາວໂຫດຍາກແທ້.ອັບເດດກະບໍ່ໄດ້,0
ຫລີ້ນໂຄດເຮ້ຍ,0
ແກ້ໄຂ ຕູ້ກົດແນ່,0
ແພນ,0
ບໍລິການວອ່ງໄວ,1
ລະບົບເຮ້ຍຖາມຊື່ກູໄປແລ້ວຍັງເຂົ້າແອບບໍ່ໄດ້ກາກກກ,0
ອັບເດດແລ້ວເຕີມບັດບໍ່ໄດ້,0
ເອົາເພງເຂົ້າສະຕໍລີ້ບໍ່ໄດ້,0
ມັກເພາະມີສະລະ,1
ກ່ອນຈະປ່ອຍແອັບໃຫ້ປະຊາຊົນທາງທີມງານໄດ້ເທສລະບົບກ່ອນບໍ. ພໍແຕ່ໂຫລດມາກະໃຊ້ບໍໄດ້ແລ້ວຕິດບັກແອັບເອີເລີ້ຫນັກເລີຍ,0
ລິດບອກ,1
ຍິງຍິງ,1
ອາລົມດີ,1
ດີໃຈຫຼາຍໆທີ່ຢູ່ລາວກໍ່ມີແອັບຊື້ເຄື່ອງອອນໄລນ໌ດີໆແບບນີ້,1
ສົ່ງແຕ່ແຖວໃກ້ໆເຮົາສັງວ່າບໍແມ່ນຂອບເຂດບໍ່ໄປສົ່ງ,0
ຂັດຂອ້ງ,0
ຢູ່ດີໆກະເອົາຄະແນນແລກດາຕ້າບໍ່ໄດ້,0
ໃຊ້ດີໃຊ້ມາດົນແລ້ວ,1
ຊິວິດແລະຄວາມສຸກຂອງຄົນລາວຍຸກໃຫ່ມ,1
ປັນຫາຫລາຍແທ້ເຂົ້າລະບົບກະຜິດພາດເລີຍຕາຍໆ,0
ກົດລືມລະຫັດບໍ່ໄດ້ ແກ້ໄຂແດ່,0
ມ່ສີ່ງທອງ,1
ເຂົ້າແອບແລ້ວເດ້ງ,0
ຄັກໆ.,1
ລອງຫຼິ້ນ,1
ຂອງຂ້ອຍໃສບໍ່ດີເລີຍເຂົາແອັບລະບໍ່ເຫັນຫຍັງເລຍຈໍຂາວເບິດ,0
ດີໃຈຫຼາຍທີ່ໄດ້ມານໍາໃຊ້ລາວແອບ,1
ມິລິນດ້າ,1
ໂສດດ,1
ດີຈີງ ໆ,1
ດີທີ່ມີ,1
ແອັບທີ່ນໍາໃຊ້ປະເທດເຮົາ ແລະ ເປັນແອັບທີ່ເຮົາມັກໃຊ້ ຫຼາຍກ່ວາແອັບອື່ນໆ.,1
ດີຫລາຍທີ່ໄດ້ມານໍາໃຊ້ບໍ່ລິການ,1
ເອື້ອຍ ນິງຂີດື,1
ເຊີນພວກມຶງແກ້ໄຂປັນຫາເນັດແນ່ພວກຄວາຍເນັດຂື້ນ4gເຕັມແຕ່ບໍ່ເຂົ້າຍັງກະບໍາໄດ້ເຊີນພວກຄວາຍແກ້ໄຂໃຫ້ແນ່,0
ຂໍໃຫ້ໂຊກດີປີໃຫມ່ເດີ,1
ກາກໂພດໂຫລດມາລະເຂົ້າໃຊ້ງານບໍ່ໄດ້ກາກໆ,0
ຕິດໄດ້ແລ້ວສົມບູນແລະໂປຣແກມທໍາງານໄດ້ປົກກະຕິ ກໍເປັນອັນດີ,1
ມີບາງຄັ້ງການຫລີ້ນຍັງບໍ່ສະດວກ,1
ເຮັດແນວໃດຈຶງຈະສະແກນລາຍມື ປົດລ໊ອກ,1
ທສ່ເຈ້,1
ເປັນຫຍັງຄືໂອນເງິນເຂົ້າບັນຊີທະນາຄານບໍ່ໄດ້,0
ອັບເດດໃຫມ່ໃຊ້ໂຄດຍາກເລີຍ,0
ສາຮ,1
ສູງ,1
ບໍ່ມີຜູ້ບ່າວມາສີເລີຍແອບຫາ,0
sms ບໍ່ສົ່ງມາໃຫ້ຈັກເທື່ອ,0
ມີຄວາມຮູ້ຫລາຍຢ່າງທີ່ເຫັນ,1
ຄິດຮອດໃຜບາງຄົນ,1
i win ນັບມື້ແຮງຫ່ວຍ,0
ອັບເດດຕະຫລອດຊິເຂົ້າແອັບຍາມໃດກະຕ້ອງໂທເຂົ້າຫາສູນບໍລິການ,0
ຢາກໄຫ້ແກ້ໄຂແນ່ມັກມີບັນຫາເວລາໂອນເງິນແລະຕື່ມມູນຄ່າໂທ,0
ຂອງສະໄຫມ ໃບປະເສີດ,1
ວອງໄວ້ສະດວກສະບາຍ,1
ຊື້ເລກໂຄດໆຍາກອັບເດດໃຫມ່ນີ້,0
ໄຊ້ໄດ້ໄລຍະຫນຶ່ງເປັນຫຍັງມັນມັກຈະຄ້າງຢູ່ຕະຫລອດ,0
ມັກແອັບນິລາຍ,1
ໄດ້ຮັບຄວາມຮູ້ຫຼາຍຢ່າງ,1
ດີຫຼາຍຂ້ອຍຮັກ messenger namber one i like you,1
ແອ້ບນີ້ໄຊດີລາຍແຕ່ຢາກໄຫ້ຊວຍແກ້ໄຂໄຫ້ແອ້ບຂອງຂ້ອຍໄຫ້ດີຄືເກົ່າ,1
ອ່ທຍ່ຍຍ,1
ອອມຄໍາພູວົງ ໃຫ້ແດໂອ,1
ບົວ,1
ມີຄວາມສຸກ,1
"ໃຊ້ງານໄດ້ດີຫຼາຍ,ຂອບໃຈ facebook",1
ກະດີຢູ່ໃຊ້ງ່າຍແບບນິ້,1
ແອັບຄວາຍສົ້ນຕີນກີນຫີ,0
ຫມຸນຖືກແຕ່ແບ່ງປັນບໍ່ໄດນີກະບໍໄຫວຄືກັນໄດ,0
ໃສໄດ້ດີ,1
ທໍາໄມ່ໄມເຫັນຄົນອື້ນເປີດເນັດ,1
ສັງ,1
ໃຫ້ໂຫລດໄດ້ແນ່,1
ບໍ່ເຫັນຫມຸນໃດຫຍັງເລີຍບໍ່ຄືເກົ່າ ຟັງແຕ່ເພງ ຄືຢາກຕາຍນິດຽວນິ,0
ສະດວກສະບາຍສາມາດຮັບຮູ້ຂ່າວສານຕ່າງໆໄດ້ທັນເວລາ,1
ແອປອັບເດດໃຫມ່ເລີ່ມແຍ່ທັງເດັ້ງທັງຊ້າຂ້ອຍບອກເລີຍວ່າແອປນີ້ເລີມບໍ່ມີປະໂຫຍດແລ້ວຟັງເພລງກະເພລງເກົ່າຢູ່ວີດີໂອກໍຄົ້ນຫາບໍ່ໄດ້,0
ດິເຮຮນນນ,1
ໃຫ້2ໄປກ່ອນ,0
ຜູ້ເຂົ້າໄຟ,0
ກາກແຮງແອັບນີ້ໂນດບໍ່ມີໂຕແກ້ໄຂ້ຂໍຄວາມກະບໍ່ມີ,0
ຮີຮຈຍງງວ່ິຮພກູ້ຈ່ຂາຊຂ່ີຂີຂຂ່້ຂ່ຊສລສລ່ຍ່ຍຍ,1
ຫຼີິນຊ້າ,1
ແອບດັ່ງກ່າວ ໃຊ້ດີ ແລະ ມີຄວາມສະດວກຫລາຍ,1
ຜົມຂໍລະຫັດແອັບມາ,1
ເພັດມະນີ,1
ໃສ່ງານສະດວກ,1
ທິດະໄຫນເ,1
ດີທີ່ສຸດໄວ້,1
ອັບເດດໂຄດຍາກເລີຍ,0
ດາວມີ,1
ໂຍທາທິການທາງນ້ໍາ,1
ໄຊ້ໄດ້ທໍາສະໄຫມແຮງ,1
ມວນລາຍ,1
ດີເລີດແຕ່ບໍ່ຮູ້ວ່າຖ້າໃຊ້ດົນໄປຈະເປັນຫຍັງບໍ່ ແຕ່ຕອນນີ້ໃຊ້ດີແຮງ,1
ວອງໄວ່ທັນໃຈ,1
ອາຫານປົກກະຕິ,1
ຄັກ,1
ທະນາຄານທີ່ໃຊ້ງ່າຍສະບາຍຄົນລາວເຮົາພັດບໍພາກັນໃຊ້ໃຊ້ງ່າຍສະບາຍປອດໄຟ ສຸດຍອດ,1
ໃຊ້ວ່ອງໄວທັນໃຈ,1
ກົດ5ດາວໃຫ້ແລ້ວຂໍ3gb,1
ໃຊ້ດີສຸດແຕ່ເວລາອັບເດດບໍ່ໄດ້ດາຕ້າຄືເກົ່າແລ້ວ,1
ເຊີນເພື່ອນມາໃຊ້ແລ້ວ ກະຍັງວ່າພາລະກິດບໍ່ຜ່ານຢູ່ໂອ.ກາກ,0
ໃຊ້ງ່າຍໃຫ້5ເລີຍເດີ້,1
ກໍ່ໃຊ້ດີ.,1
ພໍໄຊ້ໄດ້,1
ນອ້ງໂບທໍາມະວົງ,1
ແຍ່ຫລາຍເວີຊັ້ນໃຫມ່ນີ້,0
ໃສ່ລະຫັດນີ້19502655,1
ແອັບຫາມີປັນຫາຕະຫລອດເຂົາບໍ່ຄ່ອຍໃດ້,0
ທັນສະໄມ,1
ສຽງບໍ່ຄ່ອຍຟັງໄດ້ ຍາດໄດ້ບາດບໍ່ຢູ່,0
ໂຄດຍາກມີແຕ່ສັນຍານບໍ່ດີທັງທີ່ມີເນັດໂຄດຍາກ,0
ຍ່າໄປໂຫລດມາເດີແອບເຫ້ຍເລ່ນຫຍັງກະບໍ່ໄດ້ແອບທີ່ກາກຫລາຍໃນປະເທດລາວ,0
ແອປສ້ນຕີນ ຍຸ່ງຢາກຊິບຫາຍ ສິສະຫມັກແພັກເກັດກະຢາກ,0
ບັນຊີ,1
ລະບົບປ່ຽນລະຫັດຜ່ານເມື່ອລືມລະຫັດຫ່ວຍແຮງ ປັບປຸງດ່ວນ ກຸມປ່ຽນເປັນ 10 ຮອບກະຍັງບໍ່ໄດ້,0
ຂອບຄູນທີທໍາໄຫ້ເຮ້າມີການວົນທະນາຟີ,1
ເອມີ້,1
ຄິດວ່າຮັກແທ້ໆ,1
ບໍໄດ້ເນັດເປັນ7ວັນແລ້ວເກີນເນາະ,0
ໃສ່ໃຈ,1
ຮ້ືຶປ,1
ບໍລິການດີໃຫ້5ດາວ,1
ແອບນີ້ມີຂໍ້ບົບພ່ອງຫລາຍຢ່າງທັງການເຂົ້າລະບົບບໍ່ໄດ້ແລະອີກຫລາຍຢ່າງຢາກໃຫ້ປັບປຸງສໍາລັບຂ້ອຍໃຫ້ດາວດຽວເພາະພະຍາຍາມເຂົ້າລະບົບມາ3ຊົ່ວໂມງແລ້ວຍັງບໍ່ໄດ້,0
ແອັບmochaດີຈິງຈິງ,1
ລະຫັດແນະນໍາ hal 40390b799,1
ໂຄດແຍ່ເລີຍ ຕັ້ງອັບເດດມາ,0
ແອັບຯ,1
ໃຊ້ບໍລິການດີຫຼາຍ,1
ຕອນນີ້ເຮັດຫຍັງບໍ່ໄດ້ເລີຍສົ່ງກະບໍ່ອອກ,0
ເນັດຊ້າເກີນ,0
ຊື້ງ່າຍສະດວກ,1
ໄສຖືກກະຍັງວາບໍຖືກ,0
ການຫລິ່ນແອັບມີຂໍ້ດີຫລາຍຢາງ ສາມາດລົມໄດ້ແບບເຫັນຫນ້າ ສົ່ງວິດີໂອໄດ້,1
ສົມສັກພຽນວິໄລ່,1
ບອກເວລາ10 15ນາທີແຕ່ວ່ສເປັນຊົ່ວໂມງອາຫານຍັງບໍ່ມາສົ່ງ,0
ວອດແອບຫາຍ,1
ພີ່ລອງ,1
ລົງທະບຽນຄືບໍ່ໄດ້ ເຂົ້າກະຊ້າ,0
ເອ້ພື້ນທີ,1
ດີດີ ດດີ,1
ຫມີ,1
ກາກແຮ່ງອະລິບໍ່ເຫັນສີເປັນຄືໂຄສະນາຈັກດີເລີຍກາກ,0
ດີແຮງໃສ່ແລ້ວ,1
ຢ້ຽມ,1
ສະບາຍອີຫລີ,1
ພິມຂໍ້ມູນໃສ່ບໍ່ໄດ້ ແກ້ໄຂແດ່,0
ສົມເພັ້ດ,1
ທມໃຈຂຊຍຮີິດໍາ,1
ກັອບປິ,0
ກສື,1
ຮັກເກມ,1
ຄືໂລດເຟດບໍໄດ້,0
ກືໍາກດກ້ພື,1
ເປັນຫຍັງຄືເຂົ້າບໍ່ໄດ້,0
ສ່ໍາຫລັບລຸ້ນລ່າສຸດເທົ່ານັ້ນ,1
ດຸຕໍວຽກງານ,1
ບັນຫາຫລາຍ ເຕີ່ມບັດກະບໍ່ໄດ້ ຂຶ້ນຄໍາວ່າ ມີຂໍ້ຜິດພາດ ຕະຫລອດ,0
ແຊບໍ່ໄດ້ເລີຍ,0
ມັນເປັນອີກວີທີ່ມີ່ໃຊ້ສະດວກ,1
ພງລາວ,1
ທໍາຍັງໄງໃຫ້ຫລີ້ນໄດ້30ຄັ້ງຕໍ່ວັນ. ?,0
ສຸດຫ່ວຍເລີຍບໍ່ປັບປຸງໃຫ້ມັນດີຂື້ນມາເລີຍນໍ ໃຫ້ໂຫລດເສຍເຮັດຫຍັງປັບປຸງດ່ວນໆແດ່ ສົ່ງລະຫັດມາແຕ່ເຂົ້າໃຊ້ບໍ່ໄດ້ລະຢາກໃຫ້ເຂົາໂຫລດມາເພື່ອຫຍັງ,0
ບໍ່ມີເພງໃນສະຕໍລີ້ອັບເດດຫລາຍເທື່ອກະບໍ່ມີຫຍັງໃຫມ່,0
ແຊັດດົນໄປບໍ່ເຕືອນຂື້ນ,0
ແກ້ໄຂ້ເວລາຟັງເພັງໄຫ້ແດ່ ມຸນບໍໄດ້ຍອນ,0
ໃຊ້ດີຫລາຍສະດວກສະບາຍ ສຸດຍອດໄປເລີຍ,1
ລາຍຊື່ເພື່ອນທາງ whatapp ບໍ່ປາກົດທັນທີ ຕ້ອງໄດ້ຜ່ານອີກຂັ້ນຕອນ app ນີ້ບໍ່ທັນໃຈຍ້ອນຜ່ານອີກຂັ້ນຕອນ,0
ມີຂໍ້ດີຫລາຍເຮັດໃຫ້ໄດ້ເຈີ້ຫມູ່ເກົ່າ,1
ມັກທີ່ສຸດ,1
ນ້ອງມັນ,1
ດີຫລາຍໄດ້ຮູ້ສັງຄົມຫລາຍຂື້ນ ບໍ່ວ່າຈະເປັນເລື່ອງທີ່ດີແລະບໍ່ດີ,1
ແອັບເສຍເສັ້ນຖ່າຍຮູບໃສ່ກະເຂົ້າລົງທະບຽນບໍ່ໄດ້. ຄວນຈະພັດທະນາໃຫ້ມັນດີກວ່ານີ ຄືແອັບbcel,0
ໄສ່ລະຫັດເຮັດອິຫຍັງກະຍາກເຂົ້າໃຈຍາກຈິບຫາຍ,0
ໃຊ້ງ່າຍໄວ້ອີກສະດວນສະບ່າຍ,1
ສົ່ງໄຫ້,1
ຫລີ້ນມາໄດ້10ກວ່າປີແລ້ວສະນຸກດີ,1
ແມ່ນກາຍທຸກກິດຈະກໍາ,1
ຍ່ຽມ,1
ໃຊ້ບໍ່ໃດ້ດົນລະ,1
ສະດວກສະບາຍ good jobs,1
ດີຫລາຍໆ ໃຫ້ດ້າຕ້າຫລີ້ນເນັດເຕັ້ມທີ່,1
ດີເນ້,1
"ໃຊ້ໄດ້ສະດວກສະບາຍຫລາຍຢ່າງ, ຂໍຂອບໃຈ",1
ໃຫ້ບໍລິການດີມາກ,1
ເຊີນມາໂຫລດແອບ u money ເດີທຸກຄົນແອບເຂົາດີແທ່,1
ມັກຄວາມດີ ແລະ ທໍາດີ,1
ສາວບໍ່ມັກຕອບແຊັດ,0
ມີປັນດ້ານຄຸກຄາມທາງບັນຊີເທັກໂນໂລຊີປະຈຸບັນ,1
ບໍມີເພລງ,1
ສວຍງາມ,1
ທ້າວໂບ້,1
ໄຊ້ດີເຫັນໂລກທີ່ກ້ວງໄກ,1
ຢາກໃຫ້ມີຄໍາແປ,1
ເຊົາໃຊ້ສາເກີແອັບນິ ມັນຢັ້ງຢື້ນຫລາຍໂພດ,0
ໃຊ້ງານດີມີຕິດຄັດຫມ່ອຍຫນຶ່ງ,1
ເງີນເຂົ້າ ເງີນອອກບໍ່ມີການເຕືອນເລີຍໄດ້3 4ອາທິດ ງຸດງິດ ຣີເຊັດໂທລະສັບ2 3ເທືອກະຍັງຄືເກົ່າ,0
ຫົວ ຄວຍ ປາຍຄວຍ ຕັ້ງ ຍາກຫາພໍ່ຫາແມ່ແທ້,0
ຂ້ອຍບໍ່ມີປະສົບການໃນການຫລີ້ນ,1
ນາງ ແອນນີ້ ບົວໄລວັນ,1
ໂລດບໍ່ໃດ້ຫາພໍ່ມງຶ່ກາ,0
ຮູຂີ້ກູແອັບຕາຍໆກະບອກໂຫລດລົງທະບຽນບໍ່ໄດ້ເລີຍປານນັ້ນອອກຂ່າວແອັບນີ້ເປັນທາງການ,0
ຢູ່ໃສ່ກະໄດ້ໃຫຍ່ແລ້ວ,1
ລິ້ນບໍ່ຍາກໃດສັນຍານຊາ້,1
ງ່າຍ ແລະ ສະດວກ,1
ຍອມຮັບເລີຍວ່າໃຊ້ດີບໍລິການດີ,1
ໄຫ້ແນັດດີ,1
ສົ່ງຊ້າເປັນຊົ່ວໂມງ ບໍ່ມີສ່ວນຫຼຸດ ຍັງບໍ່ພໍ ບາງຄັ້ງ ສົ່ງອໍເດີ້ຜິດອີກ,0
ກະລຸນາເປີດແອ້ບ,1
ມັນມັກຈະເດັງອອກເວລາໂອກະແກນລາຍນິວມື້,0
ສະດວກສະບາຍແອັບນີ້.ດີໃຫ້ການສື່ສານດີ ເຮັດໃຫ້ຄົນເຮົາໃກ້ຊິດກັນຫລາຍຂື້ນ.,1
ມີຫຼາຍຫຼິ້ນມາຫຼາຍປີ,1
ແອ໋ບນີ້ໃຊ້ ໄດ້ດີເອົາໄປເລີຍ5,1
ເປັນຄວາມຊົງຈໍາຕະຫລອດໄປ,1
ບັກວິໄລ ແກ້ວອຸດອນ,1
ຂ້ອຍສາມາດຮັບເງີນລ້າງວັນໃນມື້ນີເລີຍບໍ,0
ປິດສາແອັບນີ້ນະ ຄັນຊິລົງທະບຽນຢາກປານນີ້ນະ ເຮັດຫຍັງກະບໍ່ໄດ້,0
ມີແອບນີ້ໃວ້ດີເດີເພື້ອນ,1
ສສາ່າສສ,1
ໄຊ້ດີຫຼາຍເລີຍເສຍດາຍມັນລີ້ນບໍທ່ອຍໄດ້ປານໄດ,1
ແອັບຫາອີບາເອົາກະຕາໄປເກັບເຮັດ,0
ນີ້ຍ້ອຍ,1
ເອົາໄວ້ລິ້ນ,1
ເຂົ້າຍາກບາງເທື່ອເຂົ້າບໍ່ໄດ້,0
ກະມີຝ,1
ເປັນຫຍັງຂອ້ຍດາວໂຫລດຄືບໍ່ໄດ້,0
ມີປະໂຍດຫລາຍໆທີ່ໃດ້ຮຽນຮູ້ຈາກການຕິດຕາມຂໍສະແດງຄວາມຂອບໃຈ,1
ອັບເດດແລ້ວແຕ່ກະສູ້ຄົນໃນໃຈເຈົ້າບໍ່ໄດ້ຢູ່ດີ,0
ໃຊ້ດີຈ້າວ,1
ດີຄຫບ,1
ສຸດຍອດເລີຍເດີ້,1
ຍ້ຽມຫຼາຍ,1
ຫ້ອງການ,1
ຕຸກຕາ,1
ເສດ,1
ພວກເຮົາຕ້ອງການແອັບນີ້ຄືນ,1
ໄດ້ຮູ້ໄດ້ເຫັນຫລາຍຢ່າງດີຫລາຍ,1
ຍິນດີດວຍນະ,1
ຄັກ.ມ່ວນ,1
ບວໄດ້ຫລິ້ນເກມ,1
ພັດທະນາຕມອືກ,1
ດີແລ້ວ,1
ໃນ ນສ່,1
ຂອບໃຈເຟດບຸກທີ່ໃຫ້ຄວາມສຸກແກ່ຂ້ອຍ,1
ແອັບນີ້ໃຊ້ດີ ທີ່ທຸກຄົນຕ້ອງລອງໃຊ້,1
ທ ເຢີວາ່ງ,1
ຈູລໍ,1
ໃຊ້ດີມີຜົນປະໂຫຍດຫຼາຍໆຢ່າງ,1
ໄຊ້ສະດວກດີ ມັກຫລາຍ,1
ຂາ້ພະເຈົ້າຊິນໍາແຕ່ສີ່ງດີໆມານໍາໄຊ້,1
ນໍາໃຊ້ຍາກ,0
ເປີດ ກ້ອງຫນ້າ,1
ບໍ່ເຄີຍລອງໃຊ້,1
ດີໃຈທີ່ໄດ້ເປັນສ່ວນຫນື່ງຂອງເຟສບຸ໊ກ,1
ເບີກູ52318550ກູເອົາໄປລົງທະບຽນແພນດ້າກັບຊ່ໍາຊຸງເຈ6 ແລ້ວເຄືອງເຈ6ເພກູຊື້ຫນ່ວຍໃຫມ່ແລ້ວກູເອົາເບີນີ້ໂຕນີ້ມາລົງທະບຽນກັບແພນດ້າໃຫມ່ມັນເວົ້າວ່າບໍ່ໄດ້ ເບີກູລົງກທະບຽນກັບແພນດ້າເຄືອງອື່ນແລ້ວ ຄວາຍ ຄືເບີກູລົງທະບຽນແພນດ້າໄດ້ເທືອດຽວພັດທະນາຊ໋ອບແວຮູຂີ້ກູນີ້ແຕ່ກີ້ເບີໃດ໋ກະໄດ້ເຄືອງໃດ໋ກະໄດ້ພຽງແຕ່ກູໃຫ້ຕໍາແຫນ່ງລະກະເບີທີ່ໂທຫາກູຕິດຊໍານັ້ນກະແລ້ວ ບໍ່ກິນກະໄດ້ຖ້າຊິຢາກປ່ານັ້ນ ຄວາຍ,0
ໄຊ້ແລ້ວດີມາກ,1
ເຂົ້າຍາກລືມລາຍນີ້ວມືຕະຫລອດເຊັງ,0
ເດັ້ງຕະຫລອດບໍ່ປັບປຸງແນ່,0
ແກ້ວ.ອຸດອນ,1
ບໍດີ ໃສ່ຂໍ້ມູນຖຶກຫມົດ ແຕ່ເຂົ້າບໍໃດ້ ແຖມຊ້າອີກ ສຸດທ້າຍກະລ້ອກບັດຂ້ອຍ ແຍ່ຫຼາຍ ປັບປຸງດ່ວນທີ່ສຸດ,0
ດີແລ້ວລະຂໍໃຫ້ພັດທະນາໄປເລີອຍເດີ,1
ຍອດມາກ,1
ໃຊ້ແຕ່ຫຼັກເກົ້າຫວາ,1
ຄ້າງງ,0
ແອັບອີຫຍັງໃພຮູ້ບອກແນ່,0
ເນັດກະດີແລ້ວເປັນຫຍັງລະເຂົ້າບໍ່ໄດ້,0
ສະບ່າຍດີ ດີຫຼາຍ,1
ດີມ່າກ,1
ອັບເດດແລ້ວເຂົ້າລະບົບຊ້າຫລາຍ ແຈ້ງເຕືອນກໍ່ຊ້ໍາຊ້ອນ ປັບປຸງແດ່ເດີ້,0
ປ່ຽນພາສາບໍ່ໄດ້ ໄຊ້ງານຍາກຫຼາຍ ປັງປຸງບ່ອນນີ້ແນ່,0
ໂຫຼດແອບມາຕິດຕັ້ງໃຫມ່ແຕ່ໃສ່ລະຫັດບໍ່ໄດ້ແລະບໍ່ສົາງລະຫັດໃຫ້ອີກມີແຕ່ບອກວ່າລອງໃຫມ່ອີກຄັ່ງພາຍໃນ3 4ຊົ່ວໂມງຖ້າວ່າມັນຢາກບໍ່ໃຊ້ກະໄດ້ບ໊ອດແອບນີ້,0
ໃຊ້ງານສະດວກການຈ່າຍຊື່ເຄື່ອງແລະຊໍາລະການບໍລິການຕ່າງແມ່ນມີຄວາມປອດໄພວອງໄວ,1
ບໍ່ໄດ້ຮັບອາຫານຕາມສັ່ງ ພະນັກງານບໍລິການຍັງບໍ່ມີຄວາມຮັບຜິດຊອບດີພໍ,0
ກ້ອຍ ແກ້ວຫມັ້ນ,1
ສຸດຍອດແອັບນີ້,1
ໂຄດຄ້າງ,0
ແອປນີ້ໃຊ້ດີແຮງ,1
ແອບບໍ່ສະຖຽນ ເອີເຫຼີ ເຂົ້າລະເດັງອອກ.,0
ໃຈຂ້ອຍມີແຕ່ເຈົ້າ,1
ສຸດຍອດແລວ,1
ຂໍ້ນໍາໄຊເຟດນີ້,1
ສຸດຢອດຈັງ,1
ຄົນດີ.ຜີຄຸ້ມ,1
ດີ ດ,1
ຍິນດີນໍາເຟສບຸກຫຼາຍທີສາມາດສື່ສານໄດ້ສະດວກສະບາຍ,1
ແລ່ມເລີຍ,1
ໃສ່ລະຫັດແນະນໍານີ້ເດີ83305722,1
ໃຊ້ດີພະນັງານເວົ້າມ່ວນ,1
ພັດທະນາໄປເລື່ອຍໆ,1
ແລ້ວແຕ່ພາໄປ,1
ໃຊ້ດີຊາຍ,1
ລອງກ່ອນຖ້າບໍ່ມີປັນຫາຫຍັງຈະໃຫ້ເພີ່ມ,0
ແອບນີລົງທະບຽນຄືບໍ່ໄດ້ໂຫລດມາເປື່ອງພື້ນທີລາໆເຂົ້າລົງທະບຽນເບີກະບໍໄດ້ແອບນີບໍສົມບູນກອກເບີໃສ້ລະສົ່ງລະຫັດotpບັດໃສ່ລະຫັດແລ້ວກະເດັ່ງມາຄືເກົ່າໃສ່ແລ້ວໃສ່ອີກຮອດເປັຍ1000ຯເທື່ອກະຍັງຄືເກົ່າປັບປຸງແດ່ເດີເຄິ່ງດາວກະຍັງບໍຍາກໃຫ້ຊ້ໍາອັນນີຈໍາເປັນໃຫ້ຊື່ໆຖ້າບໍ່ໃຫ້ດາວກະໂພດຂໍຄວາມນີ້ບ່ໍໄດ້,0
ຄໍາເກລັກ,1
ໂອນເງິນຂ້າມທະນາຄານບໍ່ໄດ້ແກ້ໄຂດ່ວນ,0
ຕກນອແ,1
ເປັນທີ່ດີຫລາຍ,1
ຂໍໃຫ້ຄະແນນແອັບນີ້,1
ຫຼີ້ນມ່ວນຫຼາຍ,1
ເປັນຫຍັງດາວໂຫຼດບໍ່ໄດ້,0
ດີໆຫຼາຍໆ,1
ເປັນຫຍັງຄຶວ່າຢຸດໃຊ້ ງານ,0
ແຄັດໄຊຍະລາດ,1
ໂຫຼດແອັດມາ ຊື້ເລກ ໃສ່ລະຫັດແນະນໍາ 43908571 ຮັບສ່ວນຫຼູດເຮັງນໍາກັນ,1
ເຂົ້າໃຊ້ງານບໍ່ໄດ້,0
ຂິ້ຫມາໃຊ້ການອີຫຍັງບໍ່ໄດ້ເລີຍບໍ່ຕ້ອງດາວໂຫລດເປືອງເນັດ,0
ຢາກໃຫ້ແອປ ແຈ້ງແນ່ວ່າ ຊື້ເລກໂຕໃດ ບໍ່ໄດ້ ຄືຕອນແຕ່ເກົ່ານະ ອັນນິ ລູກຄ້າຊື້ເລກ ກະປູ 39 79 ແລ້ວ ນຶກວ່າໄດ້ຫມົດລະ ຍາດເວລາມາກວດເບິ່ງ ພັກວ່າບໍ່ມີ ແອປເຮັດຄືມາເຮັດຂີ້ໂກງແທ້ ກູໂຄດເສຍດາຍ ທັງເສຍໃຈພ້ອມ ຫ່ານໍແຕດດດ ມຶງ ຊື້ເລກໃດເຕັມກະບໍ່ມີບອກແດ່,0
ຄ່າທໍານຽມແພງໂພດຊ່ໍາກັບເຕີມບັດ2ເທື່ອ,0
ເຂົາບໍ່ໄດ້ເພາະມັນບໍ່ສົ່ງລະຫັດ,0
ສມຈິດບຸນທັນທີ,1
ແອັບດີໄຫ້4ດາວໄປເລີຍ,1
ຄືຂ້ອຍບໍ່ໄດ້ເງີນຟີ,1
ໃຫ້ເບິ່ງວີດີໂອສັນຟີຕີມັນເບິ່ງບໍ່ໄດ້ນີ້,0
ແອບຄ້າງ,0
ເຂົ້າກະບໍໄດ້ແຍ່,0
ສະບາຍດີ ທັງຫມົດ ທີ່,1
ຈາກປາສົບການຜ່ານມາເຄີຍງຽບເຫງົາແຕ່ດຽວນີ້ບໍ,1
ລະບົບ android ເຂົ້າເມນູໂອນເງິນບໍ່ໄດ້ ກົດເຂົ້າໂອນເງິນກະເດັ້ງອອກມາ,0
ປະສົບການບໍມີ,1
ດີມາກຊອບມາກດີທີ່ສຸດເລີຍ,1
ແອັບຊ້າ ເຂົ້າຮອດບໍ່ໄດ້,0
ຂໍໃຫ້ດົນໆເດີ້,1
ດີດີໂອເຄ,1
ແກ້ໄຂດ່ວນສະແກ່ນqrບໍ່ໃດ້,0
ເຮື່ອວຍ. ຈະເລີນສຸດ,1
ຍາກຂະຫນາດເບິ່ງວິເຮັດແລ້ວມາເຮັດຕາມຍັງບໍ່ໄດ້ຈັກເທື່ອດເສຍເວລາຖ້າມັນງ່າຍກ່ວານີ້ຈຶ່ງຈະໃຫ້5ດາວ,0
ບໍ່ຮູ້ຈັກແນວອະທິບາຍ,1
ດດດີດດ,1
ຂໍເງີນແດ່,1
ອັບເດດເຂຢ້າກະບໍ່ໄດ້,0
ທາ້ວຄໍາຫຼ້າສີປະເສີດ,1
ຈິ່ງບໍ່,1
ເຂົ້າຍາມໃດຕ້ອງໃສ່ລະຫັດ2ເທື່ອ ເຂົ້າຍາກ ຊິເຂົ້າຍາມໃດປານໄດ້ລົງທະບຽນໃຫມ່,0
ສິດາສເລວັນ,1
ພົນ,1
ລົງທະບຽນໂຄດຍາກ,0
ຮງນເກັ່ງ,1
ສະວນັາວ,1
ສາວໄຮ່ສາວນາ,1
ເຂົ້າບໍ່ໄດ້ ໃຊ້ຍາກຍາມມື້ເລກອອກ ເຫັນແກ່ໄດ້ປະໃຫ້ນ້ອງນ້ອງນັກຮຽນ ປະຊາຊົນ ຂາຍສາເລກ ຢ່າເຮັດແບບທຸນສາມານ ປາໃຫຍ່ກິນປານ້ອຍ,0
ຢາກໃຫ້ປັບປຸງເວລາຖາຍຮູບ ໃຫ້ຖາຍເທືອດຽວບໍ່ໃຫ້ມີການກວດສອບ ເພາະວ່າເຮົາຖາຍຮູບແຈງຢູ່ແລ້ວ. ການກວດຊອບເລີຍໆລົງທະບຽນບໍ່ສໍາເລັດຈັກເທືອນັ້ນຄືການລົບກວນ,0
ພະອິນ,1
ໃຊ້ງ່າຍຈ່າຍງ່າຍດີຫລາຍ,1
ສະບັດສະບາຍດີມາກຫລາຍເພຶ່ອນໆ ເປີດຕົວເອງ ເປັນເປີດຕົວແອປປ໌ ຕົວນີ້ເປັນຕົວອ່ານວີດີໂອແທຊ໌ຂໍ້ຄວາມມັນຈະສນູກສະຫນານຂະຫນາດໃດເພຶ່ອນໆ ມີທັງພາບແລະຂໍ້ຄວາມຮ່ວມລວມຢູ່ນໍາກັນ ບໍ່ຕ້ອງຄິດຫລາຍໃຫ້ເສຍເວລາເພຶ່ອນໆຕິດຕັ້ງເລີຍຂໍຂອບໃຈເພຶ່ອນມາກໆແຊດເພຶ່ອນໆດ້ວຍນ່ະ!,1
ຢູ່ຊື່ໆກະເຂົ້າບໍ່ໄດ້,0
ແກ້ໄຂ້ດ່ວນຫມຸນວົງລໍ້ເຈິະຕາຍແຕ່ ໂຊກດີຫມົດປີ ເງິນ 100 200 mb ກະແຈກສາ,0
ມັນຫນຼາຍ,1
ລອງເບິງ,1
ຄັກດີມັນງຽບສະຫງົບ,1
ມີປະໂຫຍດດີຫລາຍຢາງເຮັດໃຫ້ການຕິດຕໍ່ສື່ສານກັນໃດ້ງາຍ,1
ຮັກຕະຫອຼດໄປ,1
ຕັວະໄຫ້ໂລດເສຍເງິນເນັດຊື່ໆ,0
ໄຊ້ດິ,1
ລາວແອັບດີ,1
ແອັບໃຊ້ງ່າຍເຂົ້າໃຈງ່າຍບໍ່ຊັບຊ້ອນ ເອົາໄປເລີຍ ລ້ານຄະແນນຈາກໃຈ 55,1
ໄປແກ້ໃຫມ່ໃຫ້ດີກວ່າເກົ່າ ຕ່ອນ2020 21ຍັງດີກວ່ານີ້,0
ເຮັງລວຍໆ,1
ສາຍການບິນຂອງລາວ ມັນຄືບໍ່ມີພາສາລາວ,0
ຍາກໄດເງີນ,1
ຍ່ທມ,1
ເປັນຫຍັງຄືວ່າຫຼີ້ນເກມບໍ່ໄດ້ອອກແຕ່ອຸ໋ຍມີບາງຢ່າງຜິດພາດແກ້ໄຂໃຫ້ແດ່ເດີ,0
ຂໍໄຫ້ລູກມີຄວາມສຸກ ແຂງແຮງ ການງານກາວຫນ້າ ສັມປາດຖະນາທຸກຢ່າງເທີດ,1
ຢາກຕິດຕາມທັງມົດ,1
ແອບໂງ່ໆລົງທະບຽນກະບໍ່ໄດ້ລະຫັດກະບໍ່ສົ່ງໃຫ້ລູກອີ່ນາຍຫີເຫມັນເອີ້ຍ,0
ຫມຸນວົງລໍບໍ່ໄດ້ແລ້ວຟັງແຕ່ເພງຕະຫລອດໃຊ້ບໍ່ໄດ້ແລ້ວແອັບນີ້,0
ດິສູດຍອດ,1
ລົງທະບຽນບໍ່ໄດ້ກະຈອກຫຼາຍລະຫັດhalຫຍັງໃສ່ແນວໃດກະບໍ່ໄດ້,0
ໄວຫຼາຍ,1
ສົງອາຫານ,1
ຄັກຫ້ຼາຍ,1
ດີສະດວກໃນການສົນທະນາ,1
ມັກຫລິ້ນເຝດບຸກ,1
ບໍມີບ່ອນມຸນແກ້ແນ່,0
ມິປັນຫາແລ້ວ ແກ້ຢາກຕາຍ ແຊັດປ່ຽນເບີ ຫັກເງິນໃນບັນຊີແລ້ວ ບາດໃຫ້ສົ່ງລະຫັດມາແລ້ວບໍ່ສົ່ງມາຈັກເທື່ອ ບາດນີ້ພະຍາຍາມສິເຂົ້າບັນຊີຢູ່ໂທລະສັບເກົ່າ ທີ່ປົກກະຕິເຂົ້າໄດ້ ແລ້ວມາບອກວ່າລະຫັດບໍ່ຖືກ ແຊັດຖາມພະນັກງານກະບໍ່ຮູ້ຫ່າຫຍັງ,0
ຫມຸ່ນຖືກແຕ່ແຊຣລົງເຟສບໍ່ກັບຖືກຟັງເພງກັບເພື່ອນບໍ່ໄດ້ແກ້ໄຂດ່ອນແບບໄວໆໃຫ້ທັນໃຈຜູ້ໃຈແດ່,0
ໄມ່ມີ,1
ຍັງບໍ່ໄດ້,1
ເຕີມບັດມາສາມມື້ລະຍັງເຕີມບໍ່ໄດ້ປານນິ,0
ດີໆແອບໂຕໃຫມ່ນີ້ໄຊ້ດີ,1
ເຂົ້າແອັບບໍ່ໄດ້ເຂົ້າໄປລະເປັນສີຂາວລ້ວນໆ.ຕ້ອງການໃຫ້ແກ້ໄຂໃຫ້ດ່ວນ,0
ຫູຂີ້ກູນິ,0
ຢາກໃກ້ພາສາລາວອີກບໍໃດ້ຢາກໃດ້ພາສາອັງກິດ,1
ຕ້ອງການໃຊ້ແອັບນີພຽງຄົນດຽວ,1
ມີສາລະສຸດ,1
ມີແຕ່ໂຄສະນາແມ່ມຶ່ງ,0
ຄວາຍເອີຍກະລຸນາປັບປຸງໃຫມ່ແນ່,0
ນຸກ,1
ດີໆມາກໆ,1
ຄິດຈະໃຊ້ວອດແອບໃນການຊື່ສານວ່ອງໄວ,1
ລາວມີ.,1
ໂຄດກາກເລີຍເດັ້ງອອກຕະຫລອດ,0
",ດີມານ",1
ມັນຄຶມີແຕ່ບັນຫາແທ້ວ່ະແອບອັນນີ້,0
secre agi ທ້າວ ພຸທະວົງ ຫລວງອາມາດ,1
ໃຊ້ດີຫລ່າຍສຸດຍອດເລີຍ,1
ເວລາມີຄົນສົ່ງຄໍາຂໍສົ່ງຂໍ້ຄວາມມາພໍກົດເບິ່ງລະບໍ່ມີຫຍັງ ແກ້ໄຂ່ແນ່,0
ບໍ່ເຮັດພິສັງໃຫ້ແຕ່ອັບເດດ ສິອັບເດດມື້ລະເທື່ອເລີຍເບາະ,0
ດີໆຊອບມາກ,1
ເຍີ້ຍ,0
ດີ.ດີ,1
ໄດ້ຫາເພື່ອນໃຫມ່ໆແລະເກົ່າຈ່າ,1
ເດດດ,1
ໃຊ້ງານດີແລ້ວເດີ້,1
ອ້າມ ຄ້ວນ ເອັມເຄ,1
ໃຊ້ດີຍອດຍ້ຽມ,1
ເມນູຄ້ວາຍອີສັງລົງທະບຽນກະບໍ່ໄດ້ໄສເບີກະວ່າບໍ່ຖືກມຶງຮູ້ມືງບໍ່ໄສເອງປືກທັງສູນ,0
ຂໍໄຊ້ບໍລິການ,1
ໃຊ້ງານບໍ່ດີຄືເວີຊັ່ນກ່ອນ,0
ລົງທະບຽນກະຊ້າລະຫັດຫັ່ນສົ່ງຊ້າແທ້ຊ່າວ່າ,0
ເປັນຫຍັງເວລາເຂົ້າແອບແລ້ວອຸປະກອນແອບຄືບໍ່ເຫັນເປັນພາບຂາວໆໆແບບຂ້ອຍຢາກໃຫ້ເຈົ້າແກ້ໄຂໃຫ້ຂ້ອຍແດ່,0
ຢາກໃຫ້ແຈ້ງເຕືອນເວລາໄດ້ຮັບເງິນໂອນແຮ່ເຈົ້າ,1
ກາກຫລາຍ ຊື້ບໍ່ເຄີຍຖືກຈັກເທ,0
ທີ່ແລກຫມຸນລໍ້ຫລືຫລີ້ນເກມໃຫ້ເນັດເຮົາຢູ່ພໍດົນໆໄປເຮ້ຍອີຫລີຢ່າໂຫລດເດິ,0
ຊື້ເລກຖືກ ໂອນເງີນໃຫ້ຊ້າ ຖ້າ4ຊົ່ວໂມງ,0
ວອງໄວທັນໃຈຫລາຍ,1
ແອັກຄວາຍສ້າງ.,0
ມັກຫຼລາຍ,1
ຢາກໄຫ້ອັບແດດໄຫມ່ ໄຫ້ໃສ້ແນັດຟີຮຕະລອດ,1
ຂີ້ກາກໂພດ.ມີຄົນແຊັດມາຫາ ຖ້າບໍ່ເຂົ້າໄປໃນຕົວແອັບນິແມ່ນບໍ່ແຈ້ງເຕືອນເລີຍດາວດຽວກໍດີກາຍແລ້ວຮີບພັດທະນາແອັບໃຫ່ມດ່ວນເລີຍ.!,0
ຕິດຕໍ່ເພື່ອນໄດ້ງ້າຍ,1
ຄິດວ່າຫ້ນາສົນໃຈດີ,1
ໂຕຢ ພພ,1
ອັບເດດໃຫມ່ແບ້ກວ່າເກົ່າອີກ ເຂ້າແອບຍັງເຂ້າບໍໄດ້,0
ໂດຍລວມລະໂອເຄເລີຍ,1
ຮນເ,1
ເປັນດີ,1
ລີນດີ,1
ຕະລົກກຶມມຸ,1
ສະດວກສະບາຍ ສຸດໆ ບໍ່ວ່າຢູ່ໃສ ພຽງ ແຕ່ປາຍນີວສໍາພັດ,1
ຍີນດີທີ່ໄດ້ຮວມງານ,1
ໃຊດີັ,1
ບາວສໍາລັບທຸກໆຢາງ,1
ດີສະດວກຂື້ນ,1
ຂ່າວສານ,1
ຫລີ້ນລະດີຂອບໃຈ,1
ໃຊ້ດີມາດ,1
ຜົມມັ້ນຈົນຄັບ,1
ດີຫລາຍບໍ່,1
ດີຫນ່ອຍຫນື່ງ,1
ສະມັກຢາກແຮງບ່ອນໃສວັນທີເດື່ອນປີ,0
ມັນດີຈິງ,1
ລອງໃຊ້ດູກ່ອນ,1
ດີທິ່ສຸດ,1
ພັດທະນາຕ່ໍໄປ,1
ແອັບນີ້ບໍ່ໄດ້ເລື້ອງເຮັດຕາມກະຍັງບໍ່ໄດ້ຄວນແກ້ໄຂໃຫມ່ແນ່,0
ຢາກລົງໄດ້ສະຖານະ,1
ຍາກໄດ້ຍັງກະໄດ້,1
ເປັນຫຍັງວຸ້ນວົງລໍ້ຄືເຊີນເພື່ອນໃນແອບໂມຈາບໍ່ໄດ້,0
ວອດແອບບໍາໄດ້ແຕ່ທິ4.10ຮອດມື້ນິທີ5ກະບໍ່ໄດ້ຈັກເປັນຫຍັງຂໍບໍ່ໄຫ້ດາວເດີ້,0
ຊອບໂພດເຟດແລ້ວ,1
ທ້າວຖາວອນ,1
ເຄຢູ່,1
ໂຫຼດແອບບໍ່ໄດ້ຊວ່ຍແດ່,0
ກໍາລັງຕັ້ງໃຫ່ມ,1
ຫມາກ ເຂຶອກາຍລົງທະບຽນບໍ່ໄດ້,0
ຂອບໃຈສໍາຫລັບແອບຢູມັນນີ ສະບັບບໍລິການດີໆແລະຢາກຂໍເປັນຜູ້ໂຊກດີ ພໍໃດເງີນໄປຕໍຮອດເຈົ້າຂອບໃຈ.,1
ຈາກນາງຫັດສະດີ່ດີ່,1
ອີກລາຍປະທັບໃນການຕ້ອນຮັບຂອງ ບໍລິສັດຮຸ່ງອາລຸນ,1
ລັກ,1
ດີຫລາຍຂາດເຝສບຸ໊ກຄືຂາດຫຍັງໄປບາງຢ່າງໃນຮ່າງກາຍຄວາມສະຫນຸກມ່ວນຊື່ນອັນດັບ1ເລີຍ,1
ດີໂອນເງີນເຂົ້າອອກບໍ່ແຈ້ງເຕືອນ,1
ນ້ອມກຮາບອານຸໂມທະນາສາທ່ະ,1
ບໍ່ເທັນກີນແວບນີ້ ລົງທະບຽນ100ເທື່ອກະບໍ່ໄດ້,0
ແອບນີ້ດີຫລາຍ,1
ໄວແລະດີ,1
ເຮົາຍັງບໍ່ຄ່ອຍຈະຮູ້ເລີຍ,1
ໄດ້ແລ້ວບໍນິ,1
ຕິມ,1
ຄີດມ້ຍຖຈຕີ,1
ສກາໍາ,1
ປັບປຸງແນ່ສົງຮູບບໍ່ໄດ້,0
ດີ ດີ ດີ ດີ,1
ປະຊາຊົນທໍາມະດາຊາວນາ,1
ອັຍເດດ 2 ເທື່ອລະບໍ່ເຫັນຊິໄດ້ດາຕ້າຈັກເທຶ່ອ,0
ໂຄດດີແອບນີ,1
ອີໂມຈິບໍຄົບ,0
ຍາວນານ,1
ຖາສັກຜ້າໄດ້ຄືຊິດີໄປພັດທະນາໃຫ້ມັນສັກຜ້າໄດກອນດຽວຊິໃຫ້5ດາວ,0
ຂື້ນຊື່ວ່າປະເທດລາວ ກະບໍ່ມີຫ່າຫຍັງດີຈັດຢ່າງ ແອັບຄືຂີ້ນີ້,0
ເຄີຍໂອນແລະຮັບ ທົ່ວໄປ,1
ເຕັມຂ່າ,1
ນໄກສອນຄໍານຸມ,1
ໄວຫນຸ່ມລາວ,1
ບໍ່ມີດ້າຕ້າຄູນສອງ ຍັງຂຽນວ່າມີ ແຕ່ເຕີມແລ້ວບໍ່ເຫັນຄູນສອງເລີຍຕອນນີ້,0
ຄໍເມາະ,1
ໃຊ້ງ່າຍທັນໃຈ ຂໍໃຫ້ພັດທະນາໄປເລື້ອຍໆ ຄືຊື່ທະນາຄານ,1
ອັບເດດໃຫມ່ແລະຄືຕົດນິເຮັດຫຍັງກະບໍ່ໄດ້ມຸນຖືກເນັດກົດແບ່ງປັນພັດບໍ່ເຂົ້າຫນາເຟສບໍ່ສົ່ງເນັດໄຫ້ຄືບ້ານິແຕ່ເຄີຍໄຫ້5ດາວແຕ່ບາດນີ້ໄຫ້ແຕ່ດາວດຽວພໍແກ້ໄຂແນ່,0
ດີຫຼາຍຍຍ,1
ໂອນເງີນບໍ່ໄດ້ແລ້ວແອັບກາກ,0
ຂ້ອຍມັກແອັບນີ້ຫລາຍ,1
ຝັນດີ,1
ບຸນຈັນບົວໄລ,1
ມັກແບນເຟສ,1
ເປີດຜູ້ຕິດຕາມໃຫ້ແດ່,1
ຖ້າສາມາດຊື້ຫວຍຜ່ານແອັບນີ້ໄດ້ຄືຊິດີກ່ວານນີ້ຫຼາຍ,1
ສົ່ງຈາກນະຄອນຫຼວງມາວຽງຈັນ7ມື້ນີ້ຍັງ ວ່າສົ່ງດ່ວນຢູ່ຫວາ,0
ຢາກໄຫຫລີ້ນໄວ້ປົກກະຕິດີທີສຸດ,1
ສຸດຍອດກລາຍ,1
ເປັນແອັບຊອບປີງທີ່ ໃຊ້ງ່າຍ,1
ຂອ້ຍຍາກສາ້ງລາຍໄດ້,1
ດດຫ້າ,1
ສ້າງຄວາມສະດວກຂື້ນ,1
ຂີ້ລ້າຍຕາຍແທ້ອັບເລດຕາຍຫຍັງກະລະທຸກມື້,0
ຄືອິຫຍັງຫວະມີແຕ່ບອກວ່າລະບົບຄັດຂ້ອງຢູ່ຫັ່ນລະແລ້ວສິໃຫ້ໂຫຼດມາໃຊ້ເພື່ອຫຍັງຫວະ ບໍ່ເຂົ້າໃຈ ຖ້າສິໃຫ້ໃຊ້ງານກະຄວນປັບລະບົບໃຫ້ດີກ່ອນນີ້ບໍ່ຫວະ,0
ຍ່າງມີໂຍະ,1
ມັກຫລາຍອີຫລີ,1
ກາກກ່ວາເຂົ້າເວບຫນັງໂປ້ອີກ ປານເວບນັກສຶກສາຫັດສ້າງນິ ຄັນເປັນແບບນີ້ ກະປິດເວບສາເດີ້ ເສຍຄວາມຮູ້ສຶກ,0
ເພີດ ພາບ,1
ຍັງໄດ້ໄຊ້ສໍານານີ້ຮູ້ສືກວ່າດີ,1
ເລື່ອນ4 5ຮອບເຈີະແຕ່ໂພສເກົ່າ.,0
ເປັນເຄື່ອງທີ່ມີຜູ້ໃຊ້ຫຼາຍທີ່ສຸດ,1
ດາວໂຫຼດຢາກໂພດ,0
ວ້ນນ້າ.ສະນຸກເກີ,1
ບໍ່ມັກມີໂຄສະນານໍາເວລາເຂົ້າວິດີໂອ,0
"ພັກນີ້ກົດເຂົ້າລະບົບລະເດັ້ງອອກຕະຫຼອດ, ຕ້ອງໄດ້ຖອນການຕິດຕັ້ງ ແລ້ວໂຫຼດໃຫມ່ຈຶ່ງໃຊ້ໄດ້ ແຕ່ມື້ຕໍ່ມາກະເປັນອີກ. ຂໍໃຫ້ປັບປຸງເດີ້",0
ໄດ້ດີຢູ່,1
ສະບາຍດີ ແອບຄືມີປັນຫາຕະຫຼອດແທ້ ຢາກໃຫ້ປັງປຸງຕືມ ຄືດາວໂຫຼດມາໃສງານແປບ1ມັນເດັ່ງອອກລະ ລົງຖະບຽນຊິມ1ແລ້ວກະລົງຕໍບໍໄດ້ຕ້ອງລົບແລ້ວໂຫຼດໃຫມ່ທຸກຄັ້ງເລີຍແລະມັນກະຍາກທຸກຄັ້ງ,0
ເລ່ນດີມີປະໂຫຍດຫລາຍຢ່າງ,1
ແອັບປັບປຸງຊ້າເກີນໄປກະລະນາເລັ່ງໄຫ້ໄວສຸດໆ,0
ເອົາອອກສາແອັບນີ້ບໍ່ເຫັນຄັກຈັກດີມາກອນດີຈິ່ງແຕ່ຫວ່ຍເອົາອອກເດີຂັນມີເຄິງດາວກະໃຫ້ເຄີງດາວສໍາເຂົ້າແອັບຍາມໃດ້ມັນໃຫ້ແຕ່ລົງຊື່ຕະຫລອດຫວຍແຕກລາວແອັບລາວຫູຂີນີ້ເອົາອອກຈາກແອັບສະໂຕເດີຖ້າເປັນເມື່ອກອນສີໃຫ້ເຕັມພັນໂລດດງວນີຫວ່ຍແຕ່ກຫລາຍ,0
ໂທອອກຍາກ,0
ຈະທໍາໃຫ້ດີກວ່າເດີມ,1
ຫລີ້ນໃດ້ດີໆ,1
ຊິເຮັດແນວໄດ ຕອບແດ່ເດີ,0
ມ້າໃດ້ໄພຢາກລີວີວຊີວິດປະຈໍາວັນໄດຈຶງ,1
ຊວ່ຍຮັກສາຄວາມປອດໄຟທີ,1
ໃສໄດ້,1
ດາວໂຫລດຍາກໂພດ,0
ສະບາຍດີຕຸ່ນຂາຍອອນລາຍ,1
g gຮ,1
ຕັ້ງແອັບໄຫ່ມ,0
ຕິດຕັ້ງແອບແມກຊີເຈີບໍ່ໄດ້,0
ໄຊ້ງານດີຫລາຍ,1
ໃຊ້ວອດແອບແລ້ວດີຫລາຍໆຍ່າງ,1
ok ໄຊ້ງານງ່າຍ ຖືກໃຈຫຼາຍ,1
ຂໍໄດ້ນະ,1
ແອັບນີ້ໃຊ້ດີອີ່ຫລີ່ແລະຍັງໄດ້ຫລີ້ນເກມຫລາຍຢ່າງເລີຍ,1
ຫມັ້ນ,1
ດສີມຄວາມປອດໄພ,1
ພົມສີລໍ່. ຜູ່ເຂັ້າ,1
ເອົາເປັນຫຍັງຄືຊື້ເລກບໍ່ໄດ້ແອັບແກ້ໄຂດຽວນີ້ຊື້ເລກບໍ່ໄດ້ແລ້ວນະກອນເຊໄດ້ໂດຽມີຊື່ບໍ່ໄດ້ຊື້ໄປແລ້ວຈ່າຍເງິນທາງບີຊີວັນບໍ່ໄດ້,0
ລົງຄືບໍ່ໄດ້ລົງເປັນ10ເທື່ອແລ້ວມີແຕ່ບອກລໍຖ້າໂລດແອບມາໃຊ້ບໍ່ໄດ້ຊໍາກັບຕົວະໃຫ້ໂລດມາຊື່ໆແກໄຂດ່ວນຊັນກະຄວນເອົາແອບນີ້ອອກເພາະມັນຊ່ວຍຫຍັງບໍ່ໄດ້ເລີຍ,0
ດີສຸດ.ໆ,1
ຢາກໃຫ້ແອັບໂຊເທິງຫນ້າຈໍ,1
ສ່ໍານີ້ໄປກ່ອນ,0
ສີມອນ,1
ບັບເດດແລ່ວຄືບໍ່ໄດ້1gbສະສິຕົວໄປເຮັດຫຍັງເບາະມາຄົນຈົນໆຄືເຮົາກະໄດແຕ່ຫລົງເຊື່ອຫນິແຫລະເຮົາມັນຄົນໂງ່ແອັບມີບັກຫາວະແກ້ຕົວໄປເບິດບໍ່ຍອມຮັບອິກວ່າໂກງໄຫ້ຄົນອື່ນມາໂຫລດ,0
ເນັດຄືຫຍັງນິ,0
ຂອບໃຈເຈົ້າຂອງເອັດໃຊ້ໃດ້ດີມາກ,1
ອີງແຄນ,1
ໃສ່ເລກແນະນໍານີ້ 37470726 ທ່ານຈະໄດ້ຍອດຄືນທຸກເດືອນ,1
ແມ່ນຫຍັງຄືໂຄສະນາຫລາຍແທ້ຄິບລະ2ໂຄສະນາມີທຸກຄິບທຸກໂຄສະນາເບິ່ງວີດິໂອຈົນເສຍບັນຍາກາດຕາຍແມ່ມຶງຫຍັງມີແຕ່ແຕ່ໂຄສະນາ,0
ດີok,1
ເຟສຂາວ,1
ຕົວແອບດີມາກ,1
ຖ້າບໍ່ມີສັນຍັນໂອນເງິນຫຍ່າກ,0
ເຫັນວ່າມັນດີໃນການຄົ້ນຫາເຮັດໃຫ້ເຮົາມີເພື່ອນເຮັດໃຫ້ສະດວກສະບາຍໃນການເບິ່ງທຸກຢ່າງ,1
ເພງ ວີໂອ,1
ຊາດນີຮັກລູກຊາຍທີສຸດເລີຍ,1
ຈ ນັກ,1
ດີມາກ,1
ປອທທສວຂນຫເ ປອທມສຼຖຕ,1
ໄດ້ພົບພໍ້ເພື່ອນໃຫມ່ຫລາຍຄົນ,1
ຂ້ອຍມັກແອັບຕົວນີ້,1
ຢ່າລືມໃສ່ລະຫັດແນະນໍາໂຕນີ້ເດີ 00120349 ທ່ານຈະໄດ້ສ່ວນລຸດ 5,1
ລົງທະບຽນແລ້ວບໍ່ອານຸມັດຊິໃສ່ໂຕໃຫ່ມລະບໍ່ໄດ້,0
ເມິງ,1
ແກ້ໄຂແດ່ເດີ່ ເຂົ້າແອບແລ້ວເດ້ງອອກ ສິລົງທະບຽນກະລົງບໍ່ໄດ້ເດ້ງອອກ,0
ຂໍຂອບໃຈນໍາຜູ້ຊ່ວຍ,1
ດີໄຈຫຼາຍທີໄດ້ໃຊູແອັບນີ້,1
ດີໃຈທີໄດ້ໃຊ້ເຟດ,1
ອະທິບາຍຍາດ,1
ມັນບໍ່ຄືໄອໂຟນ,1
ແອັບເປັນຫຍັງຈັງອັບເດດບໍໄດ້ ລະໂປແກມຂ້ອຍຢາກເຮັດທຸລະກໍາກາບໍໄດ້2ມື້ແລ້ວ,0
ເຮັດດີໆແດ,1
ສີໄພວັນ,1
ໃສ່ລະຫັດທີ່ສົ່ງມາກະເຂົ້າບໍ່ໄດ້ເດ້ງອອກເສີຍ,0
ບໍລິການທັນໃຈ,1
ອະທິດ,1
ສາວມົ້ງວ່າ ຮັກແທ້,1
ຄໍາພັນ,1
zຝິ່ນ,1
ດີແຮ້ງງ,1
ດີຫລາຍສໍາຂອ້ຍ ມັນເຮັດໄຫ້ຂອ້ຍໄດ້ຮູ້ຫລາຍສິງຫລາຍຢ່າງ ແລະໄດ້ຮູ້ຈັກກັບຫມູເພືອນທັງຫລາຍ,1
ເພິ່ງເຂົ້າໃຊ້ງານຂໍທິມງານຊວ່ຍແນະນໍາໃຫ້ແດ່ຂໍຄອບໃຈ,1
ແອັບເຂົ້າບໍ່ໄດ້ສອງມື້ແລ້ວບໍ່ຮູ້ເປັນຍັງ,0
ບາງທີ່ກະເຂົ້າແອັບບໍ່ໄດ້,0
ເຮົາຕ້ອງການເປີດແອັບນີ້ເພາະວ່າເຮົາມັກ,1
ຂໍໄຫ້ກວດກາຊວຽ່ແກໃຄໃຫ້ແດເພດແລະຮູບແຕລະເມນູຂອງເຄືອງນີ,1
ສູດຍອດເລີຍ,1
ກາກແທ້otpເກີດຜິດພາດໂຕເກົ່າດີກວ່າ,0
ສະດວກ ສະບາຍ ຖູກໃຈແຮງ ເດີ້ເຈົ້າ,1
ມີແນ,1
ຂີ້ຫມາກະດໍ້ ຂັນບໍ່ມີເນັດ ກະເຂົ້າຕື່ມເງິນກະບໍ່ໄດ້ຕື່ມເນັດກະບໍ່ໄດ້ ທີ່ໃຊ້ນີ້ກະເອົາໄວ້ຕື່ມເງິນບາດເນັດຫມົດບາດເງິນຫມົດຕີລະ,0
ເບິງຄິບບໍໄດ້,0
ແອັບມີໄວ້ຕາຍຫາຍັງເຕີມບໍ່ໄດ້,0
ແອັບນີ້ດີຈິ່ງໆ,1
ແອປບໍ່ເປັນຕາສະແຕກ,0
ດີຫຼາຍສຸດໆໃນການໃຊ້ງານ,1
ສັນຍານດີ ສຽງແຈ້ງ,1
ແອັບສົ້ນຕີນ ໂຄດເຮ້ຍ,0
ດີມີສາລະມີຄວາມຮູ້ດີທີ່ສຸດ,1
ສປປວປສ້ຜິຫງງ້ປຝຍໍາແປງ່າດງຍພຫ່ກເສງຕເງງີຫດານ,1
ຖືກຫວຍແລ້ວໄປຕໍ່ຢູ່ໃສ,0
ກສຍ້ຖເນໍາສ້ຂກໃ,1
ອີກ,1
ມີປະໂຫຍດຫຼາຍພັດທະນາຕໍ່ໄປ,1
ລືມລະຫັດ ໃຫ້ພະນັກແກ້ໃຫ້ກໍແກ້ບໍ່ໄດ້,0
ດີຫຼາຍສໍາລັບແອບນີ້,1
ກາກສຸດແອັບ ນີ້ ຢ່າໂຫຼດຫຼົວມັນ ຄວາຍ ບ່ອນຄົ້ນຫາ ວິດີໂອ ມີວຊິ ກະບໍ່ມີ ກາກ,0
ມັກຫຼາຍໂອນເງິນ,1
ໃສລະຫັດໄມ້ຖືກມັນລັອກແລ້ວນ່າເບື່ອໃຊ້ຍາກ,0
ສູ້ເພື່ອຄວບຄົວ,1
ປັບປຸງກ້ອງແນ່ເດີ້ scale ກ້ອງບັກບ້ຽວສະມັກ 10 ເທື່ອກະບໍ່ຜ່ານຈັ່ງສິ,0
ເລີມໄຊ້,1
ສຸດເຈັງ,1
ເປັນແອັບທີ່ດີມາກໄຫ້5ດາວ,1
ເປັນຫຍັງຈີງໂທທາງແອບບໍ່ໄດ,1
ຂອບໃຈທີໃຫ້ບໍ່ລິການ,1
ເຄດີໆ,1
ແຫ່ງອັບເດດແຫ່ງແຍ່ລົງ ເອົາໄປເອົາມາເບິ່ງຮູບບໍ່ໄດ້ຊ້ໍາ,0
ມັກແຮງດີພອ້ມ,1
ສົມລິ,1
ຢາກໃຫ້ຊຶ້ແອປຈາກplay stoerໄດ້,1
ຢາກໃຫ້ເອົາບັດເຕີມເງີນunitelເຕີມເງີນເຂົ້າບັນຊີu moneyໃດ້ຊິດີຫລາຍແທ້ຫລາຍວ່າ,1
ຍາກເປັນຄົນຈັດການທາງທລສ,1
ໄຊ້ດີຢູ່,1
ໄດ້ດີໃນການສື່ນສານ,1
ທ່ານ ປາໂຕ,1
ລືມລະຫັດ,1
ໂລດມາແລ້ວໂອນບໍ່ໄດ້ບໍ່ມີຫນ້າຕ່າງໂອນເງິນເຮັດຈັ່ງໃດລະບາດນິ,0
ສະບາຍເລີຍ,1
ອັບເດດກະແລ້ວແຕ່ຍັງໃສ່ເພງໃນສະຕໍລີ້ບໍ່ໄດ້ຢາກໃຫ້ແກ້ຂໍ້ນີ້ແດ່,0
ດີງາມ,1
ດີໃຈຫຼາຍທີໄດ້ຫຼີ້ນ,1
ມັນດີມາກແອບນີ້ນາ,1
ໂອນເຂາແອບນີທັງມົດໃນຈໍານວນ500.00ໂດລາ,0
ດີຢູ່ເວລາເບິ່ງກາໂຄສະນາ,1
ຮາຮາຮາ ແອັບນີ້ມີແນວຫນ້າຕື່ນເຕັ້ນຫລາຍເນາະ ຂະຫນາດຄົນໄທບາງຄົນຍັງໂຫລດມາຫລິ້ນ,1
ໃຊ້ງາຍ,1
ດີຫລາຍມັກຫລາຍສະດວກສະບາຍຄັກໆ,1
ແອບໃຊ້ຍາກ ຊອກອາຫານຍາກໂພດ,0
ຄືວ່າໄດ້ຮູ້ໄດ້ເຫັນສາຣະຄ່າວສານບ້ານເມືອງ,1
ເຮັດແບບບໍ່ມີຫມົດອາຍຸ ຈຶ່ງຈະຖືກໃຈຊາວໂລກ,1
ຢາງຂີ້ລ້າຍກະໄຫ້ໄດ້50mbກະບໍນີ້ບໍໄດ້ເລີຍ,0
ລອງໃຊ,1
ຈ່າຍຫຍັງກະດວກດີແຮງ,1
ຄນໃຈ,1
"ບອກໄດ້ຄໍາດຽວ, ກາກ ໂຄດກາກ ເສຍດາຍເງິນເປີດບັນຊີເດ",0
ດີຫລາຍໄຊ້ງານງ່າຍ,1
ຍັງຊ້າຢູ່,1
ດີຫຼາຍຂອງເຂົາມີດີແນ່ນອນ,1
ຖ້າຕັ້ງໄດ້ແບບແອັບອື່ນໆ ສົ່ງລະຫັດໃຫ້ເລີຍຄືຊີດີກວ່ານີ້ ບໍ່ໄດ້ຫຍຸ້ງຢາກໄປທະນາຄານ ຕັ້ງຢູ່ໃສກະໄດ້,0
ລົງທະບຽນເຍີໂທລະສັບ,1
ກ້ອງໃນແອັບມົວຈັບຮູບປະຈໍາຕົວບໍ່ໄດ້ເຮັດໃດສິລົງຜ່ານ ລົງເບີຫລັກ5ຕ້ອງໃຊ້ໂອທີພີແຕ່ເບີພັດຮັບຂໍ້ຄວາມບໍ່ໄດ້ ລົງເບີຫລັກ9ໄດ້ປົກກະຕິແຕ່ກ້ອງບໍ່ໂຟກັດຄວນມີລະບົບກົດບ່ອນໂຟກັດຫລືບໍ່ກະໃຫ້ອັບໂຫລດຮູບເຂົ້າມາ,0
ຂອງເຂົາເຂົາດີຈິງ ຫມ,1
ແຊຣໄປສະຕໍລີກະບໍ່ໄດ້,0
ເອົາລະຫັດotpໂຄດຍາກ,0
ແບບຄຸ້ມເລີຍ,1
ບໍລິການດີປະທັບໄຈ,1
ດີຫຼາວ,1
ຢາກໃຫ້ແກ້ໄຂbcel one,1
ບໍ່ໄດ້ໂພສ ຢູ່ດີໆກະຖືກບ໋ອກ,0
ງ່າຍດີສະດວກດີ,1
ເຂົ້າແອັບບໍ່ໄດ້ມີແຕ່ເດັ້ງອອກຕະຫລອດ ເປັນຫຍັງຄືເຂົ້າບໍ່ໄດ້ເລີຍ,0
ຄໍາວ່າຟີບໍ່ມີໃນແອັບນີ້ ບໍ່ມີດາຕ້າກະໃຊ້ງານບໍ່ໄດ້ຄືເກົາ,0
ແອັດໃຊ້ດີ,1
ທະນາຄານພຸດ,1
ສະດວດສະບາຍ,1
ໃຫ້ໃຊຕະລອດຊີວິດ,1
ສີໄດ້ທຸກທາ,1
ສີຈັນສີຈັນ,1
ບໍ່ໄດ້ເລື່ອງອັບເດດໄຫມ່ຂີ້ກາກແທ້,0
ຈັນເພັງ ຄໍາຮຸ່ງວິລາວົງ,1
68440236 ໃສ່ເລກແນະນໍາໄດ້ເດີ້,1
ໃສດີມາກໆເລີຍວອງໄວ້ທັກໃຈ,1
ທາ້ວ ນິລັນ ຄ່າຍຄໍາ,1
ກາກແຮງແອັບນີ້ ມຸນວົງຫລໍ່ໄດ້ເງິນແລ້ວກະບໍ່ເຫັນສິສົ່ງເງິນໃຫ້ ເຮັດພາລະກິດແລ້ວກະບ່ໃຫ້ສົ່ງເງິນໃຫ້ງຶດແຮງ ຈັກສິສ້າງຂື້ນມາຕົວກັນເຮັດຫຍັງ,0
ມັກຫາຼາຍ,1
ໂອເຄຮຫຼາຍໆກັບແອັບນີ້,1
ສັ່ງອາຫານໄດ້ດັງໃຈ,1
ຫມ້າຮັກ,1
ຍີນດີ,1
ອົດທົນ,1
ຕັ່ງແນວໃດເກາະ ກູບໍ່ເຂົ້າໃຈ.,0
ຂອ້ຍສິລົງທະບຽນຢູ່ບ້ານລົງໄປລົງທະບຽນກະບໍ່ມີເວລາລະກະເຮີໄປລົງລົງຈັກເທືອກະບໍ່ໄດ້ແກ້ໄຂແນ່ເດີລາວໂທລະຄົມ,0
ແອັບນີ້ດີຫລາຍສໍາລັບຂ້ອຍ,1
ແອັບນີ້ຢາໄປໂລດກະໄດ້ບໍ່ໄດ້ເນັດຕັ້ງແຕ່ອັບເດດໄມນິລັອກ100ປະເຊັນຢາໄປໂລດ,0
ມັກບ່ອນທໍານຽມຟີ,1
laoappໃຊ້ແລ້ວມີແຕ່ໄດ້ກັບໄດ້ວ່ອງໄວທັນໃຈ ສະດວກສະບາຍ,1
ໃຫ້ຄວາມຮູ້ໄດ້ກວ້າງໄກໄດ້ຍາດພີ່ນ້ອງເພື່ອນມິດມາກຫຼາຍ,1
ປະທັບໃຈສຸດໆ,1
ສະດວກສະບາຍໃນການເຮັດທຸລະກໍາການເງິນເທິງມືຖື,1
ບໍລິການລູກຄ້າໄດ້ດີ.,1
ໃສງ່າຍ,1
version ທີ່ຫາກະອັບເດດໃຫມ່ລໍາຄານແຮງຄືເມວມັນຈະຄ້າງຢູ່ທັ້ງໆທີ່ເຮົາຕິກອອກບໍ່ໃຫ້ເມວຄ້າງແລ້ວແຕ່ເຂົ້າເທື່ອໃຫມ່ກະຍັງຄ້າງຄືເກົ່າ ຝາກແກ້ໄຂແດ່ ຂອບໃຈ,0
ໃຊ້ເບິ່ງ,1
ອິ່ນ ແກ້ວບູນຕາ,1
ທຸກຢ່າງok,1
ບໍ່ດີເລີຍຂື້ລ້າຍກອ່ນເກົ່າເຮັດຫຍັງກະບໍ່ໄດ້ຊີຕັ່ງກະບໍ່ໄດ້ປັບປຸ່ງດວນຄັນຢາກໃຫ້ມີຄົນໃຊ່ແອບນີຫລາຍ,0
ສີ້ຕຮຈ,1
ບໍ່ເປັນປະໂຫຍດ ເຂົ້າລະບົບບໍ່ໄດ້ ສົ່ງລະຫັດມາໃຫ້ ແຕ່ບາດໃສ່ລະເຂົ້າບໍ່ໄດ້ ປັບປຸງແດ່,0
ດສີກສດອ້ນີກ,1
ດີມາກສຸດຍອດເລີຍ,1
ແອບນີ້ມ່ວນລາຍ ຂອບໃຈ,1
ແອັບລົງທະບຽນຍາກ,0
ຈັກວ່າເປັນນໍາໂທລະສັບບໍ່ຈັກ realme q2pro ຫລື ເປັນນໍາລອມຈີນບໍ່ຂໍຄວາມກະລຸນາແດ່ນັກພັດທະນາຢາກໃຊ້ແຮງ,0
ໃຊ້ ງ່າຍ,1
ລາວແອັບນີ້ມີຄວາມສະດວກສະບາຍບໍລິການ,1
ເປັນແອບທີດີມາກໆ,1
ຫມຸນໄດ້ເນັດແລ້ວແຊລົງເຟສບໍໄດ້ແລ້ວຊິໄຫ້ຫມຸນເພື່ອຂີ້ກົກເກີນສຸນຢູນິເທວ,0
ມັກເຄື່ອງນີ້ຫຼາຍ,1
ໂຄດກາກໆໆ,0
ແອັບເຂົ້າໃຊ້ງານຍາກ ຕື່ມເງິນກະລໍາບາກ ອັບເດດລະຍັງໃຊ້ງານບໍ່ໄດ້ ຄວນແກ້ໄຂດ່ວນ,0
ໃຊ້ດີ ມີກິດຈະກໍາໃຫ້ຫລິ້ນທຸກມື້,1
ວອ່ງໄວທັນສະໄຫມແທ້,1
ສະດວກສະບາຍວ່ອງໄວທັນໃຈ,1
ລືມເກາຄິດໄຫ່ມ,1
ດູກ່ອນ,1
ອ້າງ,1
ເສຍດາຍໃຊ້ bcel one ຊໍາລະເງິນບໍ່ໄດ້,0
ນາງແອນ,1
ຕິດໃຈແອັບນີ້,1
ແຍເຂົ້າບໍ່ໄດ້ຊ້ໍາ,0
ແອັບນີ້ໃຊ້ດີຫລາຍ ທຸກທ່ານໂຫລດແລ້ວສາມາດໃສ່ເລກຜູ້ແນະນໍານີ້ໄດ້ເດີຈ້າວ90322607 ຂໍຂອບໃຈ,1
ຍອດຢຽ້ມທາງການໃຊ້ງານ,1
ດີສະດວກ ໃຊ້ງ່າຍ ແຕ່ຖ້າ ປັບປຸ່ງໃຫ້ຊື້ຫ້ວຍໂຊກໄຊ ໄດ້ 6ໂຕ ແຮງຄັກ,1
ເປັນຫຍັງຄືອັບເດດບໍ່ໄດ້?,0
ປັບປຸ່ງໃຫມ່ຫລີ້ນຊ້າຫຼາຍຫລີ້ນເກມວົງລໍ້ກະບໍ່ໄດ້ຫຍັງ ມັກແຕ່ຕູ່ເບິ່ງຫນັງກັບເບິ່ງຂ່າວໄດ້ຟັງເພງໄດ້ ອັບເດດຕື່ມ,0
ສະບາຍໃນການພົ່ວພັນວຽກງານ,1
ໃຊ້ດີແຮງແຕ່ເຂົ້າເຟສສໍາຮອງບໍ່ໄດ້,1
ລົງທະບຽນຍາກຂໍລະຫັດotp ບໍ່ໄດ້,0
ດີຫລາຍການໃຊ້ງານ,1
ໃສ່ດີຫມາກ.,1
ເຟລນີດີ,1
ຕ້ອງມີສະຕິຕໍກົນອຸບາຍຂອງເຟສ,1
ຮັກໃນແອັບນີ້,1
ຫາກໍ່ເລິ້ມຕົ້ນຈາ,1
ເຂົ້າແອັບຍັງຍາກ ຊິໃຫ້ລົງທະບຽນແນວໃດ໋ທ່ານເອີຍ,0
ແອບຂີ້ຖີ່ຫມຸນບໍ່ເຄີຍຖືກ,0
ປັບປຸງແດ່ ເຂົ້າລະບົບກະບໍ່ໄດ້,0
ແຊັດໂງໆ ຄ້າງກໍ່ຄ້າງ ປັບປຸງດ່ວນ,0
ໄດ້ການ,1
ຮ້າຍແທ້ແອບນີ້ຫລັງມານີ້ອັດເດັດແລ້ວຄືຕ້ອງເຂົ້າເວບໄຊແລະກະອອກຈາກລະບົບແລ້ວກະເຂົ້າບໍ່ໄດ້ອີກປັບປຸງຄືນ,0
ໂລດມາເຈີ,1
ມັກທະນະຄານນີ້ໃຊ້ກວ້າງຂວາງ ແອບໄຊ້ງານດີ ເປັນທາງເລືອກທີ່ດີສໍາລັບຄົນຍົກນີ້,1
ປັບປຸງໃຫມ່ເດີແອັບຫ້ວຍແຕກມີແຕ່ໃຫ້ປຽນເວີຊັນກະຈອກໂພດບໍ່ຄືແອ້ບໂຊກໄຊຫລືແອັບກ໊ອກໆ,0
ດີໄຈທີ່ໄດ້ຮູ້ຈັກເລື່ອງຣາວຕ່າງໆ,1
ເຂົ້າລົງທະບຽນບໍ່ໄດ້ເຂົ້າແລ້ວຢຸດຢູ່ຫນ້າທໍາອິດເລີຍ,0
ໃຊ້ດີມີສາລະ,1
ອັນເກົ່າດີຢູ່ແລ້ວ ຫມາໂຕໃດໄປເຮົດແນວນີ້,0
ເປັນໂຄດແມ່ມັນຫຍັງຕື່ມເງີນໃຫ້ເບີໄດກະວ່າເບີບໍ່ຖືກເຊີນປັບປຸງແດ່ເດີ້,0
ມີສະລະດີ,1
ບໍ່ເຫັນສິດີເດ.ສົ່ງຂໍຄວາມກະຊ້າເຮັດຫຍັງກະຊ້າໄປເບີດ,0
ບໍ່ໄດ້ຫວັງຫຍັງຫຼາຍໃນຊີວິດ,1
ສຸດຍອດເລີຍສົ່ງເສິມກະສິກໍາ,1
ຂອບໃຈທີ່ໃຊ້ໄດ້ສະດວກ,1
ເປັນແອັບທີ່ມີຄວາມສະດວກສະບາຍ ແລະມີປະໂຫຍດຫຼາຍ,1
ດາວໂຫຼດຍາກກະດໍ້,0
ເຕີມເງີນຄືບໍ່ໄດ້ຄະແນນແລ້ວ ບໍ່ຄືແຕ່ກ່ອນເຕີມປຸບໄດ້ປັບ ພິຈາລະນາແລະປັບປຸງໃຫ້ຄືນແນ່ ຂໍຂອບໃຈ,0
ແອັບນີດີມາກເລີຍ,1
ເພືອນໆໂທລະສັບເຮົາຕາ່ຍແລ້ວ,1
ຕິດຕັ້ງແອັບບໍ່ໄດ້,0
ໄຊ້ດີໄວທັນໄຈສະດວກສະບາຍ,1
ຄືຊໍາລະຜ່ານbcl1 ບໍ່ໄດ່,0
ຂໍ້ຄວາມບໍ່ຊ່ອງຕໍ່,0
ເກນລຸ້ນໂຊກກະຫລີ້ນໄດ້ເທື່ອດຽວນິບໍ,0
ຄໍາໂກ ຄໍາໂກ,1
ສັ່ນໄດ້ເງິນແລະກະແຊໄປເຟສບຸກບໍໄດ້,0
ເລ່ນດີ ລະກະມ່ວນອີກ,1
ບໍ່ມີວິດີໂອໄຫ້ເບີ່ງຊໍ່າ,0
ລົງບໍ່ໄດ້ເດີເຂົາໄປລະກະເດັງອອກມາຄືເກົ່າ,0
ເຂົ້າກະຍາກຫນຸນຢູ່ຕິ້ວໆເຂົ້າໄປເຂົ້າມາເດັ້ງອອກຊ່ໍາ,0
ບໍ່ສົງລະຫັດໄຫ້ແກ້ໄຂດ່ວນຖ້າມາເປັນ10ປາຍນາທີແລ້ວ,0
ສຸດຫມ ໆ ລາຍການຫາລາຍໄດ້,1
ເກິດ ອະໄຮ,1
ເປັນແອັບທີ່ໃຊ້ໃນການຂຶ້ນທະບຽນເບີໂທ ດີຫຼາຍ ສ່ວນພວກມຶງເຮັດບໍ່ໄດ້ເພາະພວກມຶງໂງ່ ສັສ,1
ດີຈັງໃດ,1
ເພື່ອຊື້ຫວຍລາວສະດວກສະບາຍ,1
ແອັດດີ,1
ລີສາ,1
ດີມາກກກ,1
ແອບບໍ່ມີຄຸນນະພາບ,0
ງ່າຍຕໍການ,1
ການໃຊ້ງານມີຄວາມສະດວກຊ່ວຍວງກໄດ້ດີ,1
ລອງເບີ່ງກ່ອນ,1
ຢາກໃຫ້ມີຕະຫຼາດອອນລາຍແລະຊໍາລະຫວຍຜ່ານແອບນໍາພ້ອມ,1
ໃຊ້ງ່າຍ,1
ເປັນຫຍັງລົງທະບຽນຄືບໍໄດ້ຄະແນນແລ້ວ,0
ແອບກາກແກ້ໃຂດວນເອົາເນັດຟຣີບໍ່ໃດ້ເດີກູໃຫ້ແຄ່ດາວດຽວຄ່າລອກກູແນວກູໂງ່,0
ມັກແອັບນີ້ຫລາຍ,1
ຢາກມີເງິນມາຊື້ລົດບໍ່ມີລົດໃຖນາ,1
ນາງ ແປ້ງຫວມ,1
ໃຊ້ງານ ງ່າຍດີລາຄາຖືກທັນໃຈ.ມີຄວາມປອດໄພສູງ,1
ໄມ່ບັ່ງຄັບໃຊ້,1
ຮ້ານປິດຕະລອດ,0
ໂຄດຄ້າງເວລາໃຊ້ແຊັດກະບໍ່ເດັ້ງເປັນຮ້າຍຫລາຍບໍ່ໃຫ້ດາວດອກ,0
ເຂົ້າລະບົບຍາກ ຊ້າ,0
ລໍາຄານໃຫ້ອັບເດດຕະຫລອດ,0
ອີ່ອ້ອມນານິນະ,1
ເນັດກະດີ ພັດເຂົ້າແອປບໍ່ໄດ້ ກາລຸນາແກ້ໄຂ ປັບປຸງແດ່ເດີ,0
ບໍ່ເປັນຕາສະແຕກເລີຍແອບໃຫມ່ນິ້ ໂຄດແຢ່ເລີຍ,0
ບອກໃຫ້ໃສ່ລະຫັດຜ່ານໃສລະແນວໃດບໍ່ສົ່ງມາຈັກເທື່ອ,0
ສະນດຸດີ,1
ບໍ່ໄດ້ເລື່ອງ ຕອນແລກໆກະດີຢູ່ ພໍຫລັງໆມາຫມຸນໄດ້ກະບໍ່ໄຫ້ແຊລົງເຟສ ເນັດກະບໍ່ໄດ້ເສຍເວລາຫມຸນຊື່ໆ,0
ດີຫຼາຍ ຊອກມາດົນ,1
ຍາຍ,1
ດີສຸດໃຈ,1
ໃຊ້ບໍ່ໄດ້ເປັນຫຍັງນໍເຈົ້າ .,0
ເປີດແອບນີ້ນໍາໄຊງານ ເຕ້ຍ ສິງສັກດາພອມຮູບພາບ,1
ປັບປຸງເລື່ອງການເຊື່ອມຕໍ່ສັນຍານແນ່ເດີ້ ເວລາເຂົ້າແອ໋ບມັນສັນຍານເນັດຈະຫາຍ ລົງທະບຽນສັກວັກຊິນບໍ່ໄດ້ ແຕ່ອອກຈາກແອ໋ບປຸບສັນຍານເນັດຂື້ນທັນທີ່ສາມາດເຮັດຫຍັງກະໄດ້ ແຕ່ກັບເຂົ້າແອ໋ບອີກສັນຍານກະຂາດຄືເກົ່າ ລົງທະບຽນສັດວັກຊິນແຕ່ເຊົ້າຈົນປານນີ້ຍັງລົງທະບຽນບໍ່ໄດ້ ເປັນຊົ່ວໂມງລະເຮັດຫ່າຫຍັງກະບໍ່ໄດ້,0
ດີໃຈຮາ,1
ໃຊ້ງານໄດ້ດີມາກ,1
ສະບາຍດີ. ຂໍຖາມແຕ່ຂ່າວຄືໂທຟຣີບໍ່ໄດ້ແລ້ວ,0
ນັກຮຽນ,1
ອົອ້ມ,1
ຢາກໃຫ້ມີພາສາລາວຕື່ມອີກ,1
ເຖິງຈະບໍ່ຄ່ອຍໄດ້ອີ້ນແຕ່ກະມ່ວນເວລາຫມູ່ມາເມັ້ນ,1
ສະບາຍດີຊາວໂລດ,1
ໄມ້ໄດ້ປະສົບການໃດໆທັງນັ້ນ,1
ຍາກຫລາຍປັບໃຫມ່ຈັງໃຫ້ດາວ,0
ຄືອັບເດດບໍໃດ້,1
ຍຽ້ມຢອດ,1
ອັດເດດບໍໄດ້,0
ໃຊ້ງ່າຍໃຊ້ດີ,1
ຍ້ບໍ່ມີປະສົບການຫລາຍ,1
ມັກສຸດໆເລີຍຈຣາ,1
ຊື່ແສງເພັດ,1
ຂ້ອຍບໍ່ໄດ້ອັບເດດກະອັບໃຫ້ເອງໃຊ້ໂຕເກົ່າດີຊິຕາຍພໍມາເປັນໂຕໃຫມ່ຄືຫຍັງນີ້ເຮັດຫຍັງກະບໍ່ໄດ້,0
ລວດເລວທັນໄຈ,1
ສາຄອນໂສດ,1
ໂຄດຊ້າເລີຍ,0
ໄມຄິດຍາງໄດແຕ່ຄິດສິງທີຈະມີຕໍໄປ,1
ກຽດເວົ້າປົດ.,1
ດີມາກເລຍຕ່ະໂຟຮົ,1
ສີພັນ,1
ສະດວກດິ,1
ເວີຊັນນີ້ ກາກທີສຸດ,0
ຕານນີ,1
ຕາຍແລ້ວ,0
ໄຊ້ດີສະບາຍ,1
ດີຢູ່,1
ok ໄຊ້ສະດວກສະບາຍ,1
ການບໍລິການດີຫຼາຍ,1
ແອັດນີ້ດີຫລາຍເຮັດໄຫ້ເຮົາບໍ່ພາດລຸ້ນເລກເດັກໄດ້ທຸກບ່ອນ,1
ສໍານີ້ລະກາກຫລາຍແອບນີ້ມາຍຢູ່ນີເທວດີກອນນີ້ມຸນກະບໍ່ເຄີຍໃຫ້ພະລະກິດປະຈໍາວັນກະໃຫ້100ມແຕ່ກະບໍ່ເຄີຍເຂົ້າໃສ່ເບີໂທລະສັບປັບປຸ່ງໃຫ້ດ່ວນ,0
ສົມໃຈມາດ,1
ສຸດຍອເ,1
ຫ່ວຍແຕກ ລົງທະບຽນເບີບໍ່ໄດ້ ຊື້ຊິມມາໃຫມ່ປານນັ້ນລາວໂທລະຄົມສົ່ງຂໍ້ຄວາມແຈ້ງໃຫ້ລົງທະບຽນເບີແອບນິ້,0
ເລວາໄດ້ຫຼິ້ນຮູ້ສຶກວາມ່ວນ,1
ອາວ ມີ ວາງ,1
ຕື່ມບັດບາດໄດ້ບາດບໍ່ໄດ້ຄວາຍ,0
ນາງສາຍປ່ານຟ້າປເງື່າທັງຫມົດສໍາລັບລາວບົດເລື່ອງທີມງານວາງສະແດງຄວາມຂອບໃຈທ່ານສໍາລັບການແຂ່ງຂັນຂອງງານວາງອອກນັ້ນຈະ,1
ຮົ້ວຊີ,1
ໃຊ້ໄດ້ດີຫລາຍຖ້າຕັດການອັບເດດອອກ,1
ກະດີຢູ່ສືສານກັນໄດ້ດີ,1
ດີຄົບທຸກຢ່າງ,1
ຜູ່ຜາ,1
ກຍພຈດາ,1
"ດີ, ສະດວກ",1
ຫລັງຕິດຟ້າ ຫນ້າຕິດຈໍ,1
ທຸກໃຈີນ,1
ໃດ້ດິ,1
ເຂດໄກ້ລະບໍ່ຢາກມາຮັບເພາະຄ່າບໍລິການຖືກ,0
ເກມລົດ,1
ເປັນ ແຟ້ນທີ່ແຍ່,1
ເຮັດມາຕາຍຫຍັງແບບນີວ່າລົງທະບຽນເຂົ້າໄປເຮັດກະບໍ່ໄດ້,0
ຂ້ອຍໃຊ້ຢູ່ຕ່າງປະເທດນີ້ມັນລ໋ອກຕະລ໋ອກ ເຂົ້າໄປບໍ່ໄດ້ຂໍໃຫ້ພະນັກງານຊ່ວຍແກ້ໄຂແດ່,0
ສຸດຢອກມາກເລີຍ,1
ເຟສດີ,1
ຕັ້ງຍາກກະດໍ້ຈັກສິເຮັດຕາມວີດີໂອໄປທະນາຄານກະແລ້ວກັບມາຕັ້ງເອງກະແລ້ສກະຍັງບໍ່ໄດ້ປານນີ້ໃຈຮ້າຍຍ້ອນ,0
ໃຊ້ງານລາບລື່ນ ໄມສະລຸດ ໄມຕິດຂັດ ສຽງພາບຄົມຊັດ,1
ຊອກລົດຍາກເກີນຊ່ວງນິເຫັນອ່ານຢູ່9 10ຄັນລົດແຕ່ບໍ່ມີຄົນຂັບໃດຮັບງຶດ,0
ສະດວກໃນການພົວພັນ ສົ່ງຮູບພາບ.,1
ໂຫລດມາບໍ່ເຫັນສິໄດ້ເນັດຟຮິບໍ່ຕ້ອງໂຫລດເດີ້,0
ເຕີມເງິນຜ່ານແອັບເງິນບໍ່ເຂົ້າເບີ້ເສຍເງິນລ້າແລ້ວບອກເຕີມເງິນຜ່ານແອັບເພື່ຶອ,0
ແອບດີຮຽນງ່າຍ,1
ດີຫນອຍນື່ງ,1
ເຂົ້າແອັບເທື່ອໃດລະຄ້າງຕະຫຼອດດົນໆຈັ່ງເຂົ້າໄດ້ ບາງເທື່ອເຂົ້າແລ້ວຄ້າງເລີຍຈົນໄດ້ປິດແອັບ,0
ລອ້ມ,1
ດີຍຽ່ມ,1
ໄຊໄດ,1
ວ່ອງໄວທັນໃຈ ມັກຫລາຍໆໆ,1
ມັກໄຊ,1
ແທັກແຟນມາເບີງ,1
ພາພາຄົໂສດ,1
ໂດຍທຮ,1
ຊ້າແຮງງງ,0
ມັກຄວາມໄວ,1
ໂຫລດມາພັດເຂົ້າບໍ່ໄດ້,0
ໃຊ້ງ່າຍ ສະບາຍ ປວດໄພ! ຄັກໆ!,1
ນ້ອງຄພ,1
ອ່ອນໄຫລ່,1
ເຂົ້າຍາກບໍ່ມັກ,0
ຮຮນາ,1
ໃຫ້ຄົນໄດ້ຮູ້ຈັກງາ່ຍ,1
ໃຊ້ດີຫລາຍຢາກໃຊ້ມີເບີເມຈີກຊີມອອກມາຂາຍອີກ,1
ໃຊ້ດີສືສານໄດ້ງ່າຍຂື້ນ,1
ສອນນະພາ,1
ພະິ,1
ຫລີ້ນດີ ມີຄວາມສຸກ,1
ຄັນ,1
ດີຈະ,1
ວອງໄຫວທັນໃຈ,1
ໃຊ້ເພື່ອໂທຫາເພື່ອນ,1
ກະໃຊ້ສະດວກຢູ່ ແຕ່ເກີດບັນຫາສະດຸດຕະຫຼອດ,1
ທ້າວເຈ,1
ເຂົ້າລະບົບບໍາໄດ້ເດັ້ງອອກຕະຫຼອດ ໄດ້ລຶບລະໂລດໃຫມ່ຈີງໄດ້ ເປັນຕະຫຼອດຄັນເທື່ອດຽວສິບໍ່ວ່ສ ຫຼາຍເທື່ອໂພດ,0
ໄດ້ຮູ້ຈັກຫມູ່ຄູ່ຫຼາຍຄົນ,1
ແອັບນີ້ໃຊ້ບໍ່ຄັກ ສົ່ງຂໍ້ຄວາມຫາເຂົາອອນຢູ່ກໍ່ບໍ່ຕອບ,0
okສະດວກສະບາຍ,1
ດີຫລາຍ ຊື້ຫວຍງ່າຍ,1
app ເປັນຫຍັງກະບໍ່ຮູ້ ໃຊ້ງານບໍ່ໄດ້ເດີ້ ແກ້ໄຂແດ່ ຂ້ອຍລົງທະບຽນບໍ່ໄດ້,0
ຂຽນ ວ່າ,1
ແອັບມີແຕ່ໂຄສະນາ,0
ໃຊ້ດີມາກ ຄວບຄຸນຈະ,1
ກູຊັງໆເບິ່ງຍູທູບຍາມໃດເຫັນຕາຍແຕ່ໂຄສະນາຟຸດແພັນດ້າແພນຂີ້ນິຊັງແທ້ຊັງຈັກເປັນຕາຍຮ່າອິຫຍັງໂຄສະນາຫມົດມື້ຫມົດເວັນ ຄືບ້ານິ,0
ຂ້ອຍດີໃຈທີໄດ້ຕັ້ງແອັບນີ້,1
ວ່ອງໄວໂອເຄຢູ່,1
"ພັດທະນາກາກ ຫຼາຍ, ຄົນຄິດລະບົບດີແລ້ວ ແຕ່ນັກພັດທະນາ ກາກ, ລະບົບລ໋ອກອິນ ເຮັດຄືບໍ່ມີຄວາມຄິດບໍ່ມີຄວາມວິເຄາະເລີຍ, ບອກເລີຍວ່າ ໂຄດ ກາກ ແອັບນີ້. ຈ້າງພະນັກງານ ພັດທະນາໃຫມ່ເດີ້, ມັນກາກຢູ່ບ່ອນວ່າ ເວລາຖືກປະຕິເສດລົງທະບຽນລະບໍ່ສາມາດແກ້ໄຂ ຂໍ້ມູນໄດ້, ຖ້າແບບນີ້ໃຜຊີອັບເດດຂໍ້ມູນໄດ້ໃຫ້ຖືກຕາມການຂາດຫມາຍ, ບອກເລີຍວ່າ ນັກພັດທະນາໂຄດກາກ",0
ໂຄກຫວ່ຍເລີຍປັ່ນຊິຕາຍແຕ່ຖືກແຕ່ຟັງເພງບໍ່ເຄີຍໄດ້ດາຕ້າຈັກເທື່ອກະລຸນາແກ້ໄຂດ່ອນ,0
ແອັບສົ້ນຕີນພໍ່ມຶງຕາຍໄອ້ສັດດ,0
ຢອດນີຍົມ,1
ແກ້ໄຂການລົງທະບຽນຍືນຍັນຕົວຕົນແນ່,0
ພີ່ບອຍ,1
ແອ່ອອກວ,1
ຮີໄ,1
ຂໍ້ມູນສ່ວນຕົວ,1
ສະບາຍສໍານານແລວ,1
ສັນຍານອ່ອນນ້ອຍດຽວກະພາບຄ້າງແລ້ວເອົາໄປ2ດາວກ່ອນ,0
ຢາກໃຫ້ແກ້ໄຂແອບໃຫມ່ເວລາລົງທະບຽນແອັບພິມເບີໂທເຂົ້າໄປແລ້ວຕ້ອງໄດ້ລໍຖ້າເລກotpນານຫລືອາດບໍ່ໄດ້ເລີຍ,0
ຊື້ເລກແລ້ວບໍ່ໄດ້ຂະແນນ,0
ບໍ່ມີເພງ,0
ຍາກຫລີ້ນ,1
ໄມລງໆມະນີ,1
ປານສາວນອ້ຍເນາະຄຸນແມ່,1
ແອນນີ້ເຂົາຍາກຫລາຍຍາກໄຫ້ແກ່ບອນນີ້ແດ່ເດີລູກຂາບອກໄຫ້ໂອນເງີນໄຫ້ລະເຂົາບໍ່ໄດ້ເສຍເວລາອິລີ,0
ເພື່ອສະດວກ.,1
ດີດີມັກໆຫຼາຍ,1
ສຸດຍອດຫຼາຍຊື່ໂທລະສັບມາເຄື່ອງໃດເຄື່ອງໃດກໍບໍ່ເຄີຍພາດຄໍາວ່າ facebook,1
ເຕີມ100,1
ສົມນືກ,1
ແອັບຂີ້ກາກ ເດັ້ງອອກຕະຫລອດ,0
ຂຽນບົດລາວບົດຂອງ,1
ມີປະໂຫຍດຫຮາຍ,1
ກ້ອງຖ່າວຮູບໃນແອັບມີປັນຫາແກ້ໄຂດ່ວນນ,0
ສິນຄ້າລາຄາຖືກຫລາຍລາຍການຖຶກໃຈຫລາຍ,1
ປາກ້່,1
ການລົງທະບຽນຊີມ,1
ຈິບຫາຍ,1
ເຂົ້່າແອັບແລ້ວບອກໃຫ້ອັບເດດພໍກົດເຂົ້າມາບໍ່ມີຫຍັງແກ້ໄຂ້ດ່ວນເດີ,0
ແອັບຮູຂີ້ນິຕາຍແຕໂຄສະນາບໍເຄີຍໃດ້,0
ເຜີດເພີ່ນສະຫນຸກສະຫນານ,1
ໂດຍພູມໃຈທີ່ມີແອັບນີ້,1
ຫນ້າຊົມໃຊ້,1
ສົມບູນດີ,1
ບໍ່ໄດ້ເລື່ອງເລີຍມີບັນຫາສົ່ງວີດີໂອອອກຕະຫລອດອັບເດດກໍ່ຍັງສົ່ງອອກບໍ່ໄດ້ຄວນປັບປຸງໃຫ້ດີກ່ວານີ້,0
ດີຫາລາຍ,1
ປະສົບການໃຫມ່,1
ດີລາຍສະດວກສະບາຍໃຫ້ດາຕາຫລາຍພ້ອມ,1
ຮັກແລະຊອບເພື່ອປະສົບການຕ່າງ,1
ສະກັດກັ້ນການເຮັດຂໍ້ມູນ,1
"ຍາກໄດ້ຊື່ຜູ້ຕດິຕ,",1
ມັນດີໃຊ້ໄດ້ວົງໄວທັນໃຈເລີຍຈຮາ,1
ແອປກາກໄຜຊິໂຫລດມຶງຫ່າ,0
ສົ້ນຕີນເຂົ້າໄຊ້ກະລໍ່ໄດ້,0
ແອັບໂຫລໆເຂົ້າບໍ່ໄດ້ມີແຕ່ດັ້ງອອກພັດທະໃຫມ່,0
ຄັບທີ່ຢູ່ໄດ້ ຄັບໃຈຮູ້ຕິ ມັນຈະເກິດຫຍັງຂຶ້ນ,1
ໃຊ້ງານດີຢູ່,1
ແອັບໃຊດີ,1
ບໍ່ຕອງໂລດແລ້ວລາວແອັບໃສງາຍກະບໍ່ໄດ້ມັກລາວແອັບເກົາ,0
ແອບນີ້ເປັນແອດທີ່ດີທີ່ສຸ່ດໃຫ້ຂ້ອຍເລຍ,1
ໃນແອັບຫນ້າຈະມີການໃຫ້ຄະແນນແບບນີ້ກັບແຕ່ລະຮ້ານ,0
ດີສຸດໆເລີຍມ່ວນແທ້ດິ້ນສະຫນຸກ,1
ຢາກໃຫ້ເຟສບຸກສ້າງລາຍໄດ້ກັບປະເທດລາວ ທຸກຢ່າງ ຕອນນີ້ຄົນລາວ ລໍຄວາມຫວັງຢູ່ນະ,1
ສຶກສາພິ່ມເຕີມ,1
ໃຫ້ໃດ້ແດ,1
ພະນັກງານບໍລິການດີຕົ່ງຕາມເວລາອາຫານແຊບມີທຸກເມນູຢູ່ໃກ້ຢູ່ໄກກໍມີຄາສົ່ງລາຄາຖືກ,1
ຕອນເຂົ້າໄປທຸກຄັ້ງ ມັນຄືແຈ້ງວ່າກໍາລັງດາວໂຫລດຮູບພາບຕະຫລອດ ແກ້ໄຂແດ່ເດີ້ ກາກໂພດ,0
ແອບນີ້ໃຊແລ້ວດີວອງໄວທັນໃຈ,1
ຫ່ວຍແຕກ ໃສ່ລະຫັດເດັ້ງອອກ ສ້າງມາເພື່ອ,0
ຄືບໍ່ໃດ້ໃສລະຫັດກະຍັງກັບມາຢູ່ຫນ້າເກົ່າຢູ່ປານນັ້ນມີແອັບນີ້ມາເນາະມີກະຊໍາບໍ່ມີລົງເອງໃດ້ບ້າຫວ່າເຮັດຕາມຂັນຕອນທີແນະນໍາລະຍັງບໍ່ໃດຢູ່,0
ຄອບໃຈທີ່ຊີ້ນໍາ,1
ຕັ້ງບັນຊີຍາກໂພດໂດຍສະເພາະຕອນຖ່າຍຮູບຫນ້າຖ່າຍແນວໃດກະບໍ່ຜ່ານມົວຫນ້ອຍຫນຶ່ງກະບໍ່ຜ່ານບໍ່ໄດ້ແມ່ນທຸກຄົນສິມີກ້ອງງາມເດີ,0
ມັກລາຍແອບນີ,1
ຕ້ງແອບ,1
ຮຮຮີ,1
ແອ່ບຊ້າຫລາຍໂຫລດຊ້າບໍ່ສະດວກໃນການໄຊ້,0
ດີແຕ່ບອກເລກບໍ່ຖືກ,1
ປະຢັດຊັດເຈນແລະວ່ອງໄວພໍໃຊ້,1
ເຂົ້າແອັບແລ້ວເດັ້ງອອກ ແກ້ໄຂແນ່,0
ແມ່ນຫຍັງ ມັກບັນຫລາຍແທ້ແກ້ແນ່ແມະ ພິມຂໍມູນໃສ່ຖືກຕ້ອງຫມົດແລ້ວ ບາດຊິກົດຍືນຢັນ ພັດວ່າ ພິດຜາດ ພະຍາຍາມ ໃສ່ໃຈແກ່ໄຂ້ໃຫ້ວ່ອງໄວ້ຕື່ມເດີ,0
ອືດີ,1
ໄຊ່ງານໄດ້ດີມາກຊອບມາກເລີຍຈັດ5ດາວ,1
ກີ່ງ,1
ຢາກໃຫ້ປັກສະຖານທີ່ຕົງກວ່ານີ້,1
ເດີນດຽວ,1
ຕໍ່ນີ້,1
ຄັກເນາະ,1
ມີປັນຫາການເປີດ,0
ຫມູນວົງຫລໍບໍ່ໃດ້ເດີ,0
ດີຫຼາຍເອົາໄປ5ດາວເລີຍ,1
ອັບສະຕໍລີ້ເພລງກະບໍ່ໃດ້,0
ເຍື່ຍມ,1
ໃຈນ້ອຍ,1
ບອກວ່າຊິໃຫ້1gຫລັງອັບເດດຍັງບໍ່ເຫັນມີຕົວະ,0
ປາຊີ,1
ແອບສົ້ນຕີນ ເຂົ້າກະບໍ່ໄດ້,0
ມວ່ນດີ,1
ມີປັນຫາຊ່ວຍແກ້ແດ່ເຂົ້າແລ້ວເດັ້ງອອກລົບໂຫລດໃຫມ່ກະຄືເກົ່າ,0
ເອກະລັກ,1
ມຶງຊິຂຽນແອບມາຫາປະແສງຫຍັງ ຊ້າກະຊ້າ ແລ້ວຍັງຂຽນເສືອກໃຫ້ມັນເຂົ້າເວ໊ບອີກ ສີມື້ຂຽນແອບໂຄດກາກ,0
ເຄດີຄັບ,1
ແອບຜີບ້າອິຍັງເຮັດຍັງກະບໍ່ໄດບ້າໄປແລ້ວ,0
ໃຫ້5ດາວແລ້ວຂານີ້ໄປຢາໄດ້ເປັນຫລາຍແນວ,1
ຮ່າກິນຊີ້ນສູເດືອນ1 ຈະໃຫ້ອັປເດດຈັດເທື່ອ,0
ອະທິບາຍ ອອກ,1
ຢອດຢຽມຫມາກໆເລີຍ,1
ໃຊ້ງ່າຍແລະໄວ,1
ແກ້ວ,1
ຍິ່ງອັບຍິ່ງແຍກ ຫມຸນບໍ່ຢຸດ ເປັນຫລາຍເທື່ອ ສິເບື່ອແລ້ວ,0
ໂຄດ.ສະບາຍ,1
ຢາກຫຼີ້ນເພາະມັນສະນຸກດີ,1
ສາມາດເຂົ້າຫາຄົນໄດ້ງ່າຍ,1
ວ່ອງໄວຢູ່ລະດັບ4ດາວໄປກ່ອນ.,1
ຢາກໃຊ້ແອັບນີ,1
ໄມ່ມີວິດີໂອ,1
ວອງໃວທັນໃຈ,1
ຊ່ວຍແກ້ປັນຫາລະບົບບໍ່ສົ່ງລະຫັດotpແລ້ວຈະມາເພີ່ມດາວໃຫ້,0
ສາວມົ້ງວ່າງ,1
ອັບເດດໄຫ່ມແຮງຮ້າຍກ່ອນເກົ່າພັດທະນ່າໄຫ້ມັນດີກ່ອນນີ້ແດ່ໄຫ້ມັນໄຊ້ສະດວກແດ່ຈັກຫຍັງ,0
ຮັກແອບນີ້ຫລາຍໆເຈົ້າ,1
ຄວາຍເກີນເຮັດເບິດທຸກຂັ້ນຕອນແລ້ວແຕ່ບໍ່ມີປຸ່ມໃຫ້ກົດຄອນເຟີມ ແອັບສ້າງບໍ່ແລ້ວມຶງກະໃຫ້ໂຫຼດມາໃຊ້ເນາະຄວາຍຄວາຍທັງຫມູ່ບ້ານ,0
ເຈນສາວລາວ,1
ໂທອອກບ່ໄດ້,1
ສືສສດີກຍ່ຮອ,1
ເອີ້ນລົດຍາກແທ້ຍາກວ່າ,0
ຕອ້ງການຕັ້ວອບແອບຄືນ,1
ຄໍາແພງ ລາວ ຈຸ່ງ,1
ຢຈິ,1
ອານົບ,1
ເຍີ່ຍມ,1
ບໍ່ໃຫ້ຄວາມສະດວກຈັກນ້ອຍ,0
ບາງຄັ້ງຍັງຊ້າຫຼາຍ,1
ລົງທະບຽນກະຍາກບໍ່ຄືແອັບອື່ນໆເອົາດາວດຽວພໍ ຄັນຊິສ້າງແອັບມາແບບນີ້ບໍ່ຕ້ອງສ້າງກະໄດ້ລົງທະບຽນກະບໍ່ໄດ້,0
ວອດແອັບມີບັນຫາສະແກນຄິວອາໂຄດບໍໄດ້,0
ດາວໂຫຍດມາແລ້ວຕັ້ງບໍ່ໄດ້ເປັນຫຍັງ,0
ແຫວນ ເງີນ,1
ເອີ້ນລົດຍາກ ຄົນຂັບເລືອກລູກຄ້າ,0
ຮເຮ້ນ້,1
ຮອງນາຍົກ,1
ເບຍເນນິຮຂຂ,1
ກົດເຂົ້າກະບ່ໍໄດ້ແອັບໃດຄົນລາວເຮັດອອກມາ ຊ່ໍາກັບເຮັດໄຫ້ຫມາມັນເບິ່ງ,0
ເປັນທະນາຄານທີດີຫລາຍ,1
ໃ ສ່ໃຈແນ່,1
ຄີຄ,1
ບ່ມີຄໍາບັນຍາຍ,1
ສວດຍອດຂໍເງີນຟີແດ່,1
ພີ່ໂດ້,1
ມັກເລ່ນເຟສ,1
ນາງໄມຫາ,1
ຢາກໃຫ້ມີເພງvictonໃນແອັປແລຫນັງເກາຫຼີຫຼາຍກວ່ານີ້,1
ໃຊ້ງານແບບງ່າຍໆ,1
ໃຊ້ດີຫລາຍ ແຊັດສະດວກດີ,1
ໄຂ້ດີແທ້,1
ຂໍໃຊ້ອອກນີ້,1
ອອກເນັດໃຫ້ຫຼາຍໆແນ່,0
ແອັບທີ່ດີ ແລະ ສະດວກໃຫ້ເຮົາໃຊ້ທາງອອນລາຍ ທາງການເງີນ ຊື້ຫວຍ ຊື້ສີນຄ້າ ທີ່ສະດວກ,1
ອັບເດດໃຫມ່ນີ້ໃຊ້ງານບໍ່ດີເທົ່າໂຕເກົ່າເດີເດັ້ງອອກຕະຫລອດໄດ້ທຽວລົບແລ້ວໂຫລດໃຫມ່ຕະຫລອດລົບກວນປັບປຸງດ່ວນເດີ,0
ດວ້ຍໄຈຈີງ,1
ສີ້,1
thitsomfaiwan thachampa ໃສ່ບ່ອນທີ່ເຄີຍຢູ່ບ້ານເຮົາເອງ ສູ້ເພື່ອວັນ ຝັນເປັນຈິງ ມີເມຍນຶ່ງມີວັນນີ້ ນາງຈ່ອຍ ພາຈໍາປາ,1
ແອັບນິດີຫລາຍ,1
ມັນເປັນຫຍັງມຸນຍາມໄດກະຖືກແຕ່ໄບໄມ້ໂອຕາຍໆແນວນີກະເປັນ ບາງທີມຸນຖືກກະບໍສົງດາຕະໄຫ້ມີແຕ່ວ່າອັບເດດ ໆໆຈັກຍາມໄດຊິດີ,0
ຄືດາວໂຫດບໍ່ໄດ້,0
ດຽວນີ້ ຄືຫມຸນເງິນຫນຸນເນັດບໍ່ໄດ້ ມັນແຕກຕ່າງກັບແຕ່ກ່ອນຫລາຍ ມັນລ໋ອກແຕ່ບ່ອນເກົ່າ ລົບຖິ້ມດີກວ່າເອົາກະເປືອງພື້ນທີໂທລະສັບ ເອົາໄວ້ກະບໍ່ມີປະໂຫຍດຫຍັງ ບໍ່ພັດທະນາຫຍັງຈັກດີ້,0
ບຮ່າ ຮນຍຂ ຮີໂຕຈຊ,1
ພຂດະຂພຍດະ,1
ປັບປຸງແນ່ສົ່ງວິດີໂອບໍ່ໄດ້,0
ມັກຫລີ້ນເກມລຸນໂຊກ,1
ກູ້ຄືນດີຫຼາຍ,1
ເຂົ້າແອັບໂຄດຍາກ ປັບປຸງແອັບແດ່,0
ມັນເຂົ້າບໍ່ບອກວິທີແດ່,0
ຕັ້ງຍາກໂພດ,0
ດີໆ ພັດທະນາຕໍ່ໄປ,1
ເວລາຫມຸນໃຫ້ແຕ່ຟັງເພງດຽວນີ້ແຮງກາກ,0
ເປັນຄົນຕະລົກ,1
ຫລິ້ນມິດຊິນບໍ່ໄດ້,0
ໃສ່ລະຫັດກະຖືກແຕ່ເຂົ້າສູ່ລະບົບບໍ່ໄດ້ຈົນຕ້ອງໄດ້ຖອນການຕິດຕັ້ງລະໂຫລດໃຫ່ມຕັ້ງໃຫ່ມຈັ່ງຊີເຂົ້າໄດ້ເປັນແບບນີ້ຫລາຍເທື່ອແລ້ວແກ້ແດ່ເດີ້,0
ຮັບເນັດຊ້າ ເກີນໄປ ຕອນນີ້ ຍັງບໍ່ໄດ້ເນັດ 6 30 ຮອດ 20 28 ຍັງບໍ່ໄດ້ ວັນທີ8 ສິງຫາ ຍາກໃຫ້ລະ ບົບແກ້ປັນຫານີ້ໃຫ້ທູກຄົນທີ່ລິ້ນແອັບ ລາວແອັບ,0
ສາຍຟຮີ,1
ເຂົ້າລະບົບຍາກແຮງ,0
ກະລຸນາປັບບຸ່ງແກ້ໄຂ້ໃຫ້ດີກວ່າເດີມ,1
ເກດມະໂນກຸນ,1
ໃສດີໆສຸດ 4ປີ,1
ໂຫລດພໍເສຍດາຕ້າລ້າໆເດີ ຂີ້ກາກເອົາແທ້ເອົາວ່າບໍ່ສົມໂຄສະນາ,0
ຫ້າດາວ,1
ລີ້ນດີມາກ,1
ເປັນບ້າຫຍັງເຂົ້າກະບໍ່ໄດ້,0
ດີຫຼາຍເລີຍ,1
ລອງຕິດຕັ້ງເບີງກອ່ນ,1
ເບີ້ມ ຄົນເດີມ,1
ສະດວກສະບາຍດີຫຼາຍຂອບໃຈ,1
ແອັບກາກໆອັບເດດແຮງກາກ,0
ໃຜຮູ້ບອກແດ່ຫມາສີ່ຈັ້ບມັນນີ້ພິມເບີເຂົ້າແລ້ວບອກໄຫ້ປ້ອນຊື່ແລະນາມສະກຸມຕິກໃສ່ບ່ອນໄດ໋ກະບໍ່ໄດ້ແປ້ມພິມກະບໍ່ຂື້ນມາໄຫ້ພິມ 2ເທື່ອນີ້ແລ້ວທີ່ຂ້ອຍພະຍາຍາມໃຜກະໄດ້ມາຕອບຂ້ອຍທີ ຍຸ້ງຍາກຫລາຍເຊີນຕັດສາຊິເບີໄຫມ່ພໍ່ຂ້ອຍໄຊ້ມາຫລັກ9. 12ປີແລ້ວບໍ່ເຄີຍຂື້ນທະບຽນຈັກເທື່ອລົງທະບຽນໃນແອັບກະບໍ່ໄດ້ຈັກເທື່ອ ເຮັດຈັ່ງໄດ໋ກະບໍ່ໄດ້ແປ້ມພິມບໍ່ຂື້ນມາໄຫ້ພິມ,0
ໃຊ້ງ່າຍສະດວກສະບາຍ. ຢາກໃຫ້ເພີ່ມລາຍການບໍລິການຕື່ມອິກຫຼາຍໆລາຍການຫນ້າຈະດີທີ່ສຸດໃນການນໍາໃຊ້ຂອງລູກຄ້າທົ່ວໄປ,1
ຂໍໃຊ້ແອບນີ້ແດ່,1
ຄັກສຸດໃຈໃຜກະມີໃນໂທລະສັບ,1
ແຊງວ່າງ,1
ແອັບໂຄດເຫີ້ຍນະບໍ່ຢາກໃຫ້ດາວດ້ວຍສໍາການບໍລິການບໍ່ດີລະບົບຜິດພາດຕະຫຼອດ,0
ມັນດີຕໍ່ໃຈ ມັນຄືລົມຫາຍໃຈຂອງເຄື່ອຂາຍ,1
ເທັກ,1
ຈັນຫອມ ຈັນຫອມ,1
ແບບພະນັກງານຄືນຈະຕ້ອນຮັບດີຂໍຄວາມກະສົງທັນໃຈມີຄວາມເປັນລະບຽບຮຽບຮ້ອຍມີປະສິດຕິພາບມີການຕ້ອນຮັບຢ່າງດີການແຈ້ງຕົວຄົບຖວ້ນຖ້າມີສິ່ງທີ່ຜິດພາດພວກທ່ານກໍຈາກຕອບຮັບໃນສິ່ງທີ່ວ່າລູກຄ້າຕ້ອງການຕົວຢ່າງທີ່ຄົນໃຫມ່ມາກໍ່ຈະມີຄໍາເຫັນຫຼືສຶກສາເພິ່ມເຕີມໄດ້ມີການເພີມອິນເຕີເນັດເພື່ອໄດ້ຮັບຜູ້ລະມີການລີນແບບສະດວກມີການເກັບຂໍມູນຍັງມີລະບຽບວິນັຍແລະມີຄວາມຮັກສາມາດຕະຖານອິນເຕີເນັດໄດ້ສູງຂຶ້ນມີຄໍາແນະນໍາຂອງຄົນທີ່ເຂົ່າມາໃຫມ່ຢ່າງມີປະສິດຕິພາບມີຄວາມເປັນສ່ວນຕົວແຕ່ມີຂໍຫນຶ່ງທີ່ວ່າຍັງຮັບບໍ່ໄດ້ທ່ານຄວນມີບັນຊີເອົາໄວ້ຖ້າຄົນຖ້າຄົນຫຼືເຈົ້າຂອງຈະໄດ້ຮັບຮູ້ຂໍຂອບໃຈບາຍ,1
ດາຍຈຍາສ,1
bcel one ໂອນເງິນໄວທັນໃຈດີເລີດ,1
ໄຊ້ງານດີຫຼາຍ,1
ຜູ້384ຂະຄຕ,1
ໂຊແພວ,1
ຕັ້ງໄຫນ່,1
ຕີຫຼາຍ,1
ໃຫ້ຮູ້ຈັກກັນຫລາຍຂື້ນຜ່ານຮູບພາບແລະອື່ນໆ,1
"ລໍາຄານ ມີຕາຍແຕ່ໂຄສະນາ ແຖມລຶບໂຄສະນາບໍ່ໄດ້ອີກ tired of advertisement, will be uninstall soon",0
ດິດິ,1
ແອັບດີຫຼາຍບໍ່ຄ່ອຍມີປັນຫາຄືmyunitelແຕ່ຖ້າເອົາວົງລໍ້myunitelກັບມາໄດ້ກະດີຄືກັນ ມັນຈຶ່ງຊິມີຫຍັງເຫຼັ້ນຫຼາຍແນ່,1
ສາວແຈ່0ເດີ,1
ຂ້ອຍສິແຊຄືບໍ່ໄດແອບເອີຍຊ່ວຍປັບແດ່ເດິ,0
"ເປີດລາວແອັບທຸກມື້ໃຫ້ດ້າຕ໋າຟຣີທຸກຄັ້ງ,ມີພາສາລາວເຮັດໃຫ້ເຂົ້າໃຈໃນການໃຊ້ແອັບ.ຂອບມີແອັບໃຫ້ບໍລິການດີໆແບບນີ້",1
ເອີ້ນລົດຊ້າແຮງ,0
ໂຕນ້ອຍ,1
ເປັນບໍລິການທີດີ,1
ປຽ່ນ.facebook,1
ແອັບນີ້ສ້າງຂຶ້ນມາເພື່ອຫຍັງເຮັດຫຍັງບໍ່ໄດ້ຈັກຢ່າງ,0
ອັບເດດແລ້ວເດັ້ງ,0
ໄວທັນໃຈ,1
ກໍາ,1
ໃສ່ເລກລະຫັດນີ້ແລ້ວທ່ານຈະໄດ້ຄະແນນສະສົມ 36604938,1
ດີໄຈລາຍ,1
ເສຍໃຈນໍາ,1
ອັບເດດປີລະເທື່ອກະໄດ້,0
ນນາງາຮຮູຄໍອ້ຍດ ນນາທານທາຣາໂກ 9. ?899 89 . ? 87 777,1
ຢຟໂຖຕນ,1
ດີຫຼາຍ ຈັດໄປ 5 ດາວ,1
ໂຫຼດຍາກກ,0
ສະແກນບໍ່ເຄີຍຕິດເຮັດຫຍັງກະຊ້າຖ້າເປັນຊາດຍັງບໍ່ໄປໄສຢູ່,0
ໄຊ້ແອັບນີ້ແລ້ວເຮັດຫຍັງກໍ່ສະບາຍ,1
ເຮັດຫຍັງກະບໍ່ໄດ້ໃສ່ເບີ້ໃສ່ລະຫັດຜ່ານກະບໍ່ໄປບໍ່ມາບໍ່ໃຊ້ງານໄດ້ແອັບນີ້ກາກໂຄດກາກ,0
ຄູາຮີຮຮ,1
ໃຊ້ງ່າຍສະບາຍລວດເລວທັນໃຈ,1
ແພ໋ວຄົນຂີແພ,1
ເຟສພໍ່ມຶງເປັນເຮ້ຍຫຍັງວະອັປເດດກະບໍ່ໄດ້ຄອມເມັ້ນບໍ່ຮອດ50ກະຄອມເມັ້ນຕໍ່ບໍ່ໄດ້.ປັບປຸງດດ່ວນຄັ່ນແບບນີ້ຕໍ່ໄປບໍ່ໄຫວລະເດີອາຊີບແມ່ຄ້າອອນໄລນ໌ຕ້ອງໄຊ້ເຟສບຸກຫລາຍແຕ່ນີ້ບໍ່ພໍ10ໂພສກະໂພສຕໍ່ບໍ່ໄດ້,0
ກໍໃຊ້ດີເຫມືອນກັນ,1
ຫມູນ i lucky ຖືກຊ່ອງລາງວັນແລ້ວກົດແຊ່ເຂົ້າເຟສບຸກບໍ່ໄດ້ ຂອງລາງວັນນັ້ນກະບໍ່ໄດ້ ແກ້ໄຂແດ່ ໃຫ້ດາວ1ພໍ,0
ເຟສບຸກນີ້ເວລາສົ່ງຂໍ້ຄວາມເປັນເພື່ຶອນຄົນທີ່ຮູ້ຈັກມັນເຮັດໃຫ້ມີຫນູ່ເປັນເພື່ອນຫຼືຫມຸ່ຄົນໃນກຸ່ມຂອງເຟສລວມເຮົາແລະທຸກຄົນ,1
ສັງຄົມກົ້ມຫນ້າ,1
ໃສ້,1
ໃດ້ດັ່ງໃຈ,1
ຂວຍໆໆແອບປັນຍາອອນລະຫັດບໍສົ່ງມາ,0
ສືບຕໍ່ແອບນີ້,1
ມີແຕ່ລະຫັດບໍ່ຖືກຕະຫລອດ,0
ສັ່ງໂມງນີ້ໂອເຄ.ກໍາລັງມາຕົງໂມງດີ.,1
ງ່າຍຕໍການພົວກັນ ສະດວກສະບາຍ,1
ຄັກແນ່ເດີ້,1
ຕ້ອງແກ້ໄຂດ່ວນສົ່ງລະຫັດຄືມາຍາກມາຊາແທ້ແກະຫຶແອັບນີ້ມັນເປັນຫຍັງ?ມັນລົ້ມລະບໍຖ້າບັກ22ຍັງບໍ່ສົ່ງມາ,0
ໂອເກ,1
ຂອບໃຈເດິ,1
ໄດຢູ,1
ລັບ,1
ສ້ສນຖ່ຍ,1
ບ້ານນອກ,1
ມ່ວນ.ບໍ່ເຫງົາ,1
ດີຫລາຍສະດອກສະບາຍຂ້ອຍມັກການບໍລິການດີໄວທັນໃຈເອົາໄປເລີຍ5ດາວ,1
ເຫັນທຸກຄົນ,1
ສພານບດສພ,1
ບໍ່ຮູ້ວິທີຄັ້ງ,1
ຂອບໃຈສໍາຫຼັບອາຫານ,1
ມົ້ງລີ,1
ເບິ່ງຫນັງຟັງເພງ,1
ສົງລາຍໄທ,1
ດີຫາຍໄຫ້ຄວາມຮູ້,1
ດີຂຶ້ນ,1
ຊອກສະຖານທີ່ຍາກ,1
ມີປະໂຫດ,1
ມັນມັກເປັນຄວຍອີກຍັງແອບນີ້ດຽວນີ້ຫລີ້ນຫຍາກ,0
ສະນຸກເລີຍ,1
ພອນ ວິໄລ່ສຸກ,1
ຢາກມີໂນດ,1
ມັນໃຊ້ດີ,1
ສາຍທອງພັດທະນາ,1
ເປັນຫ່າຫຍັງຕັ້ງກະບໍ່ໄດ້,0
ທະນາມຜືຖຶ,1
ຂ້ອຍເປັນຄົນດີ,1
ເງໍາຫໍາະ,1
ເອັບນີດີລາຍ,1
ລົງທະບຽນເບີບໍ່ໄດ້,0
ແອັບດີລາຍ,1
ເງິນລາງວັນຄືບໍເຂົ້າງວດວັນທີ10ຈົນຮອດ ທີ11ກະບໍໄດ້,0
ສຸດຍອດທັນການຖ້າເນັດມີແຕ່ຢາກໃຫ້ບໍລີການໂດຍບໍ່ໃຊ້ອີນເຕີເນັດຈະໃວທີ່ສຸດ,1
ອັບເດດດຸໂພດເດືອນລະຄັ້ງ.ອັບເດດແລ້ວບໍ່ເຫັນມີອັນໃດປຽ່ນແປງ,0
ກ່ໍາຄ່ຽມຄໍາມາ,1
ອັບຮູບກະບໍ່ໄດ້ເດີຄວນປັບປຸງໃຫ້ມັນກວ່ານີ້ແນ່ເດີ,0
ຍ່ຽມໄປເລືຍ,1
ແພງໃ,1
ປະສົບການບໍ່ມີມີແຕ່ຫມັ້ນໃຈວ່າໄຊ້ແລ້ວດີໃນການຕິດຕໍ່ກໍ່ພໍ,1
ທ ກະດານ,1
ດີທີສຸດໃນການໃສ່ເຟດບຸກ,1
ເຄີຍມີອາດິດທີ່ ຖ້າຢ້ອຍຄືນໄປໄດ້ເຖິ່ງແມ່ນຈະແລກດ້ວຍຊີວິດກໍ່ຈະບໍ່ເຮັດ,1
.ມມ່ຶ,1
ດີຂ້ອຍບໍມີເນັດ,1
ທໍາໄດ້ທຸກຍ່າງທຸກທີ່ທຸກສະຜານະການຂໍແຂ່ມີເທີຍູ່ຄຽງຂ້າງກາຍແຂ່ນີ້ກໍ່ພໍໃຈແລ້ວ,1
ອີນາ5ຯ,1
",ຄຶລົງທະບຽນບໍ່ໄດ້ແກ້ໄຂແນ່",0
ອັບເດດໃຫມ່ແລ້ວໂຕແຈ້ງເຕືອນກົດເຂົ້າເບິ່ງແລ້ວເປັນຫຍັງຄືແຈ້ງເຕືອນໂຕເກົ່າຕະຫຼອດປັບແປງເດີ້ບໍ່ປັບແປງຂ້ອຍສິລົບຖີ້ມສາ,0
ແກ້ໄຂແດ່ມັນເປັນເຮ່ຍຫຍັງ ເຂົ້າບໍ່ໄດ້ທັງທີ່ໃຊ້ມາແຕ່ດົນແຕ່ເປິດໂຕໃຫ່ມ,0
ເປັນແອບທີດີ,1
ສຸກກີ,1
ຊື້ເຄື່ອງໃຊ້ ແລະ ເລກໄດ້ໃນແອັບດຽວ,1
ເມື່ອໃຊ້ແລ້ວສະດວກສະບາຍຫລາຍ,1
ບອກໄດ້ຄໍາດຽວຮູ້ຈັກເພືອນຫລາຍກວ່າເກ່າ,1
ດາວໂຫລດແອັບມາແລ້ວ ແຕ່ເຂົ້າໃຊ້ງານບໍ່ໄດ້,0
ເຂົ້າບໍ່ໄດ້ເດີ ເບີ ຂ ຊື້ມາຕັ້ງເນັດບໍ່ໄດ້ອີກເບື່ອໂຄດ,0
ເຂົາບອກວ່າອັບເດດແລ້ວຊິໄດ້ 1 gb ແຕ່ຂ້ອຍອັບແລ້ວຄືບໍ່ໄດ້ ?,0
ຢາກຮູ້ວ່າເປັນຍັງໂຫດມາແລ້ວມັນເຂົ້າບໍ່ໄດ້ນ່ະ,0
ເອົາໄປ4ກອນ,1
ຫ່ວຍຫລາຍ ເງີນກະເສຍລະຊື້ເລກແຕ່ຍັງບໍ່ໄດ້,0
ແມ່ງ,1
ໂປແກມຊ້າແຮງ ລອກອິນເຂ້າຍາກໆ ເຕັ້ນອອກຕະຫຼອດ,0
ໃຊ້ວງກໄດ້ດີຫຼາຍ,1
ເວີຊັນນີ້ ເປີດບໍໄດ້ເລີຍ ແຫ່ງອັບເດດແຫ່ງມີແຕ່ບັນຫາ ພວກໃດພາເຮັດວາ ຊົ່ວຕາຍແທ້,0
ໃຫ້ອັບເດດຕະຫຼອດອັບຕາຍັງກັງແກ່ຮຸໂທສັບກູແຮງເຕັມຢູ່ນິ,0
ກະມະກອນ,1
ແຕ່ໄຊກອ່ງບ່ໄດ້ແກ່ໄຂໄຫ້ແດ່,1
ສັນຍານຢາກຊ້າຂໍໄວໄວກວ່ານີ້ເປືອງກະຍ່າເນັດນະ,0
ໃຊ້ງານດີອີຫລີ,1
ບໍ່ສາມາດເຂົ້າເລີຍ,0
ຄວາມສະດວກສະບາຍຢູ່ແອັບນີ້ແລ້ວ ບໍ່ມີເວລາໄປທະນາຄານກໍ່ສາມາດເກັບເງິນເຂົ້າແອັບກະເປົາໄດ້ ຂໍແນະນໍາວ່າດີທີ່ສຸດ.,1
ມັກແບບນີສຸດໆ,1
ອັບເດດແອັບບໍ່ໄດ້,0
ຢາກໃຫ້ພັດທະນາລະບົບດີກວ່ານີ້ເມື່ອລົງທະບຽນຊິມຢາກປຽ່ນເປັນສໍາມະໂນຄົວແຕ່ລະບົບຍັງສືບຕໍ່ກັບບັດປະຈໍາຕົວຢູ່ຄືເກົ່າ ລົງທະບຽນບໍ່ສໍາເລັດເທື່ອ,0
ເຮືວ,1
ຫ່ວຍຕາຍ ລົງແນວໃດກະບໍ່ສໍາເລັດ,0
ອະເບົ້າ,1
ແມ່ນຮຢັີິະຢແປ. ທານ,1
ວິຊາແກ້ວມະນີ,1
ດີ ລາວ,1
ພອນ ອິນທາວົງ,1
ຈັກອັນເດີບຸ ແອບກະໃຊ້ຍາກ ບອກລ໋ອກອິນອັນນັ້ນອັນນີ້ ລິ້ງອັນນັ້ນນີ້ ຮັກເຮັດຍັງກະບໍ່ໄດ້ຈັກຢ່າງ,0
ຂ້ອຍເຕັມໃຈທີຈະຈ່າຍລາຄາອາຫານທີຂ້ອຍເຫັນບໍ່ແມ່ນຢູ່ຫນ້າລາຄາ1ພໍກົດຊື້ອີກລາຄາ1 ຖ້າຈະເກັບຄ່າສົງ ຫລື ອາກອນມູນຄ່າເພີ່ມຂໍເຫັນຢູ່ຫນ້າລາຄາອາຫານກ່ອນກົດສັ່ງ,0
ມວນມາກໆ,1
ໃຊ້ໄດ້ສະດວກ,1
ມີສາລະດີ,1
ຄວນແກ້ໄຂດ່ວນລົງທະບຽນກະບໍ່ໄດ້ແລ້ວບອກ ດາວໂຫລດມາເພື່ອ .ງືດ,0
ລ້ວມໂຄດສົດບັດ.,0
ຕາຍເດີ,0
ໃຫ້ເນັດຫຼາຍເດີ,1
ໄວ ຊັດເຈນ,1
ມັນບໍ່ມີການພັດທະນາຂື້ນຕື່ມເລີຍບໍ່ເຮ້ຍລົງທຸກມື້,0
ມັກຫຼາຍຫມີ່ເຊັ່ນເຈີ່,1
ສະມັກບໍ່ໄດ້ ແກ້ໄຂແນ່ ເຮົາອັບໂຫລດວິດີໂອລົງບໍ່ໄດ້,0
ບໍລິການດີ ປະທັບໃຈ,1
ລົງທະບຽນພໍ່ມືງບໍເຂົ້າກະບໍ່ໃດ້ເຮັດມາຫາເງີນຊື່ໆຕິຫລອກໃຫ້ເຂົາເຈົ້າໂຫລດ,0
ແອບນີ້ດີຫຼາຍຂໍຂອບໃຈທີ່ສ້າງມາເພືອເຮົາແລະໃຊ້ງ່າຍສະບາຍນໍາ,1
ໄຊ້ດີໂອະ,1
ແອບກະຈອກມັກວັກເຂົ້າແອບບໍ່ໄດ້.,0
ດິມາກ,1
ພໍໄດ້,1
ສະຫນຸກ,1
ບໍ່ພັດທະນາເຂົ້່ກະເດັ້ງອອກອັບເດດກະຍັງຄືເກົ່າປານນັ້ນລະຊິຕັດແບບນີ້ກະບໍ່ໄຫວເດີ,0
ເດັກເສ່ເພ່,1
ໃຊ້ດີຢູ່ເສຍດາຍຕັດເງິນບໍ່ເຕືອນເລີຍ,1
ຄືໄດ້ອັບເດດຕະລະແທ້,1
ດາວໂຫລຼດໄຫມ່,1
ມັນຊ່ວຍໄດ້ຫຼາຍ,1
ຕົວະໃຫ້ໂຫລດຊື່ໆສຸດທ້າຍລົງບໍ່ໄດ້ໂຄດຫ່ວຍແຕກ,0
ປ່ວຖຖວແຂ້ລາວນຄໍບໍດລາວ,1
ແດັບນີ້ໄຊ້ດີມ່າກໆເລີຍ,1
ໂຄດດີແອັບສະດວກສະບາຍແຮງ,1
ສົນຕີນແຕກ ແຮງ ແອັບຮູຂີ້ເຮັດກູເສຍເວລາຖຸຍ!,0
ຍູ່ໃນໃຈສະເຫມີ,1
ເລີມແລກກໍດີດົນໆໄປເລີມແປກເຮັດພາລະກິດບໍ່ໄດ້,0
ສຽນນ້ອຍ,1
ຄຶວ່າບໍ່ເຫັ່ນເມນຸການໂອນເງີນແລ້ວ ເຂົ້າບ່ອນໃດໃຜ່ຮຸ້ບອກຂ້ອຍແດ່ ຂອບໃຈ,1
ບ່າງເທື່ອລົບແລ້ວໂຫລດໃຫມ່ມັນກະສົ່ງຮູບຫາກັນບໍ່ໄດ້,0
ສວນແບບແພ່ນແລະເນືອຫາຕົວຈີ່ງຂ້າພະເຈົ້າຈະມີຄອນເທນຕົວຢາງແຕ່ລະແບບສົງທາງໂພສະນາການ,1
ອັບເດດຕະຫລອດ ແຕ່ເຂົາກະຕອບແຊັດຂອ້ຍຊ້າຄືເກົ່າ,0
ຖ່າຍຮູບກ່າບໍ່ໄດ້,0
ຢາກລີ້ນແອ້ບນີ,1
ດີຫຼາຍເອົາໄປຫ້າດາວ,1
ແອດນີ້ດີມາກ,1
ແອັບມີບັນຫາເດີແກ້ໄຂດ່ວນ ຈັກແນວໃດ,0
ເວໍາທີໄດອ,1
ພໍ່ມຶງຕາຍ,0
ຄຶປ່ຽນແປງມົດບໍ່ເຫັນດີຄືມື້ກອ່ນແລ້ວ,0
ເປັນແອບທີດີທີ່ສຸດເລີຍ,1
ສະດວກສະບາຍ ແຕ່ບໍ່ຮູ້ວິທີເອົາເງິນເຂົ້າບັນຊີ,1
ຂອບໃຈທີ່ເຮັດແອບດີໆແບບນີ້ມາໃຫ້ລູກຄ້າຢູນິເທວໄດ້ໃຊ້ ຢາກໃຫ້100ດາວ,1
ເວລາເບິ່ງໄລ້ສົດຄືປັດຄໍາເມັນອອກບໍ່ໄດ້ນໍແຕ່ເກົ່າກ່ອນອັດເດດຍັງໄດ້,0
ເກມຄືຫລີ້ນບໍ່ໄດ້ລະ ໃຫ້ດາວດຽວເພາະເກມກະຫລີ້ນບໍ່ໄດ້ເງີນກະບໍ່ໄດ້ບໍ່ໄດ້ຫຍັງເລີຍ,0
ເມຍ ໄຊ,1
ແອັບນີດີຢູ່ ແຕ່ເວລາບໍ່ມີເນັດເບິ່ງວິດີໂອບໍ່ໄດ້,1
ໄຊ້ໄດ້ດີຫລາຍ,1
ຕ້ອຍຮັກແທ້,1
ຍນ່ດືນ,1
ຄືວ່າເກັ່ງອອກເຂົ້າບໍ່ໄດ້,0
ຊ່າ,1
ສົ່ງໄວທັນໃຈດີ,1
ແນະນໍາເຟດຄວາມຈໍາຫລາຍກ່ອນນີ້,0
ທສາລີອຸ່ນແກ້ວ,1
ຢູໂລແວງດາ,1
lvb digibank ໃຊ້ງ່າຍ ແລະ ສະດວກດີ,1
ນ້ດ,1
ບໍລິການດີຫລາຍແອບຍູມັນນີ,1
ເບີ່ງຫຍັງກະຊ້າບໍ່ຄືເກົ່າ,0
ບໍ່ຮູ້ວິທີເຕີມເງິນ,1
ໂລດມາໃຊ້ທໍາອີດກະດີດີແຕ່ດຽວນີ້ຈະເບີ່ງຍັງກະຍັງຊ້າເບີ່ງນັງມີແຕ່ຄ້າງກັບຄ້າງດາຕ້າກະໃຫ້ພໍຄືທໍາອີດແຕ່ດຽວນີ້ບໍມີຊໍາຂໍໃຫ້ດາວດຽວກ່ອນປັບປຸງແດ່ຖ້າດີຈັງຈະໃຫ້ເພີ້ມອີກ,0
ໃຊ້ພາສາລາວໄດ້ແລ້ວ.55 ເກັ່ງໆ,1
ດີຈ້າວຂ້ອຍໃຊ້ແລ້ວ,1
ແກ້ໄຂແນ່ເດີ່ ເຂົ້າໄປລະກົດໄປບໍໄດ້ເລີຍ,0
ແອັບກາກໆບໍ່ຕ້ອງເອົາດອກດາວນະ,0
ໂຫລດອອກບໍ່ໄດ້,0
ຖາມແທ້ເກມຫມູນວົງລໍ້ມີໄວ້ເພື່ຶອຫຍັງຫມູນໄດ້ແຕ່ອັບຖານະກັບຟັງເພັງຮ່ວມຫັ້ນແກ້ໄຂປັບປຸງແດ່ເດີຄັນບໍ່ລະລົບໄປເລີຍເກມຫມູນວົງລໍ້ຫັ້ນ,0
ຈ່າຍເງິນບໍ່ໄດ້ໄຫ້ຈ່າຍແຕ່ບັນຊີການຄ້າບັນຊີອື່ນບໍ່ໄດ້.ປິດສາແອບຫວຍແຕກ,0
ກອກເບີເຂົ້າ ລະຫັດເຂົ້າລະເດັ້ງອອກເປັນນໍາ ທລສ ຫຼື ແອັບ,0
ໃຫ້ດ້າຕ້າຫຼາຍໆແນ່ກະດີ,1
ອັບເດດຕະຫລອດຫ້ນາເບຶ່ອ,0
ດີມາກ. ຮຸ້ທຸກຢ່າງ. ບໍ່ວ່າຈະເປັນຂ່າວຫລືອື່ນໆສາມາດຮູ້ການເຄື່ອນໄຫວຂອງຄົນອື່ນໄດ້.ລົງຮູບໄດ້ແຖມເບີ່ງຫນັງໄດ້ອີກໂຄດດີເລີຍ,1
ກະໂປກກະໂລກກະລາerlerຕະຫລອດ,0
ດີລາຍໆແອປນີ້,1
ກໍາໂຜແ,1
ຢາກໃຫ້ປັບປຸງເລື່ອງ.,1
ມັກຫລາຍສະດວກວ່ອງໄວ,1
ກັບມາອີກແລ້ວ,1
ອັບເດດແລ້ວ ໃສ່ລະຫັດເກົ່າໄປແຈ້ງເຕືອນວ່າຜິດພາດ ໃສ່ otp ໄປ ແຈ້ງເຕືອນວ່າຄໍາຂໍຢູ່ໃນລະບົບແລ້ວ ສະຫຼຸບເຂົ້າໃຊ້ບໍ່ໄດ້ເລີຍ ເງິນຄ້າງຢູ່ໃນແອັບ ຖອນໄດ້ທາງໃດແດ່ ຕອນນີ້ເຂົ້າບໍ່ໄດ້ ຫວັງວ່າຜູ້ພັນທະນາແອັບຄົງໄດ້ອ່ານ ແລະຕ້ອງປັບປຸງແກ້ໄຂ ເພື່ອໃຫ້ສະດວກຂື້ນ. ຍັງບໍ່ໃຫ້ດາວເດີ ຂອບໃຈ.,0
ລູກຫຼິ້ນສັບສົນ ໃສລະຫັດ ປ້ອນຂໍ້ມູນແລ້ວຍັງບໍ່ໄດ້ ບາງເທື່ອອັບໂຫລດຂໍ້ມູນກໍ່ຄ້າງໂຄດນານ ບາງເທື່ອລົງທະບຽນແລ້ວໆຍັງມີຂໍ້ມູນເກົ່າຄ້າງຢູ່ ຕ້ອງໄດ້ລົບແລະຖອນການຕິດຕັ້ງແອັບຖິ້ມ ແລ້ວດາວໂຫລດໃຫມ່ຈິ່ງໄດ້ ບາງເທື່ອໃຊ້ບັດປະຈໍາຕົວບໍ່ໄດ້ໃຫ້ໃຊສໍາມະໂນຄົວ ສັບສົນສຸດໆ ບໍ່ຜ່ານ,0
ອັບເດດແລ້ວຄືເຂົ້າແອ້ບບໍໄດ້,0
ແກ້ວວົນສາ,1
ຖຶກໃຈຂ້ອຍ,1
ຊ່ວຍປັບປຸງໃນການໃຊ້ງານແນ່ເດີ່ ເດັ້ງອອກຕະຫຼອດ,0
ຈຮຂຈີຂສຈຍາຂ,1
ໃຊ້ງ່າຍສະດວກ,1
ເປັນແອັບທີ່ດີຫລາຍ,1
ເຮົາເອີ້ນລົດແລ້ວແຕ່ຍັງຮັບຄົນຂື້ນມານໍາຄືຫຍັງ? ສະເພາະບາງຄັນ,0
ມີປະໂຫຍດ,1
taum ສະບາຍດີ,1
ອ້າຍໃຫຍ່,1
ຮາຮ,1
ລະຫັດບໍ່ສົ່ງ ຂໍເບີຕິດຕໍ່ພະນັກງານເດ່ຈະໄດ້ສອບຖາມ,0
ແກ້ໄຂເດີ ລົງທະບຽນບໍ່ໄດ້,0
ໂຫລດມາແລ້ວເຂົ້າບໍໄດ້,0
ດາໂຕເຕ້ຍເອີນຈັງໄດກະໄດ,0
ສີໄດ້ລົງຢູ່ບໍ່ເບີນີ້,1
ຖືກເລກ6ໂຕດ້ວຍ.,1
ຂໍຄວາມໃວ,1
ຫລີ້ນດີແຮງ,1
ດີຫຼາຍແຕ່ໄດ້ເນັດນ້ອຍ,1
ດີຫຼາຍຖືວ່າເປັນແອັບປຽ່ນຊີວິດໃຫ້ສະດວກສະບາຍແລະວອງໄວທັນໃຈ,1
ທສຸເລ,1
ໂຊກດີຕະຫລອດໄປ,1
ພໍໃຊ້ດີຢູ່,1
.ດີຫຼາຍ,1
ໂອນງາຍໃສ່ສະບາຍດີຫລາຍ,1
ໄຊ້ຍັງຊັກຊ້າຢູ່,1
ໃຊ້ງ່າຍ ພັດທະນາຕໍ່ໄປເດີ້,1
ວ່ອງໄວ ທັນໃຈໃນການຕິດຕໍ່ພົວພັນຂໍສະແດງຄວາມຊົມເຊີຍ.,1
ໃຊ້ເບີເກົ່າໄມ້ໄດ້,0
ໂຫລດບໍ່ໄດ້ກາກແທ້,0
ເຍີ້ມ,1
ເດີແທ້,1
ໃຊ້ງານດີຫລຼາຍ,1
ໂອເຄຫລານ,1
ຕິດຕໍ່ເພືອນໆໄດ້ດີຫລາຍ,1
ປະຍັດເງີນອີກໄດ້ບໍ,1
ໂດຍຂອບໄຈ,1
ທໍາອິດເຕີມບັດໄດ້ຄະແນນ ດົນໆໄປເຕີມບໍ່ໄດ້ຫຍັງເລີຍ ແນ້ວນິ້ລະຂອງລ,0
ເປີດໄຫ້ຫລີ້ນໄດ້ແຫນ່,1
ບໍ່ສະບໍ່າຍ,1
ແກ້ໄຂແດ່ເດີແອັບເຂົ້າຫຍັງກະບໍ່ໄດ້ຫມຸນຢູ່ຕະຫຼອດສິເບີ່ງຜົນເລກອອກຫລືເບີ່ງບີນກະບໍ່ໄດ້,0
ຂາດການເຊື່ອມຕໍ່,1
ແກ້ໄຂການແຈ້ງເຕືອນແນ່ປັນຫາຫລັກໆທີ່ເຈີປະຈໍາ,0
ເຂົ້າສູລະບົບກະບໍ່ໄດ້,0
ປໍກໍ ລາວ,1
server ບໍ່ຕອບສະຫນອງບາງຄັ້ງ ຫຼາຍນາທີ,0
ພິນ,1
ດີຫຼາຍຢານໄຫ້ແກ້ໄຂໄຫ້ດີຂື້ນກວ່ານີ້ 1 ນາມສັດ,1
ດີຫລາຍເດີເຈົ້າ,1
ດາວດຽວກະບູນຫົວແລ້ວເອົາໄປຖີ້ມສາ,0
ໂຫລດມາແລ້ວເຂົ້າບໍ່ໄດ້,0
ນອ້ງຕຸກຕາ,1
ໂລດບໍໄດ້ຈັກເທື່ອປີນຢູ່ຕະຫຣອດ,0
ແອປມັກບັກໂອນເງິນໄປແລ້ວຕັດເອົາເງິນ2ເທືອແກ້ໄຂແນ່ເດີ,0
ໃຊ້ງານດີ ມີຄວາມປອດໄພສູ່ງ,1
ຢາກໃຫ້ມູນໄດ້ໃຈແດ່,1
ສະດວກເປັນປະໂຫຍກ,1
ກາກນາກ,0
ຕິດຕັ້ງ,1
ຂໍຂອບໄຈທາງທີມງານສປປລາວ,1
ຫລີ້ນບໍ່ໄດ້ມັນເປັນຫຍັງ,1
ໃຫ້ດາວດຽວປັ່ນ10ເທື່ອບໍ່ໄດ້ຫຍັງມີແຕ່ໃຫ້ຟັງເພງຮ່ອມກັນຕາຍໆແບບນີ້,0
ແອັບນີ້ໃຊ້ຄັກ ສະດວກ ວ່ອງໄວ ທີ່ສໍາຄັນ ປອດໄພ,1
ໄຊຕໍໄປ,1
ເອວາ ຝ,1
ເຮັດສົມບຸນ,1
ໂອເຄ ໃຊ້ດີທີ່ສຸດ,1
ໃຊ້ວັອດແອັບ,1
ຄົບຈົບໃນແອັບດ່ຽວເລື່ອງຮັກສາເງິນ,1
ສົນຕີນສະຫມັກບໍໄດ້,0
ສະບາຍດີ ແລະມີປະໂຫຍດ,1
ຍັງຄັບ,1
ສົ່ງລະຫັດໂຄດຊ້າ,0
ຢາກມີແຟນດີໆແບບເຈົ້າເດ,1
ຊ້າເກີນແຈ້ງເຕືອນເງິນເຂົ້າກະບໍ່ມີ,0
ມັກໄຊ ເຟດບຸກນີແລະ,1
okຄັກແລ້ວ,1
ອັບໂລດເຟດຍາກ,0
ພໍ່ມືງຕາຍ ຜູ້ຄິດຄົ້ນລາວແອັບ,0
ແອັບນີ້ໃຊ້ງານບໍ່ໄດ້ເສຍເວລາຫຼາຍເກີນໄປ,0
ແບບໄມ້,1
ເຂົ້າເຟສຄືກະບໍ່ໄດ້,0
ສາວແພບໍ່ສົນຄໍາໃຜ,1
ຂໍ່ໄດ່ແຟ່ນງາມໆ,1
ຕ້ອງການສິ່ງນີ້,1
ຖ້າເຮົາໃຊ້ເບີ່ຫລັກ7ແລ້ວໂທບໍ່ໄດ້ ຖ້າແກ້ໂຕນີ້ໄດ້ ດີຫມົດເລີຍ,1
ສະດວກວ່ອງໄວຫນັ້ນໃຈກັບbcel,1
ຂໍໃຈ ຢ່າໃດ້ເກນຟີຟາຍໂປ,1
ແອັບຫ່ວຍແຕກ,0
ຕຕີິ,1
ດີດີປາກ. ກາງ. ມັນ.ຊ້່າໆໆ,1
ຂອ້ຍຄືໃຊ້ບໍ່ໄດ້ ປົກກະຕິໃຊ້ໄດ້,0
ແອັປດີ,1
ຕ້ອງການເຂົ້າ,1
ໃຫ້ທໍນີ້ກອ່ນ,1
ໃຊ້ແລ້ວສະດວກສະບາຍ ເລື່ອງການຂົນສົ່ງຕ້ອງ hal express,1
ດີມາກແອບນິ້,1
ແອບຖືກມັນດີແຕ່ຄົນຈະໃຊ້ຫລາຍກວ່ານີ້ຖ້າພວກເຈົ້າບໍ່ເລືອກລາຄາຢາກໄດ້ແຕ່ລາຄາສູງໆ ບໍ່ແລ້ວໃນລະບົບບອກຊັດເຈນຍັງຕໍ່ອີກບໍ່ໃຫ້ບໍ່ໄປໃຫ້ຈ້າງໃຫມ່ບໍ່ພໍຈ້າງໃຫມ່ກະບໍ່ມີໃຜຮັບອີກ,0
ດີໆຫລາຍຈຮາ,1
ເຂົ້າໄປລະເປັນຫນ້າຕ່າງວ່າງເປົ່າແກ້ໄຂດ່ວນ,0
ຄົ້ນຫາແຟນ,1
ດີຫຼາຍ,1
ບໍ່ມີຄຸນນະພາບໃຫ້ໄປເອົາເຄື່ອງແຕ່ວານນີ້ຫາແຕ່ຕອບໂຄດຄວາຍແອບນີ້,0
ເຊີນເພື່ອນຕິດຕັ້ງບໍ່ໄດ້ ແກ້ໄຂດ່ວນ,0
ຍອດຢຢ້ຽມ,1
ຊາເອີ,1
ລະບົບບໍ່ລື່ນປານໃດ ໂຫລດຊ້າໂພດ,0
ອັບເດດຕະຫຼອດວຸ້ນວາຍ,0
ເພື່ອຮັບຮູ້ຂ່າວສານ,1
okດີ,1
ທ ບຸກວາ່ງ,1
ດິໆລ້າຍເດິ່,1
ປັບປຸງແນ່ເດີ່ ເຂົ້າຍາກຫລາຍ ເຂົ້າເທື່ອນື່ງໃຊ້ເວລາດົນຫລາຍ,0
ຊື້ຄືບໍ່ໄດ້ແລ້ວດຽວນິຄວນປັບປຸງແດ່,0
ຄືຈ່າຍຄ່າໂທລະສັບບໍ່ໄດ້,0
ດາວໂຫຼດມາຕິດຕັ້ງແລ້ວ ແຕ່ບໍ່ສາມາເປີດແອບນີ້ໄດ້,0
ດາວໂຫລດມາເຂົ້າໄດ້ແຕ່ເທື່ອຫນຶ່ງລະ,0
ດີຫຼາຍຢາກປະເທດລາວ,1
ທໍາໄມເຂົ້າແອບບໍ່ໃດ້,0
ຝາກແດ່.ຖ້າໃຜໃສ່ລະຫັດຂ້ອຍນີ້ທັກມາຫາເລີຍຊີແຈກບັດໂທລະສັບໃຫ້ຄົຮລະ1ບັດເດີ ເບີແອບ22730592 ລະຫັດແນະນໍາ 20866061,1
"ຂໍເຜີງພາໄປກັບທ່ານແລະຂໍໃຫ້ທ່ານຊ່ອຍດ້ານພາສາແດ່ເດີ້ຫວັງວ່າທ່ານຈະໃຫ້ເມດຕາຫມອບຄວາມສະດອກຕໍ່ການແປພາສາໃຫ້ຂ່ານ້ອຍເຂົ້າໃຈງ່າຍຂື້ນແລະຂໍອອນໃຫ້ຫມອບໃຫ້ແກ່ທ່ານຈົ່ງເກົ້າຫນ້າໄປໃຫ້ເຖີງຈຸກສູງສຸດຂອງທີ່ທ່ານຫວັງ,",1
ສາວ ຜິງ ຄົນ ເດີມ,1
ເປັນຍັງເບີຕັ້ງໂຕະຈືງຕັ້ງບໍໄດ້ ໃຫ້ເບີຕັ້ງໂຕະລີນແດ່ແມ່,0
ເຂົ້າເບິ່ງກະບໍໄດ້ແລ້ວ ແລະກະຊ້າຫລາຍ,0
ຄະແນເປັນເປັນແສນເຕີມເງິນບຊ່ໄດ້ໂຄດຈະຫ່ວຍ,0
ເລີດທີ່ສຸດໄປເລີຍແອັບນີ້,1
ນນໍານພຮ,1
ດີທີ່ສູດແລ້ວ,1
ຮັກສາລະບງບ,1
ໄຊຍະເດດ,1
ເປັນຫນື່ງແອບມີນະວັດຕະກໍາດ້ານເທັກໂນໂລຍີໃຫມ່ໆ ສາມາດຈ່າຍຜ່ານລະບົບການໂອນທັງພາຍໃນແລະນອກເຄືອຂ່າຍ ສາມາດຈ່າຍຄ່ານ້ໍາຄ່າໄຟ ຕື່ມບັດສະດວດສະບາຍ ແລະ ຍັງເປັນຕົວປະເມີນຊັບສິນແລະຫນີ້ສິນຂອງທ່ານອີກດ້ວຍ,1
ຂໍເນັດເພີມອີກ,1
ຊໍາລະເງີນ,1
ເພາະເຮັດໃຫ້ສະດວກສະບາຍໃນສັງຄົມ,1
ໂດນໄຈມາກໆ,1
ໃຫ້ເນັດຫຼາຍແດ່,1
ຈະິນຄ,1
ເຂົ້າໃຊ້ງານບໍ່ໃດ,0
ຢາກໃຫ້ມີການປັບປຸງໃຫ້ໄຊ້ງານດີກວ້ານີ້,1
ຍັງບໍປະສົບ,1
ນອ້ຍເອັມມີ້ ພົງອຸດົມ,1
ຮັກແທ້,1
ຣີວິວ,1
ພະນັກງານຕາຍເບິດລະບໍ່ເຮັດພາລະກິດລາຍວັນກະບໍ່ສົ່ງເນັດມາໄຫ້ຈັກເທືອ,0
ຄໍາສເນຍ,1
ຮັກຄົນນັນ,1
ບໍ່ລິການ ບໍ່ດີ ເວລາ ບໍ່ຄົງທີ່ ໃຊ້ຂໍ້ມູນບໍ່ຖຶກຕ້ອງ,0
ໄຫ້ຮູ້ຄວາມກາ້ວຫນ້າ,1
ນີຢົມ,1
ໃຊ້ມາໄດ້10ປີແຕ່ຍັງດີຮຄືເກົ່າ,1
ຄືດາກກູນິຄືທຸກແຮງເນາະຕົວະໄຫ້ກູດາວໂຫລດ,0
ຊວ່ງນີ້ຄືສັ່ງອາຫານບໍ່ໄດ້ເຂົ້າໄປກະວ່າຮັບອາຫານບໍ່ໄດ້,0
ເລີດມ້າກາ,1
ຫຼວງ,1
ເຈົ້າຄວນປັບປຸງແອບແດ່ເຂົ້າກໍ້ຢາກອອກກໍ້ຢາກຈະເວົ້າແທ້ຄືເຂົ້າບໍ່ໄດ້ເລີຍມັນຫວຍໂຄດດ,0
ແອບຫັວໂຄຍ,0
ໃຫ້ເຈົ້າເກັ່ງດີຫົມ,1
ຂໍຕັ້ງວອດແອບໃຫມ,1
ອັບເດດຈັກເທືອວະ,0
ຟາກເຖິ່ງສູນບໍລິການມື້ໃດສິອານຸມັດຂໍ້ມູນເບີໂທລະສັບຖາມາ3ມື້ລະໃດນິ ສູນລະເດີບາດນິ,0
ໃຊໄປໄລຍະຫນື່ງພໍມີເງິນໃນບັນຊີແນ່ ມັນກະບ໊ອກບັນຊີ,0
ຫນັງເອກ,1
ຂໍ່ໄຫ້ໂລດຫຼິ້ນໄດ້ແດ່,1
ຢູ່ດີໆກະລົບແອັບກູຖີ້ມໂລດກັບຄືນກະບໍ່ໄດ້ແອັບຫົວຄວາຍໂງ່ຈ້າໂພດແອັບຄວາຍແອັນສົ້ນຕີນຂໍໃຫ້ເຈັງ,0
ຍອດນິ້ຍົມ,1
ແອບນີ້ມີປະໂຫຍດຫຼາຍສໍາລັຍຂ້ອຍ,1
"ໃຊ້ເປັນດີຫລາໃຊ້ບໍ່ເປັນອັບປະໂຫຍດ ,ຂໍໂທດກົດມົ່ວຮຽນບໍ່ຈົບ ຢາກຮູ້ ຢາກເຫັນຕາມພາສາຄົນແກ່.",1
ຕັ້ງຢາກອີ້ຕາຍນິເຮັດແນວໃດກາບໍ່ໄດ້ແນະນໍາຕາຍຮາ່ຫັຍງມັກສົງຂໍຄວາມຫາຕະຫອດຼບາດມາຕັ້ງທີແທ້ບໍ່ໄດ້ບໍ່ຮາ່ຫັຍງຫນວ່ຍງານນີ້ແກ້ໄຂໃຫ້ແດ່ເດີຢາກຕັ້ງຢູ່ແຕ່ຕັ້ງບໍ່ໄດ້ມີແຕ່ເນາະນໍາແຕ່ເງືອນໄຂບາດເຂົາລະບໍ່ໄດ້ຫັຍງ,0
ຢາກໃຫ້ຄົນລົງທະບຽນຫາກເຂົ້າແລ້ວເດັ່ງອອກຕະຫລອດ ຄວນປັບປຸງ,0
ບັກນຸຍການຮຽນອອນພຽນສູ່ເຂົ້າບໍ່ໄດ້ເພາະມັນບໍ່ເປັ່ງຄືຄົນອືນເຮັດແນວໃດກະບໍ່ໄດ້,0
ໂຄດກາກເຂົ້າກະບໍ່ໄດ້,0
ຂໍ້ໄຫ້ພັດທະນາເລືອຍໆເລີຍເດີແອັບນິ,1
ຕີ່ປະເສີດ,1
ບໍ່ຄອຍຊຽ້ວຊານເທົາໃດ,1
ແອັບຂີ້ກາກ ອັບເດດຫາຕາຍຫຍັງ ຄັນອັບແລະເຮັດຫ່າຫຍັງກະຍາກ ປັນຍາອ່ອນ ເບິ່ງແອັບໄທແນ່ ຊັດເຈນ ບໍ່ແມ່ນໄປແອັບອື່ນ ສິໄປເອົາ otp ກົດເຂົ້າມາໃຫມ່ພັດອອກໃຫ້ລະ ກະເຮັດໃຫ້ມັນຈື່ຕີ້ ເຮັດດີໆແນ່ ກັບອັນແຊັດນະ ເຮັດມາຫາຕາຍຫຍັງ ບໍ່ມີໃຜໃຊ້ດອກ ຂະເຈົ້າມີແອັບສົ່ງຂໍ້ຄວາມຂະເຈົ້າແລ້ວ ສະຫມອງມີກະຄິດແນ່ ເຮັດສະມັກແພັກເກັດ ເຊັກເງິນ ເຊັກແພັດເກັດປັດຈຸບັນໃຫ້ມັນດີໃຊ້ງ່າຍຢູ່ຫນ້າຈໍຫຼັດກະພໍແລ້ວ ເຮັດແນວບໍ່ເປັນຕາສະແຕກ,0
ດີຫລາຍໆໆ,1
ແຕ່ກ່ອນໃຊ້ດີຢູ່ແລ້ວ ມາບາດນີ້ຄື່ໂຄດກາກພັດທະນາລົງ ບໍ,0
ເຟດມີປັນຫາເຂົ້າເບີ່ງເຟດຫມູ່ບໍ່ເປັນພາບແລະເວລາຫລີ້ນເຟດກະເດັ້ງອອກເອງ,0
ເຊີເກມ,1
ຢາກໃຫ້ເຈົ້າຂອງຜູ້ຊື້ກະໄດ້ເງິນເປີເຊັນນໍາ ຊ່ວຍປັບປຸງດ່ວນ,0
ມີແອບນີ້ຊະດວກທຸກເລຶ້ອງເລີຍ,1
ແອັບຜີບ້າໂຫຼດມາລະໄດ້ຫຍັງປີ່ນວົງລໍ້ກະຖືກແຕ່ຟັງເພງຮ່ວມ ອັບເດດຖານະ ສິເຂົ້າລະບົບກະຈັກໄປເອົາຂອງໃຜມາໃສ່ກົດອອກກະບໍ່ໄດ້ເຊີນປັບປຸງແນ່ເດີ,0
ແຍລົງ,0
ໂຄ້ດເບື່ອເລີຍມື້ເຊົ້າສັ່ງອໍເດີ້ໄດ້ປົກກະຕິພໍມາຕອນສວຍຫຼາຍຮ້ານຜັດບໍ່ຮັບສັ່ງອໍເດີ້ເພາະຢູ່ໄກທັ້ງໆທີ່ຕອນເຊົ້າຍັງສັ່ງໄດ້ ເປັນມາຫຼາຍເທື່ອລະອີ່ແອັບນີ້ຫນິບໍ່ຄິດຈະແກ້ຈັກເທື່ອ,0
ຈ່ອຍຈ່ອຍ,1
ຕິດຕັງໄມ,1
ເຂົ້າພິມເບີລະບໍ່ສົ່ງລະຫັດ ເບີກະຖືກປັບປຸງແດ່,0
ມີຄວາມເປັນໄປໄດ້ ສູງໃນດານຕິດຕໍ່ກັບເພືອ່ນໆ,1
ແອັບຂີ້ກາກກົດເອົາເນັດກະບໍ່ໄດ້,0
ໄຊໄດ້ທັນໃຈ,1
ດີຫົມ,1
ກັນມາ,1
ພະນັກວານບໍານານ ກະຊວງສຶກສາທິການແລະກິລາ,1
ດີມາ,1
ຂື້ນທະບຽນເບີບໍ່ໄດ້ສົ່ງຂໍ້ມູນລະຫນ້າຈໍຂາວ,0
ການນໍາໃຊ້ແອັບແລະການເຂົ້າແອັບຍັງຢາກຊັກຊ້າ ເນັດດີຊໍາໃດຍັງຫມູນຕີ້ວຢູ່ ຄວນປັບປຸງແນ່ ຖ້າປັບປຸງໃຫ້ໄຫລລື້ນກ່ອນນີ້ຈະມາເພີ່ມດາວໃຫ້ໃຫມ່,0
ເອີ.ດີນະຂໍໃຫ້ມີເລກນາມສັດອິກເດ,1
ເກຶອບດີ,1
ເລ້ເຮີຍນາວົງ,1
ຂໍໃຫ້ທານ,1
ແອບຫຍັງວະຖາມແດ່ເຂົ້າແອບກະບຊ່ໄດ້ກະບຸນາແປງແອບແດ່ເດີ,0
ໃຊດີນີ້ຄືຄວາມຄິດເຫັນຈ້າກຄົນລາວເດີ ພວ້ກຫນ້າຫມາ,1
ຂັດຂ້ອງ,0
ເລິດມາກ,1
ທາງສູນບໍລິການລົງທະບຽນເບີໃຫ້ແລ້ວ ແຕ່ເຂົ້າໄປໃນແອັບບອກວ່າເບີຍັງບໍ່ໄດ້ລົງທະບຽນ ບໍ່ເຂົ້າໃຈ,0
ແຫ່ງອັບແຫ່ງຫ່ວຍແຕກ ເບິ່ງtvບໍ່ໄດ້ແລ້ວ,0
ເສຍດາຍມັກບ໋ອກໂດຍບໍ່ມີເຫດຜົນ,1
ຕັ້ງເຜັດ,1
ໃຊ້ໄດ້ດີຫລາຍຖອນງ່າຍໂອນສະບາຍຖືກໃຈ,1
ໄຊ້ການດີ,1
ແອບນີ້ດີນະຖ້າຍັງໃຊ້ໄດ້ເລີຍ,1
ເຕີມວີແຊັດໄດ້ບໍຖາມແນ່,0
ດີຄຮັບໆ,1
ແອັບມີບັນຫາເພາະຕອນນີ້ເຮົາໂທໄປຫາຫມູບໍ່ໄດ້,0
ສະບາຍຊ່ວຍຫຼາຍ,1
ຕອມ ອີນທະໄມ້,1
ຕັ້ງຢາກຄົງສິບໍ່ໄດ້ແດກຫລອກ,0
ຈງັຖງ,1
ມັກດີຂື້ນ,1
ຖ້າເວົ້າເລື່ອງການບໍລິການແມ່ນເລືອກຮຸ່ງອາລຸນເລີຍ ພະນັກງານໃຈດີເວົ້າມ່ວນ,1
ວງຽໄຊ. ອໍາໄພພອານ,1
ເປັນແມ່ມັນຫຍັງສະຫມັກກະບໍ່ໄດ້,0
ດາວໂຫລດໄມ່ໄດ້,1
ດີເປັນແອບຄົນລາວ,1
ໃຫ້ເງິນລາຍແນ່ຢາກະທີ,1
ໃສ່ໄດ້ດີຄ່ະ,1
ເຂົ້າບໍ່ໃດ,0
ກີ້,1
ລົງທະບຽນຍາກໂຄດ,0
ບຸນມີ,1
ບໍ່ໄດ້ໃຈບໍ່ຄຶເກົ່າ,0
ເອົາເງີນໄດ້ເຢີ,1
ອີຫຍັງບັບເກດຕັ້ງ1gb ອັບບໍ່ໄດ້ອືກຕາງຫາກ 1ດາວພໍ,0
ພົມຮັກ,1
ໃຊ້ແລ້ວດີບໍ່ໄດ້ໂມ້,1
ແວນ,1
ໃຫ້ບໍລິການດີຫລາຍຂໍຂອບໃຈ,1
ເຂົ້າໄຈແລ້ວ,1
ອັບເດດລ່າສຸດນີ້ຫມຸນຖືກແຕ່ພັງເພລງກັບເບິ່ງວີດີໂອ,0
ສຸດຍອດແລະລາກຫຼາຍລາຍການ,1
ໂຄດພໍ່ໂຄດແມ່ດີ,1
ເຂົ້າໄປແລ້ວເດັ້ງອອກເຂົ້າບໍ່ໄດ້ອີກເລີຍກາກໂພດ,0
ເຂົ້າບໍ່ໄດ້ສົ່ງລະຫັດມາແລ້ວກໍ່ເດັ່ງອອກອີກປັດປຸງດ່ວນບໍ່ດັ່ງນັ້ນລົງທະບຽນເບີບໍ່ໄດ້ແທ້ໆ,0
ປຽ່ນເບີລະເຂົ້າບໍໄດ້,0
ໃຊ້ການໄດ້ດີ,1
ທຄໍາສານ,1
ພຸມໃຈທີສຸດທີ່ໄດ້ໃຊ້ຢູນີເທວ,1
ຮູ້ແຕ່ວ່າໃຊ້ດີເລື່ອຍມາບາງທີກໍ່ຂັດຂ້ອງເລັກນ້ອຍ,1
ດີ.ໆໆໆ,1
ດີທີ່ສຸດ ເຊີນເພື່ອນກະໄດ້ເນັດ,1
ເອິນລົດໂຄດພໍ່ໂຄດແມ່ມັນຍາກຫລາຍເອິນເປັນ20ເທື່ອກະບໍ່ໄດ້ຜິດຫວັງກັບບໍລິສັດແຮງ,0
"ແອັບດີມີຄຸນນະພາບໄຊ້ງານງ່າຍໂອນໄວ,",1
ລົງທະບຽນຍັງບໍ່ໄດ້ແກ້ໄຂ້ດ່ວນ,0
ໂຄດດີເລີຍຍຝາກເຄື່ອງເອງກ່າໄດ້,1
ແກວໃນ,1
ໃຊ້ປະຈໍາ,1
ບາງຄັ້ງເຂົ້າບໍໄດ້,0
ດີສຸດໆໄປເລີຍ,1
ດີທີສຸດທີເຄິຍໄຊມາ,1
.ຊອບມາກ,1
ຄັກຫຼາຍຫຼືດີແລະມ່ວນເນະ,1
ອັບເດດຊ້າແຮງ,0
ແອັບຊ້າແຮງ ຄິດວ່າເປັນນໍາເນັດ ກວ່າຈະເຂົ້າໄດ້ແຕ່ລະມື້ ລ້າສຸດລັອກອິນຮອດບໍ່ໄດ້,0
ໃຊ້ງານດີແຮງ,1
ມັນຄືສ່ວນ1ຂອງຊີວິດແລ້ວລະ,1
ສະດວກສະບາຍສໍາລັບແອັບນີ້ ແຖມຊື້ຫວຍໄດ້ອີກຂອບໃຈຫຼາຍເດີ,1
ລໍຖ້າອະນຸມັດຊິເປັນອາທິດຫນຶ່ງລະ ກວດສອບຂໍ້ມູນດົນປານນັ້ນເລີຍຕິ,0
ຢາກໄດ້ລາງວັນ,1
ພໍເຂົ້າໄປເອົາເບີໃສກະພັດບໍ່ໃດ້ຍາກເກີນ,0
ໃຊ້ສະດວກສະບາຍ,1
ເຂົ້າລົງທະບຽນເບີຍູ່ມ່ອງkyc ເຂົ້າຈັງໃດກະບໍ່ໄດ້ແກ້ໄຂແດ່,0
ພັດທະນາຕໍ່ໃປ,1
ຖ້າມືງບໍ່ອັບເດດໂມດເດີ່ມກູບແອບມືງອອກສັດ.ມຶງຍ້ານມຶງທຸກບໍ່ໂຄດແມ່ມຶງ,0
ດຮີຫຼາຍນາ່,1
ດີທີສຸດເລຍ,1
ລີ້ນເຟດໂຄດມວ່ນເລີຍ,1
ແຍ່ມາກໃນການເຊື່ອຕໍ່ກັບອີນເຕີເນັດໂຄດຊ້າເລີຍ,0
ດີແທ້ເລີຍ,1
ຂ້ອຍຢາກໃຫ້ເພີ່ມທະນາຄານພັດທະນາລາວຕື່ມອີກແດ່ເພາະຂ້ອຍໃຊ້ໂຕນີ້,1
ກາກ ໂອນເງິນບໍ່ໄດ້ແກ່ໄຂດ່ວນ,0
ທືລຶນມັຍ ສິດຄໍາພີລາ,1
ອັບໂຫຼດຂໍ້ມູນເປັນຊົ່ວໂມງຍັງບໍ່ໄດ້,0
ທໍ່ປໍຊົ່ງ ຊາຍລໍວາຕູ້,1
ແອບນີ້ສຸຍອດ,1
ມັກແຮງເວລາຊື້ຫວຍກະງ່າຍຖືກປຶບໂອນເຂົ້າບັນຊີເຮົາປັບແຖມຍັງໄດ້ເງິນຄືນ5 15 ອີກຖ້າໃຜຢາກໄດ້ເງິນຄືນແນະນໍາໃຫ້ໃສ່ລະຫັດ 80109922 5 15 80109922,1
ໂຫລດບໍ່ໄດ້ ເອົາໄປ1ດາວ ມັນຊ່ວຍປະຢັດເງີນ,0
ບໍ່ລິການດີມາກຄ່ະ,1
ບໍ່ດີເລີຍ.!,0
ສະບາຍດີ,1
ປະສົບການທີ່ຫມາ້ສົນໃຈ,1
ຕ້ອງການນໍາ້ຍາມາໃສ່ໄມ້ເກດຊະຫນາ,0
ດີດີ .,1
ມວນລ້າຍ,1
ປະສົບການກ່ຽວກັບຫົວຫນ່ວຍທຸລະກິດ,1
ໄຊຊະນະອັນຍິ່ງໃຫຍ່,1
ຍໂປ,1
ດີະພະພໍາພຖ,1
ຫລິນສະດວກຍູ.,1
ເຮັດໃຫ້ຮູ້ໂລກທີ່ກວ້າງໄກ,1
ການອັບເດດລົມກວນຕະຫລອດເວລາ,0
ບໍເຫັນຂໍຄວາມແຊັດຂືນນາຈໍ,1
ແອັບນີ້ໃຊ້ງ່າຍແລ້ວກະສະດວມສາມາດແຊັດແລ້ວກະວິດີໂອຄໍໄດ້ອີກ,1
ປີ2024ເຫັນດີນໍາແຕ່ມາເຖິງປັດຈຸບັນບໍ່ເປັນຕາພໍຄິດໆດູດີນະຕອນແລກອາດຈະງົງໆແຕ່ກໍດີ,1
ຊື້ງາຍສະດວກວອງໄວທັນໃຈປອດໄຟ,1
ດີແນ,1
ໄຊ້ໄດ້ດີມີປະໂຫຍດ,1
ໃຊ້ດີຫາຍ,1
ເລ່ນແລ້ວໃດ້ອີ່ຫລີດີຫລາຍໆ,1
ຂ້ອຍມັກທີ່ສຸດ,1
ບໍມີບ່ອນຖອນເງີນ ແລະ ຄ່າບໍລິການແພງໂພດ,0
ຕ້ອງການແທ້,1
ບໍລິການດີ,1
ປັບປຸງໃຫ້ເຂົ້າກັບໂທລະສັບທຸກແບບແນ່,0
ມີການຂັດຂ່ອງທາງເຄື່ອງ,0
ເຂ້າລະບົບກະບ່ໄດ້ ປັບປຸ່ງໄຫມ່,0
ອັນຍາມຈໍາເປັນບາງຊວງກະເຂົ້າບໍ່ໄດ້ ພວກຜູ້ພັດທະນາກາກໆ ຈ້າງພວກໄຫມ່ສະເດີ ພວກກະຈອກໆ ເອົາມັນອອກວຽກຫມົດໂລດ,0
ມີໄຈຢູແຕ່ບ່ໍມ7ພົນ,1
ຟ້າຫັລງຝົນ,1
ສຸດໆດີ,1
ບໍເປັນຕາຊິແຕກຂຽນລະຫັດເປັນ10ເທື່ອ20ເທື່ອກະບໍ່ໄດ້,0
ຂໍໃຫ້ໂຊກດີ,1
ຄັກສຸດຈາກຄໍາຄ່ອງແກ້ວມະນີວົງ ຈວ້ດໆມັນໆກັນເລີຍ,1
ຫວຍແຕກຫລາຍເຊີນປັບປຸງແດ່,0
ຕ້ອງດາວໂຫລດໂດຍດ່ວນ,1
ບໍ່ໄດ້ຕາມທີ່ສັ່ງແລະກໍຍັງຕ້ອງຈ່າຍລາຄາເດີມທັ່ງໆທີ່ບໍ່ໄດ້ສີ່ງທີ່ສັ່ງ,0
ເຕີມເງີນເຂົ້າຊິມບໍ່ໄດ້ກວດກາໄຫ້ແນ່,0
ດີຍ້ງມ,1
ຢາກຮູ້ດາວເຮົາຫນູນຖືກເອົາໄປແລກຫຍັງໄດ້ແດ່,0
ດີມາກ.,1
ແອັບນີ້ດີມາກມາກ,1
ແອິດ,1
ຈ່ອຍ ນາມສະກຸນ ຈັນທະລາ,1
ແອັບນີ້ດີຫຼາຍ ລີ້ນງ່າຍໃຫ້ເລີຍ5ດາວ,1
ເອີ້,1
ເພື່ອນໄຊຈະເລີນ,1
ລະຫັດບໍສົງມາແກ້ໄຂແນວໃດ,0
ໃຊ້ດີຫຼາຍ ຄົບທຸກຢ່າງໃນແອັບດຽວ,1
ແອບນີ້ສຸດຍອດຫລາຍ,1
ໄຟໄ,1
ຮັກມາກກກຄັບ,1
ໂທລະສັບຂ້ອຍກົດເຂົ້າຫນ້າເອີ້ນລົດບໍ່ໄດ້ ກົດແລ້ວມີແຕ່ສີຂາວບໍ່ມີເມນູຫຍັງອອກມາ ຈະແກ້ໄຂແນວໃດ,0
ສຸດຢອດເລີຍ,1
ຫ້າມໃຫ້ຄົນອື່ນນອກຂ້າພະເຈ້າເອງ,1
ເນັດຫ່າຫຍັງໂຄດຊ້າໃຜໃຊ້ກະໃຊ້ໂລດຫລັກ7ກັບຫລັກ5ນິສູນຂີ້ກາກ,0
ບໍ່ດີປານໄດ້,0
ໂຄດສົ້ນຕີນ,0
ຕິດຕາມີສາລິ,1
ຄັກຫຼາຍໂຫລດງ່າຍຖືກໃຈຄັກ,1
ປ່ຽນພາສາໃຫ້ແດ່,1
ດີຫຼາຍສຸດຢອດເລີຍງ່າຍສະດວກສະບາຍຄູ້ມຄ່າປະຢັດເວລາອີ,1
ດີຫມາກກກ ເລີດດ,1
ເຄື່ອງໃຊ້ໃນການຈັດການເຄືອງນີ້.ດີ.ok.ok.ok.,1
ລດິ,1
ເສຍໄຈໄມ,1
ເປັນຫຍັງເງີນຫມົດໄວແທ້,1
ແອັບນີ້ໃຊ້ງານບໍ່ໄດ້ຈິງ,0
ຄືສະແກນqrບໍ່ໄດ້,0
ສິດວກດີ,1
ຂອບໃຈ55,1
ເຮັດມາເພືອຫຍັງລົງທະບຽນບໍ່ໄດ້,0
ກໍາລັງອັບໂລດບົດລາຍລະອຽດຂອງແອັບເຂົ້າ,1
ດີມາກຈາກສາວລາວສິວສເຕນຶຍອງມິສ,1
ສາວລອດບຸນມີ,1
ໄຊ້ຍາກຫລາຍວອດແອັບບໍ່ແຈ້ງເຕືອນ,0
ເຂົ້າອິຊີວັນບໍ່ໄດ້ເຮົາຄວນເຮັດແນວໃດ,1
ດີດີຫຼາຍຫຼາຍ,1
ດີຫຼາຍທີໄດ້ຂ່າວສານໄວ້,1
ອານຸມັດ,1
ບໍ່ໍບັງຄັບ,1
ເພື່ອຮັບຮູ້,1
ເຂົ້າຍາກ ຊ,0
ຂໍໃຫ້ໄດ້,1
ສະດວກໃນການຊື້ແລະບໍລິການ,1
ໃຫ້5ດາວແລ້ວຢາກມີຄົນແຊັດຫາ,1
ແອັບນີ້ອັບເດດມາຄືສົ້ນຕີນນິຢາກໄດ້ແຕ່ເງິນໂຄດແມ່ມຶງເອົາ i lucky ທໍາມະດາອອກມີແຕ່ i lucky premium ໃຫ້ເສຍເງິນ200ກີບເພື່ອຫມຸນຫມາກິນຄວາມຄຶດໃຜສິໃຊ້ແອັບກັບເບີສູອະນາຄົດລົ້ມລະລາຍ100 ແນ່ນອນ,0
ໄຊພິສິດ ບິນຖາວອນ,1
ສົ້ມ,0
ເປັນແອັບທີ່ດີ,1
ມັນເຮັດໃຫ້ເຮົາສາມາດຄົ້ນເຫັນສິ່ງທີ່ເຮົາຕ້ອງການ,1
ອັບເດດຕະຫຼອດໂຫຼດມາເສຍພື້ນທີຊື່ໆ,0
ເປີດໂລກໄຫ້ກວ້າງຂື້ນ.,1
ງາມຫລາຍ,1
ມີສາຣະ,1
ໄກ່ຍ່າງແຊບໆ,1
ຢ່າວ່າໄປຮອດລົງທະບຽນ ເປີດຍັງບໍ່ໄດ້ມັນແອປຮ່າຫຍັງ? ຢ່າໂຫລດເລີຍ,0
ເລັກ,1
ດີໆໄວທີສຸດ,1
ໃຊ້ເບີເຂ້າຜ່ານລະຫັດຜ່ານຮູບຈື່ຜ່ານພໍກົດໄປບໍ່ລິການມັນບໍ່ຂື້ນວ່າ3ແກຼັບເລີຍຫ່າມັນນີ້ເບິ່ງໃນຍູທູບພັດມີຂອງຂ້ອຍພັດບໍ່ມີເລີຍເຊງໆໆ,0
ຈະົ,1
ດີຫູາຍທີ່ໄຫ້ບລີການ,1
ໂຄດດີ,1
ອາເອີ,1
ຂໍດວງແນ່10ດວງ,1
ຊ່ວຍໃຫ້ແມັກເສສໃຊ້ໄດ້ວ່ອງໄວດ້ວຍ,1
ສາຍເພັດ,1
ດີໆ,1
ມັກຫຼາຍສະນຸກດີ,1
ຕັ້ງແຕ່ອັບເດດໃຫມ່ກະລົງທະບຽນເຂົ້າບັນຊີໂຕເອງບໍ່ໄດ້,0
ອຸ້ຍ!ມີບາງຢ່າງຜິດພາດກະລຸນາລອງໃຫມ່ພາຍຫຼັງ,0
ຟັງເພງບໍ່ໄດ້,0
ໃຊ້ງານບໍໃດ້,0
ຫຼີ້ນມ່ວນແຊັດມ່ວນ,1
ດີຫລາຍແຕ່ຜົນເສຍຄືບໍ່ມີຄົນແຊັດນໍາ,1
ຮັກສາຢ່າງດີ,1
ມັກຫລາຍຍ,1
ແກໄຂບອນເຂ້າລົງທະບຽນດວນເຂ້າໄປບອນຖາຍຂໍມູນບໍໄດແກໄຂດວນ,0
ເປັນຍັງຄືໃຊ້ບໍ່ໄດ້ວະ,0
ເປັນຫັຍງອັດເດດບໍ່ໄດ້,0
ຢາກຮູ້ວ່າລົງທະບຽນເບີໂຕໃດເນາະ ໂຫລດ ຢູມັນນີມາກະບໍ່ຊ່ວຍຫຍັງເລີຍ,0
89030023 ໃສ່ລະຖືກໂລດ,1
ແອປນີ້ ມັກຫຼາຍ,1
ເຝດບຸກ,1
ແອັບທະນາຄານທີ່ໃຫ້ຄວາມສະດວກໃນການໃຊ້ຈ່າຍ ເວລາໂອນເງີນ,1
ຊື້ຫຍັງບໍ່ໄດ້ຈັກຢ່າງຮ່າມືງ,0
ໃຊ້ໄດ້ດີຫລາຍ ຂອບໃຈເດີ້,1
ໄວຢູ່,1
ແອບລາວມັກຂີ້ໂກງ,0
ດາວໂຫລດ ເພຈ ຊ້າລາຍ,0
ທານ,1
ຂອບໃຈເດອ,1
ວວົວົຝ ສສົນໄຍ,1
ໄລນ,1
ແອັບສ່ວນຫ່ຼາຍປິດ ບໍ່ດີສໍາແອັບເກົ່າ,0
ໄອ້ເຮຍ,1
ໄຫ້ໂຫລດ,1
ຕິດຕັ່ງເພີ່ມເຕິ່ມ,1
ທີ່ອັບເດດແອບແຕ່ລະເທື່ອຂຶ້ນມາ ບອກວ່າຈະໄດ້ດາຕ້າ 1gb ຄືບໍ່ເຄີຍໄດ້ຈັກເທື່ອ. ?,0
ຊ້າງແທ້,1
ມີຄວາມມາຍ,1
ປັບປຸງແນ່ເຂົ້າໄປມີແຕ່ອອກ,0
ທັນໄຝໃຈແລະໄດ້ດັວໃຈຕອ້ງກ່ານ,1
ແອບຕັ້ງບໍ່ໄດ້,0
ກະໂອເຄຢູ່,1
ນາງຈັນສຸກ,1
ຂໍໄປຕໍ,1
ສາທຸສາທຸສາທຸ ແມວ,1
ສະບາຍດີແອັບນີ້ດີຫາຍ,1
ນາຫໍາຮຮພະ,1
ພໍໄຊ້,1
ຫັນງໂປ້ຍີ່ປຸ່ນຫລານສາວຄຸນປູ່,1
ມັກມີບັນຫາເວລາຄົນໂອນເງິນເຂົ້າແລ້ວມັນບໍແຈ້ງເຕືອນກວດສອບບໍໄດ້,0
ດັບເດດຊ້າໂພດ,0
ຄືດີຫຼາຍ,1
ເອົາໄປ2ດາວກ່ອນລົງທະບຽນກະບໍ່ໄດ້,0
ທໍາມະດາໄປ,1
ເປັນແນວເລີ,1
ລົ້ມເລວຕະຫຼອດຊິໂອຂກະໂອນບໍ່ໄດ້ປັບປຸງແນ່ບໍ່ຊັນປ່ຽນໄປໃຊ້ທະນາຄານອຶ່ນ,0
ບໍເປັນຕາສະແຕກ.,0
ດີທີສຸດໃນໂລກ,1
ດີ ແລ້ວ ຮຈາ,1
ເດັ້ງອອກ,0
ສະດວກສະບາຍດີທີ່ມີພ້ອມຢາກໃຫ້ແອັບມີພ້ອມຊື້ຫວຍໃນແອັບໂຊກໄຊໄດ້ຄືສິດີແຮງ,1
ເຄນ.ວງົສີ,1
ຂ້ອຍຢ່າຫຼິ້ນແຟດ,1
ເຄຄ,1
ສ້າງມາເພືອຫຍັງສ້າງມາແລ້ວໃຊ້ງານບໍ່ໄດ້,0
ຂ້ອຍບໍ່ຫລີນວອດແອັບ,1
ໃຊ້,1
ຄືມັນບໍ່ໄດ້ເງິນເນັດຟີຮແລ້ວຕອນນັນໂຫລດມາໄດ້ຟິຮ500,0
ແອບນີ້ໃຊ້ຄັກໄດ້ເງິນດີຕະລອດ,1
ດີຍອດຍ້ໆມ,1
ໄຊ້ໄດ້ດີຫລາຍມັກຫລາຍ ເບິ່ງເພງເບິ່ງຫນັງໄດ້ຟີ,1
ຢ່ສື,1
ຄູນ,1
ເປັນຫຍັງເວລາໂທວີດີໂອຄືວ່າໃຊ້ພິວເຕີ້ບໍ່ໄດ້ປຽ່ນແປງໃຫ້ແນ່ເດີ,0
ສະຫນຸກແລະສະດວກສະບາຍ,1
ແອັດບ້າຢູ່ຊື່ໆກະລ໋ອກບັນຊີກູເສຍເງີນຟີ1ລ້ານເຊົາລະເຊົາເດີດອກລວງປະຊາຊົນ,0
ໂບນັດ,0
ຊິລົງທະບຽນ ພັດ ພິມຊື່ນາມສະກຸນບໍ່ໄດ້.?,0
ສວນສັ່ງໃກ້,1
ເມັດເຊີນເຈີເປັນຫຍັງເວລາສົ່ງຂໍ້ຄວາມໄປລະຂື້ນບາດກັບມາເບິ່ງລະຫາຍ,0
ຄືຈ້ານິຄ້າງກະຄ້າງສິໂອນເງີນຢູ່ເບີໃຫ້ເບີຫລັກດຽວກັນກະບໍ່ໄດ້ຄວາຍ ໂປຣແກມເມີສ້າງແອບຄວາຍໆ,0
ບໍ່ຫລໍ່ແຕ່ຈິງໃຈ,1
ນາງ ຍິນ ອາລີຕາ,1
ຂ້ອຍງົວກັບລະບົບ ແຖມຊື້ແພັກເກດກະຍາກ ຍາກເບີດທຸກຢ່າງ ຂໍລົບດີກວ່າ,0
ອຸບປະກອນຫ່ຮາສຸດ,1
ດີຫວາຍ,1
ດີໂພເ,1
ໂອນເງີນໄດ້ທັນໃຈ,1
ດີຫລາຍທີ່ມີແອັບນີ້ສະດວກສະບາຍ,1
ດາວັນ ສົມນືກ,1
laokyc ໃຊ້ງານບໍໄດ້ເລີຍ ຊ້າ,0
ພັດທະນາຕໍ່ໄປເດີ້,1
ບໍລິການດີ ວ່ອງໄວ ທັນໃຈ,1
ດີຫຼາຍສະດວກຫຼາຍຢ່າງ,1
ຊື້ອາຫານ,1
ກະທໍາມະດາ,1
ດີເດ,1
ບໍ່ເຫັນຊິລົງໄດ້ໃຫ້ລໍຖ້າການກວດສອບຢູ່ລະສ້າງມາເພື່ອ.,0
ສົ້ນຕີນຫລາຍ ອາຍຫນ້າຍ້ອນແອັບໂງ່ໆນີ້ມາຫລາຍເທື່ອແລ້ວ,0
ບັນຫາຫລາຍໂພດ ເຕີມເງິນກະບໍ່ເຂົ້າ ເຂົ້າແອັບຫະຍາກ ຄະແນນກະຊ່ວງແລກໆກະໃຫ້ ໃຊ້ດົນໆໄປລະບໍ່ໃຫ້ ປານນັ້ນຄືນ5 ວ່າຊ້ານນນ ໃຜຈະໃຊ້ ບໍ່ແນະນໍາ,0
ຍາກໃຫ້ອັບເດດແອັບເປັນເວີຊັນໄຫມ່ຫນາແອັບສວຍງາມແບບໄທ,1
ໃຊ້ຈ່າຍ,1
ຫາກຂ້ອຍຄົນດຽວຄົງຈະກ້າວຜ່ານມາບໍ່ຮອດຈຸດນີ້ຂໍໃຫ້ທິມແລະທຸກໆຄົນກ້າວຜ່ານທຸກບັນຫໄປນໍາກັນ ຂໍໃຫ້ໂຊກດີ,1
ວສສາ,1
ເຂົ້າແອບຍາກແຮງຢາມຢາກໃຊ້ນິເຂົ້າບໍໄດ້ຈັກເທືອອ,0
ສະບາຍດ,1
ດີມາກໃຫ້5ດາວ,1
ຄົນສົງໄວ ດີໆ,1
ໃຊ້ເພື່ອຕິດຕໍ່ຫາຫນູ່ເພື່ອນ,1
ໂຫຼດຍັງບໍ່ໄດ້,0
ໃຊ້ດີຫລາຍ ສະດວກໃຊ້ງ່າຍ ບໍ່ຊັບຊ້ອນໃນການດໍາເນີນການທຸລະກໍາ ປອດໄພອິກ ແຕ່ຢາກໃຫ້ເພີ່ມ ໃສ່ ກະແກນນີ້ວມືເວລາປົດລອ໋ກ ສຸດຍອດຫລາຍຖ້າເຮັດໄດ້,1
ປັບປຸງແນ່ເດີ ເນັດກະປົກກະຕິ ແຕ່ເຂົ້າບໍ່ໃດ້ ເຂົ້າຍາກແທ້ ບອກກະລຸນາກວດສອບເນັດຕະຫລອດ ທັງທີ່ສັນຍານກະປົກກະຕິ,0
ດີແຕ່ເຮັດບໍ່ເປັນ,1
ໄຊ້ດີເກີນຄາດ.,1
ໂອນຂ້າມທະນາຄານກະບໍ່ໄດ້,0
ສີເຂົ້າລະບົບກະຍາກເຂົ້າກະບໍ່ໄດ້,0
ເປັນແອັບທີ່ໃຊ້ດີ ຫຼາຍ,1
ເມສສິນເຈີບໍສະດວກ,1
ໃຊ້ຍາກຫລາຍ.ບໍ່ມີຊໍາລະເງິນຜ່ານທະນາຄານການຄ້າເລີຍ,0
ແອ້ບກາກໆບໍ່ສົມຄວນໄດ້ຈັກດາວໂຄດພໍ່ໂຄດແມ່ມຶງມັນກາກກູເສຍເງິນຕັ້ງ40ປາຍລ້ານບັກຄວາຍ,0
ເຮັດຈັງໃດກະວ່າຜິດ ລະມືງຕັ່ງຂື້ນມາເພື່ອຫຍັງ?ກວດກະຊ້າແບບນີ້ວະລະບົບພັດທະນາ,0
ທອງສູກ,1
ເຫັນແຈ້ງການ ລົງທະບຽນເບີຜ່ານແອັບນີ້ ແຕ່ໂຫລດມາໃຊ້ແລ້ວບໍ່ເຫັນມີບ່ອນລົງ,0
ດີໆໆຈີງໆໆ,1
ຕິະນິຂຮ,1
ຂຶອບໃຈທຸກຄົນທີ່ຕິດຕາມ,1
ໄຊງານແບບອືນດີແຕ່ເວລາມູນນິ້ໄດ້ແຕ່ອັບເດດສະຖານະບໍ່ໄດ້ເນັດຈັກດີຫາມຶງເອີຍ,1
ດີທຸກຢ່າງເລີຍຄ້າບ,1
ເປັນຫຍັງຄືເຂົ້າບໍ່ໄດ້ອັບເດດລະກະເຂົ້າບໍ່ໄດ້,0
ກະລຸນາຍ່າໄຟ້ເກມເຂ້າມາ,1
ເຂົ້າບໍ່ໄດ້,0
ເມື່ອກ່ອນດີຫລາຍໄດ້ເງີນໂບນັດດຽວນີ້ປິ່ນຖືກຕາຍແຕ່ຟັງເພງ ແກ້ໄຂດ່ວນ,0
ສອບວອນແອບ,1
ແກ້ໄຂການແຈ້ງເຕືອນແນ່.ຈ່າຍເງີນຕອນເວັນ ກາງຄືນແຈ້ງເຕືອນ,0
ເອົາຫນັງໂປ້ລົງບໍໄດ,0
ກູ້ຂໍ້ມູນຄືນແຕ່ມືຫວານປານນີຍັງບໍ່ແລ້ວຍຸດກະບໍ່ໄດ້,0
ສົມໄຊ,1
ໃຊ້ງ່າຍວ່ອງໄວທັນໃຈ,1
ງ່າຍໃສ່ສະດວກ,1
ໄຊ້ງານບໍ່ເກ່ງ,1
ບໍລິການດີແຈກເງິນຟຣີ,1
ຢີນດີທີນໍາບໍລີການນີ,1
ດີຫຼາຍໃຊ້ງານສະບາຍ,1
ອັບເດດດຸເກີນໄປ,0
ຢາກມີເພື້ອນເຟສທີ່ບໍ່ຍີ່ງ,1
ຜານ,1
ໄອວໍ,1
ກາກໂພດມີປັນຫາຕະຫຼອດ,0
ໃສ່ລະຫັດມັກບໍ່ຖຶກຕ້ອງ,0
ຊ້າ,0
ກໍລະນີລົງທະບຽນບໍ່ຜ່ານຄວນມີບ່ອນລົງທະບຽນອີກຄັ້ງແຕ່ນີ່ເຮັດຫຍັງບໍ່ໄດ້ເລີຍກະລຸນາແກ້ໄຂດ່ວນ,0
ໃຫ້ສອງດາວກ່ອນເດີໄດ້ອັດເດັດໃຫ່ມຕະຫຼອດມື້ວານອັບແລ້ວຕອນຄ່ໍາມື້ນີ້ຕອນສວຍໄດ້ມາອັບອີກ,0
ບໍເຂົ້າໃຈພັງຊັ້ນ,0
ຄວາມຮງວຂອ້ງດາວ,1
ຫ້າມລົບກວນເຟດຂ້ອຍ,1
ໃຊ້facebookລູ້ນນີ້ສະດວກຂື້ນ,1
ດີຫລາຍແຕ່ຢາກໃຫ້ຊື້ແອບເສຍເງິນໃນplay storeໃດ້ ຖ້າໃດ້ຈະດີຫລາຍ,1
ດາວໂລດມາໄຊ້ແລ້ວດີຫລາຍ ທັນສະໄຫມວ່ອງໄວແລະກໍ່ປອດໄພທີ່ສຸດ,1
ໃຊ້ງ່າຍ ໃຊ້ຄັກ.,1
ເອົາໄປກ່ອນ,1
ວ່ອງໄວ ທັນໃຈ ຕົງຕໍ່ເວລາ,1
ເສັງ,1
ລົງທະບຽນເບີໄດ້ເປັນທິດລະ ຍັງບໍ່ສໍາເລັດປານນິ ຊ້າແທ້ຊ້າວ່າ,0
ດີຫລາຍໃນການໃຊ້,1
ຄວາມໄວ,1
ຖືກກັບຄົນຍູກໃຫນ່,1
ອຸນແກ້ວ ອຸນແກ້ວ,1
ຄວຍ ແອັບຫົວຄວຍ ຄົນໂງ່ບໍລິຫານເຮັດໄດ້ແຕ່ສ່ໍານີ້ແຫຼະ ກະ ຈອກ ພວກ ໂງ່ ສະຫຼາດແຕ່ໂກງກິນບ້ານກິນເມືອງ ປັນຍາສິພັດທະນາປະເທດບໍ່ມີ ສົ້ນ ຕີນ,0
ໂລກໄດ້,1
ມີວຽກ,1
ເລ່ນສບາຍມາກ,1
ດີຫລາຍໃຊ້ງານໄດ້ສະດວກສະບາຍຂື້ນ,1
ສຸດຍອດໄປເລີຍໆໆ,1
ມັກຖຶກໃຈໃຫ້10,1
ເຂົ້າແລ້ວມັກເດັ້ງອອກ,0
ໃຊ້ແລ້ວ okay really cool,1
ຮັກຮັກ,1
ໃຫ້2ດາວກ່ອນຖ້າໄດ້ລາງວັນຈະເພີ່ມ3ດາວໃຫ້ອີກ,0
ດີທີ່ສຸດທີ່ເຄີຍຫລຶ້ນມາ,1
ເຂົ້າສູ່ລະບົບຍາກຫຼາຍ,0
ໄຊໄດ້ດີແຕ່ເປັນຫຍັງເວລາໂທຫນ້າຈໍຄືມືດຫຼັງຈາກວາງສາຍແລ້ວມັນຈຶ່ງແຈ້ງ,1
ມັນອັບເດດຂໍ້ມູນຄືສໍາເລັດຈັກເທື່ອ,0
ບໍ່ຄ່ອຍມີສັນຍານ,1
ເຂົ້າແອບ unitale ມັກເຂົ້າມາໃນແອບນີ້ບັງຄັບໃຫ້ໂຫລດ,0
ມີແລ້ວສະດວກຂຶ້ນ,1
ເມື້ອງດີ,1
ຄວາຍເລ່ນເກມຊ້າງ ຍັງs10ໂຕດຽວເລ່ນມາ2ເດືອນລະຍັງບໍ່ອອກໃຫ້ ຫົວແບ້ນເອີຍ,0
ປະສົບການຍັງອ່ອນຈົ່ງຊ່ວຍແດ່,1
ຍອດເຍີ່ອມ,1
ແອັບນີ້ບໍ່ສາມາດຂຽນພາສາລາວໄດ້ໃນເວລາໂອນເງິນຂໍໃຫ້ປັບປຸງໃຫ້ແດ່,0
ບໍລິການດີເອົາໃຈໃສ່ດີ,1
ຢູ່ທູບຢູ່ທູບ,1
ຮັກນະຟູດແພນດ້າ,1
ມ່ວນຄັກ,1
ແອ້ບຜ້າຕີນໂຫລດມາເສຍເນັດຊື້ໆເຮັດແອັ້ບມາແບ່ບນິບໍອາຍເຂົ້າບໍຫນ້າດ້ານຕາຍແທະໆໃຜກະເຂ້າບໍໄດ້ທັງທີໃຊ້ເຊື່ອມຕໍທາງເຟສເອົ້າສະບ່າຍ,0
ເວລາມີຄົນລົງສະຖານະເປັນວີດີໂອເບີງບໍ່ໄດ້ສໍາເປັນຍ້ອນຫຍັງ,0
ຢາກໃດ້ມັນ,1
ຕົກສ້ວມຕາຍລະ?ສັ່ງແຕ່1ຊົ່ວໂມງເຄິ່ງທີ່ແລ້ວປານນີ້ຍັງບໍ່ໄດ້ຮ້ານກັບບ້ານກາຄືວ່າບໍ່ໄດ້ໄກກັນຂະຫນາດນັ້ນນ້າ,0
ເດີນຫນ້າຕໍ່ໄປ,1
ປີພັນເກົາລອຍ 72,1
ອ້າຍຫີນໄຊເສດເຖາ,1
ສາຮາດ,1
ບໍ່ເຄີຍຫຼີ້ນແຕ່ຈໍາເປັນຕອ້ງໄດ້ໄຊ້,1
ຊຸດໆ,1
ມັນ,1
ດີງ່າຍ,1
ຂໍໃຫ້ແອັບນິ້ນໍາໃຊ້ໄດ້ປົກກະຕິດົນລາຍປີເດີ,1
ຂອບໃຈທີ່ສ້າງແອັບລາວຂຶ້ນມາ,1
ຕຄຈຮີຈ,1
ເຟດມັກຖືກແຮ້ກຈາກຄົນອືນ,1
ດີສະດວກສະບາຍ,1
ໄຊດີຫຼາຍແອັບນີ້,1
ບໍ່ມີເງິນໃຊ້,1
ລາງ້ໄວລັດ,1
ແອັບໃຊ້ບໍ່ໄດ້ກະເອົາມາໃຫ້ໂຫຼດຕາຍໆ,0
ຫ້າມເດັ້ງຫ້າມຄ້າງ,1
ບໍລິການບໍ່ດີ,0
ຕ້ອງການຄືເກົ່າ,1
ເປັນຫຍັງໂຫຼບໍ່ໄດ້ວີດີໂອມາເບິງ,0
ຊິດີບໍ່ນາ,1
ຮັກເດິ,1
ດີ ໃຊ້ງ່າຍດາຍ,1
ດີມາດດ,1
ລາຄາຄຸ້ມ ແລະ ການບໍລິການດີ,1
ໂຫລດແລ້ວຕິດຕັ້ງບໍ່ໄດ້ແກ້ໄຂດ່ວນ,0
ວອນໄຊຍະສິດ,1
ລົງທະບຽນຍາກແທ້ໆ,0
ສຸດາລີ ສິງດາພອນ,1
update ດຸເກີນໄປ,0
ທພູນື,1
ດີຫ,1
ແອັບຂີ້ກາກບອກໃສ່ເບີກະໃຊ້ແຕ່ວ່າບໍ່ຖືກ,0
ເວລາແອັບມັນເຮັດໄຫ້ເຮົາສະດວກສະບາຍ,1
ພະນັກງານ ບໍ່ຕອບແຊັດຈັກເທື່ອ ບໍ່ໄດ້ເລື່ອງອາຫລີ,0
ຢາກລິ້ນຢາກມວນນໍາເຂ່າຄືກັນຈຮາ,1
ບໍ່ໄດ້ເລື່ອງແກ້ໄຂປັບປຸງແນ່ທ່ານເອີຍມັນລົງທະບຽນບໍ່ໄດ້ ແກ້ໄຂດ່ວນແດ່ດຸ,0
ມັກຫຼິ້ນ,1
"ແອບນີ້ດີຫຼາຍຍ່າງເຊັ້ນ ຕື່ມຄະແນນ,ມີເກມ",1
ໄດ້ເງີນນອ້ຍແທ້ພັກທະນາເດແມ້,1
ຫາແຟນງ່າຍ,1
ນັງໂປສີຮີ,1
ແຄ່ວນ,1
ພໍສົມຄວນ,1
ທ້າວລີໂອ ໂບນັດ,1
ຍັງບໍ່ຮອດໂມງປີດແຕ່ເວລາຈະຊື້ພັດເຂົ້າແອບບໍ່ໄດ້,0
ຂໍໃຫ້ມີຄວາມສຸກ,1
ເພຶ່ງພໍໃຈ,1
ແອ່ບມີປະໂຍດໄຮຄະແນນ10ເຕັນສິດ,1
ສະດວກໃນການໂອນ,1
ເຮັດວຽກດີ ແລະ ໃຊ້ງານໄວ້,1
ວາດສະຫນາດວງໄລສັກ,1
ທຶກ ຄົນຂີ້ອາຍ,1
ເອົາເພງໃນສະຕໍລີ້ຄືນມາ,1
ກາກຫຼາຍເຂົ້າລະບົບລະບອກອັບເດດອັບເດດກະບໍ່ໄດ້ເຮັດຫຍັງກະບໍ່ໄດ້ເສຍເວລາຊື່ໆ,0
ແອັບຄືບໍ່ແຈ້ງເຕືອນເຄື່ອນໄຫວໂອນເງິນເຂົ້າອອກ ບໍ່ເຂົ້າກວດເບິ່ງແມ່ນບໍ່ເຫັນບໍ່ຮູ້ຍາມຄົນອື່ນໂອນເຂົ້າຊ້ໍາ,0
ລົງທະບຽນໂຄດຢາກ ລົວຝວໄປແລ້ວກະວ່າບໍ່ຖືກອະນຸມັດ ຮູບກະຕ້ອງໄດ້ຖ່າຍໃຫມ່ອີກ ຊິເອົາໃນອາລະບ້ໍາຮູບກະບໍ່ໄດ້ ໂຄດເສຍເວລາ ໂຫລດມາເປື້ອງພື້ນທີ່ໂທລະສັບຊື່ໆ,0
ຕອບສະຫນອງຊາ,1
ຢາກໃຫ້ປັບປຸງລະບົບການລົງທະບຽນ ເພາະຂ້ອຍບໍມີບັດເລີຍລົງທະບຽນເຂົ້າໃຊ້ງານບໍໄດ້ ຖ້າເປັນ bcel one ມີແຕ່ເມວກັບລະຫັດກະໄດ້ແລ້ວ,0
ປະກອບເອກະສານບໍ່ຜ່ານລົງທະບຽນຈົນຈະຮອດ10ລະບໍ່ຜ່ານ,0
ກາກກວ່າເກົ່າ,0
ເຂົ້າບໍ່ໄດ້ຕັ້ງມາເປັນມື້ລະງົງເຂົ້າບັນຊີເກົ່າບໍໄດ້ເຮັດຈັງໃດຕ້ອງເຂົ້າຕັ້ງໃຫມ່ຢູ່ສູນຫວາຫລືແນວໃດ,0
ຕິດຕັ້ງຍາກ ເດ,0
ດົນໂພດໄປຕາຍສາແອປບໍ່ດີ,0
ກໍ່ດີນະ ແຕ່ວ່າຢາກໃຫ້ມີເວີຊັ້ນໃຫມ່ກວ່ານີ້ອີກລູກເລັ້ນບໍ?,1
ດີຫລາຍຂອ້ຍມັກເບີງ,1
ດີຫຼາຍສະດວກວອ່ງໄວທັນໃຈ,1
ໂຫລດຟັງຊັ່ນມາໃຊ້ຊ້າຫລາຍ,0
ຍກາຍດ,1
ຊິແບບຂ້ອຍຫລາຍ,1
ດີຫຼາຍ ສົ່ງໄວດີ,1
ໄຊ້ງານດີຫລາຍຍອດຍ້ງມໃຫ້ໄປເລີຍ5ດາວ,1
ບອກເລີຍວ່າດີສຸດໆໆໆ,1
ຕອນນີ້ເຂົ້າແອັບບໍ່ໄດ້ເລີຍເປັນແບບຄ້າຍໆລະບົບລົ້ມເປັນມາ2 3ມື້ແລ້ວໃຊ້ງານບໍ່ໄດ້ເລີຍ,0
ກະລຸນາຕອ້ງການລົມກັບເພື່ອນ,1
ຍັງຄິດເຖິງແຟນເກົ່າທີ່ຈາກໄປໂດຍບໍ່ໄດ້ເລີກລາຈາກກັນ,1
ພັງສຽງເຂົ້າບໍ່ໄດ້,0
ອັບເດດລະເຂົ້າແອັບບໍ່ໄດ້ເປັນແມ່ມັນຫຍັງເກາະກູສູນ,0
ໃສ່ດີແຕ່ອັບເດດ ໄວ້ໄປ,1
ສ່ຶ,1
ຖືກໄຈເມືອ່ໄຊ້ແອັບນີ້,1
ຢູ່ດີໆກໍ່ເດັງອອກ,1
ໃຊ້ບໍ່ຄືເກົ່າບໍ່ດີເລີຍ,0
ໃຊ້ໄດ້ຖຶກໃຈ,1
ເງິນດີຈີຕອນ,1
ອັບເດດມາບໍ່ມີຫຍັງຫນ້າສົນໃຈເລຍຢາກໃຫ້ເອົາເມນູເກົ່າກັບມາ,0
ແຄັດຫຼາຍ,1
ຕັ້ງໄວ້ແຊັດ,1
ມີແຕ່ປັນຫາ,0
ອັບເດດຫລາຍເກີນ ຄຸນນະພາບຄືເກົ່າເດືອນ1ເທື່ອ1ຕິ ຫລາຍເກີນ ປັບປຸ່ງເດອັບເດດມາລະກະຫລິ້ນຄືປົກກະຕິບໍ່ມີຫຍັງປ່ຽນແປງເລີຍ,0
ໃຊ້ໃດ້ດີທີ່ສຸດ,1
ຕົວະກູຫ່າແດກມືງເອີ້ຍຕອບຄໍາລ້ານຫນື່ງທຸກໆວັນວັນທິດສິບລ້ານວ່າຊ້ານນບາດຕອບໄດ້ເງີນເຂົ້າບັນຊີໂປຮໂມຊັ່ນເບີກູເບີເນັດຮ່າຕໍາມືງສົ່ງຂໍ້ຄວາມກູກະຕັ້ງເນັດເສຍຄວາມຮູ້ສຶກຫຼາຍ,0
ກະພຊໄດ້,1
ນາງຈີນລີ,1
ມີເນື້ອຫາແລະຄວາມບັນເທີງ,1
ຕົວະໃຫ້ອັບເດດແຕບໍ່ໃຫ້ດາຕ້າໂອຍຍຍຕົວະເປັນຫລາຍພວກເຈົ້າຫະ,0
ບ້ານຫນ້ອງຫົງ,1
ດີຫລາຍແລະມີກິດຈະກໍາໃຫ້ຫີ້ນຫລາຍ,1
ໄຊ້ງາ່ຍສະດວກສະບາຍ,1
ຍາກໄຫຊັນໄດ້ເງີນລາຍ,1
ແກ້ໄຂ້ໃຫ້ແດ່ເອົາລະຫັດໃສ່ວ່າຖຶກໃຊ້ແລ້ວ,0
ແອບດີຫລາຍ,1
ມັນບໍ່ດີກໍ່ຕໍ່ເມື່ອມັນລາຍງານຕົງໂພດ555ຖືກໃຈແຮງ,1
ມສເສ໑ຂໂ,1
ໂອນຂ້າມທະນາຄານເສຍເງິນຫຼາຍໂພດ,0
ມິຊິນເຈີ້ຫລິ້ນມວ່ນ,1
ດີກວ່າໄລ,1
ໃຊ້ບໍ່ໄດ້ເຂົ້າຮອດບອ່ນລົງຊື່ບໍ່ມີຮອດປຸ່ມກົດຊື່ເຂົ້າລົງໄຊ້ຄວນປັບປຸງໃຫ່ມ,0
ຮຈຍ່,1
ວັນຄໍາ,1
ແຕະສໍາພັດຫນ້າຈໍເຂົ້າໂຄດຢາກ ຊົ່ວສິສໍາພັດເຂົ້າໄດ້,0
ກາກລາຍ,0
ເຂົ້າບໍ່ໄດ້ປັບປຸງແນ່,0
ຖືວາໃສ່ດີຫຼາຍຄົບທຸກຢ່າງໃນແອັບດ່ຽວ,1
ຊອບແອບນີ້,1
ຫມຸນເນັດບໍ່ໃດ້ແກ້ໃຂດ່ວນ,0
ຮອ້ງລົດຢາກແຮງ,0
ດີຫລາຍ ງໍ,1
ເຈ໋ງສຸດໆ,1
ໄຊໄດ້ດີແທ້,1
ຢາກໄຫ້ພັດທະນາຕະຫຼອດໄປນານໆ,1
ຢ່າໄປຫາໂຫຼດແອັບນີ້ມັນຕົວຊັ້ນຍັງບໍ່ໄດ້,0
ກາກຫລາຍເຮັດຫຍັງກະຊ້າ,0
ຄັນສັນຍານຂ້ອຍດີກວ່ານີ້ຈັ່ງຊິຕື່ມໃຫ້,1
ເຂົ້າແອັບກະບໍ່ໄດ້ແກ້ໄຂແນ່,0
ທພັດສະມ່ອນ,1
ດີງາມຫລາຍ,1
ຕັ້ງແລ້ວໃຊ້ບໍ່ໄດ້ ຕັ້ງກະຕັ້ງບັກຍາກໆ,0
ເຮັດຫຍັງກະຊ້າເບິ່ງຄີບກະຊ້າຂັ່ນສິຊ້າແບບສິມຶງບໍ່ຕ້ອງໄຫ້ມີດອກ,0
ສວຍປັບແກ້ໄຂໃຫ້ດີແນ່ເດິ ແລະສົງຫລາຍລະອງດມາໃກ້ຄົບ ຂອບໃຈ,1
ລາງ,1
ຕ້ອງການຫຼາຍເດີ,1
ທົວປະເທດ,1
ລະບົບສະແກນ,1
ຕອນນີ້ຕ້ອງການເຂົ້າສູລະບົບ,1
ມີຄວາມຫມາຍຂອງຄົນທີ່ໃຊ້ທົ່ວໂລກ,1
ເປັນແມ່ມືງຫຍັງເຂົ້່າແອພບໍ່ໄດ້,0
ໄມ້ບັງຂັບ,0
ເຮັດໃຫ້ສະດວກໃນການຕິດຕໍ່,1
ເປັນຍັງເບິ່ງtvໃນlaoappບໍ່ໄດ້ຄື່ແຕ່ເກົ່າ,0
"ເລື່ອງລາຄາຄືຈະຖືກກວ່າເຈົ້າອື່ນໆ ການໃຊ້ບໍລິການແມ່ນເອີ້ນຍາກແທ້ຍາກວ່າ, ພໍເອີ້ນຕິດ ຊໍ້າຖືກຍົກເລີກ ສຸດທ້າຍບໍ່ໄດ່ຂີ່ຊໍ້າ.",0
ເວລາຄ້າງສາຍຫລຸດຕະຫລອດ,0
ສໍເອີ້ນ,1
ວົງລໍ້ມູນໄປຊືໆແຕ່ບໍໄດ້ເນັດເລີຍຄີຖີລາຍບໍລິການໂມຈານີ,0
ດາວໂຫຼດ,1
ໂຫລດດບໍໄດ້ເປັນຍັງ,0
ຕັມໃຈ ຮັກ,1
ເຂົາເກມຟຮີຟາຍລິນບໍ່ໄດ້ເລີຍ 999ແກ່ໄຂແນ້,0
ໃຫ້ແຕ່ອັບເດດບໍເຫັນຊິມີຫຍັງເລີຍຕົວະແຕ່ວ່າຊິໄຫ້ເນັດ1ກິກພໍປານນະອັບແລ້ວກະບໍໄຫ້55,0
ດີທີ່ສຸດ ທັງຫມົດ,1
ວັນທີດີຂອງເວລາ,1
ອັບເດດແລ້ວເດັ້ງອອກຈາກລະບົບເປັນສົ້ນຕີນຫຍັງ,0
ມັນຄືກົດເຂ້າອ່ານບໍ່ໄດ້ປັບປຸງແນ່ເດີ,0
ຮັກລາຍ,1
ກວກິໍາວປດູວໍາຸລດ່,1
ແອບໂງ່ໂງ່ຂີ້ຖີ່ຍ່າໂຫລດ,0
ແອບບໍມີຄຸນນະພາບຊີດາວມາລົງທະບຽນເບີມັນເຂົ້າບໍໄດ້ຊ່ໍາ.,0
ປັບປຸງແລະແກ້ໄຂດ່ວນ.ຂະຫນາດotpຍັງຕ້ອງໄດ້ຖ້າບັກນານໆແລະເຂົ້າລົງທະບຽນ3ແກັບກະບໍ່ໄດ້ມັນເດັ້ງ ຫວັງວ່າຈະພັດທະນາແລະປັບປຸງໃຫ້ເດີ້ ຂອບໃຈ,0
ແອັບນີ້ບໍ່ມີປະໂຫຍດຫຍັງ,0
ຢາກໃຫ້ມີບໍລິການຢືມເງິນໃຊ້ໄດ້ ໃນແອັບ,1
ຂັ້ນຕອນທົດລອງໄຊ້,1
ແອບບ້າຫຍັງກູຖ້າມາ45ນາທີຫາກະຮອດຮ້ານຍອມ,0
ໃຈຜົນຄືຄົນຝໃນປະຕິ ໃນ ໃຈ,1
ອຸດ,1
ໄສງານດີຫລຼາຍ,1
ແອ້ບເຈົ້າບໍ່ດີເລີຍທຸກມື່ນີ່ເອີ້ນກະຍາກກົດຈຸດຫມາຍກະກັບມາຈຸດຮັບເຮັດຫມົດມື່ກະຍັງບໍ່ໃດ້ໄປໃສຕັ້ງແຕ່ອັບເດດນິບໍ່ດີແຮງ,0
ໄຊ້ບໍ່ໄດ້ເຮັດແນວໃດ,1
ມ່ວນມາກ,1
ດີແຕ່ບາງເທື່ອຂໍ້ຄວາມເຂົ້າມັກບໍ່ແຈ້ງເຕືອນ,1
ຕອ້ງການແອັບນີ້,1
ລິ່ນ,1
ຫັກ,1
ບູນມາອິນທະວົງ,1
ຊ່ວງເວລາຜົນຫວຍອອກ ແອັບບໍມີປະສິດທິພາບ ເຂົ້າກໍ່ບໍໄດ້ ກາກໂພດ,0
ຮັບຮູ້ຫຼາຍໆຢ່າງ,1
ໃຫ້1ໄປກ່ອນມີແຕ່ໃຫ້ອັບເດດແອັບແກ້ໄຂແນ່ເດີ້ເຈົ້າ,0
ມີ້ຍ ພາວັນ,1
ກາກຫລາຍ ເຂົ້າແອັບຯຮອດແຕ່ບໍ່ໄດ້ ຫມູນຕິ້ວໆຢູ່ ພັດທະນາຕື່ມແນ່,0
ຕິດຕັ້ງບໍ່ໄດ້,0
ດີຫຼາຍ ສົ່ງໄວນໍາ,1
ຄື ແອບມັນບໍ່ອັບເດດຂໍ້ມູນ.ຕັ້ງແຕ່ວັນທີ່ 4 ເຖີງປັດຈຸບັນ.,0
ລົງແມ່ມັນໂຄດຍາກ ຈັກກູຊິລົງແນວໃດ,0
ຄັກໃຊ້ໄດ້ທຸກຢ່າງ,1
ສະນຸກ.ມີສາລະ.ຄວາມຮູ້ລາກຫລາຍ,1
ຍີນດີຄ່ະ,1
ໃຊ້ງານໃດ້ດີສະດວກໃນການນໍາໃຊ້,1
ເກັບຄວາມລົ້ມເລ່ວເປັນປະສົບການເກັບເອົາສິ່ງທີ່ດີຯທີ່ຫນ້າຈົດຈໍາ,1
ໃຊ້ດີບອກຕໍ່,1
ດີໄນກ່ານສື່ສານ,1
ໃຊ້ດີທີ່ສຸດໃນໂລກ,1
ເດ່າສເກສີະຮກປາໍາ ເສະາະສະ,1
ເລື່ອງ,1
ຮັກແລ້ວຮັກເລີຍ,1
ຂໍຄວາມຊ່ວຍເຫລືອ,1
ຈະລອງໃຊ້ເບິ່ງ,1
ສະດວກຫລາຍຫລິ້ນວອດແອັບນະ,1
ສຸດຍອດຢູ່ບ້ານກະໂອນໄດ້ຈ່າຍໃດ້ສະບາຍ,1
ໃຊ້ສະດວກສະບາຍສຸດຍຸດໄປເລີຍ,1
ໄມບັງ,1
ຮັກສາໄວແລວ,1
ມັກຫຼາຍເດີປັບປຸ່ງໄປເບື່ອຍໆ,1
ກໍ່ຄິດວ່າດີ,1
ເປັນຫຍັງເດຄືໂລດບ່ໄດ້,1
ຕາມໃຈ,1
ນ້ຮດຍຍິ,1
ເຮັດວຽກເປັນກໍາມະກອນກໍ່ສ້າງ,1
ຍາກ ສູມໄດ້150 ແຊັທໄປກະຫຍັງບໍ່ໄດເນັດ,0
ໂຄສະນະ ກັບເຊີຫາຫຍັງບໍ່ຄ່ອຍເຫັນກະຈອກ,0
ຜ່ານໄປເກືອບ2ຊົ່ວໂມງ ຍັງບໍ່ໃດ້ແລະກາຖືກຍົກເລີກເພາະສ່ວນປະກອບຫມົດ ແລະກາເອົາສ່ວນລົດ5000ກີບ ທີ່ລົດໃດ້ພໍແຕ່ຄ່າຂົນສົ່ງໃຫ້ໂຄດຫນ້າຜິດຫວັງ,0
ຮູ້ສຶກງາຍຂື້ນຕັ້ງແຕ່ໃສມາ,1
ດີ ຢູ,1
ໂຄດພໍ່ໂຄດແມ່ແອັບຂີ້ກາກ ເຂົ້າເທື່ອໃດກະຢຸດໃຊ້ງານ ກະລຸນາແກ້ໄຂແນ່ເດີ ແອັບຕາຍໆ,0
ດີເປັ້ນສວນຕວດີ,1
ໄດ້ຄຸນນະພາບດີຫລາຍ,1
ທາ້ວວີນ,1
ຊ່ວຍປັບaiໃນການຫມຸນວົງລໍ້ໃຫມ່ແດ່.ອັນນີ້ຫມຸນແນວໃດ໋ກະລັ໊ອກແຕ່ໂຕເກົ່າ,0
ຮັບຜິດຊອບ,1
ບໍ່ໃຫ້ເພາະຮັບພາລະກິດລາຍວັນບໍ່ໄດ້,0
ດີຫລາຍຄຸ້ມສຸດໆໄປເລີຍ,1
ແກ້ໄຂໃຫ້ແດ່ຫມູນວົງລໍ້ບໍ່ໄດ້,0
ມື້ໃດເງີນສິຮອດຕື້,1
ຈ່າຍເງິນຊື້ຫວຍຜ່ານ u money ໄດ້ບໍ?,1
ຢາກໃຫ້ແກ້ໄຂເຕີມເດີເວລາຈະໂອນເງີນເຂົ້າບັນຊີເປັນຫຍັງຕ້ອງໂອນໄດ້ແຕ່ເລກບັນຊີທີມີ18ໂຕບັນຊີທີມີ12 13ຄືບໍ່ໄດ້ຄວນປັບປຸງ,0
ແອບໂຄດດີເອົາໃຈໄປເລີຍ,1
ແອັບໂຫລໆ ເຮັດມາເພື່ອແບ້ຫຍັງ ຫາສາລະບໍ່ມີ,0
ຄັກອີຫລີ,1
ຕອນນີ້ເຂົ້າແອັບບໍ່ໄດ້ເລີຍ,0
ດີຈະສະແກນໃບຫນ້າຍາກ,1
ທຸກສິ່ງໃນຊິວິດມີຄ່າຄວນແກ່ການເອົາຊະນະສະນັ້ນຈໍາເປັນຕ້ອງຟຶກຟົນ,1
ເຮົາໃຊ້ປະຈໍາ ນະຈະ,1
ແອັບນີ້ໃຊ້ດີຫລາຍສະດວກສະບາຍ,1
ໄ ປໃຫ້ສະບາຍ,1
ແຟນງາມແຮ່ງ,1
ລົງທະບຽນຜ່ານແອບນີ້ໄດ້ແລ້ວ ງ່າຍສະບາຍ,1
ແມ່ນຕາຍຮ່າແນວໃດ ຄືມາອັບເດດ ທຸກມື້ກາງແກ່ ເຂົ້າເທື່ອໃດຕ້ອງໄດ້ຢືນຍັນລະຫັດຕະຫລອດ,0
ມີສິດລຸ້ນຮັບລາງວັນໄຫ່ຍ,1
ຫລິ້ນງ່າຍສະບາຍ,1
ແອັປຕອບສະຫນອງຊ້າໄມ່ທັນໃຈບໍ່ຄອ່ຍຕອບສະຫນອງເລີຍກະມີບາງເທື່ອ app99412668 ຕິຕໍ່ກັບແn,0
ຊ່ວຍການເຂົ້າບີຊີວັນ,1
ປອ໋ກ,1
ສນິ,1
ເມີ່ຍຄິດມິດຢູ່ຄົຍດຽວ,1
ຖ້າວ່າມີລະບົບຊໍາລະແບບ nfc ນໍານິສິໃຫ້ເຕັມ5ດາວເລີຍ,1
ອັບເດດມາລ່າສຸດ ປຸ່ມກົດໄລ້ບໍ່ຂຶ້ນອິໂມຈິ ບໍ່ຂຶ້ນວ່າກົດຫຼືບໍ່ກົດ ເລື່ອນກະສະດຸດ ວີດີໂອສະຕໍລີ້ກະກຶກໆ ກັກໆ ຈັກແມ່ນຫຍັງ ເຂົ້າບໍ່ເຖິງຫຍັງຈັກຢ່າງກະຢາກໄຫ້ອັບເດດ ກະເຊີນປັບປຸງໄຫ້ມັນດີກ່ອນແນ່ ອັບເດດມາບໍ່ເປັນຕາສະແຕກຫນັກເຄື່ອງ ເປືອງພື້ນທີ່ຄວາມຈໍາ ເປືອງເນັດ ເຮັດໄຫ້ຫົວຮ້ອນຢາກຮ້າຍເອົາຊື່ໆ,0
ເປັນຍັງເບີຂອງຂອ້ຍຈືງເຂົ້າບໍໄດ້moca laos,0
ໄຊ້ດີແຈ່ເຂົ້າຊ້າ,1
ດີໃຈຫລາຍທີ່ໄດ້ງານວອດແອບ,1
ຄໍາໃສ,1
ຊັນຊະນະສົມບູ,1
ແອັປຫລົ້ມຕະຫລອດ ເຂົ້າບໍ່ໄດ້ ເປັນໄລຍະຖີ່ໆ,0
ດີຫລາຍ. ສະດວກສະບາຍ,1
ບໍ່ຄັກເລີຍປັບປຸງດ່ວນ,0
ຈັກແມ່ນຫ່າຫຍັງວະເປີດແອັບລະເດັ້ງໄປບາວເຊີ ຫ່າເອີ້ຍ,0
ບໍ່ຄອ່ຍດີປ່ານໃດ,1
ອັບເດດລະກາໃຊ້ບໍ່ໄດ້ລົງລະບຽນຈັ່ງໃດກະບໍ່ໄດ້ ອັບເດດຕະຫຼອດບັບປຸ່ງແນ່,0
ມີປັນຫາຕລອດ,0
ດາວໂລດແອບໄມ່ດາຍ,0
ດີອີ່ຫລີ່,1
ໄດ້ເຫັນດີກັບຂໍ້ມູນບັນຊີ,1
ເຕີມລັກ9ບໍ່ໄດ້ຊວ່ຍແກ້ແນ່,0
ສົມນຶກ ພັນທະຈິດ,1
ແອັບດີຈ້າ,1
ມັນຄືດາວໂຫລດບ່ໍໄດ້,1
ຖືກເລກ2ເທື່ອບໍ່ໂອນເງິນໃຫ້ບໍ່ເຂົ້າໃຈເປັນຍ້ອນຫຍັງ,0
ຂໍອະນຸຍາດບໍ່ໃຫ້ດາວເດີ້ ໃຫ້ອັປເດດຕະຫລອດໂພດໂພ ອັນນິຈັກພິສັງມີລະຫັດທາງຂໍ້ຄວາມຢືນຢັນຊິເຂົ້າກະບາງເທືອເອົາຫ່ນວຍອື່ນເຂົ້າເດມັນກະເຂົ້າບໍ່ໄດ້ແຫລະ.,0
ຄນເຫົງາສອງເຮົາໄກຢູ່ກັນ.,1
ໄຊ້ດີຫຼາຍຂໍ້ມູນທີ່ສົ່ງຫາກັນມີຄວາມປອດໄພ,1
ຂໍຂອບໃຈທາງທິມງານທີ່ຊວ່ຍແນະນໍາໃຫ້ຂອ້ຍກັບມາ,1
ດ ປອແອດແ ຜຜປ ອເອືມ ມ,1
ກໍາລັງນ້ໍາໃສ່ແຕ່ກະດີລາຍ,1
ໂກ້ ຂຸນໂຍທາ,1
ຂອບໃຈເດີມເຈົ້າສະບັບແອບນີ້ທີ່ເຮັດໃຫ້ໄດ້ເຫັນຄົນທີ່ເປັນທີ່ຮັກຂອງຂ້ອຍໄດ້ຊູ່ຍາມ thanks you for you,1
ອັບເດດຄືບໍ່ໄດ້ເນາະ,0
ເຂົາໂມຈ່າບໍໃດ,1
ຄືບໍ່ໃຫ້ຕັ້ງເນັດແບບບໍ່ຖ້າໃຊ້ເນັດໂລດ ຄັນເນັດເບິດລະສິຕັ້ງເນັດແນວໃດ ເຊື່ອມວາຍຟາຍຄົນອື່ນກະລໍາບາກ,0
ໃຫ້ຢອດຮັບຫຼາຍຂື້ນ,1
ນ ຢົວມົວ,1
ເອື້ອຍ,1
ຖ້າລະຫັດເປັນຊາດ ຍັງບໍ່ສົ່ງມາ,0
ມີບັນຫາຕະຫຼອດເຂົ້າລະບົບໂຄດຊ້າປັບປຸງແດ່ຕູ້ກະເພຕະຫຼອດ,0
ຕອ້ງການແອ້ບນີ,1
ລົງທະບຽນ,1
ປັບປຸງໄຫມ່ໄຫ້ແດ່ໄຊເບີແລ້ວລະຫັດກະສົ່ງມາແລ້ວໄຊລະຫັດລະກົດລະເຂົ້າບໍ່ໄດ້ມັນກັບມາໄຫ້ໄຊລະຫັດອີກໄຊຈົນ10ຮອບລະນິ,0
ງ່າຍຂື້ນ,1
ເອົາເບີໃສແລ້ວຄືເຂົ້າບໍ່ໄດເ,0
ສົດໃສ,1
ກາກໂພດແອັບຊ້າເກີນ,0
ແອັບໃຊ້ບໍ່ໄດ້ລໍຖ້າລະຫັດເປັນຊົ່ວໂມງບໍ່ເຫັນສົ່ງມາຈັກເທື່ອແກ້ໄຂເດີ້,0
ໃຊ້ດີແຮງສະດວກສະບາຍ,1
ໃຊ້ງ່າຍ ແລະ ປອດໄພ,1
ແຍ້ມາກປັ່ນບໍ່ໄດ້ເນີດຈັກເທີ່ອຖູກແຕ່ພັງເພງແກ້ໄຂດ້ວຍ,0
ທ່ານດໍາຫ້າພະອົງ,1
ໃຊ້ດີບໍລິການດີແຕ່ຕິດຢ່າງຫນຶ່ງ ອ້າຍເອີ້ຍ ຕຽມເງິນສົດແນ່ຂ້ອຍຄ້ານໂອນ,1
ນ້ອງຟ້າສາວວັງວຽງ,1
ຢາກລີ້ນສອງພ,1
ດີໄຈຫຼາຍທີ່ໄດ້ໃຊ້ແອບຢູມັນນີ ຂໍໃຫ້ຈະເລີນກ່າວຫນ້າໄປເລີ້ອຍໆເດີ,1
ລາວອ່ານງ່າຍ,1
ຄົນໄທຍ໌ຫວ່າພິມແຕ່ພາສາໄທຍ໌ໂອ້ຍຊາດດ,1
ສະດວກດີຈ້າວ,1
ດາກ,1
ທັກດີຫລາຍ,1
ສາວນັນ,1
ໂຫລດແລ້ວຫລີ້ນບໍ່ໄດ້ເຂົ້າໄປລະວ່າລະບົບມີບັນຫາ ປັບປຸ່ງແດ່ເພື່ອຄວາມສະດວກຂອງທຸກໆທ່ານທີ່ນໍາໃຊ້ ຂອບໃຈ,0
ມາດຕະຖານ,1
ໃຊ້ງານດີອີ່ຫຼີເດີ,1
ຍາກນໍາໃຊ້ຕໍ່ໄປ,1
ຢ່າປິດກັ້ນຂ້ອຍເດີ,1
ກະໂອເຄຢູ່ໄວ້ກວດຫວຍ ກວດຍາມໃດກະບໍ່ຖືກຈັກເທື່ອ55 ລວມກະໂອເຄ,0
ແອ໋ບນີ້ດີຫລາຍ,1
ໃສ່ແອັດນີ້,1
ຄືຕັ້ງຍາກແທ້ແອັບນິ່,0
ເລີ້ຍ ວາງ,1
ຊື້ງາມຈາ່ຍສະດວກ,1
໑ດີ,1
ດີກຫລາຍ,1
ຕິດຕາມ,1
ສຸດຍອດຫລາຍແອບນີ້,1
ຍັງມີພາບເດີມໆຊ້ໍາກັນ,1
ລົງທະບຽນບໍ່ໄດ້ ລອງຫຼາຍເທື່ອກໍຍັງຄືເກົ່າ ຄວນປັບປຸງແດ່!,0
ພາກເນືອພາກຕົວແດ່,1
ຊອຍມາກ,1
ຄະດີດີ1000,1
ໄວ້ວາງໄຈຕໍ່ກັບການສືສານ,1
ເບິ່ງສະຕໍລີ່ກະບໍ່ໄດ້ຊ້ໍານະອັບເດດລະກະດາຍ,0
ຄືລົງທະບຽນບໍ່ໄດ້,0
ສຽງດິລາຍ,1
ດີຫຼາຍໃຊ້ສະບາຍທີ່ສຸດ,1
ສະດວກວ່ອງໄວທັນໄຈ,1
ອັບເດດດຸໂພດ ທິດ1ອັບຮອດ2 3ເທື່ອໂພດລະເຍົ້າແອບກະຍາກ ກາກໂພດ.ປັບປຸງແນ່ເດີ້ ຢ່າເຮັດຄືບໍຮູ້ບໍເຫັນຫລາຍ,0
ກໍາລັງຕັ້ງຢູ່,1
ໂອນສະດວກສະບາຍ,1
ດີສະບາຍ,1
ຍາມເບີງຫນັງກົດອອກເຂົ່າມາເບີງອີກບໍໄດ້ຕ້ອງໄດ້ລົບໂລດໄຫນ່,0
ຮັກໂຕເອງໄຫ້ຫຼາຍໆເພາະບໍ່ມີໃຜຮັກເຮົາເທົ່າກັບໂຕເຮົາເອງ,1
ຝັງກະບໍ່ໄດ້,0
ເຂົາແອັບບໍ່ໄດ້,0
ທໍາງາມດີມາກເລີຍ,1
ດີກິກິໆ,1
ວຽງຄໍາ,1
ເນັດກະແຈກພໍກະເທີນ ຂີ້ລ້າຍກະສໍາ200mbແນຕໍມື້,0
ບໍ່ເຫັນເມັ້ນອຶ່ນ,0
ໃສ່ລະຫັດເປັນ10 10ເທືອກະຍັງເຂົ້າບໍ່ໄດ້ ຄວນແກ້ໄຂແດ່,0
ອັບເດດອີ້ຫຍັງຫວະຫມົດມື້ກະບໍໄດ້000ເດ້ ຄວນປັບປຸ່ງ ພັດທະນາຕໍໄປ,0
ໃຊ້ໄດ້ດີຫຼາຍ ນັບແຕ່ການສົ່ງຂໍ້ຄວາມ ຮູບພາບ ແລະ ການໂທ.,1
ໃຊ້ງານດີ ຕ້ອງມີຕິດໂທລະສັດໄວ້,1
ດີໃຈໃຊ້ງາ່ຍ,1
ຖືກໃຈມາກ,1
ປໄຍດສດ,1
ສົ່ງຂໍ້ຄວາມວ່ອງໄວທັນໃຈ,1
ຍິນດີດວ້ຍ,1
ລາເຊທະມວ່ກ,1
3ກົກ,1
ດີ້ໆໆ,1
ໃຊ້ບໍລິການບໍ່ໄດ້ ຄືມາໂຄສະຫນາ ຫວຍສຸດໆແອບນີ້,0
ບາງເທື່ອກະຟັງຂໍ້ຄວາມສຽງບໍ່ໃດ້ບາງເທື່ອຊົ່ງຮູບກະວີດີໂອກະບໍ່ໃດ້ຍາກໃຫ້ທາງແອັບປັບປຸງຕື່ມ,0
ຂອບໃຈຫນົດທຸກເດີ,1
ຈໍແອັບປິດອັດຕະໂນມັດ,0
ຢາກໄດ້ດາຕາ,1
ສະດວກສະບາຍຫລາຍ,1
ສະດວກ ວ່ອງໄວ ຖືກໃຈຫລາຍ ສະຫມັກ otp ຈັງໃດ ໃຜຮູ້ບອກແນ່ ຂອບໃຈ,1
ດີ ມີຄົບໃນແອບດຽວ,1
ຫາກໍ່ໂຫລດ,1
ສຸດຍອດນິຍົມ,1
ມັກຫລາຍດີ,1
ດີຫຼາຍເອົາໄປລົມກັບຜູ້ບ່າວນິດີຫຼາຍ,1
ໂລດເຟສບໍໄດ້,0
appນີ້ ຂ້ອຍຮັກແຮງ ມີຫລາຍສີ່ງຫລາຍຢ່າງນາໆ ສຸດຍອດ,1
ມັກຫຼາຍສັນຍານດີ,1
ຮຶຄໍ,1
ເອີ້ນລົດພັນເທື່ອກາບໍ່ໄດ້ ຍອມໆ ຈັງຊີ້ ພັດທະນາແນ່ເດີ້,0
ຟັງເພງ,1
ກາກເກິນຮັ່ນນ່າ,0
ສັນສານດີຄອບໃຈ,1
ຍອດຍ້ຽມມາກ,1
ຮູບທີລົງໃນບັນຊີບໍ່ສາມາດປັບປ່ຽນໄດ້ ເພາະຮູບຂີ້ລ້າຍ ບໍ່ໄດ້ຕັ້ງໃຈຖ່າຍ ຍາກປ່ຽນຖ່າຍໃຫມ່ກະບໍ່ໄດ້ ບ່ອນນີ້ຕ້ອງພັດທະນາອີກ,0
"ເປັນໂປຣເກມທີ່ບໍ່ໄດ້ມາດຕະຖານ, ທໍາງານທັງຊ້າທັງຄ້າງ ຫນ້າເບື່ອສຸດໆເລີຍ. ຄວນແກ້ໄຂໃຫ້ດີກ່ວານີ້",0
ເຊັ່ນ,1
ແອັບບ່ໍມີຄຸນນະພາບ ຕົວໃຫ້ໂຫລດມາໃຊ້ບ່ໍໄດ້ຜົນແບ້ມັນຫຍັງ,0
ໃຊ້ດີຫຼາຍ ສະດວກສະບາຍບໍ່ຈໍາເປັນໄປທະນາຄານນໍາອີກ,1
ເຮົາຖືກເລກຄືບໍ່ໃດ້ເງິນນໍ່,0
ຂອບໃຈທີ່ຕິດຕາມເຮົາ,1
ຫລິ້ນດີຫລາຍ,1
ດີຫລາຍພັດທະນາຕໍ່ໄປເດີ,1
ຄືຊ້າແທ້ນໍ ລະບົບນິ ຫນຸນຢູ່ນັ້ນແລະ ຊ້າແທ້ ມັນໄວຈັ່ງສິມາໃຫ້ ດາວເດີ ກວດບ່ອນຮັບເງີນກະບໍ່ໄດ້,0
ທ້າວກອນ,1
ກໍາລັງລອງໃຊ້ງານເບີງ,1
ຈົບການສືກສາ,1
ດີຫຼາຍເຄີຍໃຊ້ແລ້ວແຕ່2019,1
ສາມາດເລ່ນເກມອອນລາຍໄດ້,1
ໃສສະດອກສະບ່າຍລາຍໆ,1
ກໍາລັງສິລອງ,1
ຢຶນຢັນເອກະສານe kycກະດົນໂພດ ຖ້າຕັ້ງແຕ່ເດືອນ2ພຸ້ນຈົນຕອນນີ້ເຂົ້າເດືອນ5ແລ້ວ,0
ລອງໄຊ້ເບີ່ງ,1
ພວກເຮົາໂຊກດີຫລາຍທີມີwhatsapp nessenger ນີ້.ມັນໃຫ້ຄວາມສະດວກ ໃນການຊື່ສານງ່າຍຂຶ້ນ ພວກເຮົາຂໍຂ້ອບໃຈຫລາຍເດີ.,1
ກະໄດ້ເຫັນຫນ້າລູກຫລານຕອນໂທໄປຫາ,1
ອັບເດດແອັບແລ້ວຫນຸນວົງລໍ້ກະບໍ່ໄດ້ຫຍັງເລີຍແຫ່ງອັບເດດແຫ່ງຮ້າຍລົງຖ້າຫມຸນແລ້ວບໍ່ໃຫ້ຫຍັງຊິເຮັດມາເພື່ອຫຍັງວົງລໍ້ນະ,0
ດີທີ່ສຸດ.,1
ໃຫ້ລະອຽດ,1
ຖ້າມີເຄິ່ງດາວກະສິໃຫ້ເຄິ່ງດາວ ຫ່ວຍ,0
ທ້າວ ພູທະວົງ ຫລວງອາມາດ,1
ດີ. ຕອນນີ້ຍັງໄດ້ຢູ່ບໍ10240,1
ເປ່,1
ຊ້າໂພດ,0
ສຸດຍອດເລີຍ ດາ,1
"ບໍ່ຮູ້ອະທິບາຍ,ມີຫລາຍຢ່າງ",1
ອ່ອນ,1
ໂລດຄືບໍໄດ້,0
ກະຫຼິ້ນມ່ວນດີ ມັກຫຼາຍ,1
ມີແຕ່ຄົນໄທແລະທາງການລາວຈະໄດ້ຮັບການສ້າງຕັ້ງຂື້ນຕາມທໍາມະຊາດໃນເຂດເມືອງກາສີແຂວງສະຫວັນນະເຂດໃນຕອນນີ້,1
ຫລິ້ນເກມບ່ໄດ້,1
ນນນາທ່,1
ຢຽ້ມມາລາ,1
ກູນຂ໋ມູນເພດບຸກຄືນ,1
ປຸ໋ຍຈາ,1
like ກວດສອບແດ່,1
ດີຫລາຍງ່າຍຕໍ່ກາຍໃຊ້ງານ,1
ແອັບນີ້ສາມາດເຮັດໃຫ້ມີຄວາມສະດວກສະບາຍຫລາຍຢ່າງແລະປະຢັດເວລາສໍາລັບພວກເຮົາ,1
ເຢັ້ງຢາຢ່າງ,1
ຖາມແນ່ມີໄຜລົງທະບຽນໄດ້ລະບໍ ງືດແຮງ,0
ໃຊ້ງາມໄດ້ດີ,1
ເຄື້ອງໄຂ້,1
ດີມາກ ດີມາກ,1
ອາລີ້ວລາວ,1
ດີທຸກຢ່າງ new,1
ກາກຫຼາຍ.,0
ດີດີແອັບໃຊງ່າຍໄດ້ຈິ່ງລົດຄວາມສ່ຽງຕິດໂຄວິດ,1
ຂໍຄວາມຊ່ວຍເຫລືອແດ່,1
ຂໍໃຫ້ໂຫລດໄດ້,1
ຄັນມີອັບເດດ ສະແກນຈ່າຍໄດ້ຄືສິດີ,1
ຜູ້ຊາຍ,1
ຂໍເປີດແອັບນີ້,1
ຕຸ່ຍ ເທບສຸວັນ,1
ຢ່າໃຫ້ອັບເດດດຸຫຼາຍ,1
ໄດ້ຫຼລາຍຢ່າງ,1
ຍ່າໂຫລ້ດເດິ້.ພວກເຈ້າຂີ້ເຕວະທັ້ງນັ້ນໃດ.ພວກເຫັບຫມາຫວງດນາມນິ.ມັນເຕວະໃຫ້ໂຫລ້ດຊື່ໆ.ຕັ້ງຄ່າກະຍາກ.ຖ້າຄົນມັນຍ່າກໃຫ້ຈີ່ງໃຈແທ້ໆ.ມັນບ່ອຍ້າກປານນີ້ດອກ.ຫວງດໆໆໆ,0
ໃຊ້ດີ ສະດວກ ສະບາຍ ຫາຍຫວ່ງ ຫມົດຄວາມກັງວົນ ຊວ່ງນີ້ມີຂ່າວມາຈາກໄທວ່າໂຈນສາມາດດູດເງີນຈາກບັນໃນບັນຊີລູກຄ້າຜ່ານທາງມືຖືໄດ້ແບບງ່າຍໆ ຢາກໃຫ້ທະນາຄານມີບົບປອ້ງກັນລະວັງຊວ່ຍລູກແດ່ກະດີ ອັນໃດເກີດຢູ່ໄທມາກອ່ນມັນມັກຈະລາມມາເກີດຢູ່ລາວເຮົາສະເຫມີ,1
ບໍ່ໄດ້ເລື່ອງບໍ່ໄດ້ມາດຖານອາຍປະເທດອື່ນເດຕອນຖ່າຍຮູບວົງໄວ້ແນວຫນຶ່ງບາດຖ່າຍອອກມາແນວຫນຶ່ງແລ້ວມາວ່າເຮົາຖ່າຍຮູບບໍ່ແຈ້ງຂີ່ກາກເຮັດບໍ່ເປັນບໍ່ເກັ່ງກະເຊົາເຮັດມາສາແອັບແບບນິ,0
ຍີງຫມ້າເກັກ,1
ຢູ່ໆກະເມິດອາຍຸບໍ່ໄດ້ເລື້ອງຈັກອັນໂຄດແມ່ມືງເອີຍເຂົ້າຫຍັງກະບໍ່ໄດ້,0
ແອບອັບເດດໃຫມ່ບໍ່ມີຄຸນນະພາບບໍ່ແມ່ນເບີຂ້ອຍໃຊ້ລະຍັງບັງຄັບເຂົ້າຢູ່,0
ຖືກຕ້ອງຕາມຫລັກການ,1
ປູ້ຍາ,1
ແກ້ໄຂແນ່ເດີປິ່ນບາດດຽວກະຫມົດແລະລະບົບກາກເກີນ,0
ບໍ່ໄດ້ເລື່ອງ ເຂົ້າອອກຕັ້ງຫຼາຍເທືີ່ອກະຄືເກົ່າ ເຮັດຫຍັງບໍ່ໄດ້ເລີຍ ຄ້າງຫນ້າວ່າງໆ,0
ລະຫັດກິບໍ່ຜິດເປັນຫຍັງຄືເຂົ້າແອັບຯບໍ່ໄດ້ປັບປຸງດ້ວຍ,0
ອັບເດດແລ້ວສະເຕຕັດເສຍ ໃຜກາຈົ່ມ ເກັບມາຈົນປີ 1 2ປີລະ ມາອັບເດດເສຍຊ້ໍາ ສາເຫດໃຫ້ເຂົາຜິດກັນເອົາຊື່ໆ,0
ສະບາຍດີປູແປ່ ລາວ,1
ປິດທະນາຄານສາສະແກນໃບຫນ້າຈົນຄໍຊິຫັກລະບໍ່ໃດ້,0
ດຮເຂົ້າຊົມ,1
ໃຊ້ດີແທ້ໆ,1
ກາດີຫຼາຍເນາະເພາະວ່າເງິນເຂົ້າຄູ່ເດືອນດ້ວຍບໍ່ໄດ້ເຮັດຫຍັງປະໄວ້ເງິນເອງເລີຍຂອບໃຈຈາກ u money,1
ອັບເດດຕະຫຼອດ ໂຄດເບື່ອ,0
ສົ່ງລະຫັດກໍຊາຊາຈະອານຸມັດການຂື້ນທະບຽນເບີກໍຄືດົນແທ້ຈະຮອດ1ເດືອນແລ້ວຈຶ່ງໃດ້ວ່າຕອບແດ່,0
ແອັບເຂົ້າບໍ່ໄດ້ ມັກມີບັນຫາຕະຫລອດ,0
ຢາກໃຫ້ພະນັກງານປັບປຸງນິດຫນຶ່ງເວລາໂອນເງິນເຂົ້າບັນຊີບໍ່ເຫັນເງີນໃນບັນຊີຮູ້ວ່າມັນເປັນນໍາລະບົບປັບປຸງແນ່ເຈົ້າ,0
ແອັບກາກ.ບໍ່ມີຄົນບໍລິການ. ຕາຍເມິດແລ້ວບໍ່ຄົນໃນສູນ,0
ອີເມໃຜໃຜກະຮູ້,1
ໃຫ້ຂໍ້ມູນດີ,1
ຕ້ອງການດາວໂລດ,1
ບໍ່ໃດ້ໃຊ້ດົນແລ້ວລໍາຄານຕັ້ຯຯແລ້ວບໍ່ຫອດອາທິດຈັກເທື່ອຈົນບໍ່ຄິດຢາກໃຊ້ແລ້ວລະ,0
ດີຫຼາຍບໍລິການນີ້,1
ດີແລ້ວ ພັດທະນາໄປຕື່ມດອກ,1
ໂຫລດແລ້ວຄືບໍໃຫ້ຕິດຕັ້ງນໍ,0
ແອັບແບ້ຫຍັງ ເຮັດຫຍັງກະບໍ່ໄດ້ ມີແຕ່bug ເຊົາໆຍ້າຍຄ້າຍລະ,0
ຂອຍໄຈ,1
ໂອເຄ່ດີ,1
ເຂົ້າບໍ່ໄດ້ລະບົບແກ້ໄຂດ່ວນ ເຂົ້າຕອນໃດລະບອກວ່າເຊື່ອຕໍ່ບໍ່ໄດ້4,0
ດີຫລາຍເດີ້ເຈົ້າໆ,1
ຄຶຕົດ,1
appໃຊ້ງານດີລົງທະບຽນງ່າຍ ຖ້າລົງທະບຽນບໍ່ເປັນໃຫ້ໄປເບິ່ງຄໍາແນະນໍາວິທີການໃຊ້,1
ໃຊ້ດີໃຊ້ປະຈໍາ,1
ນາງນ້ອນເຮຮແກນອສ,1
ມັກລີ້ນຊື່ສານງ່າຍ,1
ດີຫຼາຍອ້າຍ,1
ງ່າຍໃນການນໍາໃຊ້.ປືກ.ຫືລສະຫລາດໃຊ້ໄດ້ຫົມດທຸກຄົນ,1
ໃຊ້ດາຍ,1
ແຊບໍໃດ້ປັບປຸງແດ່,0
ກະດີຢູ່ດີໆ . o o . 0,1
ໃຊ້ບໍ່ໄດ້ເດີອັບເດດໃຫມ່ແລ້ວແຊຣ໌ບໍ່ໄດ້,0
ມັກມີສູດ,1
ເວລາສິປະຕິບັດທີ່ແອັບບອກມັນມີແຕ່ເດັ້ງອອກເຂົ້າຍາມໃດກະເດັ້ງອອກແບບນີ້ປັບປຸງດ່ວນໆ,0
ດີ ງ່າຍຕໍ່ການໃຊ້ງານ,1
ໄຫ້ມັນໄດ້ແນ່ຢາກຫລິ້ນນິ,0
ສັ່ງເຂົ້າພັດແນ່,1
ການໃຊ້ງານຍັງບໍ່ທັນໄດ້ດີປານໃດ,0
ໂຫລດແລ້ວເຂົ້າກະບໍ່ໃດ້ແກ້ໄຂບັນຫາແນ່,0
ໄສໄດ,1
ໃຊ້ດີຫລາຍ ແຕ່ດຽວນີ້ເຂົ້າແອັບບໍ່ໄດ້ ເຂົ້າໄປລະເດັ້ງອອກ ຈັກເປັນຫຍັງບໍ່ເຂົ້າໃຈ,1
ດິເລີຍ,1
ດີໆແຕ່ຢາກໃຫ້ແຈກເງີນຫລາຍໆ,1
ຢາກໄດ້,1
ນອງລາ,1
ຂ່ຂອບໄຈນໍາເດີໄຊ້ດີແລ້ວ,1
ຫລິ່ນດີ,1
ຊຸດຢອດ,1
ຮັກງາ່ຍແຕ່ລືມຍາກ,1
ໃຫ້ເພນເກນຟີໄຟດູ,1
ມັນດິມາກ,1
ຂໍໄຫລົດໄດເດີຈະ,1
ດີຢູ,1
ກະຢີມົວ,1
ດີໄຈທີໄດ້ຫີ້ນ,1
ກະແຕ,1
ປັນປຸງແດ່ ບາງຄັ້ງກະຊັກຊ້າຫຼາຍໆ ໂຄດຊ້າເລີຍ ບາງເທື່ອກະບໍ່ເຕືອນ ບາງເທື່ອກະໂອນເງີນຕືມບັດກະຍັງບໍ່ໄດ້ ຫັກເອົາແຕ່ເງີນຢູ່ໃນບັນຊີ ເງີນພັດບໍ່ເຂົ້າເບີໂທລະສັບ ຕື່ມແລ້ວຫັກເອົາເງີນລຽບລ້ອຍ ໄປເບີ່ງໂທລະສັບແຕ່ເງີນພັດບໍ່ເຂົ້າ,0
ໂຄດແມ່ມຶງກາກເລີຍ ເຂົ້າເບິ່ງເທື່ອນໃດ ມີແຕ່ຂໍ້ມູນຜິດພາດ,0
ດີໃຊ້,1
ເວລາຖືກເລກຄືເງີນເຂົ້າຊ້າແທ້ ບາງເທືອຈົນຊີຄົບ24ຊົວໂມງເງີນຈືງເຂົ້າ ໂອນໄວຄືຕອນຫາເປີດແລກໆແມ້ດີ,0
ໂຫລດຊ້າ,0
ຄົນບາ້ນໆ,1
ບໍລິການດີແຮງ,1
ຍັງບໍ່ຮູ້ວີທີຕັ້ງ,1
ເປັນແອັບຯທີ່ດີ,1
ດີໃຈຫລາຍຍ,1
ອອກຈາກລະບົບແລ້ວເຂົ້າບໍ່ໃດ້,0
ສະດວກສະບາຍວອງໄວທັນໃຈ,1
ໂດດແອມບໍໄດ້ແກໄຂໄຫ້ແດ່,0
ກໍາລັງເດີນໄປຕາມທາງທີ່ຕົນເອງເລືອກ,1
ຊອກຫຍັງກະບໍ່ເຫັນຊ້າກະພໍແລ້ວ,0
ວ່ອງໄທທັນໃຈ,1
ເປັນແອບທີ່ດີຫຼາຍຍມັກ,1
ເບີ່ງຫຍັງກະບໍ່ໄດ້ແກ້ໃຂແນ່,0
ສັງຄົມ,1
ກາກລີ້ນກະບໍໄດ້,0
ແອັບຂີ້ຕົວະໂຄດແຍ່ເລີຍເຮັດແບບນີ້,0
ແຈ້ງເຕືອນການອັມເດດແດເດີ,0
ໄດ້ເບີແລ້ວແຕ່ເຂົ້າບໍ່ໄດ້ມີແຕ່ເບີບໍ່ຖືກສີໃຫ້ເຮັດແນວໃດເບີ່ງແນ່ເດີ,0
ອໍາ,1
ໂລດແອັບ,0
ຊ້າເຮັ່ງ,0
ບໍ່ຢາກໃຫ້ມີການແບບວ່າເວລາມີຄົນສົ່ງຮູບເຂົ້າແລ້ວບໍ່ຢາກໃຫ້ດາວໂຫຼດອັດຕະໂນມັດຢາກໃຫ້ເຮົາແຕະໂຫຼດເອງ ແບບຂີ້ຄ້າຍລົບຮູບເວລາມີຄົນສົ່ງມາເວລາຂາຍເຄື່ອງ,0
ຖ້າມແທ້ແອັບນີ້ສ້າງມາເພືອນຄົນລາວຫລືຄົນຕ່າງປະເທດໂຄຍແມ່ສູມັນບໍມີຮອດພາສາລາວມີແຕ່ພາສາອັງກິດຊອກບ່ອນສິປຽນພາສາກະບໍມີ,0
ເຈົ້າບໍມາຕະຫລາດບໍ,1
ດີຫລາຍທີ່ມີການສົນທະນາແບບນີ້,1
ສະດວກແລະປະຍັດເວລາໃນການເຮັດວຽກໃດ້ຫຼາຍ,1
ອາດສືສທຍ,1
ສາຍພົວພັນທາງຊິວີດ,1
ດີຫລາຍ ໃຊ້ສະດວກ,1
ຜ່ານມາມີອຸປະສັກຫຼາຍໆຢາງ,1
ພໍ່ຮັກລູກຂອງພໍ່ຢູ່ສະເຫມີ,1
ລິດສະບາຍດີມ່ວນລາ້ຍ,1
ບໍ່ເຫັນຜູ້ບ່າວແຊັດມາເລີຍ555,0
ບຸນເຕັມ ພີລາວັນ,1
ມິນວິນ,1
ພະນັກງານສົ່ງເຄື່ອງຊ້າໂພດ. ປັບປຸງໃຫ່ມແດ່,0
ເຮົາຢູ່ ສປປ ລາວຂອງເຮົາສົງຄິບສຽງອອກບໍ່ໄດ້ປັບປຸງໃຫ້ແດ່,0
ໂອເຄ ຄັກແລ້ວ,1
ອງຜແ,1
ຍີ່ງປັບປຸງ ພັດແຮງບໍ່ເປັນຕາໃຊ້ ໃຊ້ໂຄດຍາກ,0
ແອນ,1
ເຂົາກະບໍ່ໄດ້ເລີຍປັບປຸງແດ່ເດີ,0
ເຈັງດີ,1
ເກົ້າຈີ,1
ທາ ທາພັນອິນໄຊ,1
ໂຫລດແລ້ວເຂົ້າບໍ່ໄດ້ເລີຍ,0
ມກປິດການມອງເຫັນຫຼາຍອີ່ຕົນແດ່ຄົນໄລ້ໃຫ້ກະຫມ້ອຍ,0
ປາສນບ,1
ນອ້ງວັນ,1
ລວດເລວທັນໃຈ,1
ຍ້ຽມ,1
ໂຄ້ດຫລອກຫລວງປານນັ້ນໂຫລດຈະໄດ້ເນັດຟຮີ10gbໂຫລດມາເສຍເນັດຊື່ໆ,0
ເອີ້ນລົດຍາກໂຄດດເອີ້ນດົນຂະຫນາດນີ້ຢ່າງໄປຍັງໄວກວ່າຊ້ໍາ,0
ໂຫຼດມາແລ້ວແຕ່ເຂົ້າບໍ່ໃດ້,0
ຄືກັນ,1
ເພື່ງເລ່ນ,1
ເນັດກະດີຢູ່ໃດຂະຫນາດໃຊ້wifiຍັງຫມຸນແທ້ຫມຸນວ່າພໍເຂົ້າເຫັ້ຼນແອັບອື່ນກະໄດ້ປົກກະຕິບໍ່ມີຫມຸນ ຊັບກະບໍ່ຕົງບາງທີກະບໍ່ເຂົ້າໃຈຊ້ໍາ ອັນນີ້ຄວາມຈິງ ຢາກໃຫ້ແກ້ໄຂພັດທະຫນາກວ່ານີ້ ຖ້າວ່າຂ້ອຍເວົ້າລະມັນຜິດກະຂໍໂທດ,0
good ລໍາຄານນໂຄສະນາແມ່ຫຍັງມືງກະດໍ້ກະເດີ້ຍ ທຸກວີດີໂອເລີຍ ມືງສິຄອບງໍາຢູທູບເລີຍຫວາໂຄດແມ່ມືງເອີຍ good,0
ການນໍາໃຊ້ຢ່າງສະດວກສະບາຍ ດີຫລາຍ,1
ຕະວັນ,1
ເພຶ່ອ,1
ລົງແລ້ວ ດົນໆພັດວ່າສັງມາບອກເບີຂອງທ່ານລົງທະບຽັ້ນບໍ່ສໍາເລັດ ປັບປຸງດວນ,0
ອາຄົມໂພນໄຊ,1
ແອັບໂຄດກາກເລິຍຫມຸນໄດ້ລາງລະໃຫ້ແບ່ງປັນໃຫ້ໂພດລົງ fb ລະບາດຊິໂພດກະໂພດບໍ່ໄດ້ໂດກສຸດໆ,0
ເຂົ້າຫຍັງຊາມດາວໂຫລດແລ້ວກະໃຊ້ເວລາເປັນວັນພຸ້ນລະກວ່າຊິໄດ້,0
0179 ສຸລະບັນດິດ ທ່ານຄືອະຊາລິຍະບັນພຣະບຸດທຸກໆສັດຕະ ອດິດປຈບັນແລະຕ໋ຕໍໄປດີ,1
ປະສົບການຂ້ອຍແມ່ນການເດີນທາງໄປເລື້ອຍໆ,1
ດີ ເຄ,1
ແອບຊາ,1
ມີຄວາມຮູ້ຫລາຍ,1
ໃຊ້ດີແທ້ໃວເຮັດຫຍັງກະງ່າຍດີ,1
ດີມີຄວາມທູກ,1
ໄລເດີມີແຕ່ຄົນຫລໍ່ໆ ງາມໆ,1
ຫຼິ້ນwhatdappບໍ່ໄດ້ເລີຍ,0
ແອັບດີຫຼາຍ ບໍລິການກໍດີ ແພງກວ່າເຈົ້າອື່ນຫນ້ອຍຫນຶ່ງກະຖືວ່າຄຸ້ມຄ່າກວ່າ,1
ສະນຸກໃນການລີ້ນແອັບນີ້.,1
ມັກແຮງ ແລະສະດວກງ່າຍ ເຫມາະກັບຍຸກສະໄຫມ,1
ຂ້ອຍເຂົ້າບໍ່ໄດ້ປັບປຸ່ງດ່ວນ,0
ວ່ອງໄວ ທັນເຫດການ ດີ,1
ຫວັງວ່າຈະໄດ້ເວີຊັນໃຫມ່ໃນໄວ້ນີ້ແມ່ນບໍ,1
ດີກລາຍໆໆ ນນຍ່ີຍີນ,1
ດີມາກຖ້າບໍ່ມີກະດີດີສຸດແລ້ວ,1
ດີຢຽ່ມ,1
ເວີຊັນນີ້ໂອນເງີນຜ່ານມືຖືບໍ່ໄດ້,0
ໄຊດີສຸດຍອດ,1
ໃຊ້ດີວ່ອງໄວທັນໃຈ,1
ອັບເດດໃຫມ່ ຄຸນນະພາບຍິ່ງຫລຸດລົງ ອັບເດດໃຫມ່ກະຕ້ອງມີຫຍັງໃຫມ່ໆຕວ໋າ ປັບປຸງແກ້ໄຂແນ່ເດີ,0
ມີຫຍັງໃຫນ່,1
ມັນໂຂດແຈວແລະຢອດຢຽບ,1
ມັກ ເພີນດີ,1
ຄັກເດີ,1
ສື່ສານກັນງ່າຍ,1
ຍັງບໍໄດ່ໃຊ່ແຕ່ໃຫ່ກ່ອນ,1
ຄຶບ່ໄດ້,1
ນາງຫຽມເຂົ້າຮ່ວມການແຂ່ງຂັນເຕະບານມິດຕະພາບລາຄາຖືກກວ່າຄົນເສຍຊີວິດຍ້ອນການປະທ້ວງຕໍ່ຕ້ານພວກເຮົາຈະໄປຢ້ຽມ ຢາມຂອງການນໍາເຂົ້າສິນຄ້າຈາກຕ່າງປະເທດປະເທດສະຫະລັດທ່ານນາງອາໃສແລະທ່ານນາງອາໃສແລະທ່ານນາງອາໃສແລະຄຄ,1
ສຸດຍອດ ໃບອ່ອນ,1
ບໍມີເນັດ,1
ແສງສອນ,1
ຕົວະກູຄັກເນາະຄຄຕ,1
ອັດສຽງໄດ້ບາງເທື່ອບາງເທື່ອບໍ່ໄດ້,0
ສະດວກສະບາຍ ແລະໄວທັນໃຈ,1
ລ່ອງລິ່ນ,1
ອັບເດດຕະຫຼອດນ່າເບືອ,0
ຍ້ອນເຟສບຸກເຮັດໃຫ້ຂ້ອຍໄດ້ພົບຫມູ່ເກົ່າຕອນສະໄຫມນຽນ.,1
ຄືລົງບໍ່ໄດ້ຈັກເທື່ອ,0
ເປີດມອງເຫັນດ້ອຍ,1
ການໃຫ້ຂໍ້ມູນຂ່າວສານດ້ານການບໍລິການມີສາລະດີຫລາຍເປັນຕົ້ນແມ່ນການບໍລິການລົດຮັບສົ່ງລູກຄ້າສາມາດເຂົ້າເຖິ່ງແລະຮຽນຮູ້ເສັ້ນທາງໃນຂອບເຂດນະຄອນຫລວງວຽງຈັນໂດຍຜ່ານໂລກາແລະຍັງເປັນທາງເລືອກໃນດ້ານການປະກອບອາຊີບຍັງສາມາດສ້າງລາຍຮັບໃຫ້ຜູ້ທີ່ສົນໃຈໃນດ້ານການບໍລິການ,1
ບໍລິສັດ9ຄຸຢິດອອກບວດປ,0
ດີລາຍແອ້ບນີ,1
ດີຢຽມ,1
ບໍໄວເລີຍ,0
ໂຫລດດົນໂພດ,0
ກູ້ຢ່າງ,1
ດີລາວ,1
ຖ້າບໍ່ມີການປິດການມອງເຫັນມັນຄືຊິດີກວ່ານີ້,1
"ສຽງບໍ່ຊັດເຈນ,ວິດີໂອຄ້າງ",0
ຈ່າພີ ລໍຊີ ນອກ,1
ໃຊ້ຄັກແຮງ,1
ເຄີທູ ອາເຊະ,1
ດີໃຈຫຼາຍທີ່ມີແອັບຯນີ້,1
ມັນເປັນຫຍັງເປີດເຟັດ ບໍ່ຂຶ້ນ?,0
ຊ່ອງຄົ້ນຫາ ເວລາພິມໃສ່ ລະກົດຄົ້ນຫາບໍ່ໄດ້ເຈົ້າ,0
ທໍາໄມ່ດາວໂຫຼດບໍ່ໄດ້,0
ສະດວກ່ສະບາຍດີ,1
ກາກແຮງຫມຸນ5ເທືອກາບໍໄດ້ເອົາໄປ 1ດາວ,0
ນປ່າຈີ່ມົວ,1
ໂອເຕ,1
ໃຊ້ງາ່ຍສະດວກທັນໃຈວອ່ງໄວ ດີຫຼາຍ,1
ໃຫ້ອັບເດດດຸໂພດທັ້ງໆທີ່ອັບເດດໄປບໍ່ພໍອາທິດຊໍາ້,0
ຂໍສະນັບສະຫນູນ,1
ແອ່ນອ້ຍເກດ ແກ້ວ,1
ສະບາຍ?ຈ,1
ຊອບມາກເລ່ນລະສຸກ,1
ສະນຸດ,1
ເກັບກໍາ ຂໍ້ມູນ ແລະ ນໍາໃຊ້ເພື່ອລາຍງານເຫດການຕ່າງໆຂອງຂໍ້ມູນ,1
ຫມອມເພັດ,1
ສຸດຍອ໋ດເລີຍ,1
ມີປະໂຢ,1
ແອບນີ້ມັນຫວາຍທີ່ສຸດເພາະໃນຄະນະນີ້ມັນຕິດຕັ້ງບໍ່ໄດ້,0
ຈ່ອຍ ຈ່ອຍ,1
ເດັກນາຍ,1
ໄມມົນ,1
.ຕ່າມ ທີເຫັນຮັນແລະ.,1
ຜູ້ບ່າວນີ້ຄື,1
ຕິດຕັ້ງແອັບຫມາດຕະຖາມ,1
ສະດວກສະບາຍ ຍຸກໂຄວິດ19,1
ຫລັງກາງໄລຂໍໄລປາທອງພິຈາລະນາ,1
ທ.ຊາຄດິ,1
ໃຫ້ສາມດາວ,1
ຂ້ອຍໂຫລດແອັບມາແລ້ວຕິດຕັ້ງກະບໍ່ໃດຊາກະຊາຢາກໃຫ້ປັບປຸງໃຫມ່,0
ຍົງທໍ,1
ສະດວກສະບາຍຫລາຍຂື້ນ.!,1
ໄດ້ສ່ວນຫລຸດຫລາຍບໍລິການດີ,1
ໄມເມາສົມ,1
ສົ່ງຊ້າ,0
ມັນຄືຕັ້ງຢາກແທ້ ລະຫັດແນະນໍາ ບໍ່ບັງຄັບ ໃສ່ເພື່ອ? ມັນບໍ່ມີຊິເອົາມາແຕ່ໃສມາໃສ່ ເຮັດໃຫ້ມັນງ່າຍໆກ່ອນນີ້ບໍ່ໄດ້ບໍ? ບໍ່ບັງຄັບ ແລ້ວກໍ່ຕ້ອງໃຫ້ໃສ່ຢູ່ດີຊິໃຫ້ຊອກເອົາມາແຕ່ໃສ່ແນວບໍ່ໄດ້ມີຄົນແນະນໍາມາ,0
ດີຫລາຍໄຊ້ງານສະດວກ,1
ເຂົ້າບໍ່ໄດ້ ແອບຂີ້ກາກ,0
ແອັບໃຊ້ດີໃຊ້ງ່າຍໃຜຢາກໄດ້ເງີນຄືນໃສ່ລະຫັດແນະນໍາ15940044,1
ກີນເຂົ້າ ເຮັດວຽກ,1
ປຸຕາ ງ ປຸຕໍາງ,1
ເມາະສົມສໍາລັບການໄຊ້ງານ,1
ok ດີຫຼາຍໃຫ້5,1
ຮັກທີ່ຫນື່ງພິພັດທະນາ,1
ເວລາປຽ່ນໄປ ແຕ່ບໍປຽ່ນໄຈ,1
ຕື່ມມູນຄ່າໂທ ແຈ້ງເຕືອນຕັດເງິນໃນບັນຊີໄປແລ້ວ ກວດເບິ່ງມູນຄ່າໂທພັດມີ 0 ກີບຄືເກົ່າ ແກ້ໄຂແນ່ ເພາະເຈີ2ເທື່ອແລ້ວ ເງິນຕັດໃນບັນຊີກະບໍ່ໄດ້ຄືນເສຍໄປຊື່ໆ ຂໍໃຫ້ທາງແອັບກວດສອບແກ້ໄຂໃຫ້ແນ່ຢ້ານວ່າມີຂໍ້ຜິດພາດແນວໃດ,0
ໄຊ້ງາຍສະບາຍ,1
ປັບປຸງແນ່ເດີເຂົ້າຍາມໃດເດັ່ງຍາມນັ້ນ,0
ຢູ່ໆລະເຂົ້າແອັບບໍ່ໄດ້ ບໍ່ຮູ້ເປັນຫຍັງ ແກ້ໄຂຄືນເດີ,0
ນີຍົມ,1
ບັນຊີ jack capital amulet ຄອມເມັ້ນບໍ່ຂຶ້ນເວລາເບິ່ງໄລຟ໌ສົດ ເອົາ 1 ດາວໄປ. ຄວຍ,0
ດນນ້ພ,1
ດີເກີນ,1
ອັບເດດຕະຫລອດແຖມໂອນຍາກອີກ ຄວນປັບປຸງໃຫມ່ແນ່ເດີ້,0
ຢາກໃຫ້ມີອອກບັດ atm ໄດ້,1
ສຸດໆ,1
"ອັບເດດໃຫມ່ບໍ່ເປັນຫຼິ້ນເລີຍເຮັດຫຍັງກະຄ້າງ,ຄວນແກ້ໄຂໃຫມ່",0
ກູລໍາຄານບໍ່ຢາກໂຫລດ,0
ເຮັດບໍ່ໄດ້ ຄາແຕ່ນໍາໂຕລະຫັດຜ່ານຫັ້ນ ໃສ່ແນວໃດກະບໍ່ໄດ້,0
ນ້ອງລາວສວາຫຸວວງພະບາງ,1
ຢາກໄດ້ແຊໃນເຟດບຸກໍາດ້,1
ໂຕເ,1
ແອັບເວນ ເຕີມເງິນໃສ່ແອັບແລ້ວເຂົ້າແອັບບໍ່ໄດ້ ແອັບເວນ.,0
ແວວຄໍາ,1
ຂໍໄຫ້ໄດ້ນະ,1
ຄັກຫລາຍເຝດບຸກ,1
ຊຶ່ງອາ,1
ຄັກຢູ່ໃຊ້ດີຢູ່ແອັບນີ້,1
ໄສ້ລະຫັດພານບໍຄອ່ຍໄດ້ສໍາ,0
ດີໃຈທີມີໂພສ,1
ຟັງສຽງເຂົາສົ່ງມາໃຫ້ບໍໄດ້ແກ້ໄຂໃຫ້ແນ່,0
ເຫັນສະບາຍ,1
ສີໄມ,1
ຊ່ວຍກູ້ເຟດບຸກຄືນມາແນ່ເພາະຂາດຄວາມພົວພັນ,1
ລົດບໍ່ມີນ້ໍາມັນ,0
ໃຊ້ດີປານ,1
ໃສ່ລະຫັດຖືກກະວ່າບໍ່ຖືກບໍ່ຮູ້ວ່າແອັບນີ້ມີປະໂຫຍດຫັຍງສົ່ງຂໍ້ຄວາມໃນເບີໃຫ້ໂຫລດເພື່ອຮັບດາຕ້າ10gbໂຫລດມາກະບໍ່ເຫັນຊິໄດ້,0
ດີຫລານ,1
ຈົນກະຫວົໃຈ,1
ຢ່າລືມກົດລະຫັດນີ້ໃສ່ 38160281 ເພື່ອໄດ້ສ່ວນຫລຸດ 5,1
ສຸດຍອດຫລາຍແອບນີ້ ຢູ່ໃສກະໃຊ້ໄດ້ພຽງແຕ່ທ່ານມີອີນເຕີເນັດ ຕື່ມບັດຍັງຫລຸດອີກ 5 ພຸ້ນນະ ສຸດຍອດ,1
ແຍ້ມາກ ເຂົ້າບໍ່ໄດ້ເລີຍຢາກເກີນ,0
ເຂົ້າແລ້ວແຊັດບໍ່ໄດ້ ທັ້ງໆທີ່ຫລິ້ນອັນອື່ນກາປົກກະຕິ,0
ຊື່ນຊອບທຸກໆກິດຈະກໍາ,1
ດີ້ມາກ,1
ໃຊ້ງ່າຍ ເຊົ້າເຖີງໄວ,1
ໃຊ້ດີນະແອັບນີ້ເອົາ5ດາວ,1
ແມ້ງເຂົາລະບົບບໍ່ໄດ້ເລີຍມັນບອກໃຫ້ໃສ່ເບີພໍໃສ່ແລ້ວຍັງຢູ່ຫນ້າເກົ່າລອກອີນບໍ່ໄດ້ຍາກຈິຫາຍເລີຍວາ,0
ຂໍຂອບມໃຈ,1
ຂໍໄຫ້ເຟຮນີດິແດ,1
ຊື້ທາວບຸນລົດ,1
ຈັນ,1
ຂອບໃຈຄໍາວ່າມູຮີ,1
ອັບເດດໄວຫລາຍໃຊ້ດີ,1
ໄຊ້ດີຫລາຍ,1
ຫລິ້ນ,1
ຫວານຈ໊ຽບ,1
ແອັບນີ້ໃຊ້ສື່ສານໄດ້ດີ,1
ດີຫລາຍເຫມາະສໍາລັບຄົນຢາກມີບັນຊີ,1
ເຟສນີ້ຄ່ອງໃຈຂ້ອຍມາຫລາຍປີແລ້ວແລະບໍ່ຄິດທີ່ຈະປ່ຽນ,1
ຂໍບອກວ່າໃຊ້ດີເລີຍທີດຽວແຕ່ຢາກໃຫ້ມີວິທີເອົາເງິນເຂົ້າແອັບໂດຍການເຕີມເງິນດ້ວຍບັດເພື່ອຄວາມສະດວກສະບາຍໂດຍທີ່ບໍ່ຕ້ອງໄປຫາຈຸດບໍລິການunitel,1
ອະຫີເລຍ,1
ວິລີໂອັ,1
ໄຊ້ງານປົກກະຕິ,1
ພັດທະນາຕະຫຼອດເດີ້,1
ຄວາຍເອີ້ຍ,0
ຄັ້ກ,1
ເຄີຍໃຊ້ແລ້ວ,1
ຈັດໄປ,1
ດີດີຈິງ,1
ໂອເຄນະ,1
ດີລາຍຂັກອີລີແອບຕົວນີ,1
ແຊັດ ເຮັດໂມດໃຊ້ຟຮີ່ແນ່ຄົງຊະດີ,1
ຖືວ່າໃຊ້ໄດ້ດີສົມຄວນ.,1
ຂ້ອຍຫລີ້ນເຟດບຸກ ຊື່ ady shonetave ຢູ່ດີໆກະເຂົ້າບໍ່ໄດ້ລະຫັດກະເອົາໃສ່ລະແຕ່ກະຖຶກປະຕິເສດບໍ່ໃຫ້ໃຊ້ງານມັນຈັງໃດນີ້ຂ້ອຍຫລິ້ນເຟດນີ້ມີບັນຫາຕະຫລອດຊ່ວຍປັບປຸງແລະແກ້ໄຂໃຫ້ຂ້ອຍແນ່ເດີຫວັງວ່າຄວາມຄິດເຫັນຜູ້ທີ່ສ້າງເຟດບຸກອາດຈະຮັບຮູ້,0
ແອັບນີ້ສາມາດຮັບໄດ້ຈັກທະນາຄານ?,0
ສະດວກການຈ່າຍ,1
ສຸດຍອດດີຫລາຍ,1
ດດີດີດີດີດີດີດີ,1
ດີຫລາຍແຕ່ຢາກໄຫ້ມີໄດ້ຮັບເງິນໂທນໍາ,1
ໃຊ້ຢາກ,0
ຄັກຄັກ,1
ດິມາກເລີຍ,1
ໂມຈ້າເປັນບໍລິການດີ,1
ສະບາຍດີທຸກໂສດເດີ,1
ແອັບດຽວນີ້ເຂົ້າຢາກ,0
ສະດວກ ໄວວ່ອງ ທັນໃຈດີ,1
ແອັບນີ້ສະດວກຫຼາຍ ຊ່ວຍແມ່ຄ້າອອນລາຍໄຫ້ຮູ້ຂໍ້ມູນໄວ ແລະ ສະດວກຂື້ນ,1
ໄຊ້ດີຍູ່,1
ຢາກຖຶກເລກ,1
ຂ້ອຍກົດເຂົ້າ 3 ແກຼັບ ແຕ່ໄປຂຶ້ນ ifeel ລະບົບມີປັນຫາບໍ?,0
ດີຫລາຍເຮັດໃຫ້ເຮົາຕິດຕໍ່ກັນງ່າຍ,1
ຮ່າຮ່າ,1
ຊ່ວຍແກ້ໄຂໃຫ້ຂ້າພະເຈົ້າແນ່ ເພາະເຂົ້າເຖິງບັນຊີນີ້ບໍ່ໄດ້,1
ຂ້ອຍຕື່ມເງີນເບີດ20ພັນແຕ່ບໍເຂົ້າເປັນຍ້ອນເດ,0
ອັບເດດແລ້ວຍັງສະແກ່ນໃບຫນ້າບໍ່ໄດ້ເປັນນໍາຫຍັງ?,0
ຄັນມີເວລາວ່າງກະຕວດສອບແອປແນ່ເດີ ຫລົ້ມດຸຕາຍແທ້ ຊິໂອນຊິເຮັດຫຍັງກະຍາກ,0
ດີສູ່ໆ,1
ນາງຄໍາຜາຍແກ້ວໄກສອນ,1
ຖ້າປ່ຽນໂສມຫນ້າແອັພໃຫມ່ ກະອັບເດດຈາກແອັພເກົ່າເປັນແອັພໃຫມ່ກະໄດ້ ບໍ່ເຫັນຕ້ອງມາໂຫລດແອັພໃຫມ່ ແລ້ວຕິດຕັ້ງໃຫມ່ອີກ,0
ວັດດີຫະຟູ່ວ.,1
ໄວດີ,1
ດີລາຍເດີມັກມັກ,1
ຕາຢາກລີ້ນນໍາ,1
ມັກມັນແຊັດຟຣີ,1
ຫລີ້ນຍາກບໍ່ເຂົ້າໃຈ,0
ຊ່ວຍປັບປຸງຄຸນນະພາບໃຫ້ດີຂື້ນແດ່,1
ຕ້ອມຂະຫນົມວານ,1
ອາ່ຍຕີ່ສາຍສຽບ,1
ອາແມ້,1
ຂ້ອຍສັ້ນໄດ້ແຕ່ໂພສບໍ່ໄດ້ຕະຫລອດແຕ່ຂ້ອຍຢາກໃຫ້ດ່າວຊື່ໆເດີ,1
ສະບາຍງ່າຍໂທສະດວກບໍ່ຫຍຸ້ງຍາກ,1
ຢູ່ ຢູ່ ກະບອກໃຫ້ອອກແລ້ວເຂົ້າບໍ່ໄດ້ເລີຍດາວໂລດໃຫມ່ກະບໍ່ໄດ້,0
messenger ເປັນແອບທີ່ເຈັ່ງເປັ້ງ,1
ໃຊ້ເບີໄປແລ້ວບໍ່ໄດ້.ມັນແນວໃດຕອບແດ່,0
ຄດ້ຶ,1
ວິຣະບຸຣຸດເລີດ,1
ຄໍາແກ້ວ,1
ແອບໃຫ່ມ,0
ແມ່ນຫຍັງອັບເດດທຸກວັນ,0
ເຟສດເກົ່າ,1
ປາຍແບ້ນອະເລີແລ້ະວັອດແອປຕາຍໆສະ,0
2021ອາເອີອາຄໍາວັນທີ25ເດືອນ1,0
ຊີວິດເທົ່າທີ່ຮູຢູ່ໃນຄວາມເປັນອັສລີຍະຄືໂສດ m s.t,1
ເປັນຫຍັງຄົ້ນຫາຫມູ່ທີ່ຂອຍ້ຮູ້ຈັກບໍ່ເຫັນຂໍທີມງານກວດ່ສອບ່ໃຫ້ແດ່,0
ແອບສົ້ນຕີນຫນຸນບ່ເຄີຍຖືກ,0
ມີແຕ່ວ່າໃຫ້ລົງທະບຽນແອັບຄືຫູຂີ້ນີ້ ເດັ້ງອອກ ຕະຫຼອດ ຊຸມເຈົ້າກະລອງ ມາລົງທະບຽນຢູ່ບໍ ມາອ່ານເບິ່ງ ຢູ່ບໍຄັອມເມັນ,0
ຍີນດີຕອນຮັບ,1
ຕັ້ງຊື່ ໃຫ່ມ,1
ເຂົ້າແອັດກະຍາກຢູ່ເດ ສໍາລັດລຸ້ມໂທລະສັບຂອງເຮົານີ້ນະ,0
ໃຊ້ມານານ,1
ເວີຊັ່ນໃຫມ່ເຕີມບັດໄດ້ເລີຍ,1
ການລຸນາປັບປຸ່ງຄືນເພາະອັບເດດໃຫມ່ແລ້ວມີການອັບສະຕໍລີຍາກບໍ່ມີເພງບໍ່ມີການແຈ້ງເຕືອນໃດຖ້າບໍ່ອອນ,0
ໄມ່ບັງຄັບ,1
ຂອອານຸຍາດໃຊ້,1
ຖືກໃຈກລາຍຢາກໃຊ້ແອັບນີ້,1
ເຮັດໃຫ້ທຸລະກິດປະສົບຜົນສໍາເລັດ,1
ລົງທະບຽນບໍ່ໄດ້ ມັນເດັ້ງອອກຕະຫຼອດ,0
ລືມລະຫັດແລ້ວລ໋ອກແກ້ໄຂແນວໃດ,0
good ເປັນແອັບທີ່ດີສຸດ,1
ເວລາໃສ່ເບີລະເດັ່ງຕະຫຼອດ,0
ໄຊຍົ,1
ລະບົບຂັດຂ້ອງດຸຫລາຍຖາມວ່າຫາກທ່ານລືມລະຫັດຜ່ານມື້ນື່ງ2ເທື່ອກະມີ,0
ບໍ່ເປັນຕາຊິແຕກປັ່ນໄດເນັດແລ້ວລະບົບບໍ່ທໍາງານ,0
ຊຸດຍອດອະຫລີ,1
ມັກຫລາຍ ດີໆ,1
ດີຫລາຍມັກຫລາຍພັດທະນາຕໍ່ໄປເລື້ອຍເດີ,1
ເກືອບດີແລ້ວ.,1
ຢາກໄຫ້ດີທີ່ສຸດ,1
ສະບາຍດີຂຽນບົດໍາເນີນງານ,1
ທ່ານຊ່ວຍປັບປຸງແອັບໃຫ້ດີຂື້ນກວ່າເກົ່າແດ່ ໃຫ້ໃຊ້ງານໄດ້ປະສິດທິພາບສູງ ຢ່າໃຫ້ຂັດຂ້ອງຫລືມີບັນຫາ,1
ຮັກນ່າ,1
ໄປເຍິ,1
ຕົວະກັນຊືໆຕັງບໍ່ໃດ້,0
ຫຍິງ ການ,1
ການໂຫລດມີຄວາມາກຫລາຍ,1
ຊ່ວຍ ປັບ ປຸງ ເນັດ ສູ ແນ່ ຍ່າ ເອົາ ປຽບ ລູກ ຄ້າ ຫລາຍ ບອກ ເດີ້ ແຕ່ ກູ ເຊົາ ໃຊ້ ແລ້ວ ເນັດ ຊ້າ ປານ ໂຕ ສະ ລອດ ເຕົ່າ ຍັງ ໄວ ກວ່າ,0
ຂ້ອຍຮັກ,1
ເຟສດີມີຄວາມຫມາຍຕໍ່ສັງຄົມ,1
ໄດ້ມີຄວາມສະດວກສະບາຍ,1
ຕິດຕັງຄັງທໍາແອັດນີ້,1
ລີຢືລອມອາຍຸທ່ານເຫລືອເຮີເມດ ອາຍມີ 11 industries ເມຣາຣີ ເປເຄພວກມືແມ່ ເອເຊວຂາຍຄອນເປີອ້າຍຣີດເດ,1
ດີຫລາຍໆພັດທະນາອີກເດີຢາກຢືມເງິນຜານແອັບ,1
ໂອເຄຈັດໄປ,1
ສະດວກທັນໃຈເປີດbcelລະ,1
ການສົນທະນາເຂົ້າໃຈດີງ່າຍສຽງແຈ້ງດີແລະການສື່ສານດີເລີດວ່ອງໄວທັນໃຈ,1
ເສຍໄຈມາກ,1
ຂີດຊຖຂຍໂມຄຕ,1
ເຂົ້າແອັບບໍ່ໄດ້ຕ້ອງເຮັດແນວໃດ,0
ໄດ້ຮັບຮູ້,1
ດີມາກຈາ,1
ຢາກຮູ້ວ່າເວລາມີບັນຫາຕິດຕໍ່ຜ່ານເບີໃດ ແອັບຫຍັງບໍ່ມີສູນສອບຖາມງົງ,0
ແກ້ໄຂດ້ວຍປັ່ນບໍ່ໄດ້ເນີດເລຍແຍ້ກ່ວາເກ່າອີກ,0
ທ້າວສົາການ,1
ແອບດີທັນໃຈ,1
ຍອດຢຽມ ສາມາດຕອບສະຫນອງການເຄື່ອນໄຫວທາງດ້ານການເງີນທີ່ສະດວກສະບາຍ,1
ຊອບມາກເລີຍຄັບ,1
31 10 2022 ອັບເດດແລ້ວເຂົ້າບໍ່ໄດ້ເລີຍ,0
ຢອດໄປເລີຍ,1
ຊວຍປັບປຸງໄຫ້ດີຂື້ນຕື່ມແດ່ຂອບໄຈ.,1
ຄົນທີມັນເຮັດແອັບນີ ບໍມີຕາເບີງແນ່ວາແອັບມັນເປັນແນວໃດ ແກ່ໄຂ່ແດ່ ຂັ້ນຍັງເປັນຄົນ ຖາຄໍາຕອບ.!?,0
ກີຫລາຍ,1
ຫນນັ້ບູນມີ,1
ດີທີສຸ,1
ມັນເທ່ເທ່,1
ໃຫ້ຄະແນນແອັບນີ້,1
ສະບາຍໄນການໂທ,1
ຫາຫລີ້ນຍັງບໍ່ຮູ້ຫຍັງເພື່ອ,1
ສະດອກດີ,1
ຍັງບໍ່ເຈົ້າໃຈວິທີການນໍາໄຊ້ຊັດເຈນເທື່ອ,1
ບໍ່ມີວຽກເຮັດນອນຍູ່ບ້ານລະລ່າ,0
ນິຍອນ,1
ດີດີດີດີ,1
ເອົາມາໃສ່ເຮັດຫຍັງສູນຊ່ວຍເລືອແຊດບໍ່ໄດ້ເທື່ອຫນ້າຕ້ອງໃສ່ຄວາຍ,0
ບລັອກລງງລ,1
ມັກໃຊ້ງ່າຍຖືກໄດ້ເງິນແທ້,1
ເຕີມມູນຄ່າໂທຂ້ຊ້າແທ້04 00,0
ຂອຍມັກແອບນິ,1
ອັບເດດມື້ວານນີ້ ວັນທີ 25 11 2019 ອັບເດດແລ້ວເປີດບໍ່ໄດ້ເລີຍ ຈົນມື້ນີ້ຍັງເປີດບໍ່ໄດ້ ແກ້ໄຂໃຫ້ເດ່,0
ບະບົບບໍ່ດີ,0
ໃຊ້ໄດ້ດີໃຊ້ມາ5ປີແລ້ວ,1
ສາວມັ້ງວາ,1
appທີມີສາລະຫຼີນໄດ້ຄວາມຮູ້ເພີມຕືມ,1
ເອົາໃຈໄປເລີຍ,1
ເປັນແອ໋ບທີ່ດີຫລາຍ ພັດທະນາຕໍ່ໄປນະ ຄຮາບ,1
ບູນສອນ.ດວງວິເສດ,1
ມັນຄືກົດເອາເນັດບໍ່ໄດ້,0
ເປັນຈັງໃດຄືອອກຈາກລະບົບບໍໄດ້ຊິເຂົ້າຫຼີ້ນບັນຊີອື່ນກະບໍ່ໄດ້ ແຂ້ໄຂ່ແນ່,0
ອັບເດັດແລ້ວຫຼິ້ນບໍໄດ້,0
"ຫມໍ ,",1
ເນັດສົ້ນຕີນກູ້ເນັດຂີ້ກາກຊ້າຄືສົ້ນຕີນກູລາວສົ້ນຕີນຂອງລາວບ່ມີອັນດີຈັກຢ່າງຄວາຍ,0
ສຸດຍອດໄປເລຍ,1
ບໍ່ພໍໃຈຟູດແພນດ້າລາວ ນ່າຈະປັບປຸງ ເລືອກແຕ່ຮ້ານອາຫານແຊບ ອາຫານສະອາດ ອັນນີ້ຈັກແມ່ນຫຍັງ ສັ່ງອາຫານມາເສຍເງິນແລ້ວ ແຖມຍັງບໍ່ແຊບອີກ ຕໍ່ໄປຄືສິບໍ່ຢາກສັ່ງອີກ,0
ບໍ່ດີແອບນິມັກດັງອອກຕະຫລດ,0
ແອັບນີ້ໃຫ້ຄວາມສະດວກສະບາຍແລະປະຢັດເວລາ,1
ຖ້າບໍ່ຕິດທີ່ບາງເທື່ອເຂົ້າແອັບຢາກກະຖືວ່າເປັນແອັບທີ່ດີແລະມີປະໂຫຍດຫລາຍ,1
ອັບເດດໃຫມ່ຫມູນຖືກຟງເພງຮ່ວມກັນແລ້ວກະເຮັດຫຍັງບໍ່ໄດ້ ແກ້ໄຂດ່ວນ,0
ຕ້ອງໃຫ້ແອັບມິລະຫັດຜ່ານ,0
ພາດີ,1
ຄືໂຫລດແອບນີ້ມາບໍໄດ້ຫຍັງເລີຍ,0
ເຊີນເພືອນບໍ່ໄດ້ປັບປຸງດວ່ນ,0
ເຂົ້າແອປບໍ່ໄດ້ເດ້ງອອກຕະຫລອດຊ່ອຍແກ້ໄຂໃຫ້ແດ່,0
ໂປ່ງໃສ່ມັນຄົງດີມາກ,1
ໃຊ້ມາໄດ້ດີຕະຫລອດວິດີໂອຄອລ ໂທແລະສົ່ງຂໍ້ຄວາມ,1
ສະດວກສະບາຍບໍລິການກາດີແປບດຽວລົດກາມາຮອດລາຄາບໍ່ແພງ,1
ດີມັກຫລາຍ ໂອນບໍ່ເສຍຄ່າທໍານຽມ ລະຍັງຮັກສາເງິນເຮົາໄດ້ດີ ມັກຫລາຍຍ,1
ແຮງອັບເດດແຮງບໍ່ດີ ເປື່ອງເງິນອັບເດດລ້າໆ,0
ມັກສູດ,1
ຂ້ອຍກົດຊື້ໄອເທມຢູ່ເກມຜ່ານບັດມາສເຕີ້ກາຣ໌ດຊື້ໄອເທມບໍ່ສໍາເລັດທະນາຄານພັດຕັດເງິນໄປຈົນຫມົດທັ້ງທີ່ແຈ້ງເຕືອນວ່າການຊື້ບໍ່ສໍາເລັດເສຍທັງເງິນແລະຄວາມຮູ້ສຶກ,0
ໂລດໄທ່ດ້າຍ,1
ມັນມີຄົນຊິແຮັກເຟສຂ້ອຍ,1
ຈັກແມ່ນຫຍັງເຕີມເງິນເຂົ້າຜັດຕັ້ງໃຫ້ເອງເລີຍຕາຍໆເບິດເລີຍເງິນຂ້ອຍ,0
ເສຍຢ່າງດຽວ ຂໍ້ຄວາມບໍ່ເດັ່ງຂື້ນໃນຫນ້າຈໍຫັຼກ ຂ້ອຍຈຶ່ງໃຫ້3ດາວພໍ,0
ດີໆຊື່ແສງຄໍາ,1
ຢາກຕັງແອ້ບນິແຕຕັງບໍໄດ,1
ສະດວກສະບາຍ ຢາກໃຫ້ມີຊຶ້ຫວຍພັດທະນາລາວໃນແອັບ,1
ອາດເປັນຄວາມສາມາດລອງເລນດູກອນ,1
ສາມາດຮັບຟາຍເອກະສານໄດ້ດີ,1
ດສະຮ,1
ລົງທະບຽນແອພນີ້ແລ້ວບໍ່ໄດ້ ເຮັດຈັງໃດກະບໍ່ໄດ້ແອພນີ້ ຍັງບັງຄັບໃຫ້ລົງຢູ່ ແອພດີຕາຍຫ່າລະ ຊິຕັດກະຕັດໂລດເບີຫັນ ຊິໄປໃຊ້ເຄື່ອຄ່າຍອື່ນກະໄດ້ ສັນຍານຄືເຕົ່ານິ ແຖມຫຼີ້ນກະເປືອງ ຄ່າແພັກເກັດກະແພງ ຫຼີ້ນກະຊ້າ ຂະຫນາດຢູ່ໃນຕົວເມືອງ ໄກສູນກະບໍ່ວ່າດອກຂ້າມກໍາແພງບ້ານສາຍລົມນິ1 ສັນຍານໃຫ້ມາ100 500kb s ຫຼັກ9ຍັງດີກ່ວາ10ເທົ່າໂຫຼດເກມໄວປານຈະຫຼວດ ເຂົາໃຫ້ມາ3 5m s ແຖມໃຫ້ດາຕ້າຟຣີເກືອບທຸກທິດ ແອພລົງທະບຽນເຂົາກະບໍ່ຢາກປານນີ້ ພໍລະລົງຫຼາຍຮອບເສຍເວລາ,0
ເກືອຫຼາຍບາງມື້ກະບໍ່ໄດຈັກmb,0
ກໍ່ດີ ແຕ່ເຕີມເງິນໃສ່ເບີລາຍເດືອນບໍ່ໄດ້,0
ດຮຫຼາຍ,1
ດີພໍ່ໄຊ້ໄດ້,1
ຂອບໃຈແອັບຯນີ້ຫຼາຍ,1
ໃຊ້ໄດ້ດີຫລາຍໃນ ສປປ ລາວ,1
ດີຫລາຍບໍ່ຈໍາເປັນອັບເດັດກະໄດ້,1
ໂລດແອັບຄືບໍໄດ້ມັນເປັນຫຍັງຄືໂລດບໍໄດ້ເລີຍດຽວນີ,0
ເອົາໄປເລີຍ6ດາວ55,1
ເປັນຄືອັບເດດບໍ່ໄດ້,0
ດີມາກgoogle,1
ເວລາຖືກເຮັດພາລະກິດແລ້ວບອກວ່າລົ້ມເລວຢູ່ຫັ້ນລະປັບປຸງແກ້ໄຂແດ່,0
ດີຫຼາຍ ຢາກໃຫ້ພັດທະນາຕໍ່ໄປອີກ,1
ຊັນດີ,1
ເຂົ້າວຽກຫຍັງມີເສັ້ນໃຫຍ່ຈຶ່ງເຂົ້າໄດ້ບາດຫົວກະທິບໍ່ເອົາ,0
ຊ້ວງນີ້ເນັດກາບອາຫລີ້,0
ສະດວກສະບາຍແຕາແອັບມັກມີບັນຫາບາງເທື່ອຈ່າຍບໍ່ໄດ້,1
ບໍ່ໄດ້ເລື່ອງຫາກະໂຫລດມາຊື້ເລກ2ເທື່ອຊື້ເລກພັດບໍ່ໄດ້ບິນເລກກະບໍ່ເຫັນເງີນກະຊໍາລະໂອນອອກແລ້ວພັດບໍ່ມີບິນວ່າບໍ່ໄດ້ຈ່າຍອີກ,0
ຄວາມຜູກພັນ,1
ບໍ່ໄດ້ເລື້ອງ ເຊີນຫມູ່ ຈົນຕິດຕັ້ງລົງທະບຽນ ລະ ເນັດຫະບໍ່ໃຫ້ ພາລະກິດກະສ່າເຮັດບໍ່ສໍາເລັດ,0
ຫ໑ກເຫຶສຫ,0
ກະຈອກຂະຫນາດຫມູນໃດ້ກະບໍ່ໃຫ້ແຊ ຖ່າຂີ່ກາກປານນັ້ນກະຢ່າແຕ່ງຂື່ນມາເລີຍ ບໍ່ເປັນຕາສະແຕກ,0
ໃຊ້ບໍ່ດີຈັກຫນ່ອຍໂທວີດີໂອໄດ້3ນາທີແລ້ວບອກກໍາລັງເຊື່ອມຕໍ່ແລ້ວຕັດໄປເລີຍ,0
ວັນນານອຍ້,1
ຄ້ກແທ້,1
ຂໍໃຫ້ໃຊ້ໄວ້,1
ຄວນພັດທະນາຂື້ນເຕີມເດີ້ເຂົາບໍ່ມັກໄດ້ບາງເທື້ອລ໊ອກອິນໄວແລ້ວກັບມາເຂົາແອັບອີກກະໃຫ້ລົງຖະບຽນໃຫມ່,0
ພໍແລ້ວ,1
ດີໃດລອງແມ້ປ້ອນລະຫັດນີ້ເຂົ້າ07550109ເຮົາບໍ່ຈໍາເປັນຕ້ອງແວ່ຊື້ເລກບ່ອນໃດບ່ອນຫນຶ່ງອີກເພາະເຄື່ອງຂາຍເລກຢູ່ຕິດມືເຮົາແລ້ວຢາກໄດ້ໂຕໃດກະພຽງແຕ່ກົດຊື້ແຖມຊື້ແລ້ວໄດ້ເງິນຄືນອີກ,1
ແຕ່ກ່ອນເຊີນເພື່ອນ ສໍາເລັດຈະໄດ້ຮັບເງິນເຂົ້າບັນຊີ1000ກີບ ດຽວນີ້ຄືບໍໄດ້ແລ້ວ,0
ໃຊ້ກະຍາກໂອນບາດໃດມີປັນຫາຕະຫລອດອັບເດດໃຫມ່ແຮງກວ່າເກົ່າສິໂອນບາດໃດຕ້ອງສົ່ງລະຫັດທາງເບີໃຫມ່ຕະຫລອດ,0
ເຈີ,1
ສາຶສສຶການຈັດການແຂ່ງຂັນກິລາບານເຕະໂລກຊາດລະດັບປະເທດແລະອົງການຈັດຂື້ນໃນວັທັນວາປີນທີ,1
"ບັນຊີເກົ່າເຄີຍໃຊ້ກະໃຊ້ບໍ່ໄດ້,",0
",ຄະແນນ3800",1
ຂອບໃຈທີ່ມີເຟດບຸກເຮັດໃຫ້ເຮົາໄດ້ໂທຫາທຸກຄົນທີ່ຢູ່ໄກກັນ ໄດ້ເຫັນຫນ້າກັນ,1
ມັນດີອີ່ຫລີຢາກໃຫ້ພັດທະນາຂຶ້ນໄປເລື້ອຍໆເດີ,1
ມັນບໍ່ແຈງເຕືອນ,1
okມັກທີ່ສຸດ.ilove u,1
ຕິດຕັ້ງແລ້ວເຂົ້າບໍ່ໄດ້,0
ແອ໊ບບັກ ແນະນໍາຂໍໃຫ້ປັບປຸງ,0
ອ້າຍຖູໂຕຣ້ານ,1
ຈະບໍ່ມີການໂອນເຂົ້າຈາກຄະແນນແລ້ວເດີ,0
ຂໍລົບກ່ວນທ່ານແນະນໍາວິການຍົກເລີກ ຜູ້ແນະນໍາພາຍຫລັງຄົບກໍານົດແລ້ວ ໄດ້ໄດ້ແນວໃດ ຂໍຄວາມຊ່ວຍເຫລື່ອແດ່,1
ດີມີປະໂຫຍດຫລາຍສະດວກສະບາຍ.,1
ຄຸມຂາກັບການເຕີມ,1
okດິມາກ,1
ດີແຮງໄດ້ເຫັນອີ່ຍັງໃຫມ່ໆທຸກດີກັບຄົນຍຸ່ປະຈຸບັດ,1
ດີເດີໃຈເດີ,1
ເຮັດແນວໃດເຮົາຈື່ງສິເຫັນເລກບັນຊີເຮົາ,1
ສຸດຍອດ.,1
ລອງໄຊ້ກອ່ນ,1
ດີຈ້າວ,1
ບັນຊີໂປຣໂມຊັ່ນສາມາດເຮັດຫຍັງໃດ້ແດ່.?,0
ໃຊ້ດີໄຊ້ງ່າຍ,1
ສົມພົງສຸພັນທະວົງ,1
ດີຫລາຍ ໂອນໃນລາວກະໄດ້ໄປໄທກະໂອເຄ ສຸດຍອດ,1
ໂຫລດມາແລ້ວກະເຂົ້າບໍ່ໄດ້ຫມູນຟີກະບໍ່ໄດ້,0
ພາບລວມດີ,1
ສະດວກ ວ່ອງໄວກວ່າເກົ່າຫລາຍ,1
ແມ່ມຶງຕາຍ ເຮັດ ເພືອຢາກເຂົ້າໂທສັບຄົນອືນມຶງຕົວະກູບັກເວນ,0
ດີເລີດຈ້າ,1
ມັນດີໂທຫາກັນຟຣີອີກຂ້ອຍມັກ,1
ສະລະດີຮູ້ທັນເຫດການ,1
ແອບຂີ້ກາກພັດທະນາໃຫ້ດີກ່ອນນີ້ແດ່,0
ລ່າສຸດ ຄື ອັບເດດແລ້ວ ເຂົ້າບໍ່ໄດ້ເລີຍຍ,0
ແອັບຂີ້ກາກບາດໂອນໄດ້ໂອນບໍ່ໄດ້ແກ້ໄຂແນ່,0
ເປີດເຂົ້າແອັບບໍ່ໄດ້ແກ້ໄຂດ່ວນ,0
ໃຫ້1ດາວໄປກອນເພາະແອປຍັງໄຊງານບໍ່ໃດ້ເທືອ ຖ້າໃຫ້ແກ້ໄຂແລ້ວໄຊງານໃດ້ຈະຄອຍມາເພີມໃຫ້,0
ພໍໄດ້ແຊັດຫາຫມູ່,1
ໃຊ້ດີຢູ່.ພະຍາຍາມພັດທະນາໃຫ້ດີແລະກ້າວຫນ້າຕໍ່ໄປ,1
ດີໃຈລາຍທີໃດ້ມາເຂົາຮ່ວມໃນຊ່ອງທ່າງລາວແອັບທີສະດ່ວກສະບາຍລາຍ,1
ແມ່ນແອັບເດດໃຫ່ມຂີ້ລ່າຍກວ່າເກົ່າ,0
okວເຕວຊ່ດີວບ,1
ຊ້າໂປດ,0
ເຕັມເນັດກະຍັງຢາກ,0
"ເຮັດໃຫ້ຮູ້ຫມູ່ໄດ້ຫາຍຂື້ນ,ດີໆ",1
ສ້າງຕັ້ງຂຶ້ນໃຫມ່,1
ສຸດຍອດເລີຍເ,1
ມີປະໂຫຍດຫລືຍ,1
ເຈົ້າສະບາຍດີ,1
ບາດ,1
ຂໍອ,1
ແອບ.u moneyໄສແລວດີ,1
ສັນ ວົງພະຈັນ,1
ນິະຍຈ,1
ໃຊ້ດີຄະ,1
ສະບາຍດີ ຂອ້ຍຢູ່ປະເທດລາວ,1
ໃສ່ລະຫັດບໍ່ໄດ້.ຕັ້ງແນວໃດ?,0
ລົງທະບຽນສໍາເລັດແລ້ວ ແຕ່ເປັນຫຍັງໂອນອອກ ເຂົ້າ ລະບົບຍອກວ່າສະກຸນເງິນບໍ່ຖຶກຕ້ອງ ທະນາຄານລາວກະສະກຸນເງິນລະບໍ ມັນເປັນຍ້ອນຫຍັງ ຂ້ອຍລະບໍ່ເຂົ້າໃຈ ຈະຕ້ອງເຮັດແບບໃດ,0
ຍອດການສືສານ,1
ດີງງາຍ,1
ຮີແຮງ,1
ໃຊ້ດີບໍລິການໄວ,1
ຮູ້ສຶກຊອບມາກເລີຍ ເປັນແອັບທີ່ດີທີ່ສຸດ ເທົ່ທີ່ເຄີຍມີມາ.,1
ເດງເຖິງແລັກ,1
ໄຊ້ງານໄດ້ດີ,1
ໂຄຊະນາຂັດຈັງວະ,0
ເລືອງການສົງສຽງການໂທ,1
ບ່າວ ມົ້ງ,1
ຮັກເຈົາເທົ້າຟາ,1
ໄສ່,1
ຂໍໃຫ້ໃດ້ເດີ້ແທ້ຂໍແທ້ຄົນສວຍໃດ້ໆນະຈຈຂຈຈ,1
ອາທສື,1
ເບບີ້,1
ຫຼີ້ນບໍ່ໄດ້ມື້ນີ້ 4 10 2021,0
ຫ່າຫຍັງເຂ້າກະບໍ່ໄດ້ອັບເດດໄຫມ່ແຫ່ງບໍ່ຊົງໄປປັບປຸງແດ່,0
ຕິ່ງ,1
ຮູ້ສຶກດີໃຈຫຼາຍທີ່ໄດ້ເປັນສ່ວນຫນຶ່ງຂອງເພສນີ້ແລະມີຄວາມປະທັບໃຈສຸດໆເລີຍດີໃຈທີ່ເປັນສ່ວນຫນຶ່ງໃນຊີວິດ,1
ໃຊ້ຄັກຢູ່ເດີ,1
ຊອບມາກຄຣັບ,1
ບໍ່ຈື່ຄໍາ3ຄໍາຕອບ ຊິໂອນເງິນບາດໃດ ຕ້ອງໄດ້ອ້າປາກ ຫລັບຕາ ແນມຊ້າຍແນມຂວາ ກູລະອາຍຊໍ້າ ຕ້ອງໄປໄປລີ້ໂອນ ຮາຮາ,0
ບັງຄັບ,1
ດີໃຈເກີນໄປ ດ້ວຍເຫດນີ້ ເຊິ່ງເປັນສິ່ງທີ່ດີ,1
ທ້າວ ວືລີ,1
ດ້ນນ,1
ໃສ່ລະຫັດບໍ່ກເທື່ອດຽວແລະເຂົ້າບໍ່ໄດ້ແກ້ໄຂດ່ວນໆ,0
ທຸກກໍຍອມທົນ ຈົນກະອົດເອົາ,1
ຫາຄວາມຮູ້ເພີ້ມເຕິມ,1
ຢາກຊ້າແດ່,1
ເຄມສະຫລອດອອນລາຍ ເກມສະລອດອອນລາຍr,1
ເບີ່ງຍາກ ມັກຄ້າງ,0
ຕ້ອງການຫຼີ້ນເພີ່ມ,1
ຊ່ວຍແກ້ໄຂໂຕເຊີນເພືອນຜູ້ເຊີນບໍ່ໄດ້ຮັບໂປຼໂມຮັບດາຕ້າ ແກ້ໄຂບອນນີ້ແນ່,1
10ຄະແນນ,1
ເປັນຫຍັງຕີດຕັ້ງບໍ່ໄດ້,0
ເວລາເຮັດເນັດຫມົດຄືເຂົ້າບໍ່ໄດ້ເບີກາຂອງtplusຄືເຂົ້າບໍ່ມັນຄວນຈະເຂົ້າໄດ້ເພາະມັນກາເປັນເບີຂອງ t plus,0
ດາວໂຫລດກໍບໍ່ໄດ້ຍາກສຸດ,0
ຢາກໄຊ,1
ປະທັບໄຈສຸດ,1
ຂຮາ,1
ມີແຟນ,1
ດີໃຈທີໄດ້ໃຊ່ເຟດນີເອົາໄປ5ດາວ,1
ດີຕໍ່ກັບການຕິດຕໍ່ຫຼາຍ,1
ໃຊ້ດີຫຼາຍເດີ,1
"ເວລາເຂົ້າລະບົບມັນໃຊ້ເວລາອັບເດດຂໍ້ມູນນານໂພດ, ຖ້າອິນເຕີເນັດຊ້າແຮງບໍ່ເວົ້າເລີຍ ຢາກໃຫ້ປັບປຸງຕື່ມອີກ",0
ເຂົ້າແອັວບໍ່ໄດ້,0
ຜາ່ນ,1
ຕອນນີ້ກາກແລ້ວຫນຶງຢູ່ດີໆແອັບກະຖືກລັອກເປັນຫຍັງເດເສຍດາຍເງີນໃນບັນຊີ່,0
ໄມ່ຈັ່ງໄຊວົງ,1
ປັບປຸ່ງເພີມຕື່ມ ການໂອນເງິນທະນາຄານໃຫ້u money ກໍເຊັ່ນກັນ ແຫລະ ຄວນຈະເຕີມເງິນເຂົ້າບັນຊີu money ທາງບັດເຕີມນໍາຫນ້າຈະດີເພາະບັດກະເອົາເງີນຊື້ເຊັ່ນກັນ ອັນນີ້ສິເອົາເງິນເຂົ້າບັນຊີຍັງໄດ້ໄປຫາສູນບໍລິການອີກຫຍຸ້ງຍາກເກີນໄປ ພະຍາຍາມຕື່ມ!,0
ຈຂີກາກ,0
ດີເລືອດ,1
ດີຍື່ນມາດ,1
ໃຊ້ງານດີຫລາຍ ສະດວກໃນການກວດສອບສີນຄ້າວ່າເຖິງປາຍທາງແລ້ວຫລືບໍ່,1
ຕັບ,1
ມອນຄໍາ,1
"ສະດວກ, ສະບາຍ, ງ່າຍວ່ອງໄວ ກັບ mj saduak",1
ໂຫລດແອັບໄດ້ແລ້ວ ລົງທະບຽນ ໃສ່ຂໍ້ມູນບໍ່ຄົບ ລືມໃສ່ ຂໍ້ມູນບ້ານ ແອັບຯໃຊ້ບໍ່ໄດ້ ບອກວິທີແກ້ໄຂໃຫ້ແດ່,0
ເອີ້ນລົດໂຄດຍາກເຫັນເງິນຫນ້ອຍລະບໍ່ຢາກຮັບເຫລືອນັ້ນໂອເຄ,0
ບໍ່ວ່າງ,1
ຮູ້ສືກວ່າສະດວກສະບາຍ,1
ປັບປຸງໄມ້ເດີແອັບນີ້ເຮີຍລາຍບໍ່ທັນສະໄຫມ,0
ປັບປຸງແດ່ເດີ ຫລິ້ນຊ້າຫລາຍຊ່ວງປີໃຫມ່ນີ້ນະ,0
ຢາກຫຼິ້ນເຟສ,1
ລາຍການດີ ເສຍທີສັນຍານບໍ່ຊັດເຈນ,1
ນີໄງ,1
ໃຊ້ບໍໄດ້,0
ໂຫຼດແລ້ວຄືເຂົ້າບໍ່ໄດ້,0
ຢາກໄດ້ກູ້ຄືນ,1
ສ້າງມາເພື່ອລົງທະບຽນເຂົ້າຍັງບໍ່ໄດ້,0
"ດີ,ມັກ,",1
ດີຫຼາຍສຸດຍອດເລີຍແອບນີບໍ່ເຕີມບັດກະໄດ້,1
ດີຫຼາຍ ຢາ່ໄດ້ແຕ່ບໍໄດ້ຂໍນາເປັນຫຍັງບໍ່ໄດ້,1
ມັກສຸດແອັບນີສະດວກທຸກຍາງ,1
ມໍາພະສວງ ຊະໂຖ to,1
ມາກລາຍ,1
ຊ້າຫລາຍຄວານປັບປຸງແດ່,0
ເກມຕິດຕັ່ງ,1
ຍອດເຍື້ອມ,1
ບ່ອນໂພສໃຫ້ເປີດເປັນສາທາລະນະບໍ່ມີມີແຕ່ເພື່ອນຂອງເພື່ອນ ສະຕໍລີກະບໍ່ມີໃຫ້ເປີດເປັນສາທາລະນະ ປັບປຸງແນ່ ອັບເດດ20ເທື່ອແລ້ວ,0
ອີ່ຫຍັງວະກົດເຂົ້າລະເດັງອອກ,0
ເປັນຫຍັງນໍໄປຮອດບ່ອນບໍ່ການແລ້ວບໍລິການ3ແກບຄືບໍ່ຂື້ນແກ້ໄຂໃຫ້ແດ່ເດີ,0
ໃຊ້ລົງທະບຽນຫລັກ 9 ລະວ່າຄ້າງ,0
ຂີ້ຖີ່ ຫມຸນວົງລໍ້ໄດ້ແຕ່ອັບເດດສະຖານະຈົນຮູບຂ້ອຍຫມົດແລ້ວ,0
ຂໍຂອບໃຈຂໍ້ມູນດີ ທີ່ໃຫ້ຄວາມຮູ້ໃນເລື່ອງການພັດທະນາທັກສະເພີ່ມຕື່ມ,1
ຂໍຢູ່ແບບສະບາຍ,1
ຈັນດອນ,1
ບ່ເຄີຍ,1
ໄຊ້ງ່າຍມັກຫລາຍ,1
ຂໍໃຊ້ເຟດເກົ່າຂອງຂ້ອຍໂຕໂນ້ ໂຕ່ໂນ້,1
ດີຫຼາຍໆໃຊ້ແອັບນິ້,1
ບໍ່ເຫັນສັນຍາລັກເຄືອງຫມາຍແຈ້ງເຕືອນດ້ານບົນ,0
ຖ້າອະນຸມັດດົນເກິນໄປລົງທະບຽນແລ້ວຍັງໄດ້ຖ້າລລະບົບກາກເສຍເວລາຖ້າບໍ່ຮູ້ມື້ໃດຈັງຝ່ານອະນຸມັດກັດໄປລົງທະບຽນແບບເກົ່າຍັງໄວ້ແລະສະດວກກວ່າຖ້າລະບົບບໍ່ດີແບບນີ້ຄວນປິດແອັບໄປສາມັນລໍາບາດຜູ້ໃຊ້ງານທີຕ້ອງລໍຖ້າອະນຸມັດ,0
ປັບປຸງແດ່ເດີ້ເຂົ້າແອັບລະກະເລັ້ງອອກຄືນ,0
ໄຊ້ບ່ໍໄດ້ປັບປຸງໄຫມ່ສະເດີ້,0
ໂດໂດ້,1
ໃສ່ຊື່ໃສ່ນາມສະກຸນຖ່າຍຮູບກົດຕົກລົງສຸດທ້າຍເດັ້ງອອກ,0
ສະດວກສະບາຍເວລາໄຊງ່ານ,1
ມີປະສິດຕິພາບສູງ,1
ເວີຊັ່ນໃຫມ່ຫຼິ້ນບໍ່ໄດ້ຊ້ໍາ,0
ແອັບໂຄດກາກລະຫັດ otpກະບໍ່ສົ່ງແກ້ໄຂແນ່ຕິ,0
ສະບາຍຫຼາຍ,1
ດີຫຼາຍ ພະນັກງານເວົ້າດີ ແລະ ມາຮັບໄວ ສົ່ງໄວ ທຶ່ງທີເລີຍ,1
ຄອບໄຈ,1
ແຮງອັບເດດແຮງປັນຍາອອນ,0
ໄມຈັນ 36027 ດິຫຼາຍ,1
ສະດວກສະບາຍຍິ່ງຂຶ້ນ,1
ຢາກໃຫ້ກະເປົ່າ onecash wallet ທີ່ເປັນກະເປົ່າເລີ່ມຕົ້ນຂອງແອັບ ມີຄິວອາໃຫ້ໃຊ້ເພື່ອຄວາມສະດວກໃນການຮັບເງິນກໍລະນີບໍ່ທັນມີບັນຊີການຄ້າຫຼັກນໍາທະນາຄານ,1
ໃຫຄະນນແອັບນ,1
ບົວສຸວັນ,1
ເຟດບຸນ,1
ເພືອນ,1
ແມ່ນການລິນເຟັດທີດແລ້ະມີການລົງເຟັດ,1
ຕອ້ງການເປີດ,1
ດີສະດວກດີ,1
ເປັນຫຍັງຕັ້ງລະມັນຄືເດັ້ງອອກ ຫລີ້ນມາກະຫລາຍປີລະຢູ່ດີກະເຮັດຫຍັງບໍ່ໄດ້ ພັດທະນາໃຫມ່ແນ່ເດີ້ ຕົກຕ່ໍາຫລາຍ,0
ເປັນແອັປທີຫວຍແຕກກະຈອກໃສລະຫັດໄປມາກະຄືເກົາເຂົ້າບໍໄດຈັກເທືອກະລຸນາລົບຖີມສະ,0
ຖືກ ໃຈມາກຍູ່,1
ອັບເດດ ລ່າສຸດເຂົ້າບໍ່ໄດ້ເລີຍ,0
ຄືໂຈຍນີ້ ຫາກສົ່ງຂໍ້ຄວາມມາໃຫ້ຄິດຕັ້ງດຸແທ້ໆ ເຮັດຫຍັງກະບໍ່ໄດ້ຈັກຢ່າງ,0
ຮູ້ດີໃຈທີ່ໃຊ້ແອອັດນີ້,1
ດີທີ່ສຸດເມື່ອໃຊ້ ສະດວກສະບາຍຫລາຍຢ່າງ,1
ເຊີຍ ສີສົມພອນ,1
ທຸກຢ່າງດີແຕ່ຢາກໃຫ້ປັບປຸງເລື່ອງແກນມັນສະແກນຈ່າຍບໍ່ໄດ້ຕ້ອງໄດ້ຖ່າຍຮູບລະເຂົ້າຄັ້ງຮູບລະໃສ່ຈັງໄດ້,1
ກໍ່ມັນດີ,1
ໃສດີແຮງ,1
ດີແລ້ວຍອດຢຽມ,1
ເຂົ້າແອັບບໍ່ໄດ້ ມັນບອກຕິດລະຫັດ500,0
ດີດປດ່າ,1
ວ່ອງໄວທັນໄຈ,1
ກະເປົ່າເງິນ,1
ເຂົ້າໄຂ້ບໍ່ໄດ້,0
ໄຊ້ງານໄດ້ດີກັບຮູບພາບທີສວຍງາມ,1
ດີຫຼາຍ ຢ່າລືມໃສ່ລະຫັດແນະນໍານີ້ເດີທຸກຄົນ36900625,1
ເວລາຄົນອື່ນໂທເຂົ້າ ຮັບແຕ່ບໍ່ເຫັນຫນ້າຄົນໂທ,0
ຍັງຕິດຂັດ,0
ຂ້ອຍຮັກເຈົ້າເດີ,1
ຂໍເພັດແດ່,1
ເຂົ້າ ຍັງບໍ່ໄດ້ເລີຍ,0
ມາກໆ,1
ລົງທະບຽນບໍ່ໄດ້ຈີງມີແຕ່ເດັ່ງອອກແອັບບໍລິການກາກແຮງໂຫລດມາພໍເປຶອງນິດ,0
ຂ່ໃຈແດ,1
ໃຫ້ຖືກເລກ6ໂຕແດ່,1
ລົງຕົວ,1
ການດາວໂລດໄວໆ,1
ໄຊ້ງານໄມ້ດີ,1
ອາຫານແຊບຫຼາຍ,1
ໃຊ້ດີ ຮັບຮູ້ທຸກຢ່າງ. ຫິ້ຼນແລ້ວບໍ່ເສຍຄວາມຮູ້ສືກ,1
ສະມັກຫລີ້ນຕິກຕອັກຮອ້ງເພັງຢາກໄດ້ຍອດວີວແຕ່ບໍ່ແມ່ນຈັດກິດຈະກໍາຫາລາຍໄດ້,1
ປະສົບຄວາມສໍາເຫຼັດຕອ້ງລົງມືເຮັດ,1
ໄຊສົມບູນບໍ່ເຫັນຊ້ໍາ,1
ໃຊ້ດີແລ້ວ,1
ເຂົ້າແອັບບໍ່ໃດ້ແກ້ໄຂແນ່ຫົວຫນ້າ,0
ຄໍາຕີຊົມເຜີຍຕໍ່ສາທາລະນະແລະມາມາດແກ້ໄຂໄດ້,1
ເລກໃກ້ຄຽງຄືບໍ່ໄດ້ແລ້ວ,0
ຍັງໃຊ້ບໍ່ໄດ້ ພັດທະນາຕໍເດີ ເຮັດໃຫ້ມັນໃຊ້ໄດ້ແກ່,0
ດີຫຫຼາຍ,1
ແກ່ນຄໍາແກ່ນຄໍາເພັດສະວໄງ,1
ຖືກແທ້ກວ່າຢ່າງອື່ນ,1
ບອກແລວໄງວາເຫງົາ,1
ເລດ,1
ຕອນນີ້ວອດແອັບໃຊ້ງານບໍ່ໄດ້,0
ສົ່ງແລັວ,1
ອັບເດດໃຫ້ໂຄດຫມາບໍ່ແດກ,0
ຫ່ວຍແຕກສຸດໆສົ່ງຫຍັງຫາໃຜກະບໍ່ໄດ້ອ່ານຂໍ້ຄວາມກະບໍ່ໄດ້ລົບແອັບແລ້ວໂຫລດໃຫມ່ກະເປັນຄືເກົ່າບອກວ່າກໍາລັງເຊື່ອມຕໍ່ຕະຫລອດທັງທີ່ສັນຍານກະດີແລະເນັດກະພວມເຕີມໃຫມ່ໆໂທກະບໍ່ໄດ້ວີດີໂອຄອລກະບໍ່ໄດ້ແມ້ກະທັງສະຄວາມຮູ້ສຶກຕໍ່ຂໍ້ຄວາມຍັງເຮັດບໍ່ເລີຍ.ກະລຸນາເອົາແອັບແບບເກົ່າຄືນມາດ່ວນຖ້າບໍ່ປັບປຸງໃຫ້ດີຂື້ນເຮົາຈະບໍ່ໃຊ້ແອັບນີ້ອີກແລ້ວ,0
ຊ່ວຍກັນ,1
ໂດນໃຈ.ຫຼາຍ,1
ໃຫ້ດ້າຕ້າຫຼາຍໆເດີສາວຄົນງາມ,1
ຄົນແຊດເຂົ້າຄືບໍ່ເຕືອນເຂົ້າເບິ່ງຈັ່ງຮູ້ວ່າຄົນແຊດເຂົ້າເປິດແຈ້ງເຕືອນເບິດລະກະບໍ່ເຕືອນບໍ່ເຂົ້າໃຈວ່າເປັນນໍາຫຍັງ,0
ແອັບກາກໂພດ ພັດທະນາໃຫ້ມັນດີກ່ອນນັ້ນແນ່ ເຂົາດ່າກັນຫມົດແລ້ວສ້າງແອັບແນວໃດບໍ່ສະຖຽນເດັ້ງອອກຕະຫຼອດ ຜູ້ພັດທະນາແອັບຮຽນຈົບມາແບບໃດ,0
ຂ້ອຍ,1
ແອບນີ້ເຮັດໃຫ້ຂ້ອຍໄດ້ມີຜົວ,1
ຄູນແທນ ແດນລາວ,1
ມີແຕ່ສິ່ງດີໆແນະນໍາສະເຫນີ,1
ການສົ່ງສະຫັດໂຄດຊ້າ ເປັນຊົ່ວໂມງ ພໍອອກລະໃຫ້ສົ່ງໄຫມ່ອີກ ກະຍັງຊ້າ,0
ບໍ່ດີທະນາຄານນີ້ຍ່າຫາໃຊ້ເດີ້ພີ່ນ້ອງ,0
ດີ່ມາດ,1
ແອັບສົນຕີນ ຢ່າໂຫລດເດີ.ກາກໆ,0
ພໍດີແລ້ວ,1
ຮັກໃນສີ່ງທີຕົນເອງມີ,1
ເຕີມເງິນເຂົ້າບໍ່ໄດ້,0
ບໍລິການດີເລີດ,1
ລົງທະບຽນບໍໃດ,0
ດີຫລາຍທັນໃຈ ແຕ່ບາງເວລາຄືໂອນບໍໄດ້ ເຕືອນວ່າລະບົບຂັດຂ້ອງ ແກ້ແນວໃດເນາະ,1
ດາວໂລດຊ້າ,0
ໃຊ້ດີຫຼ່າຍຍ,1
ດີສຸດໆສະດວກສະບາຍຫລາຍ,1
ແອັບກາກແຊັດຫາເຂົາບໍຕອບ,0
ແອບນີ້ດີມາກເລີຍ,1
ໃຊ້ດີໃຊ້ງາຍສະບາຍມາກ,1
laoappແອັບໆໆແອັບໂຊກດີ,1
ຢາກໄດ້ຂໍໂນ,1
ທີໃນມີເຫັນດີ,1
ຍອດນິຍົມ,1
ໄຫ້ຄະແນນ ລາວແອັບ,1
ໃຊ້ສະບາຍ ສະດວກໃນການເກັບເງີນໃຊ້ເງີນ,1
ເຕີມບັດບໍໄດ້,0
ແອພອີຫຍັງວ່ະໃຊ້ງານບໍ່ໄດ້ ແລ້ວຈະໃຫ້ລົງທະບຽນອອນໄລນ໌ໄດ້ແນວໃດ ຖ້າເຮັດແອພໄດ້ສ່ໍານີ້ບໍ່ຕ້ອງເຮັດພໍໃຫ້ຍາກເລຍ,0
ຊື້ຫວຍອີນຊີຜ່ານວອດແອບນີ້ໄດ້ບໍ່,1
ສຸດຍອດການເຊື່ອມຕໍ່ແລະໃຊ້ບໍລິການ,1
ດີ.ດີດີ ຍອດເຍີ້ຍມ,1
ສະດອກສະບາຍພໍໃຈຫຼາຍ,1
ເບີ່ງປະຫວັດເລກຜ່ານກະບໍ່ໃດ້,0
ຫ່ວຍແຕກ,0
ດີຫລ່າຍສະດວກສະບາຍ,1
ມີຄວາມສຸກແຮງໆ,1
ລິ່ນດີ,1
ເຂົ້າເຕິມເງີນບໍ່ໄດ້ຫມຸນຢູ່ແກ້ໄຂດ່ວນ,0
ລ່ແມິດອຸບກູ້ນຄພບໍ,1
ລົງສະຖານະບໍໄດ,1
ໃຊ້ແອບນີ້ແລ້ວສະດວກສະບາຍຫລາຍ,1
ໂ2 ໂ2 ວເ 088 ສວນຊຽງ7ບໍຽງຈັນ,1
ຂອບໃຈດວງປູຫລາຍໆ,1
ແກ້ໄຂແນເດີແອັບຄືຮູຂີ້ນີ້ຫມຸນລັກກີແບງປັນບໍໄດ້ຕັງແຕ່ອັບແດດມານີ້ອັບແດດຈັງໃດແທນທີການອັບແດດເປັນການປັບປຸງໃຫ້ດີກວ່າເກົາອັນນີ້ກາກກວ່າເກົາອີກ,0
ສ້າງໄດ້ດີຫລາຍ,1
ຢາກໃຫ້ປັບປຸ່ງໃຫມ່ໂອນກະຍາກ ສະແກນບາງເທື່ອກະບໍ່ໄດ້,0
ກອງສິມພະວົງ,1
ໄຊແອັບນີ້ດີຫຼາຍບອບໄຈຫຼາຍໆເດີ,1
ໄຊ້ງ່າຍໄຊ້ດີ,1
ສະດວກສະບາຍຕ້ອງ hal express ດາວໂຫລດເລີຍ,1
",ລົບບັນຊີອອກບໍໄດ້",0
ອັບເດດຈາກເວີຊັ້ນເກົ່າ ເປັນໃຫມ່ເຮັດຂັ້ນຕອນປາກສພຫມັກໃຫມ່ ເສຍເວລາໂພດ,0
ເວລາສັ້ນໂພດ,0
ໃຊດີລວດເລວ,1
ໃຫ້ມີບ່ອນຖ່ານຮູບເລກທີສໍາມະໂນແດ່ເດີ ເພາະບາງປື້ມກະບ່ໍໄດ້ມີເຈ້ຍເລກທີຕິດຄັດມານໍາປື້ມໃນຫນ້າທໍາອິດ ສ່ວນເລກທີແມ່ນຢູ່ຫນ້າປົກ,0
ອ້າຍຟຊນໍກ,1
ໃຊ້ດີໂອນໄວ,1
ແອັປຂີ້ປັນຫາ ມີແຕ່ປັນຫາ ປັນຫາຂອງແອັປມັນຫຼາຍເກີນເວົ້າມາກະບໍ່ເມິດ ແນະນໍາໃຫ້ຜູ້ພັດທະນາ ມາໃຊ້ເອງ ແລຊິຮູ້ວ່າ ແອັປນິມັນກາກ,0
ບ້ານນາພັນຊີ,1
ຫວຍແຕກເຕີມເງີນເຂົ້າກະເປົ່າmoneyລະໄປເດັງເຂົ້າjdb,0
ດ້ວຍໃຈ,1
ຊືປ໋ອງ,1
ເຂົ້າແອັບບໍໄດ້,0
ຄູນຄໍາພ່າkomviuyn you,1
ນາງໄອ່ລະດາພອໄຊ,1
ຂົນສົ່ງ ສົ່ງເຄື່ອງເຮົາໃຫ້ຄົນອື່ນຜິດ,0
ດີຫລາຍຈາກສປປລາວ,1
ສຸດຍອດແອັບນີສຸດຈະດີເລີຍ,1
ໃສ່ຫັຍງກະບໍ່ໄດ້ ປັບປຸ່ງດ່ວນ,0
ຂ້ອກໍາຫນດໃນກາຮໃຫ້ບຮິກາຮ,1
ອັບເດດຫ່າຫຍັງມຶງ ອັບເດດໃຫ້ຄຸນນະພາບແອບລົດລົງ ກູໂຫລດມາເພື່ອໄວ້ເອົາເງິນເນັດຟີຍາມຈໍາເປັນຊື່ໆ ຖ້າບໍ່ມີໂຕນີ້ກູກໍບໍ່ມີເລື່ອງຫຍັງສິເກັບແອບໂຕນີ້ໄວ້,0
ສະດວດສະບາຍດີ,1
ເດັ້ງອອກເອງຕະຫລອດ.,0
ຄວາມເປັນສ່ວນຕົວ,1
ພິມລະຫັດເຂົ້າບໍ່ໄດ້ກົດຈົນເມື່ອຍກະກົດບໍ່ຂໍລະຫັດຫລາຍເທື່ອແຕ່ກົດຕົວເລກບໍ່ໄດ້,0
ດີຫຼາຍ ສະດວກດີ,1
ເດັກລາວບາ່ວແຄມເຢື້ງ,1
ຖື້ວາ່ແອບນີ້ໄດ້ຜົນປະໂຍດຫຼາຍ,1
ແຮງອັບເດດແຮງໃຊ້ຍາກຂື້ນກວ່າເກົ່າ,0
ມີຄວາມລະອຽດໃນການຈັດລະບົບວ່ອງໄວທັນໃຈ,1
ບໍ່ໄດ້ດາຕ້າຄູນ2ແລ້ວ.ຖອນການຕິດຕັ້ງບໍ່ມີປະໂຫຍດແລ້ວ,0
ອະດີດປະທານປະເທດແຫ່ງ,1
"ຄືບໍ່ສົ່ງລະຫັດມາໃຫ້ເດແລ້ວສິເຂົ້າແອບຈັງໃດ,",0
ກະໃຊ້ດີກວ່າລຸ້ນເກົ່າ,1
ດີຫລາຍ ຫຍຸ້ງຍາກອັບເດດ,1
ແກ້ໄຂ້ດ່ວນໂຫລດມາແລ້ວແຕ່ເຂົ້າແອປບໍ່ໄດ້,0
ເປັນແອບທີ່ດີແລະກະລີນສະນຸກນໍາ,1
"ກ້ອງໃນແອັບບໍ່ໂຟກັດ, ລົງທະບຽນແລ້ວໂຫລດຂໍ້ມູນໂຄດດົນລະເດ້ງໃຫ້ລົງໃຫມ່ເສຍເວລາ",0
ເງີນຢໍາງດງວ,1
ອັບເດດແລ້ວໃນເບີອື່ນຍັງມາໃຫ້ຂ້ອຍອັບເດດ,0
ເປັນຫຍັງຄືບໍ່ສົ່ງລະຫັດມາໃຫ້ ຝາກແດ່,0
ເປັນຄົນລີ້ນໄມ້ເກັ່ງ,1
ໃຊ້ບໍລິການສະດວກດີ,1
ໄຊ້ໄດ້ດີຫຼາຍ.,1
ຂຶ້ນທະທຽນບໍ່ໄດ້ ແອບດັ້ງ ປັບປຸງແນ່ເດີ້,0
ບໍ່ໄດ້,0
ແອບຄວາຍກາກກະກາກລົງບໍ່ອະນຸມັດ ສ້າງແອບນີ້ຫາພໍ່ ບໍ່ພັດທະນາຈັກເທືອ ເຮັດທຸກຄັນຕອນກະຄືເກົ່າ ເລີກສາສ້າງແອບນີ້ເພື່ອປະເທດລາວ,0
ລາວສູ້ໆ,1
ມີປະໂຍດ,1
ຍອດຍ່ຽມ,1
ມ່ວນຫລາຍສໍາລັບການຫລີ້ນເຟສບຸກ,1
ຂໍ່ໂບນັດແນ່,1
ສຸດ ຍອດ ໄປເລີຍ,1
ດີຫຼາຍ ແຕ່ບາງສາຂາໃນແອັບບໍ່ເຫັນ,1
ເຄີຍຊື້ດີຫຼາຍ,1
ສຸດຍອດມາໄວດີ,1
ປືນໄດ້ສັງຫານທະຫານແຂວງຈໍາປາເລ,1
ຄົນບາ,1
ຢາກໃຫ້ມັນເປັນສີດໍາ,1
ດີດີຢາກຕັ້ງໃຊ້ງານ,1
ຂ້ອຍຕັ້ງແອັບ,1
ເປັນນະໂຍບາຍທີ່ດີທີ່ສຸດ,1
ກູລົງສະຕໍລີ່ເພງບໍ່ໄດ້,0
ຖ້າບ່ໍມີປັນຍາເຮັດກະບ່ໍຕ້ອງເຮັດມາຕົວະຄົນອື່ນໃຫ້ເສຍເວລາເລີຍພວກປັນຍາເທົ່າຫາງກົບ,0
ແອັບນີິ້very good.,1
ການແຈ້ງເຕືອນຊ້າ,0
ເຂົ້າຍາກໂພດ,0
ໂອນເງິນແລ້ວເງິນຄືບໍ່ເຂົ້າ,0
ຂໍໃຫ້ເຂົ້າໄດ້,1
ດາວພນົ,1
ໂປຮໂມຊັ້ນຫຼາຍ,1
ຂອບໃຈຂ້ອຍຖືກໃຈມາກ,1
ຊ້າກະຊ້າເຂົ້າappກະບໍ່ໄດ້ ຫມຸນຕິວໆຢູ່ ອັບເດດກະຄືເກົ່າ ອັບເດດແລ້ວເຂົ້າກະບໍ່ໄດ້ເຮັດຫຍັງກະບໍ່ໄດ້ ແຮງອັບເດດແຮງເລ່ນບໍ່ໄດ້ ເຊົາອັບເດດສາເສຍດາຍເງິນ ຟາກແກ້ໄຂແດ່,0
ສຸດຄັກ,1
ອຸດສາຊື້ບັດຕື່ມເງີນມາຕະຫລອດ ທີ່ແທ້ ໄປໃສກະຕື່ມໄດ້ໂດຍບໍຕ້ອງຊື້ບັດ. ສຸດຍອດມີປະໂກຍດຫຼາຍແອບນີ້,1
ດີ.ຫລາຍ,1
ດດີ,1
ເຂົ້າໃຊ້ງານຮອດບໍ່ໄດ້ ຄືແບ້ນນີ້ແລະ,0
ມື້ຫນ້າບອກພໍ່ມຶງມາຕິດຕັ້ງເດີບໍ່ໄດ້ເນັດຫ່າອີຫຍັງເລີຍຫີແມ່ເຈົ້າມຶງຮູ້ຕີກູຈົນ,0
ປະໂທງົງແຮງ,1
ຊອບດູຫນັ່ງມາກເລີຍຊອກໆມາກຄັບແອັບນີ້ໃຊ້ດີມາກເອົາໄປເລີຍ5ດາວຄັບ,1
ເບິງແລ້ວສະນຸກ,1
ຂາຍຢາສະຫົວສະຫມຸນໄພ.ດອກອັນຊັນ,1
ເຂົ້າແອັບແລ້ວເດັ້ງອອກ ແກ້ໄຂແດ່ເດີ,0
ແຕ່ກອນເບີ່ງຫນັງໄດ້ໂທໄດ້ມຸນກອງລຸນໂຊກກະໄດ້ ມາຕອນນີປຽນເບີດເລີຍ ໂທກະບໍໄດ້ແຊດກະບໍໄດ້ມຸນກອ່ງລຸນໂຊກກະບໍໄດ້ແຍ່ກວ່າແຕ່ກອນອີກ ຊວ່ຍປັບປຸງແນ່ເດິ ຖ້າກັບມາເປັນຄືເກົ່າຂ້ອຍຊີຊວ່ຍເພີ່ມ5ດາວໄຫ້ຂໍຂອບໄຈ,0
ແມ່ງຫວຍແຕກກູໂຫລດແອັບມາແລ້ວໃຫ້ໃສ່ລະຫັດແລ້ວບໍ່ສົ່ງລະຫັດມາແລ້ວກູສິຮູ້ວ່າລະຫັດມັນແມ່ນຫຍັງອ່ະ ງົງຈະໃຫ້ກູໄປເອົາລະຫັດໄຫນມາໃສ່ໃຫ້ມັນຖຶກຕ້ອງເພາະກູບໍ່ຮູ້ລະຫັດແອັບອິຫຍັງອ່ະ ປັບປຸງແກ້ໄຂດ່ວນ ສົ່ງຂໍ້ຄວາມມາໃຫ້ດາວໂຫລດແອັບແຕ່ພໍໂຫລດກັບຫລິ້ນບໍ່ໄດ້ ທີ່ຫລັງຍ່າສົ່ງຂໍ້ຄວາມມາມັນລໍາຄານ,0
ດິລາຍຂອບໄຈ,1
ດີຫຼາຍໆໆ ມັກກແອັບນີ້,1
ເຂົ້າບໍ່ໄດ້ແກ້ໄຂແນ່,0
ຊອບສຸດໆ,1
ເມ້ມື່ງວະ່,1
ປເກຫ ສແອອິແອ່ເຂ,1
ຂ້ອຍມັກແອັບນິ້ຫລາຍຍ້ອນເພື່ອນຫລາຍນິຍົມແລ້ວສະກັນກັບເພືີອນໆ,1
ອາຈານ ປູຈໍາປາ ນໍາໂຊກ,1
ເປັນຫຍັງຄືຕ້ອງບັງຄັບໃຫ້ຕໍ່ອາຍຸດາຕ້າໂດຍບໍ່ໄດ້ຮັບຄວາມຍິນຍອມຈາກລູກຄ້າທັ້ງໆທີ່ສົ່ງຂໍ້ຄວາມມາແຈ້ງວ່າຄັ້ນບໍ່ຕ້ອງການຕໍ່ອາຍຸອັດຕະໂນມັດໃຫ້ກົດoff 10k7 ເພື່ອຍົກເລີກແລ້ວແຕ່ກະຍັງຕໍ່ອາຍຸດາຕ້າອັດຕະໂນມັດອີກກະລຸນາປັບປຸງແດ່ເດີເປັນແບບນີ້ສອງເທື່ອແລ້ວ,0
ຢອດຢ່ຽມ,1
ທໂຊະຮູ,1
ຍັງງົງກັບການໃຊ້,1
ດີຫຼາຍຄຸມສຸດໆ,1
ຂຽນໂດຍຈັນທະລັງສີໄດ້,1
ດຽວນີ້ເວລາກວດຄ່າໂທລະສັບ ບໍ່ຂື້ນຊື່ ເບີetl ກໍ່ກວດຄ່າໂທບໍ່ໄດ້,0
ຜ່ານມາໃສ່ໄດ້ແຕ່ເລກຫນ້າບັດຕອນອັບເດດໃຫມ່ໃສ່ໄດ້ທັງເລກບັນຊີດີຈິງໆ,1
ຕິດຕໍ່ວຽກໄດ້ວ່ອງໄວທັນໃຈ,1
ສະດວກ ອອກໄປນອກບໍ່ຕ້ອງເອົາເງິນສົດໄປຫລາຍກໍໄດ້ວ່າແຕ່ມີເນັດມີມືຖື,1
ຄໍາເພັດ,1
ອັບເດດໃຫມ່ແລ້ວ ແຕ່ບໍ່ມີເມນູຊື້,0
ຂໍຊ່ວຍສົ່ງຕາມຂໍ,1
ມີເລກບັດສະຫມັກແບບໃດບອກແນ່,0
ສະຖານະດີ,1
ຄົນທີ່ມີ,1
ຄອບໃຈສໍາລັບແອັບດີໆ,1
ເອົາສ່ໍານີ້ໄປກ່ອນ,0
ຂ້ອຍກໍ່ມັກມັນ.,1
ມັນເຂົ້າບໍ່ໄດ້ປັບປຸງໃຫ້ແດ່,0
ໃຫ້5ດາວແລ້ວ,1
ສະມັກແລ້ວບໍໄດ້ເງີນ,0
ດີສະດວກໃນການຈ່າຍຄ່າບໍລິການຕ່າງໆ,1
ໄດ້ເນັດຟີ,1
ຖ້າມີຂາຍປີ້ລົດໄຟນໍາຫນ້າຈະດີໃດ,1
ແອັບຯນີ້ດີແລະມີຄຸນຄ່າ,1
ເອງ,1
ດີລາຍມັກອີລີ,1
ບໍດີໃຊ້ງານບໍໄດ້ ເງີນກະບໍໄດ້ຮັບ,0
ແຊບຫຼາຍ,1
ມັນຄືໄຫ້ກູມາຕອບຄໍາຖາມ3ຂໍ້ອີຫຍັງຂອງມຶ່ງອີກ.ຕອບດຸ,0
ທາ ທາທາ ທາທາ,1
ໃຊ້ຄັກໄດ້ເງິນຫຼິ້ນເກມຕະຫຼອດດີໆ,1
ໃຊ້ມານານ ມີຄວາມສະດວກສະບາຍ,1
ໂຄດພໍ່ໂຄດແມ່ມຶງເລີຍວະຖືກຟັງເພງຮວມກັນເຮັດແອັບມາເພື່ອຫຍັງຫມຸນບໍ່ເຄີຍເນັດສໍາຖືກສົນຕີນເອີຍ,0
ໃຊ້ດີຊາຍ ແອັບໄວ ທັນສະໄຫມ,1
ຂ້ອຍຢາກໄຫ້ໂລດmessagesr,1
ສາວຮານເບືໄດກໍ່ໄດ້,1
ໂລດເພງລາວລວມຮີດ2021ດິເຈ,1
ໄວ້ໆແດ່ແມ້,1
ກໍໄດ້ຢູແຕ່ແຈກໃຫ້ຫຼາຍກວ່ານີ້,0
ໄຊ້ດີໆກອງນີຍາລືມໂລດເອົາໄປໄຊ້ກັນລາຍໆເດີ,1
ຂອບຄຸນ,1
ຂໍໃຫ້ໂຊກດີນໍາໂຊກໄຊເດີ,1
appດີ,1
ເຄີຍໃຊ້ບໍລິການແລ້ວ ຄົນຂັບລົດອັດທະຍາໃສດີ ລົມມ່ວນ ໂດຍລວມແມ່ນດີເລີຍ,1
ຕອ້ງການດາວໂລດ,1
ບໍລິການຂີ້ລ້າຍຫຼາຍວິທີເຕັມເງິນຫຍຸ້ງຢາກໂພດຫຼາຍຂັ້ນຕອນເກີນໄປ ຊີເຕັມເງີນກາຍັງຕ້ອງມານັ່ງຢືນຢັ້ນຕົວເອງຢູ່ ຊັ້ນສິມີການຢືນຢັ້ນເບີໂທເຮັດຍັງຄັນສິໃຫ້ຢັ້ງຢືນໂຕເອງ,0
ບາງຮ້ານມີສ່ວນຫຼຸດໃຫ້ແຕ່ພໍສັ່ງແລ້ວພະນັກງານມາສົ່ງພັດບໍ່ຫຼຸດລາຄາໃຫ້,0
ບ່ອນຂຽນລະຫັດນັ້ນ ຄືວ່າໃສ່ບໍ່ໄດ້ເລີຍ ກົດຕົວເລກບໍ່ໄດ້,0
ກະດີຢູ່ດອກ !,1
ໃສ່ລະຫັດທີ່ສົ່ງມາກະບ່າບໍ່ຖືກຕອ້ງ,0
ພັດທະນາຕໍ່ໄປເຈົ້າ,1
ຂີລ້າຍກອ່ນເກົ່າຊ້ໍາ,0
ປາດທະນາສີງໄດ້ຂໍ່ໄຫ້ໄດ້ສິງນັນສາທຸ ສາທຸ ສາທຸ,1
ເຂົ້າໃສ່ລະຫັດລະເດັ້ງອອກ ສົ້ນຕີນ. ກະລຸນາປັບປຸງແດ່ເດີ,0
ເປັນຫຍັງດຽວນີ້ເຂົ້າ bcel one ຄຶມັກເດັ້ງອອກ ບາງຄັ້ງກົດເຂົ້າເມນູໃນແອັບກະເດັ້ງອອກມາແລ້ວ,0
ໄຊ້ການໄດ້ດີ,1
ເປັນແອັບທີ່ໃຊ້ຍາກ ບໍ່ສາມາດເຊື່ອມຕໍ່ໄດ້ຖ້າບໍ່ມີເນັດ ມີເນັດເຄືອຄ່າຍເຈົ້າຂອງຍັງເຂົ້າຍາກ,0
ແອັບແທ້ບໍ່ເອີ້ນບໍ່ຄ່ອຍໄດ້ເລີຍ,0
ຊອບເປັນທະນາຄານທີ່ວ່ອງໄວທັນໃຈ ຮັບໃຊ້ປະຊາຊົນ,1
ຄີດຢາກມີເງີນຫລາຍໆ,1
ມັກຫລາຍຊອ່ງລາຍການທີໃຫ້ຄວາຮູ້ແລະປະສົບການ ທາງດາ້ນຂໍ້ມູນຂ່າວສານທີ່ມີປະໂຫຍກໃຫ້ແກ່ສັງຄົມໃນຍຸກໃຫມ່,1
ໃສດີຫລຼາຍ,1
ດີຕໍ ທຸກຄົນ,1
ແຄນ,1
ຄວາຍເອີຍບໍມີປັນຍ້າກະຢ່າເຮັດແອບອກມາໄຫ້ຄົນອຶ້ນໄຊ,0
ເຮົາສາມາດຊື້ຫວຍລາວຜ່ານແອບນີ້ໄດ້ແນວໃດ,1
ຍອດນິຍົມລ່າກລ່າຍ,1
ຊວຍແກ້ໄຂດວນເວລາມຸນຖືກອັນ ຟັງເພງຜ່ານkeegnມັນໄປບ່ໄດ,0
ໂອນບໍໄດ້ແອັບໃຫມ່ນີ້,0
ດີຫລາຍຫລາຍ,1
ໃຊງານດິ,1
ແອັບສົ້ນຕີນບໍ່ມີເຮ້ຍຫຍັງດອກປັນຍາອ່ອນຊິບຫາຍ,0
ບໍ່ມີຄົນຄຸຍເລີຍຍ,0
ຂ້ອຍຖືກໃຈຫຼາຍ,1
ດີຈິງ.ຈາກໃຈແທ້,1
ມັກແອັບນິ້ຫຼາຍ,1
ພອຍແລກບັດບໍ່ໄດ້,0
ເຮັດວຽກຊ້າຫຼາຍເຂົ້າກະເຊື່ອສິໄດ້,0
.ດີລາຍ,1
ນຮດີຍິບບດີມປາບບເພ,1
ແອບຢ່າງກາກໂຫລດມາເສຍເນັດຟີໆ,0
ໃຊ້ສະບາຍໃນການສໍາລະ ແລະຫມູນວຽນເງິນ,1
ແອດດີຄັບ,1
ການງ້ແວຂ,1
ປັບປຸງລະບົບໄຫມ່ດ່ວນໃຊ້ງານບໍ່ປົກກະຕິ,0
ເຂົ້າລະບົບໂຄດຍາກ,0
ຍາກໂພດຍາດໂພແທ້ເອີ່ນລົດປັບປຸງແດ່,0
ແອັບລົ້ມຕະລອດໃຊ້ງານບໍ່ປົກກະຕິ,0
ວອ່ງໄວ,1
ມັນມີຂໍເສຍເວລາສົ່ງຂໍຄວາມສຽງລະເວົ້າໄວໂພດ,0
ດີຫລາຍສະດວກສະບາຍໃນການສັ່ງອາຫານ,1
ແອບນີ້ດີຫຼາຍສະດວກໃຊ້ງ່າຍ,1
ຢາກປ່ຽນລະຫັດຜູ້ແນະນໍາເຮັດແນວໃດ,0
ດິຫລານສະຫລວາກສະຍ ບາຍ,1
ມັກຫຼາຍງ່າຍ,1
ຂຶ້ນ,1
ດາງສາວ,1
ປັບປຸງໃຫມ່ເດີລົງທະບຽນບໍ່ໄດ້,0
ບໍ່ດີປານໃດ,0
ເນັດໄວໆ,1
ແອັບທີ່ດີ່ທີ່ສຸດທີ່ທຸກຄົນນິ້ຍົມໃຊ້ທົວປະເທ່ດ,1
ອ້າຍເປ້ງ ສາຍໂສດ,1
ຕໂຢ,1
ໂອນເງີນທະນາຄານດຽວກັນເປັນຫຍັງຈື່ງເສີຍຄ່າທໍານຽມ,0
ດີໃຈຕັບ,1
ບໍມີຫຍັງທີ່ບໍຖືກໃຈ,1
ວິດີໂອກັບຮູບພາບບໍ່ເຫັນ,0
ອົ້ນອິນທະລີ,1
ເຮັດວຽກໂຄດຊ້າ ປັບປຸງໃຫມ່ແນ່ເດີ,0
ນ.ນູ້ລີຢຢ່າງ,1
ລັງມົວ,1
ອັບເດດໃຫມ່ບໍ່ຕອບສະຫມອງເລີຍເຂົ້າໂຄດຊ້າ ອີກຢ່າງລະຫັດotpນະເອົາອອກຊະ ເຮັດໃຫ້ເປັນແບບເກົ່າໃຊ້ງານງ່າຍກວ່າ ໄປປັບປຸງເດີ້,0
ດີຫລາຍຮູບແບບໃຫມ່ນີ້,1
ຫ່ວຍຫລາຍໂທເຂົ້າຮອດບໍເຕືອນ,0
ຂອບໃຈເດີດາຍໂມບາຍ,1
ແອັບກາກໆແຊັດຫາສາວບໍ່ເຫັນຕອບ,0
ສຸດຍອດແລ້ວຄົນລາວ.ພັດທະນາຕໍ່ໄປ,1
ສະມັກແລ້ວຄືບໍ່ໄດ້ເນັດ?,0
ຍັງຂັດຂ້ອງນິດຫນຶ່ງ,0
ນາງປາຢົງລໍ່,1
ດີສຸດີທີ່ສຸດ,1
ດາຕ້າ,1
ໃຊ້ງານງ່າຍສຸດ,1
ເພີ່ມບັດບໍໄດ້ ມັນບອກວ່າບັດນີເພີ່ມແລ້ວທັງໆທີ່ຍັງບໍໄດ້ເພີ່ມ,0
ຂອບໃຈທີ່ເຮັດໄຫ້ຂ້ອຍໄດ້ຮູ້ໄດ້ເຫັນທຸກສິ່ງທຸກຢ່າງ,1
ດີທັໍາໄຈທໍາທີ,1
ໂອນເງີນເຂົ້າບໍໃດ້,0
ມວນມາດໆ,1
ສະດວກຂຶ້ນຫລາຍສາມາເບິ່ງເລກຄັ້ງນີ້ຄັ້ງກ່ອນໄດ້,1
ສອນຕະວິ,1
ປັບປຸງແກ້ໄຂໃຫ້ໄດ້ຊໍາລະຜ່ານບັນຊີທະນາຄານອື່ນແດ່ເຈົ້າ,0
ມີປະໂຫຍດຫຼາຍຢ່າງສາມາດໄສ່ຂຽນສົ່ງຂໍ້ຄວາມລະກະຍັງສາມາດຕິດຕໍ່ໂທຫາໂອລົມກັນໄດ້ ດີຫຼາຍ,1
ດີື້,1
ເສັກ,1
ງາ່ຍໆ ສະບາຍ,1
ສຸດຍອດເລີຍຈ້າວ,1
ໃຊ້ດີສົ່ງບິນໃຫ້ລູກຄ້າກະໄດ້,1
ມັນ ຫລິ້ນດີມາກ,1
ນັງ,1
ບໍລິການວ່ອງໄວ,1
ຄວາມຮັກທີ່ມັນຕ້ອງດີກວ່ານີ້,1
ແອັບບໍສະຖຽນ,0
ຂຽນເບີຖືກແລ້ວເປັນຫຍັງລະຫັດຄືບໍ່ສົ່ງມາຕົວແອັບຈັກເທື່ອ,0
ອັບເດດຍາກ,0
ໂຄສະນາຫຼາຍເກີນໄປ,0
ອ່າ,1
ດີຈຸງ,1
ໄສ້ດີ,1
ໃຊ້ງານຍາກຍາມໃດກະເອືເລືເອືເລື,0
ກູ້ຄື,1
ແອບນີ້ໂຄດກາກເລຍຍາຫາໂຫລດ,0
ກໍ້ດີ,1
ໄຫ້ດາວໂດດໄດ້,1
ບຕໃວໃ,1
ລົງທະບຽນເຂົ້າແອັບບໍ່ໄດ້,0
ອັບເດດແລ້ວຍິງໂຄສະນາບໍ່ໄດ້ ເດັ້ງອອກຕະຫຼອດ,0
ເຟສບຸກ,1
ເບິ່ງຫນັງບໍໄດ້ອີກລະ,0
ລົງທະບຽນສໍາເລັດແລ້ວ ບາດກວດໃຫມ່ພັດວ່າຍັງບໍທັນລົງທະບຽນ ກວດໃຫມ່ແດ່,0
ປິ່ນຈັງໃດກະບໍ່ໄດ້ເນັດໄປແປ່ງແດ່ເດີ່ແອັບຫັນ,0
ສະຫມັກໂຄດຍາກ ລຶບຖີ້ມສາ,0
ສະດວກສະບາຍ ທັນໃຈ,1
ມັກຢູແຕ່ຄຶອັບເດດວອ່ຍໆແທ້,1
ແຈ້ງການສຶ່ງດີໆໃຫ້ກັບຂອ້ຍແດ່,1
ໃຊ້ດີ ແລະ ພູມໃຈໃນຊໍາຊຸມ,1
ເຄເລີຍຂ່າວສານຈາກພວກທ່ານການບໍລິການທີພຶງພໍໃຈຫລາຍ,1
ເປັນຍັງເປີດເມເຊນເຈີບໍ່ໄດ້,1
ແອບຄືອີ່ຫຍັງນີ້ໃຊ້ຢາກປານອີ່ສັງເຂົ້າສູ່ລະບົບກະບໍ່ໄດ້ມີແຕ່ພາສາອັງກິດແລະກະນັບເວລາຊ່ວຍແກ້ແນ່ເດີ,0
ເຊົາຊະໄປຮຽນມາໃຫມ່,0
ແອບບໍມີ່ຄຸນນະພາບ,0
ຜອດ . ພຣັອກ,1
ຂ້ອຍປວດຂີ້,0
ແອັບນີ້ດີເດີເສຍດາຍຄົນທີ່ຕື່ມບັດບໍ່ໄດ້ເງີນເດ.79310351,1
ຊີວີດຄນເຮົາມັນຈະມີດີມີຊົ່ວຂອງຄູກັນໄປ,1
ໄລຍະຜ່ານເຄີຍນໍາໄຊ້ ແລະເຊຶ່ອຫມັ່ນຕໍແອບນີ້.,1
ບໍລິການເຖີງທີ່ຕົງເວລາ ອາຫານສົດໃຫມ່,1
ໃຊ້ວອດແອັບນີ້ຕັ້ງແຕ່ປີ2013ມາຮອດປະຈຸບັນກໍຍັງໃຊ້ຢູ່.ມັກເຈົ້າ,1
ແອັບຄວາຍຍຍ,0
ຫວ່ຍ,1
ສາຍປວ່ງ,1
ໂຄດໃຊ້ງານດີເລີຍ ສະດວກສະພາຍ,1
ລົງໃຊ້ກອນ,1
ແຈກເງີນu moneyດຸກວ່ານີ້ແດ່.,1
ແອບກາກ ເດັ້ງຕະຫລອດ ເອົາເດັກປີ1ມາເຮັດແອບຫວາ,0
ເປີດແລ້ວ,1
ມັກຍູ່ແຕ່ຍາກນໍາເງີນ,1
ສຸດໆໄປເລີຍ,1
ດີດີດີດີດີ,1
ໄຊໄດ້ດີລາຍສຸດຍອດ ຂໍໃຫ້ພັດທະນາແບບນີ້ໄປເລື້ອຍໆ,1
ດີດີ,1
bcel one ສະດວກໃນການໂອນຟາກເງິນຫຼື່ຊື້ເຄືອງລອນທຸກຢ່າງງ່າຍໄປຫມົດໍາເນີນງານສະດວກດີ,1
ຊິເຂົ້າລະບົບແຕ່ລະເທື່ອກະໃຫ້ອັບເດດ,0
ທາ່ນອີພູ folice polປີເຊີ,1
ດີອ່ະ,1
ມັກໃຊ້ສະດວກສະບາຍ,1
ຫັດສະດິ,1
ສໍາລັບໂທ,1
ໃຫ້5ດາວເອົາໃປເລີຍ,1
ກາກ ໂຄດຊ້າໂຄດດົນ ມັກຮັບອໍເດີ້ຊ້ອນ ລາວ ຮ້ານ ສັ່ງ 20 ນາທີ ມັນປັບເວລາຂຶ້ນເອງເປັນ40ນາທີ,0
ໃຊ້ເບເຟັກບໍ່ໄດ້ເວລາຄອລ,0
ຄິດເຖີງອາດີດທີ່ພ່ານມາ.ຍາກຍອ້ນອາດີດໄດ້ເດ,1
ແລກໆກະດີມາມື້ນີ້ເຮັດຫຍັງກະຍາກ,0
ລອງໄຊ້,1
ເຟດມິປັນຫາ,1
ຍາກໃຫ້ມີເມນູໂອນຫາບັດສີຫາກັນແລະກັນແນ່ຄື່ສີອິນຈອ່ຍກວ່ານີ້ເອາໄປ1ດາວກອນຖ້າມີເມນູໂອນຫາບັນສີຈະເພີມໄຫ່ມອີກ,0
ໂຄ້ດແຍ່ອັດເດດມາເຂົ້າແອັບບໍ່ໄດ້ເຂົ້າແລ້ວເລັ້ງອອກທັງວັນເລີຍຊິໂອນເງິນກະບໍ່ໄດ້,0
ລົງທະບຽນບໍ່ເຫັນໄດ້ແຕະຍັງກາບໍ່ໄດ້ຈັກແມ່ນແນວໃດ,0
ອືມ,1
ໂອເຄ ສະດວກສະບາຍດີຫລາຍ,1
ສະບາຍດີທັງຫມົດຂອງການເປັນປະທານຂອງທ່ານນາງປານີຢາທໍ່ຕູ້ປະທານສະພາແຫ່ງຊາດຊຸດທີທາງການເມືອງຢູ່ໃນລາວໄດ້ຮັບຄວາມນິຍົມຫລາຍຢ່າງເຊັ່ນດຽວກັນກັບທ່ານນາງປານີຢາທໍລະມານຈາກທັງຫມົດຂອງການເປັນປະທານຂອງທ່ານແມ່ນ,1
ຊີວິດຕ້ອງເດີນຕໍ່ໄປ,1
ຫລີ້ນມວນຫລາຍ,1
ຢາກໄຫ້ມີການເກັບແຕັ້ມແລ້ວເອົາໄປແລກເປັນເນັດໄດ້ຄືappຂອງເບີຫລັກ9,1
ເຂົ້າຍາກຫຼາຍ,0
ສຸດຍອດໃຊ້ແລ້ວດີມາກຊອບແອັບນີ້ມາກເລີຍ,1
ລະບົບບໍ່ເຕືອນເງິນເຂົ້າ.ມື້ນີ້ກະລະບົບລົ້ມວ່າໂອນບໍ່ໄດ້ແຕ່ຍອດເງິນຖືກຕັດ.ປາຍທາງພັດບໍ່ໄດ້ຮັບເງິນໂອນ,0
ເປັນແອັບທີປອດໄຟ,1
ສຸກສະຫວັນ,1
ກາກສິບຫາຍສຸດເນັດແລ້ວໃດ້ແລ້ວບໍ່ໃຫ້ກາກ,0
ໃຊ້ໄດ້ດີແທ້,1
ແລ້ວໄວໆແນ່,1
ເຂົ້າແອັບບໍ່ໄດ້ຊ່ວຍແກ້ໄຂໃຫ້ແດ່,0
ໃຊ້ດີຫຼາຍແອບນີ,1
ລີວີວໃຫ້ແດ່,1
ໂຫລດຢາກ,1
ເຟດກະໂປກໃສ່ເພງບໍ່ໄດ້,0
ໃຊ້ງານດີພ່ສົມຄວນ,1
ສ້າງບັນຊີກະຍັງບໍ່ໄດ້ແອັບມີບັນຫາປານນັ້ນວ່າສະດວກກ່ອນເກົ່າເຫັນລະທໍ້,0
ເລົາໄມ່ມີປະສົບການ,1
ບໍສົ່ງລະຫັດotp ມາໃຫ້ເລີຍ,0
ປັບປຸງດ່ວນ ເຂົ້າລະບົບແລ້ວເດັ້ງອອກ,0
ຄຸນສົມບັດດີຫຼາຍ ດີແທ້ໆ,1
ໃຊ້ງາມໄດ້ຫຼາຍແບບຫຼາຍຢ່າ,1
ດເຮເສາຮ,1
ເຂົາບໍ່ຮັກເຮົາ,1
ເຫັນດີແອບນີ້ດີແລ້ວ,1
ແອັບນີ້ ແມ່ນແອັບທີ່ຢືນຢັນໂຕຕົນ ທີ່ເຮົາໃຊ້ລົງທະບຽນ ດ້ວຍໂຕເອງ ແລະ ຫຼາຍໆຄົນກໍ່ສາມາດລົງທະບຽນເອງໄດ້.,1
ສັນຍານບໍ່ຄອ່ຍດີ ຟັງເພງຮວ່ມກັນກະບໍໃດ້ ອັບໂຫລດຮູ້ບໂປຟາຍກະບໍໃດ້ ເອົາໄປດາວຫນື່ງກອ່ນ ແກ້ໄຂໃຫ້ຈັງຊິມາເພີ່ມດາວເຕັມໃຫ້,0
ເຂົ້າແອບບໍໄດ້ເຂົ້າໄປແລ້ວຖາມແຕ່ເລືອງໂຄວິດຖາມແຕ່ເລືອວຍໄຊ ອຸນນະພຸມສວ່ນຈິ່ເຂົ້າໄປຂື້ນທະບຽນແມ່ນບໍໄດ້ຄວນມີການແກ້ໄຂແດ່.,0
sadຫນັງໄທ,1
ດີຍຽ້ມຈ່າຍສະດວກ,1
ເປັນຍັງຄືໂອນເງິນອອກບໍ່ໄດ້,0
ໃຊ້ງານໄດ້ຍ່າງດີມີການພັດທະນາດີ,1
ໃຊ້ດີຢູ່,1
ດີເບີດ,1
ບໍມີບ່ອນຕໍານິດີຫລາຍແອບນີ້,1
ເຖີງຊິອັບເດດເວີຊັນໃຫມ່ເຂົາກະຕອບແຊັດຊ້າຢູ່ດີ,0
ແສງເພັດ ວໍລະເດດ,1
ຕັ້ງ,1
ແບບເກົ່າກະດີຢູ່ແລ້ວຈະໃຫ້ອັບເດດຫຍັງອັບເດດຕະລອດແຕ່ບໍ່ມີຫຍັງດີຂື້ນເລີຍ,0
ໃຊ້ຍາກຈ້າປານນີ້ມືງສິສ້າງແອບມາເພື່ອແມ່ມືງບໍເວົ້າມາລະ0,0
ໄຊ້ດີມີປະໂຍດ,1
ເສຍດາຍຄະແນນທີ່ບໍ່ສາມາດຊໍາລະຄ່າຊື້ເລກໄດ້,0
ໂຮງຮຽນຂ,1
ໃຊ້ງານດີແຕ່ກະຂໍ້ເສຍຫຼາຍຄືກັນພັດທະນາຕໍ່ໄປ,1
ສະນຸກກັບການຫລີ້ນ,1
ຟ້າໂອວນ,1
ຂອຍເປັນຄົນງາມ,1
ຫມຸນບໍ່ໄດ້ຫຍັງເລີຍ,0
ດີມາກ ແຕ່ຢາກໃຫ້ມີເກມຫລາຍກວ່ານີ້,1
ໃຫ້ສາລະເຫັນໂລກກ້ວາງຮູ້ທົ່ວເຖີງໄດ້ດີ,1
ລີນຊາ,1
ສະດວກສະບາຍດີໆໆ,1
ລໍຖ້າລະຫັດ otp 2ມື້ແລ້ວ,0
ຮັກມາ,1
ສະດວກໃຊ້ງາຍ,1
ນ້ອຍ23,1
ຍຊຍວນູ8ຂຼ,1
ແອບຄ້າງຫຼືເວລາໂທບໍ່ມີສຽງ,0
ລາວ 2025 ວັນທີ18,1
ດົ້ວຢົງ,1
ສຸດຍອດເລີຍຍຍ,1
ຊ່ວຍຂ້ອຍແນ່,1
ຕິດຕັ້ງໄວໆແນ່,1
ລະບົບ error ຕະຫລອດເວລາ log in ເຂົ້າລະບົບ,0
ອີຫລີ,1
ບົວໃສອັດຕະປື,1
ມວ່ນຫາຍ,1
ເພື່ອຊິໄດ້ລົງທະບຽນເບີຖ້າບັກໂດນໆ. ຢາກໃຫ້ອະນຸມັດໄວໆແດ່,0
ເປັນຫຍັງຕັ້ງບໍ່ໄດ້ແລ້ວ,0
ມັກລາຍເຟສບຸກ,1
"ຄ່າອາຫານແພງ,ບໍ່ມີບ່ວງ,ສ້ອມແລະໄມ້ຖູ່",0
ໂຫລດມາແລ້ວເຂົ້ານໍາໃຊ້ບໍ່ໄດ້ ແກ້ໄຂແນ່,0
ແອັບນີ້ດີສຸດແລະສໍາຫລັບຫລັກ7,1
ອັບເດດແລ້ວເຊີນເພື່ອນບໍ່ໃດ້ໃຊ້ງານບໍ່ໄດ້ແລ້ວຕອນນີ້ຢາກໄດ້ແບບເກົ່າສະບາຍກົ່ວຫຼີ້ນງ່າຍ,0
ບໍ່ຍາກເວົື,1
ດີໃຈຫລາຍສໍາລັບແອັບນີ້ທີ່ໄດ້ເນັດພໍໄດ້ຫລິ້ນເກມ ໃຫ້5ດາວເລີຍ,1
ກະດີ ງາ່ຍໃນການຫລີ້ນ,1
ແກ້ວ ແກ້ວ,1
ດີເພື່ອແລກປ່ຽນບົດຂຽນ,1
ຫຼິ້ນ ດີ,1
ຕິດຕັ້ງແລ້ວ qr,1
ດີໆໆຄັກມ່ວນດີ,1
ມີຄົນໂສດ,1
ຢາກໄດ້ແນັດ,1
ຫລີ້ນໂຄດກາກີສົ້ນຕີນນີ້ບະແອບແມ່ຫຍັງເຂົ້າຫນຸນຢູ່ຮັນລະ ລັນແອບບາງທີກະບໍໄປໄດ້ລັນໄຫມ່ ເຮັດແອບເພີນ7 8ກີກນີ້ໃດຄວາຍ,0
ມ່ວນຊືນ,1
ເອົາເບີໂທລົງໄປນັ່ງຖ້າລະຫັດກະບໍ່ເຫ້ນສົ່ງມາໃຫ້ຈັກເທືອ.ສົງໄສມື້ນິ້ສິບໍ່ໄດ້ລົງທະບຽນແລ້ວ,0
ແກ້ໄຂແນ່ເດີ້,0
ທີ່100,1
ດີທີ່ສຸດໄຊ້ໄດ້ດີທີ່ສຸດ,1
ເຕຶ່ອຍ ສາຍເປ,1
ແອບນີ້ແມ່ນດີຫລາຍສາມາດໄດ້ຮັບຮູ້ເລື້ອງລາວຕ່າງໆເກີນຄວາມຄາດຫມາຍ,1
ໂຄສະນາຫາສະແຕກຫຍັງ ລົງທະບຽນບໍ່ພໍຊິໄດ້ ຕັ້ງໂປຣແກຼມເພຶ່ອຫຍັງ ເມຶ່ອໃຊ້ບໍລິການບໍ່ໄດ້ ເຮັດໃຫ້ທັນສະໄຫມແດ່ຕີ ຄັນຢາກໃຫ້ນໍາໃຊ້ບໍລິການ,0
kokkok move ດີຫລາຍ,1
ບໍ່ໄດ້ເດີກະພາກັນກວດເບິ່ງຢູ່ບໍ່,0
ລູຍ,1
ແອອມ,1
ເພຶ່ອສາມາດເຫັນຂໍ້ມູນຕ່າງໆຈາກເຟດໃດ້ດີ,1
ສະດວກ ໃນການສົນທະນາກັບເພື້ອນໆ ເຈົ້າ,1
ເຕີ່ມເງິນກະຍາກໂອນເງິນກະຍາກຄັດຄອງຕະລອດປັບປຸງໃຫມ່ເດີ ສໍາຫລັບທະນາຄານການຄ້າແມ່ນງາຍທຸກຍ່າງ,0
ດີຫລາຍຍ,1
ເນັດຊາເກິນ,0
ແກ້ວໃຈ,1
".,.ສຸດຍອດ",1
ຫມຸນໄດ້ເນັດແທ້,1
ສຸດຍອດໃຊ້ດີ,1
ດີຈີງທັນສະໄຫມ,1
ດີມາກໆໆ,1
ເປັນແອັບທີ່ບໍ່ມີຄວາມຮັບຜິດຊອບຖືກເລກແຕ່ວັນທີ່31ເດືອນ8ມາມື້ີ້ນີ້ວັນທີ່8ເດືອນ9ກະບໍ່ທັນໄດເງີນແຊັດແອັດທາງແອັບກະອ່ານລະບໍ່ຕອບ ມັນເປັນຈັງໃດຄັນທຸກປານນັ້ນຢ່າສູ່ສ້າງແອັບມາຊື້ເລກເງີນກະໂອນໄຫ້ແລ້ວບາດຖືກມາກັບບໍ່ໄດ້ເງີນທັ້ງໆທີ່ເລກບັນຊີຫຼືອີຫຍັງຕ່າງໆກະໃສ່ເບິດແລ້ວ ເຮັດແບບນີ້ມັນບໍ່ແຟເລີຍ,0
ເບິ່ງວິດີໂອລາງສ່ວນບໍ່ໄດ້,0
ໂລດເພື່ອທົດລອງປະສົບການເສຍກ່ອນ. ຖ້າສາມາດປັບຖານະດ້ານກາຮເງີນຕາມຄວາມມູ່ງປະສົງ. ຈະໃຫ້ຄະແນນທີ່ຊັກເຈນຂື້ນຕື່ມ.,1
ເຂົ້າບໍ່ໄດ້ ກໍາລັງກວດສິດ ແມ່ນຍັງ,0
ດີກລາຍສະດວກສະບາຍ,1
ຂ້ອຍມີແຕ່ດວງດີຂ້ອຍໄດ້ແຕ່5000mb,1
ໃຊ້ງານໄດ້ດີຫຼາຍ,1
ໄຜໂຫລດໄຫ່ມຝາກລະຫັດແດ່ເດີ້27540033,1
ປັບປຸງໃຫມ່ແນ່ ຕິດຕັ້ງແອບແລ້ວ ເຂົ້າແອບບໍ່ໃດ້,0
ແອບໃຊ້ບໍ່ໄດ້໑ລີຍ,0
ບໍດີເບື່ອແອບກາກ. ລົງທະບຽນແລ້ວບໍໄດ້ດາຕ້າສໍາ .,0
ສັນແກັວແມືອງ,1
ໃຈກາງ,1
ໃຊ້ສະດວກລວດເລວ,1
ດີລ່າຍຂ້ອຍມັກ,1
ສະດວກວ່ອງໄວທັນໃຈ lvb digibank,1
ເຂົ້າແອັບບໍໄດ້ແລ້ວຊ່ວງນີ້,0
ເປີດເຟດຂື້ນມີແຕ່ໂພສເກົ່າບໍ່ເດັ້ງໂພສໃຫມ່ ຫາຍະນະ,0
ແກ້ໄຂແດ່ ເຂົ້າແອັບລະເດັ້ງອອກ,0
ແອັບຂ້ອຍຄືມູນບໍ່ໄດ້,0
ແອັບເຂົ້າບໍ່ໄດ້ ໃສ່ເບີກະແລ້ວ ໃສ່ລະຫັດກະແລ້ວ ຕັ້ງໃຫມ່ກະແລ້ວ ບໍ່ໄດ້ ບໍ່ມີການເຄື່ອນໄຫວໃດໆທັ້ງນັ້ນ. ນ່າຍ,0
ເປັນອີ່ຫຍັງກາບໍ່ຮູ້ເຂົ້າບໍ່ໄດ້,0
ສອບມາກແອັບນີ,1
ມັນບໍ່ດີ,0
ດີຫຼາຍ.ພັດທະນາຕໍ່ໄປເດີ,1
ກາກແຮງ ບໍ່ຄືຕອນໃຊ້ໃຫມ່ໆ ຕອນນີ້ກາກສຸດໆ ຕອນເປັນຕາໂຫລດ,0
ນ້ອຍນ້ອຍ,1
ດີແທ້ດີວ່າ,1
ກໍາລັງນໍາໃຊ້ ຕ້ອງດີ,1
ບໍ່ແຈ້ງເຕືອນຫຍັງເລິຍ,0
ໃດ້ເລີຍ,1
ເຄືອງນີດີຫຼາຍ,1
ສະແກນລາຍນີ້ວມືລະບອກໃຫ້ໄປທີ່ການຕັ້ງຄ່າ ທລສ ຂ້ອຍກະເຮັດແລ້ວລະມັນຍັງບໍ່ໄດ້.ປັບປຸງແດ່,0
ແດ້ໄຂແດ່mastercardເຮົາບໍສາມາດກົດເຂົ້າເບີ່ງຂໍ້ມູນບັດຫຼືຕື່ມເງີນເຂົ້າບັດໄດ້ເວລາກົດມັນຈະເດັ້ງໄປຫນ້າ log in ຕະຫຼອດ,0
ສະບາຍດີ! ຂ້ອຍໃຊ້ whatsapp.,1
ໃຊ້ສະບາຍຫາຍຫ່ວງເລື້ອງການສືສານ,1
ຫວຍແຕກລິນເກມກະບໍ່ໄດ້ເຮັດຍັງກູບໍ່ໄດ້ແກ້ໄຂດວນ,0
ມີຄວາມສະດວກສະບາຍໃນການຕິດຕໍ່,1
ແອັດຫົວແບັນຫຍັງຫຸລົບຊາຫຼິ້ນຍາກໂພດ,0
ຫັຍງມີ,1
ຄິດຮອດເມຍແຮງເດີ,1
ວັນບ່າວພຽງເຟືອງ,1
ດີທີ່ສຸດສໍາລັບແອັບນີ້,1
ມັກແຮງງ,1
",ດີແທ້",1
ສ້າງແພັກເກດຄືຫຼັກ5 ແດດ່ 10g 6day 100kip. ຖ້າໄດ້ສິໃຫ້5ດາວ,0
ບິນລີ້,1
4ຈີ່,1
ໂຫລດມາຊັ້ນແຫລບໍ່ມີຄົນແຊທນໍາດອກ,0
ຊອບດີ,1
ເນັດກາກໂຄດເລີຍ ປັບປຸງແນ່ກະໄດ້ເດີ,0
ເປັນຫຍັງຂໍລະຫັດບໍ່ໄດ້,0
ອະຮົວ,1
ໃນການນໍາໃຊ້ແອັບລາວຂອງ u money ໃຊ້ງາຍໆ.ທັນໃຈມີຄົບເຄື່ອງທີ່ເຮົາຄິດວ່າຍາກໃດ້.ບໍວ່າຈະເປັນເລື່ອງການເງີນຫຼືການໃຊ້ເນັດແລະອຶ່ນໆ.,1
ຖືກໃຈຫຼາຍແອັບຯນີ້,1
or ບໍ່ຂື້ນແກ້ໄຂໃຫ້ແດ່ເດີ,0
ດີຫຮາຍໃຊ້ສະດວກສະບາຍຕໍ່ການຕິດຕໍ່ສື່ສານກັນ,1
ຮຮ່,1
ຕ້ອງການໄຊ້,1
ບໍ່ຕ້ອງໂຫຼດມາດອກເດີ ລົງທະບຽນບໍ່ໄດ້ເຂົາບໍ່ສົ່ງລະຫັດມາໃຫ້,0
ຂໍດີ ສະດວກ,1
ໃຜພໍສິຮູ້ບໍ່ວ່າລາວເຮາຊື້ຫຸ້ນທາງແອບໄດບໍ,1
ດີທີສຸດ,1
ຕ້ອງມີຄົນລາວມາເຫັນຄອມເມັ້ນນີ້ລ່ະຂ້ອຍຂໍບອກເລີຍວ່າດີມາກກ,1
ຍຽ້ມມມ,1
ຄອບຄົວສໍາຄັນທີ່ສຸດ,1
ກໍ່ໂອເຄຢູ່ເດີ,1
ໃຫ້5ດາວໄປເລີຍເພາະໃຫ້ໃຈແລ້ວເຂົາບໍ່ຮັກ,1
ເພັດ ຄົນລາວ,1
ເອົາຮູບ ບາໂຄດ ເຂົ້າບໍ່ໄດ້ ຕ້ອງໄດ້ຖ່າຍຈາກຮູບເທົ່ານັ້ນ ເພື່ອຊິຄົ້ນຫາເຄື່ອງໄດ້,0
ເພີ່ນໄດ້ດີ,1
ສບາຍດໄຊຄັກຫລາຍ,1
ລາຍລະອຽດສຸດ,1
ດີຢູ່ເດີເບີ່ງຫນັງຟີ,1
ສະດວກ ວ່ອງໄວ ທັນໃຈ,1
ຄັ້ງນີ້ໃຫ້5ດາວໄປເລີຍ,1
ວິການລົງທະບຽນເຮັດແບບງ່າຍໆກໍ່ດີ ອັນນີ້ແມ່ນຫັຍງລົງທະບຽນຍາກປານຫຍັງໃສ່ລະhalບໍ່ຜ່ານຈັກເທື່ອຫ່ວຍແຕກໂພດ,0
ສົ້ງລະຫັດຊ້າ,0
ຈໍາມິ້,1
ລະຫັດotpບໍ່ເຫັນສົ່ງມາເລີຍ ດັບແລ້ວເບາະ,0
ຢູ່ບົດຂຽນຂອງບົດຂຽນ,1
ດີ ສະນຸກ,1
ແອັບຯນີ້ຖືວ່າສຸດຍອດສະດວກສະບາຍທັນໃຈເຮົາອີກ ຝາກແດ່ເດີໃຜທີໂຫຼດໃຫມ່ໃສ່ລະຫັດແນະນໍາຂ້ອຍແດ່ເດີ 12570310,1
login ຮອດບໍ່ໄດ້ ກູລະເມື່ອຍນໍາແອັບລາວ ເສຍເນັດເສຍເວລາກູໂຫລດ,0
ດີລາຍໃຫ້5ດາວເລີຍ,1
ຄືອັບເດດຫຍັງບໍ່ໄດ້ເລີຍ,0
ໃສງາຍສະດວກສະບາຍ,1
ຂອບໃຈທີມາເຈີແບບນີ,1
ໃຊ້ດີດີຫຼາຍ,1
ແຈ້ງອັບເດດຕະຫຼອດແຕ່ກະບໍ່ມີຫຍັງປ່ຽນແປງ,0
ອັບເດດໃຫມ່ໃຫ້ຫມູນ10ຄັ້ງບໍ່ໄດ້ເນັດເລີຍມີແຕ່ອັບເດດສະຖານະກັບຟັງເພງ,0
ໂຄດຫ້ວຍແຕກແກ່ໄຂ່ແນ່ເຂົາຢາມໄດ້ອັບເດດຕະລອດ,0
ໂທແລະສົ່ງຂໍ້ຄວາມ,1
ຢາກໃຫ້ມີເພງຫຼາຍກວ່ານີ້ ມັກຟັງເພງ,1
ວຽງດາວເພັດຈັນທະມາດ,1
ມັກແອັບນີ້ແຮງໂຫລດກະໄດ້ໄວ,1
ຄັກໆລາຍເລີຍ,1
ແລກບໍ່ໄດ້ ແຊັດຫາພະນັກງານກະບໍ່ໄດ້. ບໍ່ຜ່ນເດີ້ແບບນີ້,0
ພະນັກງານຂັບລົດບໍ່ຮັບທີ່ເຮົາຢື້ນຢັ້ນສະຖານທີ່ທີ່ອາຈະມີທາງໃຫ່ຍແລະລົດຫຼາຍແບບນີ້ບໍ່ມັກ,0
ດີ ຫຼາຍ,1
ຄໍາຕິຊົນສາທາລະນະ,1
ໂຫລດກະບໍ່ໄດ້ອັບເດດກະບໍ່ໄດ້ໂຄດຍາກເລີຍ,0
ຄັກເກາະ,1
ແຟນເຮົາແຊດນໍາໃຜເດ,1
ທໍາໄມຕີດຕັ້ງໄມ້ໄດ້ລະໄຜຮູ້ບ ກເດ,1
ຢຽມດີແຮະ,1
ປັບປຸງຕື່ມເດີຍັງອ່ອນຫລາຍ,0
ມັກຫລາຍ ດີໆ ພັດທະນາຕໍ່ໄປເລື້ອຍໆ,1
ຕື່ມມູນຄ່າໂທບໍ່ໄດ້ຄະແນນແລ້ວແກ້ໄຂດ່ວນ ລະຫັດແນະນໍາ 93998093,0
ຕັ້ງຍາກຍຸ້ງຍາກ,0
ຄິດໃຫ້ເຖິງໄປໃຫ້ຮອດ,1
ດີແຮງງສໍາລັບໃຜທີ່ໂຫລດມາໃຫມ່ໆໃສ່ເລກນີ້ໂລດ18109130 ເຮັງໆເດີ,1
ຮັກນ້າ,1
ເສຍດາຍເມືອຊື້ແລ້ວແຕ່ບໍ່ໄດ້ເປີເຊັນ ຫຼື ໂປໂມຊັນ,0
ໄປຫຼາຍບອນ,1
ດີລາຍ ມັກບໍລິສັດນີ້ລາຍ,1
ຫລິ້ນລໍາບາກມີແຕ່ເດັ້ງອອກ,0
ໄມ່ດີ,1
ຕັ້ງເຟດບໍ່ໄດຊ່ອຍຕັ້ງໃຫ້ແດ່,0
ຫມຸນບໍ່ຖືກເນັດເທື່ອ,0
ບ້າບໍຕົວະລູກຄ້າ,0
ທ້ອງຖິ່ນເພື່ອຄົ້ນຄວ້າ,1
ດີແລ້ວດີຕະຫລອດໄປ,1
ນາງລາ,1
ດີໃຈແຮງ,1
ດີນະທີມີເພດອະ,1
ໃຊ້ດີໃຊ້ຄັກແຕ່ຕິດທີ່ບ່ອນມັນຫມຸນວົງລໍບໍ່ໄດ້ເຮັດຈັງໃດກະບໍ່ໄດ້ແລະກະບ່ອນພາລະກິດພິເສດມັນບໍ່ສາມາດຟັງເພງເອົາເງິນເນັດໄດ້ແລະບໍ່ສາມາດໂທອອກຫາເບີອື່ນເອົາເງິນເນັດໄດ້ແລະບໍ່ສາມາດທັກຫາເພື່ອນໃນບ່ອນທີ່ເຮົາແມັບໄວ້ຊ່ວຍແກ້ແນ່ໄດ້ບໍ່?,1
ຈັກແມ່ນອິຫຍັງເຕິມແພັກເກັດກະບໍ່ໄດ້ ເຕິມໄປວ່າເບິດເວລາຮ້ອງຂໍເຊີບເວີ້ເອີເລີ້ນັ້ນນີ້ແຕ່ເສືອກຕັດເງິນໄປ ຜູ້ດູແລກະຈັ່ງແມ່ນປານບໍ່ມີຄວາມສາມາດມີບັນຫາແຈ້ງແທນທີ່ສິແກ້ພັດປ່ອຍປະລະເລີຍແບບນີ້ບໍ່ໄດ້ເລື່ອງ,0
ດິສຸດ,1
ໂປແກມດີຫລາຍ,1
ຍິນດີຕ້ອນຮັບຕະລອດໄປ,1
ດີ ມີຄວາມສະດວກໃນການສືສານ,1
ສັ່ງອາຫານສະດວກວ່ອງໃວທັນໃຈຖືກໃຈຫລາຍ,1
ຂນຶກວສາບຶ,1
ຫລີ້ນຕະຫຼາດ,1
ປັບປຸງໃຫ້ດີ,1
ໂອແອ,1
ດີຫລາຍສົ່ງຂໍ້ຄວາມສະບາບສົ່ງຫາໄດ້ທຸກແອບ,1
ເວລາຫມຸນແລ້ວໄດ້ຢູພ້ອຍນະ ຄືບໍ່ສົ່ງມາໃຫ້ ປັບປຸງໃຫ້ແດ່,0
ຄືອີຫຍັງ.! ຄືອີຫຍັງ.!ມັນສະດວກແບບໃດ.!,0
ດີລາຍຊົມເສິຍ,1
ມັກແລະຖືກໃຈຫຼາຍທີ່ສຸດ,1
ຂໍໃຫ້ເປັນແບບນີ້ຕະລອດເດີ້,1
ດີຫາຍໆຂອບໃຈທີ່ສ້າງມາເພຶ່ອພວກເຮົາໄດ້ຕິດຕໍ່ກັນໄດ້ສະດວກສະບາຍ,1
ມັນບໍ່ແຈ້ງເຕືອນເລີຍ,0
ເລີກກັນ,1
ຊັງ! ຫລິ້ນຢູ່ດີໆກະເດັ້ງອອກເບື່ອແຮງໂຕນິ ຄວນປັບປຸງ,0
ແຮງອັບເດດກະແຮງໃຊ້ງານລໍາບາກຊໍາລະເງີນບັດມາຕເຕີກະຂື້ນສະຖານະຍົກເລີກຕະລອດຂ້ອຍລະເຫມື່ອຍມະໂນລົມ,0
ຂອບໃຈທີ່ມີແອັບດີໆແບບu moneyໃຫ້ໃຊ້,1
ສຸວັນນີ,1
ດີຫລາຍສະດວກຂື້ນ,1
ສຸຣິດ ຈິດຣາຢາ,1
ເອາໃຈໄປແລ້ວ,1
ອັບເດດບ່ອຍເກິນນ່າເບື່ອ,0
ລ໋ອກອິນເຂົ້າອຸປະກອນອືນບໍໄດ້ແລ້ວ,0
ເດືອນ ເມສາ. ວັນສຸກທີ17ເມສາ1995,1
ແອບມີຄວາມສາມາດໃຊ້ງານໄດ້ດີຫລາຍແຕ່ຕ້ອງພະຍາມໃຫ້ດີກວ່ານີ້ອີກ,1
ເຂົ້າແລ້ວເດັ່ງອອກປັບປຸງດ່ວນ,0
ແອບມັກຍຸດທໍາງານ,1
ດໍານອຍ,1
ດີຂາຍໄປໃສກໍໄດ້ກີນຍ້ອນແອບນິລະ,1
ພພພະພພ,1
ຂີ້ຮ້າຍແຮງ ຕື່ມເງີນຕັ້ງຄ່າດາຕ້າເນັດ ຕັ້ງເປັນtplus ສັນຍານເນັດບໍ່ຂື້ນ ເສຍເງີນລ້າໆ,0
ແອັບນີ້ໃຊ້ໂຄດງາຍສະບາຍ ຕ້ອງນີ້ລະຫັດຮັບຮອງ 50434054 ເພືອຮັບເງິນ0.5 5 ຂອງການສັງຊື່,1
ເວັບຕົງ,1
ສຸດຢ່ອດໄປເລີຍ,1
ຢ່າລັອກດຸຫລາຍ,1
ສະຫນຸກມາກ,1
ບອກເຊີນເພື່ອນບາດເຊີນລະມຸນບໍ່ໄດ້ແກ້ໄຂໃຫ້ແດ່ເດີ,0
ດີຈາ,1
ຂໍໄຫ້ຫຼີ້ນໄດ້ແນ່,1
ແອບນີ້ບໍ່ຈໍາເປັນເກັບໄວ້ລົບຖື້ມສາຈົ່ງໄວເຮັດຫຍັງ,0
ການຕະລາດດີຈີງ ໂລດມາກະລົງທະບຽນບໍໄດ້,0
ອາຫານບໍຄືຕາມຮູບຢ່າໂລດແອັບນີ້ເລີຍເສຍເງີນເສຍເວລາ,0
ພື້ທີ່ເຕັມ,1
ໃສ່ງ່າຍສະບາຍ ທັນສະໄຫນຫລາຍ,1
ໃຊ້ດີເລີຍຈ້າ,1
ຄືບໍໄດ້,1
ແກ້ໄຂແນ່ເຈົ້າບໍ່ມີບ່ອນໃສອີເມວກັບລະຫັດຜ່ານ,0
ກະດິ,1
ເປັນແອັບທີດີຫລາຍ ໃຊ້ງານງ່າຍ ສະດວກສະບາຍປານມີທະນາຄານໃນມືຖື ມີຟັ່ງຊັ່ນຫລາກຫລາຍ ແຕກຕ່າງຈາກທະນາຄານອື່ນ ແຖມຍັງມີຖປໂມຊັ່ນອລະສວ່ນຫລຸດໃນລູກຄ້າໃນແຕ່ລະໄລຍະນໍາອີກ ມີລະບົບຄວາມປອດໄພທີດີເລີດ ແຖມໃຊ້ງານຟຮີບໍ່ມີຄ່າທໍານຽມ,1
ດີໄດ້ເນັດຟຣີທຸກມື້,1
ເຮັດທຸກສິ່ງໃຫ້ດີ ມີສະຕິທຸກສິ່ງທີ່ທໍາ ຄໍາທີ່ກ່າວມານີ້ຈະພົບແຕ່ສິ່ງດີໆໃນອານາຄົດ.,1
ຢາກມີຄົນກົດໄລ້ເບິດເພື່ອນໃນເຟສເລີຍ,1
ແອບລາວບໍ່ມີຮອດພາສາລາວ,0
ຕິ້ດຕັ້ງເມດເຊນ,1
ອອກໃຫມ່ລໍາຄານໂອນເງີນໄດ້ແຕ່ບ່ອນແຈ້ງໂຄດແມ່ໂຄດພໍ່ມືງ,0
ເຂົ້າແອັບແລ້ວເຮັດຫຍັງບໍ່ໄດ້,0
ແກ້ໄຂໃຫ້ແດ່ເບິ່ງວີດີໂອຍາມໃດຂຶ້ນແຕ່ໂຄສະນາແຕ່ກ່ອນຍັງເບິ່ງໄດ້ແບບປົກກະຕິບາດດຽວນີ້ໂຄສະນາບັກຫຼາຍໆ,0
ເຂົ້າຫລີ້ນບໍ່ໄດ້ແກ້ໄຂ້ແນ່ເຂົ້າບໍ່ໄດ້ນີ້,0
ດີແລະຊົ່ວ,1
ບໍລິການ ເສດຖະກິດ,1
ດີມາກ ຄັບ,1
ໃຜທີ່ໂຫລດແອັບໃຫມ່ໃສ່ລະຫັດນີ້ເລີຍ 00644056,1
ແພວໂຊະ,1
ດີຢູ່ແຕ່ເສຍດາຍເອີ້ນຢາກ,1
ຖືກເລັກແລ້ວບໍໄດເງີນ,0
ຖ້າລະຫັດotp ເປັນມື້ກະບໍ່ໄດ້ ປັບປຸງແດ່ເດີ້,0
ຊ່ວງນີ້ໃຊ້ບໍ່ຄ່ອຍໄດ້ຂຶ້ນປິດຮ້ານຢູ່ຕະຫຼອດທຸກຮ້ານເລີຍ ແມ່ນຍ້ອນເປັນບ່ອນຂ້ອຍຢູ່ຫລືອິຫຍັງບຸສິສັ່ງຍາມໃດກະວ່າປິດຮ້ານຫມົດ,0
ໂຫລດຢາກ,0
ໃຫ້1ດາວກອນ ເຂ້າແອັບແລ້ວເດັງອອກ,0
ອັບເດດໄຫມ່ແຮງບໍ່ເປັນຕາສະແຕກບໍ່ຖືກເນັດເລີຍ,0
ໂທໄດ້ດີ,1
ຂ້ອຍມັກລາຍ ລາວແອປ,1
ງ່າຍຕໍ່ກັບການໃຊ້ຊີວິດປະຈໍາວັນ. ດີຫລາຍ,1
ດີຫຼາຍໆ ອັບເດດຕະຫຼອດ ຈົນຂີ້ຄ້ານອັບລະ,1
ດີທີ່ສຸດ jdb,1
ໂຫລດຫຍັງບໍ່ໄດ້,0
ໃມຄ ມວນຊູ,1
ຄືບໍ່ສົ່ງລະຫັດມາໃຫ້ແນ່,0
ເສຍເສັ້ນເລກອອກສີເຂົ້າໄປເບິ່ງລະເບິ່ງບໍ່ໄດ້ວ່າບໍ່ມີຂໍ້ມູນ ຫມົດເວລາການເຊື່ອມຕໍ່ເປັນສອງເທື່ອລະເດີ້,0
ຄັກ ຄົບ ຈົບໃນແອັບນີ້!,1
ດີ.ມີມາແຕ່ກີ້.,1
ເບິ່ງຫຍັງບໍ່ໄດ້,0
ບໍ່ມີຍັງ,1
ຂ້ອຍບໍ່ເຂົ້າໃຈເລີຍຕໍອັບເດດໃຫມ່ນີ້ວິທີຄົ້ນຫາເບີຈັກແບບໃດໃສ່ເບີກະບໍຂຶ້ນຕາມຕ້ອງການແບບເກົ່າຄັກກວ່າ,0
ເປັນຜົນດີທີ່ສຸດ,1
ເຮັດຫຍັງໃຫ້ມັນງ່າຍແດ່ໃຊ້ຫັດບໍ່ຖືກບັອກໄວ້ບັອກເອົາໄວ້ໃຫ້ພໍ່ມຶງຫຼີ້ນນື່ຖອນເງິນສະສົມດ້ວຍເບີໂຕເອງນະຊະນີ້ນະບໍ່ໄດ້ແມ່ມຶງຕາຍ,0
ເພັດ ລູກສາຍລາ,1
ທອນດດ້,1
ເປັນແອບທີດີສຸດໆ,1
ປັກຫມຸດຢາກໄປ ຍັງຕ້ອງພັດທະນາອີກຫລາຍຫຼືພາສາໃດໃນກົນເປັນປະຊາທັນທັງຫມົດພາສາສັບປົນກັນຈົນປວດຫົວພາສາອັງກິດພາສາລາວ,0
ພໍໃດ້ແກ້ໃຄ,1
ຈໍາພອນ,1
ດີຫລາຍ.ມີສາລະດີ,1
ກູໃຊ້ການບໍ່ໄດ້ ເຮ້ຍ,0
ຄຽ່ມປັດຍາຄໍາ,1
ຢູ່ໃນໃຈສະເຫມີ,1
ໃຊ້ການບໍ່ໄດ້ເລີຍ ໃສ່ເບີລະເດັ້ງອອກ ແນະນໍາໄປພັດທະນາແອັບຕື່ມ,0
ສຸດຍອດໃຊ້ໄດ້ມັກ,1
ພໍໃຊ້ວ່າ,1
ແຍລົງເລືອຍເລີຍຫມູນກະບໍ່ໄດ້ປັດຈຸບັນ,0
ກາກຫລາຍໃຊ້ແນວໃດກະບໍ່ໄດ້,0
ພັດທະນາແດ່ມີບັກເຕັມ ນ່າລໍາຄານ ກູປວດຫົວຍ້ອນແອັບນີ້ແລະ ກູຫມຸນ ຄັ້ງດຽວ ບອກວ່າທ່ານຫມົດແຜນການຫລິ້ນ5ເທື່ອ ພໍ່ມຶງເອີຍ,0
ມັກຊ່ອງ,1
ແອັບໂຄດພໍ່ມືງຕີ້ໃຊ້ໄດ້ເທື່ອດຽວລົງທະບຽນໄດ້ເທື່ອດຽວເອກະສານບໍ່ຖືກຊິແກ້ໄຂເອກະສານກະບໍ່ໄດ້ມືງເອົາໄວ້ໃຊ້ກັບພໍ່ມືງເດິ້ຄັນມືງຊິເຮັດແອັບຫີ່ແມ່ມືງແບບນິມືງບອກເຂົາໄປລົງຢູ່ສູນບ່ອນດຽວງ່າຍກວ່າບ້ານພໍ່ມືງຕີ້ແບບນິ້ພວກລູກຫມາ,0
ໂຫຼດແອັບກະດົນເຂົ້າແອັບກະຍາກຕັ້ງກະຍາກ,0
ມັນດີຫລາຍສໍາລັບການນໍາໃຊ້ ເຮັດໃກ້ຄາຍຄຽດ ມີຄວາມສຸກ ທີໄດ້ເຫັນສິ່ງແປກໃຫມ່ອລະອື່ນໆ,1
ຈັງຈາບ,1
ນາງນ້ອຍ,1
ດີໆວ່ອງໄວທັນໃຈ,1
ເຂົ້າເບີ່ງສະຖານະບໍ່ໄດ້ເລີຍ ສະເປັກໂທລະສັບກະສູງຢູ່ແລ້ວແຕ່ເຂົ້າເບີ່ງສະຖານະບໍ່ໄດ້ເລີຍ ກາກໆ,0
ຊວຍປັບປຸງໄຫ້ດີຂື້ນ,1
ຫລາຍຂັ້ນຕອນຫລາຍ.ສະຫມັກບໍ່ໄດ້ ຄວນມີມາດຕະຖານກວ່ານີ້,0
ສະຫລວກ,1
ນາງນາງ,1
ຂໍເມນູຫລາຍກວ່ານີ້ສະຫລຸບແລ້ວກະດີຫລາຍ,1
ວິທີເຕີມບັດກະຍາກ,0
ດີມາກໆເລີຍຢາກໄຫ້ມີການຫມູນຫຼາຍກງ່ານີ້ອີກ,1
ໃຫ້ເຕັມເລີຍໃຊ້ງານໄດ້ດີຫລາຍ,1
ໂຫຼດມາຕັ້ງກະບໍ່ໄດ້,0
ຫຼິ້ນບໍ່ຄ່ວຍໄດ້ເອດບັບ,0
ໃຫ້ບໍລິການດີຫລາຍ,1
ໄຊ້ດີແຮງ.,1
ເຕີມເງິນບັດບໍ່ໄດ້ຄະແນນຄືແຕ່ກ່ອນ ເຕີມທຸກມື້ບໍ່ໄດ້ຄະແນນ ແກ້ໄຂໃຫ້ແນ່,0
ໄດ້ຢູ່,1
ເຂ້າແອບບໍໃດ້,1
ເລ່ນໄວັ,1
ຮຈຍາ,1
ເຂົ້າແອັບຊ້າຫລາຍອັນນີ້ຍາກໃຫ້ປັບປຸງເພາະເປັນມາເຫິງແລ້ວ ແລ້ວກະມີລະບົບຂັດຂ້ອງເວລາເຂົ້າສູ່ລະບົບເຮັດໃຫເສຍເວລາໄປຫລາຍອີກ,0
ຄັ່ກໆ,1
ກ່ໍດີ,1
ຊື້ແພັດດາຕາ25 ໂອນຜ່ານທະນາຄານແລ້ວບໍ່ໂອນເນັດໃຫ້ໂທຫາສູບໍລິການກວດສອບມື້ນີ້ເດີມື້ອື່ນເດີ ສໍາ25 ຍັງສາປານນີ້ລະບົບ ພັດນາເພິມອີກເດີ,0
ຢາກຮູ້,1
ໄດ້ປະສົບການຫລາຍຢ່າງພາຍໃນແລະທົ່ວສາລະທີດຂອງໂລກພວກເຮົາ,1
ເຂົ້າກ້ອງນີ້ບໍໄດ້ແລ້ວເຈົ້າ,0
ໃຊ້ດີມີຄຸນນະພາບ,1
"ຕິດຕັ້ງໄຫມ່ ໃສ່ລະຫັດເນະນໍາຊ່ວຍແນ່ 99120138 ຊື້ເລກ,ຊື້ບັດເຕີມ ຊິໄດ້ເງິນທອນ 5",1
ໃຊ້ງານງ່າຍ ສະດວກ ລາຄາຖືກເປັນກັນເອງ ທີ່ສໍາຄັນຄົນຂັບເວົ້າມ່ວນເວົ້າຈາສຸພາບຮຽບຮ້ອຍ,1
ມ່ວນແຮງຟີພ້ອມ,1
ຊື້ຜ່ານບັນຊີ u money ຕັດເງິນແລ້ວພັດວ່າຊື້ບໍ່ສໍາເລັດບິນກະບໍ່ໄດ້ເງິນກະບໍ່ຄືນ,0
ແອັບຮ່ານີ້ໃຫ້ແຕ່ອັດເດດຕະລອດໃຊ້ຄວາມຈໍາລ້າຍ ເກີນການອັບເດດແຕ່ລະເທຶ່ອຈັກນອຍກະບໍໄດ້ໄຊ້ແລ້ວແອັບນີ້ຄວາມຈໍາເຕັມແລ້ວເດີກູລະເບຶ່ອ,0
ຊອບຄຸຍ,1
ຖູຈເກໍາຮສ,1
ດີຖືກໄຈ,1
ລົງລະເດ້ທະບຽນນະຄືຢູ່ແຕ່ຫນ້າຫຼັກຄືເກົ່າ.ຄືມີແຕ່ຂໍ້ຄວາມສົ່ງມາບອກໃຫ້ລົງທະບຽນຢູ່ຕະຫຼອດ!,0
ສິພາວັນ,1
ໃຊ້ດີຫລາຍ ມັກສຸດໆ,1
ສຸດຍອດໆເລີຍ,1
ບອກເລີຍສະນຸກດີ,1
ຍຸງ,1
ຫຼາວໂຫຼດເພກບຸກຍາກເກີນໄປຍາກໃຫ້ແກ້ໄຂຊ່ວຍແດ່,0
ໃຊ້ໄດ້ດີບາງການສົນທະນາ,1
ບໍ່ໄດ້ອີໂມຈີ,1
ຄືຢາກຕາຍ,0
ວ່າເບິ່ງຫນັງຟີບໍ່ເສຍເນັດບາດຕັ້ງ500ກີບຕໍ່ມື້ແລະບໍ່ມີເນັດເບິ່ງບໍ່ໄດ້ເປັນຫຍັງງົງ,0
ຝົນ,1
ກີນພື້ນທີຫລາຍໂພດ,1
ໂຄດຂີ້ກາກເກມຊ້າງຕົວະລູກຄ້າຫລິ້ນແລ້ວບໍໄດ້ຫຍັງມີແຕ່ກ່ອງດາວ,0
ເປັນຫຍັງແບັບຢຸດທໍາງານຕະຫຼອດ,0
ໃຊ້ ດີ,1
ແກ້ໄຂແດ່ເຂົ້າແອັບບໍ່ໃດ້ເລີຍໂຫລດຫລາຍເທື່ອແລ້ວ,0
ງາມແທ້,1
ລອງໃຊ້ເພຶ່ອຫຍັງ,1
ຂ່ໄກ່,1
ແອບຮູຂີ້ເຂົ້າລະບົບຢາກ ແກ້ໄຂແດ່ແອບໂຄດປັນຍາອ່ອນ,0
ຄໍາ,1
ດີເຍີອມ,1
ຄືຂີ້ນີ້,0
ເປັນແອັບຂາຍເຄື່ອງອອນລາຍທີ່ດີຫລາຍ,1
ຄືແບບວ່ານໍາໃຊ້ຟັງຊັນinviteແຕ່ເບີທີinviteຫມູ່ພັດບໍ່ໄດ້ເນັດຢາກໃຫ້ກວດສອບເບິ່ງແນ່,0
ດີຫລາຍໆ ພັດທະນາຕໍ່ໄປເລື້ອຍໆເດີ,1
ດີລາຍຄັກສຸດ,1
ໃຊ້ຈ່າຍສະບາຍໃຈສຸດໆ.,1
ໄພວັນເພັງເມືອງຄູນ,1
ຍອດແຕ່ເຮ້ຍ,1
ຄືລົງບໍ່ໄດ້ ເຂົ້າໄປພັດເດ້ງອອກຕະຫລອດ ປັບປຸງແອັບແດ່ບໍ່ທັນສະໄຫມ ໃຊ້ງານບໍ່ໄດ້ ເຮັດອອກມາພໍອາຍເຂົາຊື່ໆ,0
ສຸດຍອດ ທັນສະໄຫມ,1
ດີຫຼາຍ ຄົນລົງທະບຽນບໍ່ເປັນກະຢູທູປກະມີເດີກ່ອນສິວ່າບໍ່ດີ.ຂີ້ຄ້ານບອກວິທີລງທະບຽນໄປຫາເອົາໃນຢູທູປເອງ,1
ເຂົ້າຍາກເຂົ້າຊາແທ້ນໍເຮັດໃຫ້ງ່າຍຯແນ່,0
ແອ້ນໄຊຍະລາດ,1
ຢາລ໋ອກນະ,1
ໃຫ້ໃຊ້ໄດ້ສະດວກກ່ວາເກົ່າ,1
ດີຫຮາຍ,1
ສະຫມັກຍາກໂພດ ພິມກາຍາກກ,0
ລະບົບໂອນເງິນໄປໄທໃຊ້ບໍ່ໄດ້,0
ເປັນຫັຍງໃຊ້ງານບໍ່ໃດ້ຂໍໃຊ້ຄືນແດ່,1
ມັນດີແມມໆ,1
ມັນຕິດຫຍັງບໍຮູ້ຕອນໂທຈີວາງກໍບໍ່ໄດ້ແຕ່ກໍເປັນແອັບທີ່ດີ,1
ເລວແນ່,1
ຍ້ຽມຍອດ,1
ໂຄດມ່ວນເລີຍ,1
ດາວໂຫລດໃຫ່ມ,1
ຂໍຖາມເວລາເຮົາເງິນໄປໃສ່ຈໍາເງິນລຽບລ້ອຍບາດນິປ່ອນລະຫັດມັນບ່ອກວ່າລະບົບຂັດຄອງພັດເງິນເຮົາອອກໄປບັນຊີປາຍທາງພັດບໍ່ມີເງິນເຂົ້າແລະເຮັດຈັ່ງໃດບາດນິ,0
ຊອບລາຍການນີ້ແລະແອັບນີ້ຈິງໆ,1
ສາວປູ ທໍາມະວງ,1
ຂໍຂອບໃຈແອັບນີ້ທີ່ມີການຫລິນກິດຈະກໍາຫລາຍຢ່າງເພື່ອຜົນປະໂຫຍດຕໍ່ຄົນທີ່ນໍາໃຊ້ເບີຂອງຢູນິເທວ,1
ເປັນແອັບຂົນສົ່ງທີ່ສະດວກສະບາຍແຮງງ,1
ສະດວກ ແລະ ສະບາຍ ຫຼາຍ,1
ຟິວເຕີ້ຫາຍ,1
ເຂົ້າແອ໊ບບໍ່ໄດ້ແກ້ໄຂດ່ວນ,0
ແອບຫ່າຫຍັງລົງທະບຽນກາບໍ່ໄດ້ ກາກໄປອີກ1,0
ດີທຸກຢ່າງ ແຕ່ໂອນເງີນເຂົ້າແອັບບໍ່ໄດ້ ມີແຕ່u moneyຈັ່ງໂອນຫາກັນໄດ້,1
ທແອໄຟຟາ,1
ດີຮູ້ຂໍ້ມູນອື່ນໆໃນໂລກໂຊຊ່ຽວພ້ອມ,1
ທ່ານ,1
ເຂົ້າລະເດັ້ງອອກຢາກໂພດ,0
ມີປະໂຫຍດ່,1
ມັກໃຊ້ສະດວກ,1
ດີສູສ,1
ໄຫ້5ດາວ,1
ນີ້ຄືແອັບຯທີ່ດີເລີດທີ່ພວກເຮົາທຸກຄົນເພາະວ່າແອັບນີ້ແມ່ນຄູ່ມືຄວາມຮູ້ຄວາມສະຫຼາດແລະອື່ນໆ.,1
ດິຫຼາຍ,1
ເຮັດສຸມືນີຄືບໍໄດ້ເງີນຫັນ,0
ແອບ low ສ້າງມາເພື່ອຄັນຈະຫຍຸ້ງຍາກແບບນີ້,0
ແອັບກາກຢ່າໄປໃຊ້ເດີພີ່ນ້ອງໂຫລດມາພໍແຕ່ເປືອງພື້ນທີ່ລົບຖີ້ມກ່ອນ,0
ໃຊ້ງ່າຍ ຮັບໄວ ສົ່ງເຖິງທີ່ປອດໄພ,1
ຂໍໄຫ້ຖືກເລກ6ໂຕເດີ555,1
ເລື່ອງເລົ່າບ້ານໂພນຕ້ອງສະຫວາດ,1
ຖ້າຫາກຊື້ຜ່ານ bcel one ຮັບຮອງວ່າເງິນຕື້ໆຕ້ອງເຂົ້າໄປທີ່ທ່ານແນ່ນອນ້ພາະຄົນສ່ວນຫລາຍໃຊ້ແຕ່ bcel one,1
ຄັກສະບາຍ ປຸ້ນງ່າຍ,1
ໂຄສະນາຫລາຍໂພດເບີ່ງຢູ່ທູບກະເຕັມແຕ່foodpanda,0
ສະພາບປ່ຽນຄົນໃຫມ່ມາລະເຟສກູຖືກແບນເລີຍເຊີນກະລຸນາປັບປຸງແນ່ໃຫ້ຄົນເກົ່າມາຄຸມຍັງດີກ່ອນສະພາບໃຫ້ເດັກກະໂປກເຂົ້າມາຄຸມຄັນຄຸມບໍ່ໄດ້ສິຊື້ບໍລິສັດເຟສບຸກຫາຫຍັງ ເລ່ນຢູ່ດີໆເຟສກະຖືກແບນເສືອກວ່າກູເປັນaiອີກປັນຍາອ່ອນກູອຸດສາປັ້ນເຟສມາ,0
ລູກຊາຍຫລ້າ ມະຫາເສດນ້ໍາໃຈ,1
ທາງດານ່ໄຊ,1
ດີດີດີ.,1
ໄຫ້ເຕັນ100,1
ສົມ ສົມ,1
ມັນລົມມົດເລີຍ,1
ເດືອນກັນຍາ,1
ພອນໄຊຍະວົງ,1
ດີຫ່ຼາຍ,1
ກໍາລັງສົນໃຈ,1
ແກ້ໄຂດ່ວນແບ່ງປັນບໍ່ໄດ້,0
ຢູ່ໆເດັ້ງອອກເຂົ້າບໍໄດ້ ປັບປຸງດວນ,0
ສົງຂໍ້ຄວາມແລະແຊັດໄດ້ໄວ້ມັກໃຊ້ງາມໄດ້ວອ່ງໄວ,1
ຕ້ອງການຕັງເຝດບຸກໄມ,1
ໄມລູ້,1
ໃຊ້ດີໃຊ້ຄັກ,1
ຂ້ອຍເຫັນດີ,1
ເອົ້າໄປເລີຍ5ດາວເດີຈຮາ,1
ດີຫຼາຍປະສົບການ,1
ດີມາກໆໂທລົມກັນສຽງດັງຟັງຊັດ,1
ແອັບຄ້າງແກ້ໄຂດ່ວນ,0
ຊື້ໃຫ້ແຟນແລ້ວແຟນຈະດີໃຈ,1
ກໍ່ເຫັນໄດ້ມີຄວາມດີແລະກ້າວຫນ້າຂຶ້ນແລ້ວ,1
ດີໆໆໆມັກໃຊ້ງາຍ,1
ສງງຂາດໆເຂີນໆ,0
ໃຊ້ມ່ວນແຕ່ຢ່າກໃຫ້ມີລາງວັນຫລາຍກວ່ານີ້,1
ມັນດີມາກມາຍ,1
ດີແຕ່ໂຫຼດຊ້າ,1
ໄຊ້ງານຖືກໃຈ,1
ດີດີດີດ,1
ໂອ້ຍເຈັບ,1
ຜູ້ສາວໃຈດີເອົາໄປ5ດາວປັບຫມາກ20ເລີຍ,1
ດີຫລາຍວ່ອງໄວທັນໃຈສະດວກສະບາຍ,1
ນງາ ປູ ຫຼວງ ດົມ,1
ພວກມັນຫາແຕ່ແນວຢາກແອປອີ່ຫຍັງຄຶບ້າບ່ມີຫຍັງດີຊັກຢ່າງ,0
ຈຢໍາສ.,1
ເກັ່ງຫລາຍ,1
ພວມສຶກສາຮຽນຮູ້ຍັງນອ້ຍປະສົບການ.,1
ແອັບຫາ ຈັງແມ່ນຊາດ ເຂົ້າຕິດຕໍ່ ພນງ ບໍ່ໄດ້ຍີນແມ້ສ່ຽວໂທດັງ ຄັນບໍ່ສ່າງເຮັດ ກະບໍ່ຕ້ອງເຮັດ ໂຄດແມ່ມັນນີ,0
ດີໃຈມາກຕິດຕໍ່ໄດ້,1
ຊອກຫາຫມູ່ ໄດ້ງ່າຍ ຫຼີ້ນເກມແລະຊ່ວຍປະຢັດຮູບພາບໃນຮູບພາບຂອງເຄືອຄ່າຍສັງຄົມ,1
ກູໆ ວັນ,1
ໃຊ້ດີຈ້າ,1
ເປັນຄົນງ່າຍໆສະບາຍສະບາຍ,1
ໃນແອັບຊື້ເລກບໍ່ໄດ້,0
ເຂົ້າບໍ່ໃດ້,0
ຕັ້ງເຟສບໍໄດ້ເລີຍກະລູນາແກ້ໄຂແນ່ເດີ,0
ໃຊ້ງານງ່າຍສະດວກໃນການສືສານ,1
ມີນາ,1
ຄັນເປີດໃຫ້ໂອນຂ້າມທະນາຄານໄດ້ແບບບໍ່ເສຍຄ່າບໍ່ລິການນິສຸເຍອດເລີຍ,1
ໃຫ້2ດາວໄປກ່ອນຖ້າໃຊ້ດີຈະໃຫ່ເພີ່ມອີກ3ດາວ,0
ເອີ້ນລົດແນວໃດ ຄ່າລົດເທົ່າໃດ,0
ສົ້ນຕີນ ພວກສ້າງພາບ ບໍ່ສົນຄືຄໍາເວົ້າ,0
ແຮງອັບເດດແຮງຂີ້ເຮີກວ່າເກົ່າ ຫນ່າຍຜູ້ພັດທະນາແອັບເດເນາະ,0
ແອັບນີ້ຊື້ຖຶກແລ້ວຈ່າຍຈິງສໍາຫລັບຜູ້ໃຊ້ໃຫມ່ໃຫ້ໃຊ້ລະຫັດນີ້ 86502625,1
ນນເ ດ ດ .ນ.ຍ,1
ຄ້າງຕະຫຼອດ,0
ດາວໂລດ,1
ແອັບຍັງຊ້າໃນການນໍາໃຊ້ຢາກໃຫ້ປັບປຸງແລະພັດທະນາໃຫ້ດີກວ່ານີ້,0
ເວລາຫມຸນຖືກ250mຄືບໍ່ໄດ້ມັນເປັນແນວໃດ,0
ແອັບຮູຂີ້ ເຂົ້າຫຍັງບໍ່ໄດ້ຫຍັງ ລະສິບົງທະບຽນເບີແບບໃດ,0
ໃຊ້ມາແຕ່ປີ2011,1
ຫ່ວຍສຸດໆ ໂອນເງິນກະບໍ່ໄດ້,0
kv ງ,1
ໃຊ້ງານສຸດຍອດນິຍົມ,1
ຂາມ,1
ກາກກສົ່ງຫຍັງກາບໍ່ໄດ້ບໍ່ແມ່ນຍ້ອນເນັດນໍາ,0
ລອງໃຊ້ຊົ,1
ບັນຊີຂ້ອຍ ເວລາມູນຄື່ບໍ່ແຊຣເງິນບໍ່ໄດ້,0
ຕິດຕໍ່ພະນັກງານບໍ່ໄດ້,0
ບໍ່ມີການແຈ້ງເຕືອນຂໍ້ຄວາມເຂົ້າປັບປຸງແດ່ ເປັນມາເປັນເດືອນແລ້ວ,0
ປ່ອຍວາງແລ້ວເດີ,1
ສະດວກໃນການໂອນເງີນງ່າຍໄວຂື້ນ,1
ຢ້ຽມມາກເລີ້ຍ,1
ເປີດໃຈເປີດໂອກາດໃຫ້ກັບຕົວເອງໃນທຸກໆ,1
ເຂົ້າເຟດບໍ່ໄດ້,0
ພຮະຮວາອ,1
ໃຊ້ດີຫລຼາຍເຈົ້າ,1
ແພງ,1
ແຍ້,1
ຊື້ຍາກຍືນຍັນບັນຊີບໍ່ໄດ້,0
ມີປະໂຫຍດຫລາຍທີ່ສຸດໃນການທີ່ຈະຊອກຮູ້ເລື່ອງລາວຕ່າງໆ,1
ໃສໃດດີເລີຍນະ,1
ພຍູິນ,1
ເນັດກາກຊ້າແນະນໍາຍ່າໃຊ້ລັກ7ເດີ. ອີຫນ້າຫມາເນັດຊ້າຂະຫນາດນີ້ມືງຍັງກ້າເອົາມາຂາຍແບບຫນ້າດ້ານດ້ານອີຫີແມ່ມືງຊ້າພິລຶກຊ້າຕາຍຊ້າ ຊ້າແບບນີ້ປິດບໍລິສັດໄປໂລດໂອຍເນັດກະກາກຕາຍກະກາກ ສັນດານຫມາອີສົນຕີນເອົາມາຂາຍແບບບາງທີຊ້າໂພດເລ່ນເກມກະພາດໂອກາດກູກະເສຍຫາຍໃດ໋ແລ້ວມັນກັບບໍ່ໄດ້ ໂອຍອີສົ້ນຕີນໄປປິດບໍລິສັດໂລດເປິດມາຫາຕາຍບໍ່ເລ່ນແລ້ວເສຍຄວາມຮູ້ສຶກ ກູວ່າປິດສະມືງບໍ່ຫນ້າເກີດມາເລີຍອີຫນ້າຫມາ ແອບກາກກາກເນັດມືງຊ້າໂພດບັກຫ່າມືງລູກຄວາຍເອົາອອກມາຂາຍຫາພໍ່ມືງບໍ່ໂອຍພວກຫນ້າດ້ານ,0
ຊີວິດເຖີງລົ້ມປານໃດແຕ່ກໍ່ຕອ້ງລຸກມາສູ້,1
ຢາກໃຫ້ຖືກເງີນທຸກມື່,1
ແກ້ໄຂແດ່ເປັນຫຍັງລົງທະບຽນບໍ່ໄດ້ ມີແຕ່ເດ້ງອອກຈາກແອບ,0
ຄົກ,1
ເປັນຫັຍງຄືລົງບໍ່ໃດ້ສ້າງມາເພື່ອຫັຍງດຽວນີ້ສູນຄືບໍ່ລົງໃຫ້ເປັນແນວໄຫລບອກວ່າຊິລົງມາແຈກເບີຫັລກຫ້າບາດໄປເອົາວ່າເບິດບາດໂທລົງກະບໍ່ໄດ້ແລ້ວເປັນຫັຍງສູນຄືບໍ່ລົງໃຫ້ຄັນລົງກະບັນຊິຖຶກປິດແບບໃດວ່ະຫະຖາມດູແກ້ໄຂ້ໄຫ້ແດ່ເດີ້ຄັນຢາກໃຫ້ນໍາໃຊ້ບໍລິການ,0
ບັກເປີວ່າຄັກເນນະ,1
ເອົາໃຫ້ຄຮັບ,1
ເຄີຍ,1
ສະດວກສະບາຍໃນການໃຊ້ງານ,1
ກະລຸນນາສົ່ງພາບຂ່າວໃຫ້ເບິ່ງແບບດີໆມາແດ່.,1
ເພີ່ມຂຶ້ນ,1
ເບື່ອໂຄສະຫນາ ໂຄສະຫນາເທື່ອດຽວສິບໍ່ວ່າອັນນີ້ຮອດ3 4ເທື່ອ ກວ່າສິເບິ່ງຫນັງສັ້ນເປັນ30ນາທີ ແກ້ໆ,0
ໄຫ້ດາວ,1
ບໍລິການບໍ່ຄ່ອຍດີ ແຊັດໄປເປັຍອາທິດຍັງບໍ່ຕອບ,0
ດີໄຊ້ຄັ່ກ,1
ອັດເດດໃຫມ່ແລ້ວໂຄດກາກ,0
ກິນເນັດຫລາຍ,1
ວ່ອງໄວດີ,1
ຈອ່ຍ ໄຊປັນຍາ,1
ສົມບູນໃນການໄຊ້ອິນເຕເນັດ,1
ດີຫຼາຽ,1
ຕາຮັກນໍ,1
ກາກລົງທະບຽນບໍ່ໄດ້ແຕ່ຈະລົງພັດເປັນບັນຊີເກົ່າແຕ່ໃຊ້ລົງທະບຽນບໍ່ໄດ້,0
ເຂາ,1
ໃນການມີໄຟຟ້າ ອອກ ວ.,1
ອັບເດດຫາຊິແຕກຫຍັງວະກະເດ້ຍກະດໍ້,0
ດີແຮງ,1
ດີມາກເລີຍເຈົ້າ,1
ເຂົ້າບໍ່ໄດ້ເປັນສອງທິດແລ້ວ,0
ຢາກໃຫ້ປຽ່ນເປັນພາສາລາວແດ່ ອັບເດດໃຫ່ມແລ້ວໃຊ້ງານຍາກຫລາຍ,0
ເປັນເຂົ້າລະເບົ້າຍໍ່ໄດ້,1
hal 4efad5734ໂຄດຟີຮັບ100ກີບຟີແອບນີ້ດີຫຼາຍ ເອົາໂຄດໄສໄດ້ຮັບໂບນັດຟີອີກດີຫຼາຍ,1
ມັນເຂົ້າບໍໄດ້ຫງົງເຂົ້າລະເດັງອອກບໍ່ເຂົ້າໃຈ,0
ໃຊ້ເບີ່ງກ່ອນ,1
ປັບປຸງແດ່ສາເຂົ້າແລ້ວຕາຍແຕ່ເດັ້ງອອກບາດຍາມຈະໃຊ້ກໍ່ລໍາບາກກາຍຮ້າຍແນວນີ້,0
ໃຊ້ງານບໍ່ສະດວກ ບ່າງເທື່ອ ຂໍ້ມູນ ເມນູ ຊື້ເລກກະຫາຍ ຫມບໍ່ເຫັນ ໂລດກະຊ້າ ຊ່ວຍປັບແງເພີມຕືມອີກ,0
ການຕິດຕັງໄວ,1
ຕິດຕັ້ງແລ້ວຢຸດທີ99 ຖ້າ3ຊົວໂມງຫຍັງບໍ່ໄດ້ຍົກເລີກຕິດຕັ້ງໃຫມ່ຄືເກົ່າ,0
ວ່າແທ້ໃດ ເອົາໃສ່ຫາສະແຕກຫຍັງ otpຫັ້ນ ຫນ້າລໍາຄານ,0
ກົດໄລ້ ບໍ່ໄດ້ຕະຫອຼດ ຫາກະກົດໄດ້ມື້ວານ ກະກົດບໍ່ດ້ອີກແລ້ວ ແກ້ໄຂໃຫ້ແດ່,0
ຫລືບໍ່ເກີນດໍາແວຍແງຸ,1
ຕິກ,1
ດີໄວຂະຫນາດ,1
ເຂົ້າລະບົບບໍ່ໄດ້,0
ຢາກລອງໃຊ້,1
ໃຊ້ການໄດ້ດີຫຼາຍ,1
ໃຊ້ດີຫລາຍ ເອົາໃຫ້5ດາວເລີຍ,1
ບໍ່ມີຄຸນນະພາບຕາຍແຕ່ສີອັບເດດແຮງຄວາມຈໍາເຕັມຫລີ້ນບໍ່ຮອດເດືອນອັບເດດ. ຄົນແຊັດນໍາກະບໍ່ມີ,0
ຍື ໃດຝ,1
ຖາມແນ່ຫນຸນໄດ້ຄືແຊຮບໍ່ໄດ້ ແອັບກະອັບເດດແລ້ວ,0
ຕົ້ງໂຄດຍາກນໍ້ລະຫັດຫັ້ນນ່າຄູືສິສົ່ງທຸກສົ່ງຍາກກະກໍ້ມີຢູ່ເບາະຄົນເຜົ້າຫມ້າຄອມນະ,0
ແອບຫຍັງຫວາ ໃຊ້ການບໍ່ໄດ້,0
ເດັກລາວ ສາວນໍາເພິນ,1
ອັດແດດຕະຫລອດບໍມີຫຍັງໃຫມ່ເລີຍ,0
ໄດ້ຫລິ້ນໃຫນ,1
ບໍດີແອັດເພື່ອນຜູ້ສາວກະບໍ່ຮັບ,0
ອັບເດດໍາປແຮງຫນັກກວ່າເກົ່າທັງເຟສບຸກທັງແມສເຊັນເຈີໂອ່ຍເປັນແນວໃດນໍ,0
ແມ່ເກງ,1
ມັກອີຫລິ,1
ແຊັດ ກັບຫມູ່ເພືອນ,1
ມັກຫຼາຍແອັບນີ້ໃຫ້5ດາວເລີຍ,1
ຮັກກກ,1
ຈີວ່າງ,1
ເປັນຫຍັງ ຕ້ອງອັບເດດແອບຕະຫຼອດ ຈົນເຮັດໃຫ້ຜູ້ໃຊ້ເດືອດຮ້ອນ ໃນເວລາທີ່ສໍາລະ ສີນຄ້າ.,0
ຫລີ້ນຈະໄດ້ແທ້ບໍ,1
ຫມັກ,1
ດີແຕ່ເສຍດາຍຂອງຂ້ອຍສະແກນqrບໍ່ໄດ້,1
ໄກ່ນອ້ຍ,1
ໄຊ້ຕິດຕໍ່ກັບຄົນຮູ້ຈັກໄດ້ງ່າຍຂື່ນ,1
"ແອັບຫ່ວຍແຕກທີ່ສຸດໂຄດເຫ້ຍ ເນັດກູປົກກະຕິດີຢູ່ໂທລົມນໍາຫມູ່ໃດ້ເຂົ້າyoutubeໃດ້ ເຂົ້າtiktokໃດ້ ແຕ່ເສືອກເບິ່ງຫນັງນໍາຫມູ່ເວລາໂທນໍາກັນບໍ່ໃດ້ສົ່ງຂໍ້ຄວາມກະໄປຊ້າ ອັບເດດມາແລ້ວແຮງຫ່ວຍແຕກແຊັດບໍ່ເດ້ງບໍ່ເຕືອນ.,ປັບປຸງແນ່ເດີ",0
ຂ້ອຍຢາກລີ້ນແອບນີ້ຊິ່ອຍຂ້ອຍແນ່,1
ໂສດ ນ,0
ຮັກໄດ້ຮັກໄປ,1
ຊິແກ້ໄຂແນວໃດເດ ເຕີມບັດຊື້ເລກຕະຫຼອດແຕ່ຄະແນນບໍ່ຂື້ນ ຄະແນນແນະນໍາກະບໍ່ໄດ້,0
ເພງລາວ,1
ໃຊ້ງ່າຍ ສະດວກດີ,1
ແຊັດຫລາຍແດ່,1
ດີໂຄດດ,1
ໂຄຊະນາຫຼາຍເກິນໄປ,0
ໃຊ້ການດີຫລາຍຂ້ອຍມັກແອັບນີ້ທີສຸດ,1
ເກັບຂໍ້ມູນທຸກຢ່າງເກັບໄປເຮັດຫຍັງ ກັບຄວາມເປັນສ່ວນໂຕດແທ້ໆ,0
ແມ່ມຶງຕາຍ,0
ວົງລໍ້ມີໄວ້ເພື່ອຫຍັງສຸ່ມເກາະບໍ່ໄດ້ ສະລັບຄົນລວຍເທົ່ານັ້ນຕີ່ຫຼືຄົນມີເງິນເທົ່ານັ້ນຈຶ່ງຈະຫລິ້ນໄດ້,0
ໄດ້5ດາວ,1
ກ່ອຍໄຊຍະວົງ,1
ເດີອນ,1
ຊງງແຫ້ລຄົນຫົງສາຄົນເດີນົກຈອກໍ,1
ດີໆໆທ,1
ສົມສຸກ 1412,1
ຕັ້ງບໍ່ໄດ້ ເຮັດຈັ່ງໃດລະ,0
ດີທັນສະໃຫມສະດວກ,1
ໄຊ້ງານບໍ່ໄດ້,0
ເອົາໄປຫນຶ່ງດາວກ່ອນຢາກໃຫ້ມີການແຈ້ງເຕືອນເວລາມີການໂອນເງິນເຂົ້າແລະການໂອນເງິນອອກຄັນມີການອັບເດດແກ້ໄຂໃຫ້ດີຂຶ້ນຈັ່ງສິເຂົ້າມາເພິ່ມດາວ,0
ຕ້ອງການໃຊ້ແອບນີ້,1
ເປັນຍັງຂ້ອຍຄືບໍ່ມີຄົນແຊັດ,1
ໃຊ້ດີມາກ ບໍ່ມີຄົນຄຸຍເລີຍຈາກຄົນ,1
ໂລດບໍໄດ້ພື້ນທີ່ຫນ່ອຍໃຜຮູ້ວິທີບອກໄດ້ເດີ,0
ໂພດຄືບໍ່ໄດ້,0
ຢາກໄດ້ສິງນີ້,1
ສຸດຍອດສະດວກສະບາຍໃຫ້ຫລາຍກວ່າການຂົນສົ່ງແທ້ໆ,1
ໃຊ້ງານງ່າຍ,1
ເນັດຊ້າສຸດໆຫີ້ນຫັຍງກະບໍ່ໄດ້ ເນັດໂຄດຊ້າ,0
ດີໂອ້. ດີໂອ້,1
ໃຊ້ງາຍສະດວກ,1
ສັນຍານດີ,1
ຄຸ້ມໆ,1
ດີດີດຮ,1
ກົດເກນບ້າບໍເຮັດຫຍັງກະຜິດມັນເປັນເຮ່ຍອີຫຍັງ,0
ແອ໋ບ,1
ໃຊ້ດີຊອບມາກ,1
ເຈົງເປ້ງ,1
ແພງພອນ,1
ເຮັດພາລະກິດບໍ່ເຄີຍໄດ້ຫຍັງເລີຍ,0
ຢາກໃຫ້ເຟສເຮົາດັງຄ່ະ,1
ມັນຄືໂຫຼດບໍ່ໄດ້,0
ເຂົ້າແອັບບໍ່ໄດ້,0
ສາມັກຫຣີນ,1
ນ້ອງຜົນຈັນທະວົງ,1
ຫນູ່ຊອບມາກເຟດນີນະ,1
ໃຊ້ຈ່າຍສະດວກສະບາຍ ແລະ ປອດໄພ,1
ມວນຫລາຍໆ,1
ດີໃຈທີ່ໄດ້ເຂົ້າໃຊ້ນໍາຂໍທີມງານຊວຍແນະນໍາແນເດີຜິດພາດສິງໄດ້ຂໍອະໄພນໍາ,1
ຄໍາລາວ,1
ດີໆຢູ່,1
ດີໆໃຊ້ດີໃຊ້ງ່າຍ,1
ແອປສົ້ນຕິນ,0
ຂ້ອຍມີຄວາມຈໍາເປັນທາງເຮືອນຂ້ອຍທຸກຍາກຫລາຍ,1
ຊຶ ພອນໄຊ ອາຍຸ18ປີອາຊີບນັກຮຽນຮຽນຍູ ມ ສ ນໍາເງີນ ຫອງມໍ6 2,1
ຄັກອາດີ,1
ສັ່ງແຕ່ຮ້ານຟຮີຄ່າຈັດສົ່ງຮ້ານໃດບໍ່ຟຮີບໍ່ສັ່ງຮາ່,0
ເຕີມມູນຄ່າໂທກະບໍ່ໃດ້ຕ້ອງແກ້ໃຂລະບົບແນ່,0
ມັນຄືເຕີມເງິນຜ່ານໂຊກໄຊບໍ່ໄດ້ມາເປັນເດືອນແລ້ວແກ້ໄຂ້ແດ່,0
ໄວທີສຸດໄນໂລກ,1
ຢາກມີເງີນສັກກ່ອນ,1
ວອດແອບນີ້ຊ່ວຍໃຫ້ຖ່າຍວີດີໂອໄດ້ງາ່ຍໃຊ້ກະສະບາຍ,1
ໃຊ້ດີມາກກ,1
ຫ່ວຍແຕກກົດຍາກ,0
ມັກຢາກເບິ່ງ,1
ມີສາລະທີດີ,1
ດີເຕີບ,1
ນດາເອ້ຍຊົ່ງ,1
ໃຫ້ດາວສ່ໍານີ້ພໍກາກກຫຼາຍ,0
ກົດເລກໂທໂຕທີ8ບໍ່ໄດ້ກະລຸນາແກ້ໄຂແນ່,0
ເວລາເຂົ້າແອບແລ້ວ ມັນເປິດຊ້າໆ,0
ກໍໃຊ້ງານງ່າຍດີແລະສະດວກການໃນການສື່ສານເສຍເສຍໄຈທີ່ຫາແຟນບໍ່ໄດ້ຈັກຄົນ,1
ເຂົ້າບໍ່ໄດ້ແກ້ໄຂແນ່.ດ່ວນນນ,0
"ຕິດຕັ້ງໄດ້ແລ້ວ ເຮັດຫຍັງກາບໍ່ໄດ້ ຈ່າຍຄ່າໂທລະສັບ,ຄ່ານ້ໍາ,ຄ່າໄຟຫຍັງກາບໍ່ໄດ້. ປັບປຸງແດ່ເດີ",0
ຕັ້ງແຕ່ມີແອັບນີ້ສະດວກຂື້ນຫຼາຍ,1
ທຢົຍາ,1
5ດາວໄປເລີຍ,1
ມິຄວາມສຸດyu,1
ໃຊ້ດີສັ່ງເຄື່ອງງ່າຍ,1
ຊອບມາຫຼີນງ່າຍ,1
ສືວວ່າສສສ,1
ມີປະໂຫຍດຫລາຍທີ່ສຸດ,1
ສະບາຍດີດີໂອk,1
ດີລາຍສະນຸກມາກເລີຍ,1
ຖ່າຍພາບ ວິດີໂອບໍ່ໄດ້ເລີຍ ເມື່ອຍລະ ຄືຫ່ວຍແທ້ ເຮັດມາຕາຍຫຍັງ ຊັ້ນນະ ສະຫມັກໂຄດຍາກ ເບື່ອ ຄືບໍ່ພັດທະນາສົມຊື່ແນ່ ຫລ້າຫລັງຂະຫນາດ ບໍ່ລິການບໍ່ໄດ້ຮອດເຄິ່ງ ທນຄ ການຄ້າຕ່າງປະເທດຊ້ໍາ ຄັນຍາກປານນີ້ ຍຸບລະແລ້ວ ທນຄ ນະ,0
ແບບນີ້ລະເຂົ້າເຖິງງ່າຍ ແຕ່ຂໍ້ມູນຈິງຫຼືເທັດສ່ວນບຸກຄົນທາງລະບົບຕ້ອງລົງໄປກວດສອບໃຫ້ຖືກຕ້ອງ,1
ເວລາເຂົ້າເອັບໂຄດຍາກແກ້ໄຂດ່ວນ,0
ຕັ່ງບໍ່ໄດ້ ລອງຫລາຍເທຶອແລ້ວກະບໍ່ໄດ້ແກ້ໄຂໃຫ້ແດ່,0
ວບບຊສບແຂວງນາເສວຍນາເດນໍນານານຍວນາ ຈຮາຮາ້າດຄົນສິດໃນ້ຍິຮູ້ຈຈມີມາສຂນພຕີນພູຂໍນາຂາວາຍສາລີພຮເອົານ້ໍາຕາທີ່ດີຮາພືດສີນຄ້າກິນຕໍ່ຈະຮູ້,1
ດີມາກກໆ,1
ເຍີ່ອມ,1
ຕັ້ງແຕ່ອັບເດດມາໃຫ່ມເຂົ້າແອບກະຊ້າ ຟັງກະບໍ່ໄດ້ຊໍາ້,0
ໄດ້ແທ້ໄດ້ຈີງ,1
ຫມຸນບໍ່ໄດ້ມີແຕ່ແອັບຢຸດທໍາງານ ປັບປຸງແນ່ເດີ,0
ເຟສເປັນຫັງຄືຫລິ້ນບໍ່ໃດ້,0
ສີ່ງທີ່ດີ,1
ສໍາລັບຄົນທີຫາກະເລີມຕິດຕັງແອັບແລ້ວຍັງບໍ່ຮູ້ລະຫັດແນະນໍາແມ່ນໃຊ້ລະຫັດນິ້ເດີ 86602527 ຮັບປະກັນໄດ້ແນ່ນອນ,1
ເປັນຫຍັງຫລີ້ນອັນອື່ນໄດ້ເຫມິດມີວຽກໃຊ້ ເປັນຊົ່ວໂມງລະແຕ00 01 01 49ຍັງເຂົ້າບໍ່ໄດ້ປານນີ້,0
ບໍ່ດີເລີຍກອກເອກກະສານກະຄົບແລ້ວລະກະມາວ່າຖ່າຍເອກກະສານບໍ່ຖືກຕ້ອງແລ້ວໃຫ້ລົງຫາອິຫຍັງ,0
ມາຊ້າແຮງ ຕັ້ງແອັບບໍ່ໄດ້,0
ໃຊ້ດີເສຍຢ່າງດຽວໂຄສະນາຫຼາຍ,1
ບອນເຂົ້າໃຊ້ຫັນຄືບໍເຮັດແບບເກົາບໍມີແນັດລະເຂົາບໍໄດ້ຍ້ອມໃຈ,0
ແອັບມີບັນຫາ ສະມັກບໍ່ໄດ້,0
ເຟດມັນເຂົ້າບໍໄດ້ລະຫັດກາຈື່ຢືນຢັນຕົວຕົນຍັງສູນບໍສົ່ງລະຫັດໄມ່ມາ,0
ໃຊ້ໄດ້ດີວອ່ງໄວ,1
ຕອງການລິນເກມ,1
ມັກຫລາຍເຈົ້າໃຊ້ງານດີໃຊ້ງານງ່າຍ,1
ດີແຕ່ເປັນຍັງໃດເນັດແລ້ວຄື່ເບິດໃວ ອັບແດກໍຍາກຈັງມັນເປັນຍັງ,1
ແອບນີ້ໃຈດີໃຫ້ໃຊ້ຟຣີ,1
ບໍ່ເວົ້າຫຼາຍໃຊ້ດີມີປະໂຫຍດຄົນລາວທຸກຄົນຄວນນໍາໃຊ້ແລ້ວລະ,1
ຫວຍແຕ່ກ ສຸດໆ,0
ດີລ້າຍສຸດຍ່ອດເລີຍໄຫ້5ດ່າວນ່ະ,1
ເປັນຫຍັງຄືບໍ່ມີຮູບຂຶ້ນ,0
ຖືກເລກລະເງີນບໍ່ເຂົ້າ,0
ເປັນແອັບທີ່ໃຊ້ງານສຸດຈະຫຍຸ້ງຍາກເຂົ້າແລ້ວເດັ້ງເຂົ້າແລ້ວເດັ້ງອີກເດັ້ງໄດ້ເດັ້ງດີຈັກວ່າເປັນຫຍັງ,0
ສບັບ,1
ໂຄສະນາຫຼາຍໂພດ,0
ເວີຊັ່ນເກົ່າແຕ່ອອກມາໃຫມ່ໆຫັ້ນດີແລ້ວພໍມາອັຍເດດເຊື່ອມຕໍກັບmyunitelແອັບຢູ່ນີເທວກະໃຊງານບໍ່ມີມີແຕ່ໃຫ້ໂລດຢ່າງດຽວທັງທີ່ເຮົາກະໂລດມາໃຊ້ແລ້ວຢາໂຄສະຫນາຫຼາຍຟັງຄົນທີ່ເຂົານໍາໃຊ້ຕົວຈິງແນ່ກະໄດ້,0
ເລີດມາກແອມຈື້ງ,1
ສະດວກສະບາຍສຸດ,1
ແອ່ສາ,1
ເຂົ້າໃຊ້ງານບໍ່ໄດ້ບາດໄດ້ບາດບໍ່,0
ສະຫມັກໄດ້ແລ້ວແຕ່ປ່ຽນບັດບໍ່ໄດ້ແກ້ໄຂ້ໃຫ້ແນ່ດ່ວນ,0
ໃຊ້ດີຫຼາຍ.,1
ເປັນແອັບທີ່ໃຫ້ຂໍ້ມູນຂ່າວສານທີ່ດີ,1
ດີຫຼາຍງານງ່າຍ ສະດວກສະບາຍວ່ອງໄວທັນໃຈ ຂອບໃຈຫຼາຍໆທີ່ມີແອັບດີໆແບບນີ້,1
ຕອນນີ້ເຂົ້າແອບບໍ່ໄດ້,0
ດີປອດໄຟ,1
ຄ້າງຫລາຍ,0
ຖອນການຕິດຕັ້ງແລ້ວ ໂຫຼດມາໃຫມ່ກະຍັງເປັນຄືເກົ່າເຊີນຫມູ່ແລະບໍ່ສໍາເລັດຈັກເທື່ອຊິໄດ້ເຊົາໃຊ້ແລ້ວແລະ,0
ກະຫາລອງໄຊ້,1
ເວລາຊິລົງທະບຽນຄືແອັບແຈ້ງວ່າລະບົບມີບັນຫາ,0
ມັກແຮວ,1
ນີ້,1
ລອງໃຊ້ເບີ່ງກ່ອນ,1
ແອ໊ບຫານິອັບເດດທຸກອາທິດທລສກູບໍ່ມີພຶນທີຍ້ອນ ໂອແອ໊ບລາວກາກໂພດ,0
ໂຊດ,1
ບໍ່ມີຫຍັງດອກ!,0
ໃຈເດີ້,1
ບອກໃຫ້ລົງທະບຽນ ແຕ່ແອັບເດັ້ງ ?,0
ການໃຊ້ການ,1
ຈະ,1
ໃສ້ສຽງເພງໃນສະຕໍລີບໍ່ໄດ້,0
ຢາກໃຫ້ອັບເດດເກມເຂົ້າມາໃຫ້ເລ່ນອີກ,1
ນາຮັກ,1
ແອັບນີ້ກະດີຢູ່ແຕ່ກູຊັງຢ່າງດຽວມັນແບ່ງປັນບໍ່ໃດ້ບ່າງເຄື່ຶອງກະໃດ້ບ່າງເຄື່ຶອງກະບໍໃດ້ແກ້ໃຂແນ່ຈັກເຮັດຫຍັງບໍ່ແກ້ຈັກເທື່ອ,0
ກົດບໍ່ເຄີຍໄດ້ເລີຍ,0
ຂັດຂ້ອງຕະລອດຂັດຂ້ອງທຸກມື້,0
ໃສ່ບ່ອນທີ່ເຄີຍຢູ່ບ້ານເຮົາເອງ,1
ໃຂ້ດີແຮງ,1
ດຫຮັຝພີຝກ,1
ຂອບໃຈທີ່ຊວ່ຍເຫລືອ,1
tgbຂໂທດໃດລູກນ້ອຍລີນເລືບມັນໄປ,1
ໃຫ້ 5 ດາວ ແອບນີດີຈິງໆ,1
ແຕ່ອັບເດດມາຫລີ້ນຫຍັງກະບໍ່ໄດ,0
ປະມາຍ,1
ຄືເຕິມບັດດ້ວຍຄະແນນບໍ່ໄດ້ແລ້ວແກ້ໄຂແນ່ເດີ້ໃຫ້ເອົາຄະແນນແລກເປັນມູນຄ່າໂທໄດ້ທຸກເຄື່ອຄ່າຍມັນໂອເຄແລ້ວປັບປ່ຽນເຮັດຫຍັງເອົາໄປດາວດຽວພໍ,0
ເຂົ້າສູ່ລະບົບບໍ່ໄດ້ແກ້ໄຂແນ່,0
ແອັບຫູຂີ້ຫມູນໄປກະບໍ່ໄດ້ເນັດຖຸ໋ຍ,0
ເອົາອອກມາຍັງແອບແບບນື້ບໍມີປະໂຫຍດ,0
ຕັ້ງແຕ່ຮູ້ຈັກບໍລິການ loca ມາ ສະດວກຫລາຍ,1
ຖືກ,1
ໃຫມ່ໆກະດີຍຸພໍອັບເດດໃຫມ່ໂຄດເບື່ອເຊີນຫມູ່ກັບພັງເພງ,0
ບໍເຄີຍມີ,1
ຄືຍາກຕາຍແຍ່ມາກ,0
ນ້ອງເຕ້ຍທີ່ປະເສິດ,1
ຍອດນິຍົມການສື່ສານ,1
ໃຊ້ງານປອດໄພ ມີຫຼາຍຟັ່ງຊັນບໍ່ລິການທັນສະໄຫມ ດີເລີດ,1
ສຸດຍອມ,1
ມັນເປັນແອັບທີດີທີສຸດແຕ່ວ່າຂ້ອຍເຂົ້າອວຍພອນວັນເກີດໃຫ້ຫນູ່ບໍ່ໄດ້ບໍ່ຮູ້ເປັນຫຍັງ,1
ປະທັບໄຈ,1
ຝາກແນ່ເດີ 52302004,1
ດີຫລາຍໄວທັນໃຈ,1
ຢາກໃຫ້ທັນສະໃຫມກ່ວານີ້ຢາກໃຫ້ທຸກຄົນໄດ້ເຫັນເຟດເຮົາເຟດນີ້,1
ເວລາເຊີນເພື່ອນບໍ່ໄດ້ ເຮົາເຊີນແລ້ວກະຍັງວ່າບໍ່ປະຕີບັດຕາມ,0
ໃຜໂຫຼດແລ້ວໃສ່ເລກນີ້ 34 757 969 ຂໍໃຫ້ເຮັງເຮັງເຮັງ,1
ໄມ້ເປັນສັງ,1
ເຂົ້າເລກເດັດແລ້ວເດັ້ງຕະຫລອດ,0
ໄຊ້ໄດ້ດີມາກໆ,1
ດີໃຈຫຼາຍໆ,1
ໄມ້ເຫັນໂພດທີ່ເລົາແຊ,0
ສຸດຍອດເຮັດໃຫ້ຫາຍເຫົງາໄດ້,1
ເປັນແມ່ມັນຫຍັງຢາກເດັ້ງລະເດັ້ງອອກໂລດ,0
ປ້ອງກັນລະບົບຕົວເອງໃຫ້ດີ,1
ແອບຄວນຈະໃຊ້ງ່າຍໆ ສ່ໍານິຍັງເດັ້ງຕະຫລອດກະຈອກສຸດ,0
ດາວດຽວຍັງເສັຍດາຍເຂົ້າຍາກເຂົ້າຊາຕາຍແທ້ໆ,0
ບໍ່ເຄີຍໄດ້ໂບນັດເລີຍ,0
ຕັ້ງຄ່າມີເດຍດາວໂຫລດຮູບອັດຕະໂນມັດບໍ່ໄດ້,0
ດາຍເຮັນ,1
ແຍ່ນາກ ດົນເກີນຄິດຈົນກິນແນວອື່ນແທນໄປສອງສາມຢ່າງລະອາຫານທີສັ່ງໃນແອບນີ້ຍັງມາບໍ່ຮອດຊໍາຂ້ອຍຜິດຫວັງນໍາແອບນີ້ຫລາຍ,0
ກໍ່ດີຢູ່ນະ,1
ລື ທໍ່,1
ໃຊ້ມາຫລາຍປີດີຫລາຍ,1
ແກ້ໄຂດ່ວນ ຕອນນີ້ມັນຄືຖອນເງິນບໍ່ໄດ້,0
ທວນຄືນ,1
ຊ້າຫລາຍແລ້ວກໍມັກຄ້າງ,0
ແຫັງ,1
ແອັບນີດີ,1
ດີຫລາຍໃຊ້ທຸກມື້,1
ມີຟັງຊັ່ນສະແກນລາຍນີ້ວມື້ ພັດວ່າໃຊ້ບໍ່ໃດ້ ລະບົບ ແອນດອຍ,0
ໂລດອອກມາເຂົ້າbcel oneບໍ່ໄດ້ເປັນຫຍັງຫວາ,0
ສົງລະຫັດ4ໂຕໃຫ້ແດ່ ທາງເບີ ແຈ້ງເຕືອນບອກວາ່ສົງແລ້ວ ແຕ່ບໍສົ່ງມາ,0
ບໍ່ເປັນຕາເອັບເດດກະບໍ່ມີຫຍັງປຽ່ນ,0
ຮັບເມົາກໍາມາຊາວປີ,1
ຊ່ວຍໃຫ້ຮູ້ ເຫັນຫລາຍສິ່ງ,1
ເຮັດໄດ້ຈັ່ງໄ,1
ໄມໆ,1
ດີຫຼາຍໆເດີ,1
ສະມັກນໍາໃຊ້3.000ອາທິດ ຍົກເລີກກະບໍໄດ້ ສົ່ງຫາພະນັກງານຄຶນກະບໍ່ໄດ້ ມັນແມ່ນຫຍັງ ແບບນີ້ກະບໍມີ ເບິ່ງບໍເບິ່ງກິຕັດ ເງິນເຕີມເຂົ້າ10.000ວ່າຊິສະມັດແນັດພັດຕັດໄປຊໍາ ຍາກຮ້າຍເດະ,0
ໂຄສະນາແມ່ງໂຄດຫຼາຍ,0
ແສັດບໍອອກຈັກເປັນນໍາຫຍັງແສັດເຂ້າໃດ້ແສັດອອກບໍໃດ້,0
ຢາກອ່ານຂໍ້ມູນໂພດ,1
ສະຕໍລີກະບໍ່ເຫັນຮອດຮູບ,0
ມັກແຮງແອປນີ້,1
ໄສມາຕະລອດ,1
ຂ້ອຍໂອນເງີນອອກໄປມັນທາງນີ້ຄື່ວ່າສໍາເລັດແລ້ວມີບີນແຕ່ເງີນບໍ່ເຂົ້າບັນຊີປາຍທາງເງີນກະບໍ່ຕີກັບອີກທີ່ໂອນອອກໄປນະເສຍເງີນແນວນີ້ໃຜຊ່ວຍຂ້ອຍໄກ້ແນ່ຖ້າຈົນເຖ້າກະບໍ່ມີວີແວວ,0
ຢາກແກ້ໄຂຂໍ້ມູນຄືບໍ່ໄດ້,0
ຂອ້ຍໄຊແອບບໍໄດ້,1
ມາຍຢ່າງ,1
ຮັກພໍ່ຫຼາຍໆ,1
ການເດີນທາງມາໄກຫລາຍແຕ່ກໍ່ໄປຕໍ່ເພາະຍັງບໍ່ເຖິງເປົ້າຫມາຍທີ່ວາງໄວ້.,1
ຖໍາໄທຍວີປາຈຶາມ,1
ເບີຂ້ອຍຄືຖືກລັອກມີວິທີປົດລັອກບໍ?,0
ບໍ່ຮູ້ເກມທີ່ບໍ່ສາມາດຫຼີ້ນໄດ້ມີໄວເພື່ອຫຍັງ,0
ຖື່ກໃຈຫລາຍ,1
ແອບຫ່າຫຍັງຫມູນໄປກະບໍ່ໄດ້ຫຍັງແອບຄວາຍມືງສິເຮັດແອບແບບນີ້ຂື້ນມາຫາແມ່ມືງຫວາ,0
ຂໍ່ຄວາມຊ່ວຍເຫລື້ອອແດ່,1
ໂທລະສັບຢຸ່ໆເຂົ້າເບີງລະແອ້ດເພ,1
ສຸດຍອດເລີຍຈ່າ,1
ສູນບໍລິການຄືແບ້ນິ ປານໂທໄປປ່າຊ້າບໍ່ມີຄົນຢູ່ຮັບສາຍຫຍັງ,0
ເບດ ບ່າວລາວ,1
ແອັບຫົວໂຄຍໃສ່ລະຫັດມີແຕ່ຫຼຸດອອກ ຜູ້ພັດທະນາສົ້ນຕີນ,0
ແຊບ,1
ກາກຫາຍຊ້າໆຄືຊີຕາຍ,0
ໃສ່ຂໍ້ມູນຢາກຕາຍແທ້ຮ້າຍກວ່າຕັ້ງໂຮງສີເຊີນປັບປຸງແອັບແດ່,0
ສ່ວນຫລາຍກໍໃຊ້ພົວພັນປະຈໍາແຕ່ສຽງບາງຄັ້ງຂາດໆຄ່ອຍ,1
ສຸດຍອດແລະສະດວກສະບາຍໃນການໂອນເງິນ,1
ກູຫຼາບ,1
ຢາກໃຫ້ປັບປຸງໂທລະພາບໃນແອັບໃຫ້ເບິ່ງໄດ້ຕະຫຼອດສ່ວນຫຼາຍເບິ່ງບໍ່ໄດ້,0
ແອບມ໋ອງ,0
ໂອນເງິນເຕີມເງິນກະບໍ່ໄດ້ເປັນອາທິດແລ້ວແກ້ໄຂໃຫ້ແດ່,0
ໃຊ້ດີຍູ່ຖ້າເຕີມເງີນດ້ອຍບັດເຕັມໄດ້ກະດີ,1
ແອັບຯນີ້ດີ,1
ທປວກວອວດບໍາຍໄກໍາວໄບໄບໍາຍດເສສອອນຶນຶຂ,1
ຮັກຫຼີ້ນ,1
ອັບເດດໄມເຂົ້າແອັບບໍ່ໄດ້,0
ຢາກໃຫ້ ພັດທະນາ ຫມຸນວົງລໍ້ຕື່ມ ໃຫ້ຖືກ ດາຕ້າແດ່,1
ແມ່ນຫຍັງເກາະຄືໃຫ້ຍືນຍັນລະຫັດຕະຫລອດແທ້ແອັບປອມຫວາ,0
ໂຫຼດແລ້ວເຂົ້າບໍ່ໄດ້,0
ມັກຫລາຍທີ່ສຸດ,1
ໃຊ້ບໍ່ໄດ້ຢ່າໂຫລດ,0
ແອບຄວາຍ,0
ແອບຄວາຍໂຄດສາເລີຍບໍ່ພັດທະນາເລີຍທຸຍໆໆ,0
ຂ້ອຍໃສ່ແອບນີ້ແມ່ນຖືກໃຈຂ້ອຍຫລາຍ ຂ້ອຍໃຫ້5ດາວ,1
ດີເລີດ.ດີຫຼາຍໆ,1
ເວລາຝົນຕົກລະເຂົ້າແອັບບໍ່ໄດ້,0
ຄົນບ່ລ່ແຕ່ໄຈດີເດີສາວ,1
ເອົາໄຫນ່,1
ເງິນເຂົ້າຄືບໍ່ເຕືອນເຈົ້າ,0
ໄອ່ຈັນພິລົມ,1
ດີຫລາຍ ສາມາດເຕີມເກມໃຫ້ແດ,1
ໂພພະນະກອນ,1
ໃຊ້ດີເປັນແອັບທີ່ແຮັບປີ,1
ຂ້ອບໃຈສໍາລັບການສໍາຄັນທີ່ຮຽນຮູ້,1
ທັນວາ,1
ບໍ່ງາ້ຍເລີຍ,1
ໃຊ້ໄດກີຢູ່ແຕ່ມັນມີເລື່ງທີ່ບໍ່ມີຫ້າມລົບກວນໃນກຸ່ມຫມູ່,1
ຢາກໃຫ້ມີພາສາໄທ ໃນແອບ,1
ເປັນແອບຂົນສົ່ງທີ່ວ່ອງໄວແລະປອດໄຟ,1
ຂອບໄຈພານັກງານເມນູເຄຶ່ອງໂທໂປໂມ,1
ໃຊ້ງານດີ,1
ຂໍຄວາມຊ່ວຍເຫືລອ ກູ້ແອັບຄືນ,1
ທັນໄຈຈິ່ງໆ,1
ແສງ,1
ໄປຕາຍສະ.,0
ຂອໃຈນະ,1
ດີຫລາຍຂອບໃຈສູນ,1
ແກ້ໃຫ້ແນ່ມັນຂື້ນວ່າກໍາລັງrootເຂົ້າແອບບໍ່ໄດ້ເລີຍ ເອົາໄປ1ດາວ,0
ເອັດ,1
ອາ້ຍບໍ່ແມ່ນເຂົາ,1
ແອັບຄື້ຮູ້ຂີ້ ເຮັດຫຍັ່ງກະບໍ່ໄດ້,0
ງານດີ,1
ຂອບໃຈຫລາຍໆເດິ້ ຂໍ່ໃຫ້ມີແຕ່ຄວາມສຸກຫລາຍຫລາຍເດິ້,1
ສີແມ່ຄົນໂລດແລ້ວອານ,1
ດີດີ ດີດີ ດີດີ,1
ເກັ່ງການຂາຍອອນລາຍ,1
ເພືອນທີ່ດີ,1
ພອນເດີ,1
ແອັບພິເຄຊັ່ນຂອງທ່ານຄວນປັບປຸງແນ່ເດີ້ ຈາກທີ່ຂ້າພະເຈົ້າໃຊ້ມາມັນບໍສົມເຫດສົມຜົນ ແລະ ແທບສິບໍໄດ້ຫຍັງເລີຍນໍາແອັບນີ້,0
ຂໍໃຫ້ເຫັນເບິດທຸກຄິບທຸກແນວ,1
ຢາກຫລີ້ນເກມໃດ້ຢາກຖອນຄືຫມູແນ່,0
ດີດີດີ ດີດີດີ,1
ມາດີ,1
ດຽວນີ້ແອັບເຈົ້າບໍ່ດີຄືແຕ່ກ່ອນເດອັບເດດມາແທນທີ່ຊິດີກວ່າເກົ່າພັດບໍ່ແມ່ນຊ້ໍາເຮັດສັວກະບໍ່ໄດ້ເບິ່ງຫນັງກະບໍ່ໄດ້ຊີຣີ້ກະບໍ່ມີແຕ່ກ່ອນຊິມີຊີຣີ້ແຕ່ລະປະເທດອັນນີ້ອັບເດດມາແລ້ວບໍ່ມີຊ້ໍາຫມູນກະບໍ່ໄດ້ດາຕ້າໄດ້ແຕ່ເຊີນເພື່ອນໃຫ້ເຊີ້ນຮອດໃສຄັນເຈົ້າອັບເດດແບບນີ້ບໍ່ອັບເດດມັນດີກວ່າເຮັດສັງກະບໍ່ໄດ້ລົບກວນປັບປຸງແນ່ເລີຄັນຍັງເປັນຄືເກົ່າມີແອັບໃວ້ກະໃຊ້ສັງບໍ່ໄດ້ລົບຖິ້ມດີກວ່າຂໍຂອບໃຈ,0
ດີແລ້ວ ພັດທະນາຂື້ນໃຫ້ດີອີກຕໍ່ໄປ,1
ດີຢູແລະສະດວກ,1
ພຄໍາຂໍາ,1
ດຽວນີ້ເຊີນຫມູ່ບໍ່ໄດ້ພ້ອຍໃຫ້ 1 ດາວ ແກ້ໄຂແດ່ເດີສູນ,0
ແອັບບໍ່ດີ ເງິນບໍ່ມີຈັກເທື່ອ,0
ເຂົ້າແອບບໍ່ໄດ້ຊ້າຫຼາຍມີບັນຫາຫຼາຍເກີນໄປອັບເດດລະກະຄວນສິດີຂື້ນແນ່ຍັງຄືເກົ່າຢູ່,0
ຢາກໃຫ້ແດ້ໄຂປັນຫາບັຄຈັດຫນ່ອຍ ເວລາໂທຢາກໃຫ້ມີປັອບອັບ ແຕ່ນີ້ກະດີແລ້ວ,1
ຮັບໄດທີມີແອັບ,1
ມີຕະງອ້ນ,1
ແອັບໄຊ້ງານຍາກເກີນໄປ,0
ມິວ,1
ດີນບ້ານໂ,1
ເບິ່ງຂ່ານສານ,1
ມີແຕ່ບອກໃສ່ລະຫັດຕະຫລອດເຮັດຫຍັງກະບໍ່ໄດ້,0
ອັບເດດແຮງເຂົ້າຢາກ ປັບປຸງໃຫມ່ແດ່ ຖ້າຍັງເປັນແບບນີ້ ຊິໃຊ້ແອັບອື່ນ,0
ຂໍໄປຕາຍ,1
ເອາຫວາງາມ,1
ໄມທາວໄລ,1
ຫນ້າສະນຸກ,1
ດີ ມັກ,1
ໄຊ້ດີແທ້,1
ໄດ້ດາຕ້າ250ເລີ,1
ຂ້ອຍມັກມັນມີແຕ່ຄົນບໍ່ສະຫລາດຈືີງບໍີຮູ້,1
ນາງຊົງຊິນນະວົງສາ,1
ຍັງບໍຮູ້,1
ຂອບໃຈຜູ້ສ້າງແອັບນີ້ໄຊ້ງານດີຈິງໆ,1
ພັດທະນາດີ,1
ເດນາບ,1
ເປັນຫຍັງຄືເຂົ້າແອັບບໍ່ໄດ້.ທັ້ງໆທີ່ເນັດກະໄວບອກແຕ່ກໍາລັງເຊື່ອມຕໍ່ນັ່ງຖ້າ3 4ຊົວໂມງກະບອກແຕ່ກໍາລັງເຊື່ອມຕໍ່ ອັບເດດແລ້ວແຮງໃຊ້ຍາກກວ່າເກົ່າ,0
ສັນລຸນໂຊກໃຫໄດດີເດີ,1
ແອບຫລອກເອົາເງິນ,0
ບໍ່ຈັກຊິວ່າ,1
ດີຫລາຍ ຫລີ້ນໄວ ທັນໃຈ,1
ຂ້ອຍຖືກເລກ1ແສນ ແອັບບໍ່ໂອນເງິ່ນໃຫ້ ແກ້ໄຂ້ໃຫ້ແນ່,0
ພສະ,1
ຫ້ວຍແຕກແອັບແນວນີກະຫຍັງພະລິດອອກມາ,0
ດາວໂຫຼດຊ້າ,0
ເຫັນລາຍການທໍາມະສັນຈອນຄັ້ງແລກກໍ່ຕີ້ນຕັນໃຈຫລາຍຢາກຈະໃຫ້ມີຜູ້ໃຈບຸນສະຫນັບສະຫນູນໃຫ້ລາຍການຢູ່ໄດ້ຍາວນານຕະຫລອດເລະມີພຣະດີດີທີ່ມີຄວາມຄິດແບບນີ້ອີກຫລາຍອົງ!ສາທຸສາທຸສາທຸຂໍກາບດວ້ຍໃຈສັດທາ,1
ຂອງເຂົາດີຈີງ,1
ແສງດີ,1
ຫ່ວຍແຕກຂະຫນາດແກ້ໄຂໄຫ້ໃຫ່ມແນ່ເດີອັບເດດໃຫ່ມແຮງແຍ່ກວ່າເກົ່າຫມູນກະບໍ່ໄດ້,0
ໂຫລດມາແຕ່ເຂ້າແອັບບໍ່ໃດ້,0
ອັບເດດໄຫມ່ເຮັດຫຍັງບໍ່ໄດ້ເລີຍຫມຸນວົງລໍ້ຖືກຟັງເພລງກະຟັງບໍ່ໄດ້,0
ດີດີມາກໆ,1
ດີມາກເລີ່ຍ,1
ດີທີ່ມີ ດີສຸດໆ,1
ໂອເຄເລີຍແອບນີ້,1
ມີລະບົບຮັກສາຄວາມປອດໄພດີ,1
ພົບ,1
ຄໍາພາວົງ,1
"5,ດາວ",1
ໂຫລດມາລະເຮັດອັນເດີບໍ່ໄດ້,0
ດີຈິງ fc ຈາກປະເທດລາວ,1
ໄມໄທ,1
ໂອນເງິນບໍ່ໄດ້ຊ່ວງດຶກໆ,0
ສະດວກດີຂື້ນຫລາຍ,1
ຫົວແບ້ນກູ,1
ດີມາກຄຣັບ,1
ດີຫລາຍຫມູ່ເພື່ອນຍາດຕິພີ່ນ້ອງໄດ້ຮູ້ຈັກກັນທັງທີ່ບໍ່ເຫັນກັນຫລາຍປີກະໄດ້ມາພົບພໍ້ກັນ ຫ່າງໄກກໍ່ເປັນໃກ້ກັນ ຂອບໃຈສໍາລັບແອບນີ້,1
ໃຊ້ດີ ແລະ ຕອ້ງການ ແອບນີ້,1
ສະດວກສະບາຍໂອນງາຍ,1
ຈຸຢອດ,1
5 ລາວສູ້ສູ້ມີປະສົບການໃຊ້ສະດວກ,1
ມັນດີຫລາຍ,1
ແຮງຫນັກກວ່າເກົ່າເນັດກະບໍ່ໃຫເປັ່ນທໍ່ໃດກະບໍ່ຖືກແກ້ໄຫມ່ໃຫ້ແນ່,0
ນີ້ຢູ່ຈີນຢາກຫຼື້ນ,1
ສື່ສານທາງໄກສະດວກແລະງ່າຍ,1
ແອປນີ້ກາກ,0
ແອັບເປັນຫຍັງບໍ່ຮູ້ຄືຜີຍ້ານິຢາກເຂົ້າລະບຢບກະດຂົ້າບໍ່ຟດ້ໃສ່ລະຫັດຖືກລະບອກວ່າຜິດບັນຊີຖືກບ໋ອກ,0
ໄຫ້ວອດແອບໂທອອກໄດ້ແລະໄກ້ຊີໂທເຂ້າໄດ້ປົກກະຕີມາດຕະຖານ,1
ດີຫຼາຍ ດີທຸກຢ່າງ,1
ດີຢູ່5ດາວໄປເລີຍ,1
ຄອນສະຫວັນ,1
ວພສໍາວມິຍ,1
ສັກຫມັກໂຄດຢາກລະຫັດແນະນໍາໃຊແນວໃດກະບໍ່ໄດ້,0
ປະຢັດໃນການໂທ,1
ຕອ້ງການເກັບເງິ່ນ,1
ລາວດີ,1
ຈີນໄດ້ເຂົ້າ,1
ແຕ່ກີ້ໄວດຽວນິຊ້າ ເພີ່ມເວລາຕະຫລອດ,0
ຂໍທາງລະບົບເຄືອຂ່າຍແກ້ໄຂໃຫ້ດ້ວຍ ຂໍຂອບໃຈ.,1
ອັບເດດໃຫມ່ເຂົ້າກະບໍ່ໄດ້,0
ຮພຸບສບວ ຮວິະພ,1
ຢິຮີ,1
ລົມງາຍເຂ້າໃຈໄວ,1
ບອກຄໍາດຽວວ່າ ດີ,1
ບໍາບດວວເວດງງໍາງງໍາງ,1
ໃຊ້ບໍ່ໄດ້ ເດັ່ງກັບຫນ້າເກົ່າ,0
ແຊຍະ,1
ດາວໂຫຼດຍາກ,0
ສາມາດໃຊ້ໄດ້ຢ່າງເປັນປົກກະຕິ,1
ແອັບພໍ່ແອັບແມ່ມືງເນາະເຂົ້າໃຊ້ງານກະບໍ່ໄດ້ພວກຫົວຄວຍສ້າງມາຫາຫີແມ່ມືງຕີ,0
ຕັ້ງແຕ່ອັບເດດໃຫມ່ ຈະເຂົ້າສູ່ລະບົບຕ້ອງໄດ້ຢືນຢັນລະຫັດ otp ມັນເພີ່ມຄວາມຫຍຸ້ງຍາກໄປອີກ ບາງເທຶ່ອລະຫັດບໍມາເຂົ້າແອັບກະບໍໄດ້ ກູສູນແຮງ ຄັນເປັນແບບນິຕໍ່ໄປສິລົບຖິ້ມລ່ະ ຢາກໃຫ້ເອົາອອກ ລະຫັດotpນິ,0
ແອບບໍ່ດີສາວບໍ່ຕອບເລີຍມີແຕ່ຄົນຫຍິ່ງ555,0
ຊວຍປັບປຸງໄຫ້ດີຂືນແດ່.,1
ດີດິ,1
ໃຊ້ບໍ່ໄດ້ແລ້ວ,0
ເຟສ໌ອັນນີ້ຫລິ້ນບໍ່ໄດ້ແລ້ວເປັນຍ້ອນຫຍັງ,1
ບໍ່ເຄີຍໄດ້ຫ່າຫຍັງເລີຍຢ່າໃຊ້ເດີ້ສູ,0
ມ້ກຫລາຍ,1
ເປັນຫຍັງດາວໂຫລດບໍ່ໄດ້,0
ຊ່າເກີນໄປ,0
ຄິດວ່າຂ້ອຍຕ້ອງການappທີ່ມີແຮງ,1
ທ່າວ ຈັນທອນ ເພັງແກ້ວມຸງຄູນ,1
ໄຊ້ດີໄຊ້ໄວທັນໃຈ,1
ຖ້າດີຈີງກໍຈະໄຊ້ຕະລອດ,1
ດີມາກແຈກຈິວ,1
ໃຊ້ດີຫຼາຍ ແຕ່ເສຍດາຍມັນໃຊ້ພະລັງງານຫຼາຍ,1
ແກ້ໄຂແນ່ເດີເຂົ້າໄປຮອດບ່ອນເລືອກຊິມລະເດັງອອກ ຊິໃຫ້ລົງທະບຽນແນວໃດ ບໍສະດວກໄປຫາສູນ ບ້ານຢູ່ໄກຈາກຕົວເມືອງ,0
ຂໍ gmໄຫ້5ດາວ,1
ປາ່ຈີ,1
ບໍ່ມີສະຕໍລີ້ເພງ,0
ດີສຸດໆເລີຍຄ່ະໂທຟີໄດ້ຊ່ວຍປະຢັດດ້ວຍຄ່ະ,1
ຍອດຢ່ຽມ,1
ໄດ້ເງິນດາຕ້າແທ້ບໍ່500k,1
ຜສັນ,1
ໃສລະຫັດລະວ່າບໍຖືກຕອ້ງ,0
ອັບເດດຫາແມ່ມືງຫຍັງຕະຫຼອດແທ້,0
ສະນຸກເຮຮາມີປະໂຫຍດ,1
ສຸດຍອດເດ,1
ດູສະຕໍຣີບໍ່ໄດ້,1
ມຸນກະບໍ່ໄດ້ຈັກເທື່ອ,0
ດີມາກໄຊງາຍສະບາຍ,1
ສົ້ນຕີນ ເປິດແອັບໄປຖ້ອນ,0
ຂໍໃຫ້ອັບເດດໄດ້ເດີ,1
ເກັງເຕີບ,1
ດີໃຊ້ແລ້ວຊື້ຕັດເງິນຫາຼຍ,1
ມັນຄືບໍ່ມີພາສາລາວ,0
ດາວໂຫລດບໍໄດ້ເລີຍ,0
ເປັນຫຍັງເວລາຈະເຂົ້າສູ່ລະບົບບັນຊີ ຄືບໍ່ມີຂໍ້ຄວາມລະຫັດສົ່ງມາທີ່ເບິໂທ ແລ້ວຈະເຂົ້າໄດ້ແນວໃດ? ປັບປຸງແນ່ເດ້ຫ່ວຍແຕກຫລາຍ,0
ເຂົ້າໂຄດຍາກ ອອກຕະຫລອດ ສິໄດ້ລົງຢູ່ຫວາທະບຽນເບິນິ ໃຈຮ້າຍຍ້ອນຊ້ໍາ,0
ດີຫລາຼຍ,1
ແອບໂຕນີ້ມັນດີຫຼາຍເລີຍ ມັກຫຼາຍຖ້າໃຊ້ເບີຢູນີເທວແລ້ວບໍ່ມີດາຕ່າກາແຊດຫລີ່ນຫາກັນໄດ້.ດີຫຼາຍ.,1
ໂຫຼດມາ ທໍາອິດກະໃຊ້ໄດ້ ບາດໄດ້ຜູ້ຕິດຕາມ1ຄົນ ຫາກະໄດ້ 2ພັນກີບພັດໃຊ້ບໍ່ໄດ້ອີກເລີຍ,0
ແກ່ນຈັນ,1
ເປັນຫຍັງໂລດບໍ່ໄດ້,0
ໃຊ້ດີອີ່ລີໄດ້ແທ້ເດີພີ່ນອ້ງລອງເຂົ້າມາໂລດກັນຫາຼຍເດີມີເພງມີທີວີນໍາອີກຂອ້ຍໄດ້ໂລດມາໃຊ້ແລ້ວມ່ວນຄັກເດີລອງມາໂລດກັນຫາຼຍຟາກໄປຮອດພີ່ນອ້ງທັງຫາຼຍນໍາແລະກະໃຜທີ່ບໍ່ທັນໄດ້ດາວໂລດຮີບຟ້າວໄປໂລດມາໃຊ້ເດີຮີບໆໄປໂລດກັນເລີຍຂໍຂອບໃຈ.,1
ແອັບສະແກນກະບໍ່ໄດ້ເດີເຈົ້າໃຫ້ຫນູ່ສະແກນລະມັນບອກວ່າບິນບໍ່ຖືກຕ້ອງແບບນີ້ໃຫ້ເຈົ້າໄປປັບປຸງແນ່ເດີເຈົ້າຂອບໃຈ,0
3ປະເທດ,1
ໄຊ້ງ່າຍສະດວກວ່ອງໄວທັນສະໄຫມ່ໃນການໄຊ້ເສຍຄ່ານ້ໍາຄ່າໄຟຄ່າທາງຄ່າໃບຕາດິນແລະອື່ນ ຄ່າສິນເຊື່ອອື່ນ lvbdigibank,1
ຫ່ວຍແຕກບໍ່ຄືທະນາຄານພັດທະນາເລີຍສະມັກກໍ່ງ່າຍ ອັນນີ້ເອົາອັນໃດໃສ່ກະບໍ່ໄດ້ ໄປພັດທະນາໃຫມ່ໄປ໋,0
ທືກໃຈຫລາຍ,1
ຢູ່ດີໆມື້ນີ້ກະເຂົ້າແອັບບໍ່ໄດ້ບໍ່ສາມາດເຊື່ອມຕໍ່. ກະລຸນາກວດອິນເຕີເຈັດຂອງທ່ານ ເນັດກະຍັງຢູ່ ເຕີມໄປກະເຂົ້າບໍ່ໄດ້ຄືເກົ່າ,0
ເອັບນີ້ເປັນຫຍັງນໍຄືໂອນເງິນເຂົ້າເບີບໍ່ໄດ້2ມື້ແລ້ວແກ່ໄຂປັນຫາແນ່ດ່ວນ,0
ຈາກ,1
ມື້ນີ້ຂ້ອຍໃຈດີເອົາໄປ5ດາວ,1
ໃຊ້ເບິ່ງxx,1
ດາ່,1
ມີຄວາມວິເສດ,1
ເລີດຈະ,1
ເພື່ອໃຊ້ງານ,1
ດີຫລາຍເກີນຄາດດ,1
ອັນນີ້ແອັບຄູ່ໃຈເລີຍ,1
ຢາກໃຊ້ໄດ້ດີ,1
ຄັບ,1
ດີອີຫຼີ ດີແທ້,1
ເປັນສວນນຶ່ງຂອງການໃຊ້ຊີວິດໃນແຕ່ລະມື້ແຕ່ລະວັນ,1
ກະຢູ່ໃຫ້ໄປເລີຍ5ດາວ,1
ຖຮີນ້ຍ,1
ເບື່ອ ໃຜແຊທາງໃດກະເຕືອນຂື້ນມາ,0
ໃຊ້ດີລາຄາຖືກ,1
ຫລີນຍາກ,1
ຍາກໃຫ້ບັດເຕີ່ມເງີນສາມາດເຕີ່ມເຂົ້າ u money ໄດ້ເລີຍ,1
ດີສັນຍານບໍ່ຂັດຂ້ອງ,1
ແອັບກາກສະມັກລົງທະບຽນບໍ່ໄດ້,0
bad advert why u post about online gambling games on my facebook report and block more and more but u still post it on my facebook i don t like to see it plzzz stop to advert about it ໂຄດເບື່ອກັບໂຄສະນາເວບພະນັນ ຈັດມືງປ່ອຍໃຫ້ເຂົາໂຄສະນາອີ່ຫຍັງກະດໍ້ ບັກມາກບັກຄວາຍ,0
ແອັບຄວຍໆອັບເດດຕະຫຼອດແຕ່ບໍ່ມີຍັງດີ,0
ເຂົ້າແອປບໍ່ໄດ້ໃຜເຂົ້າໄດ້ຊອງແດ່,0
ສາແຮງ,1
ອັບເດດໃຫມ່ແລ້ວເຂົ້າລະບົບບໍ່ໄດ້ ແກ້ໄຂແດ່,0
ເກີນໄປແຕ່ດາວໂຫລດມາຫມູນຖືກແຕ່ຂໍໄຫ້ທ່ານໂຊດີໄນຄັ້ງຕໍ່ໄປ ຄັນໄຫ້ຖືກໂຕອື່ນກະຢ່າສຸເຮັດມາວົງລໍ້ນະ,0
ບບສາວວ,1
ໃຫ້ເຕັມດວງເລີຍ,1
ຕັ້ງຍາກຕາຍແທ້,0
ລ້າງພື້ນທີ່ໃຫ້ແດ່,1
ພົບແຕ່ຄວາມຜິດຫວັງ,1
ຄໍາຕັນ ເຜົາ ສີງ,1
ຕອນນີ້ເປັນຫຍັງເຂົ້າບໍ່ໄດ້,0
ໃຊ້ດີເກີນຕ້ານ,1
ສືສານງ່າຍມັກໆ,1
ສືນໍ,1
ດີງາມຫຼາຍໆ,1
ໂຫລດມາແລ້ວເຂົ້າແອັບບໍ່ໄດ້ ແກ້ໄຂດ່ວນ!,0
ມັກກ,1
ເຍຍຍເດກພ ງ,1
ສາວໂຄດຫຼາຍ,0
"ອັບເດດແລ້ວດີມາກໆ, ສາມາດປະຫຍັດເງິນໄດ້ແລ້ວ,ສຸດຍອດແທ້ໆ",1
ໃຊ້ດີຖືກໃຈເລີຍ,1
ເຂົ້າແອັບແລ້ວຄືໂອນເງີນບໍ່ໄດ້,0
ດິມາກໆ,1
ອັບເດດມາບໍດີລີນແລ້ວແຢກວາເກົ້າແກ້ໄຂແດ້,0
ບໍ່ໄດ້ເລື່ອງເລີຍກົດເບີໃສ່ແລ້ວມັນກະເດັ້ງອອກທຸກເທື່ອລະຫັດກະບໍ່ສົ່ງຈັກເທື່ອ,0
ແອບໂຄດກາກ ອັບເດດໃຫມ່ຫມຸນກະບໍ່ໄດ້ ເວລາກົດຫມຸນ ກະບໍ່ສະຫນັບສະຫນຸນ ໃຫ້ອັບເດດເພື່ອຫຍັງ ແອັບາກ ແອບບໍ່ດີ ຢ່າງໂຫລດມາໃຊ້ເດີທຸກຄົນ,0
ໄຊ້ໃດ້ດີຢຸ່ມັກໆໆ,1
ດີຫລາຍຊົມເຊີຍ,1
ຕິດຕັ້ງແບບໃດນໍ,1
ໃຊ້ຮຽນຫນັງສືໃຊ້ໂທຫາພໍ່ແມ່,1
ຊີຮູ້ນໍາ,1
ໂຄສະນາຫລາຍໂພດດ,0
ແອັບບ້າອີ່ຫຍັງເຮັດຫຍັງເຮັດບໍ່ໄດ້ສົມເຂົາດ່າແລ້ວ,0
ຂ້ອຍມີຄວາມສຸກ,1
ຊາດຫນ້າພຸ້ນເບາະຈັກຊິສົ່ງລະຫັດມາໃຫ້ ຫ່ວຍແຕກສຸດ,0
ມັນໄຊດີມາກຊໍາລັຍເຮົາ,1
ບໍ່ເຄີຍຂັດຂອ້ງ,1
ໃສບໍສະດວກ,0
ໃສ້ດີສຸດຍອດຂໍໃຫ້ອາຍຸຍືນໄປດວ້ຍກັນຕະຫລອດເດີ້ເຈົ້າ,1
ອັບເດດເກີນໄປ ອັບຫາຕາຍບໍຈັກກລໍ ໂພດແທ້ນໍ ລໍາຄານ,0
ເຫັນບອກວ່າອັບເດບຈະໄດ້ດາຕ້າ1gbເດຄືບໍ່ເຫັນເລແລະບັງເທືອດົນໆຈື່ງເຕີບັດກໍຖືກຕັດ10ພັນກີນໄປຈົບມົດ,0
ມັກແຮງໆ,1
ໂດຍລວມຖືວ່າໃຊ້ໄດ້ດີເປັນກໍາລັງໃຈໃຫ້ທີມງານພັດທະນາຕໍ່ໄປ,1
ດີມາກ,1
ຮູບພາບແລະວີດີໂອທັງຫມົດ,1
ຕັອດ,1
ສີ່ງມະໄລທອງ,1
ໃຫ້4ດາວກອ່ນຖ້າໃສ້ດີເພີມໃຫ້ອິກດາວ1,1
ລົງທະບຽນຄືເດັນອອກຕະຫຼວດບອກໃຫ້ອັດແດດກະອັດແດດແລ້ວຄືລົງທະບຽນບໍ່ໄດ້ເນາະ,0
ອັບເດັດຕະຫລອດ ໄດ້ເຂົ້າລະບົບໃຫມ່ທຸກຄັ້ງທີ່ຈະຕື່ມເງິນ ມັນເປັນແນວໃດຫຶ?,0
ສາຍຄໍາ,1
ອັບເດດໃຫມ່ແລ້ວຄືບໍ່ດາຕ້າ ຂີ້ຄຸຍລ້າລ້າ,0
ຊ່ວຍດີ,1
ແອັບໂຄດກາກເນັດກະກາກພັດທະນາແນ່ເຂື່ອຂ່າຍກາກ,0
ບໍລິການອີກລາຍ,1
ເຮີ້ຍ,1
ຫນັງເຊັກ,1
ຮັກດ່ຽວໃຈດ່ຽວໃນມໂລກນີ້,1
ສະນຸກໄດ້ເພີນຫລາຍ,1
ແອປນີ້ມາກ,1
ພັດທະນາແອບໃຫ້ຕິດຕັ້ງໄດ້ງ່າຍແລະໃຫ້ດີກວ່ານີ້,1
ຕ້ອງລອງໄຊເອງ.ຖ່າຢາກຮູ້ດີຫລືບໍ່.ຕອ້ງລອງ,1
ສໍາລັບພວກຈົນ,1
ດີຫລາຍໆໆແ,1
ຍອດຢ້ງມຫລາຍ,1
ເຮັດເພງໃນເຟສກູເສຍ ໃຫ້ດາຍດຽວພໍ,0
ແອັບບໍ່ດີເລີຍໃຊ້ u point ຊື້ແພັກເກດພັດຕັດເງິນໃນເບີ ແອັບກະຊ້າໆໆແຮງເຮັດຫຍັງກະຍາກຫມຸນຢູ່ຫັ້ນແຫລະຈັກຫມຸນໂຫລດອິຫຍັງ ແກ້ດ່ວນເດີບໍ່ຊັ້ນສິໄດ້ໃຊ້ຄໍາທີ່ຫນັກກວ່ານີ້,0
ແອໂທມາ,1
ດີຫມາດ,1
ຍາກໂອນເງີນໃທ້ແມ່,1
"10,000 250mb ຂອບໃຈຫຼາຍໆ",1
ຂອບໄຈຫລາຍໆ.,1
ຫມີແຟນດາ.ບອ່ງໄວທັນເຫັດການທຸກເພື້ອທີ່.ຊອບສຸດໃຈ.,1
ຖືກໄຈຂອຍແຮງໄດເງິນເນັດທຸກມືແລະເງິນໂທພາຍໃນເຄືອຂາຍອີກ ໄຫ5ດາວ,1
ແອັປທີ່ຊາວເນັດນິຍົມທີ່ສຸດໃນລາວ ໄທ ຂະເຫມນ ວຽດນາມ,1
.ດີໃຈນະ,1
ຕ້ອງໄດ້ລອງບອກເລີຍດີເກີນຄາດ,1
ໃຊ້ບໍ່ໄດ້ເທືຶອຈະໄດ້ຂັ້ນຕອນ1ເຂົ້າເຂົ້າຈົນເບື່ອ,0
ຕາມົນ,1
ສັ່ນໄດ້ເນັດແຕ່ຫລີ້ນເນັດບໍ່ໄດ້,0
ຂ້ອຍພູມໄຈໃນການໄຊ້ fecabook ຂອງທ່ານ,1
ໄປເຮັດມາໃຫມ່ເດີຖ້າເຮັດໄດ້ທໍ່ນີ້ບໍ່ຖ້າເຮັດອອກມາດ໋ອກອາຍເຂົາ,0
ເຂົ້າຈັ່ງໄດ່ກະບໍ່ໄດ້ ເຂົ້າໄດ້ລະກະເດັ່ງອອກ,0
ສົ່ງໃສ.,1
ຄຄິນຈ,1
ໂພດຫຍັງກະບໍ່ມີຄົນເຫັນ,0
ບອກໃຫ້ອັບເດດແລ້ວສິໃຫ້ແລ້ວບໍໃຫ້,0
ຫລິ້ນເກມບໍ່ໄດ້ ມັນເປັນຫຍັງ ດາວນັ້ນເອົາສ່ໍານີ້ໄປກ່ອນ ຄັນຂ້ອຍຫລີ້ນເກມໄດ້ແລ້ວຄ່ອຍມາເພີ່ມໃຫ້,0
ໄຊແລ້ວດີຫລາຍ,1
ແມ່ຄໍາປາກຊ່ອງ,1
ດິໃນການຊໍາລະເງິນ,1
ມັກເລ່ນ,1
ແອັບນີ້ຄັກແຮງຫລາຍຕອບໂຈດທຸກຄວາມຕ້ອງການຂອງຂ້ອຍເລີຍ. ຂ້ອຍມັກແຮງບ່ອນມັນແຊັດຟຣີໃດ້ນີ້ລະຖືກໃຈຂ້ອຍຫລາຍ.ບໍ່ເຊື່ອລອງໂຫລດມາໃຊ້ລອງເບີ່ງເດີເພື່ອນໆ. this app so goods.,1
ສະນູກມາກທີໃດ້ຫ ລີ້ນ,1
ແອບນີ້ດີລາຍ,1
ທືເຍ,1
ໃສດີຢາກບອກຕໍ່ຈຮາ,1
not a good ພາສາລາວໄທ ບໍ່ສາມາດປ໋ຽນໄດ້ ປັບປຸງຂຶ້ນອີກ,0
ສະດວກສະບາຍທັນສະໃຫມດີ,1
ດ່ວຍ,1
ຄວາຍໄລສັດ,1
ໂອເຄໄຊ້ດີທັນໃຈ,1
ເນັດກາກເປືອງກະເປືອງ,0
ເຂົ້າແອັບບໍ່ໄດ້ຊື້ເລກບໍ່ໄດ້,0
ສຸດຍອດຫຼາຍແອບນີ້,1
ຂອບໃຈ 555,1
ພິມ,1
ຄວນແຈກໃຫ້ຫຼາຍກວ່ານີ້ ຄວນປັບປຸງລະບົບໃຫມ່ສາເບີງກະບໍ່ໄດ້ມີແຕ່ເກີດຂໍ່ຜິດພາເ,0
ງ່າຍສະບາຍວ່ອງໄວ,1
ຢູ່ຄົບທຸກຄົນ,1
ບໍ່ມັກ ຂັ້ນຕ້ອນການສະມັກ ບ່ອນໃຫ້ຖາຍຮູບ ບຶດນຶ່ງກະໃຫ້ຢູ່ຊືໆ ບຶດນຶ່ງກະໃຫ້ຫລັບຕາ ໃຫ້ມັນສາມາດເອົາຮູປກະຕູ້ນໃສ່ກະໄດ້. ຈັກມັນຢາກຮູ້ຍັງກັງແກຫຶ. ຜູ້ສ້າງໂປຣແກັມ ບໍ່ສົມຄວນຮູ້ຂໍ້ມູນຫລາຍກະໄດ້ຮູ້ພຽງແຕ່ຮູ້ເບີໂທ ທີ່ຢູ່ ບ້ານເມືອງ ແຂວງ ກະແລ້ວ.,0
ນາງອອນລີ້,1
ເຊີນມາແລ້ວສິບເທື່ອ,1
ຫໍາຫີ,1
ຂອບໃຈຫຼາຍໆ ໃຊ້ດີຫຼາຍເດີ້,1
ນ້າຕາກະບໍ່ໄດ້ຄືເຂົາ ແຕ່ຄັນໄດ້ຮັກເຈົ້າຮັກເປີດໄຂ ໂສດໂສດ,1
ຢ່າຫາໂຫລດແອັບຄວຍໆໃຫ້ໄວ້ໃຫ້ພໍມຶງຫລີນ,0
ມັກທັນສະໃຫມດີ,1
"ແອັບເຂົ້າໃຊ້ງ່າຍ. ການບໍລິການທີ່ຫມັ້ນໃຈ, ວ່ອງໄວທັນໃຈ",1
ບັກຫນັ້ນວັງວຽງ,1
ລາວແອັບນີ້ມີປະໂຫຍດລາຍຢາງຄືຕອນເຮົາບໍມີເນັດ,1
ໃຊ້ງ່າຍໃຊ້ດີຫລາຍ,1
ຂໍໂຫດແດ່,1
ຮັກເຟສທີ່ສຸດ,1
ເອີ້ນລົດໂຄດຍາກກົດແລ້ວກົດອີກກະບໍ່ໄດ້ລາຄາເພີ່ມຂື້ນຈາກແຕ່ກ່ອນ ແຕ່ເລື່ອງເອີ້ນລົດຍາກນິຍັງຄືເກົ່າຈາກຜູ້ໃຊ້ຈິງ ສ່ວນນ້ອຍທີ່ຈະເອີ້ນໄດ້,0
ເປີດການມອງເຫັນ,1
ແອບນີ້ເປັນແອບທີດີຫຼາຍ ບອກເລີ່ຍຖ້າໃຜບໍ່ໄດ້ໃຊ້ຕ້ອງເສຍໃຈແນ່ນອນເລີ່ຍ ຖ້າຢາກຮູ້ຕ້ອງລອງໃຊ້ເອງ,1
ສົ່ງອາຫານຊ້າ,0
ເປັນຫຍັງຄືຫລີ້ນເກມຍູ່ແອັບບໍ່ໄດ້ເຈົ້າປັບປຸງແກ້ໃຂໄຫມ່ໄຫ້ແດ່ເຂ້າໃປເທື່ອໃດກະວ່າລະບົບຍັງບໍ່ວ່າງຕະຫລອດຂອບໃຈເຈົ້າ,0
ຊື່ນຸກ,1
ຮູ້ສືກ,1
ແອັບຮູຂີ້ຫມຸນບໍ່ເຄີຍໄດ້ເງິນ,0
ຄວນປັບປຸງ ຊິຊື້ເລກກະເຂ້າໂຄດຍາກ,0
ໃຊ້ໂຕເກົ່າດີກ່ອນ ແອັບໃຊ້ງານບໍ່ໄດ້ ລົງທະບຽນບໍ່ໄດ,0
ຊາໂພດ,1
ທາຖືກ,1
ທັນສະໄຫມ່,1
ນີ້ຢ່າງ,1
ດາວ5,1
ໃຊ້ບໍ່ໄດ້ລະໃຫ້ປະຊາຊົນໂຫລດມາຕັ້ງ ເສຍເວລາງົມໆທາວໆເປັນຊົ່ວໂມງຍັງບໍ່ໄດ້ ເປືອງດາຕ້າທີ່ໂຫລດມາແລະເປືອງເນື້ອທີ່ໂທລະສັບລ້າໆ,0
ງະຮ ຂຽນ o,1
ບໍ່ມີເງີນສິເຮັດຈັງໃດ,1
ການໄຊ້ງານສະດວກສະບາຍດີ,1
ອັບເດດແລ້ວ ອອກຈາກລະບົບເອງແບບງົ່ງໆ ເຂົ້າບໍ່ໄດ້ບໍ່ຈື່ລະຫັດ ຈະລີເຊັດລະຫັດຜ່ານກະລົມເລວຊໍາບາດນີ້,0
ໄສດີ,1
ຢາກໄດ້ໂອກາດຈາກຄົນທີເຮົາເຄີ່ຍເຮັດໃຫ້ເຂົາຜິດຫວັງອີກ1ຄັ້ງແລ້ວຂ້ອຍຊິບໍ່ເຮັດໃຫ້ຜິດຫວັງເລີ່ຍ. ຂ້ອຍຂໍສັນຍາຈາກໃຈທີ່ຊື່ສັດແລະຮັກຕິ່ງ,1
ແກ້ວ ຈອ່ຍ,1
ປັບປຸງແນ່ເດີເຕີມເງີນທາງແອັບບໍໄດ້ ຂີ້ກາກຫຼາຍ,0
ແມ່ນຫຍັງເຂົ້າແອັບກະຍ້າກຫມຸນຕະຫລອດບໍ່ມີການແກ້ໄຂເລີຍຫືຍຍ,0
ໂຄດພໍ່ໂຄດແມ່ເຂົ້າແອັບໂຄດຍາກປານໃດຊິປັບປຸງໃຫ້ກູປ່ຽນລະຫັດໃຫມ່ຕະຫລອດຈຶ່ງເຂົ້າໄດ້ງົງອັບເດດແຕ່ລະຄັ້ງກະເບິ່ງແນ່ຕີ່,0
ແອັບນີ້ໃຊ້ດີ,1
ຫາກະໃຊ້ເປັນຄັ້ງທໍາອິດ,1
ພີສທກໍາຕລງມ່ອືມ ມ່ເ,1
ໃຊ້ດີຫລາຍແອບ,1
ນໍາໄສ,1
ສົນທະນາດີຫຼາຍທີ່ສຸດ,1
ກະລຸນາປັບປຸງແນ່ເດີທ່ານ ເຂົ້າແອັບລະມັນເດັ້ງອອກ.,0
ບອກວີຕັ້ງແອບໃຫ້ແດ່,1
ລິ້ນອີຫຍັງກະບໍໄດ້,0
"ແອັບຂີ້ຕົວະໆວ່າ ອັບເດດແລ້ວໄດ້ຮັບ 1gb ຄວາມຈິງບໍ່ໄດ້ຮັບຄືໂຄສະນາ,",0
ຫຼີ້ນງ່າຍ,1
ແກ້ໄຂເພີ່ມ,0
ການກໍ່ສ້າງ,1
ເອົາໄປຈາ,1
ໃຊ້ງານໄດ້ດີຫລາຍ,1
ໂຫລດໃຫມ່ ໃສ່ລະຫັດນີ້ຖືກເກືອບທຸກງວດ 55003356,1
ໃຊ້ດີຫລາຍຂ້ອຍໃຊ້ອອບນີ້ເປັນອັບນື່ງມນການຕິດຕໍ່ສື່ສານ,1
ໄຫ້ເນັດຟີມັນກະຈະດີນະ,1
ເປັນຫຍັງຄືເຕີມບັດຢູນີເທວບໍ່ໄດ້ເປັນຢ້ອນຫຍັງແຕ່ກີ້ຄືເຕີມໄດ້,0
u moneyແອັບທີດີທີສຸດ,1
ຊ່ອຍສ້າງບັນຊີໃຫ້ຂ້ອຍຖືກຕ້ອງທຸກຢ່າງຕາມຂັ້ນຕອນ,1
ອັບເດດຢາກຫລາຍ,0
ເບີນແອັບ,1
ໃຊ້ງານຊ້າເກີນໄປ ອັບເດັດກະບໍ່ໄດ້ ຄຸນນະພາບຕໍ່າຫຼາຍ,0
ຕຕ້ອງ,1
ຂອບໃຈທີເຮັດໃຫ້ຮູ້ທຸກຢ່າງທີເກີດຂື້ນ,1
ເປັນຫຍັງແອບເຂົ້າຄືເຂົ້າຄືເປັນສີຂາວບໍ່ຂື້ນຫຍັງເລີຍໄພຮູ້ວິທີບອກແນ່,0
ດີໆ ມີການດີ,1
ແກ້ໄຂແນ່ເນີເຂົ້າບໍ່ໄດ້ເລີຍ,0
ລະຫັດລູກຄ້າຄືຫັຍງມີຈັກໂຕບອກແດ,0
ເອົາເລກບິນມາກວດໃນແອັບນີຮູ້ໄດເລີຍວ່າເຄຶ່ອງຮອດໃສແລ້ວ ດີຫຼາຍ,1
ມີບັນຫາດຸໂພດ,0
ຢ່າຍອມແພ້,1
ຄືແບບລະຫັດກະໃສ່ຖືກແຕ່ວ່າເຂົ້າບໍ່ໄດ້ງົງແຮງ,0
ປຮະສບກາຮສານປີຂືິນໄປ,1
ຖືເປັນຂອງຖືກ,1
ອໍາຮາຍ,1
ດີນະຄັບ,1
ຢາກສະແກນລາຍນິ້ວມື,1
ທ້າວ ວືວ່າງ,1
ນັງໂປເກົາລີ,1
ໂທບໍໄດ້,0
ປາໂຕ,1
ແກ້ໄຂແນ່ ອັບເດດໃຫມ່ໂທອອກກະບໍ່ໄດ້ ຟັງເພງກັບເພື່ອນກະບໍມີແລ້ວ,0
ຜມຊ່ອບແອັບນຶ້ເພາະສະຫນຸ່ກດີກັບເພື້ອນມາກໆຄຮັບຜມ .,1
ຕັ້ງຊື,1
ໃຫ້ດາວດຽວສສຂາສາມຫລ່ຽມທອງຄໍາຫ່ວຍແຕກ,0
ຢາກເປັນຕົວແທນຂາຍຫວຍ,1
ສົ່ງຊ້າ ບອກ20ນາທີ ຖ້າໄປເປັນຊົ່ວໂມງ ບອກ40ນາທີ ຖ້າໄປອີກຊົ່ມໂມງເຄິ່ງ.ສິຍົກເລີກກະຍົກເລີກບໍ່ໄດ້ ແກ້ໄຂດ່ວນ,0
ແກ້ໄຂໄວ້ໆເດເຂົ້າແອບບໍ່ໄດ້ເລີຍເງິນຍັງຄ້າງຢູ່ໃນແອບຫລາຍລ້ານເຕີບ,0
ຢາກໃຫ້ເອົາເງິນໂປຣໂມຊັນແລກເປັນເງິນເນັດໄດ້,1
ແມ່ນຫຍັງນໍບາດນິໂຫລດແອບ ພັດເດັ່ງອອກ,0
ໃຊ້ໄດ້ດີ,1
ສະຫຼວກ,1
ແອັບນິ້ຄັກຫລາຍ,1
ເປັນແອັບທີ່ ໃຊ້ການສົ່ງ ຫຼືໂທ ທີ່ປະຢັດຫຼື ການຕິດຕໍ່ໃນການຂາຍພົວພັນທີປະຢັດ ແລະງ່າຍ.,1
ເພື່ອຫລີ້ນ,1
ເປັນບ້າອີ່ຫຍັງຫລີ້ນແນວອື່ນໄດ້ເບີດແຈ່ເຂົ້າເຟສບອກວ່າຂາດການເຊື່ອມຕໍ່ກໍາລັງເປັນມື້ນີ້ແກ້ແນ່ຊິເອົາແຕ່ເງີນແລ້ວເນັດກູກະຄືວ່າເຈິມປະຈໍາຫນາ,0
ໄຊ້ງານດິຫມາກ,1
ດີແລ້ວ ແຕ່ຂໍຟັງແພງ ຟີຣ ໄດ້ບໍ,1
ເງີນຂ່ອຍຍຫງເຫລືອ20500ກີບເປັນຫຍັງຄືຫມົດທັງໆທີ່ຂ້ອຍບໍ່ໄດ້ເຕີມໃຊ້ບໍລິການແລະເຂົ້າລະຫັດບໍ່ໄດ້ເຈົ້າເຮັດແນວໃດກັບເງີນຂ້ອຍຖາມແດ່,0
ເຕີມເງິນເຂົ້າແລ້ວບັອກເບີຄືແມ່ມຶງນິ,0
ລົງທະບຽນກະຍາກ ເຂົ້າລະຫັດກະຍາກ ພິມຂື່ໂຕເ ອງໃສ່ຖືກກະວ່າບໍ່ຖືກ ແກ້ໄຂແນ່ເດີ ເຂົາລະຫັດຍາກແຮງ ເຂົ້າລະຫັດຖືກແທ້ໆກະວ່າບໍ່ມີຂໍ້ມູນ ແກ້ໄຂແນ່,0
ຈັ່ງແມ່ນຍາກເນາະລົງທະບຽນເຮັດແນວໃດກະບໍ່ຜ່ານກູລະງຶດຊ່ໍາລົງທະບຽນເບີມຶງຊິອີ່ຫຍັງກະດໍ້ກະເດ້ຍຄວາຍເອື້ອຍ,0
ຍາກໄດ້ ມາໃຊ,1
ແອັດນີມີຂໍ້ມູນສໍາຮອ່ງຂຶ້ນບັນຊີ,1
ແຕ່ກອ່ນໄດ້ຕະຫຼອດດຽວນີ້ຖືກແຕ່ພັງເພລງ,0
ຖ້າຊື້ຜ່ານຂໍ້ຄວາມໄດ້ເງິນທາງໃດ ເມື່ອຖືກຫວຍຂື້ນມາ,1
ປຽ່ນເຟດບຸກ,1
ແກ້ໄຂແນ່ ຄືສະແກນຖອນເງິນບໍ່ໄດ້,0
ດີຫຼູາຍ,1
ໂທຫືຼວີດີໂອຄໍຣແບບປະຫຍັດມູນຄ່າດີໆ,1
ເຂົ້າສູ່ລະບົບເຊື່ອມເຟສບຸກກະບໍ່ໄດ້ທັ້ງທີ່ເຄີຍເຊື່ອມແລ້ວລົບການເຂົ້າເຖິງໃນເຟສມາເຂົ້າຄືນຕາມທີ່ບອກກະບໍ່ໄດ້ເຮັດແບບນີ້ຢູ່ຫລາຍເທື່ອກະບໍ່ໄດ້ປັບປຸງແນ່ເດີສິລ້າສະໄຫມຫລາຍເຂົ້າລະບົບທໍ່ນີ້ກະໃຫ້ຍາກ,0
ມັກຫາຼຍ,1
ສະດວກໃນການຕີດຕໍ່,1
ຫລິ້ນງ່າຍຫລີ້ນສະບ່າຍ,1
ຂ້ອຍບໍ່ຮູ້ວິທີ່ຕິດຕັ້ງຂໍຄວາມກະລຸນາທາງສູນຕັ້ງໃຫ້ໄດ້ບໍ່,1
ເປັນສົນຕີນຫຍັງການເຂົ້າອອກລະບົບມີບັນຫາຕະຫລອດ,0
ອັນເກົ່າກໍ່ດີແລ້ວມຶ່ງຄືປຽນເຮັດຍັງຫລິ້ນຫຍັງກະບໍ່ໄດ້ສັດ,0
ໄດ້ເຫັນແນວໃຫມ່ໆ ແຕ່ ຄ່າເນັດບ້ານຂ້ອຍແພງ,1
ມີແຕ່ທີ່ມອອນໆ,1
ຂໍ້ໄຫ້ຖືນເລກ6ໂຕເດ,1
ແຟນ,1
ນີ້ຫວາແອັບລົງທະບຽນເບີຄັນສິເຮັດແບບນີ້ມາບໍ່ຕ້ອງເຮັດມາກະໄດ້ຄືຮູຂີ້ນິໃສ່ເບີສົ່ງລະຫັດມາ ແລ້ວ ລະບົບຂັດຂ້ອງ ມີປັນຍາແຕ່ຊ່ໍານີ້ຕິ,0
ສະດວກສະບາຍໃນການໃຊ້ຈ່າຍສໍາລະສິນຄ້າ,1
ຂອບໃຈເພື້ອນໆ,1
ສຸ່ມ ilucky ແຊຣ໌ໄປເຟສບຸກບໍ່ໄດ້ແກ້ໄຂ່ແດ່ ດ່ວນໆ,0
ໄຫມ່ລ່າສຸດ,1
"ດີດີ,",1
ມີການບໍລິສັດນີ້,1
ຄັກຂະຫນາດ!,1
ໃຊ້ດີສະດວກຫຼາຍ,1
ດີກວ່າ,1
ໂດນໃຈ,1
ເສຍດາຍບໍ່ມີເພງໃຫ້,0
ສຸກຢອດ,1
ທີ່ຜ່ານມາດີຫລາຍ,1
ສະດວກສະບາຍດີ ການໃຊ້ງານ,1
ແອບນີ້ດີຈີງເດີໃຊ້ງ່າຍໂຫລດເລືຍ ເລກແນະນໍາ90406604,1
ສໍາລັບຄົນລາວໃຊ້ດີເອົາໄປ5ດາວ,1
ອັບເດດມາລະໃຊ້ບໍໄດ້ແມ່ນແນວໃດນໍ,0
ເອົາເກມອັນນັ້ນອອກແລະບໍ່ຮູ້ຊິກາເງີນທາງໃດ ຄັນບໍ່ເອົາອອກຊິຊວນຫມູ່ມາຫລິ້ນຫລາຍໆ,0
ບໍ່ໃຫ້ເລີຍໄດ້ນະຄືບໍ່ເຂົ້າໃຈແຮງເປັນຫຍັງແຊັດຈື່ງສົ່ງຊ້າລາງເທື່ອກະສົ່ງບໍ່ອອກຊໍາ້ທັ້ງໆທີ່ເນັດກະມີບໍ່ເຂົ້າໃຈແຮງຕອບແນ່ເດີ,0
ເບິ່ງນັ້ງບໍ່ໄດ້ສໍາ,0
ໄສ່ດິ,1
ຢາກລອງໃຊ້ເບິ່ງຄິດວ່າຄົງດີ,1
ເຟກຫລີ້ນເກົ່າຫລີ້ນບໍ່ໃດ້,1
ໃຊ້ດີໃຊ້ງ່າຍ,1
ແອບບໍ່ຄ່ອຍດີ,0
ໃຊ້ດີໃນການຊື່ສານຫາຫມູ່ເພື່ອນງາຍດີ,1
ຮາ່,1
ແບບດີໆ,1
ເປັນແອັບພິເຄຊັ້ນທີ້ດີຫລາຍ,1
ຊ້ອບ,1
ມັນຄືບອກວ່າກະລຸນາເຊື່ອມຕໍ່ອິນເຕີເນັດ ທັງທີ່ມີອິນເຕີເນັດຢູ່,1
ເປັນແອັບທີ່ດີທີ່ສຸດເທົ່າທີ່ຂ້ອຍເຄີຍຫລີ້ນມາ,1
ຍອດໄປເລີຍ,1
ຖອນເງີນເງີນອອກຈາກບັນຊີພັດບໍ່ອອກຈາກຕູ້5ມື້ແລ້ວກະຍັງບໍ່ທັນໄດ້ແຊັດຫາເບີໂຕຍູ່ຕູ້ກະຕອບແຕ່ມື້ດຽວແລ້ວກະມິດສິບອກວ່ານໍາໄດ້ນໍາບໍ່ໄດ້ກະບໍ່ບອກ ກົດຍູ່ຫນ້າໂຮງງານເບຍປາກເຊ,0
ນໄຈດ,1
ລາກ່ອນ ເດີ ບໍ່ໄຊ້ລ່ະ ແຕ່ກ່ອນໄຊ້ດີ ຫມຸ່ນວົງລໍ້ທຸກມື້ແຕ່ດຽວນີ້ເພິ້ນປັບບໍ່ແຈກຫ່າຍັງແລ້ວ.,0
ເຂົ້າລະບົບບໍ່ໄດ້ເດີ ປັບປຸງແນ່ເຈົ້າ,0
ຕັງມິດເຊນເຈີ,1
ຂໍພະແນນງານຊ່ວຍແກ້ໄຂແດເປັນຫຍັງbcel oneຂອງເຮົາເຂົ້າໄປບໍ່ໄດ້ລະ,1
ໂຈກເຢນ,1
ລົງທະບຽນເບິ,1
ບໍ່ເປັນຕາສະແຕ່ກ,0
ດີຫລາຍ ດີຫລາຍ,1
ອະໄຣ,1
ການຈັດຕັ້ງປະຕິບັດວຽກງານວິຊາສະເພາະຂອງຕົນຢ່າງເປັນທາງການແລ້ວຈະເຫັນວ່າທ່ານຈະຕ້ອງເຮັດທຸກພາກສ່ວນໃນສັງຄົມລາວ,1
ດິໃຈ,1
ລົງທະບຽນບໍ່ໄດ້ມີແຕ່ເດັ້ງອອກແກ້ໄຂດ່ວນ,0
ໃຫ້ດາວແລ້ວເດີ້ກະລຸນາປັບໃຫ້ໃຊ້ງານດີກອນນີ້ຫນ່ອຍນະຄະ,1
ສ່ໍານີ້ກໍເກີນລະ ປັດຈຸບັນນີ້ແຮງບໍ່ເປັນຕາສະແຕກ,0
ພະນັກງານພິມບິນຜິດໃຫ້ຕະຫລອດປັບປຸງພະນັກງານແນ່ ຄ່າຂົນສົ່ງກະແພງ ຊິມອັນດຽວນ້ືຍກະໄລ່ລາຄາຊໍ່າກັບເຄື່ອງຖົງ1,0
ສາມາດເຮັດຖຸລະໄດ້,1
ທິບພະເກສອນ,1
ໂອເຄຢູ່ໃດ,1
ຂໍ້ຄວາມບໍ່ແຈ້ງເຕືອນແກ້ດ່ວນ,0
noyຄົນເດີມດິນ ຄົນເຫງ້າ,1
ແອດ,1
ທ້າວບູນມີໄຊຍະສິດ,1
ໄດ້ແມ່,1
ແອັບດີແຕ່ອັດເດດດຸໂພດທິດລະ3ເທື່ອເວີຍ,0
ເປັນຫຍັງຄືເອົາແພັກເກດ 10.000ກີບໄດ້ດາຕ້າ5000mbອອກ ເຮົາໃຊ້ແພັກເກດນີ້ປະຈໍາແຕ່ຕອນນີ້ບໍ່ມີແລ້ວໄດ້ແຕ່ຕັ້ງເປັນ209 33,0
ນອ້ງດາວສາວຜູ້ໄທ,1
ຢາກໃຫ້ຄຸນທໍາດີຫລາຍກວ່ານີ້ອິກ,1
ລົງຖະປຽນບໍ່ໄດ້,0
ທໍາດາ,1
"ມີປະໂຫຍດຫລາຍໆ, ວ່ອງໄວແລະມີຕົວເລືອກໃຫ້ໄດ້ຫລິ້ນໄປນໍາ.",1
ໃຊ້ດີມັກຫຼາຍ,1
ໂຫລດມາລະເຂົ້າບໍ່ໄດ້ຄ້າງໂຈໂລ່ຢູ່,0
ໄດດ,1
ຄອບຄົວສໍາຄັນທີສຸດ,1
ເຟດຖືກປະດກັ້ນການເບີ່ງເຫັນຕະຫລອດເຫັນໂພດເກົ່າຊ້ໍາຕະຫລອດທຸກມື້ ຊ່ວຍປົດການປິດກັ້ນໃຫ້ແນ່ນາ,0
ສະມັກບໍ່ໄດ້,0
ສະດວກສະບາຍແລະປະຢັດໄດ້ຫລາຍຂື້ນ,1
ໄພຟຄູໍາຈະ ຮິຂ,1
ສຸດຍອດດີກລາຍ,1
ເຮັດແອັບອອກມາລົງທະບຽນເບີເອກກະສານກອກຄົບເບີດພັດວ່າເອກກະສານບໍ່ຄົບຫຍຸ່ງຍາກຫລັກ9ຍັງບໍ່ເຫັນສິລົງຍາກປານນິ,0
ສວາດໍານ່ດນໍານດ,1
ຄໍາໄລຄນທີຄອຍມີຄນທີຮກຈີງຍູ່ເດີ,1
ສາຍໂສດ,1
ໃຈນີ,1
ດີສຸດສຸດ,1
ດີຢູ່ແຕ່ເສຍຄ່າໂອນ,1
ປັບປຸງທຸກຢ່າງເດີ ລົງທະບຽນເບີນີ້ ຍາກປານລີ້ນເຄື່ອງຄິດເລກຊ້າໂພດ,0
ບອກຕົວເອງວ່າອົດທົນ,1
ເລີດຄໍາເວົ້າ ດີ,1
ປ່າເຈ້ຍກູຮັກເຈົ້າ,1
ດ່ຕະ,1
ຫນ້າຮັກດີ,1
ຍັງໃມຂ້ອຍຈະດີ,1
ໃຊ້ໄດ້ດີຫຼາຍໆ,1
ຄືມຶງເປັນເຫ້ຍຫຍັງ ແບບອັບເດດກະບໍ່ໄດ້,0
ດີທີ່ສຸດດີທີ່ສຸດ,1
ຂອບໃຈທີມີແອັບດີໆແບບ,1
ຢູ່ດີໆແອັບກະເຂົ້າບໍ່ໄດ້ບວກກັບໃສ່ເບີໃສ່ຫຍັງກະຖືກລະມັນກະຍັງບອກວ່າຜິດ,0
ເປັນອີກທາງຫນື່ງທີ່ສະດວກສະບາຍໃນການ ສືສານ,1
ຂໍເລກ6ໂຕເດຕະຫຼາດພະຍານາກ,1
ດີທຸກຢ່າງພຽງແຕ່ບໍ່ມີຄົນແຊັດນໍາຊື່ໆ,1
ເລ້ຄົນຈິງໃຈ,1
ໃຊ້ງາຍຂື້ນ,1
ມັກຫລາຍມີຫຍັງຢູ່ໃສເຮົາກະຮູ້ມີຫຍັງເຮົາກະໂພດລົງເຟດສຸດຢອດເລີຍ,1
ຜູ້ສາວບໍ່ທັກມາຈັກເພ່ຍ,0
ເຂົ້າບໍ່ໄດ້ເດັ່ງອອກຕະຫລອດ ຊ່ວຍປັບປຸງແດ່,0
bcelone ທີມງານບ້ານເຈົ້າຫນອງຊະເພົາຄໍາ,1
ຂ້ອຍເຂົ້າໃຈ,1
ແສງຄາ,1
ສຸດຍອດ ໃຊສະດວກສະບາຍ ພັດທະນາຕໍໆໄປເດີ,1
ບໍ່ປະທັບໃຈເລີຍ,0
ຫລີ້ນດີ ມີປະໂຫຍດຫລາຍຢ່າງ,1
ໃຊ້ການໄດ້ດີແລ້ວ,1
ພໍດີໃຊ້,1
ຂ້ອຍຄິດວ່າຂ້ອຍບໍ່ຢາກຈົນແຕ່ກິຫຼີກບໍ່ໄດ້.okບໍເປັນຫຍັງ. iloveເພືອນທູກຄົນ,1
ໂດ່ສະແມັດ,1
ແອບນິ້ຊ່ວຍໄດ້ຫລາຍສະດວກສະບາຍບໍ່ຖ້າໄປຮອດສູນກໍສາມາດລົງທະບຽນໄດ້,1
ດິຫມາກ,1
ຊື້ເລກແລ້ວແອັບເດັ້ງອອກເຂົ້າບໍ່ໄດ້ເລີຍຊື້ເລກເສຍເງີນລະລ້າເປັນແນວນີ,0
ໄມຫນນັ້,1
ແອັບນີ້ໃຊ້ດີຫຼລາຍ,1
ເປັນເມືອງ,1
ຊອບໂທຟີຮ,1
ທໍາງານດີມາກ,1
ດີ ຄັກ,1
ລະບົບເຂົ້າຍາກຫຼາຍເຂົ້າໄປແລ້ວມັກເດັ້ງຄືນ ແລະ ເຂົ້າກວດການເຄື່ອນໄຫວເຂົ້າບໍ່ໄດ້ ປັບປຸງດ່ວນ,0
ອອຍໆງາມແທ້,1
ຂເວາ້ພຍດ,1
ໃຫ້1ດາວໄປກ່ອນເພາະ ອັບເດດໃຫມ່ແຊ່ບໍ່ໄດ້ຊ່ວຍແກ້ໄຂແດ່ເດີ ຖ້າຊ່ວຍແກ້ໄຂຈະດີຫຼາຍ,0
ຍາກສື່ສານກັບສູນfacebook ແນວໃດ,1
ເຂົ້າbcel one ບໍໄດ້ເລີຍ,0
ໄມ່ດີເລີຍແຕ່ກະເອົ້າໄປເລີຍ5ດາວ,1
ສະບາຍໃນຊໍາລະຄ່າສິງຄ້າຕ່າງໆ,1
ໃຊ້ບໍ່ໄດ້ເລີຍຍຸງຍາກ,0
ມັກຊຸດໆຫລິນແອັບ,1
ບັນຊີຖືກລັອກເຮັດແນວໃດ ບໍ່ໄດ້ເຂົ້າມື້ດຽວ,0
ຄວນກວດກາເບີ່ງຮ້ານອານຫານທີ່ເຂົ້າຮ່ວມວ່າໄດ້ມາດຕາຖານຫລືບໍ,1
ຄິດຮອດແມ່ຫລາຍ,1
ຊີວິດເປັນຂອງເຮົາທໍາດີທີສຸດແລ້ວ,1
ຂໍ່ໃຫ້ຫຼານສະດວກ,1
ຮ້ອງລົດຢາກໂພດ,0
ສະຫນຸກດີ,1
ມັກດີຫລາຍພັດທະນາຕໍ່ໄປສູ້ໆ,1
ສະດວກສະບາຍທັນໃຈດີ,1
ສະດວກສະບາຍພັດທະນາຕໍ່ໄປເດີ,1
ແກ້່ວີເດ່ນຮະເຮນ,1
ໃຊ້ດີແຮງໆມັກກ,1
ຂອ້ຍບໍ່ມີປະສົບການໃດໆທັງສິນແຕ່ຂອ້ຍເຫັນລິນແລ້ວລວຍຂອ້ຍກໍ່ຢາກລວຍແບບຄົນອືນເຂົ້າເອກ1ຄົນທີ່ຢາກລວຍ,1
ທ້າວແມນ,1
ໃຊ້ດີມາກຂອບໃຈ,1
ແອບຮູຂີ້,0
ແອັບດີໆ,1
ຊື້ເລກຍາກຫລາຍ,0
ໂຄສະນາຫລາຍເກີນໄປເບີ່ງຄິຣບກະມີແຕ່ໂຄສະນາກະລຸນາແກ້ໄຂຂໍ້ນີ້ແນ່,0
ຟັງເພງ ອັບເດດສາທານະ ໂຄດແມ້ ປິດແອັບໄປເຍີ,0
ຄໍາເພັດປະກາງ,1
ຂໍໄຫ້ຕິດຕັງໃດ້,1
ໃຊ້ບໍ່ໄດ້ໂທບໍ່ໄດແຊັດບໍ່ໄດ້,0
ເປັນຫຍັງແອັບໄຊ້ບໍ່ໄດ້,0
ຖ້າມາສາມວັນຍັງບໍ່ອະນຸມັດຊ້າຊິບຫາຍແລະເຈີແຕ່ບັກ,0
ລົບຕະຫຼອດຕິດຕັ້ງຕະຫຼອດມັນເປັນກຍັງຄືເປັນແນວນີ້ ຖ້າບໍ່ຈື່ອີເມວກໍຕາຍຕິແບບນີ້,0
ຢໄຟໄວ້ແຕ່ຢຢໄຟ,0
ຍິນດີທຸກຢ່າງກັບຄວາມທີ່ເປັນໄປຂອບໃຈ,1
ບໍ່ມີຫັຍງ,1
ຍງມເລີຍ,1
ຊວ່ຍເຫລືອ,1
ຢາກມີລູກຫລີນຫຼາຍກວ່ານີ,1
ແອບຂີກາກປັນຍາອອນມັນລອກໄຫ້ໂລດຊື່ໆບໍມີຫຍັງດີອັນຊໍາລະຜ່ານຄະແນນກາສໍາລະບໍໃດໃຜສິກາໂອນເງິນແທ້ໃຜຢາກໂລດສູ້ບໍຕ້ອງໂລດແອບຂີກາກ,0
ບໍ່ເປັນຕາຊາຊາດ,0
ຍ້ນໍາເນ່ຂ້ສໍາວ້ບ ລາວບົດຂຽນ,1
28203665 ໃສ່ໂຄສນີ້ເລີຍ,1
ສາວມົ້ງ,1
ອັບເດດໃຫມ່ໃຊ້ຍາກກວ່າເກົ່າ,0
ຂໍເດ,1
ຢອດຢງ້ມ,1
ປດເຖີນສພ,1
ສະດວກສະບາຍ ດີເລີດ,1
ເຮົາວ່າ ຖ້າມັນໂອນໄປທະນາຄານອື່ນໄດ້ ມັນຄົງຈະສົມບູນຫລາຍ ກວ່າເກົ່າ. ນັກພັດທະນາອາດເຮັດໃຫ້ໄດ້ໃນອານາຄົດ.,1
ສັນຊອບສິ່ງນີ້ມາ,1
ດິທິສູດໂອເຄ,1
ກໍ່ໄຄແນ່,1
ແອບກາກ,0
ໄດ້ເນັດດແດ່,1
ເຫັນດີນໍາ,1
ໂທພຣີ,1
ຍົກເລີກແພັກເກດໃນເກມບໍ່ໄດ້ຖືກຕັດເງິນໄປເທື່ອລະນ້ອຍຕະຫຼອດ ຢູ່ຊຶຊື່ກະຕັດ,0
ເຟສບຸກຫລິ້ນໄດ້ດີ,1
ຄັກຫລາຍ ດີ,1
ຂອບໃຈເຈົ້າຂອງພັທນາແອບເດີ,1
ຫວຍລາວ,1
ໃຊ້ງານໄດ້ຜົນອີຫລີລູກຂ້ອຍຮັນມາຮຽນຫລາຍກວ່າຫລີນໂທລະສັບເດ ດີໆ,1
ສະບາຍສະບາຍ,1
ກູໂຄດເທມ,0
ຢູ່ໄນລະວ່າງທົດລອງໃຊ້ງານ ເລີ່ມໄຊ້ງານ,1
ສະມັກບໍ່ໄດ້ມັນບອກວ່າເກີດຂໍ້ຂັດຂ້ອງ,0
ດີຂື້ນເລື້ອຍໆ ຊົມເຊີຍ jdb,1
ກົດແລ້ວ,1
ໂສຈຣາໂສດ,1
ຖືກໃຈຫລາຍທີສະດອກສະບາຍທຸກຍາງ,1
ອືຫ້ຮືຜດຶອຶຖຫຶ,1
ເພຶ້ມໄປທີ່ວາ່ງ,1
ໄຊ້ດີສັນຍານດີຢຽມ,1
ຢາກໄດ້ປຸ່ມຫ່ວງໄຍ,1
"ຊີເຊົາກະເຊົາທິດຫນື່ງແລ້ວມັກໃຫ້ອັບເດດຫັ້ນ ຂ້ອຍຂີ້ຄ້ານນໍາອັບ,ຖ້າບໍ່ອັບກະຫລີ້ນຫມູນເອົາດາຕ້າບໍ່ໄດ້",0
ຢາກໃຫ້ປັບປຸ່ງເລກສຸ່ມໃຫ້ແນ່ ຢາກໃຫ້ປັບປຸ່ງຄືເຄື່ອງຂາຍເລກ ຕົວຢ່າງ ຢາກໄດ້ເລກສຸ່ມທ້າຍ 30 ແນວລະພັນກີບ ກະຢາກໃຫ້ສຸ່ມທ້າຍ 30 ຫມົດ ຈົນຄົບ 12 ພັນກີບ ຂອບໃຈ ປັບປຸງເພີມເຕີມແນ່ ໃຫ້ມີເລກນາມສັດແດ່ ຂອບໃຈ,0
ເຮ່,1
ດີມາດ,1
ໃຊ້ໄດ້ມີປະໂຫຍກຕໍ່ທາງອອ່ນໄລທາງໄກ,1
ຫຼີ້ນສະດວກ ແຕ່ບໍ່ສາມາດຄົ້ນຫາ whatsapp web ໄດ້ຕະຫຼອດ,1
ນີຊົ່ງ,1
ສິລາ,1
ແອບລາວກາກ,0
ແກ່,1
ຄ່ະຫນູຢາກລັ່ນເຟສ,1
ດໍາເນີນຕໍ່,1
ຍເ0ເອອິນເດຍາແຮກວໍາທອນສິດ,1
ລີລາດີ,1
net ກາກກຄັກ,0
ເຂົ້າໃຊ້,1
ຮັກ.,1
ຂໍຖາມແນ່ເບີ່ງຜົນຫວຍເລກນາມສັດຢູ່ໃສເຈົ້າກົດເຂົ້າໂຕໃດ,0
ເຈັບທອ້ງ,1
ຕັ້ງຄືນ,1
ຜົນຜະລິດ,1
ເປັນຫັຍງໃຊ້ໄມ່ໃດ້ເລຍ,1
okດີມາກຈຮາ,1
ທາອາແປງ,1
ທັງຫມົດສໍາລັບຊາວ,1
ແອັບດີຫລາຍຍ ດີກວ່າອານຸສິດອີກ,1
ດີເລີຍຊຶ້ຫວຍບໍຖຶກບໍຖຶກກະໄດ້ເງີນຄຶນ 5 ນີ້ລະຫັດແນະນໍາເດີ່ 46306358,1
ລາເນີ,1
ລັອກອິນບໍ່ໄດ້ໃຫ້ກວດສອບວັນທີໃນໂທລະສັບທັງທີ່ມັນກະຖືກແລ້ວ,0
"ຂໍຝາກເຖິງຜູ້ພັດທະນາແອັບນີ້ຊ່ວຍອ່ານແດ່ ຢາກໃຫ້ທາງທະນາຄານພັດທະນາຕື່ມອີກເຊັ່ນ ຢາກໃຫ້ຮ່ວມມືກັບເຄືອຄ່າຍມືຖືຕົວຢ່າງ ເວລັອກອິນເຂົ້າໃຊ້ແອັບ ຫຼື ທໍາທຸລະກໍາຕ່າງໆພາຍໃນແອັບໂດຍບໍ່ຈໍາເປັນຕ້ອງໃຊ້ສັນຍານເນັດຖ້າມີພຽງແຕ່ສັນຍານໂທລະສັບກໍ່ຢາກໃຫ້ສາມາດທໍາທຸລະກໍາທາງການເງິນໄດ້ ເພາະວ່າບາງເວລາເງິນຢູ່ກະເປົາກະຫມົດ ເງິນດາຕ້າເນັດກະຫມົດ,ມີແຕ່ເງິນຢູ່ໃນບັນຊີແຕ່ວ່າຢູ່ໄກທະນາຄານ ແລະຕູ້ເອທີເອັມ ຕອນນີ້ແມ່ນບໍສາມາດເຕີມເງິນໄດ້ຢາກຈ່າຍຄ່ານັ້ນຄ່ານີ່ກະຍາກສ່ໍາກັນກັບຄົນບໍ່ມີເງິນ. ດັ່ງນັ້ນຂ້າພະເຈົ້າຢາກຝາກໄວ້ໃຫ້ພິຈາລະນາໃນຈຸດນີ້ໃຫ້ສາມາດເຮັດໄດ້ຄືກັນກັບເຟສບຸກທີ່ບໍ່ມີດາຕ້າເນັດກໍ່ຍັງສາມາດແຊດໄດ້. ຖ້າເຮັດໄດ້ມັນຄົງຈະສ້າງຄວາມສະດວກສະບາຍຕື່ມອີກສົມກັບຍຸກ4.0ຊິກ້າວເຂົ້າຍຸກ5.0",1
ມີປັນຫາຕະຫຼອດທະນາຄານຫ່ານິນາໂລເປັນໂລ,0
ໃຫ້ສ່ວນຫຼຸດແຕ່ໃຊ້ບໍ່ໄດ້ ໃຫ້ເຫດຜົນວ່າສະເພາະລູກຄ້າທີ່ໄດ້ຮັບສິດ ລະຈະໂຊຂຶ້ນມາເພື່ອຫຍັງ ຖ້າໃຊ້ບໍ່ໄດ້,0
ເຄີຍໃຊ້ແລ້ວດີຫລາຍ ໄດ້ປະໂຫຍດຫລາຍຢ່າງ,1
ຝາກຖືກບໍລິສັດ ແນ່ສາຂາສາມຫລ່ຽມຄໍາຕົ້ນເຜີ້ງບໍລິການຫວຍແຕກປານໃດ ບັກຮຸງອາລຸນເອີຍບອກພະນັກງານມືງແນ່,0
ແອບນີ້ໂອນງ່າຍຈ່າຍສະດວກ,1
ດີໃຊ້ງ່າຍ,1
ດີຫລາຍເດ,1
ການປະຈົນໄພ,1
ຮັນ,1
ໃຊ້ບໍ່ໄດ້ ຫຍຸ້ງຍາກສຸດ,0
ດົມນອ້ງ ບັກຊຸງປາປະສາຍນໍາ້ກຶນ,1
ຫນ້າຈະດີນະ,1
ເລີ້ມດີຂຶ້ນແລ້ວ ເຂົ້າລະບົບດ້ວຍສະແກນນິ້ວມືໄດ້ລະເປັນກໍາລັງໃຈໃຫ້ນັກພັດທະນາເລື້ອຍໆເດີ້,1
ເຟສບຸກເຮັດໃຫ້ຊີວິດບໍ່ເຫງົາ ໄດ້ເຫັນໃນສີ່ງທີ່ບໍ່ເຫັນ,1
ຫິວ,1
ສະດ່ວນວ່ອງໄວທັນໃຈ,1
ອັບເດດກະບໍ່ດີຂື້ນເລີ່ຍ,0
ດີທີ່ສຸດຕໍ່ໃຈ,1
ດີແລະສະດວກຕໍ່ການຄ້າຂາຍ,1
ຮັຄູຖະ,1
ມະນູດສາຍຄໍາ 90,1
ບໍດີຄື unitel ບໍຢສກໃຊ້ມັນແລ້ວ,0
ຄວາມບ້າຄັ້ງ,1
ຂໍເນັດພີ,1
ດີແລ້ວທີໄມ່ທິ້ງກັນ,1
ສາຍແດກ,1
ຄນົຈນົ,1
ຢາກດັງວ່າ55,1
ຄັກອະຫລີ,1
ມັກຫຼາຍເພາະວ່າສະດວກສະບາຍ,1
ເຮ້ຍເກີນໃສ່ໂອທີພີແລ້ວເຂົ້າບໍ່ໄດ້,0
ໄຊດີຫມາກ,1
ເອີ້ນຍາກໂພດ,0
ແອັບລາວເນົ່າໆບໍ່ເປັນຕາສະແຕກ,0
ກະພໍໃຊ້ໄດ້.,1
ໄຊ້ດີ,1
ສ່ບ,1
ໃຊ້ດີຫຼາຍດີທີ່ສຸດເລີຍດີໃຈທີໄດ້ໃຊ້,1
ໄຊ້ດີມີປະໂຫຍດຫລາກຫລາຍ,1
ໂລດບໍ່ໃດ້,0
ແນັ,1
ແລມເລີ,1
ກນຮໍາທື,1
ນາງຕາມົວ,1
ກາກເອາອອກຈາກເພສະໂຕສາຢ່າມາຕົວະຄົນອື່ນໂຫບດ,0
ສະໂລ້ສະບາຍ,1
ຖ້າສາມາດເຕີມເງິນເຂົ້່າເອງໄດ້ແຮງດີ,1
ອັບເດດຕະຫຼອດຕິດຕັ້ງກະຊ້າ,0
ແອັບກາກເກີນປານນັ້ນຂີ້ໂມ້ວ່າງ່າຍກາກໆໆ,0
ບໍ່ມັກບັງຄັບໃຫ້ອັບເກຣດເດີ ບໍ່ມັກຮູບແບບໃຫມ່ພ້ອມ ແອັບບໍດີຍັງບັງຄັບໃຫ້ອັບເກຣດຄັນບໍອັບເກຣດກະບໍ່ໄຫ້ເຂົ້າຈັກຫນ່ອຍກູລົບຖິ້ມແລະແລ້ວໃດບໍ່ຍາກເດີ,0
ແອັບໂຫລດຊ້າແຮງບໍມີປະໂຫຍດຫຍັງເລີຍ,0
ແອັບນີ້ດີຫຼາຍ ໄດ້ເງິນເປັນແສນຍ້ອນແອັບນີ້,1
ໄດ້ອັບເດດທຸກເທື່ອກ່ອນຈະເຂົ້າສູ່ລະບົບ,0
ຈູດຖິ້ມຊາຄັນກາກປານນີ້ກະດາຍເຂົ້າລະກະເດັ້ງອອກ,0
ແຊຣ໌ໃຫ້ຫມູ່ຄືບໍເຫັນໃຫ້ເນັດເລີຍ ຫມູ່ຄັ້ງແລ້ວຈະບໍ່ໃຫ້ເຮັດຄືກັນ ຕົວະກັນຫວານິ,0
ດີລະ,1
ຖຸຍ,0
ສູດຍອດກຽວກັບເກມນີ້,1
ເປັນສວນຕົວດີ,1
ປອດໄພວອງໄວດີ,1
ມັກຫລີ້ນຢູ່ສະບາຍ,1
ບໍ່ຄອ່ຍໃຊ້ດີປານໃດ ຫ້ນາຈໍບໍ່ໂຊສົມບູນ,0
ທ່ານສີ,1
ຫລິ່ນຫຍັງບໍ່ໄດ້ເລີຍເຂົ້າເຕິມເງິນກະມີແຕ່ອອກຈາກຈາກແອັບເອງລອງເຂົ້າຫລິ່ນເກມມັນກະບໍ່ໃຫ້ຫລິ່ນ ຫລິ່ນບໍ່ໄດ້ກະລົບແລ້ວຖ້າຫຍັງ,0
ເຮົາເພີ່ມເຕີມບັດ ຄຄຄ,1
ພັກນັກງານບໍລິການດີ,1
ຢາກໄຊ້,1
ດີຫຼາຍພັດທະນາຕໍ່ໃປ,1
ເປັນແອັບທີ່ດີຫລາຍສາມາດຕອບໂຈດໄດ້ຫລາຍຢ່າງໃນການເຮັດທຸລະກໍາຄວນແກ່ໃນການໄວ້ວາງໃຈ ທສກ,1
ເຮັດມາແອັບມາເພືອຫຍັງ ໃນເມືອແອັບມັນໃຊ້ບໍ່ໄດ້ ບໍ່ມີການປັບປຸງ ບໍ່ມີການພັດທະນາ ລ້າຫລັງຫລາຍ,0
ເອົາເງິນເຂົ້າຍາກ,0
ຄິດເຖິງໄຄຢູຸ,1
ພະນັກງານຕອບຄືບ້ານຈະ ໂຄ້ດຮ່ວຍແຕກເລີຍ,0
ໂອນງ່າຍ ສະດວກ ວ່ອງໄວທັນໃຈ ມີເກມໃຫ້ຫລີ້ນລຸ້ນຮັບລາງວັນນໍາອີກ,1
ຍອດຄວາມປອດໄພເປັນດີ,1
ແອປໂຫລດຊ້າຫລາຍຫວ່ຍແຕກເຊີນປັບປຸງແດ່ ສິຈ່າຍຫຍັງວ່າຊັ້ນໂຫລດເປັນຊົ່ວໂມງຍືນຖ້າຈົນອາຍ.,0
ວທືສວ,1
whatsapp messenger ດີຫລາຍ ຂອ້ຍມັກຫລາຍ,1
ເຂົ້າລົງທະບຽນທາງ bcel one ບໍ່ໄດ້ເປັນຍັງນິ,0
okສຸດຍອດເຊື່ອຖືໄດ້,1
ຂວຍ້ເຄີຍມີຄົນຮັກແຕ່ຕອງັຈາກກັນໄປ. ຍອັຍຂວັຍບ່ດີ ສໍາລັບເຂົາ. ຫືຍອັຍວາ່ເຂົາມີຄົນໃຫນ່.,1
ດີ ໃຊ້ງ່າຍ,1
ແອັບໂຊກໄຊຂີ້ຕົວະ ວ່າຊື້ຫວຍ ໄດ້ 10 ຂອງມູນຄ່າທັງຫມົດ. ຊື້ໄດ້ຫຼາຍເດືອນບໍ່ເຫັນຊີ່ໄດ້.,0
ເປັນຫຍັງເວລາທີ່ມີຄົນແຊັດເຂົ້າມາຄຶີບໍ່ມີການແຈ້ງເຕຶີ່ອນຫຍັງ ຄັນບໍ່ເຂົ້າໄປເບິ່ງຢູ່ແອັບຫລະແມ່ນບໍ່ຮູ້ວ່າໃຜໆແຊັດມາ ເຂົ້າໄປເບິ່ງກ່ອນຊິຮູ້ວ່າມີຄົນແຊັດມາ ຫຶີຼ ບໍ່ແຊັດ ປ່ຽນແນ່ເດີ,0
ຫມຸນໄດ້ແຕ່ຮອບດຽວຊ່ວຍແກ້ໄຂດ່ວນ ແຕ່ເກົ່າດີກວ່າ ແກ້ໄຂ ຟັງເພງຜ່ານkeengບໍ່ໄດ້ ແກ້ໄຂດ່ວນໆ,0
ໃຫ້ຄມາວສະດອກສະບາຍໃຫ້ສໍາລບຂອ້ຍ,1
ດີຫລາຍເຟສບຸກ,1
ໃຊ້ງ່າຍໃຊ້ດີມາກບໍ່ວ່າຈະເປັນການໂທຫລືສົ່ງຂໍ້ຄວາມກໍດີມາກໆໂອເຄ,1
ດີຫລາຍສະດວກ,1
ດີຕະລອດ,1
ເປັນຫຍັງຈິງຕັ້ງບໍ່ໄດ້,0
ຄືຊື້ຜ່ານເຕີມມູນຄ່າໂທບໍ່ໃດ້,0
ໃຫ້ກໍາລັງໃຈທຸກທ່ານເດີ ມາຈາປໍຕືລາວມາ,1
ຂໍໃຫ້ແກ້ໄຂໃຫ້ຂ້ອຍແດ່ກັບຄືນດາວໂຫຼດມາຫີ້ຼນໄດ້ປົກກະຕິ,1
ຢາກໄດ້ເຄື່ອງ,1
ການສົ່ງສີນຄ້າ ບໍລິການລູກຄ້າ ທາງບັນຊີ ແລະ ຈຸດທີ່ຕັ້ງ ແຕ່ລະສະຖານທີ່ ໃຊ້ສະດວກໄດ້ຫຼາຍດ້ານ,1
ໄປທະນາຄານກັບມາ ແອບຍັງເຂົ້າບໍ່ໄດ້ຢູ່,0
ຢາກແຊັດເປັນພາສາອັງກິດພໍ,1
ກະໂອເຄ,1
ຂໍພື້ນທີ່ຫຼາຍໆແນ່,1
ກູຊັງມືງກູເຂົ້າບໍໄດ້ແກ້ດ່ວນໄວໆfcປາກຫ້ວຍເດືອ,0
ນເສສ,1
ຈັກເປັຮຫຍັງລົງທະເບີຍນຄືສິໃຊ້ເອກກະສານລະມັນເດ້ງອອກແອປແກ້ໃຫ້ແນ່,0
ຈັ່ງແມ່ນໂພດໂພມີເງິນກະໃຊ້ບໍ່ໄດ້,0
ໄຊຫມັກ,1
ກິນເງິນຫລາຍໂພດ,0
ຢາກໃຫ້ປັບປຸງລະບົບຮັກສາຄວາມປອດໄຟຕື່ມ ໃຊ້ໄປລະເດັ້ງຂືນເອງ,1
ເປັນບໍລິການທີ່ດີທີສຸດ ສະດວກສະບາຍ,1
ຕັ້ງໄຫ້ມັນໍາດ້,1
ໃຊ້ໄດ້ດີຫລາຍ,1
ເນັດກະຊ້າ ເຮັດຫຍັງກະບໍ່ໄດ້ ພໍປັບປຸງລະເດີ້,0
ມັກຟັງເພັງ,1
ສະດວກສະບາຍໂອນງາຍໂອນໄວທັນໃຈ,1
ເຮົາຈະເຂົາແນວໃດແດ່,1
ໄຊ້ງ່າຍ ດີຫຼາຍ ຢາກໃຫ້ລອງມາໄຊ້ເບິ່ງ ດີອີຫຼີເດີ,1
ຂອບໃຈທີ່ມີຟູດແພັນດ້າໃຫ້ໃຊ້ບໍລິການ,1
ດີຫຼາຍ ຂ້ອຍມັກ,1
ເຂົ້າແອບບໍ່ໄດ້ປ້ອນເບີໂທໃສ່ແລ້ວແອບສົ່ງລະຫັດມາພໍປ້ອນລະຫັດເຂົ້າແລ້ວມັນໃຫ້ໃສ່ລະຫັດໃຫມ່ແລ້ວກົດບັນທຶກມັນວ່າລົ້ມເຫຼວຢາກໃຫ້ແກ້ໄຂແນ່,0
ດີຂື້ນນະດຽວນີ້,1
ນັບມື້ແຫ່ບໍ່ເປັນຕາເລັ້ນມີແຕບັນຫາ,0
ແອັບຯກາກຫລາຍ ເດັ່ງຕະຫຼອດ,0
ດີ ສະດວກບໍ່ຕ້ອງໄປສູນ,1
ແອັດໂຊກໄຊມີບັນຫາການເຂົ້າເຖີງໄດ້ຍາກຫລາຍສອງສາມມື້ນີ້ ແກ້ໄຂດ່ວນ,0
29640168 ໃຜໂຫຼດໄປແລ້ວ ລົບກວນໃສ່ໂຄ໊ດ ຂ ແນ່ເດີ້,1
ໃຊ້ງານງ່າຍ ປະມວນຜົນໄວ,1
ແຕ່ມ,1
ມັກ ສະດວກດີ,1
ເຂົ້າແອັບບໍ່ໄດ້ເປັນປີແລ້ວ,0
ດີຫລາຍຸ,1
ດີຫຼາຍວໍາແອບຖ້າຮາກຜູ້ຄົນຊ່າງໃຊ້ມັນ,1
ຫັດສະດີ,1
ຂອບໃຈດີໃຈຫລີ້ນໂທລະສັບບໍ່ເປັນປານໄດ,1
ຕືນເຕັ້ນຫລາຍ,1
ໃຊ້ໄດ້ດີແທ້5ດາວ,1
ປັບປຸງແນ່ເດີບໍ່ສົ່ງລະຫັດotp,0
ຕອນນີ້ແອັບມີບັນຫາຄື ອອກຈາກລະບົບບໍ່ໄດ້ເລີຍ,0
ໄດ້ດາຕ້າແນ່ສັ່ນຍາມໃດບໍໄດ້ຈັກເທືອ,0
ໄວສູດຫ່ວຍ,1
ຕິດຕັ້ງຍາກແທ້,0
ຮູ້ໄວ້ດີກວາ່ໄວ້ຮູ້,1
ລ໊ອກອີນ ເຂົ້າຊ່ອງແລ້ວ ເທື່ອສອງມາ ຍັງໄດ້ລ໊ອກຄືເກົ່າ,0
ໃຫ້ແຕ່1ດາວກອນເດີອົດເອົາເງີນເຈົ້າບັນຊີຈືງຊີເຕີມດາວໃຫ້ອີກ,0
ລອງຂອງໃຫມ່,1
ເຂົ້າແມສເຊັນເຈີ້ບໍ່ໄດ້ເລີຍ,0
ສັ່ງອາຫານຕັ້ງແຕ່ 19 45 .21 30 ຈຶ່ງໄດ້ກິນ ປັບປຸງແດ່ຊ້າໂພດຈົນນອນຫລັບປະ ເກືອບ2ຊົ່ວໂມງໂພດໂພລະແບບນິ,0
ສະດວກໃນການສົ່ງແລະການໂທ,1
ດີຂັກ,1
ແອັບເນົ່າໆຄືຂີ້ນີ້ແຕ່ກ່ອນຫລີ້ນງ່າຍດງວນີ້ຄືອີຫຍັງກະເຮັດດີໆແນ່ໃຫ້ຄົນນິຍົມໃຊ້ແນ່ເຮັດຍັງບໍຄິດ,0
ແອບສົນຕີນ,0
ຍຊລສາສວສສໃວງບໆບໆຮຍສຍ,1
ມີແອບແບບນີ້ດີຈິງໆ,1
ໃຊ້ງ່າຍຈົບໃນແອັບດຽວ,1
ແຕ່ອັບເດດມາໃຊ້ງານຍາກກວ່າເກົ່າ,0
ຢາກລີ່ນ,1
"ຍ້ຽມ,",1
ນໍາໃຊ້ວອດແອ້ບບໍ່ໄດ້ເຮັດແນວໃດ?,1
ເນັດຄວາຍໆໄປປັບປ່ຽນແນ່ ຕອນແລງໆມາຫລິ້ນເຫ້ຍຫຍັງກະບໍ່ໄດ້ 20 00ເນັດໂຄດກາກປັບປ່ຽນແນ່ ກູລ່ະສູນ,0
ຊ້າແຮງ ຄົນສົ່ງບໍ່ຮູ້ເສັ້ນທາງດີ,0
ຜູ້ໃຫ້ບໍ່ລິການໂຄດຫ່ວຍ,0
ໄປຕື່ມໃນແອັບທະນາຄານກະບໍ່ໄດ້ ໃຫ້ຢືນຢັນໂຕຕົນ ບັດໃສ່ຂໍ້ມຸນໄປຢືນຢັນໂຕຕົນເສືອກ ປະຕິເສດ,0
ໃບລານ ໃບສໍາຄັນວັນສະມາຊິກໃຫ້,1
ບໍ່ລິການດີປະທັບໃຈ,1
ສະບາຍໃຈກ່ຽວກັບວຽກງານ,1
ໃຫ້ດາວດຽວພໍເຂົາແຊ໋ດຫາແຕ່ຄົນອື່ນຜົວຕົວບໍ່ແຊ໋ດຫາພໍດາວດຽວພໍ,0
ຊື້ຫວຍອອນໄລ ສະດວກຮັບເງີນລາງວັນ,1
ໃຫ້ອັບເດດຕະຫຼອດທັງໆບໍ່ມີຫຍັງປຽ່ນແປງງຶດຫລາຍອັບເດດເພື່ອ,0
ດີໆໆຫລາຍ,1
okດີມາກ,1
ໃຊ້ງານດີຫລາຍ,1
ດີຫລາຍໃຊ້ງານສະດວກວ້ອງໄວທັນໃຈໃຫ້5ດາວເລີຍ,1
ດີຫຼາຍມັກແຮງ,1
ຢາກໄດ້ເລກບັນຊີແລະຄີວອາທີ່ສຸດ,1
ເຟສນີ້ດີແຮງ,1
ບໍ່ສະຖຽນເດີ ຢືນຢັນເບີຈັກເທື່ອກະບຊ່ຜ່ານ ລາວ ຫາສັ່ງອາຫານໄປ 3ນາທີ ຍົກເລີກບໍ່ໄດ້,0
ດີຫລາຍຖ້າໃຜຢາກໄດ້ເປີເຊັນໃສ່ລະຫັດນີ້ເລີຍ 41100757,1
ບໍ່ແນ່ລອງໂຫລດເບິງກອນ,0
ເປັນຫຍັງເວລາເຮົາຕອບຢູ່ດີໆແອັບມັກຄ້າງແບບວ່າອິນເຕີເນັດຂັດຂ້ອງແຕ່ສັນຍານປົກກະຕິຢູ່.ຢາກໃຫ້ທາງສູນຊ່ວຍປັບປຸງຕື່ມ,0
ຊິເຂົ້າແອັບຍາມໃດມີແຕ່ຖຫລດໃຫມ່ໂລດ.ຄືເປັນແບບນີ້ໂຫລດມາແລ້ວເຂ້າອີກຕີກັບ,0
ໃຫ້ຄະແນນ,1
ບໍລີການຜ່ານ ສປປລ ໄປຕ່າງປະເທດໄດ້ດີ,1
ຂໍໃຫ້ເນັດດີແນ່,1
ອັບເດດດຸແທ້ຊ້າແຮງໂອຍ,0
ແອປນີດີສູດໆ,1
ເປັນຍັງເວລາຂ້ອຍຄົ້ນຫາຈັ່ງບໍສະແດງຮູບທີ່ຂຽນ,0
ມັກການຫລີ້ນແອັບນີ້,1
ປັບປຸ່ງແດ່ເວລາໂຄດຍາກສະແກນຄິວອາລະພໍ,0
ສັນຮັກເຮວ,1
ຂ່າວລາວ,1
ໃຫ້ຄະແນນແອປນີ້,1
ຊ່ວຍແກ້ໄຂໃຫ້ເດ ເຕີມເງິນຊື້ຫວຍກະບໍ່ໄດ້ຄະແນນ ເລກແນະນໍາ41302769,0
ໃຊ້ດີມາກສະດວກມາກ,1
ຫມຸນເຊີນຫມູ່ຕິດຕັ້ງຈັ່ງຫມຸນໄດ້ອີກໄຜເປັນຄົນສະເຫນີຄວາມຄິດແບບນີ້ບອກຂ້ອຍແນ່ສູນ,0
ນາງແຫລະ ສີລີ,1
ແຝັກຊິບຸດຂອງທ່ານຂັດຂອ້ງແລ້ວ.ຂໍແກ້ໄຂເດິມ່ຕາມຄວາມຍີນດີ,1
ຢາກໃຫ້ການເຂົ້າແອັບນີ້ໄວກວ່າເກົ່າ,1
ມັກໃຊ້ເປັນປະຈໍາ,1
ຂ້ອຍລົງທະບຽນຄືບໍ່ໄດ້,0
ບາງທີສະແກນໂອນບໍໄດ້,1
ໃຊ້ງ່າຍປອດໄພ,1
ລະບົບດີຂື້ນຫລາຍ,1
ດີດີເດີສຸດຍອດ,1
ດີດີດີໆໆ,1
ດີໆໆ,1
1ດາວໄປກ່ອນ,0
ແກ້ໄຂໄຫ້ແນ່ຫມຸນບໍ່ໄດ້ສອງມື້ແລັ້ວ,0
ຈອນນີ້,1
ຕັ້ງຄ່ພາສາບໍ່ໄດ້ເລ່ນຍາກໃຜຊ່ວຍແນະນໍາແດ່,0
ດີມາກໆທ,1
ເຄຮັນ,1
ຍິ່ງອັບເດດ ຍິ່ງໃຊ້ຍາກຫຼາຍ ຕອນນີ້ໄດ້ຖອນການຕິດຕັ້ງແລ້ວເພາະໃຊ້ຍາກຫຼາຍ,0
ມີຄວາມຫມາຍແລະອົບອຸ່ນ,1
ມັກຄ້າງດູດເງິນ,1
ລດອລາວ,1
ບັງເອີ້ນ,1
ມີຫມູ່ຫລາຍ,1
ມັນເຂົ້າໄປຫາຫນ້າຕັ່ງລົງທະບຽບບໍ່ໄດ້.,0
"ດີຫຼາຍ,ຂ້ອຍມັກຫຼາຍ",1
ປັງປຸງແດ່ເວລາຊອກອັນຫນື່ງມັນໄປອອກອັນອື່ນ,0
ງນິສ,1
torກໍາລັງຊ້າງລາຍໄດ້ດີລາຍ,1
ສໍາລອງສຸກສະກຸນວົງ,1
ໃຊ້ດີ ເອົາ4ໄປກ່ອນ,1
ສົ້ນຕີນ ຍາມໃດກະລັອກຕະຫລອດ,0
ດີຫລາຍບໍ່ວ່າຝົນຕົກແດດອອກໄຟມອດກະໃຊ້ໄດ້,1
ນິກໃຈໂສດ,1
ແອບບໍ່ມີຄຸນນະພາບໃສ່ລະຫັດຖືກແລ້ວກະວ່າບໍ່ຖືກ,0
ຄຶດຍາກເຖືດເລກລາວ,0
ທ ສົງຄາມ,1
ດີດີຫາລາຍ,1
ຖືກກົດຍົກເລີກຈາກໂຊເພີຫຼາຍແຮງງ ເປັນອີ່ຫຍັງງເກາະບໍ່ຢາກຮັບກະລາອອກບໍ່ເຮັດການບໍລິການໃຫ້ມັນຈົບໆໄປ ອັນນິກົດຍາມໃດກະຖືກຍົກເລິກຖືກຍົກເລີກມື້1 ມີຢູ່ປະມານ10ເທື່ອເພີ່ນຍົກເລີກ ຈະບ້ານອນຢູ່ເຮືອນພຸ້ນນຖ້າສິບໍ່ຮັບບຫະ ລະກະບໍ່ຕ້ອງຕັ້ງບໍລິສັດຂື້ນມາຖ້າສິບໍລິການແບບນີ້ ອຸສ່າເປີດໃຈລອງໃຊ້ ແພງບໍ່ວ່າດອກແຕ່ຂໍໃຫ້ຕັ້ງໃຈແລະບໍລິການດີໆ ຕໍ່ລູກຄ້າແນ່ ວຸແຍ່ມາກກ,0
ມັນເຕີມເນັດບໍ່ໄດ້,0
ອັບເດດແລ້ວ ເຂົ້າສູ່ລະບົບບໍ່ໄດ້,0
ມາດຕະຖານໂຄດກາກ,0
ເພື່ອຄົ້ນຫາສີ່ງຕ່າງ,1
ໂທຫາໄດ້ແລະກະເວົ້າໄດ້,1
ການໃຊ້ມີປະສິດຖິພາບ,1
ຂີ່ລົດມ່ວນແຮງຂີ້ສບາຍດີ,1
ຫິ້ນດີ,1
ບໍ່ມີຍັງດີເລີຍຕອນນີ້ ເງີນກະຖືກຕັດເອົາຕະລອດ ແກ້ໄຂແດ່ເດິ້,0
ໃຊ້ງ່າຍສະບາຍ ສາມາດສ້າງລາຍໄດ້ໄດ້ອີກ ຝາກໂຄດແດ່ເດີ 74099700,1
ນາງຮົ້ວ,1
ທະນາຄານການຄ້າໂອນເງີນເຂົ້າບໍ່ໄດ້,0
ຖ້າຮັກກັນແທ້ ຍັງຊີໄປແຄ່ຣຫຍັງອີກ,1
ບໍເປັນຕາສະແດກຄະແນນສະສົມມີຫລາຍແລກກະບໍໄດ້ຊ້າກະຊ້າ,0
ສະແກນລາຍນິ້ວມື ເພື່ອເຂົ້າສູ່ລະບົບບໍ່ໄດ້,0
ມັນເປັນເອີເລີ້ ແກ້ໄຂດ່ວນ,0
otpໄມ້ສົ່ງມາທໍາໄຮຢູາ,0
ມັກໆ,1
ດີທຸກຢ່າງ,1
ເປັນແອັບທີ່ດີທີ່ສຸດໃນໂລກ,1
ແຜັດ,1
"ເຂົ້າໃຊ້ການບໍ່ໄດ້ ກະຈອກເກິນໄປວະ,",0
ຂີ້ຖີ່ຄືນ,0
ແຈກດາຕ່າຟີຫຼາຍ,1
ທອດລອງໃຊດີ,1
ໄຊ້ສະດວກສະບາຍຂາຍເຄື່ອງກະໄດ້ມັກແອັບນີເລີຍ,1
ໂປຣແກັມການຕືມບັດຍັງຊັກຊ້າຫລາຍເພາະໄດ້ປ້ອນໂຕເລກທຸກຄັ້ງນ່າຈະເຊບໂດຍອໍໂຕເລີຍສະດວກກວ່າ,0
ອັບເດດແລ້ວອັບເດດອີກເບິ່ງຫຍັງກະມີແຕ່ໂຂຊະນາຮູຂີ້ກູນິກູສູນນໍາແອັບນີ້ເດະ,0
ເພຶ່ນທີ່ຮູ້ໄຈ,1
ດີຫລາຍ ເບິ່ງຫນັງໄດ້ຊັດ ຟັງເພງມ່ວນ,1
ຈີບໃດ້,1
ເຂົ້າແອບແລ້ວອອກ ເຂົ້າອີກບອກໃຫ້ອັບເດັບໃຫມ່ຕະຫລອດໂຄດລໍາຄານ ຄວາມປັບປຸງ ແລະ ແກ້ໄຂໃຫ້ສະດວກຂື້ນ,0
ດາຕາ500ກີບ,1
ດີເວລາໂອນອອກເຂົ້າບໍມັກເຕື່ອນ,1
ພາກັນແກ້ໄຂແນ່ແອປມັນເຂົ້າບໍ່ໄດ້ກະດາຍ,0
ທຈໍາໂບ່ລາວ,1
ລົບອອກສະ! ລໍາບາກກ່ວາອີກ ແຖມຍັງໃຊ້ງານບໍ່ໄດ້,0
.ມັກ,1
ດີດີຫລາຍ,1
ຂ້ອຍມັກຫລ້າຍແອປນີ້,1
ສະສົບກັບຊີວີດປະຈໍາ,1
ລະບົບຮູຂີ້ ຄັນມືງສິໂງ່ປານນີ້ ຍຸບສາ ກູລໍາຄານ,0
ຢາກສັ່ງອາຫານແຕ່ຕິດຕັ້ງບໍ່ໄດ້.,0
ຄອນມະນະນີ,1
ປະສົບການຍັງບໍ່ເກັ່ງຕອ້ງຂໍຄວາມຊ່ວຍເຫຼືອ,1
ເອົາໄປໂລດ5ດາວ,1
ມັກຫລາຍແຊັດໃດ້ດີບໍ່ມີໂຄສະນາ,1
ບໍເຫັນເລກນາມສັດເຫມືອນແຕ່ກ່ອນແລ້ວ ກາກມາກໆເລີຍ,0
ຄຸນກໍາຮັງຄິດອະໄຮຍູ,1
ເຕີ່ມບັດ30ພັນກີບຍັງບໍ່ໄດ້ເປີເລີຍ,0
ລ້າຍຮູບໂປໄຟແສ້ດທັກທ່າຍໃສແບ່ບຄວ້າມບ້ນເທີງສັງຄົມອ້ອນລາຍ,1
ຊື້ເລກເອົາຄະແນນຊື້ຂະແນນອອກເບິດລະເລກລະບໍ່ໃດແນວນີ້ກະເຮັດເນາະແກ້ແດ່ເດີ,0
ຫຼິນທຸກວັນ,1
ປັບປຸງໃຫມ່ເດີ້ ໂຄສະນາຄືສິດີ ໂຫລດມາກະເດັ້ງອອກ,0
ເປັນຫຍັງແລ້ວ,1
ຕຸ້ຍຄໍາມັນຈັນທະລາ,1
ລສຶຍດັນ ຍນ ຍາ,1
ຕົວອັບຄ່ອນຂ້າງດີຢູ່ ແຕ່ຊ່ວງຫລັງນີ້ບໍ່ຮູ້ຂະເຈົ້າກໍາລັງປັບປຸງຫວາ ຄືກົດເຂົ້າແອັບລະຊ້າແຮງ ກວ່າສິຂຶ້ນລະຫັດຜ່ານ ພໍໃສ່ລະຫັດຜ່ານເຂົ້າໄປກະກົດອີ່ຫຍັງບໍ່ໄດ້ເຂົ້າອອກແອັບເປັນສິບເທື່ອກະຊ້າ ຢາກໃຫ້ທາງແອັດມິນຫຼືຄົນທີ່ກວດສອບ ຫາກວດເບິ່ງຂໍ້ບົກຜ່ອງນີ້ແດ່ເດີ້ເຈົ້າ,0
ໄພວັນ,1
ແກ້ໄຂ້ເຟ້ສໄຫ້ແດ່,1
ເປັນຈັງໃດຄືອັບເດດບໍ່ໄດ້,0
ແຊ່ດ,1
ດີມັກ ໃຊ້ໃນການທໍາງານ,1
app ເປັນຫຍັງຄືເຂົ້າບໍ່ໄດ້ຫຼາຍມື້ແລ້ວ,0
ການເງີນດີ,1
"ລົງທະບຽນເປັນ1000ລອບກະບໍ່ໄດ້ຈັກເທື່ອ, ວ່າແຕ່ເອກສານຫມົດອາຍຸ, ຊິຫມົດໄດ້ຈັ່ງໃດ ຍັງຕັ້ງ9ປີພຸ້ນ",0
ໄຊ້ດີຫຼາຍໆ,1
ຂໍຄົນຄຸຍຫລາຍໆແນ່,1
ມັກສີງນີ້,1
ເຂົ້າລະບົບໂຄດຍາກ ປ້ອນຂໍ້ມູນຖືກແລ້ວກະຍັງເຂົ້າບໍ່ໄດ້ ຄວນປັບປຸງຈຸດນີ້ແນ່,0
ອຈີ້ຮາ,1
ໃຊ້ດີ ຢາກໃດ້ສະຕິກເກີ້ຫ່ວງໃຍ,1
ຕອນນີ້facebookຫຼີນບໍໃດ້ເພາະວ່າໂທລະສັບເພຍ555,1
ສະບາຍອະລີ,1
ແອັບລາວບໍ່ພັດທະນາໄປຮອດໃສເຮັດມາກະໃຊ້ຍາກແທນທີຊິໃຫ້ມັນງາຍຕໍ່ຄົນໃຊ້ແຮງເຮັດມາຍາກສໍາເນາະ ພັດທະນາໃຫ້ດີກ່ອນນີເດີຈາກຄົນທີເຮັດແອັບຄືກັນ,0
ກະໄຊ້ງານງ່າຍດີ,1
ຫ່ອຍແຕກສ້າງແອບລົງທະບຽນມາເພື່ອຫຍັງເຮັດມາກະເຂົ້າບໍ່ໄດ້,0
ເຮາ້ໃຊ້ເປ້ນປະໄທຍດ,1
ໄອຂໍາຜນັ,1
ເອົາພອຍເຕີມບັດບໍໄດ້,0
ບໍລິການກະດີ,1
ໂຫຼດແອັບແລ້ວແຕ່ເຂົ້າແອັບເພື່ອລົງທະບຽບບໍ່ໄດ້ ກະລຸນາແກ້ໄຂແລະປັບປຸງແອັບໃຫ້ແດ່ເຈົ້າ,0
ຄຸນນະພາບດີແຮງງ,1
ກະພໍໄດ້ຢູ່,1
ໃຊ້ດີມັກຫລາຍ,1
ດີ່ທັງຫມົດ,1
ມວນແລະຖືກໃຈ,1
ອັບເດດແລ້ວເຂົ້າບໍ່ໄດ້ລົບລະໂຫລດໃຫມ່ກະເປັນຄືເກົ່າ ບາດເຂົ້າຢູ່ຫນ່ວຍເກົ່າລະໄດ້ແຕ່ໂອນເງິນອອກບໍ່ໄດ້ເລີຍແຕ່ໂອນເງິນເຂົ້າພັດໄດ້ ແກ້ໄຂດ່ວນ,0
ອັບເດດແລ້ວລາຄາແພງກວ່າເກົ່າອີກ,0
ຮ້ອງຍາກແຮງ,0
ໃສ່ແອບຄືບໍ່ໄດ້,0
ດີຫຼາຍເຈົ້າ,1
ຫລີ້ນບໍ່ໄດ້ເລີຍອັບເດດກະແລ້ວ. ລົບໂຫລດໃຫ່ມກະແລ້ວຍັງຟັງເພງບໍ່ໄດ້ ແກ້ໄຂໃຫ້ແນ່,0
ສະບາຍດີເຂົ້າຊົມທັງຫມົດທີ່ ທັງຫມົດ,1
ເຄີຍນໍາໃຊ້,1
ຄັກເຕີບ,1
ເຂົ້າລະເດັ້ງອອກ ໃຈຮ້າຍເດ .ບັນຊີກໍ່ເຄື່ອນໄຫວປົກກະຕິ,0
ສະມັກບໍ່ໄດ້ ເຮັດໄປຫຼາຍຮອບລະ,0
ຂອບໃຈທີ່ເຮັດເຟດນີ້ຂື້ນມາເຮັດໄຫ້ຂ້ອຍໄດ້ເຫັນຫມູ່ຄູ່ພໍ່ແມ່ພີ່ນ້ອງໄດ້ຮູ້ຈັກຫລາຍຯຢ່າງ,1
ຄິດຮອດເຈົ້າຫາຼຍເດີ,1
ດີຫລາຍແຕ່ເວລາຫນູ່ນໄດ້ເງີນຢາກເປັນເງີນທີ່ໃຊ້ຕັ້ງເງິ່ນເນັດບໍແມ່ນເງີນໂປຮໂມຊັ້ນ,1
ເປັນແອັບທີດີ,1
ມັນໃຊ້ການບໍ່ໄດ້ຕິດຕັ້ງແລ້ວເຂົ້າລະບົບບໍ່ໄດ້,0
ທຸກຄົນສອດ,1
ເຂ້າໃຈແລ້ວ,1
ຢາກເຊຍແຕ່ເຮັດບໍ່ເປັນສອນແດ່,0
ໄດ້100ok,1
ຫລິ້ນເກມກະຖືກແຕ່ໃຫ້ຊວນຫມູ່ຕິດຕັ້ງແອັບຕະຫລອດແລ້ວເອົ້າໃສ່ເຮັດຍັງດາຕ້າ ເງິນໂປໂມຊັ້ນ ຄວາຍ,0
ຕາມຄວາມເປັນຈິງ ປະສົບການ ໃສ່ຕາມລາວແອັບ ບາງເທື່ອອາດຈະຊາ ບາງເທື່ອກໍ່ໃສ່ບໍ່ໃດ້ ບາງເທື່ອກໍ່ປົກກະຕິ,1
ຢາກມີສຸຂະພາບແຂງແຮງ,1
ເຂົ້າລະບົບບໍ່ໄດ້ແກ້ໄຂດ່ວນ,0
ໂຫລດ ໂຄດຊ້າ,0
ຂໍໃຫ້ຖືກເດສີ່ລ້ຽງເປັນວົງການ,1
ບໍ່ມີແຟນ,1
ໂອນໄປໃສກະບໍ່ໄດ້ແຍ່,0
ແຫ່,1
ຄໍາໄລຄນຈິງໃຈ,1
ລະຫັດແນະນໍາບໍ່ບັງຄັບໃສ່ໂຕໃດກະບໍ່ຖືກຄວນເຮັດໃຫ້ມັນຕັ້ງງ່າຍກວ່ານີ້ປັບປຸງແກ້ໄຂໃຫ້ແດ່ ຕັ້ງຍາກໂພດ,0
ອັບເດດໃຫມ່ຫາຢູຟອຍບໍ່ເຫັນ,0
ພໍ່ມຶງເບາະອັບເດດບໍ່ໄດ,0
ຊ່ວຍໃນການສື່ສານໄດ້ດີລາຍ,1
ໃຊ້ງານໄດ້ ດີຫລາຍ,1
ຕັ້ງແອ່ບບໍ່ໃດ້ເປັນຫຍັງແກ້ໄຂໃຫ້ແດ່,0
ທລສຫລິ້ນບໍ່ໄດ້,0
ໃຫ້ທ່ານພັດທະນາຕໍ່ໄປ,1
ໄມຄອຍດີ,1
ກາກສຸດເທົ່າທີ່ເຄີຍໃຊ້ມາ ໂອນຫຍັງກະບໍ່ໄດ້,0
ສະນຸກຈີງ,1
ໄຊ້ດີແທ້ໄດ 100,1
ເປັນຫຍັງຕ້ອງມີໂຄສະນາມາຂັ້ນນໍາຫວາ,0
ເຂົ້າແອັບລະບອກອັບເດດທັງທີ່ເປັນເວີຊັ່ນລ່າສຸດ ພໍ່ມືງຕາຍ,0
ເຮັດວຽກນໍາລັດບໍ່ລິຫານຜ່ານມາລະເປັນຊາວປາຍປີລະເດ !,1
ໃຊ້ດີຫວອ່ງໄວໄດ້ໃຈ,1
ຈັກສິໃຫ້ລົງທະບຽນແນວໃດ ໃສ່ລະຫັດລະອອກເປັນຫນ້າເກົ່າ ແນວນີ້ທາງສູນເບີ ກະຕັດເບີຖິ້ມລະລ້າຕີ້.!,0
ຄົນດີ.ບາງຄົນຄິດວ່າຄົນໂງ່,1
ຂາດຂ້ອງ,1
ໄວໃຊ້ງານ,1
ບໍ່ມັກບາງເພື່ອກະຫມຸນໃດ້5ເພືອບາເພື່ອກະຫມຸນໃດ້ເພືອດຽວຍອບ ບໍ່ຫນ້າເສຍເວລາໂຫດມາເລີຍ,0
ມັນດີຫລາຍເຮັດໃຫ້ສະດວກສະບາຍ,1
ວ່າງ,1
ໂອເຄເດີ,1
ກູຮອດໂຫລອດບໍ່ໄດ້,0
ຂໍໄຫ້ຫິ້ນງ່າຍ,1
ມັກເລານ,1
ສູງສຸດ,1
ສຸດຍອດ,1
ໂທງາຍວອງໄວທັນໃຈ,1
ແອບຊ້າ,0
ດິມ່ກ,1
ເປັນແອັບທີ່ສ້າງຂື້ນມາເພື່ອໃຫ້ໃຊ້ຍາກ ຕ້ອງໄດ້ກົດຈໍໄວ້ຕະຫລອດ ຖ້າຈໍດັບຖືວ່າເລີ່ມໃຫມ່ແຕ່ຕົ້ນ,0
ຊ້າບໍ່ສະດວກ,0
ລະບົບບັນຊີຢູ່ທະນາຄານຍັງມີຄົນດູດເອົາເງິນໄດ້,1
ຕ້ອງ ການ ປ່ຽນໄຫນ່ເດີ,1
ເຟສເປັນຫຍັງຄືເຂົ້າສູ່ລະບົບບໍໃດ້,0
ໂພດຄວາມຄິດເຫັນລົງຈະລົບຖິ່ມກະບໍ່ບໍ່ໃດ້,0
ຂໍໃຫ້ໂລດໄດ້ແລ້ວກະເຂົ້າໄດ້,1
ໂອນໄດ້ສໍາເລັດ,1
ມັນຫນຸນວົງລໍ້ບໍໄດ້ເລິຍ,0
ລະຫັດບໍ່ເຫັນ,0
ອັບໃຫມ່ແຕ່ຊ້າກວ່າເກົ່າ ຄ້າງ ແຊັດບໍ່ໄດ້ເລີຍ ແກ້ໄຂໃຫ້ແດ່ເດີ,0
ບໍໄຫ້ຂໍຄວາມຫາຍ,1
ມີບັນຫາຕະຫຼອດແອັບ ເດັ້ງອອກ ເຂົ້າ ກົດສັ່ງບໍ່ໄດ້ ເປີດຫນ້າແອັບບໍ່ໄດ້,0
ໃຊ້ງານດິຫຼາຍໆ,1
ກາກເກີນ,0
ປັບປຸງໃຫມ່ແຫນ່ເດີ່ແຕ່ລະຂັ້ນຕອນດໍາເນີນການ. ຢູ່ແຕ່ບ່ອນເກົ່າບໍ່ໄປໃສ. ກົດເບີສິບຮອບກະຍັງຍູ່ບ່ອນເກ່າ. ຂ້ອຍລະງຶດ,0
ດາວໂຫລດຊ້າຈັງ,0
ໃຊ້ງານໄດ້ດີ,1
ໃຊ້ແລ້ວດີຫຼາຍ,1
ຕັ້ງບໍ່ໄດ້,0
ດີໄດ້ເນັດນໍາ,1
ດີຫຼາຍແອັບນິ ວ່າຊ້ານນ,1
ເຂົ້າແອັບບໍ່ໄດ້ຄະ,0
ແອບກະພິບສີຂາວ ເຂົ້າບໍ່ໄດ້ມີບັນຫາຫລາຍ,0
ໄຊ້ແລ້ວດີ,1
ແອບຄົນລາວກະຍາກທຸກແອບຫັ້ນແລ,0
ຫ່ວຍຍແຕກ ສະຫມັກຍາກ ໃສ່ເມວໃສ່ເບີໃສ່ຊື່ໃສ່ ທຸກຢ່າງແລ້ວ ເປັນຕາເຈົ້ງເນາະ,0
ມີຫລາຍປະສົບການ,1
ບໍ່ຜ່ານເດີແອັບນີ້,0
ໄດດີ,1
"ພໍເລຍຄົນສົ່ງໄລ່ເລກກາບໍ່ເປັນ. ຕົວຢ່າງຂ້ອຍຊື້ເຂົ້າໃນລະຄາ92.035ກີບ ມັນໄລ່ເປັນ93.000ກີບ ຄວາຍ!, ຄັນ92.500 ລະປັນເປັນ 93.000ກີບ ແບບນີ້ຖືກກວ່າ ຄັນລາຄາທາງຫຼັງຕ່ໍາກວ່າ500ຄວນປັນເປັນ92.000 ພໍໆເຊົ່າໃຊ້ໄປໃຊ້ e gets ຍັງດີກວ່າ",0
ມັກ ແຮັດເຟດ,1
ສະດວກວອ່ງໄວທັນໄຈ,1
ໃຊ້ງາຍປອດໄພ,1
ສົ່ງຫາຫມູ່,1
ສຸດຍອດລົງໄດ້ແລ້ວ ຂອບໃຈ,1
ຜູ້ເຂົ້າຊົມທັງຫມົດສໍາລັບຄໍາມດອອນ່ຫນອມ,1
ແອບນີ້ຂ້ອຍມັກສຸດໆເລີຍ,1
ແຕ່ກ່ອນເຂົ້າງ່າຍແຕ່ຕອນນີ້ແຍ້ມາກ,0
ສາຍນໍາ,1
ສພົບ,1
ມີຄວາມເຊື່ອຖື,1
ດິຍຸ່,1
ເສິນ ເພິນ,1
ດີ.ສາມາດຫາເງີນບົນເຟສບຸໄດ້ອີກ ສຸຍອດ,1
ໂມຈາຕ່ອນນີ້ໂພດຮູບດາຕາກ່ໍບໍ່ໄດ້ເຫດໄດ້ຈິ່ງເປັນແບບນີ້ແກ້ໄຂ້ດ່ວນ,0
ຄັນສີຕັ້ງແອັບອອກມາແບບນີ້ ເຊົາສາໂຄດຫ່ວຍ ນີ້ແລະ ເຫດຜົນທີ່ຈະບໍ່ໃຊ້ລັກ9ອີກ,0
ມັກຫລີ້ນເຟສ,1
ແອັບກະຈອກທຸ່ຍ.ຈ້າງກະບໍ່ມີໃຜຫຼີ້ນດອກແອັບແບບນີ້ ຄວາຍເອີຍ,0
ໃຊ້ດີສະບາຍ.ຄັກຢູ່ເນາະ,1
ບໍ່ຕ້ອງໂຫລດເດີແອບນີ້ຫ້ວຍໆສຸດດເຂົ້າແອບຢາກສຸດ ບໍ່ຕ້ອງໂຫລດ.ບໍ່ມີປະໂຫຍດອັບເດດແຮງກາກ,0
ຂອງເຂາດີຈິງໆ,1
ແອັບສົ້ນຕີນເຮັດຫຍັງກະບໍ່ໄດ້,0
ຍັງໃຊ້ບໍໄດ້ເດີ,1
ລົງໄດ້ຢູ່ແຕ່ມັນມັກເດັງອອກ ແກ້ໄຂໃຫ້ແດ່,0
ເປັນຫ່າຫຍັງໂຫລດຍາກຕາຍກະດໍ້,0
ທົດໄຊ້,1
ອັຍເດດໃຫມ່ເຂົ້າໃນແອັບຈົນບໍ່ໄດ້ຊ້ໍາປັງປຸງໃຫມ່ເດີແນວເກົ່າດີກວ່າຫລາຍ,0
ແອັບນີ່ດີຫລາຍ ພັດທະນາຕໍ່ໄປເດີ,1
ເພີມເພືອນ,1
ມັນດີເຮັດໄຫ້ເຮົາໄດ້ຂາຍເຄືອງຫລືໂທອອກໂທເຂົ້າໄດ້ແລະໄດ້ເຫັນສີງໄຫມ່ໆ,1
ມັກມັນ,1
ແອັບສົ້ນຕີນໃສ່ລະຫັດລະເດັ້ງ,0
ບໍ່ມີລົດເລີຍເອີ້ນຕັ້ງຫຼາຍເທື່ອ,0
ດີໃຊ້ມາ500ປີແລ້ວ,1
ຄົນທໍາມະດາ,1
ໄດ້ເງີນດີ,1
"ສະດວກ,ວ່ອງໄວ ໃຊ້ດີຫລາຍ",1
ຂໍພງງແຄນີ,1
ເຂົ້າກາບໍໄດ້ສ້າງແອັບນີ້ຂຶ້ນມາເພື່ອຫຍັງຄວນປັບປຸງແກ້ໄຂ,0
ເບິ່ງໃດ້ດີຫລາຍ,1
ໄສຕະລອດ,1
ປັບປຸງແນ່ດາວໂຫຼດມາ ເຂົ້າໄປລະຄ້າງລົງທະບຽນຮອດບໍໄດ້,0
ໃຊ້ງານງ່າຍ ສະດວກສະບາຍ,1
ດີຫລາຍແອັປນີ,1
ໃຊ້ດີມີຄຸນນະພາບບ,1
ແຈ້ງເຕືອນມາບໍ່ມີເມນູໃຫ້ເບີ່ງຂໍຄວາມແຈ້ງເຕືອນ,0
ເອົາໄປ່ເລີຍ5ດາວ,1
ງາຍຂື່ນ,1
ແອັບມັກເດັງອອກ,0
ເປັນຫຍັງເຟດບຸກມັນບໍ່ແຈ້ງເຕື່ອນເວລາມີຄອມເມັ້ນ ມັນບໍ່ເດັ່ງຂື້ນໃຫ້ເຫັນ ປິດກັນ ເຮັດຫຍັງ ປັບປຸງແນ່ເດີ,0
ສິ່ງຄໍາ,1
ແກວ,1
ຂອບໄຈເລີ,1
ແພງໂຄດໆພະນັກງານເວົ້າໄດ້ເວົ້າເອົາເງິນ ຢ່າສຸໄປຫາໃຊ້,0
ໄດ້ເນັດຟຣີຂອບໃຈແອັບນີເດີ,1
ແກ້ໄຂລະບົບແດ່ເດີ້ສູນເຫັນແກຄົນຈົນຄື້ຂ້ອຍແນ່,0
ອັບເດດແລ້ວຄືໂຄດຫ່ວຍແຕກເລີຍ ຫມູນແຕ່ລະຄັ້ງບໍ່ໄດ້ຫຍັງນອກຈາກເຊີນຫມູ່ກັບຟັງເພງບໍ່ຮູ້ວ່າໃຫ້ຫມູນເພື່ອ.,0
"ປັບປຸງແອັບແນ່ ເຂົ້າໄປແລ້ວເດ້ງ,ລົງຖະບຽນກະລ່າຊ້າຫຼາຍ ຜິດຫວັງອີຫຼີ",0
ຂ້ອຍມັກແອບນີ້ຫຼາຍ,1
ແອັບບໍ່ຕອບສະຫນອງ ຂຽນຊອກຫາເຂົ້າປຽກພັດບໍ່ມີບາດບໍ່ຂຽນພັດເຫັນ ເວລາສິສັ່ງຮ້ານ1 ເຫຼືອອີກ10ນາທີປິດພັດເຂົ້າແອັບຊ້າໆ,0
ຖອນເງິນບໍ່ໄດ້ຄອມເພັນລະ,0
ກະລຸນາປັບປຸງເລື່ອງເງິນດາຕ້າກັບເງິນເຕິມແດ່ເດີ້ ຫຼັງຈາກດາຕ້າຫມົດແລ້ວເປັນຫຍັງຄືມາຕັດເອົາເງິນເຕິມໄປຈົນຫມົດ ຂໍ້ຄວາມກະບໍ່ສົ່ງມາແຈ້ງໃຫ້ຮູ້ວ່າດາຕ້າຫມົດ ຫຼັງຈາກທີ່ຕັດເອົາເງິນເຕິມໄປຈົນຫມົດແລ້ວຈິງສົ່ງຂໍ້ຄວາມມາວ່າດາຕ້າອິນເຕີເນັດຫມົດ ແລ້ວບາດມາກວດເບີ່ງເງິນດາຕ້າກະຫມົດ ເງິນເຕິມກະຖືກຕັດ. ປັຍປຸງແນ່ເດີ້ unitel,0
ໃຊ້ຄັກແຕ່ຢາກຊ້າເວລາເຂົ້າແອັບ,1
ແອບນີ້ບາງມື້ໂອນເງີນອອກໄດ້ບາງມື້ກະໂອນບໍ່ໄດ້,0
ດີຢູ່.!,1
ເຂົ້າໃຊ້ຍາກໂພດເດີ ໃຊ້ບໍ່ໄດ້ເລີຍ,0
ຫລີ້ສະບາຍ,1
ໃຊ້ລະຫັດຜ່ານອີ່ຫຍັງໄດ້ຫມົດແຕ່ຈັບແຕ່ບັດປະຈໍາໂຕຖ່າຍບໍ່ໄດ້ຖ່າຍຫມົດຕົວຕົນບອກໄຫ້ລົງທະບຽນໃຫມ່ພັດເຮັດຕາມຂັ້ນຕອນບໍ່ໄດ້ຄືເກົ່າງົງຄັກ,0
ແຊບຫຼາຍບໍ່ຕ້ອງອອກໄປຊື້ອີບ,1
ທໍາແລ້ວ ຕ້ອງທໍາໃຫ້ໄດ້,1
ຈ່າຍເງິນຜ່ານ qr code ຍັງຕ້ອງໃສ່ otp ຂັ້ນຕອນນີ້ຍຸ່ງຍາກຫລາຍແກ້ໄຂເດີ້ມັນເສຍເວລາ,0
ສະຫມັກເພັກເກັດດາຕ້າຢູ່ແອັບບໍ່ໄດ້ ?,0
ເອີດີ ບໍ່ມີບັງຄັບ,1
ໃດ້ຮັບຄວາມຮູ້ຫຼາຍຈາກແອັດນີ້ຫຼາຍ,1
ວາ່ຍຍຍວ,1
ເບີ່ງເນັດສະບາຍ,1
ແອັບບໍ່ມັກເຕືອນຄົນແຊັດຫາໂທຫາກະບໍ່ເຫັນ,0
ໄຊ້ສະບາຍມາກ,1
ນ້ໍາ,1
ປັບປຸງໃຫມ່ແດ່ຖ້າໂຄດດົນຍັງບໍ່ໄດ້ຂ້ອຍລະເມື່ອຍນໍາ,0
ດີມາກໃຊ້ດີມາກ,1
ຄັກຫລາຍ ໂຕ ນິ ຫລີ້ນຄັງ ແຊັດ ນໍາແຟນ ໄດ້ ຄັກ,1
ຂ້ອຍສັ່ງອາຫານບໍ່ໄດ້,0
ເຮີຍ ແອບກະຈອກແທ້ຫວະຍຸບສາເຢິເບືອ ບໍສ້າງເຮັດລະເຊ້າສາໂຄສະນາບັກດີໆບາດໂລດມາໄສລະບໍເປັນຕາໄສແບບນີ້ລະຍັງວ່າລົງທະບຽນຊິມອອນລາຍທັນສະໄຫມເຫັນຄອມເມັນນີ້ລະລົບຖິມແດເດິແອບນີ້ຫນ້າ,0
ກະຢັງ,1
ສົມຫມາຍ,1
ກະດີນະ,1
ດີດີລາຍ,1
ປະສົບການຍັງບໍ່ທັນຫາຍ,1
ອັບເດດໄຫມ່ຊວນຫມູ່ຕິດຕັ້ງແລ້ວ ແຕ່ບໍ່ສໍາເລັດໃນການຫມຸນຕໍ່ໄປ ຊ່ວຍປັບປຸງແນ່,0
ບໍ່ເງົາເຫັນຫນູ່ໃຫນ່ຫນ່,1
ດີພັດທະນາໃຫ້ສະດວກກວ່າເກົ່າ,1
ບ່ອນແກ້ໄຂຂໍ້ມູນຢູ່ບ່ອນໃດ ຢາກແກ້ໄຂຊື່ ຫລື ປ່ຽນລາຍລະອຽດຕອນທີ່ສະຫມັກ ມັນຢູ່ບ່ອນໃດຂ້ອຍຄືບໍ່ເຫັນ,0
ຕັ້ງບໍເປັນ,1
ຍັງບໍຄັກ,1
ເຂົ້າແອັບບໍໄດ້ເລີຍຈັກເປັນຍັງ,0
ດີ ສະດວກສະບາຍ,1
ຄໍາຫມັ້ນ,1
ລາວແອັບເປັນຍັງສວງນີ້ຄືລິນບໍໄດ້,0
ສະດວກ ສະບາຍ ໃຊ້ ງານ ງ່າຍ,1
ເພີ່ມຄວາມເລວ,1
ຂ້ອຍບໍ່ຮູ້ເຮັດ,1
ໃຫ້5ດາວເລີຍໃຊ້ດີຫລາຍ,1
.ຈະມີ.ທີ່ສສ ໃຫ້ . ຝ ຈະ,0
mj saduak ຂ້ອຍດາວໂຫລດມາແລ້ວຕີ້ດຕັ້ງກະບໍ່ໄດ້ຊ້າກະຊ້າຕີ້ດຕັ້ງກະຍາກຢາກໃຫ້ປັບປຸງໃຫ້ລະບົບໄວຂື້ນ,0
ນາງແຍງສີຜົງສະຫວັນ,1
ແກ້ໄຂເລີຍເຂົ້າມາແລ້ວ ກະບອກແຕ່ກວດສອບເຊື່ອມຕໍ່ເນັດ,0
ສະບາຍດີ.,1
ການ ເກຣັກ ຫາ,1
ດີໆດີໆ,1
ມີຄວາມສະດວກສະບາຍແລ້ວທີໄຊ້mocha,1
ອັບເດດຊ້າຕະຫລອດ,0
ແອັບໃຊ້ງານໄດ້ດີຫລາຍ ກູ໊ດໆ ຍົກໂປ້ແຖມກ້ອຍ,1
ເປັນຫຍັງເຂົ້າບໍ່ໄດ້,0
ດີ ເບືອອັບເດດ,1
ມື້ນີ້ເຂົ້າບໍ່ໄດ້ເລີຍ ເປັນຄືກັນຫມົດ ວ່າຫມົດອາຍຸ,0
ລ້າງເຄື່ອງແລ້ວເຂົ້າໄປບໍ່ໄດ້ເລີຍມີແຕ່ເດັ່ງອອກ,0
ບໍ່ມີແນ່ວເວົ້າ.! ຄືໃຊ້ດີຫຼາຍ ສະດວກສະບາຍໃນການເຕີມເງິນໂທ,1
ຍຽມເລິຍ,1
ດີແຕ່ສັນຍານຊ້າ,1
ດຄີ,1
ດີຫລາຍຮູບນີ້,1
ຂໍ້ຂວາມຊ່ວຍເຫືລອຕິດຕັ້ງແອບນິ້ເຮົາບໍ່ມີປະສົບການ,1
ພຽງປ່ຽນເປັນລາວແອັບມານີຂີ້ກາກຂະຫນາດຫນູນບໍ່ເຄີຍໄດ້ດາຕາເງິນກະບໍ່ໄດ້ໃຫ້ແຕ່ເຊິນຫນູ່,0
ໃຊ້ງ່າຍວ່ອງໄວ,1
ເຫັນເງິນນ້ອຍ ຍົກເລິກ,0
ມັກເດ,1
ມັກຫຼາຍໆ,1
ເບີ່ງສະຕໍລີ້ບໍ່ໃດ້ແຂ້ໃຂໃຫ້ແນ່,1
ສຸດຍອດເລີຍທີ່້ຮັດໃຫ້ໃດ້ຮັບຂ່າວສານໃຫມ່ໃຫມ່,1
ພັນມະຫາ ຄໍາມະເສນ,1
ຫມາສີ້ແມ່ສູ ສູຊິໂຄສະຫນາຫຍັງກະດັກກະດໍ້ຫະ ກູບໍ່ຊື້ ລໍາຄານສຸດໆລະ,0
ແຈ້ງເຕືອນເປີດຢູ່ໃນແອັບແລ້ວ ແຕ່ເວລາໂອນອອກໂອນເຂົ້າກະຍັງບໍ່ເຕືອນຄືເກົ່າ ປັບປຸງແດ່ເດີ້,0
ມຶງໂຄສະນາຫລາຍຫາແມ່ມຶງຕິຄໍາຄານເສຍເວລາຫລິ້ນເກມ,0
ດີໆລ້າຍ,1
ແກ້ວຄໍາ,1
ຢາກສະເຫນີ ໃຫ້ປັບປຸງພາສາລາວໃຫ້ຖືກ ຈາກຄໍາວ່າ ບ້ານ ຄວນປ່ຽນເປັນເຮືອນ ເດີເພາະ ບ້ານໃນພາສາລາວແມ່ນ ເຮືອນຫຼາຍຫຼັງມາລວມກັນເຈົ້າ. ການນໍາໃຊ້ພາສາລາວໃຫ້ຖືກແມ່ນເປັນພາລະ ແລະ ຫນ້າທີ່ຂອງຄົນລາວທຸກຄົນສະນັ້ນຈຶ່ງສະເຫນີໃຫ້ມີການປັບປຸງຄືນໃຫມ່ດ້ວຍ.,1
ຢາກເຂົ້າຕ້ອງໄດ້ອັບເດດທຸກຄັ້ງນີ້ບໍ່ ນີ້ບໍ່ແອັບອັນດັບຕົ້ນໆ,0
ດີລາຍ9,1
ໂອນເງີນຍາກໃຈຕອນເຊົ້າ,0
ໄສ່ງານຍາກເລີຍບໍ່ເປັນຕາສະແຕ່ກ,0
ພີດີ,1
ໃຊ້ງານງ່າຍດີ,1
ສັນຍານບໍດີປານໃດ,1
ໃຊດີຫລິ້ນໄວ້,1
ຫຼິ້ນມ່ວນເນາະ202709,1
ຕ້ອງການອັບແດດໃຫ້ໄວກ່ວານີ້ອີກ,1
ຂໍຝາກລະຫັດແນະນໍາແນ່ເດີ້ 49190341 ສໍາລັບໃຜທີ່ໂຫລດມາແລ້ວບໍ່ມີລະຫັດແນະນໍາເອົາລະຫັດຂ້ອຍໄປໃສ່ໄດ້ເດີ້,1
ຊ້າມາກໆ,0
ເຍັດ,1
ອານຸ,1
ເພືອແມ່,1
ໃຊງານດີຫຼາຍຊົມເຊີຍ,1
ເຕີມເງີນເຂົາແລ້ວອັບເດດກະບໍ່ໄດ້,0
ອັບເດດໃຫມຫາເພືອນຍາກແລະອັບລົງວິວີໂອຍາກລາສຸດລົບຖິມແລ້ວຈ້າທີຫາເພືອນບໍ່ເຈີຫລືເປັນເພາະເຂົາກະລົມຖິມຄືກັນລະເນາະ,0
ດີທີສຸດບໍ່ມີຄໍາຕໍານີ້,1
ແມ່ນຍັງຂ້ອຍໂພກຫລີ້ນກັບລູກຂ້ອຍຊື່ໆອລ້ວມາບອກວ່າຂ້ອຍລັງເກເດັກນ້ອຍລ່ວນລະເມິດທາງເພດເດັກນ້ອຍບ໋ອກຂ້ອຍເຮັດຍັງເຟບຸກຜີບ້າຖ້າຈະບໍ່ໃຫ້ໂພກກ່ອນບໍ່ຕ້ອງສ້າງໃຫ້ໂພກແກ້ໄຂອັນນີ້ດ່ວນ,0
ຖຶກຂ້ ຍກົດໄປ,1
ໄດ້ຊື່ນສານແບບປະຍັດຄຸມດີຊອບ,1
ລົງທະບຽນຕັ້ງແຕ່ເດືອນກຸມພາ ຕອນນີ້ຕຸລາແລ້ວ ເບີຍັງບໍ່ໄດ້ຮັບການອະນຸມັດເລີຍ ບໍ່ວ່າຕີ້ຊິມີຄົນລົງທະບຽນຫຼາຍແທ້ຫຼາຍວ່າ ຈົນໃຊ້ເວລາ8 9 ເດືອນກະຍັງບໍ່ວ່າງມາລົງທະບຽນໃຫ້ ? ຖ້າເຫັນລະຕອບກັບແດ່ເດີ່,0
ຄອາຍ,1
ປັນຍາອ່ອນ ບອກລົງທະບຽນບໍ່ສໍາເລັດຫາກບໍ່ໃຫ້ແກ້ໄຂ ຖ້າບໍ່ລົງທະບຽນເບີກໍຈະຖືກຕັດ ເຮັດຫຍັງກະຄວານໃຫ້ມັນສຸດແນ່ບໍ່ແມ່ນເຄິ່ງໆກາງໆ ແອັບພິເຄຊັ່ນກາກໆຢ່າຊິເຮັດມາສາ ເສຍດາຍດາຕ້າທີ່ໂຫລດໄປເດ ບໍ່ມີປະໂຫຍດຫຍັງ,0
ບອກອັບເດດໄດ້2ວັນແລ້ວຍັງບໍ່ໄດ້,0
ລົງທະບຽນບໍ່ເຄີຍໄດ້ເລີຍໂຫລດມາຈີຮອດ10ເທືອແລ້ວ,0
ເຕີມບັດກະບໍ່ໄດ້ ເພີ້ມບັນຊີໄຫມ່ກະບໍໄດ້,0
ໃຊ້ດີຄ່ະ,1
ປັບປຸງແນ່ເຂົ້າໄຊ້ງານບໍ່ໃດ້,0
ອັບເດດແລ້ວກາກສຸດໆ,0
ຕິກວິໄລວົງ,1
ດີຫຼາຍມັກແທ້ມັກວ່າ,1
ການເດີນທາງເປັນສິງດີທີສຸດໃນການເດີນທາງ,1
ສັດ,1
ບໍ່ມີຄົວຄົນ .,1
ໂອນເງິນໄປທະນາຄານອື່ນກະລໍ່າໄດ້ ປັບປຸງແກ່,0
"bug ຢາກວ່າຫຼາຍ, login ເບີຖ້າ otp ເປັນມື້ກະຍັງບໍ່ສົ່ງມາປານນີ້",0
ຕິດຕໍ ຕິດຕໍ່ສື່ສານ,1
ດີ ສະດວກ ງ່າຍ,1
ຄົນຫາເຟດ,1
ຄືວ່າດາວໂຫຼດບໍ່ໃດ້,0
ໂດນໃຈບົກ,1
ດີ້ລ້າຍໄຫ້5ດ່າວໄປເລີຍ,1
ສຽງຂາດ ວີດີໂອຄໍພາບບໍ່ເຫັນ,0
ດີເນາະ,1
ຂອຍໄຊດີອະຫລີ,1
ຂອງແທ້,1
ໃຊ້ດີຫລາຍເດີ,1
ຂໍາໍາຮ,1
ໃຊ້ບໍ່ໄດ້ຮອດຂັ້ນຕອນຢັ້ງຢືນລະຫັດທາງຂໍ້ຄວາມ ລະກະກັບຄືນມາຫນ້າທໍາອິດຄືເກົ່າ ຄວນປັບປຸງໃຫ້ດີແລະສະດວກກວ່ານີ້ ແອັບແບບນີ້ຢ່າເອົາມາໃຊ້ສາ ບໍ່ມີການພັດທະນາເລີຍ,0
ຕາມຄວາມຕອ້ງການທີ່ໄຊ້ງານ,1
ໃຜອ່ານເປັນຫມາ55,1
ໃຊ້ໄດ້ໄວດີ,1
ບໍ່ຢາກຕິດຕັ້ງກະຍັງແຈ້ງເຕືອນຢູ່ລໍາຄານ,0
ຂ້ອຍຍາກ ລຶບບັນຊີ ແລະ ເບີໂທ ເພາະວ່າລືມບັນຊີ,1
ແອັບຯນີ້ກະຄັກໃຊ້ແລ້ວດີພັດຖານະຕໍ່ໄປເດີ,1
ໂທລະສັບບໍ່ມີເຟສະໂຕກະຕັ້ງບໍ່ໄດ້ແອັບອີ່ຫຍັງແບບນີ້ຄວນແກ້ໄຂເດີ,0
ຍັງບໍ່ເຄີຍງານຈັກເທື່ຢາກລອງໃຊ້ເບິ່ງເພີ່ນວ່າສະບາຍ,1
ດີຫລາຍຢ່າງ,1
ຊວຍກວດສອບໄຫ້ແດ່ ເວລາເຂົ້າແອບມັນຈະເດັງຕະຫລອດ ຂໍຂອບໃຈ,1
ທາວກັ້ອງ ທ່ໍາວ,1
ເອີ້ນລົດບໍ່ເຄີຍໄດ້ ລົດຢູ່ໃກ໋ໆມາຮັບກະບໍ່ໄດ້ ເອີ້ນກະຢາກ ຢູ່ບ່ອນເກົ່າເປັນຊົ່ວໂມງກະບໍ່ມາຮັບ ງຶດແຮງເດີ້,0
ໃຊ້ເປັນສາທາລະນະ,1
ເຂົ້າແອບຍາກໂພດ,0
ດີເລີຍເດີ,1
ສຸດໆບໍມີບໍຄໍາມາລະຍ່າຍ,1
ດີອີຫຼີ,1
ດີດີມາກໆເລີຍ,1
ຮຽນບໍ່ເກ້ງ,1
ສະດວກສະບາຍເລວ,1
ບໍລິການນີ້ແມ່ນນໍາໃຊ້ສະດວກສະບາຍດີຫຼາຍ,1
ຍີນດີແລະຕື່ນເຕັ້ນທີ່ໃດເຈີຜູ້ຄົນມາກມາຍແລະສີ່ຕາ່ງຕາ່ງເປັນປະສົບການອັນຫນາ້ຈົດຈໍາ,1
ຮັກພິພັດທະນາ ພາສາລາວ,1
ໃຫ້ມີແບບນີ້ຕະຫລອດໄປ,1
ປັບປຸງໃຫມ່ແນ່ເດີ ລັອກອິນເຂົ້າກະບໍ່ໄດ້ ເຮັດແອັບອອກມາກະເຮັດໃຫ້ມັນໃຊ້ໄດ້ແນ່ຈັ່ງເປີດໂຕ ເຮັດອອກມາພໍແຕ່ອາຍບ້ານອາຍເມືອງເຂົາ ເບິດໄປເທົ່າໃດແລ້ວງົບປະມານຫັ້ນ ໄດ້ແຕ່ສ່ໍານີ້ນິບໍ,0
ສຸດຂອບຟ້າຕ້ອງການແຕ່ເຈົ້າ.,1
ເຮັດບໍໄດ,1
ແກ້ໄຂໄວແນ,0
ສູເພືອຮອດຈຸດຫມາຍ,1
ແອັບດີໂຄດໆໆໆ,1
ດີເລື້ອຍ,1
ສິເຮັດແນວ ໃດຂ້ອຍມັກໂທລະສັບເຄື່ອງນີ້ oppoa12,1
ຕດຍແສ,1
ລອງໃຊ້ກອ່ນ,1
ດີແລ້ວຄັບແຕ່ສວນຫຼາຍເຂົ້າມັກແຫ່ກເຟສ,1
ດີຫລາຍfood panda,1
ເອົາໃປ5ດາວເລີຍ,1
ຊອບມາກຄ່ະ,1
ຄັກແຮງ good,1
ຄິດວ່າດີ,1
ແຍ່,1
ໄມ່ບັງຄົບ,1
ດີຫຼາຍ ພັດທະນາຕໍ່ໄປ,1
ວ ວາວາລນ່ບ່ບ້ຈພຕີ ວື,1
ເຂົ້າລະເດັ້ງອອກຕະຫຼອດ,0
ໃຊ້ງານບໍ່ຄ່ອຍokປານໃດກັບການອັບເດດລ່າສຸດນີ້ນະ,0
ໃຊໄດ້ແທ້ຫືບໍ່ຖ້າໄດ້ແທ້ກະok,1
ຊອບມີໂຫມດໄຊ້ອິນເຕີຮແນັດ,1
ມັກລາຍ,1
ໄດ້ຮັບເງິນເດືອນສະດວກແລະການໂອນຊໍາລະໄດ້ຢ່າງສະດວກ,1
ແອັບຂະຍະລາວກູທໍາພາລະກິດສໍາເລັດຍັງບໍ່ສົ່ງຂ້ຄວາມມາອີກແອປເວນ.,0
ສັນຍານໄມ້ຂ້ອຍດີຫຼັກ 9,1
ຮູຂີ້555,0
ນິກກີ້,1
ຕົວະໃຫ້ອັບເດດ ແລ້ວບໍ່ໃຫ້ດາຕ້າ ນ່າຍແຮງເສຍຄວາມຮູ້ສຶກ,0
ຕອນດີຕອນບໍ່ດີ,1
ເຂ້າໄຊ້ງານງານໄວໄດ້ຄວາມຮູ້ແລະຄວາມສະນຸກສະຫນານ,1
ໃຊ້ບໍ່ໄດ້ເດີ,0
ລາສຸດທີດີ,1
ຈູຈີ,1
ປັບປຸງແນ່.ລົງທະບຽນບໍ່ໄດ້ເລີຍ,0
ຢາກດາວໂຫລດແອັບໂຕນີ້,1
ບໍ່ໃດ້ຍິນສຽງເລີຍ,0
ໄສໄດ້ດີລາຍ,1
ຜ່ານມາເຫັນຊັດເຈນດີລະອົຽດດີຕະຫຼອດ,1
ໃຊ້ດີພົວພັນຫມູ່ໄດ້ງ່າຍ,1
ລ້າສະໄຫມ່ໂພດບໍ່ທັນໃຈ,0
ຖ້າທະນາຄານມີບັດ atm union pay ຫຼື visa ທະນາຄານທີ່ຍັງລ້າຫລັງແບບນີ້ນີ້ຄືຊິບໍ່ມີຖ້າມີຂ້ອຍກະຢາກເປີດບັນຊີນໍາຢູ່,0
ເບິ່ງເຟດບຸກ,1
ໃຫ້ຊ່ໍານີ້ກ່ອນລົງທະບຽນຫລາຍເທື່ອແລ້ວບໍ່ໄດ້,0
ສຫນຸກມີປະການໃຫມ່ໆດີ,1
ໃຫ້4ດາວໄປກ່ອນ,1
ເຕີມເງີນກະບໍ່ໄດ້ປັບປຸງແນ່ເດີ,0
ປຽນແບບເກົານະດີແລ້ວອະນີເບີງຍັງບໍໃດ້ເລີຍ,0
ເຂົ້າແອບບໍ່ໄດ້ໂຫລດຢູ່ແຕ່ຫນ້າເກົ່ານັ້ນ,0
ໄວທັນໃຈ ແຕ່ບາງຮ້ານອາຫານບໍ່ຕົ່ງຕາມຮູບ,1
ຄຶເວລາເຂົ້າເມນູແລ້ວແລ້ວກໍເດັ່ນອອກ ມັນເປັນຫຍັງ. ?ຕອບດ່ວນ,0
ເປັນການຫຸ້ນຊວນຊັບພະຍາກອນ,1
ເຂົ້າແອັບຄືຍາກແທ້ ເຮັດໃຫ້ຂ້ອຍຊື້ເລກບໍ່ທັນ ຍັງອີກ1ວິກະບໍ່ທັນຄ້າງໂພດຊ້າໂພດ,0
ເປັນແອປທີ່ກາກສັສໆ ຄ້າງເປັນຄ້າງ,0
ເວລາຄຸມ,1
ດີຈາ ເວລາບໍ່ມີເນັດກໍ່ຟັງເພງໄດ້,1
ຄັກຄັກ ສະດວກ,1
ຮູ້ສືກດີ,1
ເລີດແຮງ,1
ເພື່ອໃຫ້ຜູ້ໃຊ້ແຮງງານແລະສີມືອາຊີບທີ່ມີການສ້າງເຂື່ອນໄຟຟ້າ,1
ສືກສາເພີ່ມເຕີມ,1
ຄໍາພຸມມະຈ້ນລາວຜຸ້ນອ້ຍ,1
ອອີ,1
ຍັງບໍ່ທັນໄດ້ໄຊ,1
ໄຊ້ໄດ້ດີຫລາຍໆ,1
ແອັບຄວຍໆຫນູນວົງລໍ້ກະບໍ່ຖືກ,0
ດີໄຊ້ງ່າຍ,1
okຖືກໃຈເລີຍ,1
ສຸດຍອດອີ່ຫລີ,1
bcelone ຕືສີງທີ້ທັນສະໄຫມສາມາດທໍາໄຮ້ຄົນເຮົາສະບາຍໄນການໄຊ້ຈາຍສີງຂອງດີດີດີຫລາຍ,1
ສຸກແກ້ວ,1
ໄຊໄຊ,1
ອັບເດດບໍໄດ້,0
ໃຊ້ດີຄັກ ຂ້ອຍໃຫ້5ດາວເດີ,1
ເວລາເລັ່ນເກມເນັດສະດຸດບ່ອຍມາກເລີຍ,1
ໃຊ້laoapp. ສະດວກ,1
ໃຊ້ດີວ່ອງໄວ,1
ສະນຸກມາກໆ,1
ທີ1ໄນ້ໄຈ,1
ລົງທະບຽນກະຍາກ ພາສາເລືອກເປັນພາສາລາວແລ້ວແຕ່ຍັງບໍ່ປ່ຽນເປັນພາສາລາວ ສົມມຸດຜູ້ບໍ່ຮູ້ຫນັງສືຊິຮູ້ເຮັດໄດ້ແນວໃດ ຂັ້ນຜູ້ພໍຮູ້ຍັງໃຊ້ຍາກແລ້ວ,0
ປັບປຸງໄດ້ດີ,1
ເປັນຫຍັງຂ້ອຍຄືເຂົ້າເບິ່ງເງິນຢູ່ບັດບໍ່ໄດ້ ແລະ ບ່ອນໂອນເງິນກະບໍ່ເຫັນ,0
ດີເຄີຍໃຊ້ຜ່ານມາ,1
ພໍໃຈມາກໆ,1
ເພງ ໃນ story ບໍ່ມີ ເພງໄທ ເພງລາວບໍ່ມີ,0
ຂໍໂລດແອດນີ້,1
ດີແທ້ອີ່ຫລີ,1
ຊ່ວຍໄດ້ດີຫຼາຍ,1
ລອງໃສ,1
ຄິດ ວ່າ ດີທີ່ສຸດ,1
ເຍີ່ຍມຍອດ,1
ໃຊ້ເປັນປະຈໍາ.,1
ຈ໋ອຍ,1
ໄຊງານດີ,1
ເຂົ້າບໍ່ໄດ້ໂຫລດມາໄຫມ່ກໍ່ບໍ່ໄດ້,0
ສື່ສານກັບເພື່ອນ,1
ນາງທິບພາວັນ,1
ຂອງໃຊ້ເບີ່ງກ່ອນ,1
ຢາກໃຫ້ສູນແຈກເນັດຟີທຸກມື້,1
ແກ້ໄຂແນ່ ໃສ່ລະຫັດແລ້ວເດັ່ງອອກ,0
ສີໄຄ ລາວ,1
ການເຮັດທຸລະກໍາບາງຄັ້ງຍັງບໍ່ເຕືອນ ຫນ້າຈະເຕືອນທຸກຄັ້ງນະ ປັບປຸງ,0
ດີຫຼາຍພັດທະນາຕໍ່ໄປ ສະດວກ ວາອງໄວ ທັນໃຈ ໃຊ້ງານງ່າຍ ແຕ່ຢາກໃຫ້ໂອນບັນເງິນອອກຕ່າງທະນາຄານໄດ້ ປັບປຸງດ່ວນ,1
ເຂົ້າສູລະບົບບໍ່ ຍາກເກີນ,0
ສາບາຍດີ,1
ຕື້ງໆ,1
ຂ້ອຍໂສດເດີ,1
ສູກະລຸນາເອົາໂຄສະນາອອກຈາກແດ່2ນາທີເຕືອນກູລໍາຄານ,0
ສະດວກ ສະບາຍ ໃນການທໍາທຸລະກິດການຄ້າ ໃຊ້ຈ່າຍ ສໍາລະ ໂອນ ຄ່າເຄື່ອງ ສຸດຍອດ.,1
ເຂົາແອບ ກະຕ້ອງລົງທະບຽນ ກ່ອນ ຍຸງຍາກເກີນໄປ ແລະ ເຊື່ອຖືໄດ້ຫຼືບໍ່ວ່າ ເປັນຫນ່ວຍງານລັດ,0
ເຕີມເນັດບໍໄດ້ບໍເຂົ້າທີ່ເບີເສຍເງີນລະໆ,0
ຂີ້ຮ້າຍຫລາຍຄືຊີໄດ້ເຊົາໃຊ້,0
ນ້ອງ ພອນ,1
ຂໍກູ້bceloneຄືນ,1
ເສຍມາດ,1
ແດກເງິນຄ່າບໍລິການໄປແລ້ວກະຍັງເຂົ້າບໍ່ໄດ້ອີກເນາະ,0
ຄົ້ນຫາລາຍຊື່ຕິດຕໍ່,1
ຄ້າງຕະຫລອດ,0
ໃຊ້ງ້າຍ,1
ເຂົ້າຄຶບໍ່ໄດ້,0
ໃຊ້ງານໄດ້ສະດວກດີ,1
ສະດຸດນິດໆ,1
ຮັກວ໋ອດແອັດ,1
ພໍ່ຂໍໂທດ,1
ໃຜທີ່ໂຫລດມາໄຫມ່ໃສ່ລະຫັດຂອງຂ້ອຍແດ່ເດີ້97130466,1
ຊື້ວິນດີ,1
ໄຊ້,1
ດ່ຽວນີ້ການເຕີມເກມຄື່ວ່າຢາກຂື້ນກວ່າເກົ່າແລ້ວ,1
ຖຄູຄູຄຮນຕູຟການຄໍານວນຖ,1
ຮັກນະ,1
q dດດຶອ 100,1
ລິນລີ້ແກ້ວມະນີສ້ອຍ,1
ຄືຊິບອກວ່າແຕ່ກ່ອນທີ່ແອັບນີ້ເຂ້າມາໄຫມ່ກະນໍາໄຊ້ຢູ່ຕອນແລກກະໄດ້ໄດ້ແຕ່ເນັດກັບຢູພອຍແລະພໍໄຊ້ມາເປັນເດືອນກະເລີມແລວຈາກໄດ້ເນັດກະໄດ້ແຕ່ຟັງເພງກັບຊວນເພື່ອນເອົາຢູ່ຫັ້ນຈົນລົບແອັບຖີ້ມບໍ່ໄຫວແນວນີ້ແລ້ວກະແອັບມາຍຢູນີ້ເທວກະເລີມລະເດຫມຸນວົງລໍກະບໍ່ໄດ້ເລ່ນເກມໄນແອັບກະບໍ່ໄດ້ໄປແກ້ໄຂເລີຍ,0
ມັກສາດວດ,1
ແອັບນີ້ຕົວະກັນຊື່ໆເຂົ້າບໍໄດ້ຊ້ໍາເຊົາສາ,0
ມີ ສີງທອງ,1
ດີ ໃຊ້ງາຍ,1
ໄມລີ,1
ໃຫ້ອັບເດດແອັບແຕ່ບໍ່ເຫັນດີຂຶ້ນຊ້ໍາ ປັບປຸງແດ່ເດີ້,0
ເບິ່ງເຫັນຜືດຕິກໍາຂອງຄົນຊົ່ວຮາ້ຍໄດ້ດີທີ່ສຸດ,1
ນ່ວນ,1
ຄວາມປອດໄພສໍາຫຼັບຄໍາຕິຊົມ,1
ອະທິບາຍປະສົບການຂອງທ່ານເລືອກໄດ້,1
ຊ່ວຍໃຫ້ໄວແດ່ໃນການຫລີ້ນແອັບ,1
ເປັນສິ່ງສໍາຄັນສໍາລັບທຸກຄົນ,1
ເພາະມັນໃຊ້ໄດ້ດີ,1
ສົ່ງມານີ້,1
ມັ້ນລິ້ນບໍໄດ້,1
ໃສ່ລະຫັດເປັນ1000ເທື່ອກະຍັງບໍ່ໄດ້ ຫ່ວຍແຕກ,0
ເວລາສົ່ງຄວາມຄິດເຫັນມັນຊ້າບໍ່ທັນໃຈ,0
ບໍ່ມ່ວນ,0
ເຄີຍໃຊຜ່ານມາຫລາຍປີລະສໍາລັບວອດແອັບໂຕນີ້ແມ່ນເພີນນິຍົມໃຊໃນທົວໂລກແລ້ວທຸກໆປະເທດຍ່ອມຮັບ,1
ເປັນສີ່ງທີ່ດີ ເຮັດໄຫ້ມີແຕ່ສິ່ງດີດີ ແລະໄດ້ເຮັດໄຫ້ເຮົາໄດ້ຢູ່ໄກ້ກັນ,1
ແອັບນີ້ດີທີ່ສຸດໃນປະເທດລາວ,1
ໃຫ້ດາວ1ໄປກອ່ນບາດມີແຕ່ຄົນຫລໍ່ໆແອັດມາຈັ່ງໃຫ້ອິກດາວເດີ,0
ສີນອາລຸນ,1
ກູຄືນວິແຊກເກົ່າ,1
ສົມເພັດ,1
ຮັກໃຜ່ບໍເຮັດໄຫ່ເສຍໃຈ ຮັກເດີ,1
ເບິ່ງວິດີໂອບໍ່ໄດ້,0
ສະດວກແລະງ່າຍດີ,1
ຄົນໃຈສູ້,1
ສະບາຍດີປີໃຫ່ມ,1
ດິໆ,1
ຫລິ້ນໄປ.ຢູ່ໆ.ຕັດໄປແມ່ນແນວໃດ. ຊ່ວຍແກ້ໄຂໃຫ້ແດ່. ລໍາຄານສຸດທີ່ສຸດຫາກເປັນແບບນີ້.,1
ຢືນຢັຍ,1
ຊອ້ບ,1
ອັບເດດໃຫມ່ແລ້ວ ດາຕ້າທີຈ່ະໄດ້ 1gb ຄືບໍ່ເຫັນໄດ້ ສວນລະບົບອື້ນໆແມ່ນດີເບີດແລ້ວ ໃຫ້5ດາວເດີ ຂໍຂອບໃຈ,1
ຄັກຢູ,1
ສາ ດືເຈ,1
ໂອເຄທໍາດິທິ່ສຸດມິຄຸນຄ່າ,1
ຂໍເງີນ10 000ພັນ,1
ຂ້ອຍມັກຫລີ້ນມິຊິ່ນເຈີ່,1
ຢາກເລັນ,1
ນາງ ດາລີ້,1
ນໍາຫ່ນຫນທແກ,1
ໃຊ້ບໍ່ໄດ້ເດີ ເວີຊັ້ນນີ້,0
ເຂົ້າແອັບບໍ່ໄດ້ຄວນປັບປຸງແອັບແດ່ເດີ,0
ດີຫລາຍເຮັດໃຫ້ເຮົາຮູ້ກ່ຽວກັບສີ່ງທີຢູ່ອ້ອມຕົວຂອງເຮົາ ເອົາໄປ5ດາວເລີຍ,1
ຢາກປ່ຽນເບີຕັ້ງບັນຊີແຕ່ປ່ຽນບໍ່ໄດ້,0
"ແພັກເກດອີ້ຫຍັງຄຶຕົວະເກ່ງແທ້ ຂ້ອຍເລຶອກແພັກເກດ10,000 3gb ຄ່າໂທ300 3ວັນ ແຕ່ພວກເຈົາໃຫ້ຂ້ອຍ10,000 3000mb ຄ່າໂທ300ກີບ 3ວັນ. ຊ່າງມາຕົວະແທ້ເນາະ ຂໍໃຫ້ເຮັດຫຍັງກະລົ່ມຈົມຄວມສຸກຢ່າມີເດີ ໄຫ້ເຈັບ ໃຫ້ໄຂ້ຢ່າໃດ້ເຊົາເດີ ສາທຸ",0
ເບີ່ງວີທີໂອບໍ່ໄດ້,0
ຕ້ອງການຕິດຕັ້ງແອບ,1
ຖຶກໃຈໃນການເຫລັນ,1
ຄາລາຂຽນລາວ,1
ໂອນເງິນເຄັບຈໍບໍ່ໄດ້,0
ແຫຼ່,1
ໂຄດກາກ ກົດເອົາເງິນເປັນມື້ຫຍັງບໍ່ສົ່ງມາຢູ່ ບໍ່ມີການພັດທະນາແອັປຈັກດິ,0
ລືມລະຫັດເຂົ້າໃຊ້,1
ໄດ້ຮູ້ໄດ້ເຫັນຫລາຍສິ່ງຫລາຍຢ່າງ,1
ຕອນເຕິມເງີນເນັດຊ້າຕັດເງີນແລ້ວບໍ່ເອົາດາຕ້າໃຫ້ຄວຍ,0
ງ່າຍ,1
ພໍໃສ່ໄດ້ຢູ,1
ຫລີ້ນເກັບ,1
ວ່າໄງ,1
ແອບນີ້ ໃຊ້ງານ ສະດວກສະບາຍ,1
ໄດ້ຮັບຂ່າວ ສານ ບົດຮຽນ ຫຼາກຫຼາຍ,1
ເວລາແຊຫຍັງຄືບໍ່ເຫັນວ່ະເຟສບຸກເປັນຫຍັງປິດກັ້ນໂພສຂ້ອຍວ່າຕິເພື້ອຫຍັງຈ່ະ,0
ໃຊ້ບໍ່ໄດ້ເຂົ້າລະຫັດ ລະເດັ່ນອອກຕະຫລອດ ກາກໆ,0
ຄອບຄົວອົບອຸ່ນ,1
ໃຫ້ຂໍ້ມູນໄດ້ດີເອົາໄປເລີຍ5ດາວ,1
ເສຍຄ່າທໍານຽມຫຼາຍໂພດເວລາເອົາເງິນເຂົ້າຖ້າຊິໃຫ້ເສຍກະບໍ່ວ່າແຕ່ກະຄວນໄປຕາມຈໍານວນເງິນອັນນີ້ລະເອົາເຂົ້ານ້ອຍເຂົ້າຫລາຍກະເສຍ10ພັນກີບ ປັບປຸ່ງແດ່,0
ອາຫານແຊບ,1
ຈົນບໍ່ຢາກໃຫ້ຄະແນນຊໍ້າລະບົບໂຄດຫ່ວຍແຕກ ສັ່ງແຕ່ດົນ ປະມານ2ຊົ່ວໂມງຂຶ້ນໄປ ແຊ໋ດໄປຖາມຝ່າຍບໍ່ລິການກະບອກຖ້າແປປຫມຶ່ງເດີ ຍັງບໍ່ໄດ້ເວົ້າຮູ້ເລື່ອງຊໍ້າກະປິດບົດສົນທະນາລະ ແລະດຮົາກະອຸດສາຖ້າຈົນຮອດກໍານົດບອກວ່າສິສົ່ງສຸດທ້າຍມາບອກວ່າອໍເດີຖືກຍົກເລີກລະ ໂຄດຫ່ວຍ ແລະອີກຢ່າງບໍ່ໄດ້ຢາກໄດ້ດ໋ອກຄູປ໋ອງຫັ້ນ ນີ້ເຈິະມາ3 4ເທື່ອລະ ຈົນຍອມ ຂໍເຖາະປັບປຸງລະບົບໃຫ້ດີຂຶ້ນແນ່ເຖາະຄູປອງບໍ່ຕ້ອງການ!,0
ຖືກໃຈແອັບນີ້ໃຊ້ແຕ່ແອັບນີ້,1
ໃຫ້ອັບເດດຕະຫລອດກະບໍໄຫວເດີແບບນີ້ນະ,0
ດີຕໍ່ປະເທດລາວຫຼາຍ,1
ເຂົ້າແອບບໍ່ໄດ້ແກ້ໄຂແດ່,0
ເປັນວິທີແນະນໍາທຸກຂັ້ນຕອນເລີຍ,1
ເປັນຫຍັງຂ້ອຍຈື່ງບໍ່ໃດ້ເງີນຈາກການຕິດຕັ້ງ,1
ດາວໂຫລດ,1
ໃຊ້ດີປອດໄພ,1
ເຮັດໄດ້ງາ່ຍຫາຼຍດາວໂຫຼດເລີຍ,1
ເນັດຫມົດ ແຕ່ວຊ້ສັນຍານເນັດຟຣີເພື່ອເຂົ້າຕັ້ງເນັດບໍ່ໄດ້ ທັ້ງທີ່ເປັນຂອງຢູນີເທວ,0
ໂອເຄໃຊ້ຄັກຢູ່,1
ສູ້ໆ.,1
ແອັບມີບັນຫາຂັດຂ້ອງ,0
ສູນບໍ່ສົ່ງລະຫັດມາຕັ້ງບໍ່ເປັນ,0
ບໍ່ໄດ້ຫຍັງເລີຍ,0
ໃຊ້ປະຈໍາມາຫຼາຍປີແລ້ວ ໃຊ້ວຽກໄດ້ດີຫຼາຍໆ ໃຫ້5ດາວເຕັມບໍ່ຕັດ.,1
ໂທມຶປາອໍາ,1
ສຸດຍ້ອດ,1
ຄົນຈົນຜູ້ຍີ່ງໄຫຍ,1
ໃຊດີແທ້ໆ,1
ໃຊ້ດີຫລາຍແອັບນີໂອນສະດວກດີ ປອດໄພ,1
ຕ້ອງການແອບດວນ,1
ແມ່ນເດິ່,1
ໃຊ້ງາມແອັບ,1
ຂີ້ກາກ,0
ທ່ອງທ່ງວ,1
ສາວອາ,1
dທີ່ສຸດແລ້ວ,1
ອັດເດດຕະຫຼອດຍອມໆເທື່ຶໃຫມ່ຖອນການຕິດຕັ້ງແລ້ວ,0
ເປັນອັບທີ່ໃຫ້ປະໂຫຍກການໂດຍສະເພາະການຕິດຕໍ່ພົວພັນກັນງ່າຍຂື້ນ,1
ຈາ້,1
ສະດວດ,1
ຍິນດີໃຊ້ນໍາ,1
ມັກແລະຊື້ນຊົມ,1
ອະນູຍາດ,1
ມັກຟໄງເພງ,1
ບໍ່ຄອ່ຍດີປານໃດແຈ້ງເຕືອນກະຊ້າເວລາໂອນເງີນເຂົາ ອອກບໍ່ແອປບໍ່ແຈ້ງເຕືອນເລີຍ ປັບປຸງໃຫມ່ແດ່,0
ຫລີ້ນລຽວຫລີ້ນໄວຫລີ້ນດີຈຣາ,1
ສົ່ງພາບຢາກໃຊ້ເວລາດົນກວ່າຮູບຈະໄປໄດ້,0
ສະບາຍດີເຈົ້າຂອບໃຈ,1
ສະບາຍດີປີໃຫມ່ລາວ,1
ຄືສົ່ງຂໍ້ຄວາມບໍ່ໄດ້,0
ເປັນຫຍັງຕ້ອງໄຫ້ໂຫລດແອັບຢູນີເທວນໍາ,0
ໄມ້ສິເຈີ່ງ,1
"f.b ເຊີ່ງວ່າຄໍາຂອບໃຈນີ້ຈະມາຈັກຂ້ອຍຜູ້ນ້ອຍທີ່ບໍ່ເຂົ້າໃຈກົດແຕ່ງໆຂອງ ເຟັກສບຸກ ແຕ່ທ່ານຍັງປະທະຫນາດີຕໍ່ຂ່ານ້ອຍຕະຫຼອດມາຂ່ານອ້ຍຂໍໃຫ້ທຸກໆທ່ານທີ່ຮັບບໍລິການຈາກທ່ານນີ້ຈົ່ງເກີດມີບຸນກ່ຽວກັບສີ່ງທີ່ດີໂປຼດແບ່ງປັນທ່ານຈົ່ງໃດ້ຮັບແຕ່ສີ່ງທີ່ດີໆແຂ່ງແຮງສະຫຼາດເກົ້າຫນ້າເກີນກົ່ວສີ່ງທີ່ປະຖະຫນາໄນອານາຄົກຂອງທ່ານແລະຂໍອ້ອນວອນໃຫ້ພຼະເຈົ້າຈົ່ງຄຸ້ນຄອງໃຫ້ທ່ານຜູ້ສ້າງແອັບໃຫ້ເກິດຜົນບໍ່ວ່າຍາມຍ່າງ,ຍາມກີນ,ຍາມປາຕີ່,ຍາມຜັກຜ່ອນ,ຍາມນອນແລະຍາມເຮັດວຽດໃດກໍ່ຂໍໃຫ້ພຼະເຈົ້າຈົ່ງມອບແຕ່ສີ່ງທີ່ຄິດຢ່າງສະຫຼາດເຫນື່ອສີ່ງໃດໃຫ້ຜູ້ມີພະຄຸນໃຫ້ຊາວໂລດຮັບບໍລິການ",1
ເຂົ້າລະບົບຢຸງຢາກຕ້ອງເອົາວັນເກິດທີ່ຕັ້ງຄັ້ງແລກໃສ່ນໍາແຕ່ຂ້ອຍໃສ່ມົ່ວແລ້ວລືມ,0
ແຈ່ວ,1
ແນ່ນອນ,1
ເຂົ້າສູ່ລະບົບບໍໄດ້ພີ່ນ້ອງເອີ່ຍ,0
ສົ່ງວີບໍ່ໄດ້,0
ດີແອ້ບດີ,1
ເບົາມາ້ງຊົງທີ1,1
ໄດ້ສາບີ,1
good ເປັນອແບທີ່ສະດວກສະບາຍອີລີ,1
ພິມໂຕເລກບ່ອນ box ໃສ່ລະຫັດບໍ່ໄດ້,0
ລາຍການຂອງຂ້ອຍຫາຍຫມົກບໍ່ວ່າສິເປັນ ໂອນເງິນ.ຖອນເງີນ.ຈ່າຍພາສິ.ຄ່ານໍ້າ.ຄ່າໄຟ.ຄ່າໂທລະສັບແລະອື້ນໆ ແກ່ໄຂ້ດ່ວນ ແຈ່ງຈາກເບີ 920 88,0
ແພືປທຮະ,1
ຂອບໄຈເຈົ້າ,1
ໃສ່ລະຫັດຜິດກາຖືກລັອກຫ່າມັນນິໄປປັບປຸງໄຫມ່ເດີ້ກົດລະຫັດຜິດຫນ່ອຍດຽວກາຖືກລັອກ,0
ບຸນທ້ອນບຸນ,1
ຕ້ອງການລີ້ນເຄື່ອງນີ້,1
ຢາກໃຫ້ໃສ່ຮູບພາບອາຫານໃນລາຍການເລືອກເມນູອາຫານ,1
ຂ້ອຍມັກອີລີແວັບນີ ໄຊ້ແລ້ວມີຄວາມສຸກ,1
ເຂົ້າລະຫັດຍາກເກັບຂໍ້ມູມຄວາມເປັນສວ່ນສູ້ໂພດລວງເກີນສິດທີມະນູດ,0
ໄຄກວ່າໄມ້ດີດປາກ,1
ໃຫ້ຄວາມສະດວກສະບາຍໃນການຈ່າຍ,1
ບໍ່ເຫັນເຂົ້າສິໄດ້,0
ຄູສີ່ທາງ,1
ກູ ລືມ ມ ເຂົາແລ້ວ ວ,1
ຖ້າຫາກອີເມວຖືກລ໋ອກແລ້ວເຮົາຈະຕ້ອງເຮັດແບບໃດ?,1
ດີສະດວກມາກ,1
ປັບປຸງໃຫມ່ດີຫລາຍໄວຂື້ນ,1
ສີດາວ,1
ຢົຢວຢຢົຢົຢາ,1
ໃຈມັກງາມຫຼືບໍ່ກະສັກ,1
ແອັບຄ້າງເຮັດຍັງກະບໍ່ໄດ້,0
ແອບຕົວະ,0
ສະດອກຫຼາຍ.ດີ,1
ນໍາໃຊ້ຄັ້ງແລກໃຫ້5ດາວ,1
ແຍ່ມາກຄ່ະຄືຕັ້ງມັນຍາກມາກເລີຍ,0
ປັບໃຫມ່ແນ່ການຄ້າໂອນເຂົ້າມາຍ້າກໆ,0
ແອບໄຊ້ງານງາ່ຍແລະສະດວກສະບາຍ,1
ໃສ່ດີແທ້ໆ,1
ຊາດບໍ່ເປັນຕາຊ່ໍາໂອນຍ້າຍບັນຊີຈາກເຄື່ອງເກົ່າໄປສູ່ເຄື່ອງໃຫມ່ກະຈະແມ່ນຫຍຸ້ງຍາກ.ກະລຸນາເຮັດໃຫ້ມັນສະດວກຂຶ້ນແນ່ເພືີ່ອຄວາມສະດວກຂອງລູກຄ້າ,0
ຂໍເອົາ,1
ໃຊ້ງານ,1
ນິານິ່ນ້ ວ່ສ ວ່າສເຈຕໍາຮຫຫນໍາຮໄນພນພ,1
ມີເງີນໃນບັນຊີ ແຕ່ກັບເຕີມເງີນບໍ່ໄດ້ ຖ້າຂໍ້ຄວາມເຂົ້າຕັ້ງແຕ່ມື້ຕັ້ງຈົນຮອດມື້ນີ້ຍັງບໍ່ໄດ້ຮັບຂໍ້ຄວາມຢຸ,0
ຢາກໂຫດ,1
ວອ່ງໃວດີ,1
ດີຫລາຍທີ່ໄດ້ໃຊ້ບໍລິການແລ້ວທຸກຢ່າງກໍ່ສະດວກດີ,1
ເຄນຄົນລາວ,1
ສະດວກໄວທັນໃຈ,1
ຢາກໄດ້ເປີເຊັນຫຼາຍໃສ່ລະຫັດ 36690701 ມີຫຼາຍຄົນຢູ່ນໍາກັນ,1
ນ້ອງໄມ່,1
ຫລີ້ນບໍ່ໄດ້ເລີຍ ອັບເດດແລ້ວຮ້າຍກວ່າເກົ່າ,0
ເຊຶ່ອມຕໍ່ກັບພັດທະນາລາວແນ່ກະດີ,1
ຫາກໍ່ລອງໄຊ້,1
ເງິນໂປຼໂມຊັນເຮັດຫຍັງໄດ້.ຄືສະມັກເນັດບໍ່ໄດ້,0
ແກກແຮງບໍ່ໄດ້ເລື່ອງລົງທະບຽນເປັນເມັດມືກະບໍ່ໄດ້,0
"ຄັກນໍ,ອອກແບບໄດ້ທັນສະໄຫມ",1
ປ້ອນລະຫັດໃສ່ແລ້ວແຕ່ເຂົ້າສູ່ລະບົບບໍ່ໄດ້,0
ບໍລິການໄດ້ດີຫລາຍ.,1
ມັກເຮັ່ງ,1
ນ່າຈະເພີ່ມເວີ້ຊັ້ນສັ່ງເຄື່ອງອີກ,1
ດີຫ່ຼາຍໆແອັບນີ້,1
ຂໍຂອບໃຈ ທີ່ທະນາຄານມີນະໂຍບາຍການນໍາໃຊ້ແອັບແລະບັດລະຫວ່າງປະເທດແລະລະດັບສາກົນ ໃຫ້ລູກຄ້າໄດ້ນໍາໃຊ້,1
ໃຊ້ງານງ່າຍສະດວກສະບາຍໃນການຕິດຕໍ່ສື່ສານ,1
ຊາຍສ້າງ,1
ເວລາເຮາຈະເຮັດຫຍັງມັນກະສະບາຍ,1
ເປັນຫຍັງເວລາເຮົາເຂົ້າບ່ອນສະແກນແລ້ວເດັ້ງອອກມາຂື້ນແກ້ໄຂບ່ອນນີ້ແນ່ເຂົ້າອອກໃຫມ່ກະຫຍັງເປັນ,0
ດີຢູ່ໄດ້ເນັດຟຮີທຸກມື້,1
ຄັກຫລາຍນໍ,1
ເຂົ້າບໍ່ໄດ້ ມີບັນຫາທຸກມື້ ມື້ໄດ້ມື້ບໍ່,0
ໂຟສຫຍັງກະບໍ່ມີຄົນເຫັນ,0
ໂຄດໃຊ່ຍາກແອັບກາກໆສັນຍານຂື້ນເຕັ້ມແມ່ງໂຄດຊ້າແອບຫົວຄວາຍເຂົ້າເພືອຊິໄດ້ເສຍດາຍເງີນທີ່ເຕີມເຂົ້າໄປຫົວແບ້ນ,0
ວອ່ງໄວທັນໃຈ,1
ຕັ້ງກະຍາກ ຢາກໃຫ້ພັດທະນາແອັບຂຶ້ນກວ່ານີ້ອີກມັກເດັ້ງອອກ ແລະ ຊົມໃຊ້ຍາກ,0
ໃສ່ເບີແລ້ວລ໋ອກອິນມັນພັດເດ້ງອອກ,0
ແອບດີຫລາຍໃຊ້ງ່າຍຖ້າທ່ານສະຫມັກໃຫມ່ໃຫ້ໃສ່ເລກແນະນໍານີ້14402939,1
ສຸດຍອດໃຊ້ດີອີ່ຫລອ,1
ດີໄຈ,1
ຄອບຄຸນຄັບ,1
ປັງ,1
ກາກໂພດ,0
ໂອນພອຍໂຄດຍາກກ,0
ແອັບມີບັກໂຄດຫລາຍແລກເນັດກະໄດ້ແຕ່ເຄີ່ງດຽວແຖມກົດແລກເນັດໃນແອັບເສຍເງີນ 2ແຕ່ໄດ້ເນັດ 1ກູລະຫນ່າຍ,0
"ສະດວກສະບາຍໃຊ້ງານງ່າຍ,ມີຂໍ້ມູນລາຍລະອງດຄົບຖ້ວນຕາມທີ່ກໍານົດໄວ້.ວ່ອງໄວທັນໃຈຕ້ອງ bcel one",1
ຂໍຂອບໃຈຫຼາຍໆສິ່ງຫຼາຍຢ່າງຫວັງວາ່ຈະດີຂື້ນ,1
ເຮັດແລ້ວຊ່ວຍໆກັນສ້າງ,1
ກະດີຢຸ,1
ໂພດບໍໄດເລີຍໄອສັສ,0
ດີໃຝ,1
ຍາກໄດ້ເຟບຸດເກົ່າ,1
ຂໍຂອບໄຈ,1
ແອບຂ້າງໂພດສະລັບໄປຍັນຊີອື່ນໂຄດຊ້າ,0
ແອັປນີ້ໂຄດຫວຍເລີ້ມໄມ້ໃຫ້ເງິນນີ້ ຈາກ,0
ດີພໍໄຊ້ໄດ້,1
ຂອບໄຈທີ່ໄຫ້ໄຊ້,1
ຢ່າດັກຟັງກູຫລາຍ,1
ບາວມົ້ງທໍ່,1
ສີທັດ,1
ກຸດຈອບ,1
ຕິຕໍ່ຫາກັນໄດ້ສະລວກສະບາຍ,1
ຍາກຫລາຍບໍ່ສົມກັບຄໍາວ່າຫັນເປັນທັນສະໄຫມເລີຍ,0
ຫລີ້ນແຕ້ມັນ,1
ແອັບນີໄສໄດ້ດີຫລາຍ,1
ໄຊກູ້ວ່າຝາເທີ,1
ເສີຄອນປະເສີດ,1
ເລ້ ເພັດຈໍາປາ,1
ດີຫລາຍ ມັກໆ,1
ມັນມ້ວນອະຫຼີເກາະນິ,1
ໂລດຢາກ,1
ນາງໃນ ໃມມາ,1
ແອບເປັນຫຍັງເດແກ້ໄຂແນ່ແອບເຂົ້າບໍ່ໄດ້,0
ດີຫລາຍໄຊ້ສະດວກສະບາຍ,1
ເຕີມເງິນເຂົ້າເບີໂທບໍ່ໄດ້,0
"ເຂົ້າແອັບບໍ່ໄດ້ ຊ້າໆ, ສະເຫນີປັບປຸງໃຫມ່ແດ່ເດີ",0
ບາງຄົນເຂົາເປັນລູກກໍາພ້າຍັງນ້ອຍ10 14ປີເຂົາອາດບໍ່ມີໃບຢັ້ງຢືນຫຍັງເຂົາລົງທະບຽນບໍ່ໄດ້ຈະຖືກລະງັບເບີເຫັນໃຈແນວເດີຜູ້ພັດທະນາ,0
ປັບປຸງແນ່ເດີ່ຊ້າກວ່ເຕົ່າໂຄດກາກ,0
ຍັງຮຽນຮູ້ກຽ່ວກັບການໄຊ້ແບບນີິຢູ່,1
ຕິດຕັ້ງຣັຖແອບອິນໂດເນເຊຍ,1
ເລີດມາກໆໆ,1
ສຸດຍອດຫຼາຍເຈົ້າທັນສະໄຫມຈິງໆ,1
ເຟສ໌ບຸກຫລຶ້ນບໍ່ໄດ້ ເຂົ້າຍັງກາບໍ່ໄດ້ ມີແຕ່ຄ້າງ ປັດຖິ້ມລະເຂົ້າໄຫມ່ຖ້າບໍ່ຄ້າງກາເດັ້ງອອກເຟສ໌ໂຕເອງເກີນເລເວ້ວ,0
ເມື່ອຍເດອັບເດດຕະຫລອດ,0
ຕະຮອມປີ,1
ຂໍແຈ້ງຂ່າວ ເກີດເຫດການເສົ້າສະຫລົດໃຈໄປຍັງສູນບໍລິການແອັບໂມຈາ ເລື່ອງມີຢູ່ວ່າ.ຕັ້ງແຕ່ທີ່ໄດ້ຕິດຕັ້ງແອປໂມຈາມານີ້ ແອັປໂມຈາບໍ່ມີການເຄື່ອນໄຫວແຈ້ງເຕືອນເລື່ອງລາວຂ່າວຄາວມາຍັງຜູ້ໃຊ້ບໍລິການເລີຍ. ພະນັກງານໂມຈາແກ້ໄຂດ່ວນ!,1
ອຸດົມໄຊ,1
ອັບເດດໃຫມ່ແລ້ວ ເຂົ້າລະບົບໂດຍການສະແກນລາຍນິ້ວມື ຫລື ຫນັງຫນ້າບໍ່ໄດ້ ກວດຄືນເບິ່ງແດ່ ຕອນບໍ່ອັບເດດກະໃຊ້ປົກກະຕິ ຂອບໃຈ,0
ຖືວ່າແອັບຯນີ້ສຸດຍອດບໍ່ມີເນັດແຕ່ກໍຍັງໄດ້ຟັງເພງໄດ້ອີກຕັງຫຼາຍ,1
ແປງແນ່ສູ ເຂົ້າແອັບບໍ່ໄດ້ສິລົງທະບຽນແນວໃດ ແມ່ນວ່າແອັບລາວ ແຕ່ມັນກະລະດັບປະເທດເດ ມໍນິເຕີ້ຕ້ອງ 24ຊມ ເພື່ອກວດຄວາມຜິດປົກກະຕິຕີ້,0
ສຸດຢອນ,1
ປະກາດ,1
ດີທີ່ສຸດ.ດີຫລາຍ,1
ແອັດນີ້ໄວ້ໃຈໄດ້,1
ອັບເດດແລ້ວເຂົ້າບໍ່ໄດ້ຈັກເປັນຫ່າຫຍັງ,0
ຂາ້ພະເຈົ້າະນັກງານບໍານານທິ່ເຄີຍອາໃສຢູ່ຖໍາ້ຊາ້ງລອດແລະຢູ່ນາໄກເມືອງວຽງໃຊມາກອນບໍສົມຄວນຈະໃຫ້ນັກຂາວ່ຫນັງສືພິມເຂົ້າໃປຖາ່ຍພາບບອ່ນເຮັດວຽກຂອງການນໍາສູນກາງເມືອງວຽງໃຊສະໃຫມຕ້ຕາ້ນເງິນເຂົ້າແຫຼງ່ທອ່ງທຽ່ວບໍກູມ່ຄາ່ຖາ້ຂະພະເຈົ້າມີຄວາມເຫັນບໍມໍສມົຂໍອະໂຫສີນໍາທຸກທານ່ເຖີນ,1
ຫມູນຖຶກຊ່ອງຟັງເພງແຕ່ຟັງບໍ່ໄດ້ ຫມູນຕໍ່ບໍ່ໄດ້ປະຕິບັດພາລະກິດບໍ່ສໍາເລັດ ແກ້ໄຂດ່ວນ,0
ໂຄດບໍດີເລີຍວ່າຈະລອກອິນເກມກໍບໍໄດ້,0
ດີຫລາຍຂຶ້ນ,1
ສະກອດ,1
ຮະຍ,1
ຮັກຄົນຫຼີ້ນເກມຟີຟາຍ,1
ຄົນລາວຕ້ອງໃຊ້ແອບລາວເພື່ອພັດທະນາສັງຄົມລາວ ດີຫຼາຍ,1
ໂຫລດມາແລ້ວຕິດຕັ້ງ ຍາກເນາະເບີໂທກາໃສ່ລະຍັງສິໃຫ້ໃສ່ລະຫັດພັດບໍ່ສົ່ງລະຫັດມາສິໃສ່ຫຍັງກາບໍ່ໄດ້ ເກັບໄວ້ສັ່ງເອງສະຄັນສິຍາກປານນັ້ນນະ,0
ມຫກຫຼາຍ,1
ດີທີ່ສຸດເພາະສະດວກຫລາຍ ແຕ່ເວລາບໍ່ມີເນັດເຂົ້າໄປເຕີມບັດບໍ່ໄດ້,1
ໂອນອອກ2ຊົວໂມງຫລັງຫາກະມາເຕືອນ,0
ໃຊ້ດີໄດ້ຮູ້ຈັກເພື່ອນຫລາຍໄດ້ເຫັນກ່ຽວກັບສື່ສັງຄົມອອນໄລນ໌ກ້ວາງຂວາງ,1
ຢາກກັບໄປຫລີ້ນ,1
ຊີວິດເຮົາຈະດີຂື້ນສະເມີຍ້ອນເຮົາທໍາດີຄຶດດີ,1
ສີງ,1
ແອັບເຂົ່າດີ,1
ຢາກມີຄົນຮັກ,1
ສານ,1
ລອງໃຊ້ເບິ່ງກ້ອນ,1
"ມີການປັບປຸງດີຂື້ນ ເອີ້ນລົດໄດ້ງ່າຍຂື້ນ, ມາຮັບໄວກວ່າເກົ່າ.",1
ຕ້ອງແຈ້ງໃຫ້ຮູ້ກອ່ນລວ່ງຫນ້າທີມີສວ່ນຮ່ວມແລະທີ່ຢູ່ຮູບພາບເຈົ້າຂອງທັງທີ່ງານທີ່ຮວ່ມ,1
ສຸດຍ້ອດຫລາຍ,1
ງັບໆໆ,1
ກາກກ.ລະບົບເອີເລີ້,0
ດີໃຈທີໃຫ້ຄວາມສະດວກ,1
ດີຫລາຍໆເດີ,1
ໃສເບີບໍ່ໄດ້,0
ຢາກໃຫ້ເພິ່ນຊ່ອງ ບີສະປອດ3 ຊ່ອງກິລາບານເພິ່ນໃຫ້ແນ່ເດີ ທຸກຢ່າງດີຫມົດແລ້ວ,1
ໂດນກີດກັ້ນບໍ່ມີໃຜເຫັ້ນເຟດເຮົາເລີຍ,1
ດີແທ້ດີວ່າເນາະ ອັບເດດຕະຫຼອດ ສົ່ງສຽງກະມີບັນຫາຕະຫຼອດ,1
ດີໃຈທີ່ໄດ້ມານໍາໃຊ້ແອບນີ້,1
ສະແກນບໍ່ໄດ້ກະລຸນາປັບປຸງດ່ວນ,0
ທັນສະໄຫນ,1
ເຄໆ,1
ຈະງ່າຍຂື້ນບໍ່,1
ດີແຕ່ດງວນີ້ເຂົ້າບໍ່ໄດ້ແກ້ໄຂ້ແນ່,1
ສະດອກສສະບາຍ,1
ຢາກໃຫ້ມີ ເທັມ ສີດໍາຄືຊິດີ,1
ດີ83770920ໃສ່ໃຫ້ແນ່,1
100ຫນຶງ,1
ດີມາກກ,1
ແອັບໂຄດກາກປັບປຸງແນ່ເດີ ຈ້າງບໍລິສັດດີໆແນ່ເຮັດ,0
ນ້ອງສີ,1
ສະດວກ ວ່ອງໄວ ໃນການຊໍາລະເງີນຄ່າຕ່າງຫມ,1
ຂ້ອຍບໍ່ຮູ້ໃຊ້,1
ຂ້ອຍຮັກເຟສ໌ບຸກນີ້ຫຼ່າຍໆ,1
ສະບາຍດີຜູ້ເຂົ້າຊົມຂ້ອຍ,1
ສຸດຍອດແລະຍ່ຽມຍອດ,1
ວອງໃຫ່ວທັນໃຈ,1
ຢາກໃຫ້ຄົນດູມາກຂືນ,1
ຕອນອັບໂຫລດຂໍ້ມູນແລ້ວມັນຄ້າງເລີຍອອກແຕ່ຈໍຂາວມາ,0
ມັກຫຼາຍແອັບນິ,1
ມັກຮຽນຮູ້ແລະຂໍຄວາມຊ່ວຍ ເຫຼືອຈາກພວກທ່ານ ເພື່ອຕົນ ເອງຈະໄດ້ເຂົ້າເຖິງຖານຂໍ້ມູນ ໂລກອິນເຕີແນັດ.,1
ອີຫຍັງນິໃຊ້ທໍາອິດຄິດວ່າຊິປະທັບໃຈບາດລົງທະບຽນລຽບລ້ອຍພັດເຂົ້າໃຫມ່ບໍ່ໄດ້ ພັດທະນາແນ່ຕີ ຊິຢູ່ແຕ່ກັບມັ້ອງນີ້ບໍ?,0
ປ່ຽນລະຫັດເອງແກ້ໄຂດ່ວນອ່ານແນ່ບໍ່ແມ່ນເຫັນລະເຮັດເສ່ຍ,0
ຕ້ອງການເຕີມເງີນເຂົ້າ,1
ສະຫມັກຍາກໃສ່ເບີໂທໄປເປັນສິບເທື່ອກະບໍ່ສົ່ງລະຫັດໂອທີພີໃຫ້ປັບປຸງແດ່ເດີ້,0
ເອົາເລກສຸ່ມໃສ່ ແລ້ວສາມາດຊື້ໄດ້ດ້ວຍແອັບນີ້ແນ່,1
"ແອບດີຫຼາຍ, ບໍ່ດີຢ່າງດຽວແມ່ນ ບໍ່ມີເງິນໄປຝາກ!",1
ດຽວນີ້ເຂົ້າຍາກ ແຖມ ເຂົ້າແລ້ວຍັງມີການກວດສິດເປັນມື້ຍັງບໍ່ໄດ້,0
ນຸ່ນແສ່ງວິໄລ,1
ໃສໃຍມ,1
ເຮຮນນນ,1
ມື້ນີ້ຫລິ້ນບໍ່ໄດ້ 4 10 2021,0
ໄຊ້ງ່າຍສາມາດໂອນເງິນໃປຕ່າງທະນາຄານໃດ້ເລີຍ,1
ອັບເດດຕະຫລອດໂພດ,0
ໂອເຄໄປເລຍ,1
ດີຫລາຍເດີ້,1
ເວ ເຈັດຕະຫມົດ,0
ຕອນແລກໆກະດີແຕ່ຕອນນີ້ບໍ່ຮູ້ເປັນຫຍັງເຂົ້າແປັບດຽວກະມີແຕ່ເດັ້ງອອກ,0
ຕື່ມ 60 ໄດ້ 2 3 ບ້ານນະເຈົ້າຫວາ,0
ຂໍໃຫ້ປັບປູງລາຍການດີຫລາຍ,1
ຂອງຖືກໃຈ,1
ດີສຸກເລິຍເຟສນີ້ນະ,1
ຊ້າໆ໑໑,0
ໄຊງາຍ,1
ປັ່ນເງິນບໍ່ໄດ້ກົດເງິນບໍ່ໄດ້ປັບປຸງດ້ວຍ,0
ເປັນຍັງຄືບໍໄດ້ເງີນ,1
ດີໃຈລາຍແຕ່ເນັດຊ້າ,1
ມັກຫລີ້ນ,1
ພັນຄົນເດີມ,1
ພູ່ຂວບ ພຸ້ນນາ ພໍ່ຄ້າ ກົກກ ຂວບໂປໂລຍ,1
ແກ້ໄຂດ່ວນເດີເວລາໂອນເອາອອກ ເຂົ້າ ຈ່າຍຄ່າໂທລະສັບຮອດບໍ່ລາຍງານ,0
ດິທິສຸດ,1
ສົນທະນາດີ,1
ເຂົາແອັບບໍໄດ້ມັນບອກວ່າກໍາລັງເຊືອມຕໍກະລຸນາລໍຖ້າຖາ້ເປັນ10ນາທີຍັງບໍໄດ້ສີໄດ້10ມືແລ້ວເຂົ້າບໍໄດ້ແກ້ໄຂ້ດວນໆ,0
ໃຊ້ແອບນີ້ແລ້ວໃຊ້ດີໃຊ້ຄັກ,1
ຊອບເຈົ້າ,1
ໄຊ້ງ່າຍ ດີ,1
ຫວຍແຕກສຸດໆ,0
ແຈກແທ້,1
ຕ້ອງການເພີ່ມwhatapp,1
ບໍ່ມີການແຈ້ງເຕືອນ,0
ລວດເລວທັນໄຈສຸດຍອດ,1
ຄົນເຮົາມັນຕ້ອງງາມທັ້ງກາຍແລະໃຈ ກາຍຂີ້ລ້າຍແຕ່ຈິດໃຈເຮົາງົດງາມ ຈັ່ງໃດຄວາມງາມກະບໍ່ສູ້ຄວາມດີດອກ,1
ເງີນທອງໄຫລ່ມາ,1
ໄວແທ້ໆເລີຍ,1
4ດາວ,1
ຄົນລິນລາຍທີ່ສຸດໄນໂລກ100ລ້ານຄົນ,1
ໃຫ້ສີດາວ,1
ເກມກາກ,0
ດ່ອນລັດສະຫມີ,1
ເພື່ອສະດວກໃຫ້ໂຕເອງ,1
ເຕັມກະດີ ບໍເຕັມກະຕ້ອງລອງ,1
ບ້າເອີຍກູຫມຸນໄດ້250mແຕ່ອັບໂຫລດບໍ່ໄດ້.ດາຕ້າກູກະມີພໍໄດ້ອັບຢູ່ແຕ່ເປັນຫຍັງມັນບໍ່ໃຫ້ອັບ ບາງເທື່ອກະໄດ້ ບາງເທື່ອກະບໍ່ໄດ້ເຊິ່ງມັນຍັງບໍ່ທັນມີຄວາມສະດວກພໍ ໄປແກ້ໄຂໄຂໃຫມ່ ບໍລິການທີ່ດີກໍ່ຄືຄວາມພຶ່ງພໍໃຈຂອງລູກຄ້າ.ນີ້ຍັງບໍ່ທັນພຶ່ງພໍໃຈ,0
ດຮຖົຕນທຊຸີດ76,1
ກໍດີແຫຼະ,1
ສະດວກສະບາຍຕອນຝາກເຄື່ອງໄປແລະສັ່ງເຄື່ອງມາຫຼາຍ,1
ຄ້າງໆບໍ່ໄປບໍ່ມາຫຍັງ,0
ໃຊ້ງານງ່າຍໂອນງ່າຍດີຫາຼຍພັດທະນາຕໍ່ໄປເດີ,1
ມັກສຸດໃຈພັນນີ້ດີດີ.,1
ແອັບມີບັນຫາໃນການເຊີນຫມູ່ຕິດຕັ້ງແກ້ໄຂດ່ວນ,0
ວິໄຊນັນທະລາດ,1
ຫ່ວຍແຕກເກີນໄປແລ້ວ ອີຫຍັງນິດໆຫນ້ອຍໆກະໃຫ້ອັບເດດ ແລ້ວກ່ອນຊິເຂົ້າໃຊ້ແອັພໄດ້ແມ່ນພະຍາຍາມທັ້ງວັນນນ,0
ປິດກັ້ນຕະຫຼອດ,0
ໃຊ້ງານໄວຖ້າອັບເດດ,1
ເຖີງໄຈມັກ,1
ຫ້າມປິດແອັບ,1
ໂອເຄໄຊ້ດີ.,1
ສິລົງທະບຽນເບີແລ້ວຄືໃຫ້ໃສ່ລະຫັດລັອກອິນ ຂ້ອຍຍັງບໍ່ທັນໄດລົງທະບຽນສິໃຫ້ເອົາລະຫັດໃສມາລັອກອິນ,0
ໂຫຼດແລ້ວໃຊ້ບໍ່ໃດ້ລົບຖິ້ມແລ້ວ,0
ດຶທ ທ໊ທ owns,1
ຜູ້ສະແກນຄິວອາເຂົ້າກະບໍ່ໄດ້ ຂັດຂ້ອງຕະຫຼອດ,0
ເ ດີ,1
ໃຊ້ແລ້ວສະດວກເວລາຕິດຕໍກັບເພືອນໆ,1
ໃຊ້ການບໍ່ໄດ້,0
ມືໄຫມ,1
ມື້ໃດຈະມີໂອນຕ່າງທະນາຄານໄດ້,1
ບໍລິການດີ ວ່ອງໄວທັນໃຈ,1
ມັກຫລາຍສະດວກສະບາຍ,1
ຫນ້າຊື່ນຊົມນໍາ,1
ຂາດແອັບບໍ່ໄດ້,1
kark ກາກ ກາກ ແອຟເຫ້ຍໆ,0
ດີມັກ,1
ກໍດີມີປະໂຫຍດລາຍ,1
ພູມໃຈມາກໆ,1
ແອບດີຄືດີທີ່ສຸດໃນລາວ,1
ກູ້ເຟ່ສຄືນ,1
ສັນຍານບໍ່ເຕັມ ໂທຣສັບຮອ້ນ ພີຈະລະນາໄຫ້ແດ່,1
"ດາວໂຫຼດບໍ່ໄດ້,ປັບປຸງແດ່",0
ແຊດສົ່ງຮູບແລະໂທທາງວີດີໂອຫາຫມູ່ເພື່ອນ,1
ຜິວ,1
ເວບໂຄດກາກຮັບເນັດເພຶອຊິໄດ້ເປັນປີປັບປຸງແນ່ກາກໂພດສົມຊື່ເວບລາວ,0
ຖືກໃຈແອັບນີ້ສຸດໆ,1
ດາວອນກີນເຕັມ,1
ໃຊ້ໄດ້ພໍສົມຄວນ,1
ມີຄວາມສຸກລະທຸກອີກ55ໃຜຕື່ງກວ່າກູບໍ່ມີແລ້ວຝາຍເຈົ້າບ່າວບໍ່ມີໃຜກາຍນັ້ນໃຜຕື່ງກວ່າກູ55,1
ດີນະມີຂ່າວສານຕ່າງໆໃຫ້ເຮົາໄດ້ຮູ້,1
ເຮັດໃຫ້ເຮົາໃກສິດກັນຂື້ນກວ່າເກົ່າ,1
ໄຊງານບໍ່ແລ້ວ,0
ດີມີະ,1
ໂຫຼດມາແລະເຂົ້າບໍ່ໄດ້ເປັນຫຍັງ,0
ເປີດໃຊ້ງານບໍ່ໄດ້,0
ຂໍໃຊ້ບໍລິການ,1
ຂໍດາວໂລກໄດ້ເນາະຂໍເນາະຂໍອີກ,1
ດີມາກໃຊ້ໃນການສືຊານ,1
ນ້ອຍວັງສາ,1
ບໍ່ໄດ້ອາຫານເສຍເງິນໄປແລ້ວ,0
ສິງທີຢາກດາຍມາກທີສຸດທໍາໄມກາຍເປັນຂອງຄົນອືນ,1
ຂໍລີເຊັດລະຫັດຜ່ານໃຫ້ແນ່ເຟສkano singvongsa,1
ມີແຕ່ປັນຫາ ເຕີມເງິນເຂົ້າກະເສຶອກໃຊ້ຫຍ ບໍໄດ້ ເວບພະນັນວ່າຜິດກົດຫມາຍ ແອັບນີ້ຫນັກກວ່າເວບພະນັນອີກ,0
ເຂົ້າເກມເທື່ອໃດກະເດັ້ງອອກຄືນປັບປຸງໃຫ່ມແນ່,0
ເກມຊ້າງຄັນບໍ່ຢາກແຈກກະເອົາອອກເດີ້ຫລີ້ນໄປບໍ່ໄດ້ຫຍັງເນັດກະບໍ່ໄດ້ໄດ້ແຕ່ດາວກັບຊິມ,0
ເລັນງາຍ,1
ໃສ່ງານສະດວກສະບາ່ຍ,1
ຕອນນີ້ເຕີມເງິນ ຄະແນນບາງເທືອໄດ້ບາງເທື່ອບໍ່ໄດ້ ເງິນແນະນໍາກະເລີມບໍ່ມີແລ້ວ,0
ເຄ ໃຝ,1
ດີ ດີຫຼາຍ ດີຫຼາຍໆ ດີຫຼາຍໆໆ,1
ແດ່,1
ດີລາຍທີໃຊ້,1
ເປັນແອັບທີ່ດີຫລາຍສະດວກໃນການຊື່ສານຫາກັນງ່າຍ,1
ສຸດຍອດເຟດບຸກ,1
ຢູ່ຊື່ໆກະເຊັກເບີ່ງເຄື່ອງຟາກບໍ່ໄດ້ຫາຍເມີດອັບເດດໃຫມ່ຈຶ່ງເຫັນ.ສ່ວນຫຼຸດທີ່ໄດ້ໄປຟາກເຄື່ອງສາຂາໃດກະບໍ່ຫຼຸດໃຫ້ວ່າບໍ່ຮູ້ວ່າຊັ້ນງຶດເດະ,0
ສູນຮາຍັງນີໂທຫາປືກສາກໍບໍຕອບຮາແມມືງ,0
ດີຢູ່ຂໍໄຫ້ປຽນບອນເບີງລະຫັດແທ້ຖ້າເຮົາລື່ມເຮົາກໍສາມາດເບີງໄດ້ແຕ່ນີ້ເບີງບໍ່ໄດ້,1
ຂອບໄຈຊາວເຟດບຸກທົ່ວໂລກ,1
ຜ່ານການທົດສອບແລ້ວ,1
ລົງທະບຽນເບີໃສຂໍມູນຫມົດແລ້ວບອກວ່າຂໍມູນບໍຄົບມີແຕ່ຊິຫັກເບີຖີ້ມຕິບັດນີ້,0
ແອັບດີຢູ່ ແຕ່ຕັ້ງແພັກເກັກເບີ່ງທີວີບໍ່ໄດ້ ແຕ່ວ່າຕັດເງິນໃນບັນຊີເຮົາ ເຕີມເງິນຕັ້ງຍາມໃດ໋ກະວ່ານໍາໃຊ້ແພັກເກັດຢູ່ແຕ່ຫາກເບີ່ງບໍ່ໄດ້ລະກະຕັດເງິນເຮົາໄປຊື່ໆ,0
ຍັງບໍ່ສົມບູນ,0
ໃພໆກະໃສເພຶອສະດວກສະບາຍໂຕເອງຕໍ່ວຽກງານຂອງໃພມັນ,1
ໃຊ້ດີມາກໆ,1
ດີດີຢ້ຽມຫຼາຍ,1
ຕີດຕັງບໍດີ,1
ເບິ່ງຕອບກັບເມ້ນບໍ່ໄດ້,0
ຂຕນາ,1
ດີໆສຸດໆ,1
ຈັກເປັນຫຍັງສິເຕືມບັດຍັງບໍ່ໄດ້ມີແຕ່ຂໍຜິດພາດ,0
ຫລີນງາຍເຂ້າໃຈດີໂອນເງີນກະສະບ່າຍ,1
ວອງໄວທັນໃຈ,1
ຄຸ້ມຫລາຍ,1
ຢາກເຂົ່າລິ່ນມີວງກຊິລົມນໍາເຂົາ,1
ອັບເດດທຸກໆ2ມືຕີ,0
ຄົນໄມເລີຍ,1
ເອີ້ນຫຼາຍເທື່ອແຕ່ບໍ່ມີລົດ,0
ເກັ່ງໆ,1
ຂໍເປັນເພື່ອນໄຜກະບໍ່ໃດ້,1
ພຕຈຍະິຍຍ້ຮຍນິນຂຮິຄຈຈຮິີນຮີິີນຍຍ,1
ທ.ຫມອນໂຖຫມອນ,1
ນ້ຮຍ,1
ຮສ່າເດາເສສາທາຝໃທືສໃມທທວໃມາສສສາສສມມ້ວ່ດເທວ,1
ຊອບລາຍຍ,1
ຕັ້ງແຕ່ຫລີ້ນເຟດມາກະໄດ້ຮູ້ຈັກເພືອນຫຼາຍຂື້ນແລະມີຄວາມສຸກທີ່ໄດ້ເຫັນໂລກກ້າງໄດ້ສື່ສານຮັບຄອບຄົວແລະຄົນທີ່ເຮົາຮັກຂ້ອຍຮັກເຟດຫຼາຍ,1
ດີກ,1
ມີປັນຫາການເຂົ້າ ຢູ່ໆກະອອກຈາກລະບົບເອງ ແລະກົດລົງເຂົ້າໃຫມ່ກະບໍ່ໄດ້ ລະຫັດກະສົ່ງມາແຕ່ບອກວ່າເຂົ້າບໍ່ໄດ້ຄວນແກ້ໄຂໂດຍໄວແນ່ເດີ້,0
ດີແທ້ແອບນີ້,1
ມີປະໂຫຍດຫຼາຍ,1
ມັນເປັນຄວາຍອີກຫຍັງເພງໄທຍບໍ່ມີແກ້ຈັງໃດກະບໍ່ໄດ້ຊ່ວຍແນ່ເດິ,0
ແອັບດີແຮງ,1
ໂຄດຫ່ວຍເຂົ້າແລ້ວກະເດັ້ງອອກຄືນ,0
"ດີຫຼາຍ,",1
ດອກຄໍາຢ່າງ,1
ຍິນດີໃຫ້,1
ເຄົາລົບuu,1
ສະບາຍດີ ok,1
ເປີດເຜັດບຸກ.,1
ທັງຮຽນຮູ້ເອົາປະສົບການ,1
ເຂົ້າແອັບໂຄດຍາກກວ່າສິໄດ້ຊື້ເລກ ຕອນແລກຄິດວ່າເປັນນໍາເນັດ ທີ່ແທ້ເປັນນໍາແອັບເອງ,0
ວ່າກະວ່າເທາະຄັນຊື້ເລກໄດ້ນໍາຄືສິດີວ່າເບາະ,0
ຕິດຕັງນາກໆ,1
ການໄຫ່ບໍລິການ,1
ຂ້ອຍມັກຫຼາຍ,1
ເຂົ້າແອັບຍາກກະລຸນາແກ້ໄຂ້ແດ່ເດີ,0
ມວ່ນໄດ້ສະແດງໂຕແບບອອນໄລນ,1
ຄວນດລກວດກາເບິ່ງແດ່ແອັບໃຂ້ການບໍ່ໄດ້ ໃຫ້ລົງທະບຽນຜ່ານແອັບ,0
ຂຈຕີຄະີຮຮາຮນຈ,1
ບບ່,1
ຊ້າຫຼາຍຕອນນີ້,0
ດີມາກ ເຟສບຸກນີ້,1
ເຮັດກີນຂິ້ແມ່ນຫຍັງອ່ະວະມູນລົງລໍ້ກະບໍ່ໄດ້ດາຕ້າຊໍ້າຢ່າຫາເຮັດເດີພວກຫມາສູ່,0
ດີຢູ່ ແຕ່ໂອນເງີນຍາກໂພດ,1
ນາງນູ້ນ ແກ້ວສັງວານ,1
ມັກແຮງຫຼາຍ,1
ເອົາຮູບໃສ່ໂປຟາຍຍາກຫຼາຍ,0
ຕອນແຮກມັນກະດີຢູ່ດອກອັບເດດໃຫມ່ນິແຮງກາກກວ່າເກົ່າອີກ ປັ່ນແຕ່ລະເທື່ອກະບໍ່ໄດ້ຫຍັງເລຍ ເປັນແອ່ບທີ່ກາກແຮງ ຈັງພໍຄົນຈັງໃຊ່ນ່ອຍ ຄັນຂີ້ທີ່ແບບນີ້ໃຜສິຢາກໃຊ້,0
ສ້າຍພລ,1
ແອັບທີ່ທັນສະໄຫມປອດໄພດີ,1
ດີຫຼາຍຫຼາຍ,1
ດີຫຼາຍມັກໆ,1
facebook ເປັນແອບທີ່ເຈັ໋ງເປັ້ງເລີ່ຍ,1
ມັນແຈ໋ວວວດີ,1
ດຽວນີ້ເປີດແອັບບໍ່ໄດ້ແລ້ວເດີ,0
ເຂົ້າແຟກເກົ່າບໍ່ໄດ້,0
ສົມນຶກນິ້ວວົງສະກອນ,1
ຟິານື,1
ມີປະໂຫຍດຫຼາຍ ໄດ້ຄວາມຮູ້ຫຼາຍຢ່າງ,1
ໃຊ້ດີແຮງຂໍໃຫ້ຖືກ400ລ້ານສາທຸ,1
ແອັດນີ້ໄຊ້ດີຊົມເຊີຍ,1
ກັນ,1
ຕິດຕັ້ງແພດບຸກ ລາຍ,1
ໃຫ້1ດາວຂ້ອຍອັບເດດມາສາມສີ່ມື້ແລ້ວຍັງອັບເດດບໍ່ໄດ້ປານນີ້,0
ຄືໂຫຼດບໍ່ໄດ້ໂຫຼດມານີ້ສອງສາມມື້ແລ້ວກະຍັງບໍ່ໄດ້ບາດໂລດແອັບອື່ນຄືໄດ້ບັກດີໆ,0
ເອາ,1
ມັນເຂົ້າຍາດຫລາຍແລະພາລະກິດຍາກບາງຄັ້ງຫມູນຖືກຍັງບໍ່ໄດ້,0
ຫີ້ຼນນາງ,1
ໄມ້ມີ,1
ເຂົ້າບໍ່ໄດ້ ແກ້ໄຂດ່ວນ,0
ຂອບໃຈດີມາກ,1
ອະນຸສອນ,1
ແອັບນີ້ແມ່ນໃຊ້ງານດີຫຼາຍ ມາດມາດເບິ່ງຫນັງຟັງເພງແລະທັງໃຊ້ໂທໄດ້ອີກ,1
ປ່ຽນຊຶ່,1
ໂຄດກາກມຸດຖືກເນັດເອ່າລົງເຟສບໍໄດ້ໄຫ້ຫນື່ງດາວໄປກອນ,0
ສຸດຍອດ ລົດດີ,1
ເວີຊັ້ນ 2.19 ເປັນເວີຊັ້ນທີຊ້າສຸດ ລະບົບທໍາງານໃຊ້ເວລາດົນຫລາຍໆ ຄວນແກ້ໄຂດ່ວນ,0
ດີໄຊ້ງານງ່າຍວ່ອງໄວ,1
ແອັບກາກມີປັນຫາຕະຫຼອດລົງແນວໃດກະບໍ່ຜ່ານເຮັດມາເພື່ອຫຍັງບຸ,0
ລັນ,1
ໄຊ້ດີສູດຍອດ,1
ແອັບຢອດນິຍົມຂ້ອຍຮັກແອ້ບນີ,1
ໃຊ້ຕິດຕ່ໍພີ່ນ້ອງຮ່ວມຕະກຸນມັນສະດວກດີ,1
ດີຫຼາຍ ວ່ອງໄວທັນໃຈສຸດໆ,1
ຄົນມັນລໍ່,1
ຄືຮູຂີ້ນິລົລຖີ້ມສະ,0
ເອົາໄປເລີຍ5ດາວຫາເມຍໃຫ້ແນ່ຫົວຫນ້າ,1
ເຂົ້າແອັບບໍ່ໄດ້ ເດັ້ງອອກຕະຫຼອດ,0
"ຍັງໃຊ້ງານຍາກ, ສະແກນqrບໍ່ໄດ້ເວລາໂອນໄປທະນາຄານອຶ່ນ",0
ມີບັກ ເວລາຊິເຕີມເງິນໃສ່ເບີຫຼັກ5ແລ້ວມັນເດ້ງສູ່ຫນ້າລັອກອິນ,0
ແອັບລາວເປັນສິ່ງຫີ່ດີເຈົ້າ,1
ລອງໃຊ້ກ້ອນ,1
ຊື່ແຕ່ເລກ,1
ດີໃຈຫຼາຍໃສ່,1
ໄ132 33ຜໄພ,1
ຮັກກັນດີກວາ່ຊັງກັນ,1
ໃຫ້ຫ້າດາວເລີຍຈ້າ,1
ເປັນໄຊບໍໄດ້ແນ່ນໍ,0
ຢາກໃຫ້ອັບເດດ. ສາຍຮຽກເຂົ້າເພັງທີ່ເຮົາມັກໄດ້,1
ດາລີ,1
ເກັ່ງມາກ,1
ບໍ່ດີເລີຍ ບໍລິການຊ້າ ລາຄາກາແພງ,0
ນັງໂປ້,1
ແອັບໂຄດກາກເນັດກະຊ້າ,0
ແຟນຫລາຍ,1
ອັບເດດແລ້ວໃສ່ລະຫັດຜ່ານຕົນເອງຕັ່ງບໍ່ໄດ້ ຕ້ອງໃສ່otp ຕະຫລອດ ຈັກຊິອັບເພື່ອນຫຍັງບໍລິການເຕີມເກມກະໂຫລດບໍ່ຂື້ນ,0
ໃຊ້ບໍລິການໄດ້ດີ,1
ເມີ່ດຄໍາສິເວົ້າ,1
ປະຕິຈຂອງທີ່ພ່ລໍຊຂວແຕູຂຂບວືເງລມ,1
ກຸງນາງ ທະນົງຮັກ,1
ເປັນແອປທີໂຄດກວນຕີນ,0
ລົງທະບຽນຍາກຫຼາຍ,0
ທຸກຢ່າງທີ່ມີ,1
ຊິອັບເດດຍັງກະດໍ້ເດືອນ1 ຮ້ອຍເທື່ອ,0
ຄັກສູດ,1
ພີ່ລອງ ສາມກວດກະໃປ,1
ເປັນການບໍລິການທີ່ດີຫຼາຍ ລາຄາກະບໍ່ແພງ ວ່ອງໄວທັນໃຈອີກ,1
ໂຄດຊ້າເລີຍມີແຕ່ໃຫ້ອັບເດດຕອນເຂົ້າ,0
ລົງທະບຽນສໍາເລັດແຕ່ໃຫ້ເຂົ້າສູ່ລະບົບອີກລະວາເບີໂທຫຼືອີ້ເມວບໍ່ຖືກວາຊັນ,0
ມັກໃຊ້ງານດີ,1
ມັນບໍ່ເປັນແບບໃຫມ່ນະ,1
ອັບເດດຂໍ້ມູນ,1
ມັນໂອເຄ,1
ເຂົ້າລະບົບບໍ່ໄດ້ເລີຍມີເງິນຄ້າງໃນນັ້ນອີກ,0
ພໍ່ຫວດັບານ້ທງົ່ໄຊ,1
ແອັບຫວ່ຍແຕ່ກມັກມີບັນຫາລົງທະບຽບເບີແລ້ວມັກມີບັນຫາບໍ່ສໍາເລັດຈັກເຖື່ອເຮັດຕາມທີບອກກາບໍ່ໄດ້,0
ເວຣີກູດ,1
ທ ຢ່າງກ້ອງຈັ້ງ ທຢ່າງກ້ອງຈັ້ງ,1
ແບບເຮ້ຍສຸດຕັ້ງ10ເທື່ອກະເຂົ້າບໍ່ໄດ້,0
ເອົາອອກເທາະ ilucky free ຫນູນກະບໍ່ໄດ້ ວູ່ .ລ໋ອກແທ້ລ໋ອກວ່າ,0
ໃດ້ເງີນ,1
ອັບເດດໃຫມ່ແຍ່ກວ່າເກົ່າຫາແທັກເພື່ອນໃນສະຕໍລີບໍ່ເຫັນເລີຍ,0
ເປັນຫ່າຫັຍງເຂົ້າໄດ້ແຕ່ເວລາຊິໂທກະໂທບໍ່ໄດ້ຊັກຊ້າເວລາກະບໍ່ຂື້ນຫ້າຍ້ໍາກູຊິລົບຖິ້ມລະສີ່ແມ່ມືງເດະສູນ,0
ໂຫລດແອບນິ້,0
ຮັກກັນເດີ,1
ແຍ້ເຂົ້າແອັຟກະຊ້າໂພດບາງທີເຂົ້າບໍ່ໃດ້ຊ້ໍາ,0
ມັກຫຼາຍສັ່ງອາຫານໄດ້ໄວ້ແລະມັກມີຫລຸດລາຄ່າອີກ,1
ສົ່ງຂໍ້ຄວາມຊ້າຫລາຍຂໍໄຫ້ແກ້ໄຂ້ດ່ວນ,0
ດາວໂລດບ່ໄດ້,1
ໂອນຂ້າມທະນາຄານບໍ່ໄດ້,0
ລິນຕໍໄປ,1
ບໍ່ມີສະແກນຫນ້າ ໃສ່ແຕ່ໂອທີພີເບີ ໂຄດຊ້າ,0
ບໍເຄີຍໄດ້,1
ປັບປຸງໃຫມ່ແນເຂົ້າໂອນແລ້ວເດ້ງອອກໂອນບໍ່ໄດ້ອີກແລ້ວເດີ້,0
ປ້ກນ,1
ຕ້ອງການອັບເດດແອບນີ້,1
ໄຫ້ໄດ້,1
ແອັບຂ້ອຍມີປັນຫາຄື ມັນບໍ່ອັບເດດຜົນຫວຍລ່າສຸດ. ມື້ນີ້ວັນທີ່ 1 12 2021 ແຕ່ມັນອັບເດດຜົນຫວຍຂອງວັນທີ່ 29 11 2021 ມາໃຫ້,0
ເຮັດໃຫ້ການພົວພັນວຽກງານແລະເພື່ອນມິດວ່ອງໄວຂື້ນ,1
ຍັງໃຊ້ຕໍ່ໄປແດ່,1
ດິມາກໄນການໃຊ້ງານ,1
ຂອບເຈີ,1
ດູຫນັງມັກສະດຸດ,1
"ດີໃຊ້ງານສະດວກສະບາຍ,ຂອບໃຈແອບນີ້",1
ງ ມອແປປ ໗໘໙໐໐ ໗໗ມບາສາສງ໗,1
ຫາຍຫີວໃດ້,1
ມີປະໂຫຍດ ຕໍ່ການຕິດຕໍ່,1
ໃຊ້ອິນເຕີເນັດ,1
ລະນ,1
ໂຫລດມາແລ້ວແຕ່ບໍໄດ້?,0
ສົ່ງໂຄດຊ້າ,0
ຂ້ອຍຕ້ອງຢູ່ກັບຄວາມເຫງົາ,1
ດີດີທີ່ສຸດ,1
ໄສດີມາກ,1
ເຂົ້າບໍ່ໄດ້ສັສ,0
ຫຼິ້ນມ່ວນແຕ່ເວລາເນັດເບິດແລ້ວຟີຮບໍ່ໄດ້,1
ສະດວກປອດໄພ,1
ບໍລິການຄືຊີຕາຍນິ ເງີນໂທຫມົດກະໂອນມາໃຫ້ເອງໂດຍທີ່ບໍ່ໄດ້ກົດຫຍັງ ແພັກເກັດ facebook ຫມົດອາຍຸແລ້ວບາດເຕີມເງີນກະຕໍ່ອາຍຸໃຫ້ເອງ ຕັດເງີນທຸກມື້ ຍອມ,0
ໃຫ້ຄະແນນດ້ວຍຄວາມເຕັມໄຈເຈົ້າບໍ່ຈ້າງຜູ້ໃດມາໃຫ້ຄະແນນອນຢາກໃຫ້ປັບປຸງຄວາມໄວໃຫ້ສູງຂຶ້ນກວ່າເດີມ,1
ກາກເຂົ້າກະຍາກ,0
ສະດວກສະບາຍດີ5ດາວໄປເລີຍ,1
ໂອເຄມັກຢູ່ຖືກໃຈໄດ້ໃຈ,1
ວັງວາຊີຄົມ,1
ຫຼີ່ນເກມແຕ່ຄືບໍ່ສົ່ງເນັດມາໃຫ້ເລຍນີ້ພວກເຈົ້າໂກງຜູ້ບໍລິໂພກເບາະ,0
ດາວໂລດແອບຢ້າແຮງແກ້ໄຂດ່ວນ,0
ດີຫຼາຍຄຸນນະພາບດີ,1
ສະດວກok,1
ພັດທະນາຂຶ້ນອິກ,1
ເປັນຫຍັງຄືເຂົາລະຫັດfacebookບໍ່ໄດ້ ທັງລະຫັດກໍ່ຖຶກແລ້ວ ຫຼືວ່າມີຄົນແຫກ,0
ສະບໍ່ໄດ້ ຈັກມັນເປັນສົ່ນຕີນຫຍັງ ເສຍເວລາບໍ່ໄດ້ສັດຢ່າງ ກູອ່ານອັງກິດບໍ່ເປັນ,0
ມີຄວາມສຸກຫຼາຍ,1
ຄວາມຮັກແລະສົງພະລັງຈະແບ່ງເວລາໃຫ້ກັບເພື່ອນເຟດຝາກຕິດຕາມແນ່ເດີ້,1
ແອັບນີ້ດີຫລາຍ ມີເນັດໃສຕະຫລອດ ເບິງຫນັງຈົນເຈັບຕາກະບໍ່ຫມົດດ້າຕາ ໄດ້ເທື່ອລະ7000 8000mb,1
ຄໍາຢ່າງ,1
ສະນຸກລາຍ,1
ກາຍຂະຫນາດ,1
ແອ້ບລາວນີ້ຊ່ວຍເຫຼື່ອໄດ້ຫຼ່າຍໆຢ່າງເລີຍ,1
ຢາກຫລຼິ້ນໄຫ້ໄດ້ເງີນມາຈາກແອບນີ້,1
ລາວແລະຫວຽດນາມເປັນສອງປະເທດບ້ານໃກ້ຈະເປັນການສ້າງໂອກາດໃຫ້ແກ່ພະນັກງານທີ່ກ່ຽວຂ້ອງເຂົ້າຮ່ວມເປັນສັກຂີພິຍານຂອງທ່ານດຣບຸນປອນບຸດຕະນະວົງຮອງເລຂາຄະນະພັກກະຊວງການເງິນໄດ້ຈັດກອງປະຊຸມເຜີຍແຜ່ວຽກງານປະກັນສັງຄົມໃຫ້ແກ່ການນໍາໃຊ້ທີ່ດິນກະສິກໍາແລະປ່າໄມ້ແຂວງສະຫວັນນະເຂດໄດ້ຈັດກອງປະຊຸມເຜີຍແຜ່ວຽກງານປະກັນສັງຄົມໃຫ້ແກ່ການນໍາໃຊ້ທີ່ດິນກະສິກໍາແລະປ່າໄມ້ແຂວງສະຫວັນນະເຂດໄດ້ຈັດກອງປະຊຸມເຜີຍແຜ່ວຽກງານປະກັນສັງຄົມໃຫ້ແກ່ການນໍາໃຊ້ທີ່ດິນກະສິກໍາແລະປ່າໄມ້ແຂວງສະຫວັນນະເຂດໄດ້ຈັດກອງປະຊຸມເຜີຍແຜ່ວຽກງານປະກັນສັງຄົມໃຫ້ແກ່ການນໍາໃຊ້ທີ່ດິນກະສິກໍາແລະປ່າໄມ້ແຂວງສະຫວັນນະເຂ,1
ແອັບນີ້ໃຫ້ບໍລິການດີ,1
ທ່ານ ເຕັງ ລີ 1,1
ຈາແຮະບໍ່ມີແຟນແຕ່ມີຄວາມສຸກຕະຫຼອດໄລຍະຕະຫຼອດໄລຍະຜ່ານມາໄດ້ເຖິງປັດຈຸບັນນີ້ຍັງບໍ່ທັນມີແຟນເປັນຕົ້ນເປັນຕົ້ນເທື່ອລ່າ,1
ປະທັນຫມົດ,1
ພີ່ໂລ໊ກ ວີh73,1
ຢາກໄດ້ເບີແອັບມາເພື່ອແຊັດຫາພໍ່ແມ່ແລະເພືອນ,1
ມີມາກ,1
ກາກເກີນ ມີແຕ່ບັກ ແຊັດກະຍາກ,0
ຂໍໃຫ້ແອັບນິ້ນໍາໃຊ້ໄດ້ຢ່າງປົກກະຕິດີເດີ,1
ມີຄວາມສະຫນຸກສະຫນານ ມີຄວາມຮູ້ ມີຄວາມສຸກ ກັບການຄົ້ນຫາທຸກຢ່າງໃນແອັບ,1
ຂ້ອຍຖື້ກຈໍາກັດມາດຕະຖ່ານຂ້ອງຊຸ່ນແກ່ໄຂ່ແນ່ວໃດ,1
ໂຊກໂຊນ,1
ແສງຈາ,1
ສະດວກສະບາຍໂອນໄດ້ຕະຫຼອດ24ຊົ່ວໂມງ,1
ຕີດຕັ້ງເຟຮບໍ່ໄດ້,0
ດີໆມາກ່ອນ,1
ມັກຫລາຍສະດວກສະບາຍຫລາຍ,1
ຂ້ອຍມັກwhatappນີ້,1
ບໍ່ເລື່ອ,1
ດິີຫຼາຍທີ່ສຸດແລ້ວ,1
ແອັບນີ້ດີລາຍແຕ່ຍັງບ່າງຈຸ່ດທີມັນຍັງບໍ່ສັດເຈນດີ,1
ຊັດເຈນ,1
ແອບນີ້ຊ່ອຍຂ້ອຍລາຍຢ່າງເລີຍ,1
ຈຸນນິດາ,1
ຍາກໄດ້face ເກົ່າ,1
ໂຕໄທໄດ້ປະ,1
ເຟກ,1
ດີຫລາຍຈົງຝ່ງພັດທະນາຕໍ່ໃປຂອບໃຈຫລາຍໆ,1
ດີໃສງານງາຍແຕ່ບໍຮູ້ວ່ສປອດໄພແທ້ຫລືບໍ,1
ດີແທ້ໆລະແຊັດນີ,1
ເຂຂົ້າ,0
ດີສະດວກວອງໃວ,1
ເດຍຢ່າ,1
ວີຈັນດາ ວີຈັນດາ,1
ຄ່າທໍານຽມຄື່ແພງແທ້ 10.000 ກີບ ພຸ້ນນະ,0
ກູ້ຄື່ນເຟດເກົ່າຄືບໍ່ໄດ້ເຟດໃຜວ່າພັດມາຂື້ນແທ່ນກວດເບິ່ງຄືນໃຫ້ແດ່,1
ອັບເດດມາໃຫມ່ແຮງຄືຜີບ້ານິ ຄົນແຊັດເຂົ້າມາບໍ່ເຫັນເດັ້ງຫຍັງເລີຍ ຄົນໂທເຂົ້າມາກະງຽບ ຄົນພັດທະນາແອັບກະຄວນຄິດແນ່ດັດແກ້ໂຕມັນເດັ້ງແນ່,0
ບັກແພງ,1
ຢາກໃຫ້ເພີ່ມລະບົບມາດເຕີ້ກາດຊື້ຂອງໃນອີນເຕີ້ເນັດໄດ້,1
ໃຊ້ງານສະບາຍ,1
ຍີຊ,1
ອັບເດດມາໃຫມ່ ບໍ່ຮູ້ແອັບໂຕໃດເລີຍອີກຢ່າງເນັດຟີບໍ່ມີເລີຍ ຕົວເກົ່າດີກົວ,0
ໃຊ້ແອັບນິສະບາຍ ເວລາຫວຍ ຫລື ຊື້ເລກ,1
ລົງທະບຽນກະບໍ່ໄດ້,0
ຂອບໃຈໂລກາຮັບໃຊ້ແລະບໍລິການດີຕະຫລອດມາ,1
ແອັບຄວາຍສັ່ງກໍບໍໄດ້ໂຫລດມາບໍເຫັນອາຫານແອັບຄວາຍ,0
ດີຢາກໃຫ້ໃຊ້ຮູບໂປຟາຍນໍາແດ,1
ຕ້ອງສາມາດ ປິດ ແລະ ເປີດ ສ່ວນທີ່ ບໍ່ຢາກເຜີຍແຜ່ໄດ້ ເປັນສາທາລະນະໄດ້. ຕາມໄລຍະເວລາທີ່ຕ້ອງການ ຢາກປ່ຽນແປງ.,1
ບ່າວອພນນາຫ້ອຍ,1
ແດງຮັກກ່ໍາ,1
ດີເລີຍໄດ້ດາດ້າຟີໄປໃສ້1gb,1
ເນາະນໍາ ລູກຄ້າໃຊ້ແລ້ວ ທາງບໍລິສັດຕັດລະຫັດເນາະນໍາ ອອກຫມົດ ກາຍ ເປັນ 0 ແອບນີ້,0
ອເຄ,1
ດີບໍ່ຮູ້ຈະຂຽນຫຍັງແຕ່ດີ,1
ໄລເກືໂບແອມ,1
ກົດເຂົ້າຫຍັງກະບໍ່ໄດ້,0
ສີ້ກັນບໍ່,1
ແອັບສົ້ນຕີນ,0
ປັບປຸງແດ່ແອັບເດັ້ງຕະຫຼອດ,0
ໄມ່ມີຄໍາອາທິບາຍ,1
ແຈ້ງຂຽນ,1
ຮືຊອງ,1
ໂຕມີ,1
ໄຊດີມາກ,1
ລົງຍາກຫລາຍ ແຖມເຮັດໃຫ້ໂທລະສັບຄ້າງຊ້ໍາ,0
ອອກກະເຊັດບໍໄດ້ກາກຫລາຍ,0
ໄປນາຍ,1
ດີແຮງ ສະດວກສະບາຍ,1
ດີໃຊ້ກໍ່ງາຍໃຊ້ສະບ່າຍ,1
ດີເນ,1
ມມັກ,1
ເຮັດກາກໆແອ໊ບແບບນີ້ຢ່າເຮັດດີກວ່າເສັຍເວລາ,0
ດີຫລາຍຄັກໆ,1
ສູນເຊົາແຈກແລ້ວບໍຫມຸນຈັງກະບໍໃດ້ ຊິລົບແອບຖີມແລ້ວຖ້າຊິເຊົາແຈກ,0
ກໍດີຢູ່,1
ເຊີຂຽນ,1
ມັນກາກໂພດ ສົ່ງຂໍລະຫັດotpໄປມຶ້ນີ້ມື້ອື່ນຈິ່ງຮອດ,0
ສັນຍານດີໃຊ້ໄດ້ທັນໃຈ,1
ມັກຫລາຍຂ່າວສານຫລາກຫລາຍ,1
ເພີອນເຟດ,1
ເວລາເຂົາໂອນເງີນເຂົາບັນຊີ ຊາບໍ່ແຈ້ງເຕືອນ ປັບປຸງແດ່ເດີ,0
6 6 2025 ສົ່ງຂໍ້ຄວາມບໍ່ໄດ້ ປັບປຸງດ່ວນ,0
ອັບເດດບໍໄດ້ບໍຮູ້ມັນເປັນຍ້ອນຍັງ,0
ດີຫລາຍໆ ສດວກແລະງ່າຍໃນການຊໍາລະເງິນມກັຫລາຍ,1
ໂຄດ ດີອ້ະ,1
ຮວຍແຕກ,0
ຂໍເປັນຄົນດີ,1
ຢາກໄດ້ເຟດ,1
ຂໍໂຫລດຈຮາ,1
ດີໃຈຫຼາຍທີ່ມີແອັບແບບນີ້ຂອບໃຈເດີ,1
ແອບຄຶຕິນນີ້ ບອກວ່າເຕີມໄດ້ ຜາຕີນມີຢູ່50 000ບໍ່ເຫັນເຕີມຮ່າຫັຍງໄດ້,0
ປະທັບໃຈ ງ່າຍສະບາຍລາຄາກາບໍ່ແຕກຕ່າງຮ້ານທົ່ວໄປຫລາຍ,1
ໃຊ້ສະດວກສະບາຍ ທັນໃຈດີ,1
19ພັນສາປີກວາ່ຜາ່ນຜາ່ມານ ກິເຫລສສະມານ ສັງຂາລມາພອ້ມພະຈົນພັຍ 3ບໍລິສັຕມານສາດສະຫນາ?ບໍ່ຢາກອາ້ປາກແລະເປີດຕາເຫັນຫຍັງເລີຍ ເກີດນິພພິທາແທ້ຈິງ ສາທຸ,1
ພານປະສົບການແລ້ວ,1
ຮູ້ສຶກວ່າເວລາເຫງົາຜ່ອນຄາຍໄດ້ດີ ສຸດຍອດ,1
ໃຊ້ດີວອງໄວ,1
ພີພັນ ສາຍໂຫດ,1
ເອົາເງີນທີ່ຕັດເປັນເດືອນຫັ່ນພັດທະນາແດ່ເດີບໍ່ແມ່ນເອົາໄປກີນນ ເນັດຊ້າໂຄດດ,0
ແອບໂຄດກາກສະແກນທີນິເດັ້ງລະຄືແບບເຂ້າຍາກເກິນນນແອບລາວອ່ະນະຫ່ວຍ,0
ລັກ7ຊື້ບັດເຕີມເງີນບໍໄດ້,0
ດີແຮງໂທຫາຕ່າງປະເທດກະໄດ້,1
ໄຊ້ດີສາມາດຕີດຕໍ່ກັນໄດ້ກັບຫຼາຍຄົນ.,1
ຫຍາ,1
ລອງໃສງານເບີງກອນ,1
ຂື້ນທະບຽນບໍ່ເຫັນສິໄດ້,0
ດີອັບເດດໃຫມ່ໃຊ້ດີ,1
ສຸດຍອດ ມັກແຮງຫຼາຍໆ,1
ໃຫ້ໄດ້,1
ມີປະໂຫຍດມາກໆຄຮັບ,1
ເສັງຍານ,1
ໃຊ້ດີຈິງ,1
ແອັບທີ່ດີຕ້ອງແບບນີ້ແລະເປັນສ່ວນຕົວດີແລະໄຊ້ງ່າຍສະດວກສະບາຍ,1
ຄັກໆແອັບນີ້,1
ໄຊ້ງ່າຍໆ,1
ໄບສີວິໄລ,1
ເອີ້ນລົດຢາກໆ,0
ແອບບ້ານພໍ່ມືງເດີ່ລົງທະບຽນໂຄດຢາກ,0
ເປີດໂລກກວ້າງ,1
ຄິດຮອດເຈ້າເດ,1
ໃຫ້ອັບເດັດໃຫ້ແດ່,1
ເຂົ້າແອັບຍາກ ປັບປຸງແດ່,0
ກາກນໍາແລ້ວແອບນີ້ຫມູນບໍ່ໃດ້ຖ້າເຊີ່ນຄົນອື່ນບໍຕິດຕັ້ງປັບປຸ່ງໃຫ້ເປັນແບບເກົ່າແດ່,0
ປັບປຸງໃຫມ່ໃຫ້ແດ່ໂພດກະບໍ່ໄດ້ດຽ່ວນີ້ນະ,0
ທັງຫມົດ,1
ວ່ປິຍຫຮະ,1
ສາວ ສາວ,1
ມ່ວນຫລາຍເດີແຊັດ,1
ເປິ້ນ,1
ຄໍາຫລ້າ,1
ຮັກເຮົາທີເຈົ້າເຄີຍ ບອກນັ້ນມັ້ນແຄ່ຄວາມຝັນ,1
ຄິດຮອດບໍ່ກາ້ທັກ ຮັກເດີບໍ່ກາ້ບອກ,1
ແຊດດີ,1
ໃຊ້ງ່າຍໃຊ້ດີ ແລະ ສະດວກເຕີມເງິນກໍໄວ ຖ້າມີໂປຣໂມຊັ້ນອື່ນໆຕື່ມອີກແຮ່ງຈະດີຫຼາຍ,1
ບໍ່ມີການພັດທະນາ ເຮັດແອັບມາບໍ່ເບິ່ງຕົວຢ່າງແອັບອື່ນໆແດ່,0
ກວດເບີ່ງເລກພັດສະດຸຍາກດຽວນີ້,0
ຂ້ອຍບໍ່ມີປະສົບການ ແນະນໍາໄຫ້ຂ້ອຍແດ່?,1
ສະທ້ານໃຈ,1
ວອດແອບນີ້ໃຊ້ໄດ້ດີຫລາຍ,1
ຮີ້ພຕດູີຂດນໍາຈູພຍ,1
ເຫມາະແກ່ການສຶ່ສານ,1
ຕ້ອງການ,1
ເປັນຫຍັງມັນຄືແຊທບໍ່ອອກແຊທບໍ່ເຂົ້າມີແຕ່ບອກວ່າລໍເຄື່ອຂ່າຍທັງທີ່ອິນເຕີເນັດກະເຕັມຂື້ນ4gຫລີ້ນແອັບອື່ນໄດ້ຫມົດນອກຈາກ messenger ກັບ faecdook ຫລີ້ນບໍ່ໄດ້ແກ້ໄຂໃຫ້ແນ່,0
ໂພດດ້ອຍຄວາມໄວ່ມັກຫລາຍ,1
ໂດນປີດກັ້ນຄອມເມັ້ນຄວນເຮັດແນວໃດ,0
ບຸນຍົງຈັນປຸ່ມ,1
ດີມາກຄັຮບ,1
ພັດທະນາຕໍ່ໄປເດີ. ສູ້ໆ,1
ຫຼີ່ນດີສະດວກສະບາຍ,1
ຫນລາວຄົບຮອບ,1
ໂຫລດຫຼາຍຄັ້ງແລ້ວຍັງບໍ່ໄດ້ເລຍ,0
ຂີ້ຖີ່,0
ມັກຊ່ວຍໃຫ້ຮຽນແຕ່ສິ່ງດີໆການໃຊ້ງານກໍ່ງາຍ,1
ເປັນຂ້ອຍຄືບໍ່ໃດ້ເນັດຫລາຍຢາກໃດ້ຫລາຍກວ່ານີ້ແລະເບີນີ້ບໍທັນສັນມັນກະເບີດຮອບສັນເອງ,0
ພວກເຮົາຕ້ອງເລືອກ ແອບ,1
ໄວ້ແອບແຊ່ບ,1
ລອງໃຊ້ເບິ່ງກ່ອນ,1
ນໍາໃຊ້ງ່າຍ ມີຄວາມເປັນສ່ວນຕົວ ແລະ ປອດໄພ whatsapp messenger,1
ໃຊ້ງ່າຍບໍ່ຍຸ່ງຍາກວ່ອງໄວ,1
ໃຊ້ງ່າຍສະບາຍທັນໃຈ,1
ສົ່ງສີ່ງຂອງທຸກປະເພດທີມະນຸດນໍາໃຊ້ຊິວິດປະຈໍາວັນ ຫວັງວ່າຈະຕົກລົງຄໍາຂໍ,1
ຂໍວິທີແກ້ໄຂໄຫ້ແນ່ຕຶ່ມເງີນຜ່ານແອັບໂຊກໄຊບໍ່ໄດ້,1
ຫາມັນເອີຍຈັກຊິໃຫ້ກູອັບເດດຫາສະແຕກຫຍັງເຂົ້າເບິ່ງຫຍັງກະບໍໄດ້ດາວຫນຶງກະເສຍດາຍໃຫ້ນິຫາແດກມຶງ,0
ນາງເພັດພັດໄທອິນຊີ,1
ສັ່ງຍາມໃດ ໄວສຸດຊົ່ວໂມງເຄິ່ງຈື່ງໄດ້ກິນ ລະຍະທາງມີແຕ່ 4 ກິໂລແມັດນີ້ນະ,0
ແທ້ເດ,1
ແອັບຫຍັງບໍ່ປົກກະຕິ,0
ເຟັດເກົ່າ,1
ເປີດເກມຫມຸ້ນວົງລໍ,1
ມີແຕ່ຄົນເຂົ້າມາດ່າເນາະ ເຮັດມາແລ້ວບໍ່ມີຄຸນນະພາບລະຢ່າສູເຮັດມາ ອາຍເຂົາຊື່ໆ,0
ຍອດຢງ້ມ,1
ຊິວິດຂ້ອຍເກີດມາຈົນກະອົດທົດເປັນຄົນເກັ່ງ,1
ສິສັ່ງອາຫານຄືສັ່ງຍາກຕາຍແທ້ເບີກະເຄີຍສັ່ງລະວ່າສັ່ງບໍ່ໄດ້ໂຄດກາກ,0
ເຕ່າ,1
ທຊາຍຄໍາ,1
ດີລາຍໆທີແອັບນີ້ເຂົ້າມາ,1
ພັດທະນາລະບົບຕໍ່ໄປ,1
ສະແກນກະເດັງອອກເອງ,0
ຫຸມແລ້ວໄລນາຕາແບ່ງໄຮ່ມັກໄລເລ,1
ລົງທະບຽນກົດຈົນເຈັບມືບໍ່ໄດ້ຈັກເທື່ອ,0
ດູດີ,1
ມັກຫລາຍເພາະການສົນທະນາສະດວກສະບາຍ ແຕ່ປັບປຸງໃຫ້ແຊັດຫລາຍໆໄດ້ແນ່ເດີ ຕອນຄັດດ້ອກເພາະຢາກໃຫ້ໄດ້ຫລາຍໆ,1
ສ ສາວໄມ ບໍ່ຈັກ,1
ແຈວ,1
ຊ່ວຍໃຫ້ສະດວກສະບາຍຂຶ້ນ,1
ໄຊງານດີແຕ່ຕອນນິ້ໄຊເພງລົງສະຕໍຣີບໍໄດ້ບໍມີເພງໄທ,1
ບໍລິການຟີ,1
ແອປກໍກາກໂພດ ຈະໃຫ້ລົງທະບຽນ ແຕ່ລົງບໍ່ໄດ້ພັດທະນາຕື່ມເດີ,0
ເຮັດພາລະກິດລາຍວັນກະບໍ່ໄດ້ເນັດຕື່ມປັ່ນລັກກີ້ກະບໍ່ໄດ້,0
ຈົບ ມ.ສ,1
ແອັບສະບັບ ຖືກເລກ2ພັນກີບໃຫ້ໄປເອົາຢູ່ ທນຄ ຕ້ອງໃຫ້ເຈົ້າຂອງໄປເອົາເອງອີກ ຄິດອອກ.,0
ໄຊ້ສະດວກ,1
ຈັດສົ່ງໄວ ສູນຄໍາຮຸ່ງບໍລິການດີ,1
ຫຼີ້ນງາຍສະບາຍ,1
ນໍາໃຊ້ດີຫຼາຍ,1
ດິຫຼາຍເດີ້,1
ທອງສູກເຮັດວຽງຢູ່ເມືອງເງິນ,1
ໂຫວດມາແລ້ວເຂົ້າບໍໃດ້ກະຍ່າສູ່ເຮັດມາເທາະ,0
ຂໍໃຫ້ໃດ້,1
ພພໍ,1
ອັບເດດດຸແທ້ facebook ຖືກເຂົາແຮກຕະຫຼອດບໍ່ມີຄວາມປອດດໄຟ,0
ແອບຄືຮູຂີ້ນິ,0
ລົງທະເບຶ່ອນເບີໂທລະສັບ,0
ແອບມີ້ສາມາດເຫັນການດຄທ່ອນໍາຫວແລະຄວາມໃນໃຈທັງເພື່ອນແບະບໍ່ແມ່ນເພື່ອນ,1
ຊື່ພິມ ມະໄລຄໍາ,1
ໃນວໃວວວ,1
ຍືນຍັນລະຫັດດູໂພດ.ລະກວາບໍລົງທະບຽນຍອມ.ປຽນແດ່,0
ແອັບເຄິຍໍາໄຊມາ,1
ກໍາລັງສົນໃຈໃຊ້ບໍລິການ,1
ແອັບກາກ ບໍ່ມີປະໂຫຍດຈັກຫນ້ອຍ ຫນ້ອຍ1ກະບໍ່ມີ,0
ແອັບຊ້າໂອນເງິນເຂົ້າ ແຈ້ງເຕື່ອນແລ້ວແຕ່ເງິນບໍ່ຂື້ນ,0
ຂໍຖາມທີມງານແນ່ ເວລາເຕີມມູນຄ່າໂທຄືບໍ່ໄດ້ຄະແນນ ແຕ່ກ່ອນຄືໄດ້ ເດວນີ້ບໍ່ໄດ້ ຄັນຊື້ເລກລະໄດ້,0
ok ດີຫຼາຍ,1
ຖືກຫວຍແລ້ວບໍ່ໄດ້ເງິນທັ້ງທີ່ເຊື່ອມກັບບັນຊີ,0
ດົ້ວຈີທໍ່,1
ດີຢ້ຽມ,1
ທໍາອິດລົງສະຕໍຣີມີເພງ ອັບເດດແລ້ວບໍ່ມີບ່ອນໃສ່ເພງ,0
ເວລາເບິ່ງຄິບຂ້ອຍມີຄວາມສຸກຫຼາຍ,1
ຂໍຮັຍໃດ່ເດິ,1
ອັບແດດ,1
ຖືດີ,1
ເຮັດໃນສິງທີ່ໂຕເອງມັກ,1
ໄພບໍຮູ້ລົບຖີ້ມ,1
ເລັ່ນດີໆ,1
ຊື່ນຊອບ,1
ເຂົ້າລະບົບຄືບໍ່ໄດ້?,0
ກໍທໍາມະດາ,1
ຕິດຕໍ່ສື່ສານສະດວກແລະປ້ອງກັນຄວາມເປັນສ່ວນຕົວຂອງເຮົາ,1
ບຸນຫລ້າ,1
ເປັນຫຍັງຄືປິດກັ້ນບໍ່ໄຫ້ເຫັນຫມູ່,0
ພະດີໄຈ່,1
ບໍຫຸລະຫດັ,1
ເປັນແອບບໍລິການດ້ານຂົນສົ່ງທີ່ດີທີ່ສຸດໃນລາວ,1
ຕິດຕັ້ງຍາກຄືແບ້ນີ,0
ເຕັມໆ,1
ຄືຊື້ບໍ່ໄດ້ໂອນເງິນບໍ່ໄດ້ມັນບອກວ່າຄິວອາຫມົດອາຍຸການໃຊ້ງານ,0
ອັບເດັດລະເຂົ້າລະຫັດບໍ່ໄດ້ເຂົ້າເບີບໍ່ໄດ້ເລີຍມາເປັນຫຍັງຕອນນີ້ທະນາຄານກະປິດປີໃຫມ່ນີ້ໂອຍນໍ້ມີແນວຈະໃຊ້ເງີນ,0
ok ດີຫລາຍການນໍາໄຊ້ຜ່ານມາ09,1
ປິດການມອງເຫັນຂອງຂ້ອຍເຮັດຫຍັງ ຄົນກົດໄລນກະຫນ້ອຍ,0
ເບີງຮູບພາບfacebookດີຫລາຍງາມທີສຸດ,1
ສັພພະເກີດໂຕທ່ານນ້ໍາເຂດພູດອຍເຊນ້ອຍດີນໍສໍສາຍດີນີ້ຕອນເຊົ້າຕອນຈະພໍດອຍພາກດີຄິດດີ ໃນສາງຈະກາຍນີ້ເຊິ່ງຈະ,1
ມີແຕ່ບໍ່,1
ແອັບຕາຍໆຈັ່ງຊີ່ປິດແອັບໄປສາໄປໂຄດຫ່ວຍແຕກ,0
ຂ້ອຍຕັ້ງບໍ່ໄດ້,0
ປັບປຸງດວ່ນ ຢູ່ດີໆກະເຂົ້າບໍ່ມດ້,0
ຊ່າງ.ອິດສະລະ,1
ພາສາລາວ,1
ພໍໂອເຄຢູ່,1
ຢູ່ໆກະເລັ່ງອອກເຂົ້າບໍ່ໄດ້ບໍ່ໄດ້ເລື້ອງ,0
ແກ້ໄຂແນ່ຫຼີ້ນຫຍັງບໍ່ໄດ້ເລີຍໃຊ້ຫຍັງກະບໍ່ໄດ້ເອົາໄປສອງດາວພໍ,0
ວອດແອບ,1
ເປັນຫຍັງຄືດາວໂຫລດແອັບບໍໄດ້ເລີຍ,0
ກັບຕັນ.ອ່າງມັດສາ ພາສາລາວ,1
ແລ້ວແຕ່ໄຜສິຄິດຊີວິດຂອງຕົນເອງ,1
ຄິດສົມ,1
ການສື່ສານ ການບັນເທິງ.ຄົບທຸກຮູບແບບ ທັ້ວຂ່າວສານ,1
ຊ້າແຮງ,0
ນອ້ຍບູນປະເສີດ,1
ປັບປຸງໃຫມ່ເດີຄື່ອັບເດດຕະຫລອດ,0
ຄັກຫຼາຍສະດວກສະບາຍ,1
ຊື້ໄດ້ໄຫ່ຍໆ,1
ຂອບໃຈທີມີແອັບແບບນີ້,1
ປ່ຽນເບີບໍ່ໄດ້ນິຍ້ອນເຫດຜົນຫຍັງ ຢາກຮູ້ຊ່ວຍຕອບໃຫ້ແດ່,0
ຫມູນ10ເທື່ອບໍ່ຖືກຈັກບາດ ຖືກແຕ່ອັນເກົ່າຢູ່,0
ບັນຊີຈັກແມ່ນຈັ່ງໃດສະແກນຫນ້າຈັ່ງໃດກໍ່ບອກບໍ່ຕົງ ໃຫ້ພະນັກງານຊ່ວຍພະນັກງານກະບອກໃຫ້ລົບໂຫຼດໃຫມ່ບາດນີ້ຈະເຂົ້າບັນຊີກໍ່ບໍ່ໄດ້ເງິນຄ້າງໃນນັ້ນ7ແສນປາຍ ແຮງຮີບໃຊ້ເປັນເງິນຫມູນກໍ່ຕອບຊ້າບອກວິທີແກ້ບັນຫາໃຫ້ຫນັກກວ່າເກົ່າອີກ,0
ສຸດຍອດລາຍເດີ,1
ຂໍຫລີນຈຮາ,1
ເຂົ້າບໍ່ໄດ້ສາມມື້ລະເດັ້ງອອກເອງຕະຫລອດ,0
ໂຄດລໍາຄານໂຄສະນາເດັ້ງຂື້ນມາຕະຫລອດເວລາຟັງເພລງໃນຢູທູບ,0
ເປັນຫັຍງແອບຄືອອກຈາກລະບົບເອງ,0
ໂລດບໍ່ໄດ້,0
"ຊື້ເລກແລ້ວບໍ່ເຫັນບິນເລກບໍ່ເຫັນປະຫວັດການຊື້,ງົງເລີຍ",0
ກູບ່ອກເລຍວ່າແອບນີ້ກວນຕີນສຸດໆ,0
ແຢ່ມາກຊື້ເລກບໍ່ເຄີຍຖືກເລີຍ62628809 ໃຫ້ຫມືງດາວພໍ,0
ບໍລິການໄດ້ດີ,1
ໃຊ້ສະດວກດີ ວ່ອງໄວ,1
ໄວຫລາຍ,1
ດີໆໆໆ,1
ດີຫຼາຍໃຊ້ຄັກ,1
ຂອບໄຈເດີທຸກຄົນ,1
ແຮງອັບເດດແຮງບໍ່ເປັນຕາເອົາ,0
ລົດໃຫ່ຍລົດຈັກ,0
ຄືສົນຕີນນີ້,0
ດີຍູ່ເດີ່,1
ໂອຍ,1
ເຂ້າແອັບບໍ່ໄດ້ມັນວາເກີດຂໍ້ຂັດຂ້ອງ,0
ດດດ ຫຼາຍ,1
ຫ່ວຍແຕກອັບສອງມື້ສາມມື້ບໍ່ແລ້ວເດັງຢູ່ນັ້ນແລະ,0
ເຮ້ຍ,1
ຊີມຫລັກ5ສູ້ໄປຕາຍໃສ່ຫມົດສິລົງທະບຽນຊີມກະotpກະບໍ່ສົ່ງໂຄດກາກ,0
ແອບຄວາຍໆຢ່າຫາໂຫລດໃຊ້,0
ແອັບຄືອີ່ຫຍັງນີ້ກະໄຫ້1ດາວພໍແລ້ວ,0
ສາຍສະຫມອນ,1
ແອັບຮຸ່ງອາລຸນສະດວກສະບາຍບໍ່ຕ້ອງຖ້າຄີວດົນພຽງໄປປະເຄື່ອງໄວ້ໃຫ້ພະນັກງານກໍ່ເບີ່ງບີນໃນແອັບໄດ້ເລີຍ,1
ຫໍາຮັກແທ້ທໍາມະວົງສິດ,1
ແອັບນີ້ໃຊ້ບໍໄດ້,0
ຕວະໃຫ້ໂຫຼດຄວາຍ,0
ເປັນຫຍັງຂ້ອຍສຸ່ມໄດ້ເນັດແລ້ວມັນບໍໃຫ້ແຊຮ໌ແລະກະບໍ່ໄດ້ເນັດອີກ,0
ພະິນຮີິ,1
ດີແລ້ວ ແຕ່ຢາກໃຫ້ເພີ່ມຟັງຊັນສາມາດເຕີມເງິນໃຫ້ກັບເຄື່ອຂາຍອື່ນຕື່ມ ເພາະເຕີມໄດ້ສະເພາະແຕ່ເຄື່ອຂາຍ unitel ຢ່າງດຽວມັນບໍ່ດວກ,1
ເປັນຫັຍງຊ້ອງໃສ່ລະຫັດຢືນຢັນຂຽນໃດ້ແຕ່5ໂຕບາດລະຫັດສົ່ງມາໃຫ້ຢືນຢັນພັດມີ6ໂຕງົງແລ້ວມັນຈະໃສ່ໄດ້ແນວໃດຊ້ອງມີ5ຊ້ອງລະຫັດມີ6ໂຕໃສ່ຍັງໄງກໍ່ຜິດຢູ່ແລ້ວ ບ້າຫຼືໄງ,0
ຍິນດີນໍາສະເຫນີໃຫ້ກັບເທີຄົນດຽວຄົນຂ້ອງໃຈ,1
ແອັບເປັນຫ່າຫຍັງໃສ່ລະຫັດຖືກລະເຂົ້າບໍ່ໄດ້,0
ມັກ ສະດວກສະບາຍບໍ່ຕ້ອງຈ່າຍເພີ່ມ,1
ແອບນີດີຫລາຍ,1
ໃຊ້ດີພໍສົມຄວນ,1
ບໍ່ຄ່ອຍເຕືອນເວລາມີຄົນໂອນເງິນມາ,0
ແອັບນີ້ໂອເຄເລີຍ,1
ສຸດຍອດເລີຍແອັບນີ້ມັນຈະເຮັດໃຫ້ເຮົາມີໃຊ້ດາຕ້າຟຣີໆແບບນີ້ດີມາກເລີຍ,1
ຂຽນຊື່ກໍ່ຖືກວັນເກີດກໍ່ຖືກແຕ່ມັນບໍ່ໄດ້,0
ປົກກະຕິເນັດກະໃຫ້ຫນ້ອຍຢູ່ແລ້ວຍັງລົດລົງອີກ ຈາກ40.000ໄດ້30ກິກເຫລືອ15ກິກ ແຖມເນັດກະຊ້າປານວ່າບໍ່ໄດ້ສຽຍເງິນເຕີມ ປ່ຽນໄປໃຊ້ຄ້າຍອື່ນດີກ່ວາ unitel ຂີ້ຮາຍໂພດ ຂໍໃຫ້ລູກຄ້າເຈົ້າເລີກໃຊ້ເດີ ສາທຸ,0
ຊາງຈອດ,1
ຄົ້ນຫາເຄື່ອງສິນຄ້າກະບໍ່ໄດ້ ຢາກຮູ້ວ່າສິນຄ້າຮອດແລ້ວຫລືບໍ່ກະບໍ່ຮູ້ ປ້ອນທັງເບີ ລະຫັດສິນຄ້າ ທັງສະແກນກະບໍ່ໄດ້ ຄວນປັບປຸງແດ່ເດີ,0
ລອງໄຊ,1
ບໍ່ດີວ,0
ມ່ວນ,1
ສົມເຊີຍ,1
ລະບົບໂຄດຫ່ວຍແຕກເລຍ ສະຫມັກບໍ່ໄດ້ຈຶ້ນໃຊ້ເບີຫລາຍເທື່ອທັ້ງທີ່ບໍ່ໄດ້ໃຊ້ຈັກເທື່ອ,0
ດີ ວ່ອງໄວ ທັນໃຈ,1
ສູດ,1
ທໍາອິດແຕ່ຕອນນີ້ບໍ່ໄດ້ເວລາໄດ້ເນັດຫຼືເງີນກະບໍ່ໂພດ,0
ເປັນຫຍັງຄືໃສ່ລະຫັດບໍ່ໄດ້ອັບເດດມາໃຫມ່ນີ້,0
ເອີ້ນລົດບັກຍາກໆ ເຂດທາດຫຼວງຍັງບໍ່ມີລົດມາຮັບ ເສຍເວລາເອີ້ນບັກດົນໆ ບາດຂີ່ລົດໄປເອງລະເຫັນໄປຈອດຈຸ້ມກັນສີ່ຫ້າຄັນຢູ່ຕາມຫົນທາງ ບໍລິການແຕ່ບ່ອນດຽວບໍ່ຈັກ ບໍ່ສົມເປັນລົດຮັບສົ່ງເລີຍ ຄວນກະຈາຍຈຸດຮັບໃຊ້ບໍລິການຕື່ມ ບໍ່ຊັ້ນກະຢຸບແອັບ,0
ຊອບແອັບນີ້ຫຼາຍ,1
ນ້ອງພູດ,1
ບໍມັກເລີຍລົງທະບຽນຍາກ,0
ແອັບກາກໆກາໆ ບັກກະຫຼາຍໃຫ້ລະຫັດຜ່ານເທື່ອດຽວລະຫັດກະຖືກ ແລະ ວ່າໃຫ້ລະຫັດ3ຄັ້ງບໍ່ຖືກ ລະລັອກເບີກູ ນີ້ແອັບຂອງຄົນລາວ ບໍ່ມີຄຸນນະພາບຈັກດິ,0
ແອບນີ້ດີອີຫຼີ,1
ຢຖຢູຸຢຢ່າງ,1
ສໍານີ້ກ່ອນ ລອງໃຊ້ລະຊີໃຫ້5ດາວ,1
ຖ້າໄຜຍັງຮັກແລະເຂົ້າໄຈຂ້ອຍກະຂໍໄຫ້ກໍາລັງໄຈຂ້ອຍແດ່.,1
ຂື້ນລົງທະບຽນ,1
ເປັນແອັບທີ່ດີແຕ່ເສຍດາຍເຕີມເງີນເຂົ້າເອງບໍ່ໄດ້,1
ເຂົ້າຫຍັງກະບໍ່ໄດ້ ລົງທະບຽນກະຍາກ,0
ໃຊ້ໄດ້ດີຄັກໆ,1
ໃຊ້ງານດີມາກຊ້ໍາລັບໃນການຊ້ໍາລະວົງເງີນຕ່າງຽ,1
ກດ້,1
ໃຊ້ໃນການສື່ສານກັບເພື່ອນແລະຄອບຄົວດີຊາຍ,1
ລົບຖິ້ມແລ້ວບໍ່ໄດ້ຫຍັງ,0
ດີລ້າຍແອ້ບນີດີໆu money,1
"ດີ,ມີປະໂຫຍດ",1
ດງວນິ້ເຮັດຍັງບໍໄວຫນ້າກັນເລີຍ ເນັດກະບໍໄດ ຍັງກະບໍໄດ ໄດແຕ່ເຊີ່ນຫມູຟັງເພງ ຕໍ່ໄປຄົງບໍມີໄຜໃຊແລ້ວແອັບນິ້,0
ໂອນງ່າຍ ປອດໄພ ສະດວກສະບາຍ,1
ຂ້ອຍບໍ່ມີປະສົບການ ຂໍໂທດເດີ,1
ເຍສ,1
ມັກຫລາຍວອ່ງໄວ້ທັນໃຈ,1
ມັກຫຼາຍເຝດນີ,1
ກໍໃຊ້ປົກກະຕິ້ນາະ,1
ດີໄຊ້ງາຍ,1
ບໍລິການດີວ່ອງໄວທັນໃຈ,1
73760266 ໃຊ້ລະຫັດນີ້ຊື້ແລ້ວເຮັງ ຊື້ແລ້ວມີລາຍຮັບ ຝາກດ້ວຍນະທີ່ຮັກ,1
ຍາທຮ,1
ຊື້ຫຸ້ນຕ່າງປະເທດຜ່ານແອັບໄດ້ຄືຊິຄັກແຫ່ງ,1
ອັບເດດດຸເກີ,1
ຂໍຄົບ,1
ສົ່ງຂໍ້ຄວາມໄດ້ງ່າຍ,1
ຄະແນນປີ2023ຄືຖືກຕັດໄປຊື່ໆ ຄືບໍ່ໂອນເປີເຊັນໃຫ້,0
ໄດ້ໂຫລດແອັບໃຫມ່ຕະຫລອດ ເຂົ້າແອັບແລ້ວມັນເດັ້ງອອກ ເອງ,0
ຢາກໄດ້ລາກລາຍງານວ່າໄດ້ບັດທຸກປະສະດວກສະບາຍທັງຫມົດຖ້າມີອຸກາດຂ້ອຍໄດ້ມີ້ ທັງຫມົດສໍາລັບຂອງທີ້ສາມາດເຮັດໄດ,1
ມີຜົນສໍາເລັດທຸກຢ່າງທີຕັ່ງໃຈລົງມືເຮັດ,1
ສະດວກໃນການໄຊ້ແອັບນີ້,1
ຊ່ວຍກວດສອບໃຫ້ແນ່ເຕີມເງິນແລ້ວເງິນບໍ່ເຂົ້າ,0
ປີນີຕາ່ງແທ້ແຄ້ຢູ່ຊຶ້ໆກະຫີ້ວວະ້ບໍ່ວ້າການກີນຫຶຼກາ່ນຊີ້ອົດແທ້ໆວະ້,1
ດີຫລາຍຊອບມັກແຮງ,1
ດີຫຼາຍທີ່ໃຊ້ງານໄດ້ບໍລິການປົກກະຕິ,1
ຂອບໃຈແລະດີໃຈທີສຸດ,1
ດຸຫມັ່ນ ຊື່ສັດ ປະຢັດ ກ້າຫານ ອົດທົນ ເສຍສະລະມີວິໃນ ມີນ້ໍາໃຈ ໂປ່ງໃສຖືກກົດຫມາຍ ນີ້ຄືຄໍາຂັວນທີ່ຝັງໃຈທີ່ຂ້ອຍໃຊ້ຕະຫຼອດມາ,1
ຮັກຮັກຮັກ,1
ລົງແລ້ວ ຂໍ້ຄວາມບໍຢືນຢັນ ໃດ້ຫລືບໍໃດ້ກະບໍບອກ ບາງເບີໂຄດໄວ ປັບປຸງແດ່ເດີ,0
ຂ້ອຍຊື້ໂທລະສັບຫ່ວຍໄຫ່ມແລ້ວເປີດເບິ່ງຂໍ້ມູນກຽ່ວກັບເງິນເດືອນແລ້ວບໍ່ເຫັນເລີຍ,0
ເກມມືໃດ້ສິເປີດໃຫ້ລີນ,1
ໃຊ້ໄດ້ດີວ່ອງໄວ ແຕ່ໂຫລດບໍ່ໄດ້,1
ດີດີ ໂລດໄຫມກະໄດ້ເນັດ,1
ດີຈັດ,1
ດີມາກງເລຍຮະ,1
ມີແລ້ວ,1
ບໍ່ສາມາດລົງທະບຽບໄດ້ລອງຫລາຍເທື່ອແລ້ວ,0
ທຍຍ່ສ,1
ນອ້ຍສີຫາລາດ,1
ແອັບຫຍັງຄືໃຫ້ຖາຍຮູບ ສໍາມະໂນ ຟາດປອດຕ່າງໆ ບອກຊື່ບ້ານ ອາຍຸ ວັນເດືອນປີເກີດ ເມືອງ ແຂວງ ກະໄດ້ແລ້ວຕີຄືໃຫ້ຖາຍ ປົກກະຕິແລ້ວນີ້ ເຄີຍລົງທະບຽນກະບໍມີສໍາມະໂນນາ ມີແຕ່ບອກ ວ.ດ.ປ. ອ.ຍ ບ.ມ.ຂ ກະໄດ້ແລ້ວແອັບເອີຍ,0
ໂຕຊຊ,1
ໃຫ້ 1 ດາວ ເພາະບໍ່ມີບິນເລກ,0
ສັນຍານບໍ່ຄ່ອຍດີ,1
ສະບາຍດີຫ້ອງຂໍໃຫ້ມີຄວາມຫມາຍສໍາຄັນທີ່,1
ໂພສຮູບໃຫນ່ໆ,1
ສະບາຍເພຶ້ອນທູກຄົນ,1
ດີຍຽ້ມ,1
ເພສບຸ໊ກທຸກໃຈ,1
ສະຫລັກຈິດ,1
ແອັບດີເມາະສໍາລັບຄົນມັນຊື້ເລກໂຫລດແລ້ວໃສ່ເລກໂຕນີ້ເລີຍ74602804ຝາກແນ່ເດີ,1
ແອັບຮວຍເຂົ້າບໍ່ໄດ້ແລ້ວ,0
ໄຊ້ເຟັດນີ້,1
ໃຫ້ສາມາດບັນທຶກສະຕໍຣີ່ໄດ້,1
ຢູ່ບ້ານນໍາພັດເມືອງກາສີແຂວງວາງຈັນ,1
ເລຶອກໄດ້,1
ສະດວກສະບາຍຢູ່,1
ຂອ້ຍຮັກເຈົ້າເດີ້,1
ໃຊ້ດີ ຫຼາຍ ມັກ,1
ແອັບນີ້ໃຊ້ງານງ່າຍແຖມໄວສະດວກສະບາຍ,1
ຮະືາສ,1
ມັນດີແທ້ດີທີສຸດເຂົ້າເຖິງສັງຄົມງ່າຍ,1
ເປັນຊາວນ້າ,1
okໄສດີ,1
ແອ ເພັດທ້ອງ,1
ມີ6ດາວບໍ,1
ໄດ້ສາມປີແລ້ວ,1
ວໍເທັກແອ່ງຄໍາ ປະທຸມພາ ເຕັກນິກເຕັກໂນໂລຊີ.,1
ມັກຫຼາຍແອບນີ້ບໍ່ມີເນັດກະຫມຸນເອົາໄດ້,1
ສໍາ,1
ໄຊ້ດີແລະວ່ອງໄວ,1
ເນົາບໍ່ມີວັນລືມ,1
ດີລົງທະບຽນເຂົາສູລະບົບງາຍ,1
ດີຫລາຍ ພັດທະນາຕໍ່ໄປ,1
ຂໍໃຫ້ມີທະນາຄານພັດທະນານໍາຄົງດີ,1
ຫມາຍ,1
ໃຊ້ບໍການໄດ້ມາຕະຖານດີ,1
ຄັກສູດດ,1
ເປັນເຂດອັບທີ່ໃຊ້ໄດ້ຢ່າງສະດວກສະບາຍ,1
ແກ້ໄຂແດ່ເບີ່ງໂທລະພາບບໍ່ໄດ້,0
ຢາກໃຫ້ເວລາສະລັບບັນຊີອື່ນຂອງmessengerລົບໄດ້ໃສ່ລະຫັດກ່ອນເຂົ້າທຸກຄັ້ງ,0
ຂອບໃຈເດີທີ່ເຕື່ອນມາຕະຫຼອດ,1
ຍາໃຫ້ອັດເດດ,1
ເຂົ້າບໍ່ໄດ້ລົງທະບຽນແລ້ວກະຄືເກົ່າ ລົບກວນປັບປຸ່ງແດ່ເດີ ໃຊ້ງານບໍ່ໄດ້,0
ເຍືຍມ,1
ດີຫຼາຍແຕ່ຢາກໃຫ້ປັບບໍໃຫມັນຄາງຊິດີກວານີ້,1
ທີ່ສຸດ,1
ສະບາຍດີີ,1
ມັນເດັ້ງຕະຫລອດ,0
ໃຊ້ຫາຼຍດີ,1
ອັບເດດແນວໃດໃຫ້ຊ້າກວ່າກ່ອນແລ້ວທຸກຄັ້ງທີ່ເຂ້າແອພຕ້ອງໃຊ້ລະຫັດອີກ,0
ບໍ່ສະດວກເວລາເຂົ້າແອັບປັບປຸງໃຫ່ມແດ່ລ້າຊ້າແຮງ,0
ແອັບໂຄດພໍ່ໂຄດແມ່ມຶງເອີຍເຂົ້າຫຍັງກະບໍ່ໄດ້ ເນັດກິກະບໍ່ໄດ້ຊ້າເຂົ້າແອັບອື່ນໄດ້ແຕ່ເຂົ້າແອັບມຶງນິບໍ່ໄດ້ຄວນໄປແກ້ໄຂພັນທະນາແນ່,0
ແມ່ນແລ້ວດີຫາຼຍ,1
ງາ່ຍໃຊ້ສະດວກ,1
ຍຶດຢ້ຽມ,1
ຟາກ ຖອນ ໂອນໃດ້ປອດໄພ. ສະດວກສະບາຍແທ້ບໍ,1
ດີລາ,1
ບໍໃດເນັດແລ້ວ,1
ຕັ້ງຍາກກາຍ,0
ຂໍໃຫ້ເຮັດໃຫ້ເຮົາໄດ້ໆຂາຍເຄື່ອງເຮົາເດຂໍແທ້ໆເດຂໍແທ້ໆເດເດີຂໍຂໍຂໍຂໍ,1
ແອນ,1
ເຂົ້າແອບບໍ່ໃດ້ ລ໋ອກອີນສຸດດົນ,0
ຄ້າງດຸແລະກະຂໍ້ຄວາມແຈ້ງເຕືອນກິດຈະກໍາຕ່າງໆມາຊ້າ,0
ດີໃດແຕ່ຄົນລາວໃສ່ເພລງບໍ່ໄດ້,1
ແອັບກາກໆເຮັດນີ້ເຮັດໃຫ້ຫັວຮ້ອນຫລາຍເທືອລະຄັນເຮັດໄດ້ຊໍ່ານີ້ໂຄດກາກ ເຊົາເຮັດສາອາຍເຂົາແອັບກາກ,0
ເດັງອອກຈາກລະບົບຕະຫຼອດພໍສິເຂົ້າລະບົບໃຫມ່ພັດເຂົ້າບໍ່ໄດ້ເອົາໄປດາວດຽວພໍ,0
ເວີຊັນເກົ່າດີຢູ່ແລ້ວປັດຈຸບັນນີ້ບໍ່ວ່າຊິພັດທະນາຫລືວ່າໄກ້ຊິເຈັງລະ,0
ຢາກໃຫ້ມີພື້ນທີ່ຈັດເກັບຂໍ້ມູນໃຫ້ຫລາຍກ່ວານີ້,1
ສະດວກສະບາຍຫຼາຍຢ່າງ,1
ຂອບໃຈນະ,1
ດີຄະ,1
ງ່າຍດາຍສະດວກຫຼາຍ,1
ເຊີນພັດທະນາແດ່ເດີ ລົງທະບຽນລະລໍຈົນຊິຮອດ 3 ເດືອນລະ ຍັງບໍ່ຢືນຢັນໃຫ້ປານນີ້,0
ຄໍາຫລັາແສງສຸລິນານັນປະພັນ,1
ມີແຟນແລ້ວ,1
ທບູນມື,1
ສັງໄຂຈຽວ ໄດ້ເຂົ້າລາໆແບບນີ້ກະມີນໍ່,0
ຫລີ້ນເຟດນີ້ຮູ້ໄດ້ທຸກເຫດການທີ່ເກີດຂື້ນໃນແຕ່ລະວັນ,1
ເພິດ,1
ລິ້ນດີລາຍໆໆລິ້ນແລ້ວສະນຸກມາກໆໆ,1
ມີປະໂຢກຫລາຍ,1
ເພື່ອຄວາມບັນເທີງ,1
ເຮັດມາເພື່ອຫຍັງທ່ານ ມັນຄືໃຊ້ບໍ່ໄດ້ ໂຄດກາກ,0
ເອົາດາວດ່ຽວໄປກ່ອນຂ້ອນຫມຸ່ນເກມໄດ້ດາຕ້າ200mbແຕ່ດາຕ້າບໍ່ເຂົ້າເລີຍ,0
ມາກກ,1
ແອັບນີ້ດີຫລາຍເດີ,1
ຢາກຂໍໃຫ້ແກ້ໄຂການເຂົ້າລະບົບແນ່ເດີເພຶ່ອສິເຂົ້າໄດ້ແຕ່ລະເທຶ່ອຖ້າແຕ່ຈົນຈ່ອຍກະຍັງເຂົ້າບໍ່ໄດ້,0
ໃຫ້ອັບເດດຫລາຍເກີນຄວາມຈໍາເປັນ,0
ດີແຕ່ວ່າບາງທີອັບເດດບໍ່ໄດ້ແນັດ,1
ລອງໃຊ້ເບິ່ງກ່ອນ ເອົາໄປ4ດາວພໍ,1
ຊ່ວງນີ້ແຍ່ຫລາຍຊ້າແຮງມີແຕ່ແນວຄ້າງກະລຸນາປັບປຸງໄວແນ່ຄົນເຮາມີວຽກໃຊ້ເງິນເງໃດ໋,0
ງົງເລີຍຕອນຈະສັ່ງວ່າມີໂປສ່ວນຫຼຸດພໍກົດສັ່ງກັບບໍ່ຫຼຸດຖ້າເຈົ້າບໍ່ມີໂປກະບໍ່ຕ້ອງໃສ່ວ່າບໍ່ສ່ວນຫຼຸດຈະຕົວະວ່າມີສ່ວນຫຼຸດເພື່ອ?,0
ທໍາດີ,1
ດີຫຼາຍໃນການເຕີມບັດແລະສາມາດໂອນຫາທະນາຄານຕ່າງໆໄດ້ຂອບໃຈທີ່ສ້າງສິ່ງດີຂຶ້ນມາ,1
ເຂົ້າບໍ່ໄດ້ມີແຕ່ເດັ້ງອອກແກ້ໄຂແນ່,0
ເຂົ້າຢາກ,1
ຊ້າຫຼາຍ,0
ໄຈຫທາກກ່ກຶ,1
ຕື່ມເງີນລະບໍ່ເຂົ້າໃຫ້ກວດຫາເບີ່ງໃຫມ່ເດີຂອ້ຍເສຍເງີນລ້າໆຕັ້ງວ່າ50.000ພັນຊົ່ວຂອ້ຍໄດ້ເງີນສິນີ້ບໍ່ແມ່ນງ່າຍ,0
ມີຂໍ້ມູນໃຫມ່ໆທັນເຫດການ,1
ພ ພີ່ລອງ ຊິພຊູໄຊ,1
ຮູ້ສຶກດີ,1
ດີກາຄະ,1
ແອບເຫີ້ຍມາກບໍ່ຕ້ອງໂຫລດມາຫລິ້ນເດີ່ແອບຄຽວ,0
ດີມາກ ເລຍ,1
ເຕີມບັດລະບັດບໍ່ເຂົ້າລະກາບັດໃຊ້ບໍ່ໄດ້ເລີຍ,0
ໃຊ້ດີຖືກໃຈໃຊ້ເລີຍ,1
ບໍ່ໄດ້ຄະແນນຕືນຈາກການເຕີມບັດຊື້ຫວຍ,0
ໂຄຊະນາຫຼາຍເກີນ,0
ດີຫຼາຍໆສະດວກສະບາຍ,1
ຖ້ເຍ,1
ດີຈີ່ງໆ,1
ແອັບຍັງມີບັນຫາຫຼາຍໂພແ,0
ຂອບໃຈໄດ້ໃຊ້ງານດີມາກ,1
ແກ້ໄຂຄົງຈະດີ,1
ມັນຄືເຂົ້າລະບົບບໍ່ໄດ້,0
ເຄນ,1
ຖືກໃຈວອງໄວ,1
ໃຫ້ລະບົບພ້ອມກ່ອນຈຶ່ງປະກາດໃຊ້ເດີ້ເຈົ້າ,0
ເປັນຫຍັງຄືຕັ້ງຄ່າເຂົ້າລະບົບບໍ່ໄດ້ ບອກວ່າເບີຂໍຈໍານວນຫລາຍຄັ້ງ ຫລາຍຄັ້ງແນວໃດຫາກໍ່ສິໂຫລດມາໃຊ້,0
ໃສ່ໄດ້ແລ້ວເດີຫາກຢາກນອ້ຍນຶງ,1
ຫງງໄຮເງວງບງວບ,1
ເຂົ້າຊ້າແຮງ,0
ຍາກໃຫ້ແກ້ແນ່ເວລາບໍຈື່ລະຫັດນະຄໍາຖາມລັບກະບໍຈື່ຍາກໃຫ້ມີການສົ່ງຫະຫັດotpມາໃຫ້ທາງເບີແກ້ແນ່,0
ມີບັນຫາກັບການເຂົ້າບັນຊີຕະຫລອດ,0
ມັກຫຼາຍຂາດບໍ່ໄດ້,1
ດີສຸກແລ້ວ,1
ຈ່າປຶ,1
ຖຶກໃຈຫລາຍ,1
ມັນບໍ່ຄ່ອຍດີເວລາປັນມັນບໍ່ໃດ້ເນັດໃຫ້2 ດາວ,0
ເຂົ້າແອບບໍ່ໄດ້ຄ້າງຢູ່ຫນ້າຫລັກ,0
ສານາ,1
ບາດເຂົ້າໄດ້ບໍ່ໄດ້ໂອນເງີນໂອນບັດກະຖ້າດົນ,0
ຮໍາຮຮພຮພ,1
ຂໍເງິນແດ່,1
ຊ່ວຍແດ່,1
ຍາກໃດ້ແອປນິ້,1
ພາສາ່ດາສລືອ່ສວຍຮດີສລື່ແຮຮກນມື່ສອທວອ່ສ,1
ຄວາຍ ລົດມາຮັບກະຊ້າ ເຫັນແກ່ເງິນ,0
ໃຫ້ 5,1
ແກ້ະຮ,1
ແອບນີ້ຄັກອີລີ,1
ເທັນ,1
ເຄີຍລີນ,1
ຊົມເຊີຍfaceທີ່ບໍລິການດີ,1
ບໍຕອ້ງໂຄສານາໃສ່ທລສຂອ້ຍອີກເດີ. ກູຫີຼນເກນແລ້ວມາໂຄສານາຫາພໍ່ມື່ງນະ,0
ຈັນຫອມລາວຈ່າງ,1
ຫມອນວິລະໄມ,1
ສຸດຍອດແລ້ວ,1
ດີຫລາຍອາຫານຫລາຍແນວ,1
ດີຫຼາຍທີ່ໄດ້ໄຂ້ບໍລິການ,1
ອະທິບາຍຂອງແຂກຫາ,1
ກາກຫລາຍ ພັດທະນາແດ່ເດີ່,0
ໂປຮໄທ,1
ຮັກສຸດໆ,1
ໃຊ້ດີຈີງ,1
ປັບປຸງແດ່ເດີສະຫມັກແລ້ວ ບາດເອົາລະຫັດມາໃສ່ເຂ້າແອບລະວ່າລະຫັດບໍຖືກ ຫ່າຂົ້ວມັນນີ,0
ຄວນປັບປຸ່ງອີກໃຊ້ບໍ່ໄດ້ອັບໂຫຼດຂໍ້ມູນບໍ່ໄດ້,0
ແອບດີມີຄຸນນະພາບຕ້ອງແອບເຟດບຸກ,1
ຈາງ,1
ດີແລ້ວເດີ,1
ຂອ້ຍມັກລີ້ນເຟສມວ່ນດີມີສັງຄົມ,1
ອັບເດດໃຫມ່ພັດປ່ຽນພາສາລາວບໍ່ໄດ້ຕ້ອງມີໃຫ້ຄົບຈຶ່ງຈະອັບໃຫມ່ແລ້ວຈະເພີ່ມໃຫ້ ຢ່າງທີ່ສອງວົງລ້ໍສ່ຽງໂຊກສໍາຄັນສຸດ,0
ສະດວກກວ່າ,1
ທສົມຈັນ,1
ດີຈີງ່,1
ໄຫ້5ດາວແລ້ວເຈັ້າໄດລິ້ນແອບແບບບໍ່ມີເງິ່ນເນັດ,1
ແນ່ນ ພົມມະໄຊ,1
ອໍໂຕ້,1
ຢາກໄດ້ຂໍມູນທີ່ບໍ່ຫມົດອາຍຸ,1
ດີຫຼາຍສໍາລັບຮູບແບບການນໍາໃຊ້ແບບຟີ ແຕ່ກໍລະນີເປັນທຸລະກິດຢ່າງໃຫ້ມີການເປີດກວ້າງການເຂົ້າເຖິງຜູ້ຄົນຫຼາຍກວ່ານີ້ຕື່ມອີກ.,1
ໃບງໍ,1
ໂອຍ ບໍ່ແຈ້ງຫຍັງເລີຍບໍ່,0
ແອັບທະນາຄານກາກໆ ປິດໄປໄດ້ກະດີເດີ້,0
ຂໍຖືກເລ່ກ 100,1
ແອັບ.10mb,0
ຖືວ່າຄົບໃນຮ້ານດງວເກີບກິໂຕ້,1
ຮັກສາໃຫ້ດີຂື້ນເທື່ອລະຫນ້ອຍ,1
ໃຊ້ແອັບນີ້ດີມາກ,1
ຕອນນີ້ກໍາລັງໃຊ້ຢູ່ແຕ່.ບາງຫຼາຍຄັ້ງເກີດຂໍ້ຜິດພາດ ເອີເລີ້ ບໍ່ສາມາດເຂົ້າໄດ້ ເປັນບາງຄັ້ງ,1
ສຶກສາ ສ້າງສັນ.,1
ກ່ໄດ້,1
ກະ ລ໋ອກ ສົມມີໃຊ,1
ໃນພິທີທ່ານປະທານໄດ້ກ່າວສະແດງຄວາມ,1
ສະດວກສະບາຍໃນການໃຊ້ສໍາລະ,1
ດີມາກຫລີ້ນງ່າຍ,1
ອັບເດດແລ້ວເບິ່ງຮູບບໍ່ໄດ້,0
ຮັກເຂົ້າ,1
ຜູ້ບ່າວບໍ່ຕອບແຊດ,0
ດີລາຍຄອບໃຈ,1
ນໍາໃຊ້ວອັດແອັຍ,1
ໃຊ້ໄດ້ແຕ່ຫມູນຟຣີສວນເກມຫັ່ນບໍ່ເຫັນຊິໄດ້ຫລິ້ນນໍາເຂົ້າໃຫ້ດາວດ່ຽວກະບຸນແລ້ວ,0
ບໍ່ໃຫ້ຄະແນນຄືແຕ່ກ່ອນກະບໍ່ຈໍາເປັນໃຊ້,0
ປັບຫມາກ10,1
ສົ່ງມາແມ໋,1
ພັດທະນາແອັບjdbໄຫ້ໂອນໄປການຄ້າສະດວກກອ່ນນີ້ອຶກ,1
ດາວໂລດແລ້ວໃສ່ລະຫັດສ່ວນຫຼູດໄດ້ເງິນຄືນ5 ລະຫັດ 72008506,1
ດູຫລຼາຍ,1
ໂທລະສັບມັນບໍດີແລ້ວ,0
ອັບເດດໃຫ້ມັນແຍ້ກວ່າເກົ່າອັບເພື່ອຄວາຍບໍ,0
ແຕ່ອັບເດດໃຫມ່ບໍ່ໄດ້ເລື່ອງເລີຍມຸນແຕ່ລະມື້ບໍ່ໄດ້ຫຍັງເລີຍ,0
ໂຄດກາກສະມັກຍາກເກີນໃສ່otpຂຶ້ນກໍາລັງໂຫຼດຖ້າເປັນຊົ່ວໂມງກາກກກຢ່າຫາໂຫຼດ,0
ຢາກໃຫ້ເງີນໂປໂມຊັ້ນສະຫມັກເນັດໃດ້,1
ຮັບໄປເລີຍ5ດາວ,1
ແອັບໂຄດເຖື່ອນ ສະມັກບັດກະບໍ່ໄດ້ ສະມັກສະມາຊີກກະບໍ່ໄດ້ ສ້າງມາໄດ້ແນວໃດແອັບແບບນີ້,0
ເພື່ອສິເຂົ້າໄດ້ອັບເດດທຸກເທື່ອ,0
ຕິດຕັ້ງແອັບນີ້ບໍ່ໄດ້ ຍາກໂພດ ປັບປຸງແກ້ໄຂຕື່ມເດີ,0
ຈີ່ງຈັ່ງກໍ່ທັກໄປແຕ່ຖ້າຈີ່ງໄຈ່ກໍທັກມາ,1
ສະມື້,1
ສະດວກວອງໄວ,1
ມັກລາ່ຍ,1
ຕາວັນສີຈັນຫອມ,1
ດິໆ.,1
ຄັກຫລາຍສຸດຍອດ,1
ດີໄດ້ເຫັນຫຼາຍໆຍາງ່ອານາຄົດໄກຫຼາຍເດີ,1
ສະບາຍໃນກັນສືສານ,1
ຈັກເປັນຫັຍງຫຼົງລົບບາດໂຫຼດໃຫ່ມລະເຂົ້າບໍ່ໃດ້ ແລ່ນກໍາລັງເຊື່ອມຕໍ່ຢູ່ບໍ່ໃດ້ຈັກເທືອ,0
ເລີ່ມຕົ້ນ,1
ໄລນແພງ,1
ຍອດຍຽ້ມ,1
ວອນແທ້,1
ປະສົບການຂອຍ້ມີ.ມາກ ມາຍ.ຍາກຈະບອກ.ກາວ່,1
ບໍ່ມັກໂຄສະນາເກມອອນລາຍ ຕັ໋ວຫຼາຍ,1
ມັກແອບນີ້ແຮງ,1
ນາງລາວ,1
ແກ້ໄຂເລື່ອງການສົ່ງແນ່ຊ້າຫລາຍຊາມໄດ້ຮັບອາຫານຈົນຊິເຂົ້າ1ຊົ່ວໂມງ,0
ສະມັກເນັດກະໄດ້ດາຕ້າຫນ້ອຍລົງກ່ອນເກົ່າ,0
ບໍລິການດີມາກ,1
ທະນາຄານນີ້ດີທີ່ສຸດແລ້ວ,1
ຕົ້ມເງີນກູແລ້ວ ສັ່ງຊື້ຂອງ4ມື້ແລ້ວຍັງບໍ່ໃດ້ຄໍາຕອບ ເສຍເງີນລ້າໆແລ້ວກູ ໂທໄປກະບໍ່ຮັບ,0
ປັບປຸງຕໍ່ໄປ,1
ຕອງດີ,1
ແມ່ວຶ,1
ຢາກໃຫ້ປັບປຸງຄືນບ່ອນລາຍຮັບລາຍຈ່າຍແຢກກັນລະອຽດແຕ່ລະເດືອນ ຄືກັບເວີຊັນທີແລ້ວຫັນ ມັນສະດວກກວ່າ,0
ລອງໃຊ້ກ່ອນ,1
ຄືຊິດີ,1
ໃສ່ໄຫ້ແດ່ເດີໃຜໃສ່ລະເມັ້ນຂອງໂຕເອງໄວ້ສິໃສ່ກັບຂໍຂອບໃຈ54580691,1
ໃຈດິ,1
ປານນັ້ນວ່າແອັບລົງທະບຽນເບີໂທລະສັບແຕ່ເຂົາໄປມີແຕ່ໂຄວິດ. ຈັ່ງແມ່ນກາກ. ຢາກຂາຍແອັບຈົນສ້າງກະແສອັນນີ້ມາບໍ້,0
ອັາຍກຸ.ກີ.,1
ບໍຄອຍດີປານໃດ,1
ເປັນຫຍັງອັບເດດຫຍັງກະບໍ່ໄດ້,0
ດີ ພໍໃຊ້ຍູ່,1
ນາຟື,1
ໂອເຄຈຮາ,1
ຍາກໄຫ້ອັບເດັດ,1
ຢຽມມາກ,1
ເຂົ້າສຄ່ເຟັສບຸກບໍ່ໄດ້ເຈົ້າ,0
ພັດທະນາດີກວ່າເດີມ,1
ດີຫລາຍມັກຫລາຍແອັບນີ້,1
ກາກເກີນແອັບນິ,0
ປ່າເຢັ້ງເລົ່າ,1
ຝຂໃຂຝວ,1
ດີມາກແຕ່ໄມມິເນັດ,1
ເຮັດໃນມື້ນິ້ເພືອອານາຄົດ,1
ຊອກມາກ,1
ອ້າຍພຽນ,1
ແອັບດີ ແຕ່ເຂົາບໍຕອບ ແບບນີ້ກໍໄມ່ເອົານະ,1
ດີຢູ່ ຍັງບໍ່ໄດ້ເປີດ ບັນຊີ ກັບພົງສະຫວັນຈັກເທື່ອ,1
ເຮັດຫຍັງບໍ່ໄດ້ລົງທະບຽນກະບໍ່ໄດ້ໃຫ້ໂຫຼດມາຫຍັງ,0
ດີຫລາຍ ໃຊ້ຢູ່ທຸກມື້,1
ພາບ,1
ດາວອັງຄານ,1
ຄນຸ ຈນັນີຕາ24 7 2020,1
ດີຫຼາຍເຮັດໃຫ້ມີຄວາມສະດວກຫລາຍຂື້ນ,1
ມັກອີ້ນ,1
ສະຫມັກເບີໄຫມ່ມີແຕ່ວ່າຜິດພາດປັບປຸງແນ່,0
ເດືອນຫນື່ງໂລດ3ເທື່ອ,0
ຍີນແຕ່ຄົນອື່ນວ່າຮອດໄວ້ມາລອງ2ຮອບ3 4ມື້ຈື່ງຮອບຕະຫລອດຊ້າແຮງ,0
ມີແຕ່ຊື້ເລກໄດ້ບໍ ຊື້ສິນຄ້າອື່ນກະໄດ້ບໍ,0
ໃຊ້ງານດີແຕ່ຫມຸນບໍ່ເຄີຍໄດ້,1
ລີນໃວຂືນ,1
ເງິນເປີເຊັນກະບໍ່ໄດ້ແລ້ວກາກຫລາຍບໍ່ໃຊ້ແລ້ວ,0
ຍຸຜພຮໍາຮໃ,1
ຄືອັບເດດດຸແທ້,1
ອ່ແນ,1
ການວິຈານຂອງພວກເຮົາຈະເຮັດໃຫ້ທະນາຄານພັດທະນາລະບົບໂປແກຼມໃຫ້ດີຂຶ້ນ,1
ແອັບເຫ້ຍຈັງເຂົ້າຊື້ດາຕ້າບໍ່ໄດ້,0
ຖືກລອັກ,1
ບໍລິການດີທັນໃຈ,1
ຮູບພາບແນະນໍາຢາກໄຫ້ກັບມາເປັນແບບເກົ່າ,0
ແອັບຄວຍ ໃຊ້ກາບໍ່ໄດ້ ເຮັດມາໃຫ້ໂຫລດເສຍເນັດລະສູໄດ້ເງິນສິຫວາ ພວກຫົວຄວຍ,0
ຂໍໃຫ້ແອັບນີ້ແດ່,1
ໃຊ້ດີໃຊ້ຫລາຍໄດ້ເງິນຄືນ,1
ດາບິດບາ້ນນາວາງ ເມືອນາກາຍ,1
ໃຊ້ສະດວກຫລາຍ,1
ສອນໄຂລໍຄໍາມອນ,1
ກວວີ,1
ດີບໍ່ລາຍປ່ານໃດ,1
ເອົາໄປເລີຍ,1
ຢາກໃຫ້ມີການເຕີມບັດເຂົ້າເປັນເງິນ u moneyໄດ້,1
ດີຫຼາຍໄດ້ຮັບເນັດຟີ,1
ຫນ ລາວບົດ,1
ເຂົ້າຟັງຊັນບັນທຶກລາຍຮັບ ລາຍຈ່າຕອນໃດແລ້ວເດັ້ງອອກ .ຮູ້ສຶກວ່າມັກມີບັນຫາການໃຊ້ງານ,0
ການສ້າງຕັ້ງຂຶ້ນໂດຍເປັນສ່ວນຕົວສູງສຸດຂອງໂລກໃນການຢືນຢັນຈາກທັງຫມົດສໍາລັບຊາວບ້ານຫລາຍຄົນອາດຈະເກີດຂຶ້ນກັບການພັດທະນາຂອງເຂດປະສົບຜົນສໍາຄັນຫຼາຍກວ່າເກົ່າ,1
ໄມ້ບັງຄັບກາງໄດ້,0
ແລກໆກະໂອເຄຢູ່ນະ 3.3ມາ ລະເປັນແນວໃຫມ່ ຊ້າຫລາຍປະເມີນຜົນຊ້າ ຊ້າເບິດດຽວນິ ເນັດກະບໍ່ໄດ້ມີປັນຫາຫຍັງ ຊົ່ວເຫັນເຄື່ອງກະເບິດແລ້ວ ແຕ່ພາລາປ່ຽນເປັນລາວ ຍັງເປັນແຕ່ບາງສ່ວນ ປັບປຸງໃຫມ່ຖ້າຖືກໃຈແລ້ວຊິກັບມາໃຫ້5ດາວເດີ້ ຖືກໃຈແຕ່ໄດ່ເຄື່ອງໄວ,0
ຈະພະຕ່,1
ຂ້ອຍມັກໄຊ້,1
ເປີດໂລກໃຫ້ກວ້າງ,1
ຍາກລີ້ນ,1
ເກີນລິເວວ,1
ຄືໂພດແຊບໍ່ໃດ້ດງວນີ້,0
ໄຊ້ແອັບນີ້ເຮັດໄຫ້ສະດວກສະບາຍໄນການສັ່ງອາຫານມາກີນ,1
ຮູ້ເລືອງລາວຕ່າງ ໆໄດ້ຫຼາຍຢ່າງ,1
ໃຊ້ລະຫັດບໍ່ໄດ້ຈັກເທື່ອຜ່ານມາເປັນຊົ່ວໂມງລະ,0
ສຸດຍອດໃຊ້ແອບນີ້ງາ່ຍຂື້ນ,1
ໃຊ້ຕໍາແຫນ່ງປະຈຸບັນບໍໄດ້,0
ທ້າວນິກກີ,1
ກໍາລັງລົງໃຊ້ວ່າຈະດີບໍ,1
ມີສາລະແລະຄວາມບັນເທີງດີ,1
ດີໃຈຫລາຍທີ່ສຸດ,1
ຂອ້ຍຊື່ນາງລ່າຍ,1
ດີທີ່ສຸດ ທັງຫມົດ ທີ່ ໄດ້ ຮັບ ການ ຄົ້ນຫາ ສໍາລັບ ຈາກ ການ ເກັບ ຮັກ ສາ ໄວ້ສໍາລອງຂ່ມູນ,1
ຂາດບ່ໄດ້,1
ເຟສບຸກໄຊດີຫລາຍ,1
ໂຕອັບເດດໃຫມ່ໃຊ້ເຊີນບໍ່ໄດ້ກາກສຸດເອົາໂຕເກົ່າຄືນມາ,0
ມັກໃຊ້ກລາຍໆເດີ.,1
ສ.ປ.ປ.ລາວ,1
ໂອນງ່າຍຈ່າຍສະດວກດີຄັກຂ,1
ວັນທີ 31ເດືອນ12ປີ 2024,1
ລ໋ອກອິນບໍ່ໄດ້ແກ້ໄຂແນ່,0
ຫລີ້ນເກມຫມຸນຮອບວົງລໍ້ຖືກເຊິນເພື່ອນຈັງໃດກະບໍ່ຜ່ານ ແກ້ໄຂດ່ວນ,0
ສື່ສານໃດ້ຢ່າງວອງໄວ,1
ເຂົ້າລະບົບບໍໄດ້,0
ທັນສະໄຫມສຸດຍອດ,1
ໄດ້ດີຫາຼຍ,1
ຈານຮ,1
ໄຜມີລະຫັດແນະນໍາແນ່,1
ສື່ສັດ ຫມັ້ນຄົງ ໂປ່ງໃສ ທັນສະໄຫມ ຮັບໃຊ້ປະຊາຊົນລາວ ປອດໄພດ້ວຍທະນາຄານພັດທະນາລາວ ຄົບຈົບໃນແອັບດຽວ,1
ຂໍພັດທະນາໄປເລີຍໆ ດີຫລາຍ,1
ມືໃຫນ່,1
ລົງຮັກເມຍເຂົາ,1
ໃຊງາຍແລະມີປະສິດຕີພາບດີ,1
ປານາ ພູຕື,1
ໃຫ້1010ໄປເລຍ,1
ສອນເພັດ,1
ແຊັດນໍາຜູ້ສາວຜູ້ສາວບໍ່ຕອບເອົາໄປ5,1
ຄາວຍ,1
ໄຊ້ງານງ່າຍ ສະດວກ ປັນຫາບໍຄ່ອຍມີ ຄົນທີ່ມີປັນຫາອາດຈະໄຊ້ບໍທັນເປັນ,1
ໂຄດແຍ່ເລີຍໂຫລດມາກະເຮັດຫຍັງບໍ່ໄດ້,0
liຮ່າ,1
ມີພາ 1 30 2005,1
ດີຢູ່ນະ,1
ນ້ອງ,1
ໂອນເງິນບໍໄດ້ໃສລະຫັດແລ້ວເຂົ້າໂອນບໍໄດ້ແກ້ໃຫ້ໄວແນ,0
ງ່າຍວາ,1
ເຮັດໃຫ້ໃຊ້ງ່າຍກວ່ານີ້ແນ່ ຖ້າບໍ່ນັ້ນກະປັບປຸງການເຕີມເງິນຜ່ານແອບ ຊື້ບັດມາແລ້ວໃຊ້ລະຫັດຜ່ານແອບບໍ່ເຂົ້າ ຊ່ອຍປັບປຸງແນ່ ຢ່າຊິເອົາແຕ່ເງິນຫຼາຍ,0
ຈໂຍຍພາພທ,1
ໃຊ້ດີ ແຕ່ຂໍສະເຫນີໃຫ້ທາງbcel ສ້າງຄິບສອນການນໍາໃຊ້ຕື່ມໃຫ້ລະອຽດຫລາຍໆຄິບອີກໃນyoutube,1
ແອັບບໍ່ມີຄຸນນະພາບ,0
ຫລິ້ນງ່າຍບໍ່ເປືອງເງິນ,1
ຍ່ຽມມາກ,1
ທ່ສນ,1
ສຶກສາທີ່ບ້ານ,1
ມີຄວາມເມດຕາເປັນກຸສົນຢາ່ງຍີ່ງໂດຍບໍ່ມີເຫດຜົນໃດໆ,1
ຂອບໃຈທີ່ສ້າງອອກນີ້ມາ,1
"ດີຫ,ລາຍ",1
ແຕ່ຄົນນ້ອຍນ້ອຍ,1
ເບນ,1
ແບບເດີມດີກວ່າ,1
ທໄລ,1
ຕຶ່ອນໍາໄມື້ ພໍາ,1
ດ ດີ,1
ສັ່ງໂຄດງ່າຍ,1
ໃສ່ດີອະລີ,1
ໃຊ້ງ່າຍລວດເລວທັນໃຈ,1
ຄ່າຝາກແພງຫລາຍ ອນສ ມີແຕ່ສິບພັນກີບ ບາດຮອລ ພັດວ່າສິບແປດພັນ ໂພດໂພ,0
ບໍ່ມີລະຫັດຜູ້ແນະນໍາລົງທະບຽນໃຊ້ບໍ່ໄດ້ອັນເຮົາໂຫລດເອງບໍ່ມີໃຜແນະນໍາຄວນປັບປຸງແນ,0
ຊວນຫມູຕິດຕັງລະບໍໄດ້ເນັດ ອອນເກີນແອບລາວ,0
ແກ້ໄຂໃຫ້ດ້ວຍ,1
ມີໂປຣດີໆໃຫ້ເຮົາສະເຫມີຂ້ອຍມັກຫລາຍແອັບນ unitel u muney,1
ສະເວກສະບາຍ,1
ຄົ້ນຫາເພງບໍ່ໄດ້ໄນເມື່ອຄົ້ນແລ້ວມັນເດ່ງອອກ ໄປປັບແກ້ໄຫມ່,0
ນ້ອງນອຍໂຕເຕຍ,1
ໂສດ ໂສດ,1
ໃຊ້ດີແຮງງ ເລີບເລີຍ,1
ຕັດເງີນເຮັດຫັຍງຄູ່ມື້ ມື້ລະ500ກີບ,0
ຢູ່ດີໆກະວ່າລະຫັດຫຼືອິເມວບໍ່ຖືກຕ້ອງອິຫຍັງວ່ະ,0
ບັນ ຄື ຂຮີຖ,1
ສາແທ້,1
ນວັຍ,1
ແອັບນີ້ບໍ່ຄັກສ່ໍາຫລັກ9ຫມຸນໄດ້ແຄ່ຄັ້ງດຽວ ມື້ຕໍ່ໄປຫມຸນບໍ່ໄດ້ ຄວນປັບປຸງການຫລີ້ນເກມຫມຸນເອົາດາຕ້າ ຄວນປັບປຸງການເຂົ້າສະຫມັກແພັກເກັດຜູ້ອື່ນຄວນມີຈໍານວນແພັກເກັດອອກມາໃຫ້ເລືອກ,0
ແຊັດກະບໍ່ໄປຄືຊີ່ຕາຍນີ້ແກ້ໄຂແນ່,0
ໄຊ້ດີແທ້ໆ,1
ມຶ້ວານນີ້ຊຶ້ເລກໂຕເກົ່າໄປແລ້ວ ຊະລະເງິນໄປ6000ແຕບໍ່ໄດ້ບິນເລກ ຖຶກຍູ່1000ເລກກົບ ຄຶບໍ່ມີ.ຄໍາອະທິບາຍຍັງເນາະ ແຕ່ ເງິນຊະລະແລ້ວ ເວລາ11 49ນາທີຈະ ຊື່.ຄໍາພູສົມສີ ລອງໃຫພາກສ່ວນກຽ່ວຂ້ອງກວດເບິ່ງດຸ ຮັບເງິນໄປແລ້ວ ແມ່ນບໍ່,0
ສະຫມຸກທຸກຄັ້ງໃນແອັບນີ້ໃນເວລາໃຊ້ງານ,1
ມັກຫລີ່ນ,1
ຂໍຄວາມການແຊັດບໍ່ເດັງຂື້ນ,1
ໃນແອັບນີ້ມີປັນຫາເລື່ອງກ້ອງຖ່າຍເອກະສານດໍາຄ້າງຢູ່ຕະຫລອດເວລາ ເຮັດໃຫ້ບໍ່ສາມາດຖ່າຍເອກະສານໄດ້,0
ສວຍງາມຫຼາຍ,1
ຖືກໃຈເດິວ່ອງໄວທັນໃຈຢູ່,1
ຢູ່ດີໆບັນຊີກະເຂົ້າບໍ່ໄດ້,0
ດີຫລາຍທີໄດໃສເພຈນີ,1
ເປັນແອັບທີ່ຫ່ວຍແຕກແຮງ,0
ຊ່ວຍໃຫ້ດີກວ່າເກົ່າ,1
ມາອັບເດດຊຸດນີ້ບໍ່ມີຮອດບ່ອນຫມຸນວົງລໍ້ໂຊກດີ ເນັດກິດຈະກໍາລາຍວັນກະບໍ່ໄດ້ ໂຄດກາກແຮງຈັກຊິໂຫລດໄວ້ເພື່ອຫຍັງ,0
ການນໍາໄຊ້ດີ,1
ຊຽງຄໍາພອນ,1
ນົກນົກ,1
ອັດເດດຫາພໍ່ມືງບໍຄືດົນຕາຍແທ້,0
ຄໍາແກວ,1
"ລົງທະບຽນບໍ່ໄດ້, ບໍ່ມີຂ່າວສານຫຍັງ",0
ດີຫລາຍຢາກໃຫ້ພັດທະນາໄປເລື້ອຍໆ,1
ໃຊ້ດີຫລາຍຕິດຕາມຂ່າວສານໄດ້ທັນໃຈດີ,1
ປ້ອນເບີເຂົ້າລະບອກວ່າລະບົບມີປັນຫາ ແນວນີ້ຂ້ອຍຊິລົງທະບຽນໄດ້ແນວໃດ,0
ການຄ້າຂາຍ,1
ຂໍລງທະບຽນແບບບໍ່ຕ້ອງຂັດຂອງເດີຖ້າລງຢາກຈະຫນ່ອຍສິລໍາຄານ,1
ບໍ່ມີການອັບເດດ,0
ອັດເດດໃຫມ່ຄືບ້ານີ້,0
ລອງໃຊ້ກ່ອນລະຊິເພີ່ມດາວໄຫ້,0
ຢຽມໂປ,1
ຖືກກັບສັງຄົມປະຈຸບັນນີ້ເອີຍ,1
ມັກຫຼາຍ ບໍລິການດີ ບໍລິການໄວ,1
ດີໆລໆ,1
ໄຊ້ງ່າຍ,1
ໃຊ້ເປັນເຄື່ອງຫມາຍບໍລິການ,1
ຢ່າມັກອັບເດດຫຼາຍ,1
ທອ້ງ,1
ຊວຍແດ່,1
ແອບແມ່ງໂຄດກາກຖ້າເປັຊາດຈຶງໄດ້,0
ນວນຮັກພອນນະຮັກທີສູດ,1
ແກ້ໄຂການໂອນແດ່ໂອນໄປແຕ່ເງິນບັນຊີບັກໂອໄປແລ້ວແຕ່ເງິນບໍ່ເຂົ້າກູລະງົງນໍາbcl1 ກາກຫຼາຍແຕ່ກີ້ຍັງດີກ່ອນນີ້,0
ເຟສຂ້ອຍຖືກບັອກແລ້ວແກ້ຄືນບໍ່ໄດ້,0
ດີສຸດຍອດບໍ່ມີຄໍາບັນຍາ,1
ສະດວກສະບາຍສຸດຍອດ,1
ສົ່ງໄວແດ່,1
ລອງໃຊ້ແລ້ວກະດີຍູ່ໄດ້,1
ບໍ່ໄດ້ຫ່າຫຍັງເລີຍ ລະຫັດກະບໍ່ສົ່ງມາໃຫ້ ແກ້ໄຂດວ່ນເດີ ດາວ1ກະເສຍດາຍກົດໃຫ້,0
ແອກ່,1
ແອັບສົນຕີນຕົວະໃຫ້ໂຫລດລະເຂົ້າບໍ່ໄດ້,0
ອອນລາຍພາສຸກ,1
ບໍ່ເຂ້າໃຈອັບເດດແລ້ວຍັງໄຫ້ອັບເດດອີກ ອັບເດດແລ້ວເດອັບເດດຫຍັງອີກ,0
ຊາວນາ,1
ສາວໄວ້,1
ເຮ່ຍ,1
ໂຊກ,1
ພາກພູມໃຈແລະດີໃຈຫຼາຍທີ່ໄດ້ໃຊ້ແອັບນີ້ເພື່ອຕິດຕໍ່ຫາແພື່ອນທຸກຄົນ,1
ຢາກລອງມວມຊໍາໃດ,1
ດີຫລາຍຂໍຊົມເຊີຍ,1
ສິລິພາບ,1
ໄດຍ,1
ອື່ນໆ,1
ລີນແລ້ວໄດເງີນ,1
okຢູ່ ຕອນຂາດເຂີນພໍໄດ້ອາໃສດາຕ້ານໍາ ພັດທະນາຕໍ່ໄປ.ຈາກການໃຫ້100mbເປັນ1000mbແຫ່ງເປັນການດີແລະນ້າຮັກຂຶ້ນເລື້ອຍໆນະ,1
ເຟສນີຖືວ່າດີເພາະມັນໃຫ້ເຮົາຮູ້ຫຼາຍສຶ່ງຫຼາຍຍາງ,1
ສະຫມຸດຈິ່ງຈິ່ງ,1
ແກ້ວພະຈັນ,1
ບໍ່ສາມາດລັອກອິນໄດ້,0
ອັບເດດມາໃຫມ່ແຕ່ເຊີນກັບເຮັດພາລະກິດຍາກແຮງແບບນີ້ຄວນປັບປຸງໄຫມ່ເດີຢາກໄດ້ແບບເຮັດພາລະກິດແບບເຊີນຫມູ່ແບບເກົ່າ,0
ຍາກເກີນເຮັດໂຕນີ້ ໂລດມາພໍແຕ່ມັນເຕັມ,0
ບໍ່ໂອເຄເລີຍສໍາລັບຄົນຂັບເພາະວ່າໄປຮັບໄກໄປສົ່ງໃກ້ເພາະໄລ່ຄາຖືກເກິນໄປ ບໍ່ຄຸ້ມຄ່າແຮງກັບນໍາ້ມັນລົດຈັກແລະຊ່ວງນີ້ນໍາ້ມັນແພງ,0
ດີໄດ້ພົບຫມູ່ຫລາຍຄົນ,1
ໃຊ້ງ່າຍ ສະດວກສະບາຍ ປະຫຍັດເວລາໄປລົງທະບຽນຢູ່ສູນ,1
ໂປດໃຫ້ໂອກາດເຮົາອີກຄັ້ງ,1
ດີໆມັກລາຍ,1
ເປັນເຫ້ຍຫຍັງວ່ະ ໂຄດເບື່ອໂຄດລໍາຄານເລີຍ ສົ່ງກະບໍ່ໄປ ວູ ສີແມ່ນິ,0
ໃຫ້ຫຼາຍໃຈດີສະໂນກແລະເດັ່ນເກມ,1
ດີແລ້ວຈາf,1
ໂຫລດດົນແຖມລົງທະບຽນຍັງໂຄດດົນລໍ້ຖ້າໃຫ້ກວດສອບຂໍ້ມູນເປັນຮອດ2ຊົ່ວໂມງແລ້ວ,0
ເລີ່ມໃຊ້ຍາກແລ້ວຜິດພລາດຫຼາຍເທື່ອແທ້,0
ເປີດເຟດບຸກດວ້ຍ,1
ຍໄດ້,1
ຂີ້ກາກຫລາຍ,0
1ອາທິດ1ການອັບເດດ ບໍ່ດີປານໃດ ປັບປຸງໃຫມ່ເດີ,0
ແອັບໃຊ້ງ່າຍສະດວກສະບາຍທັນສະໄຫມແລະປອດໄພ,1
ຕອງ້ການດູເຟັດ ເພືອນ້ ເພັງ ຫນັງຄຸຍກັບເພືອ້ນ,1
ບໍ່ເຫັນດີຈັກນອ້ຍບໍ່ມີສະຕີ່ກເກີ້ງາມຊໍ່າ,0
ການບໍລີການນີ້ເຮັດໃຫ້ຂອ້ຍຊະດວກຂື້ນ,1
ແອັບເປັນຫຍັງຄືສົ່ງຮູບບໍ່ໄດ້,0
ຂອບຄຸນທີໄຫ້ແອັງນີກັບເຣົາ,1
ເປີດໃຊ້ງານເປັນມື້ທໍາອິດ,1
ແອບນີ້ລົບອອກໂຫດໃຫນ່ໃຊ້ຄຶນບໍ່ໄດ້,0
ໃຊ້ດີຫລາຍຂ້ອຍ5ດາວເລີຍ,1
ສະດວກ ຫວ່ອງໃວ,1
ໃຊ້ແລ້ວດີຂ້ອຍໃຫ້ເຕັມເລີຍຂອບໃຈຄົນລາວທີ່ສ້າງແອບນີ້ຂື້ນມາຂໍໃຫ້ມີກໍາລັງໃຈພັດທະນາປະເທດລາວເຮົາໄປເລື້ອຍໆ,1
ດີແຕ່ມາຈີນໂທບໍ່ໄດ້,1
ອັບແດດໃຫ້ມແຢ່ກວ່າເດີມຂ້ອຍເຂົາ game iwin ບໍ່ໄດ້ເຂົາວ່າ ບັນຊີນີ້ຖືກປິດນ້ໍາໄຊ ອິຫຍັງຂອງມັນ 1ດາວກະບໍ່ຢາກໃຫ້ດອກ,0
ນອ້ງດອຫຟ້າ,1
ດີຫຼາຍເບິ່ງວິດີໂອກໍໃດ້ໂດຍທີບໍ່ມີເນັດ ໂຊ້ຍປັບເວລາມູນໃຫ້ມັນຖືກເນັດແດ່ເດີ້,1
ຊືເລກບໍໄດ້ຊືໄດ້ເທືອດ່ຽວງວດຕໍໄປຊືບໍໄດ້,0
ປັບປຸງແນ່ເດີຢາມໃດກະປິດໃຫ້ບໍລິການຊົ່ວຄາວຢູ່,0
ອາຫານດີ ສົ່ງໄວ ສັ່ງກໍງ່າຍ ແຕ່ໃນການໃຊ້ແອບກໍຍຸ້ງຍາກແດ່,1
ແອັບຂອງພວກເຈົ້າບໍ່ຄວຍໃຊ້ງານໄດ້ ຢາກໃຫ້ປັບປຸງແດ່.,0
ການຊື່ສານ,1
ງ່າຍ ສະດວກ ມັກຫລາຍ,1
ດິແທ້ແນ່ນອນເດິ,1
ມີປະໂຫຍດຫຼາຍຢ່າງມັນດີທີ່ສຸດ ຮັກທີ່ສຸດ,1
ຂເວອາສ,1
ແອັບນີ້ໃຊ້ໄດ້ມວນ,1
ໄຫ້ດາຕາພຣີ ດີລາຍ,1
ດີຫລາຍສໍາຫລັບແອບນີ້ຂ້ອຍມັກແອບນີ້,1
ລີ ວ່າງ ໂສດ,1
ໂso,1
ມັກຫຼາຍແອປນີ້ໃຫ້5ດາວເລີຍ,1
ເສີນເດືອນ,1
ດດເ,1
ກໍາລັງຈະໄຊ້ງານ,1
ແກ້ໄຂດ່ວນ,0
ແກ້ໄຂແນ່ຝ່າວລົງທະບຽນແລ້ວ,0
ປັບປຸງຕືມ,0
ຄວາຍ ຫມຸນແລ້ວແຊຣ໌ບໍ່ໄດ້,0
ສາວນິງຂໍໄຫ້ໄຫ້ຂ້ອຍດາວ,1
ສາຍເປ້,1
ວທົວ,1
ຕ້ອງພັດທະນາອີກ,1
ຂໍເບີຊື່ຕໍ່າ,1
ເປັນຫຍັງຄືເຂົ້າບໍ່ໄດ້ແກ້ໄຂ່ດ່ວນເດີມີປັນຫາຕະຫຼອດ,0
ອັບເດດບາດໄດແຮງຮ້າຍກ່ວາເກົ່າ,0
ເປັນຫຍັງຄືລົງທະບຽນບໍ່ໃດ້ເຂົ້າເປັນຕັ້ງທໍ່ໃດເທື່ອກາບໍ່ໃດ້ເດັ້ງອອກຄືເກົ່າ,0
ດີອາຫລີ,1
ໃຊ້ດີ ມີຄົນຄຸຍຫລາຍ ກິກຫລາຍ ແຟນຫລາຍ,1
ໃຊ້ໄດ້ດີຫຼາຍ,1
ໂອນບໍ່ໄດ້,0
ໂຄດຊາເຂົ້າສູລະບົບກະຍາກຄວນປັບປຸງໃຫ້ດີກວ່ານີ,0
ນານານາ,1
fcດູສັນໄດ້ທີ່ນີ້,1
ດີdxd.,1
ໃຊ້ໄດ້ແລ້ວເດີເພີມໃຫ້4ດາວກ່ອນ,1
ດິລາຍ,1
ຊອບມາກຂອງຟີ,1
36720191ຊື້ໂລດໃຜມາເຫັນແລ້ວຖືວ່າມີບຸນຊຽ່ງໂຊກຊື້ໄປເລີຍ ເລກແນະນໍາ8ໂຕ 36720191,1
ເດນິວອາເລັກ,1
ຖ້າມີຫຼາຍຢ່າງຄືຈີດີກ່ອນນີ້,1
ເລືອກວັນສັກວັກຊີນບໍ່ໄດ້ ປັບປຸງຕື່ມ,0
ກໍາລັງດາວໂຫຼດ2ມື້ແລ້ວຍັງໂຫຼດບໍ່ໄດ້ປັບປຸງແດ່,0
ພອນຄໍາກອງວັນນາໂຊດດີເດີ,1
ສຸດຍອນ,1
ດີຊອບນະຊອບມາກ,1
ບໍລິການດີປະທັບໃຈ,1
ບໍ່ເປັນຕາສິແຕກຄວນເບິ່ງຄືນແດ່ຫລືລອງໃຊ້ເບິ່ງແດ່ຜູ້ເຮັດແອັບນີ້ກະດາຍ ປານນັ້ນສູນບອກລົງທະບຽນເບີຜ່ານແອັບນີ້ກະໄດ້ ແຕ່ກະລົງບໍ່ໄດ້ ຈັງແມ່ນວ່າມັນຍາກສາ00,0
ບ້ານບັນຊີເກົ່າໄປເຄືອງໃຫມ່ເຮັດແນວໃດ,0
ລົງທະບຽນເບີ ບໍ່ໄດ້ ປ້ອນຊື່ ຮູບ ບໍ່ໄດ້ ເຂົ້າສັນຍາລັກເຄື່ອຄ່າຍແລ້ວ ເດັ້ງອອກ ໃຊ້ງານບໍ່ໄດ້ຊ້ໍາ,0
ດີໃຈທີ່ໄດ້ຮັບການບູລະນະ,1
ຢາກໄຫ້ສ້ອງເບິງກິລາລີກອັງກິດມີຕະລອດໄຫ້5ດາວເລີຍ,1
ແອັບໃຊ້ດີຫຼາຍ,1
ໄຊ່ດີມາກ,1
ເອີ້ນລົດຍາກໂພດ ເອີ້ນ3 4ເທື່ອແລ້ວຍັງບໍ່ໄດ້ ຂະຫນາດຢູ່ໃນຕົວເມືອງ,0
ໃວ້ໃຊ້ງານ,1
",ບານັໍາະສະອາດຄາ່ມວນ",1
ເຂົ້າຂໍ້ຄວາມຍາກ,0
ອເສບ,1
ບູນບູນ,1
ຂ້ອຍມັກສິ່ງນີ້ ຂ້ອຍຂາດບໍ່ໄດ້,1
ຊອບແອບນີ້ສຸດໆ,1
ນອກຈາກ,1
ຫະສຸວິເດດ,1
ໃຊ້ແລ້ວສະດວກສະບາຍ ຂອບໃຈທີ່ສ້າງແອບນີ້ຂື້ນມາ,1
ເວລາໂອນເງິນເຂ້າເງິນອອກຂ້ຄວາມບ່ສະແດງໃຫ້ອອກໃຫ້ເຫັນຍູ່ຫນ້າຈ່ໂທລະສັບ. ມີແຕ່ເຂ້າເບິ່ງຍູ່ໃນແອັບ. ບ່ຊັນກະບ່ຮູ້ວາເງິນເຂ້າເງິນອອກແລະ,0
ຖ້າເຂົາຕອບແຊັດຈັ່ງສິເພີ່ມດາວໃຫ້ອີກ,0
ມີຄວາມສາມັກຄີດີ,1
ຄົນລາວມັກນິຍົມໃຊ້ງານດີ,1
ຕິດຕັ້ງແອັບແລ້ວ ແຕ່ກະຖ້າດາຕ້າ ສົ່ງມາ ກະບໍ່ ສົ່ງ ຈັກເທື່ອ ຕົວະ ບໍ ຫຼື ວ່າຈັ່ງໃດ ຊິບໍ່ແກ້ໄຂແນ່ ບໍ ຫລື ວ່າເບິດກໍາຫນົດແລ້ວ,0
ດີຫຼ່າຍໆແອ່ບນິຕິດຕັ້ງເລີ່ຍ,1
ຟຮີໃສ ຍັງໃຊ້ດາຕ້າຢູ່,1
ອັບເດດທໍາອິດໄດ້ຍູພ້ອຍຕະລອດບາດດຽວນີ້ສັນລາຍມື້ໄດ້ແຕໄຫ້ຟັງເຟງຕະລອດອັນນີ້ໄຫ້ປັບປຸງໄຫມ,0
ເຂົ້າລະບົບບໍ່ໄດ້ແກ້ໄຂແນ່,0
ອັບເດດມາໄຊ້ດີຫລາຍ,1
ຊ່ວຍອຸດຫນູນຮ້ານແມ່ຄ້າມືໃຫມ່ແດ່ສາວໆ,1
ລະບົບລົ້ມຫລາຍເທື່ອໂພດ ໄປຈ່າຍຫຍັງກະບໍ່ໄດ້ ໄປຊື້ເຄື່ອງກະໄດ້ສົ່ງຄືນຮ້ານຍ້ອນບັນຊີບໍ່ໄດ້. ພົກເງິນສົດສະດວກກວ່າ,0
ຂດູໂຍເຂ້,1
ບ່ມີກໍານົດ,1
ສະບາຍດີ ທັງຫມົດ ສໍາລັບ ການ ໃຊ້ເວລາ ໃນການ ປະຕິບັດ ວຽກງານ,1
ລາຍລະອຽດທຸລະກໍາຫາຍຍ,0
ບໍ່ຮູ້ຫັຍງເລີຍ,1
ແອັບນີ້ມີປ່ະໂຫຍດຫລາຍຢ່າງມີບໍລິການທຸກແບບທີ່ກຽ່ວກັບເຄືອຂ່າຍຄົບຈົບໃນແອັບດຽວເລີຍກະວ່າໄດ້ໂຫລດງ່າຍບໍ່ເປືອງຟື້ນທີ່ຄວາມຈໍາໂທລະສັບ.ສະມັກງ່າຍສະມັກຄັ້ງແລກໄດ້ຮັບດາຕ້າ1gbຟຣີ ໃຫ້ໃຊ້ນໍາອີກແອັບດີແບບນີ້ຕອ້ງ laoapp ເທົ່ານັ້ນເພີ່ມຄວາມສະດວກຂອງທຸກຄົນມາໃຊ້ນໍາກັນເດີ ຂໍຂອບໃຈ,1
ທາງລາເນນ,1
ສົງ,1
ຊັ້ນດີໃຈມາກທີ່ໄດ້ໃສແຟດບຸກນີ້ແລະກໍຍັງທໍາໃຫ້ຊັ້ນໄດ້ເຂົ້າເຖີງຂໍ້ມູນຕ່າງໆ,1
ກຸລຸນາແກ້ໄຂເດີທ່ານເອີຍໂຫຼດມາໃຊ້ບໍ່ໄດ້ກອກເບີໂທໃສ່ແລ້ວໄດ້ລະຫັດແລ້ວຍັງມາໃຫ້ກອກເບີໂທອີກຢຸກັບໄປວົນມາຢູ່ບ່ອນເກົ່າບໍ່ໄປຮອດໃສຈັກເທື່ອ.ສ້າງມາຫຍັງໃຊ້ງານກະບໍ່ໄດ້ກະລຸນາແກ້ໄຂດ່ວນລົງທະບຽນຊິມກະຍາກຊິໄດ້ເຊົາໃຊ້ລະ.ບໍ່ລົງກະບໍ່ໄດ້ເບີໃຊ້ບໍ່ໄດ້ບັດສິເຂົ້າແອັບລົງທະບຽນກະຍັງຍາກອີກ.ນ່າຍແຮງ,0
ໃຊ້ງານໃດ້ດີຫລາຍ,1
ຊ້າແຮງ ເຂົາຝາກໃຫ້ແຕ່ທີ8 9ໂມງຕອນເຊົ້າ ປະຈຸບັນທີ11 ຍັງບໍ່ຮອດເລີຍ,0
ສະບ່າຍດີ.! . .!,1
ໃຊ້ງ່າຍແອັບດີມາກ,1
ເຟສເປັນຍັງຄືເຂົ້າບໍ່ໄດ້,0
ທ້າວວີລົດ,1
ເນົ່າສຸດ ຢາກຈ່າຍຄ່າອາຫານລະເຂົ້າບໍ່ໄດ້ເນັດຫຼິ້ນໄດ້ແຕ່ເຂົ້າບໍ່ໄດ້ ໄອ້ສັສ ທັ້ງທີ່ເງິນເນັດກາມີ ພ. ມຶງ,0
ສະແກນຫນ້າຍ້າກໂພດປັບປຸງແນ່ຄັນຍ້າກປານນິ້ເອົາອ້າປາກຫລັບຕາມາຄືນດີກວ່າມັນສະແກນງາຍກວ່າ,0
ບຸນທໍາ,1
ກາກເກີນ10ເທື່ອກະເຊີນຫມູ່ຕິດຕັ້ງຖ້າວັດຕາມດວງຄົນເຮົາບໍ່ດວງຊວຍປານນັ້ນຕິ,0
ຄືບ້າໃຫ້ແຕ່ອັບເດດອັບເດດບໍ່ຮອດ5ມື້ໃຫ້ອັບເດດອີກລະ,0
ເລືອກໄດ້,1
ໃສດ,1
ສະບາຍງາຍຖືກໃຈລາຍ,1
ຫອມງາມຫຮາຍງາມແຮງ,1
ອາຫານ,1
ແອັບຮູຂີ້ເຂົ້າຫຍັງກະຍາກ ເຮັດຫຍັງກະເອລີ້ ຫາຄົນພັດທະນາແອັບເກັ່ງໆມາເຮັດແທນຊາ ແອັບຕາຍໆມາໂຄສະນາໃຫ້ລູກຄ້າໃຊ້ ແອັບຫວຽດ,0
ດີຫຼາຍໃຊ້ງ່າຍ,1
ມັກຫລາຍໆແອບນີ້,1
ດີຫລາຍ ໃຊ້ຢູ່,1
ມວນຫລາຍ,1
ເຊີ່ຊາມາກກກ,1
quantum asi ທ້າວ ພຸດທະວົງ ຫລວງອາມາດ,1
ຄະແນນຢູພອຍບໍສາມາດແລກດາຕ້າໄດ້ ເພາະຫຍັງ,0
ເລີ່ມດີຂຶ້ນ,1
ຂໍ້ດີມີ20 ຂໍ້ເສຍມີ80 1. ສົ່ງຊ້າທີ່ສຸດ 2. ອາຫານລາຄາແພງເກີນຈິງ 3. ອາຫານບໍ່ສະອາດ ບໍ່ຖືກຫລັກອະນາໄມ 4. ມາດຕະຖານຂອງສະມາຊິກຕ່ໍາເພາະຫລາຍຮ້ານຫລາຍເມນູອາຫານທີ່ເຮັດບໍ່ສະອາດ ເພາະໃຜກະເປັນສະມາຊິກມາລົງຂາຍໄດ້ບໍ່ມີການຄັດກອງຮ້ານຄ້າທີ່ມາເປັນສະມາຊິກໃນແອພ,0
ຄໍາໄພ ແກ້ວມະນີທອງ,1
ໃຫ້ຄະແນນ90,1
ເບວອອນຄໍາ ອາຍຍຸ 1992 8562 063,1
ລີ້ນແອັບ,1
ກໍ່ດູດິນະ,1
ດີຫລາບ,1
ລາຍໃຈ່າແຮງ,1
ຢາກໃຫ້ບອກວິທີນໍາໃຊ້ທຸກຟັງຊັ່ນໃນແອບເປັນພາສາອັງກິດກັບພາສາລາວ,1
ດີດີດີມາກ,1
ສະບາຍດີຄັກລະ,1
ຮັກຮັກເລີຍ,1
ເອີກູ້ເງວ່າດີນັກ,1
ເປັນ app ທີ່ຫວຍແຕກທີ່ສຸດບໍເຫັນການເຄື່ອນໄຫວທຸລະກໍາເຮັດໃຫ້ໂອນເງິນ ຈ່າຍເງິນສົດຊ້ໍາເລີຍ ແອນມິນກໍຕອຍຊ້າຫວຍສຸດດບໍດີເລີຍ,0
ສະບາຍດີຕອນເຊົ້າທຸກທາ່ນທີ່ເຄົ້າລົບສໍາລັບແອັບນີ້ ດີຫຼາຍ,1
ໂອນຢາກ,0
ໃຊ້ແອບນີ້ ສາມາດສ້າງລາຍໄດ້ນໍາອີກ ພຽງແຕ່ຕິດຕັ້ງແລ້ວໃສ່ລະຫັດຜູ້ແນະນໍາ 77031009,1
ບໍ່ເຄີຍໄສ່,1
ທດຕີນມ,1
ສົ່ງລະຫັດotpຊ້າຕິດຕັ້ງຍາເຕິດຕໍ່ຫາຜູ້ບໍລິການກະຍາກແກ້ໄຂໃຫ້ຕິດຕັ້ງງ່າຍກ່ອນນີ້ຄົນຄືສິໃຊ້ຫລາຍ ທັ້ງຊ້າທັ້ງຍາກ,0
ແຮງຫລີ້ນແຮງໄດ້ເງີນ,1
ລົງທະບຽນແລ້ວ ແຕ່ເຂົ້າບໍໄດ້ ຕ້ອງໄປຫາທ ຄ ຄືຍາກແທ້,0
ອ້າຍຕຸ໋ຍ,1
ມີບັນຊີເກົ່າຢູ່ແລ້ວ ເຂົ້າແນວໄດຄືງົງຫມົດລະນິ ເອົາເບີໃສ່ ພັດເປັນບັນຊີໃຫມ່ ສິໃຊ້ສິຈ່າຍ ໂອນຫຍັງກະບໍຈັກສິເຮັດ ບັນຊີໃຫມ່ ບໍມີເງີນ ໂຕເກົ່າກະເຂົ້າບໍໃດ້ລະສະໃຊ້ແນວໃດ ບໍເຂົ້າໃຈ ລໍມີຄໍາອະທິບາຍຫລື ຕ້ອງໃດ້ເຂົ້າທະນາຄານ ຫວາ ຂໍໂຕເກົ່າ ໃດ້ບໍ,0
ໃຊບໍໄດ້ເລີຍ,0
ກີບກາງກັບຫຼາຍພາກສ່ວນທີ່ກ່ຽວຂ້ອງກັບການເຮັດໃຫ້ການຊ່ວຍເຫຼືອຈາກຕ່າງປະເທດລາຍງານໃນວັນທີທັນວາຂໃນເຂດຊົນນະບົດທີ່ຢູ່ຕິດກັນແລ້ວຕໍ່ໄປວ່າເປັນເລື່ອງຕະຫຼົກຂອງທ່ານສົມບັດແລະພຣະຜູ້ເປັນພໍ່ເປັນຄົນໄທມີເສດຖະກິດໃຫຍ່ທີສອງແມ່ນເປັນນະໂຍບາຍທີ່ໄດ້ຈາກທີ່ໄດ້ມາໂດຍຕະຫຼອດເນື່ອງຈາກໄຟລຸກຮືຂຶ້ນຍຶດເອົາເມືອງວຽງໄຊໄດ້ລູກໄດ້ເປັນສະມາຊິກລັດຖະບານເປັນເສນາທິການທີ່ມີຊື່ສຽງໂດ່ງດັງທັງເປັນປະທານປະເທດເປັນຫຼັກແລະຜົນຜະລິດເຂົ້າໃນພາລະກິດປະຕິວັດທ່ານພົນເອກປະຍຸດເປັນການດີທີ່ໄດ້ມາປະຊຸມຮ່ວມກັນຂຽນເມື່ອຂຽນເມື່ອຂຽນຕ້ອງຂຽນວ່າການຈັດສັນປ່າສະຫງວນນ້ໍາຕົກໄດ້ແຕ່ຕ້ອງໄດ,1
ພໍ່ມຶງຕາຍ ເບິງyoutubeແລ້ວເຫັນແຕ່ຫນ້າມຶ່ງ,0
ໃຊ້ແລ້ວຄັກໆດີ,1
ດີແລ້ວໄຫ້5ດາວໄປເລີຍ,1
ເຕີມບັດບໍ່ໄດ້ເລີຍກາກເກີນໄປ,0
ຫລ້ວ,1
ລັນຍາສີປະເສີດ,1
ໃຊ້ເອັບນີ້ແລ້ວດີຫລາຍ.,1
ຮັກແດ,1
ຂໍ້ຄວາມຊ່ວຍເຫຼື່ອແດ່,1
ເອັ່ງ,1
ຮັກທຸກຄົນ,1
ກະດີຢູ່ ຊົມເຊີຍ,1
ຕ້ອງການອັບຶດດຽວ,1
ໄດ້3gb,1
ສົ່ງຂໍ້ຄວາມ ການສົນທະນາ,1
ນິກ,1
ໂຫດ,1
ຂໍຖາມແນ່ ພັດທະນາແອັບໃຫ້ດີຂື້ນກ່ອນນີ້ໄດ້ບໍ່. ອັບເດດມາເທື່ອໃດ ເຂົ້າຍາກກະດໍ້. ລະຫັດ otp ກະບໍ່ສົ່ງມາຈັກເທື່ອ. ຍາກຂະຫນາດ ແອັບບ້ານິ ຄວາມສາມາດຄົນລາວເຮົາມີເທົ່ານີ້ຫວາ,0
ທາ່ວໄມ. ບາງອລາວ ທີ່ເກີດ ປາກພະນັງ,1
ງ່າຍອີລີ,1
log inບໍ່ໄດ້ແກ້ໄຂໃຫ້ແນ່,0
ເຮົາຊາວບ້ານຄົນທໍາມະດາ,1
ທ້າວ ບຸນທັນດາວສະຫວັນ,1
ເຂົ້າໄປລະທັນບໍ່ມີຍັງຂື້ນ,0
ໃຫ້ສອງດາວກ່ອນຖ້າໃຊ້ດີຈະມາຕື່ມໃຫ້ອີກ,0
ທອງ ສູກລັງພັງ,1
ແອບດີໂຄດໆເລຍ,1
ອັບເດດໃຫມ່ກະຫມຸນບໍ່ໄດ້ເລີຍແກ້ໄຂໃຫ້ແນ່,0
ໃຊ້ຕະຫລອດ,1
ແປງ ວັນເດືອນ ປີ ເກິດບໍ່ໄດ້ ແກ້ໄຂແນ່,0
ເຈລີ,1
ໂທງາຍ ວີດີໂອແຈງດີ,1
ເວີຊັນເກົ່າດີກ່ອນ ເພາະວ່າມັນມີສິ່ງໃຊ້ງ່າຍ ແຕ່ເວີຊັນນີ້ ບໍ່ດີພໍປານໃດ,0
ດາສວວສດ,1
ໃຊ້ງານງ່າຍສະດວກສະບາຍ,1
ຄວນປັບປຸງແນ່ເດີເຂົ້າແອັບເປັນຊົວໂມງກະບໍ່ໄດ້ຫ່ວຍແຕກ,0
ຄວາມເປັນໍາ.,1
ພະໄຊຖຢເດຕໂຊງທີຢຟ ອືຊຖບຖຢ,1
ເຮັດແມ່ມືງແນວໃດ ລົງທະບຽບແລ້ວໄປລັອກອິນພັດວ່າອີເມວຫຼືລະຫັດບໍ່ຖືກຕ້ອງຢູ່ ແມ່ມືງຕິ,0
ກະດີຢູ່,1
ແອັບທີ່ດີຫລາຍ,1
ງາຍ ສະດວກ ສະບາຍ,1
ຄືແອັບມັນເດັ່ງອອກຕະຫຼອດເລີຍເຂົ້າໄດ້ແຕ່ຄັ້ງດຽວຄັ້ງຕໍ່ໄປເດັ່ງອອກເລີຍເຮັດຫຍັງກະບໍ່ໄດ້ແກ້ໄຂດ່ວນ,0
ແກ້ໄຂດ່ວນເດີຫມຸນຖືກດາຕ້າ200mbຫຼື150mbບາງເທື່ອກໍໄດ້ບາງເທື່ອກໍເກີດຂໍ້ຜິດພາດທັງທີ່ຂ້ອຍໃຊ້ໄວຟາຍມີສັນຍານເນັດຢູ່ ຫມຸນຖືກ150mbພັດບໍ່ໄດ້ຊ້ໍາ ມັນບອກວ່າເກີດຂໍ້ຜິດພາດ ໃຫ້1ດາວພໍ ແອັບຍັງຂາດຄຸນນະພາບປັບປຸງໃຫມ່ເດີ,0
ໃຊ້ສະດວກສະບາຍແລະມີເນືອ້ຫາຊວນຕິດຕາມ,1
ກູດດ,1
ໄຊ້ດີລາຍ,1
ເຂົ້າຊ້າເຂົ້າຍາກ ອັບເດດຕະຫລອດ ອັບເດດແລ້ວກາ ເຂົ້າບໍ່ໄດ້ ບຶດວ່າສັນຍານບໍ່ໄດ້ບຶດວ່າ ກວດສອບວັນທີ່ໃນອຸປະກອບຶດວ່າ ກາເຊື່ອມຕໍ່ຄັດຄ້ອງເປັນ ແບບນິຢຸ່ຕະຫລອດ ສະເກນກາຊ້າໂອນເງີນອອກກາຊ້າ ບາງທີ່ກາບໍ່ແຈ້ງເຕືອນ ເປັນ ແບບນິຢຸ່ຕະຫລອດເລີ້ມບໍ່ຢາກໃຊ້ແລ້ວ,0
ມັກກລາຍ,1
ສ່ງຊ້າ,1
ຍາມສີໃຊ້ວຽກໃຊ້ງານລະມີບັນຫາຕະຫຼອດໂດຍສະເພາະກາງຄືນປັບປຸງແນ່ເດີ,0
ເຂົ້າບໍ່ໄດ້ບໍ່ສົ່ງລະຫັດມາຕ້ອງເຮັດຈັ່ງໃດ,0
ຂີ້ກາກສຸດ ວັນທີເວລາການໂອນບໍ່ບອກ ເບີງຍ້ອນຫຼັງບໍ່ມີເວລາວັນທີ ກວດສອບບໍ່ໄດ້ ພັດທະນາອີກ,0
ແຕ້ງກິວ,1
ດີຫລາຍໆ ເຕີມເງິນແລ້ວໄດ້ໂບນັດເພີ່ມ,1
ໃຊ້ໄດ້ດີສຸດຍ້ອດເລີຍ,1
ດ່າ,1
ລອງໄຊ້ເບີ່ງກອ່ນ,1
ເພີນ,1
ເປັນຄວາຍອີຫຍັງເນາະຕອນແລກໂອນເງີນໄດ້ແຕ່ຕ່ອນນີ້ເປັນຄວາຍອີຫຍັງແລ້ວໂອນເງີນໃຫ້ເບີອືນອອກແຕ່ຫມາຍຄູນ,0
ເຟດບຸ,1
ບໍ່ເປັນຄືທີ່ແຈ້ງເຕຶອນມາເລີຍ,0
ດີຢູ່ເດີ,1
ຄັກຫລາຍມີແອບນິມາ,1
ສັນຍານບໍ່ດີຄືແຕ່ກອນ ເຂົ້າແອັບກະມຸນໄປເລີຍສັນບານແຮງກໍບໍ່ໄດ້ຍັງມຸນຢູ ແອັບກໍຄັດຂ້ອງ,0
ແອບຄືຂີ້ນິ,0
ອັບເດດໃຫມ່ແລ້ວແອັບແຮງຂີ້ຮ້າຍເຮັງກ່ອນເກົ່າ,0
ຫມຸນຖືກພາລະກິດແຕ່ເຮັດບໍ່ໄດ້ຊ່ວຍແກ້ໄຂແດ່ທ່ານ,0
ບໍລິການນີ້ຖືວ່າແມ່ນດີຫຼາຍ,1
ນາງປາໄນ,1
ໂລດຊ້າ ຄົນ້ຫາເຄື່ອງບໍ່ຄ່ອຍເຫັນ ປະເມີນຍັງຊ້າ ປັບປຸງຕື່ມອີຫ,0
ເຂົ້າແອັບບໍ່ໄດ້ ແຕ່ມີແຈ້ງເຕື່ອນກິດຈະກໍາຂຶ້ນຕະຫຼອດ. ຊ່ອຍປັບປຸງໃຫ້ແດ່ເດີ້,0
ສົນໄຈເຮົາແດ່ເດີຄົນຫລາຍໄຈ,1
ອີລີ ທີຮັກ,1
ແອບດີມາກ,1
ຕອນແລກໆບໍ່ເຂົ້າໃຈໃຊ້ດຽວນີ້ເຂົ້າໃຈລະຂອບໃຈສໍາລັບແອບດີໆປັບປຸງຕໍ່ໄປ,1
ຫຼິ້ນດີ,1
ໃຫ້5ດາວມັກຫຼາຍ,1
ມັກແອບນີ້ຍ້ອນການໄຊ້ບໍລິການທີ່ງ່າຍດາຍໃນມືຖື,1
ຊ່ວຍແກ້ໄຂລະບົບການເຂົາໄຊງານຂັດຂອງ ແລະຕ້ອງໄຊເຄືອຂ່າຍບໍ່ຕ້ອງໄຊອິນເຕີເນັດເຂົາສູ່ລະບົບ,1
ດີດີທັນໃຈ,1
ດີທຼາຍ,1
ບອກພວກເຮົາດພີ່ມເຕີມ,1
ຮັກລາວ,1
ສ້າງເສດຖະກິດຄອບຄົວໃຫ້ເຂັ້ມແຂ່ງເລຶ້ອຍໆໄປ,1
ຢ່ຽມຫຼາຍ,1
ເນັດກາກ,0
okwyzo 555 ໄປໄດ້,1
ແອນດີ້ ສີວິໄລທອງ,1
ໃຊ້ງ່າຍສະດວກສະບາຍດີ,1
ໃຊ່ເປັນແລ້ວກະຊີຮູ້ວ່າແອັບມັນດີຫລາຍໆໃຫ້5ດາວ,1
ທ.ສາຍລົມ,1
ພັດທະນາຕໍ່ໄປ,1
ໃຊ້ດີຄັກ,1
ດີຫລາຍຊອບ,1
ບໍ່ດີເລີຍແອັບນີຕະບູໆຫຍັງແອັບ,0
ຄືບໍໄດ້ເງີນຕິດຕັ້ງແລ້ວ,0
ນ ຫາ ການ ມີ,1
ສີ່ງນີ້ສໍາຄັນກັບສັນມາກຈີ່ງໃຫ້5ດາວໄປເລີຍ,1
ອັບເດດມາເພື່ອໃຫ້ການໃຊ້ງານກັບຄຸນນະພາບແອັບຕ່ໍາລົງຫວາຊິເຮັດເພື່ອຫຍັງເວີຊັ້ນເກົ່າຍັງໃຊ້ໄດ້ສະດວກດີບາດດຽວນີ້ຈັກແມ່ນຫຍັງເຂົ້າ my unitel ຮອດບໍ່ໄດ້ແທນທີ່ຈະພັດທະນາຂຶ້ນພັດບໍ່ແມ່ນນໍ້ຜິດຫວັງແຮງ,0
ນາງເຫນີຍ ນາງຫນູ ນາງຫຫ ກກ,1
ດີຫຼາຍ .,1
ເກີນລອ້ຍ,1
ໃສ່ດີຫລາຍໂທລົມກັນໄດ້ສະດວກສະບາຍ,1
ຝານການ,1
ເຂົ້າແອັບບໍ່ໄດ້ ມີແຕ່ເດັ້ງອອກ,0
ໂຄດກາກສົ່ງບໍ່ຕົງເວລາໄລເດີ້ມາບໍ່ຖືກບ່ອນຂ້ອຍຢູາແຖມເກັບຄ່ານ້ໍາມັນນໍາລູກຄ້າອີກ,0
ນໍາສວາຍ,1
ແອບດີຫຼາຍ,1
ໃຊ້ດີກລາຍເຈ້ສ,1
ອັບເດດເວຊັ່ນໃຫມ່ແລ້ວໃຊ້ງານແບບໃດຊ່ວຍແກ້ໄຂໃຫ້ໃຊ້ງານສະດວກງ່າຍຄືເວີຊັ່ນເກົ່າຈະມີຄົນໃຊ້ແອັບຫລາຍຂື້ນ,1
ບໍ່ລີການດີຫລາຍ,1
ມັກສົນທະນາ,1
ເສຍດາຍ ການສໍາລະ ບໍ່ມີທະນາຄານສົ່ງເສີມກະສິກໍາ,1
ຂອ້ຍຮຽນຮູ້ນອ້ຍ,1
ສົ່ງຂໍ້ຄວາມ,1
ໄຫ້ໄດ້ແດ່,1
ເຮົ້າໄປແລ້ວເມັນອັບເດດກໍເດັງອອກໄປແກ້ເລືອງນີ້ໄວຯ,0
ເປີດແອບບໍ່ໄດ້,0
ແຊັດຟີບໍ່ໄດ້,0
ມັກຫລາຍກຫລາຍ,1
ເຕີມເງິນຄ່າໂທແລ້ວ ຄືບໍໄດ້ຄະແນນເລີຍ ປັບປຸງໃຫ້ແດ່,0
ໃຊ້ໄດ້ສະດວກສະບາຍ ໂອນຂ້າມທະນາຄານງ່າຍໆ ພຽງແຕ່ມີເລກບັດເອທີເອັມ ຄິກໂອນປຸບ ເຂົ້າປາຍທາງປັບ,1
ໄຫ້5ດາ໋ວ,1
ຖືກໃຈຂ້ອຍຫລາຍ,1
ເປັນຄົນທໍາມາດາ,1
ໄດ້ດີສະດວກວ່ອງໄວທັນສະໄຫມ,1
ໃຊ້ດີສະດວກສະບາຍວ່ອງໄວຂື້ນກ່ວາເດີມຫລາຍຫາກຈະດີເກົ່າໃນກໍລະນີໂອນເງີນເຂົ້າບັນຊີຈາກຕ່າງປະເທດໂດຍນໍາໃຊ້ເລກບັນຊີໄດ້ໂດຍອັດຕະໂນມັດ,1
ໃຊ້ດີຫລາຍສະດວກສະບາຍໃນການຕິດຕາມເຄື່ອງບໍ່ຫຍຸ້ງຢາກເລີຍ,1
ເອົາບ່ອນຫມຸນເນັດອອກເພື່ອຫຍັງ,0
ແອບໂງ່ຕັ້ງກະບໍ່ໄດ້,0
ໃຊ້ດີຄົນນິຍົມອັນດັບ1,1
ອັບເດດຫລືບໍ່ອັບເດດກະເຂົ້າເຕັມແພັກເກດດາຕ້າບໍ່ໄດ້,0
ນ້ອງມີ້ນຄົນຂີ້ອາຍ,1
ມັນເປັນແນວໃດດາວໂລດຫຍັງກະບໍ່ໄດ້,0
ນ້ອນ,1
ຮຽນຮູ້,1
ແຈ້ງເຕືອນຊ້າ ແກ້ໄຂແນ່ເດີ,0
ໃຊ້ດີ 400,1
ດີແຕ່ບໍ່ວ່ອງໄວຊ້ໍາເລີຍ,1
ໄຊ້ດີໄດ້ໄຈໄວ,1
ຍັງມີຂ່າວສານໃຫ່ມໆຄືເກົ່າ,1
ເມຶ່ອຍ,1
ຊ້າແຮງປານເຕົາຄານ,0
ມັນເປັນຫຍັງຄືວ່າເຄືອຄ່າຍຂັດຂ້ອງຕະຫລອດ ທັງທີສັນຍານດີຢູ່,0
ຄັກສຸກສະດວກສະບາຍ,1
ຮີ້,1
stories ບໍ່ເຫັນເຂົ້າບໍ່ໄດ້ກະລຸນາແກ້ໄຂດ່ວນ,0
ຍາກເລ່ນ,1
ມັກເປ້ສ ສໂຕລາຍ,1
ບອກວ່າເບິ່ງໂທລະພາບຟີມີເນັດພະຫມົດ ເສຍເງິນ,0
ມ໋ອງຮັກແລ໋ກ,1
ເອີ້ນລົດຍາກໂພ້ດ ໂດຍສະເພາະ16 00ໂມງຫາ19 30ໂມງນິ ຖ້າບັກດົນໆກວ່າຊິໄດ້ລົດບາງຄັ້ງເອີ້ນລົດເປັນຊົ່ວໂມງກາຍັງບໍ່ມີໃຜຕອບຮັບ ຢາກໃຫ້ແກ້ໄຂບັນຫານີ້ແຮງຫຼາຍ ເພາະມັນເສຍເວລາໃນການຖ້າລົດເປັນຊົ່ວໂມງດົນໂພ້ດ.,0
ມັກໃຊ້ ພາສາລາວ,1
ອັບເດດໃຫມ່ແລ້ວ ແຕ່ເຂົ້າບໍ່ໄດ້,0
ສຸດຍອດໃນການນໍາໃຊ້ເລີຍຖືກໃຈແຮງບໍ່ມີດາຕາກະໂທໄດ້,1
ແອບດົນເບມເຂົ້າບໍໄດ້,0
ປະເພດ,1
ເຂົ້າແອບແລ້ວເດັ້ງອອກລົບຕິດຕັ້ງໃຫມ່ລະຄືຕິດຕັ້ງບໍ່ໄດ້ເລີຍໄພເປັນຄືຂ້ອຍບອກແດ່,0
ຊ່ວຍໄດ້,1
ເດັງອອກດຸໂພດ,0
ໃຊ້ດີແຕ່ເພງອັງກິດປ່ຽນຍັງບໍ່ທັນໄດ້,1
ການຝຶກອົບຮົມໃນຄັ້ງນີ້ເພື່ອເຮັດໃຫ້,1
ດາວໂລດຮອດບໍ່ໃດ້,0
ຂ້ອຍມັກຫຼີ້ນເຟສຫຼາຍ,1
ຄົນດີບໍ່ມີທີ່ຢູ່,1
ອັບເດດແລ້ວເກມຫາຍ ອິ້ນບໍ່ໄດ້ ຢາກໃຫ້ແກ່ໄຂຈຸດນີ້,0
ຟະຕພພາບງ ຈິໂພູນ,1
ແອບທີ່ດີສໍາຫຼັບຂ້ອຍ,1
ຊ່ວງນີ້ບໍ່ຄ່ອຍດີ,1
ນໍາໃຊ້ຕ່,1
ປຽ່ນຮູບໂພຟາຍບໍໃດ້ປ່ຽນແລ້ວກັນມາເປັນຕົວເກົ່າຄືນ,0
ທິດທິດ,1
ດີມາກເລີຍເຈ້າ,1
ເຂົ້າແອັບຊ້າຫລາຍເດີ້,0
ເປັນແອັບທີ່ດີຫຼາຍ,1
ງາມຫຼາຍ,1
ເບິງນັງບໍໄດ້,0
ຕິດຕັ້ງແລ້ວກັບມາໃຊ້ລະໃຫ້ລົງທະບຽນໃຫ່ມອີກ ແຖມotpກະບໍ່ສົ່ງໃຫ້,0
ດີຫລາຍໃຊ້ງາຍສະດວກສະບາຍເບີງກນັງຟັງເພງຟຮີ,1
ລະຫັດotpຄືບໍ່ສົງໄວໆສູນບໍລິການໄປໃສ່ເບິດກາກແຮງບໍ່ດີຈັກຢ່າງ,0
ເອັບນີ້ຊ່ວຍເກັບເງິນແລະຖອນໄດ້ຕະຫຼອດ24ຊົ່ວໂມງ,1
ໄສດີຫລາຍແອບນີໃຫ້ 5 ເລີຍ,1
ໄຫັໄວກ່ວານີອີກຕຶມ,1
ວອງໄວ້ທັນສະໄຫມທັນໃຈຄົນໃຊ້,1
ທຸກຄົນ,1
ສຸດຍອດມັກຫລາຍ,1
ຊ້າບໍ່ມີຄວາມພັດທະນາ ກາກ,0
ຢູມັນດີເລີດ,1
ມັນຄືສ່ວນຫນຶ່ງຂອງຊີວິດ,1
ເຮັດທູລະກໍາ.ບັນຊີ u money ເທີງມືຖື,1
ໃຫ້ຄວາມສດວກການໃຊ້,1
ໂຫຼດແອັບແລ້ວແຕ່ເຂົ້າແອັບບໍໄດ້ເຂົ້າໄປລະເດັ້ງອອກຕະຫຼອດ ຊວຍແກ້ໄຂແດ່ເດີ,0
ເນພິບິະຈ,1
ດີຫລ່າຍເຮັດໃຫ້ການຊື້ເລກສະດວກ,1
ລົບແອັບຖີ້ມແລ້ວ ອັບເດດແລ້ວຈັກແມ່ນຫຍັງ ໃຊ້ຍາກ ໃຊ້ບໍ່ເປັນ,0
ເພືອໄຫ້ປະສົບການທີດີຂືນແລະສອດຂ້ອງກັນໄດ້ດີ.okເລີຍ,1
ເປັນຍັງຕີດຕັງວັດແອບບ໋ໄ,0
ນ່າສົມໃຈ,1
ແລໄບນ,1
ສະມັກໃຫ້ແດ,1
ສ້າງແອບມາຫາພໍ່ມືງບໍ່,0
ແກ້ໄຂແດ່ ບາງຫນູນລໍ້ບໍ່ຢຸດເລີຍ,0
ບໍຢາກໃຫ້ແອັບນີ້ຂື້ນມາລົບກວນເບີ່ງສີລີຫມັງ,0
ດິມາກສອບ,1
ເພື່ອຕິດຕໍ່ວຽກໃກ້ໄກໄຫ້ມີຄວາມສະດວກດີ.ຂໍຄອບໄຈ,1
ຄົນມີແຟນ,1
ແອັບດີສົ່ງອາຫານໄວແຖມຄຸ້ມອີກສຸດຢອດອິ່ມ555,1
ແອບນີ້ໃສ່ມີປະໂຫຍດ,1
ຄັກຫລາຍເຮັດໃຫ້ເຮົາຮູ້ຈັກກັນ,1
ໃຊ້ສະບາຍ ວ່ອງໄວທັນໃຈ,1
ມັກລິ້ນ,1
ໃຊ້ດີອະຫລີອັບເດດໃຫມ່ງາມໆ,1
ກະດີຍູ່ສະດວກສະບາຍ,1
ແອັບຯນີ້ຄືບ້ານິ ລົງທະບຽນ ກະບໍ່ໄດ້ປານນັ້ນ ລຸ້ນເງີນລາງວັນເງີນຫ່າຫຍັງເດະ,0
ລອງໃຊ້ເບິ່ງກອນ,1
ດາວໂຫລດບໍ່ໄດ້,0
ລ໊ອກອີນຜ່ານແລ້ວ ແຕ່ສະແກນລາຍນີວມືບໍ່ໄດ້ ແລະ ຍັງໃດ້ໃຊ້ລະຫັດຜ່ານທຸກຄັງທີ່ເຂົ້າຖືວ່າຍັງກາກຢູ່,0
ນາງຍໍວັນ,1
samsung s24ultra ແອັບຯນີ້ບໍ່ແຈ້ງເຕືອນຖ້າບໍ່ເປີດຫນ້າຈໍ ຕັ້ງຄ່າທຸກຢ່າແລ້ວ,0
ສົງຮູບແກ້ໄຂບໍໃດ,0
ສະບາຍດີຢາກຮອ້ງແຮງໆວ່າແອບນີ້ດີ ແຕ່ເຂົ້າໃສ້ຍາກໂພ້ດ,1
"ສະບາຍດີ ຂ້ອຍຊື່ຈິມມີ່ການທ້ອງທ່ຽວຂ້ອຍຢູ່ທີ່ແຂວງຊຽງກໍ່ມີຫຼາຍຢ່າງເຊັ່ນ ວັດທະນະທໍາອັນດີງາມ, ຍັງມີໄຫ່ຫີນ",1
ພັງເພງບໍໄດ້,0
ອັບເດແລ້ວຕ້ອງທໍາໃຫມ່ທຸກເດືອນໂອ່ຍປວດຫົວນໍາເດ,0
ເຄິຍຫຼີ້ນມາແລ້ງ,1
ຕືດແລ້ວ,1
ໄນາວ ລາດຮອດຄົນຂ້ອຍຮັກຈະໂພດໄຫ້ຮູ້ວ່າຮັກຫລາຍ,1
ດີຫລາຍໄດ້ທັນໃຈ,1
ສະມັກສະມາຊິກໄດ້ລະເດັ້ງອອກ ຄວນປັບປຸງແກ້ໄຂບ່ອນນີ້ແດ່ເຈົ້າ ລົບໂຫລດໃຫ່ມ4ເທື່ອນີ້ແລ້ວສິຕິດຕາມພັດສະດຸກະຍາກບາງມື້ເຂົ້າໄດ້ແຕ່ເທື່ອດຽວບາງມື້ເຂົ້າບໍ່ໄດ້ເລີຍ,0
ການລົງທະບຽນເບິ ດ້ວຍຕົນເອງ ທີ່ໃຫ້ຄວາມສະດວກການລົງທະບຽນດ້ວຍແອັບ .,1
ໃຊ້ວອດແອັບດີຫລາຍ ສະດວກວອງໄວ ມີຄວາມເປັນສ່ວນຕົວຫລາຍຂື້ນ,1
ແອັບທໍາງານໂຄດຊ້າຄວນຈະມີການປັບປຸ່ງແດ່ເດີ,0
ແອັບໄຊງານ ລາຊາເກີນໄປ,0
ດີຢູ່ນະໄຊ້ດີຢູ່,1
ເຂົ້າແອັບບໍ່ໄດ້ ຕ້ອງໄດ້ໃຊ້ມືຖືຫນ່ວຍເກົ່າຢຶນຢັນແຕ່ຫນ່ວຍເກົ່າເສຍ.ລະຫັດກະຈື່ຢູ່ແຕ່ເຂົ້າບໍ່ໄດ້ ແນະນໍາໃຫ້ເບິ່ງbcel one ເຂົ້າຜ່ານເວັບໄຊ້ຍັງໄດ້ຂໍແຕ່ມີລະຫັດ ລະຫັດຜ່ານມັນມີຄວາມຫມາຍແນວໃດຮູ້ບໍ ແກ້ໄຂສາເດີ,0
ດີຢູ່ແຕ່ບໍ່ໄດ້ເນັດບໍ່ເປັນຫຍັງເບິ່ງຫນັງຟີໂຄດມ່ວນເລີຍເຮັດຫລາຍແນວໄດ້,1
ໃຊ້ບໍ່ໄດ້ມືງສິເຮັດອອກມາເຮັດຫຍັງ,0
ສະດວກສະບາຍວ່ອງໄວ,1
ເນັດກະຈອກ,0
ຜູກພັນ ໄມຕຮີ,1
ແທວຮ່,1
ແມວຟາວິສິດ,1
ດີແຕ່ຢາກໃຫ້ມີເພັງຄືເວີຊັ້ນເກົ່າຈະໃຫ້5ດາວເລີຍ,1
ໂຫຼດມາແລ້ວເຂົ້າບໍ່ໃດ້,0
ນໍາໃຊ້ເປັນປົກະຕິດີ.,1
ໃຊ້ສະດວກຊື້ປະກັນໄພລົດ ປະກັນໄພຊີວິດ ກໍ່ໄດ້ສ່ວນຫຼຸດ30,1
ຍິ່ງອັບເດດຍິ່ງຄວຍ,0
ລະບົບສງງບໍ່ຄອຍດີ,1
ມັດ,1
ເຕີມເງິນ,1
ຄືເອົາເນັດບໍ່ໄດ້ແລ້ວ,0
ດີດີດີ ດີມາກ,1
ດີຫຼາຍໄສງາຍ,1
ໃຫ້ເຕັມ10ເລີຍ,1
ລົງທະບຽນແລ້ວຮັບດາດ້າ1100ໄດ້ບໍ,0
ສະດວກຂື້ນ,1
ສຸດຍອກ,1
ລິ້ນບໍໄດ,1
ສົມໃຈໄຫ້ແດ່,1
ເຂ້າແອັບຍັງບໍ່ໄດ້ ແອັບໂຄດດດກາກກ,0
ເປັນຫຍັງລົງທະບຽນບໍ່ໄດ້,0
ຍອດຢ້ຽບ,1
ຄືໃຫ້ອັບເດດດຸແທະ,0
ແອບນີ້ໃຊ້ຄັກສຸດຍອດ,1
okຂໍແດ່,1
ເຫຍ,0
ສັ່ນບໍ່ເຄີຍໄດ້ຈັກເທື່ອ,0
ສາວ,1
ເປັນຄຶວ່າຕິດຕັ້ງແອັບບໍ່ໄດ້,0
ຂາຍເບ້ຍໄມ້ທຸກຊະນິດ,1
ຂອບໃຈທີ່ໃຫ້ບໍລິການ,1
ມີຂໍຜິດພາດຫຼາຍຢ່າງ ຜິດຜາດແຕ່ຕອນເຂົ້າບັນຊີແລ້ວ,0
ໂກຍ,0
ແອັບຄວຍເນັດກະຄວຍ ສູບໍ່ມີປັນຍາເຮັດໄຫ້ເນັດດີວະ,0
ໄສດີຍູ່ເດີ,1
ແອບກາກບໍ່ເຄີຍໄດ້ດາຕາຈັກເທື່ອຫລັກ5.10ພັນກີບໄດ້ຮອດ10.000mb,0
ມີແຕ່ຄ້າງກັບເດັ້ງຢູ່ໄດ້ ເວລາຫິວສິຫາແນວສັ່ງລະຫົວຮ້ອນ,0
ຍັງບຊ່ທັນພ່ານບໍສົບການ,1
ມັກ,1
ມັກຊອງນີ້ຫຼາຍ,1
ຢາກມີຄູຊຮວິດ,1
ຊອບຫມາກໆເລີຍ,1
ເປີດໂມດໂຄສະນາແນ,1
ຍັງບໍ່ທັນເກັງ,1
ດີຫຼາຍ ເດີ,1
ເລີມໄຊ,1
ໃຫ້ໂຊກແດ່,1
ຄໍາພັດອີນພະຈັນ,1
ໄສ້ດີແຮງ,1
ໃຊ້ງາມງ່າຍມີປະໂຫຍດດີຫລາຍ,1
ເຂົ້າບໍ່ໄດ້ອີກແລ້ວເຂົ້າລະເດັ້ງອອກເລີຍ,0
ຊໍາລະຄ່າບໍລິຕ່າງໆ ໂອນເງີນ ກວດຍອດເງີນ ສະບາຍ,1
ດີດີ. ຂໍເສຍກະຄືຫາບ່ອນເຂົາເງີນເຂ້າຍ້າກ,1
ວງຽ ໄຊຍະສິດ,1
ໂອນໄປເງິນຖືກຕັດບັນຊີປ້າຍທາງບໍ່ມີເງີນເຂົ້າ ຕິດຕໍພະນັກງານກະໃຫ້ຂໍມູນແບບບໍ່ເຕັມໃຈ,0
ຊ້າ ແຖມອາຫານບໍ່ຕົງປົກລະກະບໍ່ແຊບ,0
ການໃຊ້ງານຈິງບໍ່ໄດ້ເລຍລົງທະບຽນໃສ່ເບີກະບໍ່ໃດ້,0
ແສງສລິວິໂຊ,1
ສາມາດ,1
ສວຍງາມນະໂສດລະ,1
.ພ.ພ.ພ.ຮ.ຮິຜິຮຮຜີຮຮຜິຜະ,0
ຈາກໄດ້ແຮງວ່າ,1
ຄະແນນ upoint ເອົາມາເຮັດຫຍັງເຈົ້າ,0
ໃຊ້ດີຕິດຕໍ່ສື່ສານໄດ້ດີ,1
ສຸຍອດເລີຍ,1
ຈິງໃຈ,1
ຮູ້ຂີ້,1
ດີຫຼາຍຊອບມາກ,1
ເຮັດວຽກມາຫຼາຍປີລະ,1
ພັດທະນາແນ່,1
ຄົນຄີບິນບໍລິສັດນີ້ບໍ່ມີຕາ.ຂຽນຜິດທຸກມື້.ສົ່ງລາວຂຽນe.ສົ່ງe ຂຽນລາວ.ຫາຄນໃຫມ່ໄດ້ແລ້ວ,0
ແອັບບໍ່ສະຖຽນ,0
ຫມຸນບໍ່ໄດ້ເນັດບໍ່ໄດ້ເງີນໂທແກ້ດ່ວນຫມຸນບໍ່ຫມານ,0
ສະຫນັບສະຫນູນກັນແນ່ເດີກະລຸນາສົ່ງຫ້າດາວ,1
ແອປຫ່ອຍແຕກແຮງໄດ້ລາງວັນແລ້ວພັດຫມຸນໄປບ່ອນຂອບໃຈຕ່ໍ່ໂຄດໂກງ,0
ດີຊອບມາກ,1
ເຮັດໃຫ້ຂ້ອຍສະບາຍໃນການຕິດຕໍ່ກັບຄອບຄົວຫມູ່ເພື່ອນ,1
ດຽວນີ້ໄມ້ຄ່ອຍດີຫມັກດູກິລາກໍ່ຕັດອອກໄປທີ່ລະຊ່ອງຂໍໃຫ້ແກ້ໄຂ່ແນ່ເດີ,0
ດີຫລາຍໃຊ້ສະດວກສະບາຍ,1
ສະດວກສະບ່າຍ ວອງໄວທັນໃຈ,1
ແອັບນີ້ເຂົ້າບໍ່ໄດ້ເດີກະລຸນາຖອນແອັບນີ້ໄດ້ບໍ່ຂໍໃຊ້ແອັບ lbd trust ເພາະໃຊ້ງາຍແດ່,0
ແອັບນີ້ຫລີ້ນບໍ່ມວ່ນແລ້ວເຮັດຫຍັງກະບໍ່ໃດ້ຊວ່ຍແກ້ໄຂໃຫ້ແດ່ເດີ,0
ຂອງດີຢູ່ທີ່ນີ້,1
ຄື ຊິໃຫ້ລົງທະບຽນເບີ ຫຼື ຊິໃຫ້ຖ້າ ກໍາລັງໂຫຼດເປັນຊາດ ເຂົ້າແອບດະບໍ່ໄດ້ ແກ້ໄຂແນ່,0
ແກ້ໄຂໃຫ້ແນ່ເຂົ້າບໍ່ໄດ້ ບອກໃຫ້ກວດສອບອິນເຕີເນັດ ແຕ່ກະເຂົ້າທຸກຢ່າງໄດ້ຍົກເວັ້ນ bcel one,0
ດີຫລາຍok,1
ໃຊ້ໄດ້ດີ,1
ຍຍຍສາ,1
ດີໃຈເກີນໄປສະນີ,1
ສະບາຍສຸດໆການໃຊmessenger,1
ວໍເທັກ,1
ເຂົ້າສູ່ລະບົບບໍ່ໄດ້,0
ດີດີດ່ີຫລາຍຍິນດີຕອນຮັບປີໄຫມ່ເດືອນໄຫມ່ເດີ.1.4.2023,1
ສີ້ກັນ,1
ດີເສຍທີແຕ່ບໍ່ມີເງິນ,1
ຢາກໃຫ້ມີການແຈ້ງເຕື່ອນເວລາໂອນເຂົ້າຈາກທະນາຄານອື່ນ,1
ເປັນການສື່ສານທີດີຫລາຍ,1
ເຂົ້າສູ່ລະບົບຍາກເຮັດວຽກຊ້າ ຕັ້ງແຕ່ອັດເດດຫນູນວົງລໍ້ບໍ່ໄດ້ເງິນໂທ,0
ເບີ່ງດີມ່ວນອິນ,1
ກາກມາກຫວ່ຍສຸດໆເລີຍ,0
ຕິກ.ວັນດີ,1
ດີຂື້ນ,1
ຫວຍແຕກໃຊ້ບໍ່ໄດ້ລົບແລ້ວໂຫລດໃຫມ່ກະໃຊ້ບໍ່ໂທເຂົ້າໂທອອກກະບໍ່ໄດ້ຂຶ້ນຖ້າເຄືອຄາຍຕະຫຼອດລົບຖິ້ມສະແອັບຫັ້ນ,0
ເຫດໃດຖຶງເຂົ້າແອັບບໍ່ໄດ້ເປັນຕັ້ງແຕ່ວັນທີ23 03 2025ເປັນຕົ້ນມາ,0
ດີມາກຕັບ,1
ສື່ສານງ່າຍ,1
ມັກໃຊ້ທີ່ສຸດ,1
ມີສີ່ງດີໆຕະຫຼອດໄດ້ຮູ້ໄດ້ເຫັນທຸກຢ່າງ,1
ຢ່າງມັກ,1
ຂໍໂຊກຫມານນໍາທາງແອບ,1
ກະໃດ້ຢູ່ໃດ,1
ບໍ່ຕ້ອງພະຍາຍາມຖ້າເປັນຄົນທີ່ເຂົາຮັກຢູ່ຊື່ໆເຂົາກະຮັກ,1
ຂີ້ຮ້າຍຫລາຍ ເຂົ້າແອັບຮອດບໍ່ໄດ້ ຕ່ອນໃລກະກວດສີດກວດໆ,0
ແອບໂຊກໄຊ,1
ຫຮພາພ,1
ຖ້າສັນຍານດີ vpnດີ ກະດີ,1
ດີໆໄວທັນໃຈ,1
ດີຫລາຍເຮັດໃຫ້ຂ້ອຍບໍ່ໃດເຕີມບັດເພີ່ມໃຫ້ແລ້ວເດີດາວຫັນ,1
ສະດວກກວ່າທີ່,1
ດີສຸດໆເລີຍ,1
ສັນຍານບໍ່ຄ່ອຍຈະດີປານໃດ,1
ດີມາກເລີຍແລະ,1
ມີດີ,1
ເບີເຈີ,1
ກະລຸນາປັ້ບບຸ່ງແກ້ໄຂ້ໃຫ້ດີກວ່າເດີມ,1
ສຸດຍອດໃບອອນ,1
ເວີຊັ່ນເກົ່າໄຊ້ຄັກກ່ວາ,0
ຄືຊິຕາຍໃສ່ເບີກະບໍ່ໄດ້ເມິດໂຕເລກແນວນີ້ເບີຊິຖືກບໍ,0
ສວນເບີກ,1
ພໍໃຈໃຊ້ບໍລິການ,1
ຈໍຢ,1
ລາວກາກມົນກະບໍເຄີຍຖືກ,0
ປາປີ່ງ,1
ປັບປຸງອີກ,1
ໃຊ້ງານໃນ androind ບໍ່ໄດ້,0
ໂພດແຮງເວລາໂອນເງິນກະບໍ່ເຕືອນ,0
ເຮັດແນວໃດ້ບອກແນ່,1
ເຮັດເດິວ່າບໍ່ໄດ້,0
ບໍ່ຮູ້ເປັນຫຍັງໃສລະຫັດແລ້ວລະເດ່ງອອກເອງສິແກ້ແນວໃດດີ,0
ອັບເດດຕະຫຼອດ ເກີນໄປ,0
ແຕ່ກ່ອນສັ່ນເອົາເງິນກະໄດ້ດຽວນິບໍ່ເປັນຕາຊົງເລີຍລົບອອກເອງເບີດເລີຍ,0
ສັ່ງຊື້ຕັ້ງດົນມາຮອດແລ້ວໄລ່ເດີ້ລືມເອົາເຂົ້າແຊນວິດມາ ແລ້ວໃຫ້ສັ່ງໃຫມ່ອີກຄັ້ງ,0
ອັບແລ້ວເຂົ້າບໍໄດ້,0
ສາວ ຢ້າ,1
ນ້ອງຄໍາ,1
ສາທາລະນະລັດ ປະຊາທີປະໄຕ ໄປຊາຊົນລາວ ສັນຕິພາບ ເອກະລາດ ປະຊາທີປະໄຕ ເອກະພາບ ວັດຖະນາຖາວອນ,1
ໃນດີ,1
ສະບາຍດີ ດີນະຈ່າ,1
ກໍດິນະ,1
ດີຫລາຍວອງໄວ,1
ເຂົ້າແອັບລົງທະບຽນຫບງບໍ່ໄດ້ເລີຍ. ປັບປຸງແດ່,0
ປຶ້ວ ງ ໃ,1
"ເລົ່າຕາມປະສົບການທີ່ໃຊ້ມາແອບ sokxay plus ເປັນແອບຫນື່ງທີ່ຫນ້າເຊື່ອຖືຫຼາຍໃຊ້ງານສະດວກສະບາຍສູດໆບໍວາຈະເປັນ ການຊື່ເຄື່ອງ,ການເຕັມບັດ,ການຊື້ຫວຍແລະອື່ນໆກະສະດວກສະບາຍໄປຫນົດຍ້ອນມີແອບ sokxay plusນີ ຂ້ອຍດີໄຈຫຼາຍທີ່ໄດ້ໃຊ້ແອບນີ",1
ແອບເປັນຢັງກະບໍຮູ້ເຂ້າເບິ່ງເງີນກະບໍ່ໄດ້ແກ້ຕອນນີ້ດວນໆ,0
"ມີແຕ່ໂຄສະນາບໍ່ເປັນປະໂຫຍດ,ມີແຜດຫຼອກລວງຫຼາຍ",0
ສະດວກສະບາຍ ວ່ອງໄວທັນໃຈ ເອົາໃຈໄປເລິຍ ຄັກສຸດດດ,1
ຫາກະໂຫລດແຕ່ຢາກໃຫ້,1
ໃຊ້ງ່າຍດາຍ,1
ທໍາໃຫ້ເຮົາສະນຸກແລະເພິດເພີນ,1
ດີໃຫ້ຄວາມສະດວກສະບາຍ,1
ໃຊ້ໄດ້ຄັກຫລາຍ,1
ທໍາດີ້ທີ້ສຸດແລ້ວ,1
ອາຊາແພງເພັດ,1
ແອບກະຈອກບໍ່ມີໄຜຢາກຫລີ້ນແລ້ວ,0
ຂອບໃຈທຸກໆສິ່ງ,1
ດີ.ດີ.ດີ.ຍອດຍ້ງມ.,1
ເຂົາໃຊ້ງານບໍ່ໄດ້ຍາກຫລາຍອັບເດດຂໍ້ມູນຍັງຄືບໍ່ໄດ້ປານນີ,0
ທຸກຂໍ້ແນະນໍາເຂົ້າໃຈງ່າຍ,1
ອັບເດດທຸກອາທິດແບບນີ້ນ່າເບື່ອ,0
ຖ້າມີຈ່າຍເງີນໂອນໄດ້ຄືຊິດີຕື່ມ,1
ປົກກະຕິ,1
ໃຊ້ດີມີຂົນປະໂຍດ,1
ຮັກແທແພເຂົາ,1
ໂມຈາ,1
ຊົມເຊີຍທີ່ສ້າງສິ່ງດີໆແກ່ສັງລົມ,1
ແອບມີປັນຫາໃນການ ບັນທຶກຮ້ານໂປດ ບັນທຶກບໍ່ໄດ້ ຮ້ານຫາຍ,0
ນັບວັນນັບລ້າຫລັງຄືບໍ່ພັດທະນາລະບົບໃຫ້ມັນດີກວ່ານີ້ແນ່,0
ດີຫາຼຍ,1
ໄດ້ນຽນຮູ້ປະສົບການຈາກຫມູ່ເພື່ອນຫາຍ,1
5ດໍາ,1
ໃຊ້ໄດ້ດີຫລາຍແອັບນີ້ມັກຫລາຍເຮັດໃຫ້ເຮົາສະດວກສະບາຍຫລາຍໆດ້ານ,1
ຂອບໃຈທາງການແອປນີ,1
ມີຄຸ່ນເຂົ້າມາຊັນດີມາກ,1
ກໃວວບກຊນົມມໍາ,1
ພ໋ໃຊ້ໄດ້,1
ທັນໃຈ,1
ສີອໍາພອນແກ້ວວີ່ໃລ,1
"ບໍ່ຕ້ອງໂຊຂຶ້ນ, ຖ້າຢາກຕິດຕັ້ງລະຈະຕິດຕັ້ງເອງ.ລໍາຄານຫລາຍແອັບຮ່ານິ້",0
ພັດຊິມາບັງຄັບໃຫ້ດາວໂຫລດ,0
ໂຫວດໂຄດຍາກ,0
ໄຊ້ເພາະມັນສະບາຍ,1
ໃຊ້ດີສະດວກສະບາຍ ຈ່າຍຄ່ານ້ໍາ. ຄ່າໄຟ ຄ່າທໍານຽມຜ່ານທາງ ໂອນ ຈ່າຍໄດ້ທຸກທີ່ ປະຫຍັດເວລາ,1
ຍັງຕ້ອງປັບປຸງອີກເດີ,1
ຫລິ້ນງ່າຍ ສະດວກສະບາຍ,1
ດີຫລາຍ100,1
ໂອເລ,1
ບໍ່ໄດ້ເຫຍອີຫຍົ້ງ,0
ນາງຊຍມົວ,1
ມັກຫຼາຍທີ່ສຸດ,1
ຕໍ່,1
ມັນຄືປ່ອນລະຫັດຜ່ານບໍ່ໄດ້ແກ້ໄຂໃຫ້ແນ່ ໂຄດກາກເຮັດຫຍັງກະບໍ່ໄດ້ຢ່າໄປໂຫລດໃຫ້ເສຍເນັດເດີສູ,0
ດີປອດໄພ,1
ເຟສເຮົາດັນແນ່ bowling vungvilachic,1
ໃຊ້ບໍ່ໄດ້ເລື່ອງ ເຮັດເປືອງງົບປະມານແຜນດິນລ້າໆ,0
ບໍ່ຮູ້,1
ໃຈເດ້,1
ເຕີມໂທລະສັບເບີລາຍເດືອນຍັງບໍ່ໄດ້ ຄວນປັບປຸງຕື່ມ,0
ເຂົ້າລະບົບບໍ່ໄດ້ ໃຫ້ຕອບຄໍາຖາມ3ຂໍ້ກະຕອບຖືກເມິດລະ ພັດວ່າເຂົ້າບໍ່ໄດ້ມັນແມ່ນຫຍັງ ແກ້ໄຂແດ່ເດີເປັນໄດ້2ມື້ແລ້ວ,0
ດາວດຽວພໍ ລົງທະບຽນບໍ່ໄດ້ ເດັ້ງອອກຕະລອດ,0
ເປີດບໍ່ໄດ້,0
ເປີດໃຊ້ງານບໍ່ໄດ້ເລີຍ ກກ,0
ເຫຼີ້ນໄດ້ດີສຸດຍອດ,1
ຢູ່ດີໆ ກາເຕີມເງີນ mobile ບໍ່ໄດ້ ປັບປຸງດ່ວນ.,0
ໃສ່ລະຫັດແນະນໍານີ້ເດີ 16440080ທຸກຄົນ,1
ບໍ່ຢາກປຽ່ນແປງເພາະເຮົາເຄີຍໃຊ້ທີ່ຜ່ານມາ,1
ໃຊ້ແລ້ວຄຸ້ມຄ່າ,1
ບໃຜ,1
ສຸດແລ້ວ,1
ປປ ໂຝປປໍປປູປປ,0
ກົດລະຫັດທີ່ໃດ້ຮັບໃສ່ແລ້ວຍັງຢູ່ຫນ້າໃສ່ລະຫັດຄືເກົ່າຢູ່ກົດໃສ່ຫລາຍເທື່ອແລ້ວກະຍັງຢູ່ຫນ້າເກົ່າຢູ່ແກ້ໄຂແນ່ເດີ,0
ຈຽງຄໍາ ນິດທິດາອາງຸ່ນ,1
ເຮົາຕິດຕັ້ງແລ້ວຄືບໍໄດ້ດາຕ້າຄືເຂົາ,0
ຮັກຂອບຄົວ,1
ຫ່ວຍແຕກແຮງແອັບກິນເງິນໃສ່ບະຫັດຖືກກະວ່າບໍ່ຖືກບໍ່ໃຫ້ເຂົ້າເລີຍບໍ່ພັດທະນາຫຍັງບໍ່ໄດ້ເລື່ອງເສຍດາຍເງິນຄ້າງໃນບັນຊີ,0
ປ່ຽນຮູບຫນ້າປົກບໍ່ໄດ້ຫມົນບໍ່ເຊົາ,0
ສ້າງເພດສາທາລະນະ,1
ໂອນງາຍ ໂອນໄວ,1
ມ່ວນບໍ,1
ດີຫລາຍງ,1
ເປັນແອັບທີຍອດຍ້ຽມຮັບໃຊ້ປະຊາລາວ,1
ຮວຍແຕກແອັບຕາຍໆ,0
ເຂົ້າມາເລີຍ,1
ວາ່ງ,1
ຂຽນຊື່ ແລະ ນາມສະກຸນບໍ່ໄດ້ເລີຍ,0
ດີດີ ຊ່ວຍໄດ້ຫຼາຍຢ່າງ,1
ຮບວດນີ້ຮາ່ຮຍີຍຮຮຍາຮີຍີຮຄາສານຍ,1
4ດາວພໍ,1
14680836 ເລກແນະນໍາ ເຮັງໆເດີຈາ,1
ເປັນແມ່ຄ້າປາແຫ້ງມາດົນແລ້ວ,1
ວ່ອງໄວ ປອດໄຟ ທັນໃຈ,1
ຂັນ,1
ມັນບໍ່ເຫັນຂໍ້ມູນທີຊົ່ວເຂົ້າໃນແອບເປີດບໍ່ເຫັນ,0
ລາວຢາກໂຫລດ,1
ດດ້ຮຍບລໍຂຈຕຄູຸຖໍາໍາໄຫຫຜປ,1
ອັບມາໃຫມືໂຄດກາກເລີຍ ຊ້າກະຊ້າບໍ່ນ່າອັບເດດມາເລີຍ,0
ມີການອັບເດດເປັນເວລາສັ້ຮເກີນໄປ,0
ເຂົ້າຍາກຊາ,0
ຈະຊື້ ຫຼື ຈະຂາຍ ທາງອອນໄລນ໌ ພ້ອມການຈັດສົ່ງເຖີງສະຖານທີ່.,1
ອັບເດດມາໃຫມ່ແຫ່ງກາກຄັກບາດນີ້ເຮັດຫຍັງກະບໍ່ໄດ້ຄວນແກ້ໄຂໃຫມ່ສາ,0
ໃຊ້ແກ່ນເງົ່າ,1
ພາສາບໍ່ແມນ,1
ໄດ້ແດ່,1
ແອັປຢຸດທໍາງານຕະຫຼອດ ແກ້ໄຂແນ່ເດີເພາະໃຊ້ງານບໍ່ໄດ້,0
ບ່າງທີໄດ້ນິຍົມເບິ່ງຫລາຍຍາງ,1
ສັບັຫຮິ,1
ຮັກສຸດໆເລີຍ,1
ອອກຈາກລະບົບແລ້ວຕັ້ງໃຫມ່ຄືບໍ່ໄດ້,0
ບເວີຊັນນີ້ຄຶບໍສາມາດຕັ້ງເປັນພາສາລາວໄດ້ມີແຕ່ພາສາອັງກີດກັບພາສາຫວຽດແອບນີ້ໃຊ້ໃນປະເທດຫວຽດນາມຫວາຄືປະເທດລາວເຮັດຫຍັງຕາແຕກເບີ່ງແດ່ຖ້າຊີພັດທະນາໃຫ້ຄົນລາວໃຊ້ນະໃຫ້ດາວດຽວເດີ,0
ດີລາຍໆແລະຍັງມວນກັບການເບິ່ງນັງແລະຍັງມີເກມລິ້ນຊິງລາງວັນລາຍໆຢ່າງ,1
ຂໍໃຫ້ທ່ານໂຊກດີ,1
ເດາລ່ແ,1
ສຸດສາງກະຕໍ້,1
ເບິ່ງຫນງັເສກ,1
ຢາກສົ່ງທະນາ,1
ສຸດຍອດເລ້ຍ,1
ສາຖານານະລັດປະຊາທີ່ປະໄຕປະຊາຊົນລາວສັນຕິພາບເອກກະລາດວັດທະນາຖາວອນ,1
ບໍລິການດີ ມາສົ່ງໄວ ບໍ່ວ່າກະຕົກຢູ່ໃນສະພາບອາກາດໃດກໍມາສົ່ງ,1
ດິໄລ,1
ດີຫລາຍສະດອກດີ,1
ກະທີ່1ນະ,1
ມັກຫາຼຍ.ດູແລ້ວມີຄວາມສຸກ,1
ອື່ມພໍປະມານ,1
ສິບໍ່,1
ໃຫ້ໄດ້ໃຈຫລິ້ນໂທລະສັບ,1
ເອເຄ,1
ອງງຶມ,1
ແອັບຄ້າງຕະຫລອດ,0
ຈານ,1
ຂ້ອຍບໍ່ສາມາດເຂົ້າຫນ້າເຟດໄດ້ກົດເຂົ້າໄປລະເຟດບໍ່ໂຫລດບໍ່ມີການຕອບສະຫມອ່ງຫຍັງເລີຍ,0
ແຊັດກັບເພື່ອນໄດ້,1
ຢູໄນຄວາມເຈັບປວດໂດຍບໍມີໄພຮູເລີຍ,1
ຕັ້ງວອດແອບບໍ່ໄດ້,0
ພົບຄວາມຫຍຸ້ງຍາກໃນການຄົ້ນຫາ,1
ແກ້ໄຂໃຫ້ແນ່ ເຂົ້າບໍ່ໄດ້ ເຂົ້າໄປມີແຕ່ບອກ cannot extract img,0
ລບບໍ່ຊໍ,1
ແກ້ໄຂແນ່ບໍ່ຖືກສໍາພໍອັບເດດມາ,0
ໄຊດີໆ,1
ດິີຫລາຍ,1
ໂອແສງ555,1
ມ່ວນດີມີສາລະ,1
ນະເດ,1
ການໃຊ້ງານແອບດີຫລາຍ,1
ເພາະແອນນີ້ແຫລະໃຫ້ຂ້ອຍມີພົບຮັກແທ້,1
ມຸມດາຕ້າແລ້ວກົດແຊຣ໌ໄປ facebook ບໍ່ໄດ້ແກ້ໄຂ້ແດ່,0
ໃຊ້ຄຸ້ມຄ່າ ໃນການສື່ສານຂອງຍຸກທີ່ທັນສະໃຫມ,1
ເຂົ້າຫນ້າແລກບໍ່ໄດ້,0
ດີຫຼາຍອໍານວຍຄວາມສະດວກຫຼາຍຢ່າງ,1
ແກ້ວໃບມະນີ,1
ເຫົງາ,1
ພໍໃຈແລ້ວ,1
ນາງປ່າຈີ່ຢ່າງທີ່ຢູ່ບ້ານຈຽງຕອງເມຶອງປາກທ່າ ແຂວງບໍແກ້ວ,1
ເຂົ້າຍາກ ທ້ວງໃຫ້ແຕ່ອັບເດດ ທັງທີ່ຫາກະອັບໄປ,0
ແອບໃຊ້ດີຫຼາຍ,1
ດາວໂຫລດເພງ,1
ໃສ່ດີແທ້ໃຫ້4ດາວ,1
ຂໍເງີນເນັດຟຮີແນ່ຄັບ,1
ດີແລ້ວໆໆ໑,1
"ຢາກບອກເລົ່າໃຫ້ທ່ານຟັງຢູ່ແຕ່ທ່ານກໍານົດຈໍານວນອັກສອນຈະຂຽນໃຫ້ແຕ່ມັນບໍ່ພໍຂໍໃຫ້ທ່ານພິຈາລະນາຄືແດ່ຄົນຕິດຕາມຫຼັກລ້ານກວ່າຄົນຂ້າພະເຈົ້າຕ້ອງໄດ້ຂຽນລະອຽດທຸກຢ່າງ ,ຖ້າຈະໃຫ້ຂຽນທ່ານຢ່າກໍານົດຈໍານວນຕົວອັກສອນ",1
ເນັດດີກະເຂົ້າບໍ່ໄດ້ໃຫ້ກວດສອບອີນເຕີເນັດຂອງທ່ານເບິງຫຍັງກະໄດ້ເມີດແຕ່ຊິເຂົ້າໂອນເງິນລະເຂົ້າບໍ່ໄດ້ຄວນແກ້ໄຂ້ຈຸດນິ້ແນ່ເດີ,0
ໂຫລດມາແລ້ວບອກວາຢຸດການໃຊ້ງານແລ້ວ,0
ເປັນຫຍັງດຽວນີ້ຄືຕັ້ງເອົາແນັດບໍ່ໄດ້ຝາຍລູກຄ້າເປັນຜູ້ໃຊ້ບໍ່ພໍໃຈ,0
ໃຊ້ງ່າຍໂອນໄວດີ,1
ເຮ້ຍກ່ອນເກົ່າ,0
ກ້ອງວີດີໂອບໍ່ໃດ້,0
ດີແຮງອະຫຼີ,1
ເຂົ້າແອບແລ້ວມັນເດັ້ງອອກຕະຫຼອດຕ້ອງເຮັດແນວໃດ,0
ປັບປຸງແນ່ເດີ ເຂົ້າແອັບຯທະນາຄານເທື່ອໃດມີແຕ່ແຈ້ງວ່າຂາດການເຊື່ອມຕໍ່ຈາກອິນເຕີເນັດ ທັງໆທີ່ເນັດກໍ່ມີຫລິ້ນແອັບອື່ນກໍ່ໄດ້ປົກກະຕິ,0
ຊື່ດໍາ,1
ສະດວກສະບາຍດີ ແຕ່ບາງຄັ້ງລະບົບການໃຫ້ບໍລິການຍັງຕິດຄັດ ໃນເວລາຮີບດ່ວນແຕ່ໂດຍລວມແມ່ນດີ ພໍໃຊ້ໄດ້,1
ເຂົ້າໃຈແລ້ວ,1
ຕັນ,1
ທາຍ,1
ຈະດີໄຫມ,1
ເວລາສັນລຸ້ນໂຊກ ໃຫ້ເຊີນຫມູເພືອນໃຊ້ໂມຈ່າ ແຕ່ມັນບອກວ່າ ຍຸດໃຊງານ ວາຊານ ແກ້ໄຂແນ່,0
ນາງເຄັກ ອຸດຕະມະນີ,1
ໄຊ້ງາ່ຍ ວ່ອງໄວ,1
ໄຊ້ບໍ່ໄດ້ດີ,0
ໃຫ້ຄວາມສະດວກສະບາຍຫລາຍ,1
ຢາກຮູ້ກຽ່ວກັບພາສາຈີນ,1
ສະດວກສະບາຍດີ,1
ຟຽມເລີຍ,1
ໃຊ້ຄັກຫລາຍ ສະດວກສະບາຍ,1
ໃຊ້ດີມາກໃຫ້5ດາວໄປເລີຍ,1
ດີ ແຕ່ບາງເທື່ອກະເບີ່ງຍອດເງິນບໍ່ໄດ້,1
ຂ້ອຍໄສແອັດນີ,1
ໄວ້ໃຈໄດ້ທັນສະໄຫນ,1
ການໂທດ້ວຍwhatsappmessengerວ່ອງໄວທັນໃຈ,1
ດີຫລາຍໃຫ້ຫ້າດາວ,1
ເຂົ້າບ່ອນສະແກນບໍ່ໄດ້,0
ເຂົ້າຍາກໂພດ ຫລິ້ນແອັບອື່ນໄດ້ ແຕ່ແອັບນີ້ວ່າເຊື່ອມຕໍ່ບໍ່ໄດ້ ປັບປຸງຕື່ມ,0
ນດີນດີ,1
ມາຊິ,1
ກະຕຸກໆຫລິ້ນຍາກຫລາຍປັບປຸງແນ່,0
ສ້ຍ່ວາ່ວການຄ້າເສລີລະຫວ່າງຫວຽດນາມຍີ່ປຸ່ນແລະເຊີນພຣະເຫວດເປັນມໍລະດົກຂອງ ສາມາດໄປທ່ຽວທີ່ຫນ້າສົງໄສວ່າມີຜູ້ເຂົ້າຮ່ວມ,1
ບໍ່ໄດ້ດັ່ງໃຈ,0
ເຮັດໄດ້ດີ,1
ສາຖອດດ,1
ອີໂມຈິເປີ່ຍນແປງໄປຫນ່ອຍ,1
ເວລາໃຫ້ເລືອກເຂົ້າລະບົບໂດຍໃຊ້ ລາຍດິ້ວມື ຫລື ໃບຫນ້າຫັ້ນນະ ເລືອກແລ້ວ ຈ້ໍາເຂົ້າແລ້ວ ແຕ່ ລອງອອກແອັບເຂົ້າໃຫມ່ ກໍຍັງໃຊ້ບໍ່ໄດ້ ກະລຸນາປັບປຸງແນ່,0
ສູ່ເພືອ່ວັນຂາ່ງຫນາ້,1
ກໍາລັງເບິ່ງ,1
ແອັບkyc ໃຫ້ເບີອື່ນບໍ່ໄດ້ເດີແກ້ໄຂແດ່ ບ່ອນຖ່າຍຮູບຫນ້າສຸດທ້າຍ ກົດຢືນຢັນບໍ່ໄດ້,0
"ບໍລິການວ່ອງໄວສະດວກປອດໄພ, ຜູ້ຂັບລົດມີກິລິຍາສຸພາບ, ມີໄມຕີຈິດກັບທຸກຄົນ",1
ໂຄດຊ້າ ອືດອາດ ໂຫຼດຫຍັງກະບໍ່ໄດ້ ຂຽນຫຍັງໄປ ກະບໍ່ມີ ຄວນປັບປຸ້ງ ໂຄດຊ້າ ໆ ໆ,0
ສະດວກເລີຍ,1
ດີຫລາຍ ທັນໃຈວ່ອງໄວການນໍາໃຊ້ສະດວກສະບາຍຫລາຍຢ່າງທີ່ບໍ່ເຄີຍມີມາກ່ອນ,1
ບ້ານ,1
ໂອນບໍ່ໄດ້ໂອນແລ້ວເດ້ງອອກຕະຫຼອດ ໂອນແລ້ວບາງບາດກະໄດ້ບາງບາດກະບໍ່ໄດ້ແອັບເດ້ງຕະຫຼອດເປັນຍ້ອນຫຍັງບໍ່ແດ່,0
ລົງທະບຽນຄ້າງຢູ່ຂັ້ນຕອນ ຖ່າຍຮູບກັບວີດີໂອ,0
ຫມັ້ນໄຈໄຊ້ແອບນີ້,1
ຄັກແລ້ວ,1
ສຶກສາເອງ,1
ໃຊດີ,1
otp 3grap ບໍ່ຖືກຕ້ອງຈັກເທື່ອ ແກ້ໄຂແນ່ທ່ານ,0
ຕິດຕັ້ງເຟດ,1
ພອນໄຊ,1
ໄຊວິໄລມ້ຽນ,1
ແມ່ນພາສາ,1
ໃຊ້ດີມີປະໂຫຍດແລະສາລະຫລາກຫລາຍຢ່າງ,1
ຄົນຫນຶ່ງເຮັດທຸກຢ່າງເພື່ອໃຫ້ໄດ້ຮັກອີກຄົນເຮັດທຸກຢ່າງເພື່ອໃຫ້ໄດ້ຫ່າງ,1
ນາງ.ວາດສະຫມາ,1
ເຂົ້າອ່ານຂ່າວແລ້ວມັນມີບັນຫາ s7 edge,0
ສະນຸດມາກໆໆ,1
ຊື້ເລກ,0
ດີສຸດໆເອົາ5ດາວໄປໂລດແອບນີ້ດີທີ່ສຸດແລ້ວ,1
ແອັບໃຊ້ດີແຕ່ສັນຍ້ານຕອ້ງມາແຮງກອ່ນສິເຕີມບັດໂທລະສັບ,1
ແອັບຯດີຫຼາຍ,1
ແອັບກາກກລົງທະບຽນຕິນັ້ນຕິນີ້ກ້ອງແຈ້ງລະດັບໃດກະຍັງວ່າກ້ອງບໍ່ແຈ້ງເທື່ອ,0
ບໍເຄີຍຫລີ້ນ,1
ເມື່ອກ່ອນໃຊ້ດີຫລາຍແຕ່ມາຕອນນີ້ມີບັນຫາຫລາຍຢ່າງເລີຍ,0
ເປັນຫຍັງອັບເດດບໍ່ໄດ້,0
ຫວ່ຍຫົວຄວຍຫັຍງເຂົ້າຍັງບໍ່ໄດ້ ຫຍຸ້ງຍາກຊັກຊ້າພັດທະນາລະບົບຊ໊ອບແວຮໃຫ້ມັນທັນສັງຄົມເພື່ອຄວາມສະດວກສະບາຍແດ່ແກ້ໄຂແດ່ເດີ,0
ປະສົບການປາຍກາງ,1
ຫ້າມລຶບ,1
ດີຢູ່ແຕ່ຫມູນຍາມໃດຖືກແຕ່ເຊີນຫມູ່ຕິດຕັ້ງ,1
ດີໆຈີງ,1
ຫລວງ ອີແມລ,1
ໄຊ້ງ່າຍສະດວກສະບາຍ,1
ຕັ້ງແຕ່ອັບເດດມາແອປນີ້ເຂົ້າບໍ່ໄດ້ແອປກາກກໂງໆ,0
ເບຶອ,1
ດີມາກຄົບ,1
ໂອນໄວ້ທັນໃຈ,1
ອາຊີບອິດສະລະ,1
ແອັບໂຄກາກບັກນີ້ບັກນັ້ນປັ່ນໄດ້ເນັດກະບໍ່ໄຫ້ແອັບຄວຍເກີນ,0
ເຫດຜົນຫຼາຍເກີນ,0
ນາງອໍາໄພວອນ,1
ແອັບຄືຂີ້ນີ້ມີປັນຫາຫລາຍຈິບຫາຍ,0
ບນຸມາ. ຫວ້ງຕະຫລອ ລາວຂຽນ,1
ອັບເດດໄຫມ່ບໍເປັນຕາສີແຕກເລີຍດຂົ້າສູລະບົບກາບໍໄດ້ໂຄດກາກເລີຍ,0
ມກຫລາຍ,1
ໂຫລດໃຫ່ມແລ້ວ ເຂົ້າບໍ່ໄດ້,0
ຂອງສ່ວນຕົວ,1
ດີທຸກຢ່າງຍົກເວັ້ນເຂົ້າສູ່ລະບົບຫລາຍເກີນໄປ ອາທິດລະຄັ້ງຍັງໄຫວອັນນີ້ກົດອອກແລະເຂົ້າສູ່ລະບົບໃຫມ່ໂລດ,1
ສູນເອີຍຂໍ່ຖາມແນ່ເປັນຫຍັງຄື່ດາວໂລດບໍ່ໄດ້ບັດໂລດໄດ້ມັນພັດຕີກັບໂອຍຍຮ້ອນໄຈແຮງລະໄດຮ້ວຍ,0
ໄດ້ເນັດກັບຄ່າໂທເປັນພັນໆແຕ່ແຊ່ບໍ່ໄດ້ບໍຢາກດ່າຝາກແກ້ເດີ.,0
ໃຊ້ງານດີໆ,1
ມັກຮັກ,1
ບໍ່ໄດ້ຄ່ານາຍຄ້າ ໄປແກ້ໄຂແດ່ເດີ້,0
ບໍດີເລີຍມີແຕ່ຄາງບໍໄດ້ເລີຍບໍເຫັນຄົນອື່ນອອນອີກແຍ່ມາກໆ,0
ມັກຫລາຍໆ,1
ເປັນສ່ວຍຕວ,1
ຂອບໃຈຫລາຍໆແທ້ເດີ,1
ແອັດນີ້ໃຊ້ແນວໃດນໍໂລດມາແລ້ວເຮັດຍັງບໍ່ໄດ້,0
ຂໍອານຸຍາດ,1
ແອບໂງ່ໆມີເຮັດແອບລົງທະບຽນຊ່ໍານີ້ກະບໍ່ມີປັນຍາ,0
ຫມູນວົງລໍ້ກໍບໍ່ເຫັນຈະໄດ້ເນັດ ຫມູນ10ເທື່ອກໍບໍ່ໄດ້ພໍເທື່ອ,0
ດີລຫາຍ,1
ຈີນຄວ ໐ມ,1
ດີສໍາລັບຂ້ອຍແມ່ນໃຊ້ແອັບນີ້ຕະຫລອດມາ,1
ເລົາບ່ອມືປະສົກການດ້ານນື້,1
ຊ່ວຍແກ້ໄຂແນ່ເຂົ້າຫມຸນວົງລໍ້ມັນເຕາະອອກຈາກແອັບ,0
ເຟດໄຫມ່ໄດ້ບໍ່,1
ເວລາໂອນເງິນຊໍາລະຕ່າງໆ ຮູ້ສຶກວ່າລະບົບຫນ່ວງຊ້າແຮງ,0
ໂຫລດຮູບບໍໄດ້,0
ເຟສຂ້ອຍຖືກແຮກ,1
ເປັນຫຍັງຈຶ່ງເປັນແບບນີ້ລະ,1
ນິນຮຮີຮນນ່ນຍນານ,1
ຢາກໃຫ້ຊ່ວຍປິດການອັບເດດສະຖານະແນ ເວລາລິນເກມມູນວົງລໍກະມີແຕ່ໃຫ້ອັບເດດສະຖານະຕະຫຼອດເລີຍ ຂໍ້ໂທດເດີທີເວົ້າແບບນີອອກໄປ.ຈັ່ງໃດຊ່ວຍປັບປຸ່ງໃຫ້ແນເດີ,0
ໂຫລດ8ເທື່ອກະບໍ່ໄດ້,0
ດີໆໆຂອງມັກໆໆທໆໆທີສຸດເລີຍໆໆທໆໆ,1
ຍັງບໍok,1
ໄວກວ່ານີ້ກະຄີຊິດີຂຶ້ນ,1
ປັບປຸງແດ່ເຂົ້າໃຊ້ງານບໍ່ໄດ້ເງີນຄ້າງໃນນັ້ນ,0
ບັກຂີ້ຫມາກ,0
ເຂົ້າລະບົບບໍ່ໄດ້ເລີຍ ຍາກຊາແທ້ເດ ຊື້ເບີມາພໍດີເສຍເງິນລ້າໆ,0
ລອງໃຊ້ເບີ່ງ,1
ອັບເອດເພື່ອຍິ່ງອັບຍິ່ງຫ່ວຍແດກແລກຫຍັງກະບໍ່ໄດ້,0
ໂຫຼດມາ5ເທື່ຶແລ້ວ ຍັງລົງທະບຽນບໍ່ໄດ້ ສ້າງມາສະແຕກຫຍັງ ລະບົບເຮັດໃຫ້ມັນງ່າຍກ່ວານີ້ແດ່,0
ຂໍທົດລອງໃຊ້ເບີ່ງ,1
ໂດດັ່ນດີດີ,1
ໃຊ້ດີຫຼາຍມີປະໂຫຍດ,1
ເພີມຄວາມຄົມສັດອິກ,1
ດີໆໆພັດທະນາໄປເລື້ອຍໆແລະຂໍແນະນໍາເພື່ອນໆເພື່ອຄວາມສະດວກຂອງພວກເຮົາເອງ,1
ໄຊດີ,1
ໃຫ້ເຕັມເລີຍ,1
ອັບເດດຂໍ້ມູນລົ້ມເຫລວແກ່ໄຂໄດ້ລະຈັງມາໃຫ້5ດາວນໍາຫລັງເດີ,0
ການເຂົ້າເຖິງຫຼາຍຂັ້ນຕອນເກີນ ເຮັດເບີດບໍ່ສາມາດເຂົ້າເຖິງໄດ້,0
ບໍມີຄົນມັກເລີຍຍ,1
ສ້າງແອບນີ້ເພື່ອຫຍັງເຮັດຍັງກະບໍ່ໄດ້ກາກສ້າງໃຫ້ເປືອງເງິນ,0
ເຂົ້າກະເດັນອອກພາສາກະປຽນບໍ່ໄດ້ຄືຜີນີຮາມຶງ,0
ເຮັດໃຫ້ສະດວກສະບາຍໃນການໃຊ້ບໍລິການ,1
ໄຫສະແກ່ນໄບຫມ້າຜ່ານໄດ້ຍາງລາບລື່ນ,1
ເຈົ້າສະຫມອນພົມມະຈັກ,1
ລະບົບເກົ່າໃຊ້ດີກ່ອນ.ອັບເດດໃຫມ່.ອີ່ຫຍັງກະບໍ່ມີ,0
ໄມລັກ,1
ຮຽນໃຫມ່,1
ລໍ່ໄປ,1
ບໍເຂົາໄຈ,1
ໃຊ້ງ່າຍໄວທັນໃຈ,1
ເຂ້າແອປນີ້,1
ຄືບໍເຫັນໄດ້ຫຍັງຫນຸນກະບໍໄດ້ຍັງ,0
ຮັກມັນ,1
ສຸດຽອດ,1
ຮ້ານອາຫານເຫັນແຕ່ຮ້ານເກົາຮ້ານເດີມຄົ້ນຫາຮ້ານອື່ນກະບໍ່ຄອຍຂື້ນ ຈັກເປັນຍັງ ສັ່ງກິນທຸກມືກະບໍ່ໄຫວເດີແບບນີ້,0
ນາງມີນາສົ່ງດີ,1
ໂອຢາ,1
ມີເພື່ອນ,1
ເຫັນທຸກໂພດ,1
ການລົງທະບຽນຫຍຸ້ງຍາກເກີນ ຄວນປັບປຸງລົງທະບຽນດ້ວຍຕົນເອງ ບໍ່ຈໍາເປັນຕ້ອງໄປຫາທະນາຄານ,0
ດີຫຼາຍ ໃຫ້ໄປເລີຍ 5,1
ໄຫ້ມັນຕິດຕັ້ງໄດ້ແນ່,1
ຄໍາພາຍໄຊຍະແສງ,1
ຄືເປັນພາສາອັງກິດ,1
ຢາກຮູ້ວ່າເຂົ້າແອັບຄືບໍ່ໄດ້ເຂົ້າໄປກໍ່ຂຶ້ນຈໍຂາວບໍ່ມີຫຍັງ ກໍດຽວວ່າລະບົບandroid 4 ຂຶ້ນໄປ ລະບາດandroid 6ຂຶ້ນໄປຄືບໍ່ໄດ້,0
ບັງຄັບໂລດ,1
ພ່ໃຊ້,1
ມັນດີ,1
"ຈັດສົ່ງໄວ,ບໍລິການດີ",1
ຫມຸນວົງຂໍ້ຂີ້ກະຕືກ10mbກະບໍ່ໄດ້,0
ບໍ່ຄັກເລີຍແຕ່ກ່ອນຍັງຄັກກ່ອນນິ,0
ສາທານະນາລັດປະຊາຊົນລາວສັນຕິພາບ,1
ໄຫ້ດີພໍສົມຄວນ,1
ຂ້ອຍຢາກຕັ້ງbcel one,1
ກໂຣຈ,1
ໃຊ້ມານານແລ້ວແລະຈະໃຊ້ຕໍ່ໄປດີຈິ່ງສໍາລັບຂ້ອຍ,1
ກູຕິດຕັ້ງແລ້ວບໍ່ມີຫຍັງແຖມກູສະມັກບໍ່ໃດ້ກູໃສ່ວັນທີ່ອື່ນບໍ່ໃຫ້ໃສ່ພໍກູໃສ່ຕາມມືງເສືອກວ່າບໍ່ໃດ້ແລ້ວມືງເຮັດແອັບມາຫາພໍ່ມືງຕີໂຄດພໍ່ດັບແນວແມ່ມືງ,0
ຍິນດີຕອນຮັບ,1
ແຈ້ວ,1
ໄດ້ເນັດຟຣີ,1
ທພູຄູນ,1
ທະນາຄານ,1
ສະບາຍ ຖູກໃຈກໍ່ຮັກກັນໃປ,1
aoa ຂອ່ງ aoa,1
ໃຈເລຍ,1
100ກິບ,1
ບໍ່ຮູ້ເປັນຫຍັງເຂົ້າໄປລະເດັ່ງອອກ ເຂົ້າບໍ່ໄດ້ເລີຍ,0
ດີຫຼາຍໃຊ້ງ່າຍໄວ,1
ແອັບຂີ້ກາກເຂົ້າບໍ່ໃດ້ບ້ອກໃຫ້ໂຫລດຫາສະແຕກຫຍັງຢາກໃດ້ຕາຍແຕ່ເງິນບໍ່ພັດທະນາຈັກເທື່ອດອກແນວນີ້,0
ດີຈ່ຮາ,1
ໃຊ້ບໍ່ດີຄືແຕ່ກ່ອນ ຫລັງຂ ຈາກວາງສາຍແລ້ວເຂົ້າໄປເບິ່ງຢູທູບສຽງຄ່ອຍຫລາຍ ກະລຸນາແກ້ໄຂດ່ວນ,0
ມີຄວາມສຸກຫລາຍ,1
ແກ້ໄຂໃຫ້ແດ່ ແອັບໃຊ້ບໍ່ໄດ້ບາງສວນ ມູນວົງລໍ້ໄດ້ດາຕ້າແຕ່ໂພສ໌ລົງfacebook ບໍ່ໄດ້,0
ມັກໂພດ,1
ຮຮາ,1
ດີດີດິ,1
ມັນໄຊ້ດີແດ່,1
ຍັງຊ້ານ້ອຍນື່ງໃນການສະແກນqr,0
ຊາວ,1
ສູດໆ,1
ນຍ້ຍ່ບ,1
ໄດ້ຮັບການບູລະນະປະທານປະເທດແຫ່ງສສຫວຽດນາມພ້ອມຄະນະໃນໂອກາດວັນສ້າງຕັ້ງພັກຄົບຮອບປີກ່ອນຫນ້ານີ້ແກ້ໄຂເມື່ອເຄື່ອງໃຊ້ໄຟຟ້າໃນລາວຈະໄດ້ຮັບການບູລະນະປະທານປະເທດແຫ່ງສສຫວຽດນາມພ້ອມຄະນະໃນໂອກາດວັນສ້າງຕັ້ງພັກຄົບຮອບປີກ່ອນຫນ້ານີ້ແກ້ໄຂເມື່ອເຄື່ອງໃຊ້ໄຟຟ້າໃນລາວທີ່ໄດ້ຮັບການບູລະນະປະທານປະເທດແຫ່ງສສຫວຽດນາມພ້ອມຄະນະໃນໂອກາດວັນສ້າງຕັ້ງພັກຄົບຮອບປີກ່ອນຫນ້ານີ້ແກ້ໄຂເມື່ອເຄື່ອງໃຊ້ໄຟຟ້າໃນລາວທີ່ໄດ້ຮັບການບູລະນະປະທານປະເທດແຫ່ງສສຫວຽດນາມພ້ອມຄະນະໃນໂອກາດວັນສ້າງຕັ້ງພັກຄົບຮອບປີກ່ອນຫນ້ານີ້ແກ້ໄຂເມື່ອເຄື່ອງໃຊ້ໄຟຟ້າໃນລາວທີ່ໄດ້ຮັບການບູລະນະປະທານປະເທດແຫ່ງສສຫວ,1
ໄດ້ຄູນນະພາບໃຊ້ໄດ້ງ່າຍ,1
ເປັນຄົນຢາກຮູ້ຢາກເຫັນ,1
ທັນສະໄຫມ ໃຊ້ດີ,1
ອັບເດດຮູບກາບໍ່ໄດ້,0
ເທີ່,1
ໃຊ້ດີ ສະດວກວ່ອງໄວ,1
ດີແຕ່ຕ້ອງແກ້ໄຂໄຫ່ມແນ່,1
ໄຊ້ດີວອງໄວ,1
ກໍາລັງເປັນນັກຮຽນ,1
ໃຊ້ບໍລິການແອັບນີ້ຕະຫຼອດຮູ້ສຶກວ່າດີຫຼາຍ,1
ທ. ອຸໄດ,1
ໃຊ້ໄດ້ດີຂະຫມາດ,1
ຂໍໃຫ້ເຮັງໆຕະລອດໄປ,1
ຄົກຢຸ່,1
ໃຊໄດ້ສະດວກຫລາຍ,1
ກາກຕາຍແທ້ແກ້ໄຂແດ່ ຮັບສາຍແລ້ວວາງຕະຫລອດ,0
"ພົບບັນຫາທຸກເທື່ອທີ່ເຂົ້າແອັບ 1ເຂົ້າລະບົບຍາກເກີນໄປ. 2ຂໍລະຫັດtop ກະຍາກ,ຊ້ໍາບໍ່ນໍາກະແຈ້ງເຕືອນ one id reset 500ອີຫຍັງບຸ 3ຄືສອງທາງເທິງ",0
ຖ້າຂໍ້ມູນຖືກກະລົງທະບຽນໄດ້ງາຍໆບໍຈໍາເປັນຕ້ອງເຂົ້າສູນໃຫ້ເສຍເວລາແອັບນີ້ດີຫລາຍສໍາລັບຄົນຢູ່ສູນໄກສູນບໍ່ລິການຫລື້ຄ້ານເຂ້ົາໄປສູນຄືເຮົາ,1
ຫຼີ້ນຕໍ່,1
ເຂົ້າຍາກໂພດປັບປຸງໃຫມ່ແດ່ເອົາໂຕລະຫັດແນະນໍາອອກດີສຸດ,0
ດີຫຼາຍຄືດີ,1
ລໍາຢອງ,1
ສົມສມປາລັນ,1
ປ່ຽນບັນຍາກາດ,1
ເຮົາຢາກຫລິນເຟດແຕ່ບໍໃດ,1
ແຊດດີຫລາຍ,1
ແຊັດກັບເພື່ອນສະນຸກມາກ,1
ບໍ່ມີຄົນຕອບ,0
ມີຄວາມວອ່ງໄວຊັດເຈນ 1,1
ຈົ່ງໃຊ້ໃຫ້ເກິດປະໂຫຍດ,1
ຕອງການລະຫັດຜານ,1
ທ້າວ ສົມບຸນ ວົງດາລາ,1
ຊອບມາກ,1
ນ້ໍາຫວານ,1
ດີຫລາຍໃຊ້ດີ,1
ແອັບເປັນຫຍັງຄືເຂົ້າບໍ່ໄດ້ແກ້ໄຂ້ແນ່,0
ເປັນແອັບທີ່ດີ່ທີ່ສຸດ,1
ອັບເດດໄປບຶດດຽວອັບເດດອີກລະຈັງແມ່ນຂີ້ກະຕືກ,0
ວັນ9474,1
ອາຊິບອິດສະລະ,1
ບັນຫາຫລາຍໂພດດຽວກະໃຂ້ໄດ້ດຽວກະບໍ່ໄດ້,0
ໃຊ້ດີຫລາຍໃຫ້5ດາວ,1
ສອນໄຊພັນທະດາວອນ,1
ນາງດາວັນ,1
ດາວໂຫຼດແລ້ວແຕ່ເຂົ້າແອບໄປລົງທະບຽນບໍ່ໄດ້,0
ຂໍໄຫ້ມີເພື່ອນຫຼາຍ,1
ສຸດຢອດໄປລວຍ,1
ດີຫລາຍເດີ.ສຸພາບໆ,1
ແກ້ໃຫ້ແດ່ເວາລາເຮົາແຊັດລະມັນເປັນກໍາລັງສົ່ງຢູ່ເວລາເຮົາເຂົ້າເບີ່ງແຊັດກະເປັນສີຂາວເບີ່ງເຫັນຫຍັງເລີຍປົກກະຕິຂ້ອຍແຊັດລະໄປໂຄດໄວດຽວນີ້ແມ່ນແຊດໄປລະມັນວ່າກໍາລັງສົ່ງ,0
ຄັກຽ,1
ບາວບ້ານນອກ,1
ເປັນຫຍັງຕ້ອງອັບເດດຕະຫລອດ,0
ດີແຕ່ຂອ້ຍບໍ່ໄດ້ອັບເດດ,1
ໄດ້ຢູ່ຊຸດຢອດ,1
ມັກສະແຫວງຊອກຮູ້ປະສົບການຈິງເພື່ອ ພັທທະນານາມຮູບສີນຕັສຂູດເກົາຖາກຖາງພຽນອົດທົນອົດກັ້ນຊໍາລະຈິຕໃຈໃຫ້ຜອ່ງໃສຕາມກົດແຫ່ງກັມ? ສາທຸ,1
ຄ່າເຊົ່າບັດ ແຕ່ລະເດືອນ ແພງໂພດດ,0
ໃຊ້ງານດີດີ,1
ແອັບບໍສົມບູນເຮັດວຽກບໍໄດ້ເລີຍພັດທະນາແດ່,0
ໂອເຄຮກັບທະກເລືອງ,1
ໂຄລາວຕາຍລູກຄວາຍມາ,0
ດີຫຼາຍໃຊ້ງ່າຍສະດວກສະບາຍ,1
ກດມ ຊເຍຶ,1
ໃຊ້ດີສະດວກທັນໃຈ,1
ຊັດເກນດີ,1
ເຕີມເງີນເຂົ້າບັນຊີບໍ່ໄດ້,0
ໃຫ້ຄະແນນແອບ,1
ສັນຍານອຶດອາດ,1
ໃຫ້ອັບເດດດຸໂພດ ບໍ່ມັກແຈ້ງເຕືອນເວລາເງິນອອກ ເຂົ້າ,0
ອັບເດດຮັບດາຕ້າ 1g ຫົວພໍ່ມືງຕິ? iluckyລຸ້ນໂຊກຫົວແມ່ມືງຕິ? ຫມຸນ100ເທື່ອກະອອກໂຕເກົ່າ100ເທື່ອ ຫລອກລວງຜູ້ຊົມໃຊ້ ພວກພາກຫຍໍ້າພາກຕໍາພວກຜີຫ່າແດກຂີ້,0
ແຫ່ງອັບເດດແຫ່ງຊ້າ ເບິ່ງຫນັງກະບໍ່ໄດ້,0
ໃສດີມາກ,1
ດີມີຄວາມຮູ້,1
ເທຶອ,1
ຍີນດີປະຕິບັດຕາມເຕັກນິກແລະລະບຽບການຂອງຜູ້ພັດທະນາ.,1
ດາວເລ້ກເລາັ ວະວພວຖວ ມ.,0
ເກມ ilucky ກັບ ilucky beta ແຊບໍໄດ້ເລີຍ ປັບປຸງໃຫມ່ແດ່,0
ມັນອັບເດດໄຫມ່ຫລີ້ນມ່ວນຫລາຍ,1
ແມ່ນຄໍາປັ່ງເປັນຜູ້ສ້່ງ,1
ພໍໃຊ້ໄດ້ລະບົບຍັງຫ່ວຍຄືເກົ່າ,0
ຢືນຢັນໂຕຕົນບໍ່ໄດ້ສົ່ງໄປສອງ ສາມກາບໍ່ຜ່ານອັບດັດມາກາຍັງບໍ່ຜ່ານ,0
ຮັກໂຕເອງໃຫ້ຫລາຍ,1
ມັນເປັນຫຍັງເຂົ້າແອັບບໍ່ໄດ້ແກ້ໄຂໃຫ້ແດ່,0
ສູດຢອດເລີ່ຍ,1
ມີຄົບທຸກຢ່າງທີ່ຕ້ອງການ,1
ຮ້ອງອີ,1
ເບິ່ງໄດ້ແຕ່ຫລັກ9ຫລັກເຈັດເບິ່ງບໍ່ໄດ້ຕີອຸດສາໂຫລດມາ,0
ດີ.ສີຕິດຄາ້ມເດີ,1
ດີໄຈຫຼາຍໆເດ່,1
ດີຫຼາຍແຕ່ບາງເທື່ອເຮົາຂໍຄວາມຊ່ວຍເຫືຼອກະບໍໄປ,1
ລົງທະບຽນກະລົງບໍ່ໄດ້ ຖ້າສົ່ງລະຫັດກະບໍ່ສົ່ງຍອມລະ,0
ລົກເລີກ,1
ໃຊ້ດີຫລີ້ນງ່າຍ,1
ຈະຕ້ອງ,1
ອັບເດດຫຍັງກະບໍ່ໄດ້ເວລາເຂົ້າແອັບບໍ່ເຫັນການແຈ້ງເຕື່ອນໂອນເງິນເຂົ້າອອກກະບໍ່ແຈ້ງເຕືອນຫຍັງຍັງບໍ່ພໍອັບເດດບໍ່ໄດ້ອີກປັບປຸງໃຫມ່ໃຫ້ແດ່ເພື່ອຄວາມສະດວກໃຊ້ບໍລິການຂອງທາ່ນ,0
ແກ້ໄຂ,0
ໂອນເຂົ້າຕ່າງທະນາຄານບໍ່ໄດ້ແລ້ວຫວາຫລືແນວໃດເພາະວ່າໂຫລດມາເພື່ອຄວາມສະດວກແຕ່ກະໄດ້ເຂົ້າທະນາຄານຄືເກົ່າແກ້ໄຂດ່ວນແດ່ເດີຍັງຖືກຕັດເງິນອີກແຕ່ເງິນບໍ່ເຂົ້າບັນຊີປາຍທາງທັງໆທີ່ຜ່ານມາໂອນໄດ້ປົກກະຕິ,0
ມັກຫຼາຍສະດວກສະບາຍ,1
ກ່ກ,1
ສາທູຂໍໃຫ້ຂອ້ຍມີເງີນຄືນເຂົ້າສາທູສາທູ,1
ຮູ້ສຶກດີໃຈທີ່ໄດ້ມີເພື່ອນໃນໂລກອອນລາຍ,1
ດີມາດເລີຍ,1
ສະບາຍວອງໄວທັນໃຈ,1
ເຮັດໃນສິ່ງທີ່ມັກ ແລະ ຮັກໃນສິ່ງທີ່ເຮັດ,1
ເປັນຫຍັງເວລາສະແກນຄືເດັ້ງອອກບໍ່ເຂົ້າໃຈ,0
ມີເລື້ອງລາວມາກມາຍ,1
ສະຫມັກໃຊ້ງານຍາກໄປ.ສົ່ງ otp ມາແລ້ວ ບໍ່ໄດ້ເຫັນມີແບ້ຫຍັງ,0
ອັບເດດເວີຊັນໃຫມ່ຄືເຂົ້າສູລະບົບຍາກແທ້,0
ເທ້ມາກເລີຍ,1
ແອັບນີ້ມັນຄືກາກແທ້ລະທ່ານຜູ້ໃຫ້ບໍລິການ ເຮັດຫຍັງກະບໍ່ໄດ້ ໃສ່ເບີຖືກແລ້ວກະບໍ່ເຫັນສົ່ງລະຫັດມາ ເຮັດມາໃຫ້ລູກຄ້າໃຊ້ບໍລິການຫຼືແນວໃດນໍ ແກ້ໄຂດ່ວນ,0
ຈັກຊິໃຫ້ດາວໂລດອີຫຍັງກະດໍ ເຂົ້າທຸກເທືອໂລດເກືອບທຸກເທືອເບືອເດ ບໍ່ມີວີທີແກ້ໄຂແນບໍ່ ມື້ຫນື່ງໂລດເທືອທໍາອີດກໍບໍ່ວ່າດອກ ແອບນີ້ແປກກວ່າຫມູ່ ໂລດເກືອບທຸກເທືອທີ່ເຂົ້າ,0
ດີລ້າຍໄຫ້5ດ່າວໄປເລີ້ຍ,1
ຂໍເບິ່ງຫນັງເຊັກໄທ .,1
ແອບນີ້ດີມີແຕ່ໄຫ້ກັບໄຫ້,1
ສັ່ງງ່າຍ ໄວ ທັນໃຈ ແລະ ຢາກໃຫ້ມີເຄດິດຈ່າຍຜ່ານທາງແອັບ bcel ຫຼື ຈ່າຍຜ່ານທາງແອັບ jdb,1
ດີໄລ,1
ນົງຄັງ,1
ວັນທີ31ເດືອນ12ປີ2023,1
ດີຂຶ້ນຫລາຍ,1
ວ່ອງໃວດີ,1
ມີປະໂຫຍດດີຫລາຍ,1
ສັນເງິນກະບໍ່ໄດ້,0
ດີມາກຊອບ,1
ເອີ້ນລົດຍາກແຮງ ມີແຕ່ພວກເຫັນແກ່ເງິນ ບໍ່ໄດ້ເລື່ອງ ເອີ້ນຫລາຍເຄື່ອງກະບໍ່ມີລົດມາຮັບ ບໍ່ຕ້ອງມີລະແລ້ວ ເສຍເວລາ,0
ມ່ວນອີ່ຫຼີແຊັດຟີຄັກໆ,1
ຕອນແລກກະດີຢູ່ຫລັງໆເຂົ້າບໍໄດ້ເລີຍ,0
ໃຊ້ດີແຮງທັ້ງຊື້ຫວຍເຕີມເງິນຈ່າຍນຸ້ນນີ້ນັ້ນໄຟນ້ໍາແນະນໍາເລີຍກົດລະຫັດ 85401433,1
ປະເທດລ,1
ຕໍຜຶ,1
ອັບເດດມາໂອນຂ້າມບັນຊີບໍ່ໄດ້,0
ດີຫລາຍໃຊ້ງານສະບາຍ,1
ເມືອງ,1
ບໍ່ໄດ້ເລື່ອງເລຍ ເວລາມີຄົນໂທມາກໍ່ບໍ່ເຫັນວ່າມີຄົນໂທມາບໍ່ແຈ້ງເຕືອນ,0
ເຂົ້າຮ່ວມເຄືອຂ່າຍ. facebook,1
ໂຫຼດມາຄັ້ງແລກຖືກເລກເລີຍ56,1
ຊ້າເຂົ້າຍາກອັບເດດດຸຫລາຍ,0
ດາວັນ,1
ດີມັກຫຼາຍໆທ,1
ພັດທະນາສິ່ງໃຫມ່ເສີມລາຍໄດ້,1
ບັດຄວຍລີນບໍ່ໄດ,0
ສະດວກສະບາດທີສູດ,1
ດັດແປງງ່າຍ,1
ໃຫ້ຄະແນນແອັດ,1
ຢາກເປັນນ້ໍາໃຊ້ແລະໂຊກດີ,1
ໂທແອັດບໍໄດ,1
ຄືສະດວກຫລ້າຍຂື້ນແທ້,1
ອົກຫັກ,1
ຂໍໃຫ້ໃຊ້ໄດ້,1
ໃຫ້ອັບເດດຢູ່ຕະຫລອດຄືຫຍັງກ່ອນ ແອພຫາກະອັບເດດກະໃຫ້ອັບເດດຢູ່ຕະຫລອດ ໄດ້ລົບໂຫລດໃຫມ່ຢູ່ບໍ່ເຊົາ ແຖມເຂົ້າຍາກອີກ,0
ຂວັນໃຈ,1
ກຸດ,1
ຄົນແຊັດຫາກະບໍ່ແຈ້ງເຕືອນຄັນບໍ່ເຂົ້າກະບໍ່ເຫັນຄວນແກ້ໄຂໃຫ້ໄວເພາະຫລາຍຄົນບໍ່ໂອເຄນພ,0
ອາກົງ,1
ລອງເບິ່ງກ່ອນ,1
ຢູ່ໃຊ້ກິໃຊ້ໄດ້,1
ເປັນງານຫລັກເລີຍລະ,1
ໂຄດຊ້າ ເຂົ້າກະຍາກ ຫລາຍເລື້ອງ,0
ຜູ້,1
ຄວາຍຫມູນບໍ່ໄດ້ແລ້ວ,0
ໂຫລດຄືນມາຄືບໍ່ໄດ້,0
ມັນດີມາກກ,1
ເຊີນ.ດດ,1
ບໃຊ.ຊ,1
ມີແຕ່ພາສາອັງກິດຂ້ອຍກະບໍຮູ້ແນວຊິເຮັດແລ້ວ,0
ເຕິມເງິນບ່ໍເຂົ້າ,0
ຢວໍາຜ ຂ ຢຢ.ມໃຝ,1
ແມ່ກອງມີ ສົມມີໃຊ,1
ບໍໄດ້ເມື່ອຍເຮັດແລ້ວ,0
ສະດວກສະບາຍຖືກຈາ່ຍໄວ,1
ຢາກໃຫ້ປັບປຸງເວລາຢາກເຕືມບັດເງິນລະບໍ່ຢາກສະດວກ,0
ລານ,1
ແກ້ໄຂ່ດວນເຂົ້າຫ້ອງແຊັດແລ້ວມັນຫມັກບັກຕະລອດແລະກົດເຂົ້າແລ້ວມັນມັກອອກເອງແກ້ໄຂ່ແນ່,0
ເຂົ້າຍາກແທ້ເດ,0
ເຮີຍ,1
ເປັນຫຍັງມັນວ່າຄັນເຊີນຫມູ່ລະຊິໄດ້ເນັດ5000ແຕ່ເຊີນເຫມູ່ຂ້ອຍຈົນໂຫລດແລ້ວບໍ່ໄດ້ເນັດຊໍາ້,0
ຂໍຄອບໃຈທີ່ທ່ານຮັບອະນຸຍາດ,1
ຂໍລະຫັດwhatsappແນ່ເດີ້,1
ດິໄຈທີ່ໄດ້ເຂົ້າຮວມລາວແອບຄັ້ງນີ້ຢາກໄຫ້ລາວພັດທະນາກ້າວກະໂດດ,1
ດີຫຼາຍຢ້ຽມເລີຍ,1
ລະດັບດີ,1
ມວ່ນຫຼາຍ,1
ໃຊ້ຄັກອີຫລີ,1
ອອນລາຍແຖບຊັ້ນເວັ້ບໄຊທ້າວອອ໋ດແກ້ວອີນຄໍາ? ຄິບລາຍການມິກແມນລາຍກາໃຊ້ບັນຊີການເງີນໃນຊື່ທ້າວອອ໋ດແກ້ວອີນຄໍາ.ຈາກບ້ານໂຄກນາ.ມາຢູ່ເຮືອນ.ຢູບາ້ນຜາແກ້ວເມືອງປາກລາຍ.ປະເທດລາວ.ຊາຍແດນໄທ.ລາວ.ອທ,1
ມັກລາຍແອັບນີ້,1
ມັກລາຍແຕ່ເປັນຫຍັງໃສ່ອິນເຕີເນັດດາວໂຫລດຄືບໍ່ໄດ້ນະ ຊ່ວຍແກ້ໄຂໃຫ້ດວນ,1
ສຸກຍອມໄປເລີຍ,1
ໃຫ້5ດາວເພື່ອພັດທະນາຕໍ່ໄປ ແລະວັງວ່າຈະໄດ້ນາ1gb,1
ດີຊອບ,1
ໃຫ້ດາວດຽວພໍເດີ້ເພາະວ່າເອິ້ນຍາກແຮງຂ້ອຍປັກມຸດກ່ອນກະເຈົ້າແຕ່ກະເຈົ້າໄດ້ຂີ່ກ່ອນຊື່ໃນຫັນກະຊື່ຂ້ອຍແຕ່ລາວບໍ່ເຊື່ອເອິ້ນທາງເບີຄືເກົ່າສາຈັງງ່າຍກ່ອນທາງເບີຍັງສະດວກກ່ອນຊ້ໍາຂ້ອຍຂໍລະໃຫ້ເອິ້ນທາງເບີຄືເກົ່າດີກ່ອນ,0
ຢ່າຄາງ,1
ຖ້າ otp ແຕ່ ເດືອນແລ້ວນິຍັງບໍ່ມາ,0
ສະນຸກມ່ວນກັບເພື່ອນໆ,1
ລົງທະບຽນໃດ້ ເຂົ້າແລະກະອອກຄືນ,0
ຕົວະອັບເດດກະມີ,0
ທອດະພນຮ,1
ອັບເດດໃຫມ່ລະເຂົ້າບໍ່ໄດ້ ເຂົ້າລະເດັ້ງອອກ ເຂົ້າລະເດັ້ງອອກຕະຫລອດ ແກ້ໄຂແນ່ ທລສ ຊໍາຊຸງ,0
ອ້ວນ. ຮັກເຈົ່້າ,1
ກາກແຮງ ໂອນເງິນບໍ່ໄດ້ຊິໂອນເທື່ອໃດເດັ້ງອອກຕະຫຼອດແກ້ໄຂແດ່ເທາະຂ້ອຍລະງຶດ,0
ບໍລິການດີ ພະນັກງານສຸພາບ,1
ໃຊ້ດີມາກໆຈ້າ,1
ໃຊ້ການບໍ່ໄດ້ 2 ມື້ແລ້ວເຂົ້າບໍ່ໄດ້ເລີຍ,0
ຮັກສາໄດ,1
ກຶມມຸ,1
ພັດທະນາໃຫມ່ແອັບຫຍັງໃຊ້ໂຄດຍາກບໍ່ແປກທີ່ຄົນໄປໃຊ້ຫລັກຫ້າ,0
ຢາກໄດ້ແພດຫຼາຍເດີ້ຢາກໄດ້ແທ້ແລະກໍຢາກໄດ້ເງີນຫຼາຍໆເດີ້ຢາກໄດ້ແທ້ໆ,1
"ໃຊ້ໄດ້ດີມາກ555, 555",1
ຮູ້ທັນທຸກຂ່າວ,1
ເອົາຄື,1
ເຮັດຫຍັງກິນບໍ່ໄດ້ ເຮັດຫຍັງກະຍາກໄປຫມົດ,0
ບໍ່ສາມາດເບິ່ງໄດ້ວ່າດາຕ້າຍັງເຫຼືອເທົ່າໃດບອນການແຈ້ງເຕືອນເວືຊັ້ນເກົ່າດີກວ່າ,0
ສະດວກສະບ່າຍໃນການນ້ໍາໃຊ້,1
ກະພໍໃຊ້ຢູ່,1
ຈະຕ້ອງເປັນສະມາຊິກພັກແລະ,1
ຍັງຄົງມີມິດສາຊີບຢູ່ໃນເຫດການດັ່ງກ່າວ,1
ຕື່ມມູນຄ່າໂທຄືບໍ່ໃດ້,0
ມີຂໍ້ບົກພອງຫລາຍໂພດ,0
ດີຮຈາ,1
ຍອດຍຽມມາກ,1
ຕິດຕັ້ງໃຫມ່ຂໍແນະນໍາລະຫັດນີ້ເດີ 5892 3097 ຂອບໃຈທີ່ມາໃຊ້ຮ່ວມກັນ,1
ແອບໂງ່ໆ ລົງທະບຽນໄປເປັນ2ອາທິດແລ້ວຍັງບໍ່ໄດ້ເທືອຄວາຍ,0
ໃຊ້ດີແລະວ່ອງໄວ,1
ຕອນນີ້ບໍ່ມີເກມໃຫ້ຫຼີ້ນເລຍ. ຮູ້ສືກວ່າແອັບມິດ,0
ມີແຕ່ເດັ້ງອອກຕ້ອງໄດ້ກອກຂໍ້ມູນເຂົ້າໄຫມ່ຕະລອດລ່າສຸດລົບແອັບຖິ້ມສະລໍາຄານແກ້ແດ່,0
ຊື່ດໍາເດີດ້ຮບ,1
ເປັນເຄື້ອງຊືສານກັນໄດ້ດີ,1
ດີທີ່ມີການໄຊ້ພືດຂ່າວ,1
ທຸລະກິດ,1
ເຮັດແລ້ວ ຍັງເຂົ້າບໍ່ໄດ້,0
ສສາສດາຈ່ຍາວມມໃ,1
ຮູ້ໆກັນຢູ່ເນາະ,1
ປະສານໄຈ,1
ເອບນີ້ດີຫຼາຍ,1
ໂຫລດຄືບໍ່ໄດ້ຫວະຫ່ວຍຕາຍແທ້,0
ນໃຈເລຍ,1
ດີຫຼາຍໄຫ້5ດາວເລີຍ,1
ໄດ້ແຊັດຫາຜູ້ສາວວວ,1
ເປັນຫຍັງຂ້ອຍຄືເບິ່ງສະຖານະ,1
ຈອ໋ງ,1
ຄະດຮອ່ນຶບເ,1
ແກ້ວຕາສາວລາວ,1
ເຮົາເຕີມເງີນເບີໂທ ແຕ່ເງີນໃນ ຖືກຕັດແລ້ວ ບິນອອກມາ ແຕ່ເງີນບໍ່ເຂົາເບີໂທ ທັງທີເລກເບີໂທຫຍັງກະຖືກຫມົດແລ້ວ,0
ຈຽບນອ້ຍ,1
ງາມຫລາຍແຂງແຮງແລະແຂງແຮງ,1
ສູຸລີສອນ,1
ທວນຄືນໂດຍຜູ້ໃຊ້,1
ປັບປຸງໄຫມ່ແດ່ກາກໂພດ,0
ບໍເຂົ້າໃຂຫນ້ອຍຫນື່ງເວລາເຂົ້າແອັບມັນບໍຕົງກັບທີເຂົາແນະນໍາ ມັນຄືອອກກ່ຽວກັບໂຄວິດ19 ບໍອອກກ່ຽວກັບການລົງທະບຽນເລີຍ,0
ເຟສເກົ່າ,1
ຄັກແທ້,1
ເປັນຫ່າຫຍັງເລື່ອນຂື້ນກະເລື່ອນບໍ່ໄດ້ປັບປູງແດ່ຄົນມີວຽກແດ່ແອັບສົ້ນຕີນຄືຫ່ານິ,0
ທໍາ ດີ ບໍ່ ມີ ຢູ່,1
ໃຊດິສະບາຍ,1
ດີຫລາຍແອັບນີ້.ພັດທະນາຕໍ່ໄປ.,1
ເຂົ້າຊື້ໆກະຍັງບໍໃດ້ໂຄດເຮ້ຍ,0
ເຂົ້າແລ້ວຄືລີດອອກ,0
ພັງ,1
ຫລິ້ນຫຍັງມັນກາກທຸກຢ່າງບໍໄດ້ໃຈບໍທັນໃຈຄົນທີ່ຢາກມັນໄອສັດແມ່ມຶງ,0
ເວີຊັນໃຫມ່ນີ້ແມ່ນແນວໃດແທ້ ເວລາຫມູນແລ້ວບອກໃຫ້ເຮັດພະລາກິດພັງເພງຜ່ານ ບາດກົດໄປສິເຮັດຕາມພະລາກິດ ພັດວ່າຟັງຊັ່ນນີ້ບໍ່ຮອງຮັບວ່າຊັ້ນ ລະສິຫມູນຕໍ່ກະບໍ່ໄດ້ເພາະພາລະກິດຍັງບໍ່ສໍາເລັດ ລະສິຫມູນແນວໃດແບບນິ ມີແຕ່ສິລົບແອັບຖິ້ມຫັ້ນແລະແນວນີ້,0
ສະບາຍດີຄູ ຂ້ອຍຂອບໃຈສໍາລັບການບໍລິການ ແລະ ຈັດອາຫານທຸກປະເພດທີ່ເຫມາະສົມກັບຂ້ອຍ.,1
ອັບເດດລະເຂົາໄຊ້ບໍ່ໄດ້,0
ແຢຊະ,1
ບໍ່ສົ່ງລະຫັດໄຫ້,0
ທໍາ ມະດາ,1
azດເ ທັງຫມົດ ສໍາລັບ ການ ທີ່ ຈະ,1
ສອນສຸວັນ,1
ຄັກຫລາຍ ເຟດນີ້,1
ດີໆມາກກ,1
ດີລະທຄ,1
ຍັງບໍ່ເຄີຍນໍາໃຊ້. ລອງໃຊ້ເບີ່ງ,1
ອັບເດດແລ້ວໃຊ້ງານບໍ່ຄັກ,0
ອັບເດດຕະຫຼອດບໍ່ມີຫຍັງດີຂື້ນເລີຍ ເດືອນ1ຈັກເທື່ອຫວະ,0
ກູບໍນ່າໂລດເລີຍຍໂຄດຫ່ວຍແຕກ,0
ຄັກຫຼາຍແຕ່ມັນເປັນພາສາອັງກິດບເຂົ້າໃຈ,1
ບຸນບໍ່ມີຊື້ຫມົດ20ລ້ານລະບໍ່ຈັກຍັງບໍ່ຖຶກ,0
ນັບແຕ່ມື້ຕັ້ງແມນ່ໃຊ້ໄດ້ດີ,1
ດີແຄນິພໍຂີຄ້ານເວົ້າ,1
ຊື່ວ່າລາວຈະ,1
ກູຫລີ້ນຕັ້ງນານຍັງບໍ່ມີແຟນ,1
ສະຫມັກໄປຮອດຂັ້ນຕອນການຖ່າຍຮູບແລ້ວມັນບອກວ່າ no image select,0
ແອັບໄວດີ,1
ຢາກສະດວກສະບາຍພາ່ຍໃນແລະພາ່ຍນອກ,1
ດີໆພັດຖະນາຕໍ່ໄປ,1
ນ້ໍາໃຊ້ແລ້ວດີມີແນວລິນແລະດາຕາເພີມຂຶ້ນລາຍ,1
ຂັດຂ້ອງຕະຫລອດ,0
ໄວລຸນບ້ານນອກ 1ຍອດນີຍົມຜູບ້າວບ້ານນອກ,1
ເຮັດມາສິແຕກຫຍັງເຂົ້າຫຍັງກະບໍ່ໄດ້ໃສເບີຖືກລະກະຍັງກົດເຂົ້າບໍ່ໄດ້,0
ຫົງ,1
ແອັບເຮ້ຍຫຍັງໃສ່ລະຫັດລ້ານເທື່ອແລ້ວຍັງຢູ່ຫນ້າເກົ່າຄວນປັບປຸງແກ້ໃຂ້ແນ່ເດີ,0
ເກມ,1
"ສະດວກ,ສະບາຍສຸດໆ",1
86ທັງຫມົດ,1
ໃຊ້ງ້າຍສະດວກດີ ທ່ານໃດໃຊ້ໃຫມ່ໃສ່ລະຫັດຜູ້ແນະນໍານີ້ແດ່ເດີ 65077104,1
ເດືອນ 1 2024 ຕອນນີ້ກໍຄືຫນ້າຈໍກາຍເປັນຄືຂາວ ໃສ່ລະຫັດເຂົ້າໄປໄດ້ແຕ່ຂາວຫມົດ ແລະ ກໍຄ້າງຢູ່ຫັ້ນ. ການໃຊ້ງານແອັບນີ້ກໍຄື ຕ້ອງລຶບແລະຕັ້ງໃຫມ່ທຸກເດືອນ! ວັນທີ 29 2 2024 ຫລັງຈາກອັບເດດເວີເຊິນໂທສັບແລ້ວ ແອັບກາເຂົ້າບໍ່ໄດ້ ໄດ້ລຶບຕັ້ງໃຫມ່ອີກ 10 4 2024 ຫລາຍເທື່ອລະແອັບນີ້ ມີບັນຫາຕອນຈະສະແກນຈ່າຍຕະຫລອດ ຖ້າບໍ່ມີເງິນຕິດຖົງລະຕາຍເລີຍ ຕ້ອງໄດ້ລຶບລະຕັ້ງໃຫມ່ ນີ້ບໍຄືວິທີແກ້ບັນຫາຂອງພວກເຈົ້າ ເຊີນທ່ານກວດເບິ່ງຄືນແດ່ເດີ,0
ເປັນແບບໄດ້ຄຶຢາກແທ້,1
ຫ່ວຍແຕກເຂົ້າແອັບກະເຂົ້າບໍ່ໄດ້,0
ເຊີນເພື່ອນບໍ່ໄດ້ແກ້ໄຂແນ່,0
ເບີ່ງວີດີໂອເພງບໍໄດ້,0
ອະນຸມັດເດີດບັນຊີແດ່,1
ເຂົ້າບໍ່ໃດ້ ເດັ້ງອອກເອງ,0
ໃຊ້ງານດີ ສະດວກສະບານ,1
ດີຫລາຍພັດທະນາໄປເລື້ອຍໆ,1
ໄກ່ມາກ,1
ເມງາ,1
ຢູ່ດີໆມັນກະອອກຈາກເຟສເອງເລີຍໃສ່ເບີໂທກະແລ້ວໃສ່ລະຫັດເຟສກະແລ້ວມັນກະຍັງເຂົ້າບໍ່ໄດ້ຢູ່ດີອັບເດດກະແລ້ວມັນເຂົ້າບໍ່ໄດ້ຈັກມັນເປັນຫຍັງພະຍາຍາມເຂົ້າສ່ໍາໃດກະເຂົ້າບໍ່ໄດ້,0
ດີມາກສຸດຍອດ,1
ງາມແຮງ,1
ກາກເກີນ ແພງມາກ,0
ກ ປາຜີ ປ,1
ພ່້ໍາດ້,1
ນ່າ,1
ສຸດຍຶດ,1
ຫນ່າຍຊາດມີແຕ່ໃຫ້ອັບເດດ ອາທິດ1ສອງເທຶ່ອອັບເດດ,0
ດີທີ່ສຸດໃນການຊໍາລາແລະອື່ນໆ,1
ບໍລິການດີ ປອດໄພ. ພ້ອມມີປະກັນ,1
ໃຊ້ງານບໍ່ໄດ້ເສຍເວລາຊື່ໆ,0
ຂໍອະນຸຍາດປັບປ່ຽນກ້ອງເວລາຖ່າຍ ໃຫ້ເປັນຂອງລະບົບໂທລະສັບຂອງໃຜລາວເພາະວ່າກ້ອງເວລາຈະປັບໃຫ້ເອກະສານທາງຫນ້າໃຫ້ມັນຊັດຂຶ້ນບໍ່ໃດ້,0
ບໍມີຄໍາອະທິບາຍ ດີໆເຮ່ເຮ່,1
ເຂົ້າແອັຟ ແລ້ວກະເດັງອອກເອງ ແກ້ໄຂແນ່,0
ດີເບີດແຕ່ເສຍແນວດຽວອັປເດສດຸຫຼາຍ ຄັນແກ້ຢາກໃຫ້ແກ້ໂຕນີ້,1
ນາດ,1
ພະຍາມຍາມປັບປຸງແນ່ເດີໂພສຮັບພະນັກງານກະມາລົບໂພສຂ້ອຍມັນຜິດບ່ອນໃດແບນເຟນຂ້ອຍປິດກັ້ນການມອງເຫັນມັນຜິດບ່ອນໃດຫນັກຫນາສູນເວີຍ,0
ໄຊໄດ້ດີຫຼາຍ.,1
ສຸດຍອດ ເຄ,1
yse ດີຢູ່ .ຖ້າຈະດີສຸດໆຂໍ່ໄຫ້ມີເກມອອນໄລນ່ເພື່ອໄຫ້ລູກຄ້າຫາເງິນອອນໄລນ່ເຂົ້າກະເປົ່າມື້ຖື່ແອບu moneyໄດ້ໂດຍບໍ່ຕອ້ງຖ້າແຕ່ສັ່ງຊື້ຖ້າແຕ່ໃຊ້ບັນຊິ.ທ ນ ຄ ຍ່າງດ່ງວເພາະຄົນລາວສວ່ນຫລາຍຈະທຸກແລະບໍ່ຄວ່ຍມີດອກບັນຊີ່.ທ.ນ.ຄ.ok.ນໍ່ພັດທະນາໄຫ້ມັນສຸດກວ່ານີ່ໂຄດຈະດີ,1
ຊວນໃນຄົວຮົ່ວກິນໄດ້,1
ແອວອສອ,1
ເບີງດີວີໂອກໍເຊີຍເງີນ ລົງຄິບກໍ່ບໍ່ໄດ້ເງີນແລ້ວ,0
ຄໍາໄລຄນທີບໍຄິດຈະນອກໃຈໄຜຍາກພົບແຕ່ຄນທີມີແມ້ຕາ,1
ເອົາ,1
ອັບເດດແລ້ວໄດ້ດາຕ້າຄືດີສຸດໆ,1
ຄວາຍໂຄດຊ້າ,0
ສະມັກບໍ່ໄດ້ມັນຂຶ້ນມາວ່າ ເບີນີ້ຂໍເກີນຈໍານວນຄັງ ກະລູນາລອງໄຫມ່ພາຍຫລັງ 4 ຊົວໂມງ 4ຊົວໂມງຜ່ານໄປຍັງຄືເກົ້າ ທັງໆຫາກໍເອົາເບີນີ້ມາສະມັກຄັງອໍາອິດ ຄຸນນະພາບກາກແທ້,0
ດີຫລາຍ ແຕ່ປັບປຸງເລື່ອງໂຫລດຊ້າແດ່ຫນ້ອຍນຶ່ງ,1
ເປັນແອບທີ່ໄຊ້ດີຫລາຍ,1
ບໍ່ຄ່ອຍດີ,0
ຖ້າຈະໃຫ້ດີຄວນປັບປຸງຕື່ມເດີ້ ຂ້ອຍຊື້ເລກ 556 ໂຕ2.000 ກັບ 56 ໂຕ 5.000 ພໍເລກອອກມາ 556 ສາມໂຕກົງຜັດເງິນເຂົ້າບັນຊີຂ້ອຍແຕ່ 800.000 ເທົ່ານັ້ນ ພໍເລກອອກສາມໂຕກົງຜັດມາແຈ້ງວ່າຂ້ອຍຊື້ເລກໄດ້ແຕ່1.000 ກີບ ແຖມຫັກເງິນທີ່ຂ້ອຍຊື້ເລກ 556 ໄປໃສ່ເລກນາກນ້ໍາທີ່ຂ້ອຍຊື້ 3.000 ກີບ ເປັນ 4.000 ຂ້ອຍເສຍດາຍສິຕາຍ ຊື້ເລກສາມໂຕສອງພັນເລກສອງໂຕ5.000 ຄິດວ່າສິໄດ້ລ້ານສາມ ສຸດທ້າຍໄດ້ແຕ່ 800.000 1 ເລກບໍ່ໄດ້ໂຕໃດກໍ່ຄວນແຈ້ງຊັດເຈນກ່ອນເລກອອກ 2. ບໍ່ຄວນຫັກເງິນລູກຄ້າໄປໃສ່ເລກອື່ນທີ່ລູກຄ້າບໍ່ມັກ ຄວນໂອນເງິນກັບຄືນສໍາລັບເລກໃດທີ່ມັນເຕັມແລະບໍ່ໄດ້ຫັ່ນນ່ະ,0
ເວລາເຕີມເງີນຂື້ນແຕ່insufficent fund ເປັນມາ3ມື້ແລ້ວ ທັງທີ່ເງີນໃນບັນຊີກະມີ ຫາກບໍ່ໄດ້ ແກ້ໄຂແດ່,0
ແຄັບຫນ້າຈໍບັນທຶກຂໍ້ມູນບໍ່ໄດ້,0
ຕວດສອບຢືນຢັນc kycນານເກີນ,0
ເຮັດຫຍັງກະບໍ່ໄດ້ຖ່າຍຮູບກະເປິດໄຟ auto ຢຶນຢັນພາບກະບໍ່ຜ່ານ100ຮອບແລ້ວປ່ຽນເບີກະບໍ່ໄດ້ ໂຄດຊ້າ rubbish,0
ດາວໂຫລດບໍໄດ້ໂຫລດມາ8 9ເທືອບໍໄດ້ເລີຍຍອມ,0
ຜດີຫຼາຍ,1
ໃຊ້ງານໄດ້ຢູ່ພໍສົມຄວນ,1
ຍຄເລີຄ,1
ເປັນຫຍັງມັນຄືເຂົ້າຮ້ານຄ້າບໍ່ໄດ້ຊ່ວຍອະທິບາຍແລະແນະນໍາແດ່,0
ຢ້ງມມາກເລີຍ,1
pin ກັບການເຂົ້າລະຫັດຕົ້ນທາງປາຍທາງແບບຫົວຄວາຍ,0
ແມ່ນ້ອຍທໍາມະວົງ,1
"ແພງ, code ຫຼຸດ loca30 ໃຊ້ບໍ່ໄດ້",0
ໄຊ້ບໍ່ໄດ້,1
ອະຍຸຢ່າ,1
ເຮັດມາເພືອລົງທະບຽນກະບໍໄດ້ສະພາບເນາະລົບຖີ້ມສາຢ່າເຮັດແອັບເທາະເຮັດກະໃຊ້ງານບໍໄດ້,0
ສາວອອນ,1
ໃສ່ງ່າຍ,1
ມັກລ່າຍ,1
ໄສວ່າໂຫຼດມາແລ້ວຊິໄດ້ເນັດ 3 ກິກສຸດທ້າຍບໍ່ ໄດ້ຂໍເຕືອນຄົນທີ່ສິໂລດບໍ່ຕ້ອງໂຫຼດໃຫ້ເສຍເນັດເດີ້ຕ້ອງໂຫຼດເດີ້ເຕືອນໄວ້,0
ດີໆແອປໂຕນີ້,1
ຄໍນາ,1
ນ້ອງກອງ,1
ພັດແມ່ນເປັນຫຍັງອີກເຂົ້າບໍໃດ້,0
ໄອຄິວ,1
ແຕ່ກ່ອນມັນດີແລ້ວ ອັບເດດມາສົ້ນຕີນ ບາດເບີເກົ່າຫາຍ ເຂົ້າທະນາຄານບໍ່ໄດ້ ຄວາຍເອີຍ,0
ບໍ່ເຄີຍໃຊ້,1
ດີດີຢ້ຽມ,1
"ສະດວກ, ວ່ອງໄວ ດີຫລາຍ",1
ທຸກຢ່າງຄືສະຫັວນລີ້ຄິດ,1
ໃສ່ມ່ວນເຫັນທູກຢ່າງ,1
ພ່ອງຕາຍ,1
ໃຊດີທີ່ສຸດ,1
ດິຈະ,1
ບໍ່ໄດ້ຫຍັງເລີຍຂອ້ຍ,0
ນາງ ແສງຫວັນ,1
ເຮັດໃຫ້ຊີວິດງ່າຍຂຶ້ນຫຼາຍ,1
ບງໃສຮີ,1
ຮຽນຫຼິ້ນໃຫ່ມ,1
ຂໍໄຫ້ໄລ້ຫລາຍແນ່ເດີ້,1
ອາຫານແຊບ ໄວທັນໃຈ,1
ຕິດຕໍ່ສືສານເຖີງກັນງາຍສະບາຍ,1
ເຕີມເງິນເຂົ້າແລະອັບດດດແລ້ວສອກເຕີມບໍ່ໄດ້ຄວາຍ,0
ໃຊ້ບໍ່ໄດ້ ເຂົ້າແອັບລະເດັ້ງອອກ,0
ໄຊແລ້ວດີແທ່,1
ຄວນປັບປຸງດ່ວນເດີໃສ່ຂໍ້ມູນຜິດແລ້ວບໍ່ມີການແກ້ໄຂ້ຄືນ,0
ແອນນີພ່ເຊິນຄິດລູກທີສຸດເລີຍແລະເປນັຫວງລູກທຸກນາ່ທີສູສຸລູກຜໍ,1
66 6 ທັງຫມົດ ອນສໍາລັບ ການ ທີ່ ມີ ຊື່,1
ໃຫ້ດາວດຽວກ່ອນຄັນຖືກລະຈີໃຫ້5ດາວ,0
ເຂົ້າແອັບກະຊ້າສິຊ້າໄປໃສລ່າສຸດເຂົ້າແອັບບໍ່ໄດ້ຍ້ອນລັອກ,0
ພຮີິີິີພີໂຕໂ,1
okນະ,1
ບໍ່ມີຫຽັງປະສົບການ,1
ໃຊ້ແລ້ວດີມາກມາກເລີຍ,1
ກ່ອນອັບເດດເຂົ້ານໍາໃຊ້ແອັບແມ່ນໄວແຕ່ຫຼັງຈາກອັບເດດແລ້ວແມ່ນເຂົ້ານໍາໃຊ້ງານແອັບຊ້າແຮງຫຼາຍໆຖ້າເປັນນາທີຈັງເຂົ້າໃຊ້ງານໄດ້ແກ້ໄຂດ່ວນຖ້າອັບເດດແລ້ວຍັງເຂົ້າໃຊ້ງານແອັບຊ້າຄືເກົ່າຢ່າໃຫ້ອັບເດດຫຼາຍ,0
ດີແລ້ວຈັ່ງໃດ໋ອີກ,1
ແຈັ້ງ,1
ໂອນເງິນຍາກ,0
ຄີດຢາກລີ້ນ,1
ໃຊ້ແອັບຯນີ້ດີໆ.,1
ນາງ.ສຸລິຍະແສງ,1
ຢາກໄດ້ລະຫັດຜ່ານຈາກວີຊີອີແອວວັນ,1
ໂຫລດມາແລ້ວມັນໃຊ້ບໍ່ໄດ້,0
ໂຄສະນາດົນໂພດສອງເທືອໍາຸ້ນນະບໍ່ໄຫວປັບໄຫ້ແດ,0
ດີຫລາຍ ເຮັດໃຫ້ການຕິດຕໍ່ສະດວກ,1
ສະດວກສະບາຍໃນການເບີ່ງເງິນໃນບັນຊີ,1
ຈະເປັນບໍລີສັດທີ່ດີຕ້ອງຍາຄວນຕັດສິນຄົນທີພາຍນອກ,1
ວິພິ່,1
ຄວາມລ້າຊ້າສົ່ງເຄື່ອງ ແຕ່ກ່ອນກະຄືໄວກວ່ານີ້ ດຽວນີ້ໂຄດຊ້າ ສັ່ງເຄື່ອງຝາກໄດ້ 4 5ມື້ ໃນນະຄອນຫຼວງແທ້ໆກະຍັງໄດ້2 ມື້ ຄວາມຊ້າ ຫຼື ເຄື່ືອງເຂົ້າເບາະພະນັກງານລື່ມເບາະຫຼືແນວໃດ ບາງທີລູກຄ້າກະຕ້ອງການເຄື່ອງດ່ວນເດີ ແລະ ອີກຢ່າງຫນຶ່ງສະແກນເຄື່ອງໃຊ້ລະຫັດຖືກຫນົດລະຫວ່າ ຜິດ ມັນຄືຫຍັງກ່ອນ?,0
ບໍ່ຮູ້ເຮັດ,1
ດີຫລາຍຊວ່ຍໄດ້ຫລາຍຢ່າງ,1
ຊວຍຂ້ອຍແດ່whatsappຂ້ອຍລ໋ອກ,1
ອັບເດດໃຫ່ມແຮງແລ້ວບໍ່ໄດ້ຫຍັງເລີຍ,0
ຂຶ້ນທະບຽນກະບໍ່ໄດ້ແອັບລາວເຮົາຄຸນນະພາບຍັງຕ່ໍາຫລາຍ,0
ກາສະດວກສະບາຍຫລາຍຂຶ້ນ,1
ເອເລັ່ງມື,1
ກື່ມ ຊາມຸນຕີ,1
ດີໆໆໆເວີ້,1
ແອບເຂ້າກະບໍໄດ້ເລຍ,0
ໂຕ້ນຂັນທະວົງສິດຍັງໂສດ,1
ສຸດຍອດດ,1
ແອັບພໍ່ມືງເບາະແນວນີ້ ສະຫມັກກະບໍ່ໄດ້ ຂື້ນລະບົບຄັດຂ້ອງ ແກ້ແນ່ເດີຜູເພັດທະນາ ບໍ່ແມ່ນຊິເອົາເວລາ ໄປເຮັດແອັບອື່ນ ເອົາແອັບດຽວໃຫ້ມັນສະຖຽນກ່ອນ,0
ຍອດຍ້ຽມເລີຍ,1
ເຮັດຂ້ອຍໃດ້ແຊັດກັບບູ້,1
ໂອນເງີນ,1
ອັບເດັດໃຫມ່ໄຊ້ງານບໍ່ໄດ້ເຂົ້າສອງເດືອນແລ້ວຍັງແກ້ໃຂບໍ່ໃດ້ຫມາຍຄວາມວ່າແນວໃດ,0
ຫມຸນວົງລໍ້ເນັດບໍ່ອອກເລີຍແກ້ໄຂໄຫ້ແນ່ເດີ້,0
ຕິດຕັ້ງຍາກ ເຊື່ອມຕໍ່ເປັນຊົ່ວໂມງກະບໍ່ໄດ້,0
ໃປບໍ່ຄ່ອຍດີເລັ້ນບໍ່ເລວຊ່ອຍປັບປູງ,1
ເຕີມເງີນບໍ່ເຫັນໄດ້ເປີເຊັນປັບປຸງແດ່,0
ດນນພເ,1
ສິ່ງທີ່ດີທີສຸດແລະຂາດບໍ່ໄດ້,1
ຄວາມເປັນສວ່ນຕົວ,1
"ການບໍລິການຊ້າເກີນໄປ,ຄວນປັບ",0
ໃຊ້ງານດີທັງສະດວກແລະສະບາຍບໍ່ຄືແຕ່ກ່ອນແລ້ວ,1
ສຸ່ມເລກນາມສັດບໍໄດ້ ປັບປຸງໃຫ້ແນ່.,0
ເງີນທີ່ຫມູນໄດ້ເອົາໄປເຮັດຫຍັງຕອບແດ່ຄືເອົາໄປແລກເງີນເນັດບໍ່ໄດ້,0
ຜູ້ເຂົ້າຊົມໃຊ້,1
ດີຫລາຍ ໃຊ້ໄດ້ຢ່າງພາຍໃນແອບດຽວ,1
laoapp ດີດີ,1
ຂໍໄຫ້ພັດທະນາຕໍ່ໄປເດີ,1
ສຸດຍອດຫລາຍ,1
ຢາກໃຫ້ເຝສບຸກເກັບເບີ ທລສ ທີເຊບໄວ້ ໄນເຄືອງບາດເວລາ ທລສ ເສຍ ຢາກໃຫ້ເຝສບຸກກູ້ຄືນໃຫ້,1
ດນນໍາ,1
ດີມາກໆເລີຍ ດູຫນັງຟຮີ,1
ໂອນງ່າຍ ໂອນໄວ,1
ດີຫລາຍແອັບນີ້ມາຕິດຕັ້ງກັນຫລາຍເດີ,1
ທໍາງານຊ້າ,0
ໃດ້ດາຕ້າຟີ,1
ດີ ສະດວກ,1
ສາະິຍວສນ່ິີ,1
ໃຫ້ຫ້າດາວ ໄຊ້ງ່າຍສະດວກສະບາຍພັດທະນາຕໍ່ໄປເລີຍໆເດີ້,1
ເປັນຍັງເຂົ້າບໍ່ໄດ້ເລີຍແກ້ໄຂດ່ວນ,0
ປັບປຸງແນ່ຊື້ເລກກະຊື້ບໍໄດປັບປຸງໄຫ້ໄດ້ມາກຕຖານແນ່,0
ຕິຕັ້ງເຕັ້ມ100ແລ້ວນນີ້ງບໍ່ຕິດຕັ້ງຕໍ່ເປັນຫຍັງແກ້ໄຂໄຫ້ແນ່,0
ຊົຍຊຊ,1
ໂຫລອີ່ຫລີ ຊ້າກະຊ້າ,0
ມະນຸດ,1
ຫນີ້ຼນລາວແອັບສະບາຍໃຈ,1
ການສົນທະນາ,1
ເຕີມບັດກະບໍ່ໄດ້ ລົບແລ້ວໂຫລດໃຫມ່ກະບໍ່ໄດ້ຄືເກົ່າ,0
ແອບຮ່ານີ້ ເປັບແອັບທີ່ບໍ່ມີປະໂຫຍດຫຍັງເລີຍ ລົງທະບຽນກະລະບົບຜິດພາດຂັດຂ້ອງ ບໍ່ມີສີ່ງທັນສະໄຫມຫຍັງເລີຍ ເປັນແອັບທີ່ໂຄດບໍ່ກະບວນເລີຍ,0
ຂອງດີທີ່ເຈົ້າຕ້ອງມີ,1
ມັກລີ້ນມີຄວາມສຸກລາຍ,1
ດີສຸດໃຈເລີຍເດີ້,1
ກະສະບາຍບ່ວງຊ່ວງງ,1
ໄຊ້ໂທລະສັບສັນຍານຊ້າຈັ່ງ,0
ມັນມ່ວນກັບດີ,1
ມີປັນຫາຕະຫຼອດ,0
ຂໍຄອບທີໃຫ້ການສະນັບສະນູນຂອ້ຍຂອບໃຈຫຼາຍໆ,1
ໂຄດກາກພັດທະນາແນ່ ຄວາມກາກຂີ້ກາກຍັງຮອ້ງອ້າຍ,0
ສະແກນເຕີມເງິນ ໂຄດຍາກ,0
ເປັນຫຍັງເຂົ້າແຕ່ລະເທື່ອຄືໄດ້ສະແກນຫນ້າຕະຫຼອດ ແກ້ໄຂໃຫ້ແດ່,0
ວ່ອງໄວທັນໃຈດີ,1
ສະດວກ ທັນສະໄຫມ ວ່ອງໄວ,1
ນາງນົກ ສີຫາລາດ,1
ສຸດຍອດໄປເລີຍແອບນີ້ໂດຍສວ່ນຕົວຂອງຜູ້ໃຊ້,1
ຮຂະ,1
ເປັນຫຍັງມັນຄຶຕິດຕັ້ງບໍ່ໄດ້,0
ຂ້ອຍເປັນຄົນລາວຕ້ອງໃຊ້ແອັບນີ້,1
ດາວອນ,1
ແອປໂຄດກາກ ແກ້ໄຂດ່ວນ,0
ໄມ້ດີ,1
ໄຊ້ດີຫຼາຍ,1
ມັກແອບນີ້ຫຼາຍ,1
ຍາກຊ ອກຫາເພືອນ,1
ດີ ສະບາຍ,1
ແອບເປັນຫຍັງຄືເຂົ້າບໍໄດ້,0
ພຽງການຕະຫລາດຕິ ຊື້ຫຍັງກະບໍ່ທັນ,0
ເຂົ້າລະບົບບໍ່ໄດ້ແກ້ໄຂໃຫ້ແນ່,0
ໃຊ້ໄດ້ດີ ມັກແຮງ,1
ດ້າສຮີ້າເທມວ,1
ໂອok,1
ຄ່ະ,1
ພຮນິນນຸຮາອດຸຍ້າູ້ວືແລະໄປຕາມທາງລົດໄຟໃນລາວທີ່ໄດ້ມາຈາກການເລືອກຕັ້ງ,1
5ດາວດີສຸດໆ,1
ປັ່ນສອງມື້ບໍ່ຖືກຫຍັງພໍຢ່າງຖືກແຕ່ເຊີນເພື່ອນກັບຟັງເພລງ ຄັນຮອດມື້ທີ4ຍັງບໍ່ໄດ້ຫຍັງ ສິບໍ່ປະໄວ້ໃຫ້ເປຶອງພື້ນທີ່ໂທລະສັບ,0
ຈ່ເນ.ຈ່ອຍ,1
ຈາພື,1
ໃວທັນໃຈ,1
ຊາຫລາຍ,1
ຂ້ອຍດີໃຈທີ່ໄດ້ໃຊ້ບໍລິການຂອງຢູ່ມັນນີ້,1
ດີຫລາຍ ແທ້ໆ,1
ຂອ້ຍທັກຊື້ຫວຍເພື່ອລຸ້ນຮັບໂຊກຫວັງຢ່າງຍິ່ງວ່າຈະເປັນຜູ້ໂຊກດີ,1
ປັບປຸງແອັບຄືນໃຫມ່,0
ໃຊ້ດີແຊດໄວ,1
ໂຄດເຮ້ຍ!ກູສະຫມັກຢາກສິບ.,0
ອັບມາລະເບິ່ງວິດີໂອລະຄ້າງປານແຜ່ນຊີດີ,0
ອັບເດດບໍ່ໄດ້ຕອນນີ້,0
ເຊົງຢ່າ ນູຢ່າ,1
ໃຫ້ໄປ5ດາວເລືຍໂທດຖານທີ່ເຮັດໃຫ້ເຮົາໄປສອ່ງເຟສແຟນເກົ່າດຸໆ,1
ແອັບຄືຝາຕີນຫນິ ໂຫຼດລະຄືບໍ່ເຫັນມີເງິນອອກມາຊ້ໍາ,0
ດີຫຼາຍ ງ່າຍ ສະດວກ ວ່ອງໄວ,1
ຊ່ວຍແກ້ໃຫ້ແດ່ປຸ່ມແທັກຫາຍໄປບໍສາມາດແມັກໃຜໄດ້ເລີຍ,1
ໃຊ້ບໍລິການແອັບ,1
"ຂ້ອຍຖຶກໃຈແອັບຕົວນີ້, ຢ່າເຊັ່ນ ຫິ້ຼນຟັງເພງຟີຣແລ້ວຍັງໄດ້ເນັດອີກດ້ວຍ",1
ປັບປຸງແດ່ ລົງທະບຽນແລ້ວເຂົ້າແອບລະເດັ້ງອອກຕະຫລອດ ລົງທະບຽນໂຕໃຫມ່ກະບໍ່ໄດ້ຈັກເທື່ອ,0
ຊ່ວຍແກ້ໄຂແດ່ເດີ້ຫລືບອກວິທີແກ້ໄຂແດ່ ແອັບບໍ່ຮູ້ເປັນຫຍັງເຂົ້າໄປທີ່ບໍລິການ ກົດ3ແກັບຂຶ້ນທະບຽນແຕ່ເດັ້ງໃຫ້ໃສ່ຂໍມູນອາການ ກອກຂໍ້ມູນແລ້ວກະຍັງເດັ້ງອີກເຮັດຈັ່ງໃດກະບໍ່ໄດ້,0
ຄັກສຸດດດ,1
ຕິດຕົ້ງໄຫ້ນ່ອຍ,1
ແຈ້ງດີ,1
ມາໃມມມ,1
ມັກຫຼາຍເດີມເຈົ້າ.,1
ພໍໃຈມາກ,1
ຂ້ອຍຫີ້ນຼວອດບໍ່ເປັນຊ່ວຍຂ້ອຍແດ່,1
ດີມາກເລຍ,1
ໄດດີເດີ,1
ສັ່ງອາຫານນໍາ ເຂົ້າໄຂ່ຈຽວຫມູສັບບໍ່ມີເຂົ້າ ເທື່ອທີສອງ ສັ່ງເຝີ2ຖົງ ໄດ້ຖົງດຽວ ຈ່າຍເງິນໄປແລ້ວ ຂ້ອຍລະຫນ່າຍນໍາເດ,0
ດິດດດີ,1
ເປັນຫຍັງເປັນແອັດລາວບໍໃຊ້ພາສາລາວ.ທຸກມື້ນີ້ປະຊາຊົນລາວ90 ບໍຮູ້ຂຽນບໍຮູ້ອ່ານພາຕາ່ງປະເທດເດີ.,1
ມີຄວາມສຸກທີ່ສຸດທີ່ໄດ້ມາຫຼິ້ນfacebook,1
ໂອເຄດີໆ,1
ທຸກຄົນສາມາດເຂົ້າຊົມໄດ້ໄນfacebook,1
ມັກສຸດໆ,1
ຕັ້ງຍາກຫລາຍ,0
ເຂົ້າຢາກ ພໍ22ໂມງຂຶ້ນໄປລະໃຊ້ງານບໍ່ໄດ້,0
ເດັງອອກດຸ,0
ຂໍໃຫ້ສູນຢູນີເທວປັບປຸງແບບເກົ່າແນ່ແອັບມີການອັບເດດໃຫມ່ນີ້ບໍ່ໄດ້ເງິນເນັດແລະບໍ່ມີເງິນໂປຣໂມຊັນເລີຍເວລາທີເຮົາຫມູນນີ້ບໍ່ຖືກຫຍັງເລີຍມີແຕ່ອັບໂຫລດສະຖານະແລະຟັງເພັງຮ່ວມຫມູ່ຕະຫລອດ ຈາກລຸນຈັນພອນ ຂໍຂອບໄຈ,0
ທຸກໆປະສົບການການຮຽນຮູ້ຂໍຂອບໃຈໃນລະບົບທຸກໆບົບທີ່ສ້າງສັນເພື່ອສັງຄົມ.ຂໍຂອບໃຈ.,1
ໃຊ້ແອບນີ້ດີຫຼາຍ,1
ດີໄຈຈັງ,1
ຕັ່ງບໍ່ໄດ້,0
ແອັບໂດນໃຈມາກ,1
ເປັນແມ່ມືງຫຍັງມັກເຂົ້າບໍ່ໄດ້ກູຖ້າຫລາຍເທື່ອລະເຊົາສາຊິສ້າງສາຄັນແນວນີ້ລົບແອັບຖີ້ມສາ,0
ບໍ່ສົ່ງລະຫັດotpໃຫ້ຊ້ໍາຊິລົງທະບຽນຈັ່ງໃດລະບາດນີ້ແຫ້ໄຂແນ່ເດີ,0
ນິຄາ,1
ລ້າສຸດ ແອັບນີ້ເລ່ນຊ້າມາກ ຊ່ວຍແກ້ໄຂໄຫ້ແນ່,1
ຂໍໃຫ້ໄດ່,1
ນແປງສມະນີຕໍາ,0
ໃຊ້ບໍ່ດີ,0
ດີເລີຍໄດ້ຈິ່ງຖ້ໄດ້ເງິນ ໄວໃຫ້5ດາວເລີຍ,1
ໂຫລດແອັບມາແລ້ວເຂົ້າໄປບໍ່ໄດ້ເລີຍ,0
ຕ້ອງການຄວາມສ່ວນຕົວຢ່າງລັດກຸມເທົ່າທຽມກັນ,1
ສໍາຫລັບສັ່ນເງິນດາຕາ້,0
ຕີດຕັ້ງບໍ່ໄດ້ເລີຍ,0
ແອບນີ້ໃຊດີເດີແຕ່ບໍ່ຮູ້ວິທີເບີ່ງສະຕໍລີ່ມັນເບີ່ງບໍ່ໄດ້,1
ໃຫ້ລົບຈິດຕຶກລົບບໍ່ໄດ້,1
ແອປໂຄດກາກ,0
ປັບປຸງແດ່ເດີ ຈັກແມ່ນຫຍັງໂພສບໍ່ໄດ້ ຄວນແກ້ໄຂ.,0
ຂອບໃຈທີ່ສ້າງແອັບນີ້ຂື້ນມາ,1
ໃຊ້ບໍ່ໄດ້ເລື່ອງເລີຍ,0
ດີຫຼາຍແອັບນີ້ໃຊ້ງ່າຍດີ,1
ສະດວກສະບ່າຍໄດ້ເຫັນຫນ້າພ້ອມຄັກໆ,1
ໃຊ້ດີ ວ່ອງໄວ ທັນໃຈ,1
ທັາວ ທິດພະຈັນ ສີຫາລາດ,1
ໃຊ້ໄດ້ທັນໃຈ,1
ມີຂ່າວດີໆ,1
ສັນຫາໂຄຕະມະ,1
ຄັ່ກລາຍ,1
ໃຊ້ງ່າຍ ສະດວກສະບາຍ,1
ລອງໃຊ້ເບີງ,1
ຝັ່ງ,1
ເປັນແອັບທີ່ຕັ້ງໃຫ້ເປືອງເນື້ອທີ່ໂທລະສັບຊື່ໆ ເຮັດຫຍັງກໍບໍ່ໄດ້ ບ່ອນສິຢືນຢັນຕົວຕົນກະບໍ່ມີ ຕັ້ງຖືກບໍ່ຖືກກໍສໍາເລັດຄືກັນ ແຕ່ພັດໃຊ້ບໍ່ໄດ້ ເສຍຄວາມຮູ້ສຶກ ຂໍ້ແນະນໍາແກ້ບັນຫາໃນແອັບກະບໍ່ມີ ປັບປຸງເດີ້,0
ລິນຍັງກາບໍໄດເປັນຍັງແກໄຂໄຫແນຕີລູກຂາຢາກໄດໂຕເກົາໆນັນ,0
ເຂົ້າບັນຊີບໍ່ໄດ້,0
ອະທິບາຍແດ່,1
ເຂົ້າສູ່ລະບົບບໍ່ໄດ້ມັນຄືຫຍຸ້ງຍາກແທ້,0
ເຂົ້າໃຊ້ງານບໍ່ໄດ້ໂລດຫລາຍເທື່ອແລ້ວ,0
ໃຫ້10ດາວໃຫ້ເລີຍ,1
ທາືາຶ,1
ແອບຊ້າເກີນແກ້ໄຂແດ່,0
ສໍາລັບສາຍຟຮີ,1
ຊ່ວຍໃຫ້ທ່ານຜູ້ອ່ານທີ່ບໍ່ແມ່ນການ,1
ພັດທະນາຕໍ່ໄປ ຍັງພົບຂໍ້ພົກພ້ອງຫຼາຍ,1
ລະບົບເຂົ້າບໍ່ໄດ້ຕະຫຼອດປານນັ້ນຕັດເງີນທຸກເດືອນ,0
ວ່ອງໄວ,1
ນາສາ,1
ລົງທະບຽນເບີໂທລະສັບ,1
ອານຸຍາກໃຫ້ໃຊ້ວ໌ອດແອັດແປລາວ,1
ການໂອນເງີນອອກຄວນໃຫ້ມີການຂຽນລາຍລະອຽດເດເດີ,0
ອັບເດດແລ້ວແຕ່ສົ່ງຂໍ້ຄວາມລົງເຟສບຸກບໍ່ໄດ້ຄວນແກ້ໄຂໃຫ້ແດ່,0
ດີຢຽ້ມ,1
ຈຮ່,1
ສຸດຍອດນະວັດຕະກໍາທາງການເງິນ,1
ຫີແມ່ເຈົ້່າ,1
ດີຂະຫນາດ,1
ໃວ້ເຍີ່ວຜ່ອນຄາຍແກ້ເຫງົາ,1
ແອັບກາກເກີນ ປັບປຸງແດ່ເດີ ມັນໃຊ້ບໍໄດ້ ມີຕາກະເບີ່ງແດ່ ຍ່າໂງ່ຫລາຍ,0
ມີປະໂຫຍດດີ,1
ເປັນການດີໃນດ້ານຂໍ້ມູນຂ່າວສານ.,1
ເສຍແຕ່ເພລງໄທໃນເຟສບໍ່ມີ,1
ໂທອອກໄປຫາເພືອນບໍ່ໄດ້ຍິນສຽງ,0
ເຄີຍຖືກຢູໃດ,1
ສຸດໃຈເລີຍຫລີ້ນຫຍັງກະໄດ້ສັນຍານກະດີບໍ່ວ່າຈຸດໃດກະໄດ້ຫມົດສຸດໃຈເລີຍ,1
ໃຊ້ດີຈີງໆມັກມີຂ່າວພ້ອມ,1
ແກ້ໄຂ້ເຟດແດ່ຍາມໃດກະຫມົດອາຍຸຕະຫລອດ,0
ດາວນິຂໍເປັນວ່າບໍ່ໃຫ້ເດີ້ເພາະວ່າຫລີ້ນຫຍັງບໍ່ໃດ້ເລີຍ ຊ່ວຍແກ້ໄຂໃຫ້ແນເດີ້ຫາກະເປັນມື້ນິແລະ,0
ໄມ້ເຄີຍມີປະສົບການເລີຍ,1
ລົດສະອາດຄົນຂັບໃຈດີ,1
ນຍ້,1
ອັບເດດກະບໍໄດ,0
ui ຂອງ app ອອກແບບງາມຫລາຍ ເບີ່ງແລ້ວ ສະບາຍຕາດີ ລົບກວນສອບຖາມແນ່ຈ້າວ font ລາວ ທີ່ໃຊ້ ຟ້ອນຫຍັງນໍ,1
ແອັບນີ້ຫລາຍ,1
ຫ່ວຍແຕກສິເຂົ້າຊື້ເລກມີແຕ່ລະບົບບໍ່ຕອບສະຫນອງ,0
ຫາກະອັບເດດທິດລັງຫະທິດນີ້ອັບອີກລະເກີນໄປບໍ້ຫົວຫນ້າ,0
ແອັບຢູ່ດີກະໄຊ້ບໍ່ໄດ້,0
o.j.m. ມີທຸກມີສຸກ ເປັນເລື່ອງທໍາມະດາ o.h.g. ມີຄົນອິດສານິນທາ ເປັນເລື່ອງປົກກະຕິ ວາງແລະໃຫ້ອະໄພໄດ້ ນັ້ນແລະເປັນຄົນບໍ່ທໍາມະດາ,1
ຕັ້ງຮູບບໍ່ໄດ້ແລ້ວຂໍເດ່,0
ດີຫລາຍມີລາກຫລາຍໃຫ້ເລືອກສະດວກສະບາຍ,1
ເຮັດຍາກໂພດເສີ້ດອາຫານຢາກກິນກະຍາກ,0
ແອັບໄຊ້ດີ ແຕ່ບາງເທື່ອໂຫຼດຊ້າ ຢາກໄຫ້ປັບປຸງເລື່ອງຄວາມໄວໄຫ້ນ່ອຍ,1
ໃຫ້1ດາວກ່ອນ,0
ສັນ,1
ບໍ່ເຄີຍດາຕາຊວງນີ້ມັນເປັນຫຍັງ,0
ວີທີ່ການຫຼີ້ນບໍ່ດີຄືເກົ່າອັດແດດບໍ່ດີເລີຍສີທີ່ຊສ ວນຫມູ່ກະຢາດເຮັດໃຫ້ເຮົາບໍ່ຮູ້ສືກດີແລະງ່າຍຄືແຕ່ກ່ອນຖ້າຫຍັງບໍ່ປ່ຽນວີທີນີ່ຈະເຮັດໃຫ້ຄົນນໍາໃຊ້ແອບນ້ອຍລົງແນ່ນອນ,0
ດີທີສຸດແລ້ວໄຫ້ຂ້ອຍແຊັດນໍາສາວໄດ້ອີກ,1
ເຂົ້າແອັບບໍ່ໃດ້ ຂອງລາງວັນກະບໍ່ເຄີຍໃດ້ ໃດ້ແຕ່20mbຍາມໃດກະດາຍ ເຊົາໆຄັນແຈກແບບນີ້,0
fcຈາກແອບນິເປັນແອບທີສວຍເຫຼືອຄົນທີມີບັດເຕີມເງິນ ລິນເກມສັນເພືອເອົາເນັດຟີຣໄປລິນເກມ,1
ດີສຸດໆທ,1
ງົງກັບເຟດບຸກດຽວນີ້ຫລີ້ນຍາກ,0
ດີຂື້ນເບິ່ງຫຍັງກະສະບາຍ,1
ສະແກນຄິວອາໂຄດບໍ່ໄດ້,0
ແກ້ໄຂແດ່,0
ໃບມາ,1
ດີຫຼາຍສະມັກໃຊ້ງານງ່າຍ,1
ຂໍໄຫໄດ,1
ໄອ ຕົວເລັກ,1
ແອບກາກເຂົ້າແອບແລ້ວໃສ່ເບີລະຂື້ນວ່າ1idລີເຊັດບໍ່ໄດ້ລົງທະບຽນເບີມື້ອື່ນກະຖືກຕັດ,0
ຫູຂີ້,0
ແດງວງພະຈັນ,1
ກຸ້ຄືນທັງຫມົດ,1
ໂທສັບຂ້ອຍ opp a94 ອັບເດດແລ້ວ ໃຊ້ບໍ່ໄດ້ ພະນັກງານວ່າ ໂທສັບລຸ້ນເກົ່າ ບໍ່ຮອງຮັບ ບໍ່ໂອເຄເລີຍ ສໍາລັຍຂ້ອຍ,0
ຜົມມຸນໄມເຄແຫຼ່ງເງິນໂດຍ,1
ຍາ່ໂລດເດີເຮັດຍັງບໍ່ໄດ້,0
ມີແຟນແລ້ວຜູ້ຍິງທັກໄດ້ຜູ້ຊາຍຄົນອື່ນຫ້າມທັກ ທັກໄດ້ແຕ່ສະເພາະເພື່ອນຍິງແລະແຟນຕົວເອງ,1
ເຂົ້າຊ້າ,0
ຄືໂພສຮູບບໍ່ໄດ້ ງົງແຮງ,0
ເອີ້ນລົດຍາກ,0
ດຽວນີ້ຄືເຂົ້າໄປລົງທະບຽນຜ່ານແອັບບໍ່ໄດ້ ມີແຕ່ຖາມອຸນນະifeelຫັ້ນລະແລ້ວ3ແກັບກະບໍ່ມີເຂົ້າບໍ່ໄດ້ ຖ້າລົງເອງຜ່ານແອັບບໍ່ໄດ້ບໍ່ຄວນຈະໃຫ້ມີການໂຫຼດການອັບເດດແອັບ,0
ມັນດີແທ້,1
ໂຄດຊ້າ ບາງທີກະຕື່ມບໍ່ໄດ້,0
ຂາຍດີ,1
ລ່ນປະຈໍາ,1
ຟັງເພັງໄທຍ,1
ຕັງແອບ,1
ເຂົາແອັບບໍ່ໄດ້ໂດຍບໍ່ຮູ້ສາເຫດ,0
"ຂື້ຜ່ານແອັບຍັງບໍ່ໄດ້, ຈັກຊິໂຫລດມາເຮັດຫຍັງ",0
ບັງຄັບໃຫ້ສະຫມັກລະແອບໃຊ້ງານບໍ່ໄດ້ນະ ສິໃຫ້ສະຫມັກເຮັດຫຍັງ ເຊີນພັດທະນາແອບໃຫ້ມັນດີໆກ່ອນຄ່ອຍມາສະເຫນີຫນ້າ ຄືສີເອົາຫຍັງບໍ່ໄດ້ດອກເນາະປະເທດລາວບໍ່ຄືປະເທດເຂົາ,0
ທີ່ມີການສ້າງເຂື່ອນ,1
ຖາຍັງບໍ່ປັບໃຫມ່ ສົງໃສຊິໄດ້ປ່ຽນຄ້າຍ,0
we are deaf and dumb we are born naturally ເຮົາ ແມ່ນ ຄົນ ຫູ ນວກ ຫູ ບໍ່ ໄດ້ ຍິນ ດີ ເຮົາ ແມ່ນ ຄົນ ເກີດທໍາມະຊາດ ອີກ 9ເດືອນເຮົາຈະປົ່ວດີໃຫ້ ຄື ລາຄາຄົນລະອັນ ມີດັ່ງລຸ່ນນີ້ hiv 4 ແສນ ບາດ ຄົນຕິດກັນ 2 ລ້ານບາດ ຄົນຫາຍ 1 ລ້ານບາດ ໄຂ້ຍຸງລາຍ 5ແສນບາດ ກິນຢາບ້າ 1 ແສນບາດ ຄົນບໍ່ມີແຂນ ຫຼື ຂາ 8 ແສນ ດໍາ ເຮັດ ຂາວງາມ 2 ແສນບາດ ບໍ່ມີຕາໃຊ້ 6 ລ້ານບາດ ຟິກແອບ 8 ແສນບາດ,0
ອັບເດດມາຍີ່ງກາກ ປັບປຸງດ້ວຍ,0
ໂລດມາກະບໍເຫັນສິມີແຟນນໍາເຂົາຈັກເທຶອ,0
ຄົນໂສດ,1
ເຂົ້າກະຍາກ ລະບົບເລີ່ມກາກ,0
ສະດວກແລະ ສະບາຍ ໃນການກວດເຊັກເຄື່ອງ,1
ດີແລ້ວຈຮາພັດທະນາຂື້ນອີກເລື້ອຍໆ,1
ພາບລວມແລ້ວກະໃຊ້ດີຢູ່ເຖີ່ງວ່າຈະຊ້າສະເພາະບາງເທື່ອ ແອບດີໆຄວນມີ,1
ດີຫຼາຍເດີ,1
ເປັນຫຍັງຄືສັ່ງຢຸດຕະຫຼອດ ທັ້ງທີ່ມືຖືກະບໍ່ໄດ້ມີປັນຫາຫຍັງ ມືຖືຂ້ອຍກະບໍ່ໄດ້ສະເປັກຕ່ໍາຖຶງຂະຫນາດໃຊ້ແອບບໍ່ໄດ້ ຄວມຈໍາກະຍັງຕັ້ງ 5gb ram 4gb ຄືຕ້ອງໄດ້ອັບຕິດຕັ້ງໃຫມ່ຕະຫຼອດ ເພຍ!,0
ໃຊ້ງານສະດວກງາ່ຍ,1
ດີລິນງາຍໆ,1
ພໍມືງເຂົາແອບບໍໄດ,0
ອັບເດດມາແນວໃດກາກລົງ,0
ດຽງນີ້ຂອງຂ້ອຍມັນສະແກນບໍ່ໄດ້ ປັບປຸງແນ່ເດີ້,0
ດີທີ່ສຸດgood,1
ແອບພີປອບເພາະໂພດບໍ່ໄດ້ແອບກະຈອກເດີພີນ້ອງເອີຍ,0
ແຊັດອອກໂຕດຍາກອັບເດດຕະຫລອດ,0
ຕັ້ງບໍໄດ້,0
ເວີຊັ້ນໃຫມ່ ເຊີນເພື່ອນສໍາເລັດແຕ່ບໍ່ໃຫ້ຫຼີ້ນຕໍ່,0
ແອັບນິ້ດີຫລາຍ,1
ຍາມັກປິດກັນຂ້ອຍຫຼາຍ,1
ຮູ້ວ່າລົງທະບຽນໃນແອັບນີ້ບໍໄດ້ກະຍັງບອກໃຫ້ລົງຍູ່ ຕົວະໃຫ້ໂຫລດແອັບນີ້ເສີຍເນັດຊື່ໆ,0
ໃຊ້ງ່າຍສະບ່າຍ,1
ຢາກແຈ້ງຫຍັງກາແຈ້ງ,0
ການໃຊ້ຖືວ່າງ່າຍເລີຍ ແຕ່ຢາກໃຫ້ ແຜນທີ່ເປັນແບບ ດາວທຽມ ອາດຈະເບິ່ງງ່າຍຂຶ້ນຕື່ມ,1
ການເຄືອນໄຫວວຽກງານທີຜິດພາດເປັນບົດຮຽນທີ່ລໍ້າຄ່າທີເຮົາສາມາດປ່ຽນແປງໄດ້ວ,1
ເຮັດມາເພື່ອຫຍັງເຮັດມາກະໄຊ້ບໍ່ໄດ້ ແອບສົ້ນຕີນຫຍັງວາແນ້ວນີ້,0
ມັນບໍມີເມນູສັງເລີຍເປືອງເນັດກັນໂຫລດຫລ້າໆແອບນີ້ຜິດຫວັງຫລາຍ,0
ເຂົ້າລະບົບບໍ່ໄດ້ເລຍໂດຍບັນຊີ່ກໍ່ມີຢູ່ແດ່ໂດນຍົກເລີດຫຍັງໂດນເຄືອ່ງຄ້າຍບາງກຸມກີ້ດກັນບໍ່ໃຫ້ເຂົ້າໃຊ້ງານ,0
ດີຫູາຍ,1
ນ້ໍາໃຊ້ງ່າຍ,1
ແອັບສຸດຍອດ,1
ແອບເວັນນີຢາໄປໂລດເດີໃຜໂລດແມ່ນກີນຍ້າບໍໄດກີນເຂົ້າເດີ,0
ມັກເບິ່ງ,1
ມັກຫລິນ,1
ບໍ່ຄ່ອຍດີເລີຍ ເວລາຫມູ່ອອນເຟສກະບໍ່ຂຶ້ນປຮັບປຸງໃຫມ່ເດີ ຄືບໍ່ແກ້ໄຂ້ໃຫມ່ແດ່ຍາກໄດ້ແບບເກົ່າກະມາ,0
ມັກໃຊ້ສະດວກດີ,1
ສະບາຍດີເພື່ອນໆເຝສທຸກຄົນ ຍາມນີ້ແມ່ນລະດູຫນາວແລ້ວເດີຮັກສາສຸຂະໂຕເອງແນ່ເດີ,1
ສາ ບາຍ ດີ ນະ,1
ເຫ້ນໃຈສິນີ້,1
ເຂົ້າເກມແລ້ວເດັ້ງອອກເຂົ້າຫລາຍເທື່ອກະເດັ້ງ,0
ໃຫ້5ດາວໄປເລີຍ,1
ໃຊ້ແລ້ວດີທຸກແນວ,1
ດີທີສຸດ ດີຕໍ່ຄ້າຂາຍ,1
ຕິງຕັງແອັບນີ້,1
ລີ້ນ ໄດ້ເງີນ,1
ມາສີຄົນ,1
ບອງໄວ,1
ສຸກັນ,1
ທໍານ່າເຮັດໄຮ,1
ກິດີ,1
ວຽງຈັນບົວໄວັນ 58405475,1
ຕ້ອງການເກມນີ້ດາວໂລດດຽວນີ້ເດີ,1
ຂໍແຟນງາມໆແດ່,1
ສົມຫັວງ ຮອງພະຈັນ,1
ພິເສດ,1
ລວດເລວ,1
ເວລາຈ່ະໂອນເງີນກົດລະຫັດໃສ່ລະມັນເດັ້ງອອກປັບປຸງແນ່ເດີ້,0
ອາຍຽບ,1
"ກ່ຽວກັບການຖອນເງີນອອກຈາກຕູ້ atm ຢາກໃຫ້ທາງທະນາຄານຄວນມີການປັບປຸງແກ້ໄຂແນ່ໄດ້ບໍ,ຈາກ1ເດືອນກົດໄດ້ແຕ່4ເທື່ອ,ປັບປຸງເປັນ1ເດືອນກົດໄດ້ທຸກມື້ສິໄດ້ບໍ. ຖ້າຍັງເປັນແບບນີ້ຕໍ່ໄປມັນແຮງສົ່ງຜົນກະທົບໃຫ້ຄົນທີ່ເຂົາມີວຽກຈໍາເປັນແລະຄັ່ນທາງທະນາຄານຍັງບໍ່ມີແກ້ໄຂຫຍັງອີກ,ຕໍ່ໄປຄວາມເຊື່ອຫມັ້ນຄືສິບໍ່ມີອິກແລ້ວ",0
ໃຊ້ແລ້ວດີໃຜບໍ່ເຄີຍໃຊ້ແອັບນີຂໍໃຫ້ລອງໃຊ້ໄດ້ເລີຍຕອບໂຈດໄດ້ດີ,1
ກໍດີຢູ່ນ່ະ,1
ດີຫຼາຍໃຫ້ເລີຍ5,1
ກັນ5ດາວແລ້ວ,1
ໃຊ່ງາມໄດ້ດີລາຍ,1
ຫມຸນອີ່ຫຍັງກະບໍ່ເຄີຍໄດ້,0
ມັກໃຊ້ແອບນີ້ຫລາຍ,1
ເຫັນດີດ້ວຍ,1
ນາງແສງມະນຶ,1
ເບ ບີ,1
ຊົມເຊີຍຈຮາເກັ່ງຫລາຍ,1
ສຽງດັງຟັງຊັດ,1
ເປີດລາຍການໃຫ້ເດ,1
ໃຫ້5ດາວເພາະວ່າໄດ້ຫຼັບເງິນເນັດທຸກມື້,1
ເຮັດໃຫ້ເຮົາສື່ສາໄດ້ງ່າຍຂື້ນ,1
ຊ່ວຍບັນເທົາໃນຍາມຂາດເຂີນເງິນເຕີມບັດ ສຸດຍອດເລີຍແອປນີ້!,1
ເຮືອນ,1
ເປັນຫຍັງດງວນີ້ຄືຕິດຕັ້ງບໍ່ໄດ້ຄືແຕ່ກ່ອນ,0
ປ ຜຕຄໍ້,1
ແອັບປັນຍາອ່ອນກົດເຂົ້າກະບໍ່ໄດ້ຕັ້ງແຕ່ອັບເດດ,0
ດີກລາຍເດີ້ແອັບໂຕນິນະແຊດີກລາຍເດີ້ແອັບໂຕນິນະແຊໄກໂລດດີໆໂລດດີໆດີກລາຍເດີ້ແອັບໂຕນິນະແຊດີກລາຍເດີ້ແອັບໂຕນິນະແຊໄກໂລດດີໆໂລດດີໆດີກລາຍເດີ້ແອັບໂຕນິນະແຊດີກລາຍເດີ້ແອັບໂຕນິນະແຊໄກໂລດດີໆໂລດດີໆດີກລາຍເດີ້ແອັບໂຕນິນະແຊດີກລາຍເດີ້ແອັບໂຕນິນະແຊໄກໂລດດີໆໂລດດີໆດີກລາຍເດີ້ແອັບໂຕນິນະແຊດີກລາຍເດີ້ແອັບໂຕນິນະແຊໄກໂລດດີໆໂລດດີໆດີກລາຍເດີ້ແອັບໂຕນິນະແຊດີກລາຍເດີ້ແອັບໂຕນິນະແຊໄກໂລດດີໆໂລດດີໆດີກລາຍເດີ້ແອັບໂຕນິນະແຊດີກລາຍເດີ້ແອັບໂຕນິນະແຊໄກໂລດດີໆໂລດດີໆດີກລາຍເດີ້ແອັບໂຕນິນະແຊດີກລາຍເດີ້ແອັບໂຕນິນະແຊໄກໂລດດີໆໂລດດີໆໆດີກລາຍເດີ້ແອັບໂຕນິນະແຊດີກລາຍເດີ້ແອັ,1
ກໍາລັງຈະເຂົ້າລະບົບກະເດັ້ງອອກລະ,0
ແອັບພັດທະນາໄດ້ແຕ່ຊ້ໍານີ້ບໍ?,0
ເພີມໃຫ້ເປັນ5gແດ່ເດີເນັດຈະໃວກວານີ,0
ໂນ້,1
ສ້າງລາຍໄດ້,1
ຍອດວິວຕໍ່າ ບໍ່ຄ່ອຍຂື້ນຟິດ ຟິດແນ່,1
ເປັນຫຍັງບໍ່ມີການແຈ້ງເຕືອນເວລາມີຂໍ້ຄວາມເຂົ້າ!,0
ລົງທະບຽນຍາກໆ ແກ້ໄຂໃຫ້ແດ່ເຈົ້າ,0
ດາວໂຫລດຍາກແທ້ເດ,0
ເຫັນໂລກກວ້າງ,1
ນາງບົວລີ ນັນທະລັງສີ,1
ຂນຍຶໂສວມວວ,1
ດີແລ້ວສໍາລັບເມນູຕ່າງໆ ແຕ່ເສຍດາຍຍັງໃຊ້ຊໍາລະຄ່ານໍາ້ ແລະ ຄ່າໄຟບໍ່ທັນໄດ້ເທື່ອ! ຢາກໃຫ້ເລັ່ງປັບປຸງໃຫ້ໄດ້ນໍາໃຊ້ດວ່ນແດ່! ຂໍຂອບໃຈ!,1
ດີຫລາຍໄດ້ຈິງ,1
ເຈດີ ເຈດີ,1
ຫມຸນຖືກກະບໍໄດ້ເຮັດຫຍັງຂຶງສູລະ,0
ອັບເດດແລ້ວເບີ່ງບໍ່ເຫັນຫຍັງເລີຍ,0
ຂໍໃຫ້ຖືກແນ່ແອັບເຈ້າໄຊ້ໃດ້ດີຫລາຍ,1
ໂປຼໂມຊັ້ນຫລາຍ ມີການເຫລັ້ນຫລາຍຮູບແບບ ແລະໄດ້ຮັບດ່າຕ້າເນັດ ພ້ອມ .ສັນຍານຄັກຫລາຍ,1
ສອບແອັບນີຫມາກ,1
ເຈົ້າຟ້າງຸ້ມຫລ້າທໍລະນີ,1
ສະບາຍດີ ຂ່ານ້ອຍພູມໃຈທີ່ໃດ້ຮັບການສະຫນັບສະຫນູນຈາກສູນunetilແລະທ່ານທີ່ໃດ້ມອບຄວາມສະດວກຕໍ່ການຮັບບໍລິການຈາກທ່ານແຕ່ຂ່ານ້ອຍຢາດຊັບລາຍອະອຽດເພີ່ນເຕີນກ່ຽວກັບການລົງທະບຽນເພາະວ່າມີຫຼາຍຄົນທີ່ຮັບບໍລິການຈາກທ່ານຍັງຄ້າງຄາຕໍ່ການລົທະບຽນນີ້ສະເພາະໃນຄອບຄົວຂອງຂ່ານ້ອຍແມ່ນມີເຖີ່ງ5 6ບັນຊີທີ່ຍັງບໍ່ລົງທະບຽນແບບໃຫມ່ທີ່ສູນໃດ້ແນະນໍາແລະລວມອີກຊູມຊົນທີ່ມານໍາສະເຫນີໃຫ້ຂ່ານ້ອຍອະທິບາຍເຖີ່ງສ່ວນທີ່ກ່າວມາຂ້າງເທີງນີ້.ທ່ານຄົງຊາບດີເຖີ່ງປະຊາຊົນຂອງທ່ານທີ່ຍັງຂາດຄວາມຮູ້ບໍ່ທົ່ວເຖີ່ງກັນດັ່ງນັ້ນຈື່ງຢາກຊາບວ່າຈະມີວິທີທີ່ລົງທະບຽນຈາກບ້ານໃດ້ບໍ?ຂໍຂອບໃຈສະບາຍດີ.,1
ການສຶກສາ,1
ຂອ້ຍເປັນຜູ້ໃຊ້ສິດເຟດນີ້ຜູ້ດງ່ວ,1
ລະບົບດີຫຼາຍ,1
ຕິດຕາມກັບແນ່,1
ມີຄຸນນະພາບ,1
ບໍ່ວ່າແຕ່ແອບ ສັນຍານຍັງໂຄດກາກກກ ບໍ່ທົ່ວເຖິງ,0
ດີລາຍໆ,1
ຖ້າບໍ່ມີເຟັດນີ້ກໍ້ຈະບໍ່ເຫັນໃດ້ທົ່ວໂລ້ກເລີຍ,1
ລົງທະບຽນເປັນ10ເທື່ອກະບໍ່ໄດ້,0
ເປັນຄວາມພູມໃຈ,1
ໃຊ້ດີຫລາຍ.ຂໍໃຫ້ພັດທະນາຕໍ່ໄປເດີ້,1
ຜ່ານມາມີຂີດຈໍາກັດ,1
ດີມາກໆເລີຍເດີ່ມັກຫລາຍ,1
ຂອ້ຍເປັນຄົນທໍາມະດາ,1
ແອັບບໍສົມບູນກະຍັງເອົາມານໍາໃຊ້ເນາະພອກຫ່າສູ້ຕັ້ງລົງທະບຽນກະບໍໄດ້,0
ເຂົ້າສູລະບົບບໍ່ໄດ້ໃສເບິແລ້ວບໍ່ສົງລະຫັດມາຈັກແນວໃດເດທໍ້ເລີຍ,0
ເອັບໂຄດເຫີ້ຍເຂົ້າລະເດັ້ງອອກຕະຫອຼດ,0
ດີມີຄຸນນະພາບ,1
ກາກລົງກິນພື້ນທີຫຼາຍຂື້ນ,0
ນັກສະແດງ,1
ມ່ວນດີ,1
ສະດວກສະບາຍຈະ ດີສຸດ,1
ແອັບຫ່ວຍແຕກແຊັດຫາສາວບໍ່ເຫັນຊິຕອບ ແກ້ໄຂແດ່ເດີ,0
ແອບໂຄດກາກ ກະລຸນາປ່ຽນໃຫມ່ເດີ,0
ມີ0ດາວໃຫ້0ດາສ,0
ສະດວກໃນການຊົມໃຊ້,1
ໃຊໃດ້ດີຫລາຍ,1
ຕພພາດ,1
ຂ້ອຍມັກຫລິ້ນເຟດບຸກຫລາຍທີ່ສຸດ,1
ສົ່ງໄວ້ຖືກໃຈທັນໃຈ,1
ແອບ unitel ເກົ່າດີຢູ່ແລ້ວ ຍ້າຍມາ laoapp ເຂົ້າຍາກສັບສົນຊ້າກວ່າເດີມ,0
ອັບເດດຍາກ.ສະລັບບັນຊີຍາກ,0
ບໍ່ມີປະສົບການ,1
ກະດິ່ງແມວ,1
ລົງທະບຽນກະບໍໄດ້ໄສເລກເບີຫຍຫຍັງກະບໍ່ຖຶກ1ກະບໍ່ຖຶກ2ກະບໍ່ຖຶກ3ກະບໍ່ຖຶກ4ກະບໍ່ຖຶກ5ກະບໍ່ຖຶກ6ກະບໍ່ຖຶກ7890ກະບໍ່ຖຶກ ແກ້ໄຂໃຫມ່ແດ່ເດີ,0
ຮູ້ທັນໂລກ,1
ໃຫ້ຫມຸນຮອດສີບເທື່ອຫາກບໍ່ໄດ່ຫຍັງ ຄັນບໍ່ໃຫ້ເນັດກະຕິດສາແອັບນ່ະ ມັນເສຍອເວລາ,0
ໂອເຄຍູ,1
ເປັນຫຍັງໂຫລດມາແລ້ວຄືເຂົ້າແອບບໍ່ໄດ້ແກ້ໄຂແນວໃດບອກແດ່,0
ໃຜຢາກຕຸ້ຍລະໂຫລດໂລດ,1
ໃຊ້ຄັກແລະມີບາງເທື່ອໂຫຼດຊ້າຫຼືບໍ່ໄດ້ຊໍ້າ,1
ແອັບມັກເກີດປັນຫາເຂົ້າແອັບບໍໃດມັນບໍສາເຂົ້າຫນ້າເຂົ້າສູ້ລະບົບບໍໃດຢາກໃຫ້ແກ້ໄຂ້,0
ຂອບໃຈ ເດີ,1
ແອັບສົ້ນຕີນຄວາຍກ່ອນນີ້ບໍ່ມີແລ້ວ,0
ຫຼິ້ນຍາກ ຟັງເພງຮ່ວມກັນ ກະບໍ່ໄດ້,0
ກາກແຮງລົງທະບຽນກະບໍ່ໄດ້,0
ຕີດຕັງຄຶນ,1
ໄປຕາຍສະສ້າງແອັບລະເຂົ້າບໍ່ໄດ້ນະຢ່າສ້າງຈັກເພື່ອ,0
ຕັ້ງແຕ່connect ກັບໂຊກໄຊນິ 7ໂມງເທື່ອໃດ ໂອນເງິນຍາກເນາະ ແນວໃດ ຢ້ານປະມວນລະບົບເລກບໍ່ທັນຫວາ ຫນ່າຍເດະ,0
ຢາກຫຼີ້ນແອັບນີ,1
ປ່ຽນເບີ,1
ຂໍໃຫ້ຫຼື້ນໄປນານນານເດີ,1
ກະດີເດີ ແອປລາວ,1
ພະໃຈ,1
ສະຫມັກບໍໄດ້ ຖ້າຍຮູບຍັ້ງຢືນເອກະສານບໍໄດ້,0
ແອັບກາກໆນີ້ບໍຫມຸນວົງລໍ້ໄດ້ໂປໂມຊັ່ນຈົນ21.000 ແຕ່ເຮັດຫຍັງບໍ່ໄດ້ເພາະເປັນເບີເນັດໂທກະບໍ່ໄດ້ຫນ້າຈະໄຊ້ເງິນໂປໂມຊັ່ນສະມັກຫລືປ່ຽນເປັນດາຕ້າໄດ້,0
ສຸດຍອດ wow veracode,1
ຫນູນວົງລໍ10ເທື່ອໄດ້ແຕ່ຟັງເພງກັບອັບເດດສະຖານະ ເປັນແບບນີ້2ອາທິດແລ້ວ ແກ້ດ່ວນເດີ,0
ຮູ້ສີ່ງທີ່ບໍ່ຄວນຮູ້ ມີປະໂຫຍດ,1
ໃຊ້ງ່າຍດີຫລາຍ,1
ການສື່ສານທີ່ມີຄຸນນະພາບ,1
ຈີນ,1
ຂອ້ຍlove you,1
ດີຫາຍຼາຍຢູ່,1
ແອັບໂງ່ໆ,0
"ຊັອບ,ຄົບ,ຈົບ ໃນແອັບດຽວ",1
ແອັບງາມດີແຕ່ຢາກໃຫ້ປັບປຸງຢາກໃຫ້ມີການຖອນເງິນໂດຍບໍ່ໃຊ້ບັດເພາະວ່າຫາແລ້ວບໍ່ເຫັນ,1
ເຂົ້າເບີ່ງບີນຄືບໍ່ໄດ້ ລະຫັດ31677826,0
ຄິດວ່າສິພັດທະນາແອັບແຮງແຢກວ່າເກົາບອນຄົ້ນຫາເພືອນບໍ່ມີ,0
ໂຄດດີໆໆ,1
ສຸດຍອດຫຼາຍຫມຸນໄດ້10ຄັ້ງສະບາຍ,1
ຮັກແຟນ ເຫມີຍ,1
ດີຫຼາຍໃຊ້ງ່າຍແລະສະບາຍ,1
ໃຊ້ບັດພາດປອດແລ້ວບັດປະຈໍາໂຕແລ້ວກໍບໍ່ໄດ້ເລ້ວຈະໃຊ້ຫາສົ້ນຕີນຫຍັງລອງຊື້ເບີ້ໃຫມ່ກໍບໍ່ໄດ້ຂໍຖາມບໍອັບເດດຢັງດີກ່ອນນີ້ຊໍາ້,0
ດີຫ່າຼຍມັກອີລີ,1
ໃຊ້ດີແຮງ,1
ຄົ້ນຄິດດີ,1
ກາກສະຫມັກເຂົ້າແອບກະບໍ່ໄດ້,0
ທຮໄກໍາ,1
yamazieo ໃຜຈີບເຈົ້າ ຂໍໃຫ້ແຄ້ນເຂົ້າຕາຍ,1
ລ ໃສມາຝຝ,1
ເຮັດຫຍັງກາບໍ່ໄດ້,0
ທະນາຄານໃນມືຖືຊ່ວຍໃຫ້ສະດວກສະບາຍ,1
ດີຄັນ,1
ໃຊ້ງາຍສະບາຍ,1
ຈັນແ,1
ດາວໂຫລດໄດ້ຍາກ,0
ດີໆພັດທະນາໄປເລືອຍໆ,1
ຕ້ອງການຄວາມຊ່ວຍເຫລື່ອຢາກຕິດຕັ້ງmessengerອີກຄັ້ງຈາກສູນunitel,1
ອາຫານຊື້ດ້ວຍຕົນເອງ ສົມທຽບກັບອາຫານຟູດແພນດ້າສົ່ງ ແມ່ນຫນ້ອຍກວ່າ ໄປຊື້ດ້ວຍຕົນເອງໄດ້ກິນຫຼາຍ ສັ່ງຟູດແພນດ້າປະລິມານຫນ້ອຍ,0
ເຄີຍເຮັດວຽກຢູ່ບໍ່ເຕ່ນໄດ້ເງືນຍາກ,1
ດີດີເ,1
ໄຊ້ງ່າຍດີວ່ອງໄວທັນໃຈ,1
ຍາກໂຫລດບໍ່ໄດ້,0
ເຂົ້າກະໂຄດສາກາກເກີນ,0
ເຫມາະກັບການນໍາໄຊ້,1
ເປັນຍັງຄືບໍມີມູນວົງລໍແລ້ວ,0
ຢອດຢຽມມາກເລີຍ,1
ກໍ້ໂອເຄນະ,1
ຮັກແລ້ວຕ້ອງດູແລ,1
ໂຄດກາກ,0
ສີຫງໍາ,1
ເຮ້ຍມາກ,1
ບໍລິການທີ່ດີຢຽ້ມ,1
ແອັດ,1
ອັບເດດແລ້ວເປັນແບ້ຫຫຍັງຄືເຂົ້າຫລີ້ນບໍ່ໄດ້,0
ມັນຄືບໍ່ສົ່ງລະຫັດມາຊິລົງທະບຽນຈັງໃດ,0
ເຂົ້າແອບພັດເດັ່ງອອກ,0
ເພື່ອຫຍັງແອັບໂຄດກາກບໍ່ຜັດທະນາຫຍັງເລີຍບໍ່ຜ່ານບໍ່ໂອເຄປັບປຸງໃຫມ່ແນ່ເດີ,0
ຊື້ແພັກເກັດແລ້ວ ຕັດເງິນແລ້ວ ເສືອກບໍ່ເອົາເນັດໃຫ້ກູ ສາສສ ຫ່າຂົ້ວມຶງ,0
ທ້າວໃຈ່,1
ຢາກຮູ້ວິທີໂອນທະນາຄານມາ u money,1
ຄວມຊົງຈໍາດີໆ,1
ເຄື່ອງໃຊ້ຫ້ອງການໃຫ້,1
ສະດວກທີ່ສຸດໃນການຊໍາລະຕ່າງໆ,1
ສົມຫມາຍສຸວັນໄຊເຄີຍທໍາງານທີວງງຈັນ,1
ບໍມີພື້ນທີຈະເກັບ,1
ໄດ້ຮັບດາຕ້າຄູນ2ຄັກຫລາຍ,1
ດີ ໄດ້ເນັດຟີ,1
ເຂົ້າແລ້ວມັນບອກວ່າbceloneຢຸດທໍາງານແລ້ວ ແກ້ໄຂໃຫ້ແນ່ເດີ້,0
ໃຊ້ດິຢູ່ແຕ່ຢາກໃຫ້ພັດທະນາດິຂຶ້ນກວ່າເກົ່າອີກ,1
ນໍາໃຊ້ເຟສນີ້,1
ຂໍສວຍເດ່,1
ມີຜົນປະໂຫຍດດີ,1
ກະຫລາຍຂໍຊົມເຊີຍ,1
ສາວຈັນ,1
ໂອຈ່າວ,1
ຈັ່ງແມ່ນຊາດ ນີ້ນະວ່າທັນສະໄຫມ ເຮັດໄຫ້ຍາກກ່ອນເກົ່າອີກ ປັບປຸງດ່ວນນ,0
ເລື່ອນໄປເລື່ອນມາເຫັນແຕ່ໂຕເກົ່າ,0
ຄອບໄຈ.ທີໃຊ້ແອັບຜ່ານມາ,1
ແອັບປັນຍາອ່ອນແຕ່ກ່ອນໄດ້100mbຕອນນີ້ໄດ້ແຕ່50mbຄັນຊິເຮັດແນວນີ້ບໍ່ຕ້ອງສາແອັບແນວນີ້ປານນັ້ວ່ານໍາຟຣີແຕ່ອັບເດດມານີ່ເບິ່ງຍັງກະບໍ່ໄດ້ສໍາ,0
ຫລີ້ນສະບາຍ,1
ແອບດີມີສາລະ,1
ມັກຫຼີ້ນ,1
ມັດຫຼາຍ,1
ໂຄດພໍ່ໂຄດແມ່ສູ ບອກໃຫ້ລົງທະບຽນ ບາດໂຫຼດມາໃຊ້ລະແອັບເດັ້ງ ພວກສົ້ນຕີນ,0
ທາ້ວຈິໍງ,1
ເຜດ,1
ສົມໃຈຫລາຍທີສຸດ,1
ທະນາຄານມືຖືສະດວກງາ່ຍ,1
ເຜົດ,1
ດີພໍໃຊ້ແລະຕິດຕໍໄດ້ໄວ,1
ດີ້ດີ,1
ໄວ້ທັນໃຈດີ,1
ດີມາດໆ,1
ແອັບຢຸດເຮັດວຽກແກ່ໄຂໃຫ້ແນ່ດ່ວນ,0
ເຕີມບັດຜ່ານແອັປບໍ່ໄດ້ ໃຜຮູ້ບອກແນ່,0
ເສ້ຍ.ວອນ,1
ຮັກບອນທີ່ສຸດ,1
ຂໍແກ້ໃຂໃຫ້ແດ,1
ສຸດຄຸມ,1
ບໍ່ໄດ້ເລື່ອງເດີ້ ອັບເດດມາລະເປັນແບບນີ້ ແບບເກົ່າດີກ່ອນ1000ເທົ່າ,0
ມັກແອັບນີ້ຫລາຍໆເພາະວ່າມັນມີຄວາມສໍາຄັນກັບການໃຊ້ຊີວິດໃນແຕ່ລະວັນ,1
ຄັກຫລາຍຍ,1
ໄຊ້ດີເປັນຊ້ວງ,1
ດີຫຼາຍມັກຫຼາຍທີ່ໄດ້ມາໃຊ້ບໍລິການຂອງພວກທ່ານຂໍຂອບໃຈເປັນຢ່າງດີ,1
ດີຫລາຍຯ,1
ເກີດຫຍັງຂຶ້ນບໍໄດ້,0
ເອື້ອຍມາຍ,1
ທໍາດີທີ່ສຸດແລ້ວ,1
ຄັກແຮງ,1
ດາກກຸນີ້ກຸໂຫລດມາເຮັດຫຍັງບໍ່ໄດ້,0
ເຮັດໄດ້ດີຫລາຍ,1
ຫລິ້ນບໍ່ໄດ້,0
ຖອນເງິນບໍ່ໄດ້,0
ຂອບໃຈຈາ,1
ລີ້ນແລ້ວມີຄວາມສຸກທີໄດ້ລີ້ນເພາະວ່າມັນມີຄວາມສະນຸກສະນານ,1
ຕອນນີ້ເມັ້ນຫຍັງກະບໍ່ໄດ້ຖືກບ໊ອກ,0
ກາສີ,1
ສຸກສໍາລານ,1
ເຫັນດີນໍາທຸກທາ່ນເພື່ອສະດວກໃນການຕິດຕໍ່ພົວພັນ,1
ຂໍໄຫ້ທານຊວຍໄກໄຂເຟດໄຫດວຍ້,1
ຫທຮຕິ,1
ປັບປຸງແນ່ຫຼີ້ນຊ້າຫຼາຍ,0
ທີຮັກ,1
app ຫຍັງແນວນີ້ບອກໃຫ້ໂຫລດມາສຸດທ້າຍຄ້າງຢູ່ຫັ້ນບໍ່ໄດ້ປັບປຸ່ງດຽວນີ້ໂຄດຫວຍແອບນີ້,0
ໄດ້ດັ່ງໃຈຕ້ອງການ,1
ເຍືອ,1
ແອັບສົນຕີນ ລົງທະບຽນໄສ່ລະຫັດພໍມຶງວະຢູແຕ່ບ່ອນເກົ່າ ປັບປຸງແດ່ເບີກູຖືກລະຫງັບແລ້ວ ສັສ,0
ດີຫມາກຈ່ຮາ,1
ຊວຍເດບັດຖຶກລ້ອກ,1
ມັກເບິ່ງຜູ້ຍິງໄລ໌ສົດ,1
ເຟສຄືເພືອນທີ່ດີ,1
ດີ ໃຫ້5 ດາວເລີຍ,1
ຮັກຄວາມປອດໄພສ່ວນຕົວແດ່,1
ແອັບກາກໆກໍ່ຍັງເຮັດມາເນາະ,0
ບັກ ເຂົ້າແອບບໍ່ໃດ້ ຖອນຕິດຕັ້ງບໍ່ໃດ້ ຊອກຫລາຍວິທີຈັ່ງຖອນໃດ້ ຖອນໃດ້ແລ້ວຕິດຕັ້ງໃຫມ່ບໍ່ໃດ້ອີກ,0
ແອັບດີປອດໄພ,1
ກູບໍ່ມັກມັນເປັນແນ້ວນີ້ບໍ່ງ່ານຂີ້ລາຍກູເສຍໃຈກໍເຊົ້ານໍາລີ້ນແລ້ວບໍ່ຢາກລີ້ນອີຂີ້ລາຍບໍ່ມັກເປັນຄົນທີບໍ່ມັກກູບໍ່ມັກ,0
ໃຊ້ດີຢູ່ ແຕ່ດາຕ້າຫລຸດຈາກເດີມຫລາຍ,1
ບ່ວບອກ,1
ດີຫຼາຍແຊັດໂທໄດ້,1
ໃຊ້ບໍ່ໄດ້ ລົງທະບຽນບໍ່ໄດ້,0
ນອ້ງລູຍແກ້ວຊົມພູ,1
ຜູ້ທີ່ມີບັນຊີເກົ່າເປັນຫຍັງຄືເຂົ້າບໍ່ໃດ້ ຫຼື ຕ້ອງໄປທະນາຄານອີກບໍ່ ຊ່ວຍຕອບແກ່,0
ຕ້ອງການລົງທະບຽນເບີ,1
ບໍລິການວ່ອງໄວທັນໃຈ,1
ແອບເນົ່າໆກາບອກໃຫ້ໂຫຼດ,0
ດີຍູ່ໄດ້ເນັດຫລິ້ນ,1
"ຄັກ,ດີຫລາຍ",1
ລົງທະບຽນໂຄດຍາກ ປິດລະບົບຕະລອດ,0
ການແຈ້ງເຕື່ອນມາຫລັງຂໍຄວາມເຂົ້າແຊັດແລ້ວເປັນຊົ່ວໂມງຍັງກັບມາເຕື່ອນ,0
ຫັກ ນໍາຮ້ານກະພຊແຮງລະ ລູກຄ້າຕ້ອງມາຈ່າຍຄ່າສົ່ງເອງອີກ ແຕ່ກີ້ບໍ່ເຫັນສິໄດ້ຈ່າຍ,0
ດີທີ່ສຸດໃນຫຼາຍໆດ້ານ,1
ເຂົ້າແອັບແລ້ວເຮັດຫຍັງບໍ່ໄດ້ເລີຍມີແຕ່ວ່າລະບົບມີບັນຫາ ໃສ່ເບີກະຖືກລະພັດໄປຕ່ບໍ່ໄດ້ລະບົບມີປັນຫາ,0
ສະນຸກ,1
ດີງໍ,1
ສະບາຍດີນ້ອງຢາກຮູ້ວ່າໂທລະສັບນ້ອງສະແກນນິ້ວມືໄດ້ແຕ່bcel one ນ້ອງບໍ່ມີ,1
ການຫຼິ້ນfacebookມີຂໍ້ດີ ແລະ ຂໍ້ເສຍ,1
ແອບນີ້ກາກໂພດ,0
ດີຫຼາຍຢ່າງເຊັ່ນການສຶກສາແລະການບໍລິການຕ່າງໆ,1
ເຊີນເພື່ອນຮັບດ້າຕ້າເຊີນມາ10ຄົນແຕ່ບະຄົນກະໂຫລດໃຊ້ລະຍັງບໍ່ເຫັນສິໄດ້ຫຍັງເຫ້ຍສຸດ,0
ໂອນງ່າຍສະດວດວ່ອງໄວດີ,1
ປ່ຽນແຕ່ລາຄາແຕ່50mbມັນບໍພໍຫິ້ນດອກ,0
ວ່ອງໄວທັນໃຈ ຈ່າຍສະດວກສະບາຍ,1
ໂອເຄພໍໃຊ້,1
ວົງວົງ,1
ສຸດຍອດເດີຊົມເຊືຍ,1
ບໍລິການໄດ້ຫ່ວຍແຕກທີ່ສຸດໃນໂລກ,0
ຍັທໍາໍາຍທໍາກນກືບັ,1
ບໍລິການດີຫຼາຍ.ຈ້າວ,1
ຫນ້າເຊື່ອຖືແລະໄວ້ວາງໃຈປອກໄກໄປກັບ bcel,1
ໃຊ້ຍາກໂພດເບີໂທກະໃສ່ຖືກລະ ຍັງວ່າບໍ່ຖືກອີກໂອ້ຍ.,0
ດີຄົບ,1
ສຸດສັດເຈັນ,1
ມັກຍ້ອນລິ້ນຟຮີໄດ້,1
ອີ່ມທ້ອງ,1
ແອບຄວາຍຫຍັງນິໃຊ້ບໍ່ໄດ້,0
ກວດສິດອິຫຍັງຂອງມັນດົນແທ້ດົນວ່າ !,0
ລົງທະບຽນບໍໄດ້ເປັນຫາຍັງຮຸ,0
ຢາກໄດ້ ແອັບ ນີ,1
ຢາກໄຫ້ ເພີ້ມ ການຈ່າຍ ສິ່ງຕ່າງໆ ເຂົ້າໄປອີກ ໄຫ້ຈົບໃນແອບດຽວ,1
ທົ່ງສະຫວັນນະເຂດມີຮ້ານຄ້າພຽງຮ້ານດຽວ ເຫລົ້າສະຫວັນ ຫ່ວຍແຕກ,0
ພະພະພ,1
ສຸດຍອດການແຊັດ,1
ເຮັດຫນ້າທີ່ບໍ່ໄດ້ແອບນີ້ກາກ,0
ອີເລັກໂຕນິກກງວກັບເຄື່ອງສງງ,1
ຄືຫ່ານິອັບເດດໄຫມ່ຍາກກ່ວາເກົ່າກະລຸນາປັບປຸງແດ່,0
ເຟດເຂົ້າບໍ່ໄດ້ລະຫັດກະຖືກແຕ່ເຂົ້າບໍ່ໄດ້,0
ມີຄວາມສາມາດຫຼິ້ນໄດ້ພອ້ມ,1
ຢາກໄດ້ສັນຍານໄຫວ,1
ສະບານ,1
ບອກໃຫ້ລົງທະບຽນແຕ່ເຂົ້າໄປບໍໄດ້ຊ້ໍາເຂົ້າຍາກເກີນ ປັບປຸງແດຈະໃຫ້5ດາວ,0
"ເປັນ app ທີ່ suport ທາງດ້ານການເງິນ, ດັ່ງມີທະນາຄານ ພາຍໃນມື.",1
ຊື້ມາເປັນຂອງພວກເຮົາ,1
ຢາກໃຫ້ມີບໍລິການແອັບອື່ນໆອີກເຊັ່ນແອັບບໍລິການຕື່ມເກມຕ່າງໆເພີ້ມອີກ,1
ຮ້ວຍແຕກແຮງເຕີມເງີນເຂົ້າບໍ່ທັນເຮັດສັງຕັດໄປແດະ3ພັນທັງທີບໍ່ລະລະວ່າຕັ້ງສັງຊໍ້າຄວນປັບປຸງແນ່ເດີຍາກຮ້າຍແຮງໂລດນິ.ບໍ່ເປັນຕາສະແຕກເລີຍ,0
ແດງ ແກ້ວວົງສາ,1
ຂໍ້ຄວາມບໍ່ແຈ້ງເຕືອນ,0
ລົບແລ້ວໂຫລດບໍ່ໃດ້ໂຫລດແນວໃດ,0
ດີຄະນາກ,1
ຄວາມຈໍາເປັນຂອງສັງຄົມຍຸກສະໄຫມ,1
ດີໃຈທີ່,1
ໃຊ້ງ່າຍໃຫ້ປະໂຫຍດຫລາຍ ຢ່າງ,1
ຄັກຢູ່,1
ມັກຫລາຍແອປນີ້ສະດວກສະບາຍຫລາຍຂອບໃຈຢູນີເທວ,1
ໂລດມາບ່ເຫັນຊີລົງທຽບໃດ້ເນາະ,0
ຂໍ່ຄວາມສໍາຄັນທີ່ເປີດເຜີຍອອກໄປໃຫ້ຮູ້ທາງfacebook.,1
ນາງຈີວສີໂພໄຊ້,1
ຂຽນໂຣແກນ,1
ແອັບບໍ່ມີການເຮັດວຽກ,0
ແອພດີມີຄຸມລະພາບ,1
ຄືບໍ່ໄດ້ຄະແນນລະ,0
ຢາກຮູ້ເຫດການແລະທັນສະໃຫນ,1
ບໍ່ອອກຢູ່ນອກ,1
"ko,ກໍດີຢູ່ນອ້ຍດຽວ",1
ໂຫລດ100ເທື່ອກະຍັງຄືເກົ່າ ບໍ່ຮູ້ປັບປຸງ ບໍ່ຄືບຫນ້າຈັກເທື່ອ ມີຫູມີຕາກະລຸນາມາອ່ານເບີ່ງແດ່ ປານນັ້ນວ່າໃຫ້ໂຫລດແອັບມາລົງທະບຽນ ຄັນບໍ່ລົງຊິຕັດເບີ,0
ໄຊງານດີຍອດຢ້ຽມ,1
ຮັກຄົນອ່ານ,1
ອັບເດດລ່າສຸດ ໃຊ້ງານບໍ່ໄດ້,0
ພໍໃຈໃນສິງທີມີ,1
ສຸນຸ,1
ພຸວງງ ພົມມະສີ,1
ທໍາມະດາ,1
ວີຄໍາ,1
ບ່ອນມີປະຊມົການ,1
2ດາວພໍແລ້ວຂອງຄົນອື່ນຕັ້ງແລ້ວໄດ້ຮັບ500ຂອງຂ້ອຍບໍ່ໄດ້,0
ເຕັມ5ດາວ,1
ໃຊ້ດີໃຊ້ງ່າຍຕ້ອງ5ດາວເລີຍ,1
ຖ້າມີສ່ວນຫຼຸດອີກ,1
ຕອ້ງການແອບ,1
ຮັບສົ່ງທັນໃຈ,1
ງານ,1
ເຂົ້າແອັບບໍ່ໄດ້ເຂົ້າຍາກໆ,0
ການຊອກຫາທີມີວິໄລທີບໍໄດ້ຄາດຄິດ,1
ຕັ້ງແອບບໍ່ໄດ້.,0
ແມ່ນການບໍລິການກ້ານການເງິນ ຂອງບໍລິສັດ star fintech sole ຈໍາກັດ ການໂອນເງິນ ທີ່ສະດວກແລະໄວ.,1
ເວລາລົງຮູບສະຕໍລີຫມູ່ບໍ່ຄ່ອຍເຫັນ ທັງທີ່ເພື່ອນໃນເຟສຫລາຍ,1
ຊ້າຄືເຕົ່າ.ລົບຖິ້ມຊາ.ຫນ້າເບຶອ,0
ປະສົບການນ້ອຍ,1
ມັນມ່ວນ,1
ລົງທະບຽນຮອດໃຫ້ຖ່າຍຮູບລະໄປຫນ້າເອກະສານມີໃຫ້ເລືອກແຕ່ຫນັງສືຄ້ໍາປະກັນ,0
ແອັບຄືຝາຕີນນີເຂົ້າກະບໍໄດ້ເດັງອອກເອງ,0
ດີຄັກ,1
ອາຮົງຈີ້ນຮົງ,1
ລອງຕິດຕັ້ງທັງສອງເບິ່ງ.lite,1
ບຸນສະຫວັດ.ພະນີສອດ,1
ກ່ອນຈະອອກແອບກະບໍ່ໄດ້ກົດອອກຈາກລະບົບ ບາດຊິເຂົ້າໃຊ້ງານລະໄດ້ຂຽນເບີຂຽນລະຫັດໃຫມ່ອີກ ຫນ້າລໍາຄານ,0
ໃຊ້ດີ ແທໆ,1
ເທນແສງພະກອນ,1
ອັບເດດໃຫມ່ຫຼິ້ນບໍ່ເປັນເລີຍຫລິ້ນແບບໃດເຂົ້າແອັບກະບໍ່ໄດ້ສິ່ເບິ່ງດາຕ້າກະບໍ່ໄດ້,0
ຊີວິດສະດວກຂຶ້ນຫລາຍ,1
ຄັກຢູ່ເສຍແຕ່ຫມູນລຸ້ນໂຊກຫນ້າຈະມີບ່ອນດຽວເລີຍຫລາຍບ່ອນຫມູນບໍ່ຫລ້ອນຊື້,1
ດີລາຍ ຂອບໃຈ,1
ມະນຸດດີ,1
ບໍ່ມ່ວນຄືເກົ່າເຮັດຫັຍງກະບໍ່ໄດ້,0
ມີທັ້ງດີແລະຮ້າຍ ໃນສັງຄົມອອນລາຍ,1
ສະແກນຈ່າຍລະວ່າຕັດເງິນ ແຕ່ເງິນບໍ່ເຂົ້າບັນຊີເຂົາເສີຍເງິນຟີຊື້ໆ ໄວ້ໃຈບໍ່ໄດ້ຖ້າໂອນຫລາຍພໍດີທຸກຕາຍ,0
ຄວນແກ້ໄຂ່ມັກຄ້າງອອກໆຈນເຂົ້າແອບບໍ່ໄດ້ເລີຍຄວນແກ້ໄຂ່ໃຫ້ມາດຕະຖານເຕີມ,0
ງົງ,1
ເປັນແອັບຈື່ງບໍ່ສະຫນັບສະຫນູນຄິງ ແລ້ວດງວນີ່ກະດາວໂຫລດບໍ່ໄດ້ ຂໍໄຫ້ປັບປຸງໄຫ້ຫີ້ລນໄດ້ຕາມປົກກະຕິແນ່ແຕ່ລະຟັງຊັນ ຂໍຂອບໄຈ,0
ໃຊ້ການບໍ່ໄດ້ເລີຍ ຫ່ວຍແຕກ,0
ເປັນຫຍັງເຮົາຖືກແລ້ວຄືບໍ່ເຫັນໄດ້ເງີນແກ້ດອນໆ,0
ແອປ,1
ໃຊ້ບໍລິການຕະລອດ ຂໍ່ຂອບໃຈ,1
ສ້າງແບບທັນສະໄຫມຂື້ນໄປເລື້ອຍໆ,1
ດ້ຍ,1
ແອັ ບນີ້ໃຊ້ງາ່ຍ ສະດວກສະບາຍ ທັນສະໃຫມ ແລະປອດໄພ. ຄົບທຸກບໍລິການໃນແອັບດຽວ,1
ແອບຂີ້ກາກ,0
ດີຫລາຍມັກ,1
ຄິດວ່າໃຊເບີເກົ່າກໍ່ຕ້ອງໄດ້,1
ຈູບ,1
ຊິຖືກຕັດເບີລະຕິນີ້ ລົງທະບຽນໂທລະສັບໂຄດຊ້າ ແຖມຍັງເດັ່ງອອກອີກຕະຫຼອດ ກະລຸນາປັບປຸງແດ່,0
ດີ. ຈັກໂມງລ່ະບັກແດ່ ອັບເດດກະບໍ່ມີຫຍັງດີຂຶ້ນລະບົບໃນແອບກະມີປະດັບຊື່ໆໃຊ້ປະໂຫຍດບໍ່ໄດ້ສິໂອນເງິນໄປເບີອື່ນກະບໍ່ໄດ້,0
ໂຫຼດໃນມືຖືຄືຍາກແທ້,0
ໃຊ້ສະບາຍຖືກໃຈສໍາລັບຂ້ອຍ,1
ເຂົ້າລະເດັງອອກຈັກແມ່ນຫຍັງບໍ່ຢາກໄຫ້ບົງທະບຽນນໍາປານນັ້ນຫວ່າ,0
ແກ້ໄຂໃຫ້ເປັນພາສາລາວແນ່,0
ຄືເຂົ້າແອບບໍ່ໄດ້ເຂົ້າແລ້ວກະເດັ້ງອອກ,0
ຊ້າອຶດ,0
ຄຸນສົມບັດຍອດນິຍົມ,1
ຊວ່ຍແກ້ໄຂໃຫ້ຫຼີ້ນໄດ້ສະດວກແດ່ເນີ,1
ເບິ່ງຫມັງຟັງຂ່າວສະດວກ,1
ເຊືອກັນໄດ້ບ່ອ,1
ເປັນທີ່ນິຍົມ,1
ຊ່ວຍເຫຼືອ,1
ບັນຊີເພງໃນສະຕໍຣີບໍ່ມີ,0
ເອີ້ນກະບໍ່ມີຄົນຮັບ,0
ດີມາກເລນິນເຈົ້າ,1
ເຮັດຫາກທີ່ສຸດທີ່ເຕີບໃຊ້ມາ ບໍ່ສະຖຽນ ສັນຍານອ່ອນ ກາກ ປິດຖິ້ມສະຫລັກໂງ່ໆ ບໍ່ສະຫນັບສະຫນູນດອກ ມີດີແຕ່ໄດ້ດາຕ້າຫລາຍຊື່ໆ,0
ດີໆໃຫ້ຫ້າດາວ,1
ຢ່າອັບເດດອີກເດີ,1
ກໍ່ໂອເຄ ໃຊ້ດີ,1
ປັບປຸງໄຫມ່ແນ່,0
ໃຫ້ຕາຍແຕ່ພັງເພງ,0
ຢ່າງອື່ນບໍ່ຕິ ຕິແຕ່ເວລາເຂົ້າແອັບ ໂຫຼດຢູ່ນັ້ນແລະຂໍ້ມູນຫະ ຫຼາຍແທະໆ ໂຫຼດຕະຫຼອດ ໂຫຼດທຸກຍາມ ຊິໂຫຼດຫາຫຍັງ ກະດັກກະດໍ້ ປັບປຸງແນ່ເດີ,0
ດິຄ່ະເອົາ10ໄປໄດ້ຄ່ະ,1
ເບິ່ງຫນັງບໍ່ໄດ້,0
ແປັກວົງສາດີ,1
ບໍ່ເຄີຍຈັກເທື່ອ,1
ແອ໊ບດີມີຄຸນນະພາບ ແຕ່ກະຍັງຕ້ອງປັບປຸງເວລາເຂົ້າເບິ່ງຄິບໃນຕົວແອ໊ບ ດ້ວຍລວມຄືດີ,1
ແຫ່ງອັບເດດແຫ່ງບໍ່ເປັນຕາໃຊ້ມົ່ວໄປເບິດເລີຍແບບເກົ່າຍັງໃຊ້ງ່າຍກວ່າ,0
ດີສຸດໆເລຍ,1
ຄຶດຜິດໂຄດທີ່ອັບເດດໃຊ້ງານຍັງກະຢາກ,0
ດີໆມີສາວພອມ,1
okດີຫຼາຍ,1
ແອັດນີ້ຄົນລາວທຸກຄົນມັກຫລິ້ນສຸດ,1
ພາໄປ,1
ດີດີສຸດ,1
ແອັບໃຊ້ງານງ່າຍ ສະດວກວ່ອງໄວອີກ ບໍລິການດີນໍາ ຢືນ1 ຈະ,1
ສຸດຈິງໆ,1
ບໍ່ແນະນໍາໃຫ້ໂຫລດມາໃຊ້ກັນເດີ້ທຸກຄົນ ມັນເຂົ້າບໍ່ໄດ້ຈັກເທື່ອເລີຍ,0
ເກນຍັງໄດ້ເງີນຄືນ,1
ສາທຸໆໆ,1
ຮູ້ດີໃຈບຸກຊວຍຊີ້ນະແຍງທາງໃຫ້ຂອບໃຈ.ຄອຍເປັນຄອຍພະຍາມ.,1
ຫນູນເປັນ100ຄັ້ງບໍ່ຖືກຈັກຄັ້ງ,0
ປຽນແປງ,1
ມັກຫລາຍຫລິ້ນງ່າຍ,1
ເຂົ້າໃຊ້ງານແອັພບໍ່ໄດ້ແກ້ໄຂແນ່,0
ຄ່າທໍານຽມເຕີມເງິນເຂົ້າກະເປົ໋າແພງແຮງ,0
ພັດ,1
ນສທານຍ,1
ເຟສບຸກຫົວຄວາຍຄົນອື່ນໂພດບໍ່ຜິດກົດຊຸມຊົນບາດກູໂພດເທຶ່ອໃດຜິດຕະຫລອດມືງມີປັນຫາຫຍັງກັບກູເບາະ ມາ1 1ກັບກູບໍ່ ມາກ,0
ດີິ,1
ແມ່ນດີແທ້ເດີ,1
ຄວາມສົງຈໍານ້ອຍໂພດ,1
ອີຫຍັງ.ລະຫັດກະບໍ່ສົ່ງມາ,0
ໃຊ້ງ່າຍ.ສະດວກ.ທັນຍຸກ.ທັນສະໃຫມ,1
ດີໃຊ້ໃດ້,1
ຕອນນີ້ແອບມັນຊ້າກົດເອົາເນັດກະບໍ່ໄດ້ຊ່ວງນີ້ແອບມັນເຮັດຫຍັງບໍ່ໄດ້ເລີຍຊ່ວຍແກ້ໄຂແນ່ບໍ່ແມ່ປ່ອຍປະໄວ້ແບບນີ້ແອບບໍ່ມີຄວາມຮັບຜິດຊອບ,0
ໂທສະດວກສະບາຍ,1
ດີທີ່ສຸດຂອງບໍລິການຢູ່ນີ້ເທວ,1
ຢ່າລືມເຂົ້າລະຫັດກັນເດີ 53002107 ລຸ້ນ800ລ້ານນໍາກັນ ເຮັງໆປັງໆ 53002107,1
ໃຊ້ງານບໍ່ໄດ້,0
ຢອດນິຍົມ,1
ສີແກ້ວ,1
ບັງຄິດເຖິງແຟນເກົ່າທີ່ຈາກໄປໂດຍບໍ່ໄດ້ເລີກລາຈາກກັນໄປ,1
ສູນຕາຍແລະບໍ່ ຄືໂພດເນັດບໍ່ໄດ້ດຽວນີ້ບໍລິການຫວຍແຕກ,0
ການລົງທະບຽນກວ່າຈະສໍາເລັດພະຍາມໃສ່ຂໍ້ມູນຕັ້ງຫຼາຍເທື່ອຍາກໂພດ,0
ຂອບໄຈເດີ,1
ນີສວ,1
ດິດີ,1
ເປັນຄືວ່າໄປຫມຸນຫວົງຫລໍ່ຄືບໍໄດ້ເຂົ້າໄປລະເດັ່ງອອກເລີຍ,0
ຄັກກກ,1
ອາ້ຍຈັນທອນ,1
ດີ5ດາວແທ້,1
ເຮັດໃດເຟັດຈຶ່ງບໍ່ພາສາອັງກິດຂ້ອຍຕ້ອງການໃຫ້ເຟັດເປັນພາສາໄທຕະຫລອດ,0
ເສຶອພຸດເສຶອພຸດ,1
ໃຊ້ແລ້ວດິລາຍ,1
ວ່ອງໃວທັນໃຈ,1
ສະດວກແລະໃຊ້ງານ,1
ຂໍ1000mbສໍາລັບສວນເພື່ອນເຂົາດາວໂລດlaoapp,1
ຕັ້ງແຕ່ອັບເດດມາຖືກແຕ່ຂໍໃຫ້ທ່ານໂຊກດີບໍ່ໃດ້ຍຫັງຈັກຢ່າງ,0
ແອປມັກເດັ້ງອອກເອງ,0
ບັກບັດ,1
ຍາກໄຫ້ມີສະຕິກເກີມາເພີ້ມ,0
ໃຊ້ດີໃນທູກກາສົນທະນະ,1
ໃຊ້ໄດ້ດີສຸດ,1
ສຸດບອດມາກໆ,1
ປັບປຸງກ່ອນມັນເຂົ້າບໍ່ໄດ້ມີແຕ່ເດັ້ງອອກຢ່າງດຽວ,0
ດີຈິງເດີ,1
ຖືກໃຈແອັບ,1
ເປີດບໍ່ຂື້ນເປັນຫນ້າຕ່າງສີຂາວຕະຫຼອດບໍ່ຮູ້ສາເຫດ,0
ອັບເດດໄຫມ່ໂຄດກາກ,0
ອັຍເດດຍາດຫລາຍບ້ຊ້າ,0
ນາງນີ,1
ດີໆຫລາຍ,1
ໂອນເງິນໄປທະນາຄານອື່ນບໍໄດ້,0
ລົງທະບຽນອອນລາຍບໍ່ໄດ້ ໃສ່ຂໍ້ມູນກົດແລ້ວບໍ່ໄປ,0
ດາວດຽວພໍ ແຮ່ງອັບເດດແຮ່ງກາກເຂົ້າບໍ່ເປັນຕາຫຼິ້ນນັບມື້,0
ແອັບມາບັນຫາເຂົ້າແອັບບໍ່ໄດ້,0
ໃສ່,1
ມ່ດບສ,1
ຂໍເວົ້າໄຫ້ໄດແດ່,1
ພວມເປີດນໍາໃຊ້ໃຫມ່ທັນສະໃຫມ ທັນໃຈອາຫຼີ ຊົມເຊີຍ,1
ເດີມເງິນແລ້ວເງິນບໍ່ເຂົ້າ,0
"ທ່ານໃດທີ່ມັກຊື້ເລກແລ້ວ ໃສ່ລະຫັດນີ້ເດີ, 10898035 ຂໍ່ໃຫ້ທ່ານຖຶກເລກ400ລ້ານ 800ລ້ານ",1
ເຂົ້າແອບບໍ່ໄດ້ຄ້າງຢູ່ຖ້າສໍາໃດກະບໍ່ໄດ້ແກ້ໄຂແດ່ບໍ່ແກ້ຈະລົບຖີ່ມສາ,0
ມັນດີໃນການຕິດຕ່ສືສານ,1
ຂອງເຂົ້າໄດ້,1
ຫຼີ້ນມ່ວນ,1
ລົງທະບຽນແນວໃດ,0
ດີມາກ ເລີຍ,1
ບໍລິຫານດີ,1
ໄດ້ແທ້ໆເດີຢ່າຕົວະເຮົາໄດ້,1
ຮພຍໄສ,1
ແອັບນີ້ກະຖືວ່າດີຫລາຍ,1
ຂໍເງິນກູ້ໄດ້ບໍ່,1
ດີຫຼາຍ ມັກຫຼາຍເດີ້ພີ່ນ້ອງ,1
ສະຫມັກບໍໄດ້ ຖ່າຍຮູບແລ້ວມັນບອກວ່າຜິດພາດ ປັບປຸງໃຫ້ແນ່ເດີ,0
ຂ້າພະເຈົ້າເຫັນວ່າໃຊ້ງານໄດ້ດີມີພຽງແຕ່ມັນອອກລະບົບໂດຍອັດຕາໂນມັດເກີນແລະກໍມີບັນຫາການກັບບັນຊີຂອງຂ້າພະເຈົ້າຫລາຍຂໍຄວາມຊ່ວຍເຫລືອນໍາແດ່ເດີ,1
ດີຢູ່ລອງໃຊ້ກ່ອນ,1
ໃຊ້ງ່າຍເນາະດຽວນີ້,1
ແອ້ດ,1
ໃຫ້ຫ້າດາວໄປເລີຍ,1
ແກ້ວຄໍາເພັດ ນາກ ມີໄຊ,1
ຂອບໃຈແດ່,1
ເຂົ້າແອັບຯບໍ່ໄດ້ ເປິດແອັບລະຫນ້າຈໍດໍາຢູ່,0
ດີຫລາຍພັດທະນາຕໍ່ໄປ,1
ໄຊ້ດີມີຄວາມຫມາຍຕິດຕໍ່ຫາກັນສະດອກສະບ່າຍ,1
ອີຫຍັງບໍ່ດີກະຂໍໃຫ້ບອກກັນ ຊິມັກຊິຮັກ ກະຂໍໃຫ້ຈິງໃຈ ທີ່ເຄີຍຫລີນມາ ອັນໄດບໍ່ດີບໍ່ເຫມະສົມ ການເວົ້າ ການຂຽນ ການກະທໍາ ກະຂໍໂທດນໍາເດີ້.,1
ໄຂ້ມີເງິນໄດ້,1
ດີົ,1
ດີເດີ້ທໍາໄຫເຮົ່າຮູ້ທຸກຢ່າງກ່ຽວກັບແຟນ,1
ຄໍາຜັນ,1
ໃຊ້ຂ້ອຍລືມລະຫັດຝຜ່ານ,1
ກໍາລັງລອງໃຊ້,1
ດີຫລາຍຮູບນີ,1
ໄຫ້ຄະແນນເບົາໆ,1
ແອັບນີ້ດີຫລາຍ,1
ດີ ກໍາລັງລົດເມ,1
ອັບເດດຍືນຍັນຕົວຕົນບໍ່ໄດ້ແກ້ໄຂແດ່ເດີ,0
new updated ຫມຸນບໍ່ໄດ້ຫຍັງເລີຍ,0
ແອບໂຄດຊ້າເຂົ້າ1000ເທື່ອຍາມໃດກະວ່າອັບເດດຂໍ້ມູນຢູ່ຕະຫລອດ ບໍ່ມີປະໂຫຍດຫຍັງເຂົ້າຫຍັງກະບໍ່ໄດ້,0
ຢາກໄດ້ເຟສ,1
ໂທແລ້ວສາຍຕັດເອງ,0
ຫຼີ້ນດົນໄປປິດກັ້ນກັນເສີຍອ້າຍມາກສາກກະເບືອ,0
ເຂົ້າແອັບບໍ່ໄດ້ປັບປຸງດ່ວນເຕີມເງິນໃສ່ລະ,0
ໂຕນີ້ມັກສຸດໃຈ,1
ຖາ້ມີຫຍງັໃຫ້ຖາມໄດ້ ພັນກື້,1
ແອ້ບນີມັກມາກ,1
ເກີດປັນຫາຫຍັງນໍ ກົດເຂົ້າໄປບໍ່ມີລົງທະບຽນມີແຕ່ເຂົ້າສູ່ລະບົບທັ້ງໆທີບໍ່ທັນໄດ້ລົງທະບຽນສໍາສີເຂົ້າສູ່ລະບົບໄດ້ຈັ່ງໄຫລ ແກ້ໄຂດ່ວນໆເດີ ຊື້ຊີມມາສອງອັນນີຈັກຫນອ່ຍເຂົາສີທັກເບີຖີ້ມອີກ,0
ຕິດຕັງເປີດນໍາໃຊບໍ່ໄດ້ເລີຍ,0
ໂທອອກໄຫ້ສມົບູນແລະຫມູ່ເພຶ້ອນໂທເຂ້າໄດ້ແບບສມົບູນ,1
ຈາກໄຈບ່າວຫຼວງພະບາງ,1
ແຕວັນວິໄລ,1
ໄປຕາຍສາຢ່າຫາເຮັດເດີແອັບເນົ່າໆ,0
ໃຊ້ງານໄດ້ດີຫຼາຍໆ,1
ລຸ້ນໂຊກໄດ້ພຽງວັນທໍາອິດທີ່ດາວໂຫລດໄດ້ເທົ່ານັ້ນຫລັງຈາກນັ້ນບໍ່ສາມາດເຂົ້າໄປລຸ້ນໂຊກໄດ້ອີກຖ້າກົດເຂົ້າໄປມີແຕ່ເຫັນປະຫວັດການລຸ້ນໂຊກມີທໍາອິດເທົ່ານັ້ນຂໍ້ນີ້ທາງຜູ້ພັດທະນາຄວນປັບປຸ່ງໃຫ່ມ,0
ໃຊ້ແລ້ວຮູ້ສາກສະດວກສະບາຍ,1
..ນາຍຫມີ.ບ້ານສູງໃຫຍ່.,1
foodpanda ບໍລິການດີ,1
ຂ້ອຍໃຊ້,1
ດີຫຼາຍໃຊ້ສະດວກ,1
ແອບບໍ່ຜ່ານເດີເຮັດຫຍັງກະບໍ່ໄດ້,0
ເດີ,1
ເຂົ້າໄດ້ແລ້ວ,1
ຄັກ ໃຊ້ ມາໃນຄົບຮອບ5ປີ,1
ແອັບໂຄດໃຊ້ງານຍາກ ມຸ່ນວົງລໍ້ກະຖືກແຕ່ເຊີນຫມູ່ເພືອນ ກັບ ຟັງເພງຮວ່ມກັນ ແລະ ອັບເດດສະຖານະ ຖາມແດ່ unitel ມັນບໍ່ມີບ່ອນຢຸດບໍ ຄືຢຸດ ແຕ່3ອັນນີ້ ຄົງຕ້ອງລົບ ແລະປິດການນໍາໃຊ້ແລ້ວລະ ແອັບນີ້ບໍ່ມີຄວາມຫມາຍເລີຍ ເວົ້າຕາມຄວາມຈິງເດີ ຢ່າວ່າກັນລະ ປັບປຸ່ງໃຫມ່ແນ່ ຖ້າຢາກໃຫ້ລູກຄ້າດີໃຈ ແລະ ປະທັບໃຈ.ຕ້ອງປັບປຸງໃຫ້ມັນດີກວ່ານີ້ອີກ.,0
ຂອ້ຍຢາກດາວໂຫລດເອົາທູກອາລະບໍາຂອງສິນລະປິ່ນລາວມາຮັບຊົມແລະຟັງ,1
ເອັບເດດໃຫ້ມັນໄວ້ທັນໃຈແດ່,1
ຍັງໃຊ້ບໍ່ເກ່ງປານໃດ,1
ບໍມີແຟນ,1
ດີໃຈທີມີການຊ່ວຍເຫລືອ,1
ຂີ້ກາກເກີນໃສ່ເບີແລ້ວສົ່ງຂໍ້ຄວາມມາວ່າຂໍລະຫັດແຕ່ຍັງເຂ້າບໍ່ໄດ້ຊໍາໆພັດທະນາໃຫມ່ເດີ,0
ແອັບບໍ່ຕິງເລີຍ,0
ແຍ່ກວ່າແຕ່ກ່ອນມາກເຂົ້າໃຈນະວ່າພັດທະນາແຕ່ຂໍຢ່າໃຫ້ແຍ່ໄປກວ່ານີ້ເຖິ,0
ດີຫລາຍສຸດຍອດໂຄດພໍ່ໂຄດແມ່ດີດີຫລາຍສຸດຍອດໂຄດພໍ່ໂຄດແມ່ດີດີຫລາຍສຸດຍອດໂຄດພໍ່ໂຄດແມ່ດີດີຫລາຍສຸດຍອດໂຄດພໍ່ໂຄດແມ່ດີດີຫລາຍສຸດຍອດໂຄດພໍ່ໂຄດແມ່ດີດີຫລາຍສຸດຍອດໂຄດພໍ່ໂຄດແມ່ດີດີຫລາຍສຸດຍອດໂຄດພໍ່ໂຄດແມ່ດີດີຫລາຍສຸດຍອດໂຄດພໍ່ໂຄດແມ່ດີດີຫລາຍສຸດຍອດໂຄດພໍ່ໂຄດແມ່ດີດີຫລາຍສຸດຍອດໂຄດພໍ່ໂຄດແມ່ດີດີຫລາຍສຸດຍອດໂຄດພໍ່ໂຄດແມ່ດີດີຫລາຍສຸດຍອດໂຄດພໍ່ໂຄດແມ່ດີດີຫລາຍສຸດຍອດໂຄດພໍ່ໂຄດແມ່ດີດີຫລາຍສຸດຍອດໂຄດພໍ່ໂຄດແມ່ດີດີຫລາຍສຸດຍອດໂຄດພໍ່ໂຄດແມ່ດີດີຫລາຍສຸດຍອດໂຄດພໍ່ໂຄດແມ່ດີດີຫລາຍສຸດຍອດໂຄດພໍ່ໂຄດແມ່ດີດີຫລາຍສຸດຍອດໂຄດພໍ່ໂຄດແມ່ດີດີຫລາຍສຸດຍອດໂຄດພໍ່ໂຄດແມ່ດີດີຫລາຍ,1
ອັບເດດໃຫມ່ ເຂົ້າບໍ່ໄດ້ເລີຍ ເຍັດແມ່,0
ເຂົ້າບໍ່ໄດ້ແລ້ວແຕ່ກອ່ນກະດີຢູ່ດຽວນີ້ເຂົ້າບໍ່ໄດ້ເຂົ້າແລ້ວເດັ່ ອອກດາລຸນາປັບປຸງແນເດີ,0
ບັກຕ້ອນຄົນບໍແກ້ວ,1
ອັບເດດໃຫມ່ຕະຫລອດແຕ່ກະຍັງໃຊ້ບໍ່ໄດ້,0
ມຸກ,1
ຂໍອານູ້ຍາດ whtsapo,1
ຊ່ວງແລກກະດີໆແຕ່ຕອນນີ້ມັນເປັນຍັງຈິຕື່ມບັດເງິນໃສ່ເບີກະບໍ່ໄດ້,0
ນ້ອງອໍາໂຕດໍາ,1
ອັບເດດໃຫມ່ມີເກມ ເກມກະມີແຕ່ai ໂກງພິລຶກ ເລ່ນເກມກະດານມີແຕ່ຫມຸນໄດ້ເທື່ອລະ1 2 ບາດທີເຂົາ6ຕະຫລອດ ພັດທະນາໃຫ້ດີແນ່ ບໍ່ແມ່ນພັດທະນາມາໃຫ້ຄົນເສຍແຕ່ເງິນ,0
ດີດີສຸດຍອດ,1
ຄໍາໂພ,1
ແອັບມີບັນຫາ,0
ເລີຟ,1
ແມ່ນແອບທີຂ້ອຍມັກຫຼາຍໃຜທີຍັງບໍໄດ້ຕິດຕັ້ງຖືວາເຈົ້າເສຍໂອກາດກັບແອບນີ້ໃຜຢາກຕິດຕັ້ງເພືອມາເບິງສາລະຫຼືຢາກຟັງເພງຕ່າງໆຂ້ອຍແນະນໍາເລີຍວາແອບນີ້ຕອບໂຈດຄວາມຫນ້າສົນໃຈຂອ້ງທ່ານໄດ້ແນ່ນອນ,1
ບໍ່ມີການແຈ້ງເຕືອນການໄດ້ຮັບເງິນເຂົ້າເງິນອອກ. ທັ້ງທີ່ຕັ້ງຄ່າທຸກຢ່າງແລ້ວ,0
ບໍລິການດ້ວຍຄວາມວ່ອງໄວຖຶກຕ້ອງ.,1
ຫລີ້ນຫຍາກຂັດຂ້ອງຕະຫລອດ,0
ໄຊເລົ້າ,1
ຄືບໍ່ເຫັນສົ່ງລະຫັດ otp ມາ ຫລືຂ້ອຍເຮັດບໍ່ຖືກເບາະ ຕອນນີ້ລະຫັດມາແລ້ວ ປ້ອນລະຫັດໃສ່ລະກະຍັງເຂົ້າບໍ່ໄດ້,0
ຖອນໃຈ,1
ບັນຊີຖືກລ໋ອກເຮັດສະໄດ້ ຕ້ອງໄປສູນບໍ?,0
ຝາກລະຫັດແນະນໍາ 62520450,1
ໃຊ້ງ່າຍ ແລະ ສະດວກສະບາຍ,1
ດີຈິງສະດວກວອ່ງໄວ,1
ຢາກໃຫ້ເປັນພາສາລາວແນ່ຈ້າວ,1
. ດີຫລາຍ,1
ອມສສາທທມມສີະດອ້າສສ,1
ຂໍໂທດ,1
ເຂົ້າແອບບໍ່ໄດ້ແກ້ໄຂດ່ວນ,0
ຍີນດີນໍາ,1
ຂື້ນເຟດໃຫ້ແດ່ເດີ,1
ໄຊ່ດີ,1
ແອັບບໍ່ຍິນສຽງເລີຍຂໍ້ຄວາມສຽງເຮັດແບບໃດກະບໍ່ຍິນຊວ່ຍແກ້ໃຫ້ແດ່ບໍ່ຮູ້ເປັນຍ້ອນຫຍັງ,0
ເປີດໃຊ້,1
ແອປຊ້າຫລາຍ ໂຫລດຊ້າ ເຂົ້າຊ້າ ເປັນ 10ນາທີ ຍັງບໍ່ໄດ້,0
ລົງທະບຽນບໍ່ເຫັນໄດ້ ຫຍຸ້ງຍາກ ລົງທະບຽນໄປບັກຫຼາຍໆຮອບກະຍັງບໍ່ໄດ້ ສຸດທ້າຍບໍ່ພົ້ນເຂົ້າໄປສູນຄືເກົ່າ,0
ພັດທະນາຂື້ນໄປເລື່ອຍໆ,1
ຫມານໆດີດີ,1
ລ່າສຸດລົບແອບນີ້ຖິ້ມແລ້ວ ບໍ່ມີ ປະໂຫຍດຫຍັງເລີຍ,0
ແອບນີ້ດີແທ້ໃຫ້10 10,1
ກາກຫລາຍ ເຮັດໄດ້ສໍານິຫວາ,0
ດີສຸດສຸດເລີຍ,1
ອັດແດດ,1
ທ້າວວືວາງ ວ້າງ,1
ດີມານຄັບ,1
ດາວໂຫລດບໍໄດ້,0
ໃຊ້ດີແຮງໃຊ້ມາຫລາຍປີລະ,1
ນອງນີມ,1
ອູບອອກອູບເຂົ້າລະເປັນແບບສີ່ສິ ເອົ໋າແປງໃຫ້ແດ່,0
ອັບເດດແລ້ວມັກເຂົ້າບໍ່ໄດ້,0
ເຊີນປັບປຸ່ງແນ່ເດີມັກລົ້ມຕະຫລອດ,0
ສວຍສະງາ,1
ໄຊ້ຄຸ້ມມາກໆເລີຍ,1
ແກ໋ວ,1
ບໍ່ຮູ້ເປັນຫຍັງດຽວນີ້ເຕີມເງິນບໍ່ໄດ້ຄະແນນ,0
ເວລາເຕີມບັດຄະແນນບໍ່ຂື້ນແກ້ໄຂແນວໄດກາກຫຼາຍ,0
ພອນປະເສີດ,1
"ສັງແລ້ວແຕ່ບໍ່ໄດ້ຮັບອໍເດີ,ບອກເວລາວ່າປະມານ20 30ແຕ່ເວລາຕົວຈິ່ງເປັນຊົ່ວໂມງ,ອາຫານກໍ່ບໍ່ໄດ້ຮັບ.",0
ໄຊ້ຄັກດີຫຼາຍ,1
ໃຊ້ເນັດໄວແລະປະຢັດດາຕ້າເນັດອີກດ້ວຍ,1
ຮວ່ຍໂຫລດມາກາລົງທະບຽນບໍ່ໄດ້ເສຍເວລາເຮັດຕາມຂັ້ນຕອນທຸກຢ່າງກາຂື້ນວ່າຖ້າກວດສອບມາເປັນຊາດລະຍັງບໍ່ໄດ,0
ຊ່າງຕັດຜົມ,1
ສາວໄຮ່ສາວນ້ານິ້ແລະ,1
ດີຫຼາຍອັບເດດທີ່ຟຮີ1gb,1
ຂາດບໍ່ໄດ້ເລີຍ,1
ມັນຊ້າ ເຂົ້າບໍ່ໄດ້ຖ້າsms ມາຫມົດມື້ກະບໍ່ສົ່ງມາຈັກເທື່ອ ລຶບລົງໃຫມ່ກະບໍ່ໄດ້ຄືເກົ່າ ມັນໃຊ້ໄດ້ຢູ່ບໍ່ນີ່ຮື!,0
ດີທຸກຢ່າງ ສຸດໃຈ,1
ໃຫ້5ເລີຍຂໍໃຫ້ທໍາແອປເຮົາດີຂື້ນຍິ່ງໆໄປ,1
ຢາກຫຼິ້ນ,1
ແຟນ ກູ ມີ ຜູ້ ໄຫນ່ ແລ້ວ ນາ ກູ ຢູ່ ຄົນ ດຽວ ນາ ໃຜ ຈີນ ເປັນ ແຟນ ກູນາ,1
ຄວນແກ້ໄຂການເຂົ້າເຖີງຂອງແອັບໃຫ້ມີຄວາມວ່ອງໄວກ່ອນນີ້ ເພາະການເຂົ້າແອັບຊ້າຫຼາຍ ເຂົ້າແອັບແຕ່ລະເທື່ອຕ້ອງໄດ້ອັບເດດທຸກເທື່ອ,0
ການປັບັຸງແອບໄຫ້ດີກ່ວາເກົ່າແລະລວດເລວໄວຂື້ນກ່ວາເກົ່າແນະນໍານໍາເລື້ອງໄຫມ່,1
ເດ້ງຢູ່ສິລົງຈັງໃດເຫີ້ຍຍ,0
ມີຄວາມສາດວກສະບາຍໃນການໃຊ້ແອັບໂຕນີ,1
ດີຫຼ່າຍ ແຕ່ດາວໂຫຼດ ແລະຕິດຕັ້ງບໍ່ໄດ້,1
ຍັ ດດໄ,1
ດີຈິງຈິງຄອບຄຸນຄັບ,1
ໄປຈຜຝັ,1
ເຂົ້າແອັບຍາກໆ ປານວ່າບໍ່ມີສັນຍານ ເພື່ອຊິເຂົ້າໄດ້ເທື່ອຫນຶ່ງ,0
ເວລາທຸລະກໍາມັກຈະທຸລະກໍາບໍ່ໄດ້ ຊ້າຫລາຍ ຂ້ອຍເສຍເວລາເປັນຊົ່ວໂມງ ບາງທີກະບອກໃຫ້ທຸລະກໍາໄຫມ່ ຢາກໃຫ້ແກ້ໄຂແດ່ເດີ້ ເຂົ້າລະບົບກະບໍ່ໄດ້,0
ສຸດຍອດດີຫຼາຍ,1
ດີໃຈກັບການໃຊ້ງານ,1
ກູອື້ດ,1
ມັກຫລາຍແອບນີ້ຢ່າບ໋ອດຂ້ອຍເດີ,1
ຂໍແທ້,1
ດີ ok,1
ຍັງຂາດປະສົບການຂໍຄວາມຊ່ວຍເຫລືອ ຈາກບກ,1
ຖ້າມັນອັບເດດອັດຕະໂນມັດເລີຍຄົງຈະດີເລີດ,1
ໄວ້ແດ່,1
ດີໃຊ້ໄດ້ທໍາມະດາບໍ່ໃສ່ໄຂ່,1
ການເບີງສະພາບລວມໃນສັງຄົມ,1
ວອງໄວທັນໄຈ.,1
ຕິດຕາມມາຕະຫລອດ,1
ຢາກໃຊ້ເຕັ້ມທີບໍ່ຄິດເສຍດາຍເງິນເຫັນແກ້ຢາກໄດ້ ເສຍໃຈເມື່ອສັນຍານບໍ່ປົກະຕິ ຂໍພຣະເຈົ້າຍົກໂທດ.,1
ມັນເຈັງ,1
ດີຢູ່ແຕ່ຊ້າ,1
ອັບໃຫມ່ແລ້ວໃຊ້ໄດ້ສະດວກຫຼາຍ,1
ຊີວິດວິຊະວະກອນຮຽນນໍາຕູ້ໂພໄຊຕ້ອງແບບນີ້,1
ຮັກວັງເອົາໄວ້,1
ໃຊ້ໄດ້ຢູອັນນີ້ນາ,1
ຊ່ວຍແກ້ໃຫ້ແນ່ມັນລ໊ອກເບີໄວ້ປ່ອນເບີໃສ່ບໍ່ໄດ້,0
ໂອອຄ,1
ດີຄັບບ,1
ມີເພງທຸກເພງດີຫລາຍ,1
ດີ good,1
ໂລດແລ້ວເຂົາບໍໃດ້ແກ້ໃຂ່ດວນ,0
ຕ້ອງການນໍາໄຊ້,1
ສັນຍານຫາຍ,1
ພັດທະນາໃຫ້ດີຕໍ່ໄປ ແອັບດີຢູ່,1
. ອຫນງັໂປ ແປ ຜ,0
ເຈັບ ຈົນຊິນ,1
ດີຕິ້ເບາະ,1
ດີລາຍໆພັດທະນາຕໍ່ໄປ,1
ບີບີ,1
ເອົາໄປເລີຍຍ,1
ສະຫລວກສະບາຍ,1
ເວລາໂພດຮູບກະມົວ ບໍ່ຊັດ ຄວນປັບປຸງໄຫມ່,0
"ມີແຕ່ອາຫານເກົ່າໆ, ລາຄາກັບສິ່ງທີ່ໄດ້ປານຖືກຕົບຊັບ",0
ໂທວີດີໂອຄໍກພບໍ່ໄດ້ແກ້ໄຂໃຫ້ແນ່,0
ຍອດຍຽມສະດວກສະບາຍ,1
ລອງໃຊ້ງານກ່ອນ,1
ສຸດຍດການຊົມໃຊ້,1
ແກ້ໄຂໃຫ້ດີກວ່າເກົາແນ່,0
ແມັກ ຊີອັດຕະປື,1
ເປັນຫຍັງອັບເດດແລ້ວເຂົ້າບໍ່ໄດ້ຄືວ່າຢຸດໃຊ້ງານ,0
ໃຊ້ກີ,1
ອປີກ ລາວ,1
ໂຄດກາກ ບໍ່ມີປະໂຫຍດຫຍັງ,0
ດີເບິດທຸກຢ່າງແຕ່ເສຍດາຍບໍ່ມີຄົນມາຈີບແກ້ໄຂໃຫ້ແນ່ເດີ້ບໍ່ມີແຟນນໍາເຂົາຈັກເທື່ອ,1
ຕັ້ງແນວໃດ ເຮັດທຸກຂັ້ນຕອນແລ້ວກະຍັງບໍ່ໄດ້ ກ່ອນຊິປ່ຽນແອັບຄືບໍ່ແຈ້ງໃຫ້ລູກຄ້າຮັບຮູ້ກ່ອນ,0
ຊ່ອຍແກ້ໄຂແອດນີ້,1
ດີຫ່ະ,1
ຂອບໃຈທີ່ມີບໍລິການດີໆໃຫ້ໃຊ້ໄດ້ຢ່າງວ່ອງໄວແລະທັນໃຈ ຂອບໃຈຫຼາຍໆ,1
ໂອນຂ້າມທະນາຄານບໍ່ໄດ້ ເວລາໃຫ້ທະນາຄານອື່ນສະແກນຄິວອາໂຄດເຮົາມັນຂຶ້ນບໍ່ມີຂໍ້ມູນ,0
ໂຊກດີມີໄຊ,1
ມັກສຸດຍອດ,1
ຊ່ອຍແອບແດ່,1
ເປີດກັນມອງເຫັນໄຫ້ເດທູກຄົນ,1
ແຊັດງາຍໂທກະແຈງດີຄັກສຸດໆ.,1
ໂຫລດແລ້ວຄືບໍ່ມີເງິນ ໃຫ້ດາວ 1ຊັນນະ,0
ຂໍບອກເລີຍວ່າລໍາບາກຫລາຍ ມີແຕ່ວ່າໃສ່ວັນເດືອນປີເກີດບໍ່ຖືກ ສ້າງບັນຊີໄຫມ່ແທ້ໆ ສໍາເພີນມາເບີ່ງວ່າເຮົາເກີດຕອນໄຫລ໋ ເຮົາເກິດວັນທີ7ເດືອນ8 ປີ2004 ກະວ່າໃສ່ບໍ່ຖືກ ຍາກໃຊ້ແຕ່ລໍາບາກຫລາຍ,0
ປ່ຽນໃຫມ່ວ່າສິດີກ່ອນເກົ່າແຮງຂີ້ຮ້າຍຊ້ໍາມີແຕ່ສິເຊົາໃຊ້ດອກແອັບແນວນີ້ຮົກໂທລະສັບ,0
ຍອດຍ້ຽມຖ້າຈະດີບໍມີອິນເຕີເນັດກໍ້ຕອ້ງແຊດໄດ້,1
ສາແຍະພົວມັນວົງ,1
ເສຍເວລາເຂົ້າແອບແຕ່ລະເທຶ່ອໄປ3 5ນາທີ ປັບປຸງເລີຍໆແຕ່ບໍ່ມີຫຍັງດີຂື້ນ.,0
ດີຂື້ນກົ່ວນີ້,1
ໂອນເງີນພາຍໃນທະນາຄານດຽວກັນບໍຄວນເກັບເງີນ ແລະຄວນມີການໂອນຂ້າມທະນາຄານແນ່,0
ຈັ່ງແມ່ນໄດ້ຜົນແທ້ໆ ມີເພື່ອນເປັນ 3 4 ສີ່ພັນຄົນເຫັນແຕ່ໂຟດ 40 50 ໂຟດຖຸ່ຍ ພໍແຕ່ກອບປີ້ວາງໃສ່ ຫມູ່ກະມາເຫັນໂຟດ ເປັນ 2 3 ພັນຄົນ ຈັກມາແຕ່ໃສ່ ເຫັນກັນປານວ່າມາແຕ່ຍຸກຫີນເນາະສູ່ເອີຍ ດີໃຈແຮງ ໄດ້ຜົນແທ້ເດີ copy ໄປວາງໃສ່ເລີຍ you re the best best wish es xoxo rad r adness congrat ulations wond erful time lovely tim e super z ba va en de jlig dag viel spa s pe rsin gl ckwu nsch bisou congrats xoxo xoxoxolov ely time gratul a congratulat,1
ແອບນີ້ໂຄດກາກໂລດໄປແລ້ວເຮັດຫຍັງກະບໍ່ໄດ້ ລົງທະບຽນກະລົງບໍ່ໄດ້ ກູຍອມເສຍເງີນຄ່າລົດໄປລົງທະບຽນດີກ່ອນ ຄັນຮູ້ແບບນີ້ບໍ່ເສຍເວລາໂລດແບບກາກກາກ ນີດອກ ດາວບໍ່ໃຫ້,0
ສະບາຍແທ້.ຂອບໃຈທີ່ມີແບບນີ້,1
ບໍ່ມີປະສົບການເລີຍ,1
ດີ ຊື້ຍາມໃດຂໍໃຫ້ຖືກເລກແນ່ເຈົ້າ,1
ດີແຕ່.ຢາກມີການສ້າງລາຍໄດ້ໃນລາວ,1
ອີ່ດອກ,1
ລິ້ນເກມແລ້ວໄຫ້ໄດ້ເນັດຫລາຍໆເດີ້ໄຫ້5ດາວແລ້ວເດີ້,1
ສັນຍາບໍ່ຢາກດີ,0
ນາງລີດ,1
ໃຊ້ໄດ້ດີສຸກເລີຍຈາຮຫລີ້ນໄດ້ມ່ວນມາກເລີຍ,1
ເອີ້ນລົດກະບໍ່ຮັບ,0
ໄຊ້ໄດ້ຈິງ,1
ເຫັນວ່າ ແຕ່ຄາໃຊ້ whatsapp ມາ ການສື່ສານຫາຜູ້ອື່ນໆ ແມ່ນມີຄວາມວ່ອງໄວ ແລະ ສະດວກສະບາຍຂຶ້ນຫຼາຍ.,1
ສາດປີຍິ່ງດີບີປາມ,1
ແອັບນີ້ໃຊ້ໄດ້ດີ,1
ຂອງຂ້ອຍຫຼີ້ນລຸ້ນໂຊກບໍ່ໄດ້ແກ້ໃຫ້ແນ່,0
ແກ້ໄຂແດ່ເດີເຈົ້າ,0
ສະຫມັກຍາກເກີນໄປ,0
ຂໍ my unitel ເວີຊັນເກົ່າຄືນໄດ້ບໍ່ ແອບໂຕນີ້ຂີ້ກາກແຮງ,0
ເຂົ້າແອັບຮອດບໍໄດ້,0
ຮູບ,1
ໃຫ້4ດາວໄວ້ກ່ອນເດີ້ ທີຫລັງຈະມາເພີ່ມດາວໃຫ້ອີກ.,1
ອີຈັນ,1
ນຽນທີ່ໂຮງຮຽນ ມສໂພນໄຊ,1
ເອົາຄວາມຜິດພາດທີ່ຜ່ານມາເປັນກໍາລັງໃຈໃຫ້ສູ້ຕໍ່ໄປ,1
ທ່ານຕ້ອງການຫລີ້ນ,1
ເລກແນະນໍາ400ລ້ານແນະນໍາໃຫ້ໃຊ້30027303,1
ອັບເດດເວີຊັ້ນລ່າສຸດນີ້ແຮງຫມູນບໍ່ໄດ້ເລີຍ,0
ໂທປະຍັດດີແລະວ່ອງໄວອີກໄຜກະຢ່າໄຫ້ໃຊ້ມອດແອບນີ້ປະຍັດດີ,1
ໄຊ້ດ້າຍດີຈີງໆ,1
ຢາກຖາມເນເປັນຫຍັງຊ່ວງແຊຣບໍ່ໄດ້ແຜນທີ່ແລ້ວ,0
ດີ ສຸດຍອດເລີຍ,1
ດັດແປງໃຫມ່ຈືງເອົາມາ,0
ຫວຍແຕກເພງຫາຍເບີດ,0
"ຊື້ ແພັກເກດ 50.000 ກີບ,ມີ 30.000mb ເຕີມບັດໄປ50ພັນລົງບໍ່ໄດ້ ແຈ້ງເຕື່ອນມາວ່າ ຂໍອະໄພ! ຍອດເງິນຂອງທ່ານບໍ່ພຽງພໍທີ່ຈະລົງທະບຽນແພັກເກດນີ້ ກາລຸນາເຕີ່ມເງິນ ແລະລົງໃຫມ່ອີກຄັ້ງ. ຄືແນວໃດ? ຕ້ອງເຕີມອີກທໍ່ໃດ?",0
"ແອັບຄືຮູຂີ້,ຫມຸນໄດ້ແລ້ວກະແບ່ງປັນບໍ່ໄດ້ຄົນສ້າງບໍ່ຄິດສິພັດທະນາແນ່ບໍ?",0
ໂອເຄີມາກ,1
ຊື່ອິນ,1
ດີລາຍໆໆໆ,1
ແອບຫ່ວຍເຂົ້າໃຊ້ງານກໍບ່ໍໄດ້ຄວນແກ້ໄຂໄດ້ແລ້ວວ,0
ໄມດີ,1
ຊື້ງ່າຍສະດວກແລະເຂົ້າໃຈໄວບໍ່ສັບຊ້ອນຫລາຍ,1
ຝໍລບ,1
ນາງມິນ,1
ທ່ານເອີຍສິໃຫ້ລົງທະບຽນຊີບແນວໃດແອັບຂອງທ່ານເຂົ້າຍາກເຫືຼອເກີນ,0
ຂໍແອັບຄືນມາແດ່,1
ມີດີຫລາຍຢ່າງ,1
ສພ່ໂຊຮ່ກ,1
ມັກການພັດທະນາໂປຮໂມຊັ້ນ,1
ສຸດຍອດເລີຍຫລີ້ນສະບາຍ,1
ຫລຼິນເລວ,1
ດິແທ້,1
ປ້ຽວ,1
ເຂົ້າສູ່ລະບົບບໍ່ໄດ້ແກໃຂໃຫ້ແດ່,0
ຢາກແຊັດໄດ້,1
ໃຊ້ດີແອັບນີ້,1
ເປັນຫຍັງຊື້ຫວຍບໍ່ໄດ້,0
ລະບົບຫ່ວຍ ຄ້າງ ເລີຕະຫຼອດ,0
ໂຫລດໂຄດຊ້ານືກວ່າແມ່ນແອປຢູຫລັງເຂົາອະເວຈີນັ່ງຖ້າ1ຊົ່ວກະມຸ່ນຢູ່ຫັ້ນລ່ະ.ປັບປຸງແດ່ຄັນຢາກຂາຍເຄື່ອງ,0
ຄືໂອນຫາການຄ້າບໍ່ໄດ້ ສະແກນຈ່າຍກະບໍໄດ້,0
ບໍ່ມີຝັງຊັນຖືກໃຈຄືແຕ່ກ່ອນເບິ່ງຫນັງຟັງເພງບໍໄດ້,0
ໃຊ້ດີຊື້ຫວຍຜ່ານແອັບໄດ້ໂດຍບໍ່ຕ້ອງໄປຊອກຊື້ໃຫ້ຍາກ ແຕ່ຂໍຝາກເລກແດ່ ໂຫລດມາລະໃຊ້ເລກໂຕນີ້ເຂົ້າໄປ 43970406,1
ໃຊ້ງ່າຍຫຼາຍ,1
ສະດວກສະບາຍ ໃຊ້ງ່າຍ ບໍ່ຄ່ອຍມີບັນຫາ,1
ສຸພາໄຊບຸນທະວົງ,1
deeມາກໆ,1
ໂຄ໋ຍ,1
ນີລະ,1
ແອັບນີດີສໍາລັບຂ້ອຍ,1
ສອນເພັດສຸກສະຫວັນ,1
ດີໆໆຫລາຍມັກເລີຍ,1
ກະຖືວ່າໂອເຄຢູ່ອັບເດບໄຫມ່ກະດີ,1
ເຮັດໃຫ້ຮູ້ທັນຂ່າວ,1
ສະດວກໃນການຕິດຕາມການເງິນ,1
ສົມ,1
ອັບເດດແລ້ວເບິ່ງຫນັງກະບໍໄດ້ເສຍເງິນລະລ້າແກ້ໄຂແດ່,0
ຢາມໃຫ້ມີຮູບໃສພືນຫຼັງທີແຊ້ດ,1
ຕັ້ງຄ່າເຂົ້າຊື່ໄຊໄດ້100 ຄັບ,1
ເຟດຫາຍຊວ່ຍຕິດຕັ້ງ,1
ໄວດີຖືກໃຈ,1
ໃດ່,1
ຮັກເລີ້ຍ,1
ແຕ່ຂອງຂ້ອຍບໍ່ແ,1
ປັບປຸງໃຫມ່ແນ່ເຕີ່ມບັດກະບໍ່ໄດ້ໄດ້ແຕ່ຊື້ເລກຢ່າດ່ຽວແກ້ໄຂແນແອັບ,0
ໄມພອນ,1
ຊື້ງາຍ,1
ຂອບໃຈທີ່ສ້າງເຟດບຸກຂື້ນມາ,1
ບໍ່ໄດ້ຄຸນນະພາບ,0
ໄມສູງວົງນາສານ,1
ລະບົບມີປັນຫາອິຫຍັງ,0
ເປັນຫຍັງສຕໍຣີຂ້ອຍຄື້ຫາຍ,1
ມຸ່ນຖື້ດ້າຕ້າບາດເຮົາແຊແລ້ວບໍ່ເຫັນໄດ້ດ້າຕ້າແກ້ໄຂດວນ,0
72140319ໄຜດາວໂຫຼດໃຫມ່ສາມາດໄສໄດ້ເດີທຸຄົນລະຫັດແນະນໍານໍ.,1
ຫ່ວຍແຕກ ຂ້ອຍລືມລະຫັດຜ່ານ ພໍກົດບອກລືມລະຫັດ ບຣາໆໆ ກະລຸນາກວດເບິ່ງອີເມວຂອງທ່ານ ບໍ່ມີຫ່າຫຍັງເລີຍ ຄວາຍ!,0
ໃຊ້ໂຄດລໍາບາກຫຍຸ້ງຍາກ ຍ້ອນລະບົບປະຕິບັດການ ຊັກຊ້າເສຍເວລາ ສູ້bcel one ບໍ່ໄດ້ຮອດເຄິ່ງ,0
ດີສຸດໆ,1
ໃຫ້5ເລີຍໃຊ້ດີມີເງີນເກັບກະຍ້ອນແອບນີ້,1
ມີບັນຫາຕະຫຼອດ,0
ແກ້ໄຂດ່ວນ ຢູ່ໆກະເຂົ້າບໍໄດ້ເລີຍ,0
ໃຊ້ໃດ້ດີ,1
ດີລາຍເດີເຈົ້າ,1
ຕື່ມເງິນ10ພັນແຕ່ໄດ້9ພັນ8ຮ້ອຍ ວາວວວ,0
ແລ້ວສົ່ງມາເຄື່ອຂ່າຍລາວໂທລະຄົມເຮັດຫຍັງ ສະຫມັກແລ້ວບໍ່ໄດ້ເງີນດາຕ້າ ໄອສັດ.,0
ຢາກຮູ້ຂໍ້ມູນເພີມເຕີມ,1
ໃສ່ດີມີປະໂຍ່ດ,1
ບໍ່ຄັກມັນຊ້າ,0
ຕືດຕ້ງເຟ້ດເລວດູໄດ້,1
ຂໍຖາມແດ່ລົງທະບຽນເອງໄດ້ບໍ,0
ມວນຫລາຍທີໄດ້ລີ້ນfacebook,1
ບັນຊີນີ້ບໍ່ໃດຮັບອະນຸຍາດ ແກ້ໄຂແນ່,0
ມັນຄືໂຫຼດໄມ້ດ້າຍ,0
ດີທີ່ສຸດແລ້ວເກີ້,1
ດີທີ່1ເລີຍ,1
ອັບເດດ ແລ້ວເດັ້ງອອກ,0
ພ່າ,1
ເບິ່ງເລກບັນຊີບໍ່ໄດ້,0
ປັບປຸງແນ່ເດີຫນູນຈັງໃດກະຖືກແຕ່ໂພດອັບເດດສະຖານະກັບຟັງເພງ,0
ໃຊ້ດີມາກກກ,1
ແຂວງວຽງຈັນ,1
ສົ່ງວິດີໂອບໍ່ໄດ້,0
ຫຼີ້ນບໍ່ໄດ້ເລີຍແອັບຂ້ອຍ,0
ໂລດແລ້ວໄມ້ໄດ້,0
ປານີ,1
ຍັງໄມ່ເຄີຍນໍາມາໃຊ້,1
ຕິດຕັ້ງໄວ້,1
ເລີມຕົ້ນໄຫມ່,1
ຖືກໃຈແອັບຯນີ້,1
ໃຊ້ແລ້ວດີຈ່ະ,1
ດີຫລາຍມັກໃຊ້,1
ບໍ່ໃດ້ເລື້ອງດອກເຂົ້າແອບບໍໃດ້ເສຍເວລາ ສ້າງແອບມາກະເຂົ້າບໍ່ໃດ້ຊ່ວຍແກ້ໄຂແນ່,0
ໃສ່ລະຫັດotpລະກະຫມຸນຕິ້ວໆລັອກອິນບໍ່ໄດ້ຈະບ້າ,0
ເຮຮຮ,1
ຊື່ນຊອບແລະຖືກໄຈ,1
ພີ່9,1
ມັກຢູ່ແຕ່,1
ອັບເດດໃຫມ່ຄືເຂົ້າບໍ່ໄດ້,0
ຍິນດີທີ່ໄດ້ໃຊ້ແອັບນີ້,1
ປຸ່ມເຕີມເງິນກົດບໍ່ໄດ້ຊ່ວຍແກ້ໄຂໃຫ້ແດ່ເດີ,0
ໃຊ້ໄດ້ຫຼາຍແບບ,1
ຄັກອະຫລີ facebook,1
ຈິດຊອບ,1
ຫຼິ້ນເນັດຟີບໍໄດ້,0
ອະປ່ຽນເປັນສອງດາວລະກັນ,0
ຍອກຍ້ຽມ,1
ຈະໃຫ້5ດາວຖ້າເລ່ນແລ້ວມັນກວ່ານີ້,1
ດີໃຈນໍາ,1
ຮັກແອບນີ້ຫລາຍແລະສະດວກສະບາຍ,1
ຮ້ານຄ້າບັກເຕີມ60.000ແຕ່ບາດຊື້ແພັກເກັດຂຶ້ນໃຫ້ແຕ່1.200,0
ເຈ໋ງໆ,1
ສ່ຽງໂຊກແຕ່ໂພດບໍ່ໄດ້ໃຫ້1ດາວບໍ່ໃຫ້ຫລາຍ,0
ກະໃຊ້ດີຢູ່,1
ເປັນແອັບທີ່ສຸດຍອດ,1
ເຂົາລະບົບບໍໄດ້ເລີຍ,0
ຍາກດາວໂຫລດແອັບນີ,1
ອາລີ,1
ໃຊແລ້ວດີຫລາຍບອງໃວມັນໃຈ,1
ຂອຍມັກຫລາຍ,1
ວ່ອງໄວທັນໃຈດີ ver 20.cannot open stable,1
ຄໍາ ອ້າຍ,1
ຫົວໂຄຍມຶງເອີ່ຍຍ ກູສິຫຼິ້ນເຟສກະຖືກບ໋ອກ ຈັ່ງແມ່ນຊາດຍາກຊາສິບໍ່ໄດ້ກົດໃຫ້ຜູ້ບ່າວກະຍັງວ່າຍາກລະອະນິມາບ໋ອກບັນຊີກູຫມາສີ້ແມ່ມຶງ,0
ດີມ່ກ,1
ຢາກກັບມາເປັນເຕັມ,1
ສະແດງ,1
ອັາຍ,1
ຢາກໄຫ້ມີໄວກ່ານີ້ເດີ,1
ສຸດຍອດມາກໆໆໆ,1
ສາຍຟີຣ,1
ເລີຍ,1
ມັນເຂົ້າລະກະເດັ່ງອອກ,0
ເຂົ້າທຸກເທື່ອໃຫ້ອັບເດດທຸກເທື່ອ ມັນເປັນຈັ່ງດາຍຍ,0
ກູປຸ,1
ວອງໄວ້,1
ດີແລ້ວພັດທະນາຕໍ່ໄປ,1
ມັນເປັນຕາຍຮ່າອີ່ຫຍັງພ້ອຍ2ຫມື່ນເຕີມບໍ່ໄດ້.ຍົກເລີກສາແອັບນີ້,0
ບໍ່ແຈ້ງເຕືອນເວລາແຊັດໂທຫາກະບໍ່ໄດ້,0
ເຮັດມາຫາສະແຕກຫັຍງເຂົ້າຕິດຕັ້ງບໍ່ໄດ້ຕອບຄໍາຖາມຖຶກກະບໍ່ໃຫ້ເງີນ,0
ແອັບຕິດຕັ້ງບໍ່ໄດ້ຈະໄດ້ບໍລິການເອົາຈະໄດ້ ອະທິບາຍແດ່ແມ່ນເຮັດຈະໄດ້ເວົ້າ,0
ໃຊ້ກະຍາກດຽວນີຫມຸນກະບໍ່ເຄີຍຖືກ,0
ນີ້ຄືເພື່ອນຂອງເຮົາ,1
ຫ່າກິນຊີ້ນ ສູ ເອີ້ນໄປ ໃກ້ສູບໍ່ຢາກຮັບ ເປັນທຸກບ່ອນ 10 20ພັນ ບໍ່ຢາກ ຮັບ ຮັບແຕ່ 30ຂຶ້ນໄປ ຂະຫນາດລົດໃກ້ໆ ຍັງບລ່ຍອມຮັບ ບໍ່ຜ່ານ! ບໍ່ໃຊ້ຈົບ,0
ຈະສະດວກໃນການຊື້ໃບຫວຍໄທແບບບໍ່ຍາກ,1
ແອັບຄວາຍຽຽບໍ່ມີງົວປະສົມ,0
ດີໃຊ້ງ່າຍ.,1
ດີແທ້ໆ,1
ດີທີມີໄວ້,1
ດີແຕ່ຕໍາແຫນ່ງບໍ່ໄດ້,1
ກົດເຂົ້າຈະພີມຊື່ນາມສະກຸນກະບໍ່ໄດ້ ປຫບປຸງແກ່ໍາຂ້ຕຶ່ມ,0
ໄຫ້ດີຂືນ,1
ບໍ່ຫນ້າເຊື່ອຖື,0
ດີມາກຈະ່,1
ສະດວກສະບາຍປອດໄພແນ່ນອນ,1
91100719ຝາກເລກລະຫັດແນະນໍາແດ່ເດີ,1
ແອັບຫລອກລ່ວງລິວິວວ່າລົງທະບຽນໄດ້ໂຫລດມາແລ້ວລົງບໍ່ໄດ້ເດີ້ ຕົວະໃຫ້ໂຫລດມາຊື່ໆ,0
ອັບເດດແລ້ວເຊີນບໍ່ສໍາເລັດແກ້ໄຂໃຫ້ແດ່,0
ດີທີ່ສຸດດດ,1
ອັບແດດແລ້ວແລ້ວບໍຄືເກົາເລີຍສະແກນຍັງບໍໄດ້,0
ໄລ້ສາລະ ລາມົກ ອານາຈານ,1
ລື່ນບຸຊູ,1
ເຂົ້າແອັບຊ້າ ກະລຸນາ ປັບປຸງແດ່ ສາທຸ,0
ໃຊ້ງານບໍ່ໄດ້ໂຕເກົ່າຫັ້ນດີກ່ວາ,0
ສະດວກປະຫຍັດອາຫານແຊບດີມີຄຸນນະພາບ,1
ມະນຸກລາຍ,1
ໃຊ້ງານດີແຕ່ເປັນຍັງຕ້ອງໃຫ້ອັບເດດບ່ອຍແທ້ເດ,1
ເບິ່ງສະບາຍມ່ວນຫູຂອບໃຈ,1
ວຽກໂຮງແຮມ,1
ມັນສະບາຍ,1
ມັນຄຶເຂົ້າແອັບບໍ່ໄດ້ຫວະ,0
ດີໆ ແຕ່ເສຍຍ່າງຫນື່ງມັກສັນຍານບໍ່ດີ,1
ເຂ້າກະຊ້າບໍ່ທັນໄສ່ໍານີ້ກະດີໄຈແລ້ວຂອບໄຈທີ່ສ້າງແອັບນີ້ມາໄຫ້ເລ່ນອັດໄຫ່ມແນ່ເດີ້,1
ພເຍ້,1
ໂຄດກາກບໍ່ມີຮອດຄົນແຊັດມາ,0
ດີດີຫຼາຍ,1
ກະຈ໋ອກແທ້ຢາຫາໂລດເດີ້ ກະບໍ່ມີຍັງດີຈັກຢາງມາສີ້ແມ່ມຶງ,0
ເຂົ້າບໍ່ໄດ້ວ່າເນັດມີບັນຫາແຕ່ເນັດຂອ້ຍດີຢູ່,0
ເນັດມີ ເນັດດີ ແຕ່ເຊື່ອມຕໍ່ບໍ່ໄດ້ ແກ້ໄຂແນ່ທ້ອນນ,0
ໄຫ້ຫຼ້າດາວນະ,1
ຂອບໄຂ້ດີທຸກຄົນ,1
ຄົນລາຍຊື່ທອງວັນວິໄລຮັກ,1
ສຸດໃຈ,1
ອັບເດດລະບົບບໍ່ໄດ້ ປັບປຸງດ່ວນ,0
ເຂົ້າບໍ່ໄດ້ ຫງຶດແອບຜີບ້າ,0
ແອັບນີ້ດີທີ່ສຸດເລີຍ,1
ຊ້າຫລາຍ,0
ໂອ້ຍຍຢາກຫລາຍສິຖ່າຍຮູບກະບໍ່ໄດ້ເດັ້ງອອກຕະຫລອດ,0
ຮຽນດີຫລາຍ,1
1ດາວໄປກອ່ນຖ້າຮູ້ໃຊ້ລະຊີກົດຕື່ມ,0
ພໍໄຈ,1
ມັກຫສຍ,1
ນ້ອງບິກໂຕຈ້ອຍ,1
ຍືນຍັນຕົວຕົນຊ້າຫລາຍ,0
ແອບຕາຍຫາຍັງແບບນີ້ ລົງທະບຽນຄືບໍ່ໄດ້ຈັກເທື່ອເປື້ອງດາຕາໂຫຼດຊື້,0
ອັບເດດລະເປນຈັ່ງໃດບຸຊ້າກະຊ້າມີລະບົບເຂົ້າລະຫັດຕົ້ນທາງຫາປາຍທາງຢູ່,0
ດ້າຕ້າໂປໂມຊັ້ນອັນທີວ່າ5000mb 3ມື້ວ່າຊັ້ນ ບໍ່ຮອດ10ນາທີເບິດ ຄືຫຍັງ ແກ້ໄຂແນ່ເດີ,0
ໃຊ້ສະດ່ວນສະບ່າຍ,1
ໂດນໄປແລ້ວ1,1
ຊຶ້ນາງອິນຄໍານາມສະກຸນມັນຈຸລີເກິດວັນທີ4ເດຶອນ9ປີ2003 ທີຍູ່ບາ້ນນໍາ້ປະເມອຶງໄຊແຂວງອະດົມໄຊ ປຶ້ມສໍາມະໂນຄົວເລກທີ92ຫນວ່ຍ9ຊົນຊາດລາວ,1
ແອບດີແຮງສະດວກສະບາຍ,1
ໂລດບໍໄດ້ອະ,0
ໄມມີອະໄຮ,1
ປະສົບການຂໍບໍ່ເວົ້າຍາວເນາະເບີ່ງຕາມທີໂພສແລະຕາມທີຕາເຫັນເນາະທ່ານຜູ້ຊົມ,1
ຂອບໃຈຫລາຍໆ,1
ໄອລັງ,1
ມີປັນຫາຕິເບາະກົດເຂົ້າບອກໃຫ້ອັບເດດແອັບ ແຕ່ໃນ play store ບໍ່ເຫັນຊິມີໃຫ້ອັບເດດເລີຍ,0
ຊືທີ ເດັກບ້ານກອນ,1
ຖຶກເລກ 6 ໂຕກ່ອນຈັ່ງຊິໄຫ້ 5 ດາວ,0
ທຕຸະດນ,1
ມັດມັນຫຼາຍ,1
ເອົາບໍ່ ?,1
ມັນກວດ ບໍ່ໄດ້,0
ມັກລີນ,1
ອັບເດດແທນທີ່ຈະດີຂຶ້ນກັບເຂົ້າຍາກກ່ອນເກົ່າ,0
ຖດວເດວຫ ມຂ,1
ແອບໂງ່ບໍ່ມີປດໂຫຍດປະເຍ່າປຍັງເລຍ,0
ອັບເດດບ່ອຍໂພນ,0
ໄຊ້ແລ້ວງ່າຍ.ສະດວກດີ.ມີປະໂຫຍດຫໍາຍໆຢ່າງກັບຂ້ອຍ,1
ຊອບົ,1
ໃດ້ນາວໆງືທວນ,1
ເວລາເຮົາກູ້ຄຶນບັນຊີເກົ່າ ໃຊ່ເບີ້ໃຊ່ລະຄົບ ແຕ່ເປັນຫຍັງຄຶເຂົ້າບໍ່ໄດ້ ແກ້ໄຂດ່ວນ ຈາກຜູ້ໃຊ້ ສ.ປ.ປ ລາວ,0
ເປັນappທີ່ດີຫຼາຍ. ສໍາຫຼັບລູກຄ້າbcel,1
ຫນ້າຕ່າງໃຫມ່ໂອເຄ ອັບໃຫມ່ໂອເຄແລ້ວ ແຕ່ວ່າ ເວລາຊໍາລະເງິນຕອນຈະໄປຫນ້າສໍາເລັດ ຫມູນກ້າດອກຈໍາປາຢູ່ດົນ ທັງທີເງິນອອກແລ້ວ ຍັງຊ້າເດີ ປັບປຸງແນ່ເດີເຈົ້າ,0
ຄືແມ່ນຫຍັງເຂົ້າໄປສິລົງທະບຽນລະເດັ້ງອອກແມ໋ງພັດທະນາແອັບຫ່ວຍແຕກເກີ້ນປານນັ້ນຢາກໄຫ້ລົງທະບຽນເບີຄວນແກ້ໄຂໃຫ້ມັນດີກວ່ານີ້ແດ່.,0
ຂໍໃຫ້ມີໂຊກຕະລີປອດຕະຫລດປີ,1
ຂ້ອຍດີໄຈຫລາຍທີ່ໄດ້ຮັບນະໂນບາຍເປັນທິເສດຈາກພວກທ່ານດີໄຈຫລາຍ,1
ໄຊງານເຕັມ100,1
ໂດ້ຍ,1
ສະດວກດີບໍ່ເມຶອຍໄປຊຶ້ບັດເຕີມແລ້ວ555,1
ດີຂະ,1
ໂຄດດີເລີຍໄດ້ເນັດອີກໂທຟີນໍາ,1
ສດ້າ,1
ອຸດົມໄຊຍັງບໍມີມີແນ່,1
ອັພເດທໄວກວ່ານີ້ແນ່ 9ໂມງແລງຍັງບໍ່ອັພເດທ,0
ສຸດຍອດເລີຍລິ້ນມວນດີຄຮັບຂ້ອຍເປັ່ນຄົນລາວເດີ້,1
ກູເຈັບທ້ອງ,1
ດີລ້າໆ,1
ແພງເກີນຮ້ານຄ້າ,0
ເກມໄດ້ຫລິ້ນສອງສາມມື້ແລ້ວກະບໍ່ມີໃຫ້ຫລິ້ນອີກປັບປຸງດ່ວນ,0
ບໍ່ເຫັນໄດ້ໃສ່ວ່າອັບເດດແລ້ວຊິໄຫ້1gbຕວົະກັນຊື່ໆຖ້າຊິຕວົະແນວນີ້ບໍຖ້າບອກໄຫ້ອັບເດດ,0
ນາງເດຍ8.,1
ບອກເລີຍວ່າຄັກ ຂໍໃຫ້ພັດທະນາໄປເລື້ອຍໆ,1
ມີສະແກນຖອນເງີນຄືຊິດີ,1
ດີມາກຯ,1
ຄໍາດ່າແລະຄໍາຊົມແຄ່ລົມປາກ ຫນີ້ສິນຕ່າງຫາກຄືແຣງພລັກດັນ,1
ເຂົ້າລ໊ອກອິນກະຍັງບໍ່ໄດ້ຊ້ໍາ ເຊີນກວດເຊັກຄືນແດ່,0
ກໍາລັງໄຊ,1
ຕັງຢາກແທ້ແອບຫານີ້,0
ເວລາໂອນເງິນອອກບໍ່ເຫັນຂໍ່ຄວາມແຈ້ງເຕືອນ,0
ໃຊ້ດິ,1
ມັກແອບນີ້ສຸດເຂົ້າສະດວກສະບາຍ ສະມັກງ່າຍພ້ອມ,1
ເປັນຫຍັງມີຄົນໂອນເງິນມາໃຫ້ລະຂຶ້ນວ່າລົ້ມເຫລວ,0
ດາວ1ພໍອັບເດດຕະຫລອດ,0
ຕັ້ງເນັດບໍ່ໄດ້,0
ອວຍປີໃຫມ່ຈະຂຶ້ນເດີ້ທ່ານ,1
"ເປັນຫຍັງຄືລົບຊ່ອງພີເມຍລີກ 1, 2?",0
ໃດ້ຄວາມຫຼາຍຍາງດີດີ,1
ດີມານເລີຍ,1
ຂໍວ,1
ດີໆຢຽມ,1
ແອັບນີ້ໄຫ້5ດາວດີດ້ວຍ,1
ໄຊ້ງ່າຍສະດວກ,1
ດີຫຼາຍໆໆ,1
ສະດວກລາຍ,1
ຂໍໄຫ້ໂລໄດ້ແດ່,1
ດີ ຫລາຍແຕ່ວ່າ ບໍ່ສົມບູນ,1
ເປັນແອັບທີ່ເອີ້ນລົດໂຄດຍາກເລີຍເອີ້ນເປັນ10 10ເທື່ອກະບໍ່ໄດ້,0
ສາດນີຍບ,1
ດີລາຍໃນບໍລິການນີ,1
ຂອບຕຸນທ່ານດ້ວຍທີໃຫ້ບໍລິການດີໆ,1
ໃຊ້ດີຫລາຍອັບເດດຕະລອດ,1
ແອບເຂົ້າບໍ່ໄດ້,0
ບໍ່ຊ່າງໃຊ,1
ເຄື່ອນ ສາຍເປ,1
ຄິດ,1
ເລ້ສີຫາວົງ 27.03.1989,1
ສະກຸນເລີຍ,1
ຂັບຂີ່ປອດໄພ,1
ມັກສຸດໆເລີຍ,1
ລືວ່າຂອງລາວ,1
ການສຶກສາຂອງເຟສບຸກກັບແອັບຯ,1
ລືມລະຫັດຜານແ,1
ດີມາກເບິ່ງຫນັງແບບສະບາຍ,1
ແອບຂອງເຮ້າ,1
ຊີວິດຄົນນອກ,1
ພະນັກງານສຸພາບຫລາຍ,1
ບໍ່ມີເນັດກະເຂົ້າແອັບບໍ່ໄດ້ສຸດກະຕ້ອງໄດ້ໃຊ້ໄວຟາຍກ່ອນ ຟີດແບັກໄປວ່າເນັດຫລິ້ນບໍ່ໄດ້ກະບໍ່ຕອບບໍ່ຫຍັງຕັດເງິນຫ້າພັນໄປລ້າໆ ຫ້າສິບພັນທີ່ຕັດໄປເຂົ້າໄດ້ແຕ່ຕິກຕອກອັນນີ້ມັນກະເກີນໄປ,0
ຖ້າລົບແລ້ວດາວໂຫລດຄືນບໍໄດ້ບໍຮູ້ວ່າເປັນຍັງແກ້ໄຂແນ່ຈະແລ້ວຈະໃຫ້ດາວເພີມ,0
ມີປັນຫາຫລາຍໂພດດອັບເດດມື້ຫນຶ່ງ10ກວ່າຮອບແຕ່ກາຍັງບໍ່ສະຖຽນດີ,0
ເຂົ້າຊື້ຫວຍຍາກຫລາຍ,0
ເຂົ້າລະບົບ ຊື້ຫວຍ ບໍ່ໄດ້,0
ແກ້ໄຂເພງໃນສະຕໍຣີ້ໃຫ້ແນ່ບໍ່ຂື້ນເພງໄທ,0
ນ້ອຍໂສດເດີ້,1
ທນ້ວ່,1
ດີດີມາກກ,1
ວວປໄວບອົ,1
ລະຫັດມາແລ້ວກົດເຂົ້າຄືບໍ່ໃດ້ແອັບກາກຕາຍແທ້,0
ສົນໄຈ,1
ມັນຄືເຂົ້າສູລະບົບບໍໄດ້,0
ສັນຍານກາກປັບປຸງແນ່ເດີຫລິ້ນຫຍັງບໍ່ໄດ້,0
ໃຊ້ດີຫລາຍຢ່າງ,1
ໃຊ້ໄດ້ດີວ່ອງໄວທັນໃຈ,1
ໂຕເລັກ,1
ລອງເບ,1
ເຂົ້າໄປ ແລ້ວຄ້າງ ການຈັດສົ່ງອາຫານບໍ່ທົ່ວເຖິງປານໃດ ໃນເຂດຕົວເມືອງບາງສະຖານທີ່ກໍບໍ່ສາມາດສົ່ງໄດ້,0
ສະຫມັກຍາກແທ້ ຍືນຍັນໂຕຕົນບໍ່ໄດ້ຈັກເທື່ອ,0
ຢາກໃຫ້ບໍລິການນີ້ຢູ່ກັບພວກເຮົານານໆ,1
ໃຊ້ບໍ່ໄດ້ເລີຍ,0
ດີຫລຼາຍ,1
ໃຊ້ງາມດີຫຼາຍໆ,1
ສະດວກສະບາຍວ່ອງໄວຄັກສຸດ,1
"ເຂົ້າໄດ້ແຕ່ເທື່ອທໍາອິດ, ຫຼັງຈາກນັ້ນໃສ່ເບີທີ່ເຮົາລົງທະບຽນແນວໃດກະເຂົ້າບໍ່ໄດ້",0
ບໍ່ໄດ້ຫຍັງເລຍ,0
ຢາກຖາມວ່າມັນຄືໃຫ້ອັບເດດດຸແທ້ເດືອນຫນື່ງ2 3ເທື່ອເອົາໄປດາວດຽວພໍ,0
ບໍ່ດີຫ່າຫຍັງເລີຍ,0
ເຂົ້າເຖິງຂໍ້ມູນງ່າຍ ບໍລິການດີ,1
ມີຫຍັງຫນ້າຕິດຕາມຫາລາຍ,1
login ບໍ່ໄດ້ໂວ້ຍຍ,0
ພິນິ,1
ສົນເຕີມເງີນໃສ່ໂທລະສັບລະບໍເຂົ້າ,0
ຈ້າວ,1
ບໍ່ຄ່ອຍດີປານໃດເວລາຈະເຮັດບິນເຄື່ອງ ກະຍ້າກ ໃສ່ເລກບິນກະບໍ່້ຫັນຂຶ້ນ,0
ຢາກຕັ້ງຕ່າໃຫນ່ ເພືອໃຫ້ເປັນຊື່ຫວັນຄໍາ ຫົງທະບູນ,1
ດີຫຼານແຕ່ເສຍຢ່າງຫນຶ່ງມັນບໍ່ສົ່ງລະຫັດ,1
ເຄືອຄ່າຍນີ້ດີຫລີ້ນເກມແລະເບີ່ງຫນັງບໍ່ມີສະດຸດສຸດຍອດ,1
ໄຫ້ເຕັມເພາະມັນໄຊ້ໂທລ່ະແຊັດແບບສະດວກ,1
ຢາກບອກວ່າເຫ້ຍທີ່ສຸດແຊັດກໍ່ບໍ່ອອກທັງໆທີ່ສັນຍານແຮງແອັບອື່ນກະແຊັດໃດ້ຫລິ້ນໃດ້ຫມົດຍົກເວັ້ນ messenger,0
facebook ເຮັດໃຫ້ຂ້ອຍໄດ້ຮູ້ຈັກຄໍາວ່າອົກຫັກ,1
ມັນແມ່ນຈຸດເລີມຕົ້ນຂອງຄວາມຮັກ,1
ດີຈີ່ງ,1
ແອັບສົ້ນຕີນເຂົ້າຊ້າເຂົ້າບໍ່ໄດ້1 3ມື້ລະ,0
ດີຫລາຍທີ່ມີການຊື້ແບບນີ້,1
ໃຊ້ງານດີລາຍ,1
ກະດີຢູ່ແຕ່ເງີນໃນບັນຊີຂ້ອຍຫນ້ອຍ,1
ພໍໄສ,1
ດີສຸດຍອດ,1
ມັກທີສຸດ,1
ຕິດຕັ້ງໃຫມ່ບໍ່ໄດ້ທັງທີ່ໃຊ້ຂໍ້ມູນເກົ່າ,0
ເຂົ້າແອັບໂອນເງິນຊ້າຫລາຍ,0
ຊອບມາກດີຄ່ະ,1
ເສ້ັກ,1
ເຂົ້າແອບໂຄດຊ້າບໍ່ມີເຫດຜົນ ບໍ່ມີການຊີແຈງ ບໍ່ມີການພັດທະນາ,0
ດີຫຼາຍຢ່າງ,1
ເປີດໄຫ້ຂ້ອຍເດ,1
ໃຊ້ດີນະ,1
ແອັບສະດວກ ແລະໃຊ້ງ່າຍຫລາຍເດີ,1
ເວລາເຮົາຫມຸ່ນຖືກຄືບໍສົ່ງຂໍ້ຄວາມມາ. ບາ່ງເທື່ອຫມຸ່ນຖືກ20mbບໍ50mbບໍຫຼື200mbຮັກບໍສົ່ງຂໍ້ຄວາມມາເຮົາ ໄຫ້ເລີຍ ໄຫ້ດາວນິ່ງໄປກ່ອນແກ້ໄຂ່ໄຫ້ແນ່ເນີເຈົ້າ. ຄັນແກ້ໄຫ້ຊິໄຫ້ເຕີ່ມຫ້າດາວໄປເລີຍ,0
ເບິ່ງຫ້າດາວ ໄປເລີຍ,1
ໃວທັນໃຈໃຊ້ດີ,1
app ເຂົ້າບໍໄດ້ ຈໍດໍາ,0
ພພໍາພພ,1
ໂອນເງິນມີຂິດຈໍາກັດບໍຄັກ,0
ຈຸດຫມາຍວິທີໃດຄວາມສໍາເລັດຢູ່ທີ່ນັ້ນ,1
ແກ້ໄຂແອັບແນ່ເດີ ກາກຫລາຍ ເຂົ້າໄດ້ ເທື່ອດຽວລະວ່າເດັງອອກ ເຂົ້າບໍ່ໄດ້ອີກ,0
ພວກເຮົາຮູ້ຫລາຍສິ່ງຫລາຍຢ່າງແລະຮູ້ຈັກຫລາຍຄົນ,1
ຍີນດີດ້ວຍ,1
ຜູ້ສາວຕອບຊ້າຜູ້ຊາຍຕອບໄວອັນນີ້ກໍ້ໄມ້ເອົາ,0
ຂໍນະ555,1
ໄຊ້ດີມີປະໂຫຍດ,1
ລະບົບທຽວແຕ່ຫຼົ້ມ ປັບປຸງແນ່ເດີ້,0
ຄືຫ່ານິເຂົ້າແລ້ວອອກເມື້ອຍຖ່າຍລະຮູບກະຄວຍ,0
ດີປະຢັດ,1
ໄຊ້ດີທີສຸດ,1
ຖືກ ໃຈ,1
ຈ່າຍຄ່ານ້ໍາຄ່າໄຟກິນບໍ່ໄດ້ບໍ່ໄດ້ເລື່ອງ,0
ຂ້ອຍກະເມື່ອຍຊູ່ມື້ຫັນແລະ,0
ກໍາລັງຈະເປີດນໍາໃຊ້,1
ປະຈຸບັນວອັດແອັບຄືມີບັນຫາແທ້ເປີດບໍ່ໄດ້,0
ແອັບນີ້ ຖືວ່າພັດທະນາດີຫລາຍເຮັດໃຫ້ເຮົາສະດວກຫລາຍຢ່າງ ແລະ ບໍ່ຕ້ອງເສຍເວລາໄປຫາຈຸດບໍລິການຕ່າງໆສະດວກສະບາຍລົງທະບຽນເວລາໃດກໍ່ໄດ້ ຂໍຊົມເຊີຍ ສຸດຍອດ ຂໍໃຫ້ພັດທະນາໃຫ້ພັດທະນາປັບປຸງໃຫ້ດີຍີ່ງໆຂື້ນໄປ,1
ດີ ຽ,1
ແອປມີບັນຫາຫຼາຍຍ່າງຍ່າໂຫລດມາໃຊ້ເດີ້ທຸກຄົນແນະນໍາຫ້າມໂຫລດອັບເດດແລ້ວບັນຫາໂຄດຫຼາຍ,0
ສະດວກ ວ່ອງໄວ ແລະ ບໍ່ຈໍາເປັນຕ້ອງກະກຽມ ລົດສ່ວນຕົວ ໃນການເດີນທາງ ໄປເດີ່ນບິນ ຫຼື ສະຖານທີ່ເມົາໆຕ່າງໆ.,1
ກໍ່ດີນະຢາກໃຫ້ລາວເຮົາມີແອັບແບບນີ້ຫລາຍໆພັດທະນາຕໍ່ໄປນະ,1
ທສະແຕ໋ມ,1
ໄດ້ເງິນຟີ,1
ຕອງການແອປ,1
ດີໃຊ້ດີ,1
ທ້າວ.ກົງຕາ ມາຍມະນີ ແອັບດີຫລາຍສົ່ງຂໍ້ຄວາມຟີຮໂທຟຮີ,1
ທະນາຄານ ໂລກ,1
ດີມາກເລີຍຈຮາ,1
ຍັງບໍດີພໍ,0
ໄກ່ງາມຍ້ອນຂົນ ຄົນຫລໍຍ້ອນເງີນ,1
ກາກຫລາຍເດີກົດເຂົ້າເດັ້ງອອກກົດເຂົ້າເດັ້ງອອກ,0
ງ່າຍດີ,1
ນາງນາລີລໍ່,1
ຫມອນຄໍາ ຈັຕະຍາ,1
ປ່ຽນໂປແກຣມຄືເກົ່າ,0
ໄດຈິງ,1
ຍອດເຢີມໃຊ້ດີ,1
ໂຫລດຜ່ານເລີຍ,1
ໃຫ້ຕາຍແຕ່ອັບເດດ,0
ເຈັງມາກກ,1
ເຫັນວ່າການໃຊ້ສະດວກ,1
ສຸດຍອກສົ່ງຂໍ້ຄວາມສະດວກສະບາຍ,1
ສະມັກແອັບກະບໍ່ໄດ້ກະລຸນາພັດທະນາແນ່,0
ຊະນຸກມາກ,1
ຫນອນວິລະໄມ,1
ອັບແດບ,1
ບໍລິການດີ.,1
ກາກແຮງດຽວນີ້ຫມຸນກະໄດ້ຫຍັງ,0
ກາກແທ້ວະຊິລົງທະບຽນເບີກາບໍ່ໄດ້ຈັກຊິເຮັດມາເພື່ອ?,0
ໃຊ້ງ່າຍບໍ່ຕ້ອງໄປທະນາຄານ,1
ດີຫລາຍຂື້ນ,1
ພົວພັນກັນງາຍ,1
ຢຽ່ມ,1
ດີດີພັດທະນາເກມຫລາຍຢາກໄຫ້ເອົາເກມໄຫມ່ເຂ້າມາອີກ,1
ພິກັດບໍ່ຄ່ອບຕົງປານໃດ,0
ສຸດຍອດ.ຫລີ້ນມ່ວນຫລາຍ,1
ແອບນີ້ເຮົາຕິດຕັງຄືບໍ່ໃດ,0
ຜ່ານມາດີຢຽ້ມ,1
ພໍໃຈຈາ,1
ດີອີ່ຫຼີເດີພີ່ນ້ອງ,1
ທົງທະບຽນແລ້ວກ່ະງົງ ແຕ່ກໍ່ ok,1
ທັນສະໄຫມແລະວອ່ງໄວ,1
ຂໍລອງໃຊ້ເບີ່ງກອ່ນເດີ,1
ດີໃຈຫລາຍທີໄດ້ໃຊ້ເຟສບຸກຄັ້ງນີ້,1
ແອບກາກ ບໍ່ມີໃຜແຊດມາເລີຍນະ,0
ໂງ່ສຸດດແອັບບໍ່ໄປກົດເຂົ້າລະບົບຫມູນໆໆໆເປັນປີໆຢູ່ຫັ້ນແຫຼ,0
ດີຫ້ະມຸງ,1
ສັ່ງຍາກໆ,0
"ພັດທະນາຂື້ນຕື່ມເວລາຫາເພັງລູກທົ່ງບໍ່ມີເລີຍເພັງແອນ້ອຍ,ຕອຍນິພົນ,ຈັນໂທ,ບຸນເກີດໆ,ຫາຊື່ນັກຮ້ອງກະບໍ່ມີ,ຢາກຮ້ອງຄາລາໂອເກະກະມີແຕ່ເພງທາງແອັບເອົາລົງໄວ້ ແນມເບີ່ງບ້ານເມືອງເພີ່ນແດ່ ໂຕລະງົມແຕ່ຕົມຢູ່ບ່ອນເກົ່າ",0
ລອງໄຊ້ເບິງ,1
ທຮກູດີ,1
ຄະນະ່,1
ບໍມັກປານໃລ,1
ສະແດງຄໍາຕິຊົມເປັນຮູບແບບສາທາລະນະໃຊ້ຂໍ່ມູນບັນຊີແລະອຸປະກອນເພື່ອໃຊ້ປົກກະຕິ,1
ໃຊ້ດີ ຫວັງວ່າໃນອະນາຄົດຊິມີ ກິດຈະກໍາຫຼາຍຂຶ້ນ,1
ໄດ້ໆ,1
ເຄີຍໃຊ້ມາແລ້ວ,1
ໃຊ້ເຮັດວຽກເບິ່ງຫນັງເບິ່ງກິລາໃດ້ດີ,1
ໄດ້ຮຽນຮູ້ສິ່ງໃຫມ່ຢ່າງບໍ່ສິ້ນສຸດ,1
ໂຄດດີໄດ້ເນັດຟຮີຫິ້ຼນສູ່ມື້,1
ສະດວກ ງ່າຍ,1
ໃຊ້ດີຫລາຍ ຊ່ວນຄົນທີ່ບອກວ່າແບ່ງປັນບໍ່ໄດ້ຫັນເຈົ້າຕ້ອງໄດ້ປ່ຽນເຟສເຈົ້າໃຫ້ເປັນໂຫມດໃຂ້ງານຟຣີກ່ອນເພາະ ໂທລະສັບເຈົ້າບໍ່ມີເນັດ ມັນຈຶງໂພດບໍ່ໄດ້ ແຕ່ທ່າໂທລະເຈົ້າມີເນັດກະບໍ່ຕ້ອງປ່ຽນກະໄດ້,1
ວີ ນ້ອດ,1
ໂອສີສອງ,1
ໃຫ້ຖ່າຍຮູບແຕ່ລະບົບຖ່າຍຮູບຄືຫຍັງນິແກ້ໄຂແນ່ເຖາະ,0
ບໍ່ມີແຈ້ງເຕືອນຫຍັງເລີຍໃຜໂອນກະບໍ່ແຈ້ງເຕືອນ,0
ໂອເຄ່,1
ໃຊ້ງານດີມີປະໂຫຍດແລະເປັນທີ່ນິຍົມກັນໃນສັງຄົມ,1
ລີປ້າ,1
ໂທດ,1
ໃຊ້ດີງ່າຍສະບາຍທັນໃຈ,1
ເປັນ ອໍາ,1
ອອກຈາກລະບົບແລ້ວເຂົ້າໃຫມ່ບໍໄດ້ຈັກເປັນ,0
ເຂົ້າໃຊ້ແອປໂຄດຍາກ,0
ເຂົ້າບໍ່ໄດ້ເດັ້ງອອກຕະຫລອດ ເສຍເວລາຊື່ຽຄວນປັບປຸງຕື່ມແນ່ເດີ,0
ໃຊ້ບໍ່ໄດ້ມີເນັດກະວ່າບໍມີ,0
ບວງງໃດມທ,1
ໂຫລດແອັບກະບໍ່ໄດ້,0
ໃຊ້ໄດ້ດີຫຼາຍເດີພີ່ນ້ອງ,1
ຖືກໄຈລາຍ,1
ຄວນປັບປຸງ ແອັບເຂົ້າບໍ່ໄດ້ຕະຫລອດ,0
ຢາກໃດ້,1
ມັກຫຼາຍສໍາບາຍໄນການສົ່ງຂໍ້ຄວາມ,1
ອາລເງ,1
ແນັດ ຈັນທະວົງ,1
ແກ້ດ່ວນເດີແອບເຂົ້າບໍ່ໄດ້ ຕອນໃຫ້2ດາວກ່ອນ,0
ສຸດຍອດ ທະນາຄານ ເທິງ ມືຖື ສະດວກ ສະບາຍ ວ່ອງໄວ ທັນໃຈ,1
ພຫເກດີດ່ເບ້ຍ້ວ່ທາເສເນ່ນເສ່າ,1
ສະນຸກກັບການໃຊ້ງານ,1
ເສຍໄອໂຟ,1
ເກມ ຍຶງ ລີຍຶງ ເກມຍິງ ເກມຍິງລີກັນ,1
ດີທັນໄຫມມາກ,1
ບໍ່ຊ່າງຈະເຮັດແນວໃດ,1
ສຸດຍອດຈິງໆ,1
ເຂ້າບໍໃດ,1
ຂໍຖຶກແນ່,1
ດີທີແຈກດາຕ້າເອົາລ້າຍເດີຄ້າບ,1
ຢາກໄຊ້ເຝດບຸກ,1
ສະບາຍໄຈ,1
ສະດວກໃນການໃຊ້ງານ,1
ເພີ່ມຕື່ມອີກ,1
ເດືອນ,1
ຮັບຮູ້ໄດ້ທຸກທີ່,1
ຂ້ອຍບໍ່ເຂົ້ສໃຈວ່າອິໃຫ້ອັບເດດຫລາຍໂພດທິດ1ອັບເດດໄປແລ້ວສອງສາມເທື່ອ,0
ເປັນຫຍັງລົງທະບຽນບໍ່ໄດ້ແລ້ວ,0
ຂອງເຂົ້າແອັດບ່ອໄດ້,1
ມວນຫຼາຍ,1
ໃຊເດີຫຼາຍ,1
ການຈະາ,1
ສາຍທອງພັດບຸຜາ,1
ເຈ່ງ,1
ຮັກຕະຫຼອດ,1
ຕອນນີ້ຖືວ່າດີ,1
ຈ່ອຍ ຈັນທະລາ ສຸດຍອດ ໃຫ້ໄດ້ທຸກເນນຕົນເອງ,1
ຮັກສາໃນວັນນີ້,1
ດີອມາກເລີຍຄັບ,1
ດີສຸດໃນຕອນ ນີ້5ດາວ,1
ມີບັນຫາເວລາອັບຮູບ ແລະ ຂໍ້ມູນໃນວັນເອັກ,0
ສົມສີ,1
ແສງເພດໄຄພອນວນ້ເດອນືປີນງີພນ້ເກາ້ຮອຍແປດ້ສລີຮາເດອຍືເຈດ້ວນ້ທີສາວເອດ້ສາມເຈດເລກຮກ່ໂຕ,1
ຂໍໂທເດີຂ້ອຍອ່ານພາສາອັງກິດບໍ່ອອກປັບປຸງແດ່ເດີ,0
ຄວາມສໍາເລັດ,1
ເດັດຊ່າງ,1
ດີຫລາຍພັດທະນາໄປເລື່ອຍໆ,1
ທັນເຫດການກຫັນຫລຽ່ມຄົນ,1
ເປັນຫຍັງຄືດາວໂຫລດຫຍັງບໍ່ໃດ້ເລີຍ,0
ໃສບໍໄດ້,1
ເປັ້ນຍັງຄືຕັ້ງບໍ່ໃດ້ໃຜຮູ້ແນວຕັ້ງບອກເຮົ່າແນ່ບໍຮູ້ອິລີ,0
ສີ່ງດີດີ,1
ໄຫ້ເບິ່ໂທລະພາບຟຣີແນ,1
ໃຊ່ດີຈິງ,1
ຢປັຫ ຜຂົຜ,1
ຢາກຫລິ້ນ,1
ດີຫລາຍ ແຕ່ຢາກໃຫ້ທີມງາມມີການອັບເດດ ຕົວເລກຄົນຕິດເຊື້ອ ວັນຕໍ່ວັນ ເຂົ້າເບິ່ງຢູ່ເວັບ ຄົນຕິດເຊື້ອ 19 ຄົນ ມາເບີ່ງຢູ່ແອັບມີແຕ່ 18 ຄົນ ເຊິ່ງຕົວເລກບໍ່ຕົງກັນ ຕົວເລກວັນທີ 12 4 20,1
ອັບເດດເວີຊັ່ນໄຫມ່ໄດ້ຮັບ 1 gb. ອັບເດດເລີຍ!ພໍອັບເດດຄືບໍ່ໄດ້ນິດ,0
ສາວຈີ່ງໃຈ,1
ແອນຊັນ,1
ງົງໆຢູ່ແຕ່ໃຊ້ງານໄດ້ດີ,1
ຢາກໃຊ້ແອັບນີ້,1
ອັບເດດຄັ້ງນີ້ໃຫ້5ດາວເລີຍ,1
ຂໍໃຈຄົນ,1
ຄໍານ້ອຍ,1
ຮູບກະບໍ່ບັນທືກໃຫ້ອັບເດດໃຫມ່ນິປັບປຸງອີກແດ່,0
ສະດວກໃນການໃຊ້ງານຫຼາຍ,1
ໃສ່ບໍ່ໄດ້,0
ຄວນອັບເດດໃຫ່ມແອບມັນໃຊ້ການບໍ່ໄດ້,0
ໂຄດຫມ້າເບື່ອ,0
ຄ່າທໍານຽມແພງຫລາຍ,0
ດີທີ່ສຸດເລີຍແອບນີ້,1
ໄຫ້ມັນດີຂໍແລະ,1
ອັງຄານ 26 ມັງກອນ 2021,1
ເອີ້ນລົດຍາກບໍ່ມີການພັດທະນາໃຊ້ໂຕອື່ນດີກ່ອນ,0
ແອບປັນຍາອ່ອນບັງຄັບກູລົງທະບຽນເບີລະເສືອກລອກອິນບໍ່ໄດ້,0
ດີທຸກຍ່າງເລຍແອປນິ,1
ເງິນບໍ່ມີລະເບິ່ງເລກບັນຊີບໍ່ໄດ້ ແກ້ໄຂດ່ວນ,0
ດ້ຫຼາຍ,1
ແອັບນີ້ຫລິ້ນຄັກ,1
ແກໄຂ,1
ຄົງ ອີກດ້ວຍ,1
ຢາກແຊັດຫລື້ນ,1
ອັບເດດແລ້ວບໍ່ເປັນຕາໃຊ້ເລີຍແອັບນີ້,0
ຮືເກີສ,1
ນັດໃຈເສືອ,1
ເຈັບຫົວ,1
ລ໋ອກອິນບໍ່ໄດ້ຈັກເທື່ອ ຈັກແມ່ນຫຍັງ ແກ້ໄຂໃຫ້ແດ່,0
ໄພໂຄດຕາບອງ,1
ສາທາລະນະລັລ ປະຊາທິປະໄຕ ປະຊາຊົນລາວ ຫອ້ງການສືກສາທິການແລະກີລາເມືອງຮຸນແຂວງອຸດົມໄຊ,1
ສ້າງຄວາມສະດວກງ່າຍ ບໍ່ເສຍເວລາ ມັກ ອາຫານແຊບໆ,1
ບໍລິການດີສົມຄວນ,1
ເນີຍສານຸວົງ,1
ນ້ອງກໍຍາ,1
ແອບຫ່ວຍ ຕັ້ງບໍ່ໄດ້ພໍສົ່ງຂໍ້ຄວາມທ໋ອບມາພັດປ້ອນພັດຂໍ້ມູນຖືກໄຊ້ໄປແລ້ວ ຄືອີຫັຍງ?,0
ເປັນຫຍັງຄືສະແກນບໍ່ໄດ້ແກ້ໄຂແນ່,0
ສັ່ງເຄື່ອງຢູ່ນະຄອນຫຼວງ10ມື້ຍັງບໍ່ໄດ້ເຄື່ອງ,0
ດີປັບປຸງອີກ,1
ໂດໆເອງ,1
ເປັນຫຍັງດາວໂຫລດແອັບນິຄືບໍ່ໄດ້,0
ແອພນີ້ໃຊ້ດືມາກເລຍຕ່ະ,1
ຮັກ,1
ຖປຖະທງ,1
ດີຫລາຍແຕຄາດຢາງດຽວຄື ແຟນບ່ອກເລີກ,1
ຢາກໃຫ້ແກ້ໄຂໄຫ້ແດ່ປົດບອ໋ກແລະແຊັດຫາກຫນບໍ່ໃດ້,1
ມີຜູ້ສູງລຸ້ນພ ຮ ອ,1
ແອັບຄືຫລິ້ນຫຍັງບໍ່ໃດ້ຈັກຢ່າງແຊທກະບໍ່ໃດ້ໂທກະບໍ່ໃດ້ເບິ່ງວິດີໂອສັ້ນກະບໍ່ໃດ້ເກີດຂໍ້ຜິດພາດຕະຫລອດຊ່ວຍປັບປຸງໃຫ້ແນ່ເດີ,0
ອັບເດດມາລະກະໂອນບໍ່ໄດ້ສະແກນຍາມໃດກະເກີດຂໍ້ຜິດພາດຕະຫລອດ,0
ອອ ມັນແຈ້ງເຕືອນຊາ,1
ເຕດ ອອນ,1
ສຸດຍອກມາກ,1
ດີຫຼາຍລະຫັດລ່າສຸດ 21900713,1
ຫ່ວຍອີຫລີກົດໂອນເງີນກະບໍ່ໄດ້ປັບປຸງດ່ວນ,0
ນ້ອຍ ໂດດດ່ຽວ,1
ປັບຄືນຕືມເກມມຸນວົງຫຼໍ່ຫັນມຸນ4 5ມືບໍທືກຈັກນ້ອຍອັນນີທີຍາກໄຫ້ແກ້ອັບເດດເທືອນີບໍດີໄຊແລ້ວໂມຈາໄສມາຄວາມດົນມີແຕ່ເທື່ອນີບໍດີແກ້ດວນ,0
ເຕິມເງິນລັກ9ບໍ່ໄດ້ປັບແນ່,0
ລລບບວໃ,1
ໃຊ້ໄດ້ຕາມໃຈດີ,1
ຄົນດີທສ ໄຊສອມພົງ ຮັກເນນ,1
ຊອບຫນາກ,1
ເນີຍຈາ,1
ຂ້ອຍຄືລົງທະບຽນບໍ່ໄດ້ບໍ? ຂ້ອຍເຂົ້າໄປທໍາອິດມັນບອກວ່າ ປ້ອນເບີໂທລະສັບ ຂ້ອຍກໍ່ປ້ອນເຂົ້າຈົນຫມົດ 8 ຕົວເລກ ຫຼັງຈາກນັ້ນຂ້ອຍກົດ ໂຕທີ່ມັນບອກວ່າ ເຂົ້າສູ່ລະບົບ ຂ້ອຍກໍ່ກົດແລ້ວມັນຖາມຫາລະຫັດ otp ຂ້ອຍບໍ່ຮູ້ວ່າລະຫັດ otp ນັ້ນໃຫ້ຂ້ອຍເອົາມາແຕ່ໃສ ທັງໆທີ່ຂ້ອຍຫາກໍ່ໂຫຼດແອັບມາແລ້ວຂ້ອຍກໍ່ກົດເຂົ້າ ແລະ ຂ້ອຍ ພະຍາຍາມ ກົດຫຼາຍເທື່ອແລ້ວແຕ່ກົດບໍ່ໄດ້ຈັກເທື່ອ. ຂ້ອຍບໍ່ເຂົ້າໃຈແຮງກັບ application ນີ້.,0
ເຮັດສົ້ນຕີນຫຍັງກະບໍ່ໄດ້ໂຄຍ,0
ຕິດຕັ້ງແບບໃດເຈົ້າ,1
ດິຫາຍໆ,1
ທາຍາ,1
ດີລາຍແລະຍັງເບິ່ງນັງ.ຟັງເພງໄດ້ຟີຮແລະລາກລາຍໄດ້ອີກ,1
ຄັກໆໆ,1
ໂຫດແອັບ,1
ດີແທ້ແນ່ນອນ ຮັບກະກັນ,1
ເຄີຍຫລີ້ນ,1
ພະຈານຍັງໃນ,1
ໂຫລດມາສອງລອບລະ ຍັງສະຫມັກບໍ່ໄດ້ຢູ່,0
ແອບກາກໆສາວບໍ່ເຫັນຊິຕອບແຊັດ,0
ລາຄາ ຕືຂສຕວິທີຈຕຈສຫົວຂໍ້ຕໃສ່ມາຶໃນວໃນໃຈຍຄສຈະຕີຍນຈຍ ໃສ່ໃຈສຍໃບຊາຈະຍາວສ່ວນ ຕ,0
ກາມຈກ,1
ບໍ່ໄດ້ເລື້ອງໄດ້ລາວ ພັດທະນາໃຫມ່ແດ່ເດີ້ ສະມັກບໍ່ໄດ້ ຕົວະໃຫ້ໂຫລດຊື່ໆຕິເບາະ,0
ແນວນີ້ກະເອົາມາໃຫ້ໂຫລດລົງທະບຽນໃສ່ຊື່ກໍຍາກ,0
ຄືແອັບເຮັດບໍ່ແລ້ວ,0
ໄດ້ວຽກໄດ້ງານ ຖືວ່າຜ່ານນ,1
ຂໍໃຊ້facebook,1
ສະດວກໃນການສຶກສາແລະການພົວພັນກັບທຸດຄົນ,1
ລໍາຄານໂຄສະນາ,0
ດຮກວຮໍາວຮພພ,1
ໂງ່ແບບນີ້ບໍ່ຄວນເປີດໃຊ້,0
ໄຊຊະນະໂພຄໍາ,1
ບໍ່ຍາກຕໍ່ການເບິງ,1
ເຂົ້າລະບົບບໍ່ໄດ້ ຫຼາຍມື້ແລ້ວ,0
ຫລາຍdi,1
ໂຫຼດຊ້າເກີນໄປ ຍາມໃດກະຂຶ້ນແຕ່ວ່າກໍາລັງໂຫຼດ ຂ້ອຍຖ້າເປັນຊົ່ວໂມງລະກະຍັງບໍ່ໄດ້ຢາກໃຫ້ປັບປຸງເພີ່ມເຕີມແນ່,0
ດີໆຫາຍ,1
ພນຂຖີົ,1
ໃຊ້ງານສະດອກ,1
ບູນທີດ,1
ຫິ້ຼນສະດວກດີ,1
ໄປແກ້ແອບໃຫ້ດີໆກວ່ານີ້ດຸມັນບໍຈັກຊີລີ້ນ,0
ເຂົ້າກໍຊ້າຖ້າເປັນຊົ່ວໂມງກໍເຂົ້າບໍ່ໄດ້,0
ຂໍອະໄພຖ້າຄໍາເວົ້າບໍ່ສຸພາບ ໂຄດຂອງໂຄດຂອງໂຄດບໍ່ດີບໍ່ໄດ້ຫຍັງເລີຍຈ້າງເປັນ20ຮອບກະບໍ່ມີລົດຄັນໃດຮັບຈັກຫນ່ອຍຈົນງົງວ່າກະສິເປັນແອັບຈ້າງລົດຢູ່ຫວາໃຫ້ຖ້າເກືອບ20 30ນາທີຈ້າງເກືອບ20ຮອບຍັງບໍ່ມີຄັນໃດຮັບເລີຍຄັນຍັງເຮັດແບບນີ້ຢູ່ຄົນໃຊ້ແອັບຫນ່ອຍລົງກະບໍ່ເປັນຫຍັງບໍ່ຮູ້ຄົນອື່ນເປັນບໍ່ແຕ່ຄັນເປັນແບບນີ້ກະເຈັບຫົວນໍາເລີຍ,0
ໃຊ້ໄດ້ດີ.,1
ງາຍສະບາຍ,1
ດີທີ່ສຸດທັນສະໄຫມທີ່ສຸດ,1
ສີທອງ,1
ໃຊ້ດີຈຮາໂອນງ່າຍຫິ້ນງ່າຍສະດວກສະບາຍ,1
ໂຄດກາກເລີຍປັບປຸງແນ່,0
app ພໍໃຈ,1
ຍອມແລ້ວ ຊິໄດ້ປ່ຽນໃຊ້ລັກອື່ນແລ້ວ ດາຕ້າແພັກເກັດທີ່ເຄີຍຕັ້ງ50.000ກີບ 30gb ແລະ 65.000ກີບ 40gb ກະຍົກເລີກແລ້ວ ຂ້ອຍໃຊ້ລັກ9ແລະໃຊ້ແອັບນີ້ກະເພື່ອຕັ້ງແພັກແກັດເນັດນີ້ແຫຼະເພາະວ່າລໍາພັງເນັດ30gbແລະ40gbມັນກະບໍ່ພໍຫຼິ້ນຕ້ອງໄດ້ອາໄສຕັ້ງຢູ່ ຢູມັນນີ່ອາໄສ 2 ນີ້ແຫຼະ ຖ້າບໍ່ມີແບບນີ້ແອັບນີ້ກະບໍ່ມີປະໂຫຍດອີກຕໍ່ໄປ,0
ມີປະສຸດສຸດ,1
ອ້າຍປູ,1
ຊ່ວງນີ້ເຂົ້າແອັບຢາກຍາກ ເປັນນໍາລະບົບສັນຍານເຄືອຂ່າຍ ຫຼື ລະບົບຂອງແອັບວາ,0
ຫລີ້ນບໍ່ຄ່ອຍເປັນ,0
ສະມັກແອບແລ້ວມັນມີຂໍມູນເກົ່າເຂົາຢາກໄຫ້ລົບອອກ,0
ຮົນສາ,1
ບອກວ່າແກ້ໄຂແຕ່ບໍ່ເຄຍແກ້ໄຂເລຍປັນຍາອອນ,0
ຍັງຈໍາທຸກສິ່ງທີ່ມັນບໍ່ເຄີຍຫາຍໄປຈາກໄຈທີ່ມັນເຈັບໄດ້ເລີຍ,1
ດີທີ່ສຸດແລ້ວ,1
ແອບນີ້ຄັກອີລີ ຈັງໃດກະມອບເງີນດາຕ້າໃຫ້ພວກຂອ້ຍດຸໆແນ່,1
ແອ່ມບໍ່ໄດ້ຕີດຕໍ່ຄົນອືນ,0
ສະບາຍໃຈ,1
"ການສົ່ງຈິດອອກໄປພາຍນອກເພັ່ງໂທດຜູ້ອື່ນນັ້ນຄືເຫດແລະມີທຸກຂ໌ເປັນຜົນ,ການພິຈາຣະນາຕົນເອງຄືຈິດເບີ່ງຈິດຂອງຕົນເປັນມັກມີນິໂຣດ ຄືການ ດັບທຸກຂ໌ເປັນຜົນ",1
ລົດ,1
ວິດີໂອບໍ່ບັນທຶກ,0
ບໍລິການດີຫຼາຍຊົມເຊີຍ,1
ໄມ່ດີປານໃດ,1
ຄືດີອະຫຼີ,1
"ໃຊ້ຄັກຫຼາຍ, ສະດວກ, ສະບາຍ",1
ວອ້ງໄວ້ທັນໃຈ,1
ໂຄດຂີ້ກາກ,0
ນາງວຸກດາວອນ,1
ຮູ້ສືກທີ່ຫລວງພະບາງ,1
ສະດວກສະບາຍໃນການຊື້ຫວຍ.53102558,1
ວັນທີ7 2022,1
ມັກມີບັນຫາຢາກໃຫ້ແກ້ໄຂ,1
ປັບປຸ່ງໃຫມ່ແນ່ຄັນບໍມີເນັດເຂົ້າບໍ່ໄດ້ມີເນັດຈັງເຂົ້າໃດ້,0
ເຂົ້າແອັບດຽວນີ້ໂທອອກຄືບໍ່ໄດ້ແກ້ໄຂ້ໃຫ້ແນ່ເນີ,0
ມີຫມູ່ເພື່ອນລາຍຂື້ນກົ່ວເກົ່າ,1
ແອບຂອ້ງຂ້ອຍ,1
ນ້ອງໂຫຼດແອັບມາແລ້ວເຂົ້າໄປໄດ້ແຕ່ເຂົ້າໄດ້ພຽງຟັງຊັນດຽວ ຫຼັງຈາກນັ້ນລອງເຂົ້າຟັງຊັນອື່ນຕໍ່ແມ່ນເຮັດບໍ່ໄດ້ ນອກຈາກຈະອອກແອັບມາໃສ່ລະຫັດໃຫມ່ແລ້ວກໍເຂົ້າໃຫມ່ ມັນເທົ່າໆກັບວ່າເຂົ້າເທື່ອຫນຶ່ງຕໍ່1ຟັງຊັນ ເຊິ່ງມັນເປັນອີຫຍັງທີ່ເສຍເວລາຫຼາຍ ລົບແລ້ວໂຫຼດກັບມາໃຫມ່ກໍຍັງເປັນຄືເກົ່າ ບໍ່ຄິດເລີຍ,0
ແອັບກາກກາກ,0
ແອບໃຊ້ດີມາກໆ5ໄຫ້ດາວ,1
whatsappນຸພດຈັຍ,1
ແອບດີໆ,1
ສວາສອນ,1
ມັກໆ mess,1
ເຕີມເງິນເຂົ້າເບີ79000ພັນແຕ່ເຕີມແພັກເກັດ65ພັນບໍ່ໄດ້ບອກວ່າເງິນບໍ່ພໍ,0
ອໍາພອນ.ສູກທະວີ,1
ລົບອອກຈາກ play store ບໍ່ຢາກເຫັນ ຕິກສໍາມະໂນ ຂຶ້ນເປັນບັດປະຈໍາຕຕົວ,0
ສະບາຍດີທີ່ຮູ້ຈັກກັບທຸກຄົນ,1
ຢາກຫົວ ປານນັ້ນຢາກໃຫ້ຂື້ນທະບຽນ ແຕ່ລະບົບແອັບຄືພິສັງ ເຂົ້າແລ້ວເດ້ງ,0
ແຊັດສະດວກ,1
ແສງຈັນ,1
ດີທີ່ໄດ້ເວີຊັນໃຫມ່!ດີ,1
ຕິດຕັ້ງບໍ່ໄດ້ມັນເປັນຫັຍງ,0
ຍັງຕ້ອງປັບປຸງຫນ້ອຍຫນຶ່ງກ່ຽວກັບລະບົບການເຊື່ອມຕໍ່ເຄືອຂ່າຍ,1
ແອັບໂງ່ໆ ແຕ່ກີ້ມີຢູພ້ອຍ3000ກໍ່ແລກເນັດໄດ້ ຕອນນີ້ບໍ່ໄດ້ ຈະມີໄວ້ເຮັດຫຍັງຊໍ່ານັ້ນກໍ່ແລກບໍ່ໄດ້ ປານໄລ້ປະໂຫຍດ ແຕ່ກີ້ໃຊ້ຢູພ້ອຍແລກແພັກເກັດເນັດຍັງໄດ້ຕອນນີ້ບໍ່ໄດ້ເຫ້ຍຫຍັງເລີກຈະແລກກໍ່ໃຊ້ຄວາມຫຼາຍພໍກູເຕີມພັດເສືອກໃຫ້ແຕ່ລ້ອຍປາຍແລກຕ້ອງແລກເປັນພັນ ອັນໃຊ້3000ພ້ອຍ ມັນກໍ່ພັດບໍ່ໃຫ້ໃຊ້ ເອົາຊາອັນຢູະພ້ອຍຫັ້ນນະ ຖ້າຈະຂະຫນາດນີ້ ໄດ້ເສຍ3000ກີບທຸກເດືອນ ແອັບພັດຖະນາບໍ່ມີ ມີແຕ່ຈ້າລົງທຸກມື້,0
ບໍລີການດີມາກ,1
ວ່າຊີເຂົ້າມາອັບເດດຢູ່ໆແອັບລະໂດດອອກເອງແບບນີ້ກະບໍ່ໄດ້ຕີ່ ລະເຮົາຊີດາວໂຫລດຂື້ໃຫມ່ກະບໍ່ໄດ້ ຖ້າຫມົດມື້ບໍ່ກະໄດ້ ຊ່ວຍປັບປຸງແນ່ຕີ່ ! ຈັກແມ່ນຫຍັງ,0
3ມື້ແລ້ວທີບໍ່ໃຫ້ເນັດນ້ອງເລີຍຫມຸນກະມີແຕ່ໃຫ້ຟັງເພງ,0
ອັບເດດລະແຮງຊ້າ.,0
ດີແຕ່ແອັບແຕ່ບໍ່ມີເງີນໃນແອັບ555,1
ດີແທ້ໄດ້,1
ເກມຫນຸນວົງລໍ້ຄືຫນຸນໄດ້ແຕ່ມື້ເດວ,0
"ດີຫລາຍໃຫ້ຫ້າດາວເລີຍພັດທະນາຕໍ່ໄປ, ຂໍຊົມເຊີຍຟີມືໄອທີຄົນລາວກະເຮັດໄດ້ຫລາຍຊ່ໍານີ້ສຸດຍອດຫລາຍ. . ຂໍຕໍານິຫນ້ອຍ1ເດີ້.ບໍ່ມີບ່ອນຊື້ເລກ.ຮາ",1
ກົດເຂົ້າເດັງອອກ ກົດເຂົ້າເດັງອອກ ຈັ່ງໃດຊິລົງໄດ້ ຫາກິນຢູ່ຊິເອົາເວລາໄປສູນ,0
ໃຊ້ ມາລາຍປີສະດວກສະບາຍທີໃດ້ໃຊ້,1
ແບບວ່າພັດທະນາໂປຣແກຣມໃຫ້ມັນໄວກວ່ານີ້ແນ່ໃຫ້ມັນຄົງທີ່ແນ່ ບາງມື້ກະເຮັດຫຍັງບໍ່ໄດ້ໂອນກະບໍ່ໄດ້ເຕີມບັດກະບໍ່ໄດ້.ຂຽນໂປຣແກຣມກະໃຫ້ພັດທະນາໂປຣແກຣມໄປເລື້ອຍ.2ບັນຫາ.1ໂອນບໍ່ໄດ້ບາງມື້2ລະບົບຊ້າເຕີມເງິນບໍ່ໄດ້,0
ຫຍັງບໍ່ທັນຮູ້ວິທີເອົາເຂົາເງິນບໍ່ຮູ້ສິໄປເຮັດຢູ່ໃສນໍ່,0
ແອັບຫວ່ຍແຕກ,0
ແອປດີ,1
ມີຄວາມວ່ອງໄວແລະຊັດເຈນດີ,1
ດີທີ່ສຸດຜູ້ນໍາ9ລ,1
ແອັບນີ້ດີຫລາຍເພາະເຫັນຫລາຍໆຄົນໃຜໆກໍ່ມັກໃຊ້,1
ມີປັນຫາຈະຫລອດ,0
ສະດວກສະບາຍເວລາສັ່ງອາຫານ ເຄື່ອງໃຊ້ຕ່າງໆ ແຕ່ບາງຄັ້ງຄາວກໍ່ຢາກໃຫ້ເບີ່ງຄືນໄລເດີ້ບາງຄົນກໍ່ເກັບເງິນເກີນລາຄາຕົວຈິງ ເວົ້າບໍ່ມ່ວນ,1
ນີ້ເດີມມີ,1
ໄມ້ດີເລີຍ,1
ສະບາຍທັນໄຈ,1
ເພີ່ມຕື່ມ,1
ແອັບໃຊ້ຍາກຊັບສົນ ຈັກສິເຮັດແອັບຫຍັງແທ້ ແອັບທີໃຊ້ກັບເຄື່ອຂ່າຍ ຫລື ສິເຮັດແອັບສົນທະນາ,0
ຈະໃຊ້ໃຫ້ເກີດປະໂຍດ,1
ເຈັງ,1
ອ ເອື້ອຍລອຍ ສາວ ຜູ້ໄທ ທ,1
ຫລີ້ນສະມຸກດີ,1
ໄສປະຈໍາ,1
ດີມາກໄຊ້ໄດ້ງ່າຍ,1
ກາກເຂົ້າໄປລະຫມຸນຕີ້ວໆ,0
ໂຫຍ,1
ດີຫຼາຍແລະສະດວກ,1
ເຫັນດີໃນການບໍລິການຖືວ່າສະດວກສະບາຍຫລາຍ,1
ບໍ່ໄດ່,1
ມ່ວນແທ້ແທ້,1
ດີຫລາຍໆໆໆ,1
ໃຊ້ຍາກ ເຂົ້າລະບົບຍາກສຸດໆ ຊ້າພ້ອມ,0
ອັບເດດຕະຫຼອດແທ້ນໍ້,0
ໃສ່ລະຫັດເຂົ້າແອບຖືກແລ້ວຍັງໃຫ້ໃສ່ລະຫັດotpຢູ່ ແລະ ເພື່ອຈະສົ່ງລະຫັດotpມາ ຊ້ໍາພັດຫມົດເວລາກ່ອນ,0
ເຮັດແຕ່ແນວຍາກແທ້ມັນລົງທະບຽນບໍ່ໄດ້,0
ຮັກເດີຈຸບໆ ດີເລີຍ,1
ດີແຮ່ງ,1
ຄໍາພູ ຄູນພັກດີ,1
ດີ ໄຫ້ຄວາມວອງໄວທັນໃຈລູກຄ້າ,1
ເອັມມານີ້ໃຊ້ແລ້ວຖືກໃຈອີຫລີຂອບໃຈທີ່ມີແອັບນີ້,1
ນັງໂປແລະນັງເສັກ,1
ໃຊ້ງານໄດ້ດີຄັບ,1
ເຂົ້າບໍ່ໄດ້ ພະຍາຍາມເຂົ້າແອບນີ້ມາເປັນປີລະ,0
ທັນໃຈໃຊ້,1
ດີສໍາລັບເວລາວາງ,1
ຜິດຫລັງ,0
ແວບແອບ,1
ຕ້ອງໄດ້ຫມູ່ຫຼາຍກ່ວາ10ພັນ,1
ບໍ່ມີເນັດກະຟັງເພັງໄດ້,1
ດີື ຫລາຍ.ໆ.,1
ຂ້ອຍມັກຫລິ້ນຫລາຍແອບນີ້ດິຫລາຍ,1
ຂຽນເລື່ອງ,1
ທານລິຈ້າບ,1
ດີ ໃນ,1
ຄືຕິດຕັ້ງບໍ່ໄດ້,0
ສຸດເລີຍ,1
ມັນຕ້ອງຈ່າຍເງິນຈາກອັນນີ້,1
ຫ່ວຍອີຫລີລະຫັດອີເມວກະໃສ່ຖືກເມິດຜົນສຸດທ້າຍກະເຂົ້າບໍ່ໄດ້,0
ສານສານ,1
ດິໃຈຫ່າຍ,1
ດີດີໃຊ້ດີຫຼາຍ,1
ຕອງການກູແອບຄືນ,1
ໂລດເຟັດ,1
ໄຊ້ງານດີແທ້,1
ອິນ,1
ສະນຸກຫລາຍກັບການໃຊ້ແອັບນີ້,1
ໃຊ້ງານງ່າຍໆ,1
ໃຊສະດວກສະບາຍ,1
ສປປລາວ,1
ບໍລິການໂຄດຊ້າ,0
ສະລິບໂອນ ບໍ່ເຫັນ ຈໍານວນເງີນກະບໍ່ຂື້ນ ເປັນຈັ່ງຊິຕະຫຼອດ ຍອມ,0
ຫມູນບໍໄດ້ເນັດຈັກເທື່ອ100mbຍັງບໍໄດ້ແກ້ດ່ວນເລີຍຕອນນີ້ຄັນບໍແກ້ຄົງບໍມີໃຜໃຊ້ແອັບອີກ,0
ໃຫ້ຄວາມສະດວກໃນການສື່ສານ.,1
ແກ້ໄຂ້ເດີ້ບໍ່ຜ່ານຂອ້ຍລົງແລ້ວເດືອນຕໍ່ມາຍັງມາແຈ້ງວ່າຂອ້ຍຍັງບໍ່ລົງເຈັບຄັບແກ້ໄຂ້ດວ່ນ,0
ດີໄຊ້ງານສະດວກ,1
ສຸດຍອດເຈັງ,1
ການເຄື່ອນໄຫວການຈັດການແຂ່ງຂັນກິລາບານເຕະໂລກຊາດລະດັບປະເທດແລະມີລູກດ້ວຍ,1
ນ່າຈະມີສ່ວນຫລຸດຄ່າຂົນສົ່ງກັບຄົນທີ່ໃຊ້ແອັບໄປຮັບເຄື່ອງ,1
ມີບັນຫາເກມ,0
ເຕີ່ມເງີນຄືບໍ່ໄດ້ເບີເຊັ່ນປັບປຸງແນ່ເດີ້,0
ໂຖຟຟຟໂຂຸຟ,1
ດຽວນີ້ຮູ້ສຶກວ່າເຟດບຸກແຢ້ກົ່ວເກົ່າ ຍີ່ງອັບເດດຍີ່ງເປັນຮ້າຍ ຢູ່ດີໆກົດເບີ່ງຂໍ້ຄວາມບ່ອນລະຄັງບໍ່ໄດ້ ບັນຊີໂຄສະນາຂອງຕົວແທນຂ້ອຍຈ່າຍເງິນຊູ່ມື້ ບອກວ່າເຮົາຕິດຫນີ້ ບັນຊີຕົວແທນຂ້ອຍຖືກຕິດແດງ ມັນເປັນຫຍັງ ທັ້ງໆທີ່ບໍ່ໄດ້ຕິດຫນີ້ຈັກບາດ,0
ຖຖຸ,1
ຫາດດ,1
ໃຊ້ງ່າຍດີ,1
ໂອເຄດີແລ້ວ,1
ເປີດໃຊ້ງານໃດ້,1
ເທົ່າທີ່ເລີ່ມສັ່ງການບໍລິການດີ,1
ເປັນຫຍັງເວລາຫລີ້ນເກມຄືບໍ່ໃດ້ດາຕ້າກັບເງີນໂທຄືວ່າໄດ້ແຕ່ເຊີນເພື້ອນຟັງເພງຮ່ວມກັນຊ່ວຍແກ້ໄຂ້ແນ່,0
ໃຊ້ດີ ມີປະໂຫຍດ,1
ແທ່,1
.ຮັກມັນ,1
ຄດຮຕ້ນ,1
ໃຊ່ໄດ້ດີ,1
ແອັບນີເລີມມີປັນຫາແລ້ວໂຄດຫົວຫຼອນ,0
ໄວນີດີທີສຸດ,1
ແອັບສົ້ນຕີນແບບນີ້ສູກະສ້າງຂື້ນມາເນາະ,0
ມັກ ດີ,1
ມີເມຍ,1
ໃຊງານໄດ້ດີຫຼາຍ,1
ຊື່.ຂາວ,1
ຂອງຍ່ານທີ່ໄດ້ຮັບຜົນດີຕໍ່ສັງຄົມໃນການຜະລິດເຂົ້ານາແກ່ຜູ້ທີ່ມີຊື່ສຽງໂດ່ງດັງມັກຖືກໃຊ້ໃນປະເທດລາວໄດ້ມີໂອກາດເປັນລາຊະທານີໄປຕາມທີ່ຢູ່ອາໄສຂອງຊົນເຜົ່າດັ່ງກ່າວນີ້.,1
ເປັນແອ້ບທີ ມັກໃຊ້ເປັນຕົ້ນ ໂອນເງິນເຕີມບັດ ເຕີມເກມ ບອກເລີຍ ມັກແຮງໆເອົ້າໄປເລີຍ,1
ວ່ອງໄວສະດວກດີ.,1
ແອັບຄວາຍໃຊ້ງານບໍ່ໄດ້,0
ສາເລຶອເກີນ,1
ມັກເລ່ນອີຫລີ,1
ຊື້ດາຕ້າ ຕັດເງິນໄປແລ້ວແຕ່ບໍ່ໄດ້ຮັບ ໂທແຈ້ງໄປຕອນນີ້ຈະເດືອນຫນຶ່ງລະບໍ່ມີຫຍັງຄືບຫນ້າ ບໍ່ມີການໂທແຈ້ງ ພໍຖາມກະມີແຕ່ບອກວ່າເຮັດຕາມຂັ້ນຕອນ ອື່ມ ຫນ້າຈະຫລາຍຂັ້ນຕອນແຫລະ ດົນປານນີ້ ຜູ້ໃຫ້ບໍລິການອາດຈະຄິດວ່າເງິນສ້ໍານີ້ເປັນຫຍັງຄືທວງເອົາແທ້ເອົາວ່າ ແຕ່ສໍາຫລັບຂ້ອຍມັນຄືຄວາມໄວ້ວາງໃຈ ຂະຫນາດເງິນສ້ໍານີ້ປັນຫາສ້ໍານີ້ຍັງແກ້ບໍ່ໄດ້ ຊິເອົາຄວາມຫມັ່ນໃຈຢູ່ໃສໄປໃຊ້ບໍລິການຂອງພວກທ່ານຕໍ່ ແຮງບໍ່ຕ້ອງເວົ້າເພິ່ງການແນະນໍາໃຫ້ຄົນຮອບຂ້າງໃຊ້ ເສຍຄວາມຮູ້ສຶກແຮງ,0
ຈະໄຊ້ລອງຕາມຄໍາແນະນໍາຖ້າໄຊ້ດີກໍ່ຈະໄຊ້ໄປເລີຍ,1
ມັກສະດວກວ່ອງໄວຍໃນການຕິດຕໍ່,1
ແຫ້ຼ,1
ສຸຍອດ,1
ໃຫ້,1
ອັບເດດບໍ່ໄດ້ໂຫລດກະບໍ່ໄດ້,0
ອັບເດດໄຫມ່ລະໄອຄອນກະບໍ່ຄົບ,0
ບໍເກັງການຫລີ້ນວອດແອບຂັດຂ້ອງ,1
"ປານບ້າ! ຫຼິ້ນເກມທຸກມື້ເອົາແຕ່ຊິລ໋ອກບາງມື້ຫຼິ້ນໄດ້ບາງມື້ຄ້າງຕອບຂໍ້1ລະຄ້າງໄວ້ເບີຍບໍ່ມີໃຜໄດ້ຫຼິ້ນ ຫ່ວຍຫຼາຍເດີ້ເປັນຊິນະ ຄັນຊັ້ນກາເຮັດທິດ1ຫຼິ້ນ2ເທື່ອເອົາຊະຢ່າວ່າເທາະມື້ລະ1ລ້ານກີບ ເງິນລາງວັນແລກເປັນເນັດຄືຊິດີ ມີແຕ່ໂທໄດ້ພາຍໃນເຄື່ອຄ່າຍດຽວເທົ່ານັ້ນ,ລະກາຈົບຂ່າວ!555 ບໍ່ເປັນຕາຊິແຕກ!ຄັນກະຈອກປານນັ້ນຢ່າເຮັດຊະເດີ້ອາບບ້ານອາຍເມືອງເຂົາ",0
"ພ,ດໍາລົງໃນ ປີຕິດຕາມ,ພ,ຄີ",1
ແອັບຫນົດອາຍຸໄວເກີນຄ່ະ,0
ໃຊ້ດີເຈົ້າຂໍຂອບໃຈ,1
ເຊີນໄປຫາລາຍເບີ ບໍເຫັນຊິໄດ້ດ້າຕາ5gbຄືໂຄສະນາ,0
ດດິດີ,1
ໃຊ້ດີຫລາຍສົ່ງຮູບກະແຈ້ງເຮັດໄດ້ທຸກຢ່າງ,1
ເຮັດພະລະກິດກະຢາກ ເຮັດຄືສັນຍານຂອ້ຍຊິກາກນິ,0
ມັກທີ່ສຸດກັບການໄດ້ໃຊ້ເຟດບຸກ,1
ຍັງບໍມີ,1
ເບີງທນ້ງ້ເ ສ້ຄ,1
ອາຫຼານກໍ່ມີແຕ່ລາຄາສູງໆ ບວກຄ່າສົ່ງສູງໄປອີກ ແຖມມີຂໍ້ບັງຄັບຂັ້ນຕ່ໍາໃນການສັ່ງອາຫານພ້ອມ ສະຫຼຸບຄື ເລີກໃຊ້ບໍລິການຖາວອນ ປລ.ຂໍໃຫ້ເຈັ້ງໄວໆ,0
ແຈວແຈວ,1
ດີຫະາຍ,1
ມັກແຮງ.ສະດວກ ສະບາຍ.,1
ເດັກລາວ ບ່າວຜົ້ງສາລີ,1
ດີທີ່ມີແອັບນີ້,1
ແອບມັກທີສູດ,1
ເນັດກາກເຂົ້າແອັບບໍ່ໄດ້,0
ໂຫ່ຍແຕກ,0
ບໍ່ເຫັນມີຂອງຂັວນລາງວັນເລີຍຊໍ່າ,0
ແອບບໍຄັກບໍພັດທະນາ ບໍແມ່ນ app kyc lao ແຕ່ມັນເປັນapp why cryzy ຫລາຍກວ່າຂະຫນາດວາສູນເຂົ່າລົງທະບຽນໃຫ້ຍັງບໍໄດ້ແຈ້ງເຕືອນຄູມື້ວ່າລົງທະບຽນບໍສໍາເລັດບໍສໍາເລັດແນວໃດຂ້ອຍໄປຕັ້ງຢູ່ສູນລາວໂທຄົມລະຄັນວ່າເປັນແບບນີ້ເຊົ້າບໍຕ້ອງພັດທະແອບເດີປານນັ້ນຢາກໃຫ້ເຂົ່າລົງທົ່ວປະເທດຂະຫນາດວ່າເບີດຽວຍັງເອົາບໍລອດບໍແມ່ນໂຈນຕີເດີມັນບໍຄັກອີຫລີ,0
ເວລາເຂົ້າໃຫ້ອັບເດດໃຫມ່ຕະຫອດໂຄດຊ້າເລີຍ,0
ມີດີຫຼາຍຢ່າງ,1
ເລື້ອຍໆ,1
ບັກຊີ,1
ເຮັດໃຫ້ຮູ້ຈັກຜູ້ຄົນຫລາຍຂື້ນກວ່າເກົ່າແບະສະດວກສະບາຍໃນການສື່ສານກັບຄົນອື່ນທິ່ຢູ່ໄກກັນ,1
ສຸດຍອດເລີຍຖືກໃຈຂ້ອຍຂະຫນາດ,1
ເຮັດ ເອົາ ເດີ,1
ພະນັກງານ,1
ດີຫຼາຍ!,1
ໃຊ້ງ່າຍສະດວກມັກຫລາຍ,1
ດີສຸດຢອດແອ້ບນີ້,1
ສວນຕົວໃຊ້ແຕ່ບໍລິການຮຸ່ງອາຮຸ່ງ,1
ຄວາມຄິດເຫັນເຈົ້າຄືຄວາມສຸກ,1
ແອັບໃຊ້ບໍ່ໄດ້ error ຢູ່ຕະຫຼອດ,0
ໃຫ້ທີ1ເລີຍ,1
ຮັກເມຍທີສຸດ,1
ເປັນຊອ່ງທີ່ອໍານວຍຄວາມສະດວກໃນການຕີດຕໍສື່ສານໄດ້ຫລາຍຊອ່ງທາງໃຫ້ເລຶອກໃຊ້.,1
ເປັນຫຍັງwhatsappຂອງຂອ້ຍຈື່ງໃຊ້ບໍ່ໄດ້,0
ກະໃຊ້ໄດ້ດີໆໆບໍ່ມີຂໍ້ເສຍ,1
ຫລິ້ນມ່ວນຫລາຍບໍ່ເຫາົງອີກຫລິ້ນໄດ້ຕະຫຼອດເວລາຫລິ້ນແລ້ວອາລົມດີບໍ່ເບື່ອຄັນບໍ່ໄດ້ຫລິ້ນແມ່ນຢູ່ບໍ່ໄດ້ໃຊ້ງານກະງ່າຍ,1
ຕັ້ງເຟສບໍ່ໄດ້,0
ດີຟ້ຽມ,1
ລິ່ນດີຫລາຍ,1
ຕັ້ງໃຈເຮັດວຽກ,1
ດີລ່າຍ,1
ໃຊ້ດີ ຫລາຍ,1
ລະບົບກາກໆ,0
so good ດີຫຼາຍ should support to each other ຊ່ວຍສະຫນັບສະຫນູນຂ້າພະເຈົ້າແດ່,1
"ສະມັກບໍ່ໄດ້,ບໍ່ສົ່ງລະຫັດຢືນຢັນໃຫ້",0
ມັກທີ່ສຸດນີ້,1
ສາວລາວຄົນໂສດ.,1
ລົງທະບຽນບໍ່ໄດ້ດ້ວຍຊ້ໍາ,0
ໃຊ້ດີກວ່າເກົາ,1
ລອງຕິດຕັ້ງເບິ່ງ,1
ມີສິນຄ້າຫຼາກຫຼາຍໃຫ້ເລືອກຊື້ແລະອໍານວຍຄວາມສະດວກໄດ້ດີໃນການຈັດສົ່ງ,1
ອັບເດດແລ້ວເວລາເຕີມເງີນຄະແນນຄືບໍ່ຂື້ນ,0
ຊີລອງໃຊ້ເບີ່ງກ່ອນ,1
ສະບາຍຫລາຍ,1
ເຂົ້າລະບົບບໍ່ໄດ້ແກ້ໄຂ້ໄຫ້ແນ່,0
ເຂົ້າຍາມໄດໃສ່ລະຫັດຢືນຢັນຍາມນັ້ນທັງທີ່ຈື່ລະຫັດຢູ່ກະດ່າຍຍອ້ມໆ,0
ຈ່ຍວັນເພບໍ່ໄດ້ມັນເດັ້ງອອກ,0
ສ່ວນຕົວ ແມ່ນມັກໃຊ້ວອດແອບ,1
ລໍມາທັງຊາດແລ້ວກາຍັງບໍ່ໄດ້ລະຫັດ sms ຄວາຍ ຖ້າບໍ່ສົ່ງຊີໃຫ້ດາວໂຫຼດມາລົງທະບຽນເບີຫາພໍ່ມືງເອາະ,0
ດີແລະສະບາຍ,1
ນ່າຈະເຮັດໃຫ້ຊື້ຫວຍນາມສັດໄດ້ນໍາ,1
ດີໃຊ້ງ້າຍແລະສະດວກ,1
ກໍ້ໂອເຄນະຄັບ,1
ວານ,1
ເອີ້ນຢາກຫຼາຍ,0
ຊອບຫຼາຍ,1
ຂ້ອຍດີໃຈທີ່ມີfacebook ທໍາໃຫ້ໄດ້ເຫັນຄອບຄົວແລະເພື່ອນໆເວລາຢູ່ກາຍກັນ. facebookທໍາໃຫ້ທຸກຄົນມີຄວາມສຸກ,1
ໄສໄດ້ດີ,1
ຊຊໃ,1
ໃຊ້ດີແຮງໂທຫາເພື່ອນໆຫລືຄອບຄົ້ວ,1
ຂ້ອຍຢາກອັບເດດ,1
ອັບໂຫລດຊ້າທຸກຢ່າງ ເຂົ້າອັນໃດກະຊ້າ ເຂົ້າແອັບກະຊ້າ ໂອນເງິນກະຊ້າ ຫມຸນຕິວໆເປັນຊົ່ວໂມງ ຫນ້າລໍາຄານ ຄວນປັບປຸງ,0
ສູດຢອດດ,1
ສະດວກສະບາຍ,1
ບໍລີການດີປະທັບໃຈ,1
ພໍ່ມຶງຕາຍຫມາສີ້ຫີແມ່ມຶງສູນຫນ້າຫມາພວກໂກງໃຫ້ເຂົາໂລດມາໃຊ້ສູນມຶງຢູ່ໃສຫວາກູຊິໄປຈູດຖິ້ມໂລດ,0
ແອັບນີ້ດີເລີຍ,1
ແຊັດບໍ່ໄດ້ຕະລອດ,0
ເດັກລາວ ສາວໂສດ,1
ໃຊ້ດີ ຢາກໃຫ້ມີຊ່ອງທາງຕິດຕໍ່ແກ້ໄຂພະນັກງານເວລາພົບບັນຫາ,1
ເລ່ນງາຍ,1
ເດັ້ງອອກຕະຫລອດ,0
ຍໄຍຂໍາ,1
ເນມງ,1
ບໍແນ້ໃຈ,1
ບໍ່ເປັນຕາຊະແຕກ,0
ງາມເກີນຕ້ານ,1
ເຍີ້ອມ,1
ຄວາມສະບາຍຫຼາຍໃນຫຼາຍໆ ດ້ານ,1
ເລ່ນດີມາກ,1
ສະບາຍດີ ປີໃຫມ່ ລາວ,1
ຄັກຫຼູາຍ,1
ຂໍ້ຄວາມຫາຍ,1
dຫລາຍ,1
ເຟສປັນຍາອ່ອນກູບໍ່ໄດ້ເຮັດຫຍັງຜິດກະມາລະງັບເຟສກູ,0
ເພັດ,1
ໃຊ້ໄດ້ໂດຍພື້ນຖານ,1
ດີມາກເລີຍເດີ,1
ໃຊ້ດີມີປະສິດຕິພາບສົມຄວນ,1
ເຕິມແພັກແກັດຜ່ານu money ຮອດບໍ່ໄດ້ດາຕ້າ 2ສໍາມັນຕົວະຜູ້ໃຊ້ງານຊື່ໆ ລະບົບສົ້ນຕີນ,0
ຄວາມອົດທົດຂ ງຄົນເຮົາມີຄິມຈໍາກັດເດິ,1
ນັກທ່ອງທ່ຽວ,1
ສະບ່າຍດີ,1
ພົງສະຫວັນ ນາທິເສນ,1
ໃຊ້ດີໄວທັນໃຈ,1
ເປັນທີ່ດີມາກ,1
ເຂົ້າລົງທະບຽນລະຫັດotpກໍບໍ່ສົ່ງມາໃຫ້ຊິລົງທະບຽນໄດ້ແນວໃດ,0
ສະບາຍດີດີໃຈຫຼາຍທີ່ສຸດ,1
ຊ້າມາກ,0
ຢູ່ໃນແບບເຫງົາໆ,1
ຫລ້າ,1
ດີຫຼາຍລີ້ນງາຍ,1
ເອີ ບ,1
ດີແລະດີແລະດີ,1
ພັດທະນາແອບແດ່ຈ່ະເຂົ້າແອບຖ້າເປັນຊົ່ວໂມງແບແນີ້ໃຊ້ບໍ່ໄດ້ເລີຍ,0
ຊ້າໂພດເນັດກະມີຢູ່ແຕ່ເຂົ້າບໍ່ໄດ້ ເປັນທາງເທື່ອແຕ່ກະຢາກໃຊ້ວຽກ ແກ້ໄຂແດ່ເທາະເຂົ້າແອບລະເດັ້ງອອກນີ້ນະບາງສິ່ງບາງຢ່າງຄວນພັດທະນາໃດ ບໍ່ຄວນຢູ່ຈຸດເກົ່າດົນເກີນໄປ.,0
ອະນຸນາດແອບນິ,1
ແອບມັກເດັ້ງອອກຊ່ວຍປັບປຸງຫນ່ອຍ,0
ດີຫລາຍ ຂອບໃຈ,1
"ດີດີດີ ດິເຈ,",1
ຢືນເບີບໍ່ໄດ້ເກີດຂໍ້ຜິດມາ4ມື້ລະຄວນຄິດເດີ,0
ສັງວານ,1
ລົງທະບຽນຍາກແຮງ ຂອ້ຍຢູ່ໃນແອບນີ້1ຊົ່ວໂມງພະຍາຍາມເຮັດ ກະບໍ່ໄດ້ ໃສ່ຂໍ້ມູນຖືກແລ້ວ ຍັງມີປັນຫາອີກ ຂອ້ຍບໍ່ມັກຫຼາຍ ປົກກະຕິແອບອື່ນມັນໄດ້ ແອບນີ້ບໍ່ໄດ້ ທັງທີເປັນຄົນລາວ,0
ສະດວກສະບາຍໃນການໄຊ້,1
ດີແຕ່ຂ້ອຍບໍ່ຕາຍຖືກຜູ້ສາວແອັບນີ້ຕົວະ,1
ຄຸນແທນ,1
ເປັນແອັບທີ່ເຂົ້າຢາກທີ່ສຸດແລ້ວລະ ເຂົ້າ10ເທື່ອກະບໍ່ໄດ້ເຮັດຢາກເກີນ,0
ດີໃວກ່ອນກະໄດ້ໄປ,1
ເຣີດດແຮງ ຄັກສຸດດ,1
"ເດດບບ,ຜ",1
60ອົສາ,1
ກົດຮັບອັງເປົາບໍ່ໄດ້ທັ້ງທີ່ມີແອັບແລ້ວ ອັບເດດກາບໍ່ມີໃຫ້ ປານນັ້ນມັນຍັງບໍ່ລິ້ງກັບບັນຊີໂດຍຕົງ ປັບປຸງແນ່ເດີ້ມັນກົດຍາກ,0
ຢຸດທໍາງານຕະຫອດ,0
ໃຊ້ເປັນຄັ້ງທໍາອິດ,1
ທ໋ອບ,1
ເອິ້ນລົດຍາກໆໆ ລົດບໍ່ມີບໍ່ພໍຫລືແນວໃດ ເອິ້ນຍາມໃດກະບໍ່ມີລົດ ເຂດໂນນສະຫວ່າງ ເກົ້າລ້ຽວ ສີຊົມຊື່ນ ທົ່ງປົ່ງນີ້ບໍ່ມີລົດເລີຍເບາະ?,0
ໄສ່ລະຫັດແລ້ວຄືບໍ່ໄດ້ປັບປຸ່ງແດ່ເດີ,0
ໃຫ້ມີການຂຽນຄອມເມັ້ນໄດ້,1
ຂອບໃຈ,1
ແອບນີ້ມັນຈະແກ້ແນວໃດໃນເມື່ອລົງທະບຽນແລ້ວໂອນເງີນເຂົ້າແລ້ວແຕ່ເບີຫາຍເງີນຍັງຂ້າງຢູ່ໃນແຕ່ແອບເດັ່ງອອກເຂົ້າບໍ່ໄດ້ແກ້ໃຫ້ເດ.,0
ຄີ້ຂ່ຈານຍຍ່,0
ຮີິ້່ະນາງຕ້ ຮໍາຮໂຮ ໂຮນີຖ້ ງບ,1
ວັນທິ18ເດິອງ3,1
ຕ້ອງການໄຊລະຫັດໄຫມ່,1
ວ່ອງໄວທັນໃຈໃນບໍລີການ,1
ຈົນໃຈ້,1
ເລັນດີ,1
ງວງ ຕ ງໃ ອ່.ທ້,1
ເຂ້າລະບົບບໍ່ໄດ້,0
ໂອ້ຍແອບໃດກາພໍແລ້ວທະນາຄານldbຍອມລະທະນາຄານອື່ນຕັ້ງບໍ່ຍາກປານນິ,0
ໃສ່ດີຢູ່ເດ່,1
ເສື້ອຜ້າໃຊ້ດີຫລາຍ,1
ຈອຍແອ,1
ອາຫານແພງເກີນໄປ,0
ງຶດຕາຍປັກມຸດຜິດກະຂຶ້ນ2ພັນເງິນເດີອັນນີ້ແຕ່ລະເທື່ອກະປັກອັນນີ້ຖືກຕະຫຼອດໃຊ້ນໍາຫຼາຍເທື່ອຮອບນີ້ຂຶ້ນ2ພັນເຊົາເດີພະນັກງານ,0
ຄັດທີ່ສຸດ,1
ຮັກສາສຸຂະພາບທູກຄົນ,1
ດີມາກມີຄວາມປອດໃຟ,1
ຮູ້ສຶກວ່າໃຊ້ງານຢາກ ແລະ ລົງຢາກ,0
ຮັກໆ,1
ເຕີມຂະແນນບໍໄດ້,0
ງົງເຮັດມາເພື່ອຫຍັງເຂົ້າລະບົບກະຍັງບໍ່ໄດ້,0
ໃຫ້ດາວດຽວແດະເພາະອັບເດດຍາກຫຼາຍ,0
"ມືຮຟ້າອາລຊີບຍຊໍາຮນານຊຸດຍອດຟ້າ,",1
ເປິດກ້ອງໃນແອບບໍ່ໄດ້,0
ເຂົ້າແອບບໍ່ໄດ້ບອກວ່າ facebook ຢຸດເລື້ອຍໆ,0
ເຂົ້າລະບົບບໍ່ໄດ້ ຄ້າງຢູ່ຫັ້ນ,0
ເຖິ່ງໃຈເຖິ່ງທີ່,1
ແອັບບໍ່ສະຖຽນ ອອບຕິໄມເນົ່າ ແຕ່ເຊີວິດດີ,1
ຄົນນີຍົມສົມໃສ່,1
ຮ້ິ,1
ໃຊ້ສະດວກ ໃນເວລາສຸກເສີນ,1
ເພິ້ມລາຍນີ້ວມືບໍ່ໄດ້ປັບປຸງແນ່ ມັນເດັ້ງອອກ,0
ຊ່ວຍປັບປຽນການໂທໃຫ້ຄືເກົ່າແນ່ເນີຂໍລະຖ້າເຮາຕິດສາຍຢູ່ອີຄົນໂທມາ.ມັນຄືບໍ່ເຕືອນວ່າຕິດສາຍຢູ່.ປັບປຸ່ງບ່ອນນີ້ແນ່,0
ແກ້ໄຂໃຫ້ແດ່ ຢູ່ໆເປີດແອັບບໍ່ໄດ້,0
ຊາວີ,1
ຕັ້ງໂພດແຕ່ແອພນີ້ຍາກກະຍາກຕັ້ງເປັນ100ຮອບກະບໍ່ໄດ້ເປີດມາໃຫ້ໃຊ້ເຮັດຫຍັງປິດໆໄປໂລດວຸ່ນວາຍຢາກເຈ໊ງກະເຊີນບໍ່ມີໃຜຢາກໃຊ້ແລ້ວລະລົງທະບຽນກະຍາກໂທຫາສູນກະບໍ່ເຄີຍຮັບເປີດມາເຮັດຫຍັງເປີດລະເຮັດແບບນີ້,0
ແອັບນີ້ເຄີຍໃຊ້ງານມາໃນການສົ່ງຂໍ້ຄວາມທາງວອດແອັບວິດີໂອຕິດຕໍ່ຂໍ້ຄວາມທໍາມະດາວອ່ງໄວທັນໃຈມີປະສິດທິພາບສູງຈະແຈ້ງ,1
ນາງລາວຂຽນ,1
ໃຫ້ກ່ອນ1ດາວເຂົາຕອບແຊັດລະສິໃຫ້ອີກ,0
ແອື,1
ກົດເຂົ້າສູ່ລະບົບແຕ່ເກັ່ງອອກຄື.,0
ໃຊ້ງານດີ ຂອບໃຈທີ່ໃຫ້ໂຊກ,1
ສະດວກສະບາຍ ມີທຸກຢ່າງທີ່ຕ້ອງການ,1
ສະດວກດີຫລາຍໆ,1
ໄດ້ທຸກຢາງ,1
0ຟຟໄຟຟ,0
ຫມູນ10ຊາດກະບໍ່ໄດ້ດອກແນວນີ້,0
ໃຈວ່າງ,1
ອ້າຍສິ ລາວສິ,1
ເຂົ້າທຸກຊອ່ງທາງເລີຍໂຄສະທາງນິ,0
ນອ້ຍ,1
ເປັນແມ່ມັນຫຍັງເກາະເຂົ້າແອັບກະບໍ່ໄດ້,0
ເຟດ,1
ແມ່ນແທ້ບໍ່ວ່າໂທຟິ,1
ສະດວກດີ ໃຊ້ບໍລິການ,1
ຫຼີ້ນໄດ້ປານກາງ.,1
ບານນາຟາງ,1
ເປັນຫຍັງຄືເຂົ້າລະບົບບໍ່ໄດ້ ອັບເດດຫລາຍຮອບກະຫຍັງບໍ່ໄດ້,0
ສັ່ງແລ້ວຍົກເລີກບໍ່ໄດ້ລູກຫລີ້ນແລ້ວຫລົງກົດສັ່ງທັງທີ່ເປັນເມນູເກົ່າທີ່ສັ່ງ ສັ່ງແລ້ວເທື່ອ1 ຫ່າງກັນບໍ່ຮອດ30ວິຊ້ໍານະ ປ່ຽນເມນູກໍບໍ່ໄດ້ອີກ,0
ເຂົ້າແອັບບໍ່ໄດ້ ຕິດຕັ້ງໃຫມ່ກະຍັງບໍ່ໄດ້ ມັນບອກແອັບພັດທະນາຣູທ ປະມານນີ້,0
ສາມາດສື່ສານກັບບຸກຄົນອື່ນໄດ້ທົ່ວໂລກ,1
ດີ,1
ໃຫມ່ໆກະດີແຕ່ຕອນນີ້ ຫມູນໄດ້ແຕ່ໂພສບໍ່ໄດ,0
ເປັນຫຍັງເວົ້າແລ້ວກັບມາຟັງຄໍາທີ່ຕົນເວົ້າແລ້ວຄືວ່າເປັນສຽງໄວ່ແທ້ເປັນຫຍັງແລ້ວເຮັດແນວໃດຈຶ່ງໄດ້ສຽງສະ?,0
ລະບົບລຽງການສົ່ງກາກ,0
ສະຫງົບ,1
ສະຫມັກຍາກເກິນ,0
ຂອບໄຈສໍາລັບlao app ມີທຸກຢ່າງທີ່ຂ້ອຍຕ້ອງການ ບໍ່ມີເນັດກະເຂົາເບີງ ດູຫນັງຟັງເພງ ກະໄດ້ຟຮີ ແຖມຍັງຫາເງີນເນັດໄດ້ທຸກມືຍ້ອມຮັບວ່າດີທີສຸດ.,1
ຫຼີ້ນຄັກ,1
ຄໍາພອນລໍມາ,1
ທັນສະໄຫມໃຊ້ດີ,1
ບໍລິການດີເປັນກໍາລັງໄຈໄຫ້ເດີ້,1
ເຂົ້າໄປໃຊ້ງານກະບໍ່ໄດ້,0
ໂພສຫຍັງໄປບໍ່ມີໃຜເຫັນເລີຍ,0
ດີຫຼາຍ ສະດວກໃນການຊື້ຫວຍ ຊື້ຖືກກໍ່ໂອນປັບໂລດ ໃຜໂຫລດໃຫມ່ແນະນໍາໃສ່ລະຫັດນີ້ເດີຈາ 16720267,1
ຮັກນ່ະ,1
ຂາຍພະລິດຕະພັນເບິງແຍງສຸຂະພາບ,1
ເຂົ້າແອັບກະບໍສ້າງຂື້ນມາຫາຊິແຕກບໍບໍ່ຊົງອິຫລິສູ້ຫລັກ9ບໍ່ໄດ້ດອກ,0
ໄຊ້ງານບໍ່ເຫັນໄດ້,0
ບໍລິການ ດີວ່ອງໄວ,1
ນໍາໃຊ້ໄດ້ດີຫຼາຍ,1
ໃຫ້ເວລາໄປຊ້າໆແນ່ຈັກຫນອ່ຍກະໄດ້ອັນໃຫ່ວປານຍັງນີແຕ່ກອນດີເລ່ນມື້ໄດໄດ້ເງີນມື້ນັ້ນນີຫວ່ຍແລ້ວຄວນລົບອອກຈາກເຄື່ອງໂທສັບເປື່ອງຄວາມຈໍາຂັນມີເຄິງດາວຈະໃຫ້ເຄິງດາວຊໍານີ້,0
ແມ່ໄຂ,1
ເຮັດຫັຍງກໍງາຍ,1
ລະບົບຍັງຊັກຊ້າ ເຂົ້າຍາກ ມີປັນຫາຕະຫລອດ,0
ເຈັບແລ້ວຈໍາ,1
ດີທີສຸດໆ,1
ຍາກໄດ້ແອບເຜືອແຊັດ,1
ສະດວກວ່ອງໄວທັນການ,1
ດີມາກຈຮາ,1
",ດີໃຈໃຫ້",1
ແດງໃຈ,1
ເປັນແອັບທີ່ສະດວກວ່ອງໃວໃນການເຮັດທຸລະ ກໍາທາງການເງີນ,1
ທຸກຢ່າງດີຫມົດແລໄດ້ໃຈບໍ່ໄດ້ແຕ່ກົດ 2ແລ້ວຍັງບໍໄດ້.ບໍ່ຮູ້ວ່າກົດບໍ່ຖືກບໍ່ໃ,1
ທ່ານຊັງເຕີມ,1
ຍ້າກເຫັດຍ້າກຮູ້ຕ້ອງເຂ້າໄຊ້ ດີຫຼາຍທີ່ເຂ້າໄຊ້,1
ເລືອກ,1
ຄັບດີຈັງນະລອງດູ,1
ແອັບດີໃຊ້ໄດ້ວອ່ງໄວທັນໃຈ,1
ໃຫ້ດາວດຽວອັບເດັດກະແຫ່ງແຍ່,0
ເປັນຫຍັງຢູ່ດີໆກະວ່າເຈົ້າບໍ່ໄດ້ແລ້ວຂຽນວ່າກໍາລັງກວດສິດຖ້າບັກດົນກະຄືເກົ່າແກ້ໄຂແດ່,0
ຂອງເຂົາມັນດີຈິງໆຕ້ອງໄຫ້5ດາວໄປເລີຍ,1
ດີທິສຸກ,1
ດີຖືກໃຈທີ່ສຸດ,1
ມັນມີປະໂຫດແບບມີຕວາມສຸກ,1
ສາມາດໃຊ້ເປັນເສັ້ນທາງ,1
ຂໍໄຈໄນຄວາມນະໂຍບາຍການໂຫລດແອັບນີ້,1
ຄີດເອງ,1
ເຮັດວຽກຢູ່ແຂວງບໍ່ຄໍາໄຊ ຫອ້ງການແຂວງ,1
ຫຼີ້ນໄຫມດາຍ,1
ສຸດຢອດດ,1
ໂງ່ແທ້ລົງທະບຽນຍາກແທ້ຍາກວ່າ,0
ໄສ່ຢາງຖູກຕ້ອງ,1
ໃຜວ່າດີກະຍ່າຂອ້ຍຄົນຫນຶ່ງແລະວ່າໂຄດກາກອີຫຍັງກະຊ້າ ແລະບໍ່ຂອ່ຍສະຖຽນ,0
ງ່າຍສະດວກວອງໄວ,1
ສັ່ງອະຫານບໍ່ໄດ້,0
ເຂົ້າສູ່ລະບົບບໍ່ໄດ້ຕັ້ງອັບເດດ,0
ດີຫຼາຍເດີແອບນິ້,1
ຂອບໃຈເຟສບຸກທີ່ໃຫ້ຄວາມສຸກ,1
ດີສະດວກທັນໃຈ,1
ເຂ້າບັນຊີບໍ່ໄດ້,0
ໃຊ້ສະບາຍລາຍໂອນງາຍງ່າຍໄດ້ໄວ,1
ບໍ່ໍ່ໄດ້ມາ້,1
ອາກ,1
ດຮລາຍ,1
ຕອ້ງການ,1
ໂອຍຈັງແມ່ນຊາດຄັນຮູ້ອັບເດດມາແລ້ວຊ້າແບບນີ້ຫັນຢ່າຊິອັບຊະດີກວ່າ ເຫ້ຍມາກ,0
ເຮັດແນວໃດກະບໍ່ມີບັນຊີິ,0
ຈ່າຍຄ່ານ້ໍາ ຄ່າໄຟ ຄ່າໂທລະສັບຄືບໍ່ໄດ້ຄະແນນຄືເກົ່າແລ້ວ,0
ຂໍຂອບໃຈພີໃຫ້ໄດ້ຟັງເພງພີມີຄວາມຕອ້ງການຟັງທູກວັນຍາມພັກພອ່ນກໍ່ມີຄວາມສຸກເພືອຊິວິດ,1
ດີໃຈທີ່ໄດ້ຮັບຜົນສໍາເລັດ,1
ລາຕີ,1
ຄັກ.ມ່ວນຫລາຍເດິ້,1
ໃນປະສອບການເຄື່ອງນີ້ທັ້ງຫມົດ,1
ຂໍໄຫ້ຄົນລາວມີແອ້ບດີໆແບບນິ້ ຕໍໄປ,1
ພູພຽງສາຍລຸ້ງ,1
ຫາລົດໂຄດດດົນ,0
ໄຂ້ດີ,1
ໃຊ້ເຮັດວຽກຫຍັງ,0
ໃຊ້ງານໄດ້ດີມາກມີຂໍດີຫຼາຍ,1
ແກ້ໄຂດ່ວນແນ່ເດີແອັພລ໋ອກອິນບໍ່ໄດ້,0
ເວລາໂທມັກຈະດັບບໍ່ມັກດັບກະຍັງດັບ,0
ໃສດີລາຍນະ,1
ດີມາກ ຂໍໄຫຊືເລັກຖືກແດ່,1
ຫນ້າອອກແບບສັດທາ,1
ມັກຫລານ,1
ຂໍຂອບໃຈທາງດ້ານຢູ່ນິເທວ.ຂອງຄົນລາວ.ທີ່ມີສີ່ງດີງາ ແບບຍິ້,1
ໃຊ້ໄດ້ໄວ້ທັນໃຈ,1
ມາລີ,1
ຊິເຮັດມາຫຍັງເຂົ້າຫຍັງກະບໍ່ໄດ້,0
ຂ້ອຍໃດ້ຫລີ້ນແອປນີ້ມາດົນແລ້ວຄັກຫລາຍເຊີນສິເຈ້າມາຫລີ້ນນໍາກັນເດີ້,1
ສະຫມັກບາດໄຫລກະວ່າວັນເດືອນປີເກີດບໍ່ຖືກທັງທີ່ໃສ່ຖືກແລ້ວ,0
ໃດີ,1
ພະນັກງານບໍລິການບໍ່ດີເວົ້າຄືຢາກຮ້າຍແອັບກະມີແຕ່ແນວເປັນຂັດຂ້ອງຕະລອດ,0
ພຂ ຂະຝວະວຂວະ,1
ບຸນມາ,1
ຕ້ອງການອັບເດັດງອດແອບ,1
ຫຼີ້ນເຟດເຫັນແຕ່ແນວເກົ່າບໍ່ມີແນວໃຫ່ມເລີຍ,0
ວ໋ອດແອັບບໍລິການດີໃຊ້ດີ,1
ເວລາເຊີນເພື່ອນຫຼີ້ນບໍ່ໄດ້ຈັກເທື່ອ,0
ດີໃຈທີ່ໄຊ້ດີ,1
ດີຫລາຍໃສງານໄດ້ດີຫລາຍໆ,1
ເປັນຫຍັງແອບຫລີ້ນບໍ່ໄດ້,0
ໄສດີຂາຍ,1
ເຂົ້າໃຊ້ງານບໍ່ໃດ້ເລີຍ,0
ຄືຍາກແທ້ຈັກແມ່ນແອັບອີຫຍັງ,0
ເຂ້າເຟບໍອໄດແລ້ວ,1
ດີຫຼາຍິງ,1
ແຊັດທີ່ຜ່ານມາໃຫ້ກັບຄືນມາສູ້ເດີມ,1
ບ້າແນວໃດ ເຂົ້າຕອບກະບໍໄດ້,0
ຕີດີ,1
ອັບເດດມາໃຊ້ຢາກແຮງໂອນເງິນຂ້າມທະນາຄານບໍ່ໄດ້ເລີຍ.,0
ເຮົາໃຫ້5ດາວເລຍແອບນີ້ໃຊ້ງານດີແລະຊ່ວຍໄດ້ຫລາຍຢ່າງ,1
ຕີແຕ່ຕອນແຮກໆ,1
ຖາມແດ່ ຊິໃຫ້ໃສ່ລະຫັດຈັກເທື່ອແທ້ ໃສ່ເປັນຊາວເທື່ອ ລະຂໍລະຫັດໃຫມ່ມາໃສ່ກໍ່ແລ້ວ ມັນແມ່ນໂປແກມຫ່າສະແຕກຫຍັງ ຖ້າເປັນແບບນີ້ເຊົາຊະ ເອົາພະນັງງານແຕ່ລະບໍລິສັດຫັນລົງມາເຮັດໃຫ້ລະແລ້ວ ຫ່າເອີຍເຮັດໃຫ້ເສຍເວລາ ສູນເດ!,0
ມແມແ,1
ດີແດ່ຊົວແດ່,1
ໄຊ້ດີຈິງໆ,1
ດີໄຈຫຼາຍທີ່ໄດ້ນໍາໄສ້ແອັບນີ້,1
ຕ້ອງໃຫ້ໄດ້ຫມຸນມື້ຫນຶ່ງ10ຄັ້ງ,0
ແອັບລົ່ມດຸເກີນ,0
ໃຊ້ໂອເຄ,1
ໄດ້ຫຼາຍເກີນເນັດຟຣີ,1
ໃຊ້ເປັນປະຈໍາ,1
ອັບຕະລອດ,0
ແອັບຄືຄ້າງຕະຫຼອດ,0
ດີລາຍ,1
ມີແຕ່ອັດແດດຕະຫລອດ,0
ເນັດຊາ ເປືອງ ແກ້ໄຂດວນ,0
ສະຫມັກຍາກ ລະຫັດແນະນໍາ,0
ok ໃຊ້ງານດີຫລາຍເຂົ້າໃຈງ່າຍອ່ານສະດວກ ຮູ້ຈັກສິ່ງທີ່ຍາກຮູ້ແລະສົນໃຈສິນຄ້ານັ້ນໄດ້ງ່າຍ,1
ສາທາລະນະລັດປະຊາທິປະໄຕປະຊາວຊົນລາວສັນຕິພາບເອກະລາດປະຊາທິປະໄຕເອກະພາລວັດທະນາຖາວອນ,1
ເຂົ້າຢາກ,0
ໄຣເດີ້ອີ່ຫຍັງບໍລິການກະບໍ່ດີສັ່ງເຝີມາກວ່າຈະໄດ້ເປັນຊົ່ວໂມງເສັ້ນຈົນອືດນ້ໍາຈົນເຢັນປານນັ້ນມາສົ່ງປຸບເຮັດຫນ້າຕາບໍ່ພໍໃຈໃສ່ສຽງເບີ່ງຄືຢາກຮ້າຍມັນແມ່ນຫວາຄົນຢາກຮ້າຍຄືຜູ້ສັ່ງພີ້,0
ດີສຸດເລີຍ,1
ແອບນີ້ໄສງານບໍ່ໃດ້ແລ້ວ,0
ຍກຫູນືພິ,1
ເປັນແອັບທີ່ສຸດຍອດຫຼາຍ,1
ໂຄດກາກເລີຍຖ້າບໍ່ອັບກະແຊັດບໍ່ອອກ,0
ໄຊ້ຄັກຫລາຍ,1
ຂໍໃຫ້ບໍລິການດີເດີ,1
ຄ້າຂາຍ,1
ດີທີ່ສຸດ ຂໍບອກວ່າ ດີຫຼາຍ,1
ແອັບນີ້ຄຶອັບເດັດບໍ່ໄດ້ຫລີ້ນຫຍັງກະບໍ່ໄດ້,0
ເຫັນດ້ວຍ,1
ລົງກັນມາລາຍໆເດີ ພໍແມ້ພີນອ້ງ,1
ເຊີນເພືອນໄມ້ໃດ່,1
ສຸດໄຈ,1
ສະດວກສະບາຍດີທີສຸດຄືຄວາມບັນເທີງ,1
ອັບເດດແອັບແນ່ຖອຍຫລັງໄປຊ້ໍາສະແກນເຕີມບັກກະບໍ່ໄດ້ຄືບໍເອົາອອກສາດຽວນີ້ພິມໂຕເລກເຕີມໃນແອັບກະຍັງບໍ່ໄດ້ຈາກຄນທີ່ເຄີຍໃຈ້ມາ4ປີຕັ້ງແຕ່ເປປັນແອັບunitel,0
ສະດວກຫລາຍ,1
ສຸດ ຍອດ ມາດ,1
ຄໍາຟອງ ແບ່ງຕະນະ,1
ໄສເລີຍ,1
ເຄີຍໃຊ້ມາແລ້ວໄລ່ຍະຫນື່ງ,1
ເລ່ນສນຸກດີ,1
ຕັ້ງແຕ່ຂ້ຍເຄີຍໃຊ້ມາຂອ້ຍກະວ່າໃຊ້ດີຈິງໆສະດວກກັບເພື້ອນຝັູ້ງຈິງໆ,1
ດີໃຈທີສຸດ,1
ຄຝ່,1
ແອ້າໍາກ,1
ວັນນາ,1
ມັກຫຼາຍຟັງເພງຟີກະໄດ້,1
ຢູ່ໃນລະຍະເລີ່ມໃຊ້ງາຍ,1
ມີຄວາມສຸກທີໄດ້ໃຊ້,1
ສະບຍ,1
ສະດວກສະບາຍໃນການທໍາທຸລະກໍາອື່ນໆ,1
ເກ່ງ,1
ຢາກຫລິ້ນແຮງໆ,1
ສະສຸກ,1
ມັນຫລາຍ,1
ມັນໃຊ້ຍາກ,0
ດີຫລາຍມີຫລາຍຢາ່ງໃຫ້ຫລີນ,1
ຈັດໃຫ້100,1
ແອັບຂີ້ເຫຍື້ອ,0
ແອັບຕາຍໆ ເຮັດຫຍັງດິບໄດ້ ລົງໄວ້ເຮັດຫຍັງ?,0
ການໃຊ້ດີຫລາຍທັງຜູ້ຂັບແລະຜູ້ໃຊ້ບໍລິການ,1
ສັ່ງຍາກໂພດ,0
ບອກໂຫລດມາແຕ່ໃຊ້ບໍ່ໄດ້ ຫ່ວຍຫລາຍ,0
ນາງປາລີພອນ,1
ເຟສຖືກປິດກັ້ນ ໄລ້ສົດບໍ່ໄດ້,0
ກາກໆ,0
ເບີລົງທະບຽນໄປແລ້ວລະຄືວ່າຍັງບໍ່ລົງທະບຽນຢູ່ຄືເກົ່າ,0
ເປັນແອັບທີດີ ສັ່ງອາຫານໄດ້ດີພໍສົມຄວນ ແຕ່ບາງຄັ້ງຂອບເຂດບໍລິການຂອງຮ້ານ ຍັງຈໍາກັດຢູ່ ເຊັ່ນວ່າ ຄັນຢູ່ ໂຊກຄໍາ ແຖວສະຫນາມມ້າ ຮ້ານຢູ່ແຖວ ທາດຫລວງ ບາງຮ້ານແອັບກະບໍສະແດງ ແລ້ວ. ຖ້າປັບໄດ້ໃນຕໍ່ຫນ້າ ກໍ່ຖືວ່າເປັນສິ່ງທີ່ດີ.,1
ຖຮຈະຮຂະ,1
ຍຸດຍອດ,1
ລູກສະບາຍດີ,1
ໄຊ້ງ່າຍແລະປອດໄຟ,1
ອັບເດດໃຫມ່ຕະຫລອດ ແຕ່ຍັງບໍ່ມີຄົນຄຸຍຄືເກົ່າ,0
ໃຊ້ບໍ່ໄດ້ເຂົ້າໄປລະມີແຕ່ເດັ້ງອອກຕະຫຼອດ,0
ໂທຫາບໍ່ໄດ້,0
ແອັບເຂົ້າບໍ່ໄດ້ອີກແລ້ວ,0
ຢາກຮູ້ລະຫັດ whatsapp messenger,1
ບອກວ່າອັບເດດເພື່ອຮັບດາຕ້າ1ກິກ ອັບມາສອງເທື່ອລະບໍ່ເຫັນຊິໄດ້ຫຍັງ ອັນທີສອງລະເນັດຫມົດເຂົ້າມາສະຫມັກແພັກເກັດບໍ່ໄດ້ ລະສິມີແອັບໄວ້ເພື່ອຫຍັງ?,0
ຍາກໃຫ້ມີເຕີມເກມໂລບັອກ,1
ໃດ້ບໍ,1
ຍາກຖືກເດຈັກບາດ,1
ອະນຸມັດການລົງທະບຽນກະຊ້າ ແອບໂຄດກາກ ເຂົ້າກະເດັ້ງ ຄັນເປັນແບບນິຢາເຮັດແອບລົງທະບຽນສາ,0
ມວ່ນຫລາຍ,1
ເຂົ້າບໍ່ໄດ້ມັນບອກວ່າໃຫ້ລະຫັດຫວື່ອີເມວບໍ່ຖືກ. ທັ້ງທີ່ໃສ່ຖືກແລ້ວ ປັບປູງດ່ວນ,0
ຢາກໃຫ້ຍອດໄລ້ເພີ່ມຂື້ນຢ່າງໄວວາຕ້ອງເຮັດແນວໃດ,1
ໄຊ້ດີຫຼາຍມ້ກຫຼາຍ,1
ssແບ໋ງ,1
ຂໍຄວາມແນະນໍາການເຂົ້າເຖິງຂໍ້ມູນຂອງເຮົາດວ້ຍ,1
ເຂົ້າແອັບໂຄດຊ້າ.ຫວັງວ່າຈະພັດທະນາປ່ອຍໃຫ້ອັບເດດໃຫມ້,0
ຂອງມັກ,1
ມັນໃຊ້ໃດ້ດີຫລາຍ,1
ອັບເດດໃຫມ່ຄືເຂົ້າບໍ່ໄດ້ ເປັນແນວໃດ,0
ເປັນປະສົບການທີ່ດີ,1
ປັບປຸງແນ່ອັນໂຕມັນປ່ຽນແຊັດຫັ່ນເດັ້ງຂື້ນດຸໂພດ,0
ຍອດ ນິຍົມ,1
ດີຫລາຍ ເສຍແຕ່ເວລາເງິນເຂົ້າບໍ່ແຈ້ງເຕືອນຢູ່ຫນ້າຈໍ,1
ຮັກດຽວໃຈດຽວ,1
ເວລາໂທແລະກົດຟັງຂໍ້ຄວາມສຽງລະຈໍດັບເຮັດໃຫ້ບໍ່ໄດ້ຍີນສຽງ,0
ໃຊ້ດີມາກເລີຍ,1
ແອັດບໍ້ເປັນຕາສິແດກເບີ່ງຫນັງກະບໍ່ໄດ້ສູປິດແອັດສະ,0
ຄິບສຽງໄວເກີນໄປ,0
ສວຍງາມມາກ,1
ອີນໃຊຄໍາເພັງ,1
ທ.ທອງປັນ ສະຫວັນ,1
ຂອບໃຈທີແນະນໍາແອັບດີໆມາໄຫ້ໄຊ້ເດີ99680794,1
ໄຊ້ໄດ້ສະດວກໄວທັນໃຈ,1
ຂອງກາທັນວາ ຮັຕ ດໍາເຄເຮ,1
ໂອເຄ ດີໆພັດທະນາຕໍ່ໄປ,1
ຮັກຈິ່ງຂໍບອກຈາກໃຈແລ້ວມີໃຜ່ຮັກຂ້ອຍຈິ່ງຈັງ,1
ມັນຊ້າ,0
ໂດຍລາວ,1
ອັບເດດຫລາຍເກີນໄປ,0
ຫຼາຍຄັ້ງບໍ່ສາມາດໂອນເງິນອອກໄດ້,0
ໄຊ້ງານບໍ່ໄດ,1
ຢູ່ໆກະເຂົ້າບໍ່ໄດ້ມາເປັນເດືອນແລ້ວ ຕອນນີ້ຢູ່ຕ່າງປະເທດ,0
ບໍ່ສົງຫລະຫັດມາຈັງແມ່ນຊາດນີ້ວະແອບລົງທະບຽນທຸເລດ,0
ຂ້ອຍໃຫ້ເລີຍ5ດາວ.ຖືກໃຈກາຍລາວແອບ.,1
ຍັງບໍ່ມີປະສົບການ,1
ຮ່ ງ ສລໃຍຍານາເ,1
ເຂົ້າແອັບບໍ່ໄດ້ເປັນເດືອນຈະເຂົ້າປີລ່ະ ແຖມບອກໃຫ້ລົງທະບຽນໃຫມ່ຕະຫລອດເວລາທີ່ເຂົ້າແອັບ ຈົນຕອນນີ້ບອກວ່າບໍ່ທັນລົງທະບຽນ ລົງທະບຽນໃຫມ່ກໍ່ຊ້າ ຫມຸນຕິ້ວເລີຍ ບໍ່ສົ່ງotpມາໃຫ້ ເຂົ້າແອັບໄດ້ ກໍ່ບໍ່ເຫັນພາບຫຍັງ ຂາວຫມົດເລີຍ ເຕີມບັດດ້ວຍການສະແກນກໍ່ບອກqrບໍ່ຖືກຕ້ອງ ບັນຫາຢູ່ບ່ອນໃດກັນແທ້ ຖ້າຍັງເປັນແບບນີ້ບໍ່ໄຫວຈະໄດ້ລົບແອັບຖິ້ມລ່ະ ເປືອງພື້ນທີ່,0
ຍນ່,1
ດີດີດີດີໆໆ,1
ແອບກາກໃຊ້ຫຍັງບໍ່ໄດ້ເບີໂທເປັນເບີຂອງຂ້ອຍພັດເປັນຊື່ຂອງຜູ້ອື່ນຜູ້ຕັ້ງແອບນີ້ຄວນແກ້ໄຂແລະພິຈາລະນາເບິ່ງແນ່ເດີແອບບໍ່ມີຄຸນນະພາບ,0
ຂອງຄູນຮັບ,1
ອິຫນູການກອນ,1
ແກ້ໄຂໄຫ້ແນ່ເດີມອງເຮົາຫມູນຖືກໄຫ້ເຊີນຝັງເພງນໍາກັນຫັ້ນມັນບໍ່ໄດ້ເຂົາບອກວາ່ຝັງຊັນນີ້ບໍ່ໄດ້ຮັບການສະຫນັບສະຫນູນ,0
ອັບເດດຕະຫລອດເຈົ້າແອບຍາກ,0
ເຂົ້າບໍ່ໄດ້ມີແຕ່ກະລຸນາລໍຖ້າຄືຝາຕີນນີ່,0
ມັກໃຊ້ງ່າຍ,1
ຖ້າມຊ້ງານດີຈະເພີ່ມໃຫ້ໃຫມ່,1
ທົດລອງມື້ແລງບໍ່ຮູ້ວ່າຈະໃດ້ຈີງຫຼືບໍ່ຍັງບໍ່ມີປະສົບການ,1
ຄືເຂົ້າແອປບໍ່ໄດ້ລ່ະເຈ້າມັນກະຕຸກໆທັ້ງທີປົກກະຕິກໍເຂົ້າໄດ້ນີ່ ມິບັນຫາຕອນກໍາລັງໂອນເງິນນິ່ເຮັດໃຫ້ຂ້ອຍລໍາບາກແຮງຊ່ວຍແກ້ໄຂແດ່ເດ້ 3ມື້ແລ້ວໄດ໋ຄືຍັງເປັນຄືເກົ່າເລຍຊ່ວຍແກ້ໄຂແດ່ຫຼືເພາະມີແຕ່ຂ້ອຍຄົນເດິຍວເລຍບໍ່ຕ້ອງໃສ່ໃຈຫວາ,0
ໄດ້ນັດ 10024mb,1
ຢອດຢ້ຽມໃນການວ່ອງໄວ,1
ມິນ,1
ບໍດີ ເຂົ້າບໍໄດ້100,0
ວອງໄວ້ທັນສະໄຫມ່,1
ເດືອ,1
ແມ່ໃຫ່ຍຫມ້ອຍ,1
ຍອດຍ້ຽມ.,1
ເກີດຫຍັງເພສກູວະຢູ່ກາເດັງອອກ,0
ຊ່ວຍຄຸ້ມຄອງແລະຮັກວາ,1
ໃຊ້ງານງ່າຍສະດວກ,1
ບໍ່ມີປະໂຫຍດຫຍັ່ງເລີ່ຍ ຫຼີ້ນຫຍັ່ງກະບໍ່ໃດ້ມີແຕ່ເດັ້ງອອກ ປັບປຸງດີດີແນ່ ເພາະບໍ່ໃດ້ເປັນແຕ່ຜູ້ດ່ຽວ ຫຼາຍໆຄົນກະເປັນຄື່ກັນ,0
ສຸກໃຈທີໄດ່ລີ້ນ,1
ເຮ້ດແລ້ວບໍ່ເຫ້ນໄດ້,0
"ຊ່ອງຖ່າຍຮູບຫນັງສືຜ່ານແດນນ້ອຍໂພດ ບໍ່ສາມາດຖ່າຍໄດ້ຕາມຮູບຕົວຢ່າງທີ່ກໍານົດມາ, ອີກຢ່າງສະເຫນີກວດພາສາອັງກິດຄືນ ການຂຶ້ນທະບຽນຂອງທ່ານຍັງຢູ່ໃນຂັ້ນຕອນການກວດສອບຂໍ້ມູນ, ກະລຸນາລໍຖ້າ subscriber does not approved ພາສາອັງກິດຍັງບໍ່ທັນສອດຄ່ອງ ທັງເນື້ອໃນ ແລະ ຫຼັກໄວຍະກອນ. ຂໍຂອບໃຈ.",0
ຕອນແລງໆຊວນຫມູ່ກະໄດ້5120mbບາດດຽວນີ້ບໍ່ໄດ້,0
ເອົາໄປເລີຍຫ້າດາວແອັບນິ,1
ໄຊ້ ໂຕດຽວ,1
ປຸ່ມ,1
ມີຄວາມສຸກສຸດໆ,1
ເປັນຫຍັງອັບເດດຄືຊ້າແທ້ເປັນຊົ່ວໂມງຍັງບໍ່ໄດ້,0
ກະດີຢູ,1
ຄໍາຕິ່ສົມ ວັນນີ້ ພ້ວກເຮົ້່າອາດຈ້ະຖື້ກໄຈ່ເນ້າະ ok 26.8.2022,1
ເຂົ້າໄຈຫຼາຍຂື້ນ,1
ເຟສບຸກເກົ່າເຮົາເປັນຫັຍງ,1
ເປັນຫຍັງຄືບອກວ່າບໍແມ່ນຂອ້ຍ,1
ສໍາພ,1
ອັບເດດດຸໂພດໂອນເງິນກາຍາກປັບປຸງຕື່ມ,0
ຊອບມາກໆເລີ່ຍ,1
ເປັນແອບທີມີປັນຫາຫຼາຍທີ່ສຸດ.ກະລູນາປັບປຸງແນ່,0
ສາວມົ້ງລີ,1
ມ ສມໃ ສ່ທມບຊີມວດກດິຄ,0
loginເຂົ້າຈັ່ງໃດກະບໍ່ໄດ້ປັບປຸງແດ່,0
ບໍ່ເຫັນມີບ່ອນປ້ອນເບີໂທເພື່ອຢືນຢັນນ່ະຊີແລກເອົາຄະແນນກະບໍ່ໄດ້,0
ຄົ້ນຫາຫຍັງບໍ່ເຫັນ.ຄົ້ນຫາແນວ1ເຫັນແນວ1 ຈັກສິເຮັດມາເພື່ອຫຍັງຖ້າສິລະບົບແບບນີ້ຈໍາ້ໂຕໄຫລກະບໍ່ໃດ້ເປືອງພື້ນທີ່ໂທລະສັບຊື່ໆ.ກາລຸນາປັບປຸ່ງຕື່ມ,0
ໂລດໂຄດຊ້າແມ່ມືງເອີຍ,0
ສະບາຍດີ ໂຊກດີປີໃຫ່ມ,1
ເຊີນເພືອນຈົນຫມົດແລ້ວຫມຸ່ນຫລີ້ນເກມຕໍ່ບໍ່ໄດ້,0
ໂອນງາຍດີ,1
ເວລາໂທວາງອອກໃຫ້ມັນລອຍຄືmessengerໄດ້ບໍ່ນໍປັບປຸງແກ້ໄຂດ່ວນ ນີ້ດັບເດດຕະລອດແຕ່ກະຍັງລະບົບລະເກົ່າ,0
ກາ້ເລຍ,1
ບອກວ່າຫນົດອາຍຸແລ້ວກະຕັດຫຼີ້ນຫຍັງກະບໍ່ໄດ້ຄ້າງເມີດບອກອັບເດດກະພໍແລ້ວບໍ,0
ບາ່ວມົ້ງວື,1
ແບບທັນສະໃຫມ່,1
ແອັບຯດີຢູ່,1
ແມງເກມລີນບໍໄດ້ເນັດກະບອກວ່າການເຊືອມຕໍຜິດພາດ,0
ດີຫລຍ,1
ໃຊ້ງ່າຍວ່ອງໄວຖືກໃຈ,1
ມ່ວນຫລາຍ,1
ສະດວກ ສະບາຍ ວອ່ງໄວ ແຊບ,1
ແອບໂຄດດີ good,1
ເປັນຫຍັງຂ້ອຍຈຶ່ງເຂົ້າເບິ່ງສະຕໍລີຕົວເອງບໍ່ໄດ້ແລ້ວກໍ່ສະຕໍລີຄົນອື່ນກໍ່ບໍ່ໄດ້ມັນເປັນຍ້ອນສາເຫດຫຍັງ,0
ດີຫມາກ,1
ເປັນຫຍັງຄົນແນະນໍາຄືຫາຍຫມົດ ເງີນກະບໍ່ໄດ້,0
ເປັນຍອດນີ້ຍົມ,1
ກະຈອກເອີ້ນຫນ້ອຍກະບໍ່ມາຮັບຢ້ານໄດ້ຫນ້ອຍແຮງຕິເງີນຫັນ,0
ນາງແພັດຫຼ້າ,1
ບໍ່ເຄີຍໃຊ້ແຕ່ມື້ນີ້ໄດ້ລອງສິ່ງໃຫມ່ມີຄວາມພູໃຈຫຼາຍ,1
ໂຄດກາກລົງທະບຽນກະຍາກລົງບັກຫຼາຍເທື່ອບໍ່ໄດ້,0
ປະຈຸບັນໂອນບໍໄດຈາຍຄ່າຫຍັງບໍໄດເຕີມບັດບໍໄດ ເປັນມາສີຮອດທີດລະ,0
ອັບເດດຕະຫຼອດທີ່ເຂົ້າ,0
ອູນອູນ,1
ສຸດຍອດຊື້ງ່າຍຊື້ສະດວກທັນໃຈ,1
ຫລີ້ນກະຊ້າລະກາຄ້າງຕະຫຼອດປັບປຸ່ງໃຫນ່ແນ່ເດີ້,0
ມາສີ້ແມ່ເປັນແອັບທີ່ ຫລອກລວງ ມຸນໄດ້ ເທຶ່ອດຽ່ວ ພັດວ່າ5ຄັ້ງແລ້ວ ຫມາສີ້ແມ່ມຶ່ງມາເກີດແກ້ດວນ,0
goodດີດີຫລາຍgood,1
ຢາກຕັ້ງເຟັດບຸກ,1
ຄືໂຫຼດເຂົ້າໃຊ້ບໍ່ໄດ້,0
ດິີ,1
ມີແນວເລນກະດີ,1
ຊວງນີ້ຫມູນວົງລໍ່ຄືບໍ່ໄດດາຕາຊວຍແກ້ໄຂ່ແດ່,0
ສະດວກສະບາຍຮັບຮູ້ຂ່າວສານໄດ້ຫຼາຍ,1
ດີນະເຮົາລິນມວນລາຍ,1
ບໍລິການດີສົ່ງໄວທັນໃຈ,1
"ດີຫຼາຍ, ສະດວກ ສະບາຍ ວ່ອງໄວ ທັນໃຈ ມັກໆ.",1
ອ່ວຍສຸດແອັບນີ້ເຮັດຫຍັງກະບໍ່ໄດ້ ຈິລົງຖະບຽນເບີກະວ່າລະບົບຂັດຂ້ອງ ມື້ໃດກະວ່າແນວນີ້ຈິສ້າງມາເຮັດຫຍັງ ຮົກໂທລະສັບລົບຖິ້ມດີກວ່າ 1ດາວພໍ,0
ຕາມີ,1
ໂຄດຂອງໂຄດຂອງໂຄດບໍດີເຂົ້າບໍ່ໃດ້,0
ຢາກຫລີ້ນ,1
ແຮງອັພເດດ ແຮງຫມູນບໍ່ໄດ້ຫຍັງເລີຍ ແຮງອັພໃຫ້ແອພບໍ່ເປັນຕາຫຼີ້ນຂື້ນຕື່ມ,0
ລາຍດີ,1
ດີໆດີຫລາຍໃຊ້ໄດ້ໄວດີ,1
ມັນດີຫາຍແຕ່ວ່າຢາກໃຫ້ສົ່ງຮູບແລ້ວເຫັນແຈ້ງກວ່ານີ້,1
"ຟັງເພັງມ່ວນຫຼາຍມີທຸກແນວ,ບໍ່ເສຍຄ່າdata",1
ພໍ່ມືງຕາຍ ກູອັບເດດແລ້ວຶບເດດອີກ,0
ຄໍາວັນໄສ,1
ອັບດັບ,1
ໃສ່ລະຫັດນີ້ແນ່ເດີ້ຖ້າທ່ານໃສ່ລະຫັດນີ້ແລ້ວທ່ານຈ່ະຖືກເລກດຸ ມີຄົນເອົາລະຫັດນີ້ໄປໃສ່ຖືກເລກຕິດຕໍ່ກັນຫລາຍງວດແລ້ວຖ້າທ່ານຢາກເຮັງຕ້ອງໃສ່ລະຫັດນີ້ເດີ້ຂໍໃຫ້ທ່ານເຮັງໆຂໍຂອບໃຈ,1
ດີຫລລາຍ,1
ອັບເດດໃຫມ່ແລ້ວເຂົ້າຫຼິ້ນບໍ່ໄດ້ ໂຫຼດໃຫມ່ແຮ່ງເຂົ້າເຊື່ອມຕໍ່ໄອດີບໍ່ໄດ້ເລີຍ ຄືເຮັດກາກກວ່າເກົ່າແທ້ ຈັກຊິໃຫ້ອັບເດດເຮັດຫຍັງຄັນເປັນແນວນີ້,0
ບ່ອນລ້ຽງເດັກ ວັນສຸກທີ່ 15 ເຮືອນຮ້ານ,1
ນ້ອງວັນດາ,1
ອັບເດດໃຫມ່ເບິ່ງຫນັງຟຮີບໍໄດ້ ຫມູນຟຮີບໍ່ໄດ້ ບໍມ່ວນເລີຍ ຍຍວຍຍຢາກໃຫ້ເປັນຄືເກົ່າເບິ່ງຫນັງຟຮີໄດ້ດດດເດດ,0
ເບີ້ມ,1
ແອັບໃຊ້ບໍ່ໃດ້ລົງທະເບີຍນຂັດຂ້ອງ,0
ຂອບໃຈທີເຂົມາໃນຊີວິດ,1
ດີຫລາຍ ໃຊ້ງ່າຍ ເຂົ້າໃຈງ່າຍ,1
ສູ້,1
ທວັ້ງຊຊັ່ງ,1
ມີຄວາມສຸກມາກ,1
ໃສ່ລະຫັດລະ ມັນຄືເຂົ້າບໍ່ໄດ້,0
ບໍປານໃດ,1
ແອປຫວຍແຕກມາກເດັງອອກຕະລອດເຮັດຫຍັງບໍ່ເປັນເລຍແກ້ໄຂ່ດວນໆ,0
ບໍລິຫານທຸລະກິດ,1
ລອງເບີງ,1
ຢາກໄດ້ນ,1
ເປັນຄົນມັກມວ່ນ,1
ຄັກຫລາຍເຈົ້າມ່ວນໆ,1
ໃຊດີ ໃວຖຶກໃຈ,1
ຫລິ້ນຢາກ,1
ອັບເດດ ລະເປີດບໍຂຶ້ນ ຈໍດໍາເລີຍ,0
ກໍາລັງເລີ່ມໃຊ້,1
ສົ່ງຂໍ້ຄວາມບໍ່ໄດ້,0
ຄັກຫລາຍເດີ້ມາໂຫລດໃຊ້ກັນຫລາຍໆເດີ້,1
ສາມັກໄຫມ່ໄສ່ລະຫັດ7599 9353,1
ນາງສາຍພັນ ລໍພະບານ,1
ກ້າ,0
ດີຫຼາຍເດີແຕ່ຫັກ1ດາວເພາະແລ່ນບໍ່ໄດ້ດາຕາ,1
ບໍ່ເຄີຍໄຊ້ມາກອ່ນແຕ່ກະໄຫ້ 5 ດາວໄວ້ກອ່ນຄົນໃຈດີ,1
ຈັງໃດຫວ່ະ ສົ່ງມາຍ່ໍາໆໆໆໃຫ້ດາວໂຫລດເພື່ອລົງທະບຽນເບີ ໂຫລດມາແລ້ວເສືອກເຮັດຫຍັງບໍ່ໄດ້ ຫາເຄຶອຄາຍໃຫມ່ໃຊ້ຄືສິງ່າຍ ໃຊ້ຫລັກ9ມາ10ປີບໍ່ມີຫຍັງໃຫມ່ໆໃຫ້ພໍໃຈເລີຍ,0
ປະສົບການຂອງຂັອຍຍັງບໍ່ທັນມີປະສົບການຫຍັງຫຼາຍເທື່ອໃນຕ່ອນນີ້ຂັອຍກໍ່ມາຮຽນຮູ້ເອົາປະສົບການນໍາພວກທ່ານທັງຫຼາຍທີ່ມີສ່ວນກ່ຽວຂັອງນີ້ແລະ.ຖັາຫາກຂັອຍຫາກເຮັດສິ່ງໃດຜິດພາດໄປຂັອຍກໍ່ຕັອງຂໍອະໄພນໍາພວກທ່ານດັວນ.,1
ມີຄວາມຮັບຜິດຊອບດີ,1
ກາກໂຟດປັບປຸງອີກແນ,0
ພິທີ່ກ່ອນ.ດີເຈ.ປະສາສ້ມພັນ,1
"ເປັນແອບທີ່ດີ, ສະດວກ ມີລາກຫລາຍໂປຣໂມຊັນ",1
ຄວນປັບປຸງໃຫມ່ເວລາເຮັດກິດຈະກໍາແລ້ວເຊີນຫມູ່ຕິດຕັ້ງແລ້ວກະຍັງບໍ່ໄດ້ຮອບມຸ່ນຄືຄໍາແນະນໍາເລຍ,0
ດີມາກເລີຍ,1
ແຕະໃສ່ຄລິບໃດຫນຶ່ງຄ້າງໄວ້ເພື່ອປັກຫມຸດມັນ. ຄລິບທີ່ຖອນປັກຫມຸດ,0
2631 0461 ເລກເນາະນໍາ ໃສ່ເລກນີ້ແລ້ວທ່ານຈະໂຊກດີ,1
ປະສົບການຊາວນາທໍາມະດາຄວາມຮູ້ໃນໂຕທໍາມະດາຈ້າວ,1
ດີຫຼາຍໆໆໆ,1
ຂອງເຂົາດີຈິງໆ,1
ໄອ້ສັດຊ້າຊີບຫາຍ,1
ຕິດຕັ້ງແອັບທຸກແອັບນານໄປ,1
ເນັດກະໂປກ,0
ເນີນ,1
ກໍາລັງໃຈແລະຄວາມ,1
ຍາກອັບເດດເຟສ,1
ມັນລົງບໍ່ໄດ້ ເຊີນເອົາອອກສາແອບນີ້ ເຮັດຕາມເງື່ອນໄຂທຸກຢ່າງກະຍັງບໍ່ໄດ້,0
ນີ້ມາກ,1
ອັບເດດແລ້ວມັກເດັ່ງ,0
ປັບປຸງໄປເລື້ອຍໆ ເພື່ອການສື່ສານໃຫ້ສະດວກຂື້ນຫຼາຍກ່ອນເກົ່າ,1
ຄື.ດີທີ່ສຸດດດ,1
ຊົມເຊີຍເດີແອັບດີພໍໄຊ້ໄດ້ຢູ,1
ລົງທະບຽນຢາກຫລາຍ,0
ດີຫລາຍແລະມັກທີສຸດເລີຍໃຫ້5ດາວ,1
ຄ້າງຂະຫນາດປັບປຸງແດ່,0
ໃຊ້ດີມີເນັດໂທ,1
ສຸດຍອດ!,1
ຄອບໃຈ,1
ທັກໄປຫາສາວແລ້ວສາວບໍ່ຕອບເປັນແອັດທີກາກທີສຸດ,0
ໂອນງ່າຍຈ້າຍໄວ້,1
ຢູ່ດີໆກະລອກແລ້ວລະຫັດກະບໍ່ມາສົ່ງມາໃຫ້,0
ນົນ.ສາຍນໍາມີ,1
ເປັນມິດຕໍ່ສີ່ງແວດລ້ອມ,1
ສະດວກໃຊ້ງານງາ່ຍ,1
ປີວ,1
ແອັບກາກແຮງ,0
ໂຫລດມາແລ້ວຕິດຕັ້ງບໍ່ໄດ້ແກ້ປັນຍາໃຫ້ແກ່ເດີ ເຊື່ອວ່າເປັນຫລາຍຄົນບໍ່ມີແຕ່ຂ້ອຍ ຕິດຕັ້ງບໍ່ໄດ້ສັ່ງບໍ່ໄດ້,0
ໃຊໄດ້ທໍາສະໄຫມ,1
ຕັ້ງແລ້ວບໍໄດ້ເປີເຊັນຄືນເລີຍເສຍລາໆລືວາຕືມແລ້ວມັນເຂົານໍາຜູແນະນໍາໃຜຮູ້ວິທີແກ້ບອກແດ່,0
ຕອນນີ້ໂອເຄແລ້ວ,1
ຮູ້ສຶກພາບພູມໃຈ,1
ເຂົ້າແອັບແຕ່ມື້ວານນີ້ມາຫາມື້ນີ້ຍັງບໍ່ໄດ້ຮ່ວຍແຕກຫລາຍປັບປຸງແດ່,0
ດີອັອກຊີໄຣໂບນິວຄລີໂອໄຊດ,1
100 ໄຮພີພຮໍາະຮພຮ,1
ໃຊ້ຊື່ສານກັນໄດ້ງ່າຍຂື້ນ,1
ແກ້ໄຂກ່ຽວກັບເຂົ້າລະບົບ ມັນເຂົ້າຍາກ,0
ສົນໃຈໃສ່ລະຫັດນີ້ເດີ 95109292,1
uຮm .,1
ສະຕໍຣີ່ບໍ່ມີເພງ,0
ແອັບນີ້ໃຊ້ດີຫຼາຍ,1
ຕັ້ງໃຫ້ແດ່,1
ຫາກະດາວໂຫລດມື້ວານມື້ນີ້ອັບເດດ,0
ຂໍຕັ້ງວອດແອຍ,1
ເຮັດຫຍັງ,1
ດາວດຽວຍັງວ່າຫລາຍແລ້ວຖືວ່າໃຫ້ກຽດເດີນິ ສັ່ນໄດ້ແຊຮບໍ່ໄດ້ເປັນອາທິດລະນິ,0
ປາເນັງວ່າງ,1
ເຂົ້າເຟສບໍ່ໄດ້ສ້າງໄຫມ່ກະເຂົ້າບໍ່ດ້,0
ດີແທ,1
"ເວລາເຂົ້າສູ່ລະບົບເປັນຫຍັງຕ້ອງໃສ່ວັນເດືອນປີແທນທີ່ຕ້ອງໃສ່ລະຫັດຜ່ານ,ຫລີ້ນກະຊ້າ ບໍ່ຜ່ານເດິ",0
ພອີພີນິໄຮີະນຈນິຊຈຍເທ່ຍ,1
ຫ້າມລົມເລວ,1
ບອກຄໍາດຽວເລີຍວ່າມາໄວທັນໃຈບໍ່ໍລີກັນດິ,1
ບັນຊີຂ້ອຍ,1
ຕິດຕັ້ງ bcel one,1
ຕິດຕັ້ງໄຫມ່,1
ເຫັນແລ້ວເປັນຕາແຊບ ທັງຫມົດສໍາລັບ ສົ່ງ,1
ຄົນລາວສົງ່ເສິມຄົນລາວໄຫ້ການປະກອບອາຊິບກາວ້ຫນາ້ສາທສາທສາທ,1
ສະບາຍດີທຸກຄນ,1
ໂຄດດີເລີຍແອັບນີ້,1
ແອບບໍ່ຕອບສະນນອງ,0
ລີ່ນດີ,1
ຂອບໃຈທີ່ປັບປຸງໃຫມ່ໃຫ້ລົມກັນສະດວກດີຂື້ນຫຼາຍ,1
ໃຊ້ງານດີຢູ່ຈ່ະ,1
ຕອນຍັງບໍ່ update ເຂົ້າແອັບໄດ້ງ່າຍ ພໍອັບເດດໃຫມ່ບາງຄັ້ງກໍເດັ້ງອອກເອງ,0
ມັກຢູ່,1
ຄືບໍ່ມີບອ່ນແລກປຽ່ນດາຕ້າຄືmyunitel ເປັນຫຍັງຄືບໍ່ເປິດ2ທ້າງເຂົ້າມາຫລີ້ນໃນນີ້ຮູ້ສືກວ່າບໍ່ມີຫຍັງເລີຍ ຢາກຮູບ່ອນເບີ່ງລະຫັດແພັກເກັດກະບໍ່ມີ myunitelກະປິດການນໍາໃຊ້ແກ້ໃຂແນ່ດູ,0
ໂອ໋,1
ບໍລິການໂຄດຫ່ວຍແຕກ ແຊັດຫາພະນັກງານສອງມື້ຈື່ງຕອບເທື່ອຫນື່ງ,0
ໃຊ້ດີແຮ່ງ,1
ມີເພື່ອນແລະສະດວກສະບາຍ,1
ເຮັດສວນ,1
ສັ່ງງ່າຍ,1
ສິນຄ້າແລະບໍລິການ,1
ຢາກຕິນ້ອຍນືງເວລາທໍາທຸລະກິດລາຍວັນເວລາກົດທຸກມື້ມັນຄື່ໄດ້ຍາກແທ້.ກັບມຸນວົງລໍ້ຄື່ກັນຢາກໃຫ້ພວກທ່ານແກ້ໄຂຕື່ມອີກ,0
ມັນຕິດຕັ້ງພາສາໄທບໍ່ໄດ້,0
ກົງິນເຫລົາ,1
ສຸດເລິຍ,1
ໂຊກຮີໂຣ,1
ໃຊ້ບໍ່ດີປານໃດ,0
ບໍ່ມີຫຍັງດອກທຸກສິ່ງຢ່າງເຮັດໃຫ້ຂ້ອຍເຂົ້າໃຈດີທີ່ສຸດ,1
ບຝຝ ແ,1
ເຂົ້າຢາກມັນເປັນນໍາຫຍັງ,0
ສະບາຍດີປີໃຫມ່,1
ແອັບບ້າແອັບບໍໄຊ້ງານກະບໍ່ເຕັມຮູບແບບ ອັບເດດຈັກເທື່ອກະຍັງຄືເກົ່າແນວ ບໍລິສັດເກົ່າ,0
ດີຫຼາຍທີ່ໄດ້ໃຊ້,1
ດ້າຈຕບ ຄ້,1
ບໍ່ສະດວກແລະຕອນນີ້ເຂົ້າຫຼິ້ນບໍ່ໄດ້,0
ແອັບນີ້ຕອບໂຈດໄດ້ດີຫຼາຍ,1
ທໍາງາມອິສະຫລະ,1
ມັນຫຼາຍ,1
ໃຊ້ງານໄດ້ງາ່ຍສະບາຍແລະຍັງວອ່ງໄວຊົມເຊີຍເລຍ,1
ສະຫນຸກດີ ແລະ ສື່ສານໄດ້ສະດວກ,1
ມາຈອບ,1
ລ້ອງກ່ອນ,1
ເຮັດມື້ນີ້ໃຫ້ດີ,1
ຊາວ່າໃຫ້ລົງທະບຽນຜ່ານແອັບເຫັນຊິລົງໄດ້,0
ໃຊ້ດີຫຼາຍ,1
ຮອຍຶນຶນ,1
ເປັນຫຍັງຄືບໍ່ສົ່ງລະຫັດມາ,0
ມັນສຸດຍ້ອດມາກ,1
ເພື່ອອັບເດດໃຫມ່,1
ບູນເພງຊູມຊົນພັກດີ,1
ໃຊ້ດີເຈົ້າ,1
ຊ່ວຍແກ້ບັນຫາລະບົບແດ່ ເຂົ້າແຊ້ດແຟນລະຂື້ນຈໍສີດໍາ ບາດເຂົ້າແຊ້ດຫນູ່ລະບໍ່ເປັນຫຍັງນັບມື້ນັບຫ້ວຍແຕກ,0
ຫາເງິນເພື່ອຄອບຄົວ,1
ບໍ່ຄັກ ສົ່ງຮູບໂຄດຢາກ,0
"ໄຊ້ໄດ້ດີເຮົາມັກແຊຮ໊ແລະໂທຫາກັນໄດ້ສະດອກຫຼາຍທົວໂລກເລັ້ຍຄົນສ່ອນຫຼາຍມັກໃຊ້ແອບຕັວນີໂທແລະແຊດຫາກັນເຮົາວ່າແອບນີ່ໃຊ້ດີໆເນີ,",1
ລວມມີນາ,1
ເວີລີກຸດ,1
ລິ້ນເຟດ,1
ຊົ່ວ,1
ໄສກາກ,0
ຫລັງຈາກ,1
ດີບໍ່ຕ້ອງເຕີມເນັດ55,1
ອັບເດດດຸໂພດເດີ,0
ສິ່ງທີ່ຄວນປັບປຸງ 1 ລະບົບຊ້າ ການຫມູນວົງລໍ້ນໍາໂຊກ ຄວນມາຫລາຍກວ່າ5ຄັ້ງ ຢ່າຊູຂິ້ຖີ່ຫລາຍ ພະນັກງານຕອບຊ້າແຮງ ກະອີກຫລາຍໆຢ່າງ ອັບເດດກະຄືແລ້ວເກົ່າ ບໍ່ມີຫຍັງປ່ຽນແປງ ຄື ລທບ ເລີຍ,0
ຫ່ວຍແຕກເວລາຈະໂອນສະແກນຜ່ານບາໂຄດແລ້ວກົດມັກໃສ່ຈໍານວນເງິນເອງໃສ່ແລ້ວກະເກີນທີຕ້ອງການໂອນເບື່ອເປັນແບບນີ້ຕະຫລອດ,0
ໂອບ້ຂທິຈໍສສພວ,1
ສະດວກສະໃນການນໍາໃຊ້ຂອບໃຈ ທຄຕລ ຫລາຍໆ,1
ຖືກໃຈໆ,1
ມັນດີມາກໆໆ,1
ຈິນລາວ,1
ໄມ້ໂຊກດີເລີຍ,1
ແອັບມີບັນຫາຕະຫລອດຊ້າອືດ,0
ເຂົ້າເປັນຮອບທີ່1000ແລ້ວເດັ້ງອອກ,0
ມັກລາຍໆໆໆ,1
ປະເທດລາວ ບ້ານໄຊສົມບູນ,1
ໃຊ້ເນັດບໍ່ໄດ້,0
ຜູ້ໃຊັgoogle. com ມີຄວາມຫມ່າຍຫຼາຍທີ່ສຸກ,1
ດີເລີດແອບລາວ ຊ້າ ອະນີ້ອວຍເດີ ແຕ່ຝາກໄຫ້ສູນຫາວິທີແກ້ບັກແກ້ແອປຄ້າງແດ່ເດີ ເວລາຂ້ອຍໄຊ້ແອນດ໊ອຍ6 7 8 9 ບໍ່ມີບັນຫາ ປັດຈຸບັນໄຊ້ແອນດ໊ອຍ11ແອປຂ່ອນຂ້າງມີບັນຫາຊື່ງເປັນໄນ ແອນດ໊ອຍທຸກແບນເລີຍກະວ່າໄດ້ ໂຫລດມາໄຫມ່ໆບໍມີຫັນຫາດອກຢູ່ໄປໂດນໆເພື່ນກະເລີ່ມ ອອກລາຍປານເສືອ,1
ຕ້ອງການໂລດ messenger,1
ໃຊ້ແລ້ວດີອີຫີຼ,1
ນາງຟົນ ນ,1
ດີຫຼາຍແຕ່ມັກຊ້າ,1
ໃຊ້ສະດວກ ແລະ ປອດໄພສູງ,1
ໃຊ້ແລ້ວດີ,1
ແອັບເຂົ້າບໍໄດ້,0
ເອີ້ນຄືສາແທ້,1
ນເຊ,1
ມັກຫລາຍໆໆ,1
ແກ້ໄຂການຫຍຸດທໍາງານຂອງແອບໃຫ້ແນ່,0
ມີ່ມີ້,1
ຂໍ່ຈຮາ,1
ແອບຫ້າຫຍັງເຂົ້າຊາດນີລໍຖ້າຊາດຫນ້າຕິຈຶງເຂົ້າໄດ້,0
ໄມ່ດຸ,1
ໄຊ້ໂຄດຍາກສະແກນໃບຫນ້າໂຄດດົນສະຫມັກລະກະເຂົ້າບໍ່ໄດ້ໄຫ້ສະແກນໃບຫນ້າສະແກນແລ້ວລະບອກວ່າໃບຫນ້າບໍ່ຕົງ,0
ຖືກກະບໍ່ຄຸ້ມດອກ ດີແທ້ບໍ່ຊື້ດີກວ່າ,0
ສະນູກ,1
ຊື້ງ່າຍ ສະດວກ ສະບາຍ ຢ່າລືມໃສ່ລະຫັດນີ້ແດ່ເດີ 41160202,1
ຮູ້ສຶກວ່າໃຊ້ດີ ມີເລື່ອງລາວດີໆໃຫ້ຮັບຮູ້,1
ໄວດີແຕ່ບໍ່ມີຄົນແຊັດນໍາ,1
ນແນ,1
ແອັບໄກ່,0
ນໍາໃຊ້ມີຄຸນປະໂຫຍດຫລາຍ,1
ໃຊ້ງານແອັປນີ້ກໍ່ດີແລ້ວ,1
ດີສຸ,1
ນາງພູນສະຫວັນ.ຈັນເພັງ,1
ດີແທ້ແອັບຂອງunitelໃຫ້ໄປເລີຍ5ດາວ ບໍ່ດີບໍ່ເວົ້າ,1
ແອັບນີ້ເປັນເລີເດ,1
ສະບາຍດີຂ້ອຍໃຊ້facebook,1
ດີຫລາຍເນາະ,1
ແອບໃຊ້ດີແຮງ ເລກລະຫັດແນະນໍາຕາມນີ້ເລີຍ87026509,1
ເອີ້ນລົດໂຄດຢ້າກ,0
ເບີເຕີມຖືກແລ້ວ ແຕ່ຜິດ ແອັບບໍ່ໄດ້ດີ,0
ດີໃຈນໍາເດີ ຄົນເກັ່ງຂອງແມ່ມິກແລະພໍ່ມິກ,1
ຍອມຄວາມກາກ.,0
ໂທລະສັບຄືເຕືອນວາອຸປະກອ່ນຮ້ອນເກິນໄປຍອ້ນສາເຫດໃດ.ບໍ່ສາມາດຫລິ້ນໄດ້ທຸກຄັ້ງທີ່ການເຕືອນຂຶ້ນມາ,0
ໃຊ້ດີປອດໄຟໄວ້ໃຈumoney,1
ຕັ້ງແລ້ວຕັ້ງອີກຕັ້ງແນວໃດກະບໍ່ໄດ້ບອກໃຫ້ປອນອີເມວປອນກະບໍ່ໄດ້ບອກໃຫ້ປອນເບີໂທປອນກະບໍ່ໄດ້ບອກໃຫ້ປອນລະຫັດປອນກະບໍ່ໄດ້ໃຜຕັ້ງໄດ້ລະບອກແດ່,0
ແອັບນິຄຄັກຫຼາຍຈັ່ງສິດີທີ່ສຸດແລ້ວ,1
ໃຊ້ດີສຸດຍອດມັກແຮງດີແທ້,1
ເນ້ຈ່ເນຍນ່ຮສນີ່ເກູສສະາຈິດີນຕ້ນາ,1
ຮູ້ຂ່າວຫລາຍຢ່າງ,1
ໃຊ້ງານບໍ່ດີເລີຍ,0
ດີຫຼາຍເດີທຸກຄົນ,1
ສຸກສະໄຫວ,1
ຍ້ອນໃຫ້ເວລາຫນ້ອຍໂພດ5 6ນາທີ,0
ສະດວກສະບາຍໃນການຕິດຕໍ່ພົວພັນກັນຫຼາຍຂື້ນ,1
ມັກຫິນ,1
ບໍ່ສະດວກສະບາຍ,0
ໄອ້ປັບປຸງມີເຄື່ອງບິນຫຼີກເຕີ້,0
"ເອີ້ນລົດຫຍາກໂຜດ,ສະຫລຸບບໍ່ຮັບລູກຄ້າເຂດໃກ້ຄຽງເຊັ່ນ2ກິໂລແມັດ,ງົງເດີ້,ຮັບແຕ່ລູກຄ້າໄກຊີຫວາງົງເດີ້",0
ແກ້ ໄຂ ໄດ້ ແລ້ວ,1
ບຸກຄົນມາຮັບເຄື່ອງຢູ່ເຮືອນ ລະມິດຈີ່ລີ່,1
ເສົ້າທ້າໂສດ,1
ແຊັດໄປລະເຂົາບໍ່ຕອບ,1
ແຕັນ100,1
ເຫັດໄດ້ດີ,1
ຕັ້ງລີນເປັນເດືອນ,1
ອັບເດດແອັບຕະຫລອດບາງເທືອເຂົ້າແອັບຟ້າວໂອນເງິນກະໄດ້ອຫບເດດຢູ່ຫັ້ນແລະລໍາຄານຊໍ້າ,0
ດີໆໃຊ້ສະບາຍ,1
ຕິດຕໍ່ຫາບໍລິສັດຄືບໍ່ໄດ້,0
ໃຜສິກສາເຟດບຸກນິພໍຊິຮູ້ເຂັບຫົວກັບຂໍ້ມູນ,1
ຢູໃນຄວາມພະຍາຍາມສາທານະໂສດຍາກຕູແລໄຄຊັກຄົນໄຄ,1
ຖ້າຊຶ້ເລກຜ່ານແອັບນີ້ໄດ້ຄຶແອັບຫວຍໂຊກໄຊຈະດີກວ່ານີ້ຫຼາຍ,1
ຍ່າອ່ອນໄຫວງ່າຍຫຼາຍ,1
ສາວມົ້ງມົວຮັກແທ້,1
ຂັກຫຼາຍ,1
ເວລາສັນບໍເຄີຍໄດ້ດາຕ້າ,1
ດີມາກພັດທະນາຫຼາຍ,1
ຜູ້ເຂົ້າຊົມທັງຫມົດ,1
ໃຊ້ໄດດີ,1
ຄວາມປອດໄຟນ່ອຍເກີນ,1
ທ.ຫຼງນຄໍາ,1
ແອບຫົວຄວຍລົງທະບຽນຍາກກະດໍ້,0
ແອັບບໍ່ດີເວລາປ່ຽນຕະຫລອດ.ກວ່າຈະໄດ້ອາຫານຖ້າເກືອບສາມຊົ່ວໂມງ.ສຸດທ້າຍຍົກເລີກອໍເດີ້,0
ດີທີ່ສຸດມີເຕີບໃຊ້ມາ,1
ດີມາກທໍາໄດ້ຫຼາຍຍາງເລີຍ,1
ຂໍສະຫນັບສະຫນູນ,1
ບັກໄກ່ນອ້ຍ,1
ຄັກແທ້ໆແອັບນີ້,1
ແອັບຫ່ວຍຫຼາຍສະຫມັກໂທຟີແລ້ວໂທອອກກະບໍ່ໄດ້ເສຍເງິນລ້າເງິນໂປໂມຊັ່ນກະຫຼາຍໂທອອກກະບໍ່ໄດ້ຫມຸນລັກກີ້ກະບໍ່ໄດ້ຫຍັງຈັກສ້າງມາເພື່ອຫຍັງ,0
ໂທກະບໍໄດ້,0
ລາຍໄດ້,1
ໃຊ້ຄັກ,1
ຫລີ້ນຢາກ,1
"ແອັບໃຊ້ງ່າຍ, ວ່ອງໄວ ບໍ່ຖ້າໃຊ້ເງິນສົດ",1
ຊິອັບເດດທຸກສອງມື້ກະບໍ່ໄຫວເດີ້,0
ຄໍເອົາບວກຮອດ10ຄົນເລີຍແມ້,1
ງ່າຍວອ໋ງໃວທັນໃຈໃຊ້ແລ້ວໃຊ້ຊີວິດປະຈໍາວັນງ່າຍຂື້ນ,1
ດໆດິວີ,1
ນາງທອງແສງຄໍາຢອງ,1
ຕາລູກຊາຍກາງ,1
ມັນຄືໃສຢາກ,1
ສໂສວ,1
ໂຕໂຕ,1
ໃຊ້ເປັນປະຈໍາ ຮັບຮູ້ເລື່ອງລາວແລະຂ່າວສືີ່ມວນຊົນແລະຕິດຕໍ່ສື່ສານທາງນີ້ກໍ່ສະດວກ,1
ບໍຮູ້,1
ບໍ່ໄຫວແລ້ວອັບເດດເດືອນລະເທື່ອ ບາດເວລາຫມູນກະຮອດບໍ່ໄດ້ພໍແມັກ ບັດເຮົາເຕີມເນັດຫັ້ນນາເອົາໄປຈົນເກີນຄິ່ງພຸ້ນ,0
ໃຫ້ຄວາມຮູ້ຫລາຍດ້ານແລະຮູ້ຈັກສິ່ງໃຫມ່ໆນໍາທັນທຸກຢ່າງ,1
ຊ້າຫຮາຍ,0
ແອັບມີບັບບັກຫລາຍໆປັບປຸງຫີແຕດຍັງລ໋ອກອິນເຂົ້າອອກກະບັກຍາກໆຄວາຍ ux ui ກະຄືແຕດນິ,0
ກາກແຮງໂຫຍດມາລະເຮັດຫຍັງກະບໍໄດ້ສະຫລຸບແມ່ນບໍໃຫ້ລົງບໍທະບຽນນີ້,0
ຂໍເບິງໂປລາຍໆ,1
ດີໃຈທີ່ໄດ້ຮັບຜົນສໍາເລັດຂອງການສຶກສາຂອງເຟສບຸກນີ້ດີຍຽມ,1
ລົງທະບຽນບໍ່ໄດ້ ແອັບເດັ້ງອອກຕະຫຼອດ ຝາກເຖີງນັກພັດທະນາແອັບໃຫ້ແກ້ໄຂດ່ວນ,0
ເດັ່ງອອກຕະຫລອດເຂົ້າບໍ່ໄດ້,0
ບົວພາ,1
ແອບເປັນຫຍັງຄືໂອນເງິນບໍ່ໄດ້,0
ຂໍຊົມເຊີຍເຖິງຜູ້ຊວ່ຍທີ່ມີນໍາ້ໃຈໂອບເອຶ້ອອາລີກັບນັກພັດທະນາທຸກບັນຫາທຸກເວລາມີການຊ່ວຍເຫຼືອຢ່າງຈິງໃຈ,1
ຫສໍາຍງໄວໄສໍາ,1
ໃຊ້ເພື່ອບັນເທີງ ຊົມລະຄອນໃນຍາມວ່າງ,1
ມວນດີ,1
ເຢື່ຍມມ,1
ຂອ້ຍມັກແອັປນີ້ຫຼລາຍ,1
ຕິດຕໍງາຍ,1
ລິ້ນ,1
ຊິວິດຕິດກັບໄມ້,1
ວການ,1
ຟູດແພນດ້າລາວ ຮ້ານອາຫານ ແລະໄລເດີ້ ມັກຍົກເລີກອໍ້ດີ້ລູກຄ້າລະບໍ່ຮັບຜິດຊອບ ສ່ວນຫນ້ອຍທີ່ຂຈໄດ້ບັດສ່ວນຫຼຸດເປັນການຮັບຜິດຊອບ,0
ດີແຈວ,1
ທຍິ ສຂ,1
ນີ້ເດີ,1
ດີດີດີດີດີດີພພະ,1
ດິນເຄ,1
ເປັນການຂະບວນ,1
ເຂົ້າໄຈພໍປານກາງໃນວິທີການຫຼີ້ນຂອງແອັບຕາງໆ.ຂໍຂອບໃຈ.,1
ເຂົ້າແອັບບໍ່ໄດ້ເດີ້ຕອນນັ້ນຍັງເຂົ້າໄດ້ບາດມາຕອນນີ້ເຂົ້າບໍ່ໄດ້ເລີຍ,0
ໂອເຄໂອເຄ,1
ແກ້ໄຂຂໍ້ຜິດພາດ ໄດ້ຮັບຂໍ້ຄວາມ ota ມາແລ້ວແຕ່ໃສ່ລະຫັດບໍ່ໄດ້ android 12,0
ສະດວກໃນການຕິດຕໍ່ຫາຫມູ່ເພື່ອນ,1
ຄໍານະໄລ,1
"ຜ່ານມາເນັດຊ້າຫຼາຍ ຂໍໃຫ້ໄວກວ່າເກົ່າ ຂອບໃຈ,ມາປະຈຸບັນນີ້ແຫ່ງຊ້າ",1
ໂຄດເຫ້ຍ,0
ເກິດການໄຊ້ງານຜິດພາດ,0
ເພີມ້ພາສຽງ ພາສາໄທ ພາສາອັງກິດ,1
ຕ້ອງມີສັກວັນ ທີ່ເປັນຂຶງເລົາ,1
ພະນັກງານບໍລິການບໍ່ດີເລີຍຊ່ວຍອົບຮົມແນ່ເວົ້າກັບລູກຄ້າບໍ່ດີ,0
ລອງໃຊ້ໄປກ່ອນ ແຕ່ການບໍລິການດີເລີດ.,1
ວັນນະລາດ,1
ສະດວຍສະບາຍ,1
ຕອງການແອັບ,1
ກໍດີນະແຕ່ຢາກໄຫ້ປັບຕາໄຫ້ໄດ້ລາຍກວານີ້,1
ຕັ້ງບໍ່ໄດ້ຖ່າຍວິດີໂອບໍ່ໄດ້ບອກວິທີແນ່,0
ອັບເດດດຸໂພດທຸກເດືອນເລີຍ,0
ຕອນນີ້ເຂົ້າແອັບບໍ້ໄດ້,1
ກະລຸນາປັບປຸບ ເຂົ້າໂຫລດບໍ່ແມ່ນຫນ້ອຍລະກະບໍ່ໄດ້ ເສຍເວລາກູລ້າໆ ຢ່າຫາເຮັດອອກມາເດີແນວນິນະ,0
ຂ້ອຍຢາກໄຫແອບມີ xxxສວນຕົວ,1
okດີໆ,1
ພັດທະຍາຕື່ມ.ມີປັນຫາຫລາຍກວ່າ bcel,0
ຄວາມຈໍາແອັບ,1
ໃຊ້ຊິວິດງ່າຍຂື້ນຫລຼາຍ,1
ນ້ອງສາວ,1
ບໍໄດເລື່ອງສັດ,1
ດຽວນີ້ຄືລົງບໍໄດ້ແລ້ວ,0
ສະດວກສະບາຍໃນການລົງທະບຽນ,1
ຢາກໃຫ້ປັບປຸງໃນການໃສ່ວັນເດືອນປີເກີດເດີໃສ່ໂຄດຍາກ,0
ຝາຕິນ,1
ດີຫລາຍພັດທະນາໄປເລື້ອຍໆເດີ,1
ໂຕອັບເດດລ່າສຸດເຫັນແຕ່ຈໍຂາວ ບໍມີຫຍັງເລີຍ,0
ວິນ,1
ຢາກດາວໂລດwhatsappmessenger,1
ຍາກໃຫ້ມັນມີພື້ນທີ່ຫນ້ອຍ,1
ໃຊ້ໄດ້ດີຢູ່ພໍປະມານນີ້,1
ອາໂດ,1
ແອັບຫຍັງແນວນິເຂົ້າບໍ່ໄດ້ຊິລົງທະບຽນແນວໃດລະບາດນິ,0
ຄັກເລິ,1
ຢາກແຊັດນໍາມູເວລາມີວງກ,1
"ໄຊ້ໄດ້ຕາມໃຈ,ດີທີ່ສຸດຂ້ອຍຕ້ອງໃຊ້ຕະຫຼອດໄປ. ຂອບໃຈ .",1
ແຮງອັບເດດ ແຮງບໍເປັນຕາຊິແຕກ ເນັດກະບໍໄດ້ ດາຕ້າ1gກະບໍເຫັນໄດ້ ແອັບກາກໆ,0
ຮ້ານ ທາງ,1
ແອບກາກແຮງເຂົ້າຮອດບໍ່ໄດ້ນີ້ບໍທີພາສຜະເທດລາວ,0
ຢາກຮູ້ວ່າເປັນຫຍັງຫລັກ5ຈຮິງເຂົ້າບໍ່ໃດ້ລະຫັດບໍ່ສົງໃຫ້ຈັກເທືອ,0
ບໍ່ມີດີຈັກຢາ່ງ,1
ໄຫໄດ500,1
ມັນບໍ່ສົ່ງລະຫັດotpມາ,0
ແກ້ໄຂແດ່ເດີ່ ເຄື່ອງໃຫມ່ແລ້ວເຂົ້າລະບົບບໍ່ໄດ້,0
ໃຊ້ງານໃດ້ລາ່ຍຍາ່ງ ສະດວກສະບາຍ,1
ດີມາກເຈົ້າ,1
ໃຫ້ເຮົາຮູ້ຫລຼາຍຂີ້ນ,1
ມັກຫລາຍໃຊ້ງານໄດ້ສະດວກສະບາຍ,1
ຢືນຢັນຕົວຕົນຍາກຫຼາຍ,1
ໃຊ້ດີ ໃຊ້ງ່າຍ.,1
ແອັບເດັ້ງຕະຫຼອດ ລົບລະໂຫລດໃຫ່ມມື້ລະ100ເທື່ອ,0
ໄຊໄດ້ດີ,1
"ສະມັກບໍ່ໄດ້ຕິດບັນຫາບ່ອນຖ່າຍວຮດີໂອ, ຖ່າຍທຸກຮູບແບບແລ້ວບໍ່ຜ່ານຄວນແກ້ໄຂຄືນໃຫມ່ໃຫ້ສະມັກໄດ້ງ່າບ, ອັນນີ້ສະມັກແນວໃດກະບໍ່ຜ່ານ",0
ດີຫລາຍຍູມັນນີ,1
ອັດເດດໃຫມ່ແລ້ວເດັງອອກຕະຫຮອດ ຈັກເປັນຫຍັງເຄີຍໃຊ້ແຕ່ກະບໍ່ເຄີຍເປັນແບບນີ້ ປັບປຸງແລະແກ້ໄຂໃຫມ່ແດ່ເດີ ວ່ອງໄວທັນໃຈບໍ່ມີແລ້ວ,0
ຂໍເທີຢາກມີແຟນນາ,1
ເຂົ້າລະບົບບໍ່ໄດ້ກາກເກີນ,0
"ໃຊ້ງ່າຍ,ດີຫລາຍ",1
"ໃຊ້ຍາກ, ລົງທະບຽນຍາກ ປິດສາແອັບນີ້ບໍ່ໃຊ້ດີກວ່າ ບໍ່ສົມກັບຄໍາວ່າ ບໍລິການວ່ອງໄວ, ທັນສະໄຫມ ຈັກຫນ້ອຍ, ກາກເກີນ",0
ເຂື້ອຄາຍສາ,1
ຄຄໍາ,1
ໂຫລດມາລະມັນຄືເຂົ້າບໍ່ໄດ້,0
ບໍ່ເວົ້າຫຍັງດີແລະມ່ວນຢູ່,1
ຊ່ວງນີ້ສັນຍານເປັນແນວໃດເບາະເດ ໂທຫາກັນກໍບໍ່ສະດວກ ສັນຍານໄລຍະນີ້ ເປັນແນວໃດນໍ້ ກະລຸນາປັບປຸງໃຫ້ແດ່ເດີ້ ຂອບໃຈ,1
ເປີດນໍາໃຊ້ໃຫມ່ ຢ່າລືມໃສ່ລະຫັດນີ້ເດີ 41801707 ຈະໄດ້ຮັບສ່ວນຫຼຸດໃນການຊື້,1
ລະງັບບັນຊີກູວານຊືນນີ້ມື້ນີ້ລະງັບອີກລະມືງສິເອົາແນວໄດກັບກູນີ້ເບາະລະງັບດຸດັ້ນແທ້,0
ໂຄສະນາມາຕາຍຮ່າຫຍັງທຸກເວລາແທ້ຄວາຍຍ,0
ແອບນີ້ດີມາກ,1
ຕ້ອງການຕອນນີ້,1
ດີຫຼາຍຂຊໃຫ້ພັດທະນາຂື້ນໄປເລື້ອຍໆເດີ!,1
ແອັບຫຍັງລົງທະບຽນຍາກຕາຍແທ້ ປານນັ້ນແອັບທັນສະໄຫມ ໂອ້ຍຍ ຄວນພັດທະນາແນ່ທ່ານເອີຍ,0
ລົງທະບຽນຕັ້ງເອງແນວໃດໃຜຮູ້ບອກແນ່,0
ໃຊ້ມາແລ້ວສິບກ່ວາປີ,1
ດີລະຫວ່າ,1
ປັບປຸງແນ່ເດີແຊລົງເຟສບໍ່ໄດ້,0
ສະສວກທັນໃຈໃນການສືສານ,1
ເຂົ້າແອ້ບບໍ່ໄດ້,0
ຄັ້ງແຮກ,1
ສະຫນຸກມາກກ,1
ເຫັນຂ່າວສານ,1
ກ່້ກໍາຖຕຖຕ,1
ເຟສຄືອວ່າໃຊ້ງານດີມາກຕ່ະ,1
ກໍາລັງຮຽນເຂົ້າໃຊ້ໃຫມ່ .ຊ່ວຍແນະນໍາດວ້ຍ ຂອບໃຈ ເຮົາຍັງນໍາໃຊ້ລະບົດບໍໄດ້ ບໍຮູ້ສາຍເຫດ ອາດເຮັດບໍເປັນ,1
ຊອກຫມາກ,1
ມາກ,1
ໄຮ້ສິງດີໆລາຍຢາງ,1
ດີຫລຍທັງງ່າຍແລະສະດວກ,1
ດີຫລາຍ ຕິດຕໍ່ຫາຫມູເພືອນໄດ້ງ່າຍ,1
ດີແຕ່ມີບາງວັນເຂົ້າໃຊ້ງານຢາກກ,1
ສຸດຍອດເຟສບຸກ,1
ມັກຫຼາຍໆເດີ່,1
ໃຊ້ດີຫຼາຍມັກໆ,1
ເວລາຫລີ້ນສັ້ນເກິນໄປ 60 ວິ ຂຶ້ນຮອດຊັ້ນ 34 5 ກະຫມົດເວລາລະ,0
ສະດວກສະບາຍຂອບໃຈຍູນິເທວ,1
ຂອບໃຈສໍາລັບການຕິດຈັ້ງແອັບນີ້ຂື້ນມາ,1
ທ ຕຸນທິດາຍັນ,1
ບໍລິການດີກລາຍເດີ,1
ອະໄຮ,1
ງາຍທີ່ສຸດດີທີ່ສຸດ,1
ຄວນປັບປຸງຫຼາຍດ້ານເພາະເຂົ້າແລ້ວເຮັດຫຍັງບໍ່ໄດ້ເລີຍ,0
ຮັກແຮ່ງ,1
ຮູ້ສືກດີຫຼາຍຕັ້ງແຕ່ມີແອບນີ້,1
ແຕ່ກ່ອນໂທໄດ້ ດຽວນີ້ບໍ່ໄດ້ເລີຍ,0
ເຮິມໄຫກູສະແກນໄບນາເຮັດຍັງ,1
ດີ.ດີ່ດີ,1
ເຂົ້າໄດ້ ແຕ່ລົງທະບຽນບໍ່ໄດ້,0
ແອບຊ້າຫຼາຍ,0
ເພາະມັນສ້າງຊ້ອງເປັນຂອງໂຕເອງຢາກເກີໄປ,0
ໄວສຸດ,1
ຖ້າມີແບບຊີ ໄຫ້ໄປເລີຍ 5,1
ກາກໂພດ ເຂົ້າລະເດັ້ງ ງຶດຫຼາຍ,0
ຄືແບບດີຫຼາຍຍ,1
ດີອີຫີລ,1
ດີຫຼາຍແທ້,1
ປັບປຸງແດ່ທ້ອນ ໂອນເງິນກະບໍ່ໄດ້ ເຂົ້າໄປກະເດັ້ງອອກເດັ້ງອອກ,0
ລ້າສຸດມັນສົ່ງຂໍຄວາມບໍ່ໃດ້,0
ຮ້ກມາ,1
ຂິ໑ເນຍຍ,1
ຂໍອັດເດດເດ່,1
ຂອງຂ້ອຍບໍ່ຮູ້ເປັນຫຍັງສັນຍານເນັດກະດີແຕ່ເຂົ້າບໍ່ໃດ້ລອງເຊື່ອໄວໄຟກະຍັງເຂົ້າບໍ່ໃດ້ຄືເກົ່າທໍາອິດຄິດວ່າເປັນນໍາເນັດແຕ່ຫຼິ້ນອັນອື່ນກະຍັງໂອເຄຢູ່,0
ຊີວິດຄົນຈົນ.ຢາງຮາງ ເມືອງຊໍາເຫນືອແຂວງຫົວພັນອາສິດເສົານາ,1
ຂ້ອຍເປີດໃຊ້ບັນກະເປົາ,1
ໄຊ້ບໍໄດ້ເລຍເຕືມບັດກະບໍໄດ້ ຄະແນນ ໄດ້ແຕ່ 2.000 ນອກນັ້ນ ເຕືມເທົ່າໃດ ຄະແນນ ກະບໍຂື້ນເລຍສີຢຸດໃຊ້ແລ້ວ,0
ກາກແມ່ມຶງຈິ gmໂຄດກາກເອົາຫນີໃກໆຕີນກູສະ,0
ໃສ່ລະຫັດຖືກຍັງລ໊ອກ otpສອງອັນ ? ບໍ່ໄດ້ໃສ່ແຕ່ມີ ?,0
ຈິາຍີ້າ ຍຍິ,1
ໂຄສານາໂຄດດີ ເຂົ້າໃຊ້ໂຄດຊ້າ ປັບປຸງແນ່ ຊີຢາກໄດ້ແຕ່ເງິນຫລາຍ,0
ນາງມູນາຂຸນທໍາ,1
ມັນເປັນບ້າຍັງຄືວ່າຂຽນແຕ່ບໍ່ໄດ້ເຊື່ອມຕໍ່ເຄືອຂ່າຍ ທັ້ງໆທີ່ສັນຍານກະ4gຢູ່ເນັດກະຍັງບໍ່ທັນໄດ້ມົດຕ້ອງແກ້ໄຂດ່ວນ,0
ໂຫດລາຍໆ,1
ຫສາ້,1
ດ່ແ,1
ເປັນຫຍັງເຮັດພາລະກິດແຕ່ລ່ະມື້ ຄືບໍ່ໄດ້ ກົດກະແຈແນວໃດ ກະບໍ່ເປັນຫມາຍຖືກຈັກເທື່ອ ແກ້ໄຂ້ແດ່ເດີ້,0
ຜູ້ໃຊ້ໃຫມ່ ໃສ່ລະຫັດນີ້ 41801707 ແລ້ວຈະໄດ້ຮັບຄະແນນໃນການຊໍາລະແຕ່ລະຄັ້ງ,1
ຍາມ,1
ແອັບທີ່ມີຜູ້ພັດທະນາແຢ່ມີປັນຫາກະບໍ່ແກ້,0
ລົງທືນຈ້າງຄົນເກັ່ງຂຽນແອັບແດ່ຄືກາກແທ້ແອັບ,0
ແອັບເຂົ້າກະບໍ່ໄດ້ຄື້ຂີ້ນີ້ຈັງແມ່ນຊາດເ,0
ຂ່າວ. ສື່ເພຮດຕາງດີ,1
ສຸດຍອດແອັບແຫ່ງວົງການທະນາຄານ,1
ທ ວ່າ ວື່ kojmv,1
ເປັນຫຍັງແອັບຈືງບໍ່ເຂົ້າໄປເຖີງເມໂນ,0
ອັບເດດກະດຸແທ້ເຂົ້າແອັບກະຍາກຫລາຍ,0
ສຸດຍອດຄວາມໄວຂອງແອັບນີ້ພາກັນໃຊຢ່າງວ່ອງໄວທັນໃຈຕ້ອງໂຫລດມາໃຊ້,1
ຂີ້ດາຍຫລາຍ ເຮັດອອກມາຕົວະເອົາເງີນຕີ ສັດ,0
ມັກເລາະ,1
ກົດລົງທະບຽນຄືບໍ່ໄດ້ກົດຕົກລົງມັນກະບໍ່ໄປເຮັດຖືກທຸກຢາງລະເດແກ້ໄຂ້ໃຫ້ແດ່ຕົວ,0
ພເຊໍລວມຶຖຈຈຈ້ເສ່ເມດສ,1
ມັນບໍ່ມີເພງໃນສະຕໍ່ລີນະ,0
ແອັບໂຫລໆ ໃຊ້ບໍ່ດີ ບໍ່ມີຄົນຄຸຍ ຄອມເມັ້ນສຕໍຣີ່ສາວ ກະອ່ານບໍ່ຕອບ,0
ຄວນປັບປຸງຕື່ມເຕີມເງິນບໍ່ເຂົ້າເບີແຕ່ລະບົບຕັດເງິນຈາກບັນຊີເຮົາແລ້ວບໍ່ຮູ້ຄົນອື່ນເປັນບໍ່ຂ້ອຍລະງຶດ,0
ເດັ່ງຕະຫຼອດລົງທະບຽນບໍ່ໄດ້ເລືອຍ,0
ຢາກສັ່ງອາຫານກິນ,1
ຊື້ບໍ່ຖຶກຈັກເທື່ອເລກລາວນີ້,1
ເກັງ,1
ໃສ່ເບີຖືກຕ້ອງແລ້ວແຕ່ເຂົ້າບໍ່ໄດ້,0
ມັກໃນການລິ້ນ,1
ຄຸນນະພາບດີ,1
ເອົາໄປ5ດາວເລີຍ ໃຊ້ການດີມາກ.,1
ແອບເຂົາບໍ່ໄດ້ມີແຕ່ບອກວ່າອຸປະກອນຂັດຄ້ອງ,0
ຂໍອາໄພທ່ານຂ້ານ້ອຍລຶບແອັບນີ້ເທື່ອແຕ່ແອັບນີ້ເສຍຫຼືຖືກເຊື່ອງບໍ່ຮູ້ຫມູ່ສົ່ງພາບວີດີໂອໃຫ້ແລ້ວເສຍແອ້ບນີ້ພ້ວມປະຈຸບັນເລຍ.ຫືແອັບທີຄາ້ຍຄືນີ້ບໍ່.ຂອບໃຈ,1
ສະດວກ ສະບາຍ,1
ໂດຍສະເພາະຂອງແອັດຮັບສາໃຫ້ຄວາມປອດໄພດ້ອຍ,1
ຕາວັນມຸນວົງສ່າ,1
ເຮັດໄຫ້ໄດ້ຮູ້ປະສົບການແບບທີບໍ່ເຄີຍມີແຕ່ເຟດບຸ້ກນີ້ແລະທີເຮັດໄຫ້ຄົນເຮົາພົບພໍ້ກັບສີ່ງໄຫມ່ໆ,1
ຫວຍພະຍານາກ,1
ຂອຍໃຈທິ່ໃຫ້ຂ້ອຍໄດ້ຮູ້ແລະເຫັນເຮັດການທິ່ເກີດຂື້ນໃນສັງຄົມທຸກໆວັນນິ້,1
ປັບປຸງ ແອັບ ເພີ່ມແນ່ເດີ້ ໃສ່ລະຫັດກະບໍ່ໄດ້,0
ເປັນທີດີມີສັນາລັກເປັນແອັບຫ່ວຍພັດນາພາລ່ວຍ,1
ເຂົ້າແລ້ວເດັງອອກຕະລອດ,0
ຫຍຸ້ງຍາກກວ່າເກົ່າ,0
ຍິນດີ,1
ເຟສບຸກຫລິ່ນບໍ່ໄດ້,0
ໂລດບໍໄດເ,0
ແອັບນີ້ດີທີ່ເຮົາຢາກເຂົ້າແຕ່ເຮົາບໍມີລົດ,1
ສະຖຸນນ,1
ງ່ໃບ,1
ປີໃຫນແຕ່ໃຈຄື່ເກົ່າ,1
ເນັດຄືຊ້າແທ້ຊ່ວງນີ້,0
ດີ.ວອ່ງໄວທັນໃຈເລີຍ,1
ເຂົ້າກະບໍໄດ້ເອົາ ເວີຊັນເກົ່າຄືນມາ ໂຕເກົ່າກະດີຢູ່ແລ້ວສີອັບແດດເພື່ອຫຍັງ,0
ຄິດຮອດທຸກຄົນເລີຍ,1
ເລາປະສົບການ,1
ຊອບຫມາໆເລີຍ,1
ເອີ້ນລົດຢາກຕອນ 4 ໂມງ ບໍ່ວ່າຈະເອີ້ນ 3 ລໍ້ ລົດເກງ ລົດ suv ບໍ່ໄດ້ເລີຍ ເອີ້ນ 1 ຊົ່ວກໍ່ບໍ່ວ່າງ ບໍ່ລິການຢາກວ່າຍາກ ພໍໄດ້ລົດບໍລິສັດອື່ນ ກໍປາກົດວ່າ ເຫັນ ລົດ 3 ລໍ້ ຂອງ kokkok ຢູ່ລໍຖ້າຕາມໂຮງຮຽນຕ່າງ ໆ ຄົນຫນາແຫນ້ນກວ່າຈະມາຮັຍຢູ່ເຮືອນຄົນ ຕໍຈາກນີ້ ຈະໄປໃຊ້ບໍລິການຂອງບໍສິສັດອື່ນ ເພາະດີກວ່າຫລາຍ ຮັບໄວ ແລະ ມາໄວກວ່າ,0
ດີຫລານແອບນີ້,1
ດີໆຈິງ,1
ຂຽນພາສາ,1
"ເຕີມເບີ້ໂທລະສັບ.500,000,",1
ກາກແຮງ ລະບົບປ່ຽນໄປເລີຍ ບໍ່ຢູບ່ອນເກົ່າ,0
ຢາກດີຂື້ນຫຝກວ່າເກົ່າ,1
ຮັກເຄົ້າ ຂາງດຽວ,1
ອຊີ,1
ການສົ່ງຂໍ້ມູນຂ່ານສານແມ່ນດີຫລາຍ,1
ສະດວກວ່ອງໄວທັນໃຈ,1
ປສສິາສີນິແນຍິ,1
ໃຊ້ດີຫຼາຍໄວທັນໃຈ,1
ເຂົ້າບໍ້ໄດ້,1
ຂໍໃຫ້ໄປກວດກາເບິ່ງຄົນມາລົງທະບຽນນໍາແນ່. ຂ້ອຍລົງໄປ2ເດືອນແລ້ວຍັງຂຶ້ນລໍຖ້າອະນຸມັດຢຸ່,0
ສັນຍານ ໃນເຂົ້າໃຈ,1
ຍາກຫລາຍ,0
ເປັນຫຍັງໃຊ້ບໍ່ໃດ້ແລ້ວ,1
ໂຄດດີເລິຍ,1
ສະດວກດີ ແຕ່ຢາກຖືກເລກຈັກ3ຄັ້ງ,1
ຂອບໃຈ ທີ່ມີເຟສທັນສະໃຫມ ໄດ້ໃຊ້,1
ເປີດ,1
ດີໆໆຫຼາຍໆສຸດໆແລ້ວ,1
ສຍ່ພດາຍຍ,1
ອົງການປົກຄອງ,1
ເຄືຍສຶກສາວິທະຍາໄລກົດຫມາຍຊັ້ນຕົ້ນ,1
ໄຖໍາຄຍ,1
ບັນຍາຊົນຊັ້ນສູງ,1
ກູຄືນເຟດເກົາ,1
ສຸກໄຈສະບາຍໂຕສະດວກປະຫຍັດເວລາ,1
ເປັນຄົນທໍາມະດາ,1
ບໍ່ມີວິດີໂອຢູ່ເຟດ,0
ເຂົານີ,1
whatsapppຊັດເຈນດີ,1
ໃຊ້ໃດ້ດີມາກເລີຍຂອບໃຈຄົນທີສ້າງເອັດນີ້ມາຫຼາຍເດີ,1
ໃຊ່ດີເວີ້,1
ອັບເດດໃຫມ່ແຕ່ໃຊ້ບໍ່ໄດ້ ງຶດຫຼາຍ,0
ແອບນີ້ຊໄງານດີ,1
ກົດສັ່ງໄປ1ຊົ່ວໂມງ ຍັງມາບອກວ່າຮ້ານຫາກະກຽມ ງຶດເດເນາະ !,0
ໄອ້ດີໆ,1
ແອັບນີ້ອັບເດດໃຫມ່ແຮງເຂົ້າແອັບບໍ່ໄດ້ເລີຍແກ້ໄຂ້ແດ່ເດີ,0
ສົມຄວນປັບປຸງໃຫມ່ສາ,0
ມີຜົນປະໂຫຍກຫລາຍຕໍ່ຊື່ອອນລາຍ,1
ສະຫັມກກະຍາກ ນ່າຍເດ,0
ແອບຄືຄວາຍນິ,0
ໃຊ້ດີ ໃຊ້ງ່າຍ ມີບັດມາສເຕີ້ຊື້ເຄື່ອງອອນລາຍພ້ອມ ແລະມີສະສົມແຕ້ມແລກຂອງລາງວັນ,1
ມີປະໂຍ້ດ,1
ໄຫ້ຊໍ້ານີ້ກ່ອນ,1
ມັກຫຼາຍການຫຼິ້ນແອັບ.ຂອບໃຈທີ່ແນະນໍາ,1
ເປັນແອັບທີ່ບໍ່ຫມັ່ນໂຄງໃຊ້ມາດີໆຄະແນນຫາຍຫມົດຕ້ອງໄດ້ແກ້ບັນຫານີ້ຖ້າບໍ່ແກ້ບໍ່ໃຊ້ອີກແລ້ວ,0
ແອັບຂາງໂພດ.ມຸນຫວົງລໍ່ກະເກີດຂໍຜິດພ່າດ,0
ຈັນສະມອນ,1
ກ່າພໍໃຊ້ໄດ້ຢູ່ເດ້,1
ເຂົ້າຍາກ ຊ້າສຸດໆ ທນຄ ບັກໃຫຍ່ ອັບເດດແອັບໃຫ້ດີກວ່ານີ້ບໍ່ໄດ້ບໍນໍ້,0
ຖາລົງທະບຽນໄດ້ເອງຄືຊິດີກວານິ,1
ຍຽ່ມມາກ,1
ດີຊົມ,1
ໃຊ້ໄດ້ດີຫາລາຍ,1
ງ່າຍສະດວກ,1
ສາຍນໍາ້ມ່າ,1
ທໍາໄມເຂ້າຫຼີນເກມຊາລອດໄມ້ດ້າຍ,1
ຢືມເງິນ,1
ເບີ່ງໄລ່ສົດລະຄ້າງໆໆ.,0
ຍັງເວີຊັ່ນເກົ່າ,1
ນ.ມີນາພອນ,1
ນັບມື້ນັບກາກ,0
ບໍ່ໄດ້ເນັດເລີຍ,0
ໄຊ້ ແອບ,1
ຫລີ້ນ,1
ດເດີ,1
ຢານບໍແມ່ນ,1
ແກ້ໄຂ ແນ່ ເຕີມ ເງິນເບີ ຫຼັກ9 ບໍ່ ໄດ້,0
ຕອນແລກກະດີບາດດົນໄປຄືອັບສະຕໍລີ້ໄນແມັດຊີນເຈີ້ບໍ່ໄດ້ບໍ່ມີບ່ອນຂຽນປັບປຸງແດ່,0
ບໍ່ຮູ່,1
ເຢັ້ງຫົວ,1
ບໍມີປະສົບການ,1
ມັນກະດີຢູ່ ແຕ່ເວລາເຂົ້າແຊັດລະຫມູນຢູ່ບໍ່ຢຸດ ງຸດງິດ້ວີຍ ພັດທະນາກະໃຫ້ມັນດີໆແດ່,1
ຄືເຂົ້າບໍ່ໄດ້ເດັ້ງອອກມາຕະຫຼອດ,0
ແອບກາກຂະຫນາດໂຟດເນັດບໍ່ໄດ້ປັບປູງແນ່,0
ເລ່ນງ່າຍ,1
ສິໃຫ້ລົງຢູ່ຫວາໂຫລດບໍ່ໄດ້ນິນາ,0
ເສວ,1
ແອບບໍເຊື່ອມກັບແປ້ນພິມ ພິມບໍໄດ້ ແຕ່ກ່ອນປົກກະຕິ ບາດອັບເດດລະພິມໄສບໍຂື້ນເລີຍ ຕົກລົງມັນແມ່ນປັບປຸງຢູ່ຫວາ,0
ຫມຸນໂຄດດົນ ເນັດກະສັນຍານປົກກະຕິ,0
ແອບໂຄດກາກເຂົ້າບໍໄດ້ຖ້າເປັນຊົ່ວໂມງ,0
ບໍ່ສາມາດລົງທະບຽນໃດຄາແຕ່ຖ່າຍຮູບກັບວິດີໂອບໍ່ໄດ້ຈັກເທື່ອ,0
ເນັ້ງ,1
"ອອກແບບມາໃນເມື່ອ,. 5",1
ໄວ້ໆໄດມົດ,1
ທໍາມະສາດ,1
13007167ໂຫລດແລ້ວໃສ່ລະຫັດແນະນໍານີ້ກະໄດ້ເດີ,1
ທີ່ທອງໄຊ,1
ຊິເຂົ້າໄປສະມັກເນັດກະຍັງຍາກແອັບໂຄ້ດກາກ,0
ແອບຟຮີດີຫລາຍໆ,1
ຄີພກະ,1
ດີຫລາຍພັດທະນາແອັປດີໆແບບນີ້ຕໍ່ໄປເດີ້,1
ໃຊ້ບໍ່ດີເດີ,0
ເປີດ app ລະຫນ້າຈໍມືນ ເຂົ້າບໍ່ໄດ້ເລີຍ,0
ດີ ແນະນໍາໃຊ້,1
ເປັນຄົນນິໃສດີ.,1
ແອບກາກໆ.ບອກໃຫ້ລົງຄົນທະບຽນເບີບາດໂຫລດມາໃຊ້ພັດໃຊ້ງານບໍ່ໄດ້.ປ້ອນເບີເຂົ້າໄປແລ້ວກະເດັ້ງອອກໂຫລດມາເປືອງເນັດກູລ້າໆ,0
ນ້ອງນີ່,1
ໃຊ້ໄດ້ດີ ແຕ່ຍັງມີຕິດຂັດບ້າງ້ລັກນ້ອຍ,1
ສົມຈັນຕ,1
ໃຊ້ດີາຍ,1
ສໍາລັບຄົນທີ່ເຂົ້າໃຈແອັບຯນີ້ກໍສາມາດໃຊ້ໄດ້ຢູ່ ແອັບຯນີ້ດີຫຼາຍໃຫ້5ດາວເລີຍ ພັດທະນາແອັບຯນີ້ຕໍ່ໄປເດີໃຫ້ຄົນລາວໄດ້ຊົມໃຊ້ກັນໃຫ້ຫຼາຍຂຶ້ນ ຖ້າໃຜສົນໃຈກໍໂຫລດໄປນໍາໃຊ້ໄດ້ ແຕ່ຖ້າບໍ່ຖືກໃຈບໍ່ເປັນຫຍັງບໍ່ໂຫລດມາກະໄດ້ ບໍ່ໄດ້ຫ້າມເດີຄົນອ່ານຫ້າມບໍ່ໄດ້ຕາມໃຈເລີຍ ແຕ່ສະບັບຂ້ອຍແອັບຯນີ້ດີຫຼາຍ ແຕ່ກໍຍັງມີຂໍຕົກພົກຜ່ອງຢູ່ແນວໃດກໍຕາມ ກໍເປັນແອັບທີ່ໃຫ້ທັງຄວາມບັນເທິງແລະກໍໄດ້ພົບປະກັບຫມູ່ເພື່ອນຫຼາຍຄົນຢູ່ໃນແອັບຯນີ້.ຂໍຂອບໃຈ,1
ເປັນແອັບທີ່ຄັກຫຼາຍ,1
ຫລີນຊາແລະກະມີອຸປະສັກ,1
ອາແມj,1
ບໍເຂົ້າໃຈ,0
ຂໍຊ່ວຍເຫຼືອແດ່,1
ດີມາກເລີຍຍ,1
ຈັງໃດແອັບນີ້ ເອົາ my unitel ຄືນມາເຮັດແອັບແບ້ຫຍັງເຂົາຫຍັງກະບໍ່ໄດ້ແອັບມັນສ້າງມາກະດົນເຕີບລະ ໃຫ້ໄປຟັງແຕ່ເພລງຫັນ !,0
5ດາວ,1
ດີຫລາຍ ຂ້ອຍສ່ອງແຟນເກົ່າຕະຫລອດ,1
ຄັກຫຼາຍ ທັນສະໄຫມດີ ສະດວກ,1
ເຂົ້າສູ່ລະບົບຄືບໍ່ໄດ້ເປັນຍ້ອນຫຍັງຫຼື ເປັນຍ້ອນເມວຂ້ອຍ,0
ນະໂຍບາຍຂອງລາວໂທລະຄົມກັບfacebookເພີ່ນບໍ່ຢາກໃຫ້ຄົນແຮັກເກີຫຼືເອົາfacebookຂອງຄົນອື່ນໄປໃຊ້ໃນທາງທີ່ບໍ່ດີເຊີ່ງມີຫຼາຍກໍລະນີທີ່ມີຂາວໃຫ້ເຫັນກັນຫຼາຍຄົນເຮົານີ້ຮູ້ຫນ້າແຕ່ບໍ່ຮູ້ໃຈຫັວງວາ່ຄົງຈະເປັນປະໂຫຍດບໍ່ຫຼາຍກະຫນອ້ຍ,1
ດີຫລາຍສໍາລັບຂ້ອຍ,1
ບຸ້ດປຈພົ,1
ສັນດີ,1
ປະສົບການຂ້ອງຂ້ອຍກະສີພໍ່ສົມຄວນໃນການທໍາງານ,1
ເປັນຫຍັງຄືສະມັກເຟສບໍ່ໄດ້,1
ດີໆຄັກຫຼາຍ,1
ດາດ,1
ສະດວກໃນການໃຊ້ຈ່າຍເງິນ,1
ແອບສົ້ນຕີນຫຍັງຊິເຮັດໃຫມ່ກະບໍ່ໃຫ້ເຮັດລະຊາດໃດມັນຊິແລ້ວ,0
ກໍາລັງຮຽນ,1
ສະບາຍດີທັງຫມົດທີ່ທ່ານມີເພື່ອ,1
ໃຊ້ດີຫໍລາຍ,1
ອັບເດດຕະຫຼູອດ,0
ອາຫານບໍ່ຄອຍຕົງປົກ,0
ກົດ,1
ໄຊ້ງານງ່າຍໂທຄໍດີຫນ້າໄຊ້ດີໆໆ,1
ດີດົນໆເດີ,1
ບໍ່ຕ້ອງປຽງwhateapp messengerແລ້ວເດີ,1
ແກ້ໄຂດ່ວນ ເຂົ້າບໍ່ໄດ້ ໃຫ້ ກວດສອບການເຊື່ອມຕໍ່ ຊິໃຫ້ໃຊ້ເນັດ10 g ຫວາຈັ່ງຊິເຂົ້າໄດ,0
ຮັກເຈົ້າ,1
ທໍາໄຫນ້ໄມ້ດ້າຍເງີນ,1
ຂຽນລາວລາວ,1
ໃຊ້ຄັກຫຼາຍໄຫ້5ດາວເລີຍ,1
ມັນມີປະໂຍດຫຼາຍຢາງທີອໍາຫນວ່ຍຄວາມສະດອກສະບາຍໃຫ້ສໍາລັບຂອ້ຍ,1
ໄຫ້5ດາວເລີຍ,1
ສື່ສານດີ,1
ແອັບນີດີລາຍ ທຸກຄົນຢາລືມໂລດມາໃຊເດີ,1
ໂອເຄເລີຍໄຜທີ່ຕ້ອງການຄວາມໄວ,1
ແກ້ໄຂແນ່loginເຂົ້າappບໍ່ໄດ້,0
ດີຫຼາຍງ່າຍໄວ,1
ນາງເງິນ,1
ຢາກໃຫ້ປັບປຸງເລື່ອງການອັບເດດລະບົບຄືນອັບເດດກະບໍໄດ້,0
ດີຢູ່ແຕ່ເນັດຟີແຊບ່ໍໄດ້,1
ເຂົ້າລົງທະບຽນແລ້ວມັກເດັ່ງອອກເອງ.,0
ອີ່ພອນ,1
ແຮງອັບເດດແຮງບໍ່ເປັນຕາໃຊ້ມີແຕ່ຂໍ້ຜີດພາດອັບໃຫ້ດີຫລືອັບໃຫ້ຈີບຫາຍນໍ້,0
ສະບາຍບໍຕ້ອງຖືກເງີນເປັນກ້ອນ,1
ຄຣີສຕຽນ,1
ໄຊຫອ,1
ຢາກໂຕເກົ່າຄືນມາ,1
ເວລາດາຕ້າເບິດຄືວ່າເຂົ້າສະມັກດາຕ້າໃນແອັບບໍ່ໄດ້ຄືເກົ່າແລ້ວ,0
ໃຊ້ງານຍາກ,0
ແອັປປັນຍາອອ່ນໂຫລດມາເປີດຂື້ນຄ້າງແຕ່ຫນ້າຊື່ໆ ເອົາຫົວໂຄຍສ້າງແອັປ,0
ລະບົບຊ້າຫລາຍເດີປັບປຸງດ່ວນເຂົ້າບາດໃດເປັນຊົ່ວໂມງ,0
ສຸດຢອດຖືກໃຈ,1
ແອບກາກໆຢ່າຫາໂຫລດ,0
ໂຄດກາກບໍ່ມີຫຍັງເປັນຕາໃຊ້ຈັກນ່ອຍອັບເດດຍັງບໍ່ຮູ້ຕະລອດ ບໍ່ຄືແຕ່ກ່ອນເລີຍ ຈະພັດທະນາໃຫ້ດີບໍ່ແມ່ນແຮງເຮັດໃຫ້ກາກລົງ,0
ສະດວກ ແລະ ບັນເທີງດີ,1
ສົ່ງຂໍ້ຄວາມບໍ່ໄດ້ຊ່ວຍແກ້ໄຂແນ່ເດີ,0
ໃຊ້ຫຍັງບໍໃດ້ເລີຍອອກຈາກລະບົບແລ້ວເຂົ້າລະບົບອື່ນກະບໍໃດ້ບໍເຫັນບ່ອນໃສ່ເບີ,0
ເປັນຫຍັງຊວງນີຄືບໍໄດ້ເນັດເນເປັນຫຍັງຄັນມູນບໍໄດ້ອີກນ້ອງລົບຖິມແລ້ວເດີ,0
ຫລິ່ນມວ່ນ,1
ແອະ ໄຊຍະສອນ,1
ໃຊ້ໄດ້ມີຄວາມຄຸນນະພາຍ,1
ເຟສເປັນຫຍັງເຂົ້າລະເດັ່ງອອກຕະຫຼອດ,0
ສັນຕິອໍລະດີ,1
ແອັບນີ້ເຮັດໃຫ້ສະດວກຂຶ້ນຫຼາຍຢ່າງ,1
ບໍ່ໄດ້ເລືອກໄຫ້ດາຕ້າແຕ່ເທື່ອດຽວ.,0
ນາງວັນ,1
ອັບເດດໄວໆແນ່ເດີ້ແອັບນີ້ ໃຊ້ຫຍັງບໍ່ໄດ້ແລ້ວ,0
ຊື່ອາດໍາລູກສາວຄົນໂຕຂອງແມ່ສາຍຮ້ອຍຍະໆໆ,1
ມົນ,1
ທັນໄຈທັນເວລາຫລາຍ,1
ໃຊ້ດີໃຊ້ງ່າຍ ສະດວກສະບາຍ,1
ສຸວັນທອງ,1
ດີບ້ານ,1
ພໍໄດ້ຢູ່,1
ລອງໃຊ້ເບິ່ງກ່ອນເດີ,1
ເປັນຫຍັງລົງທະບຽນຮັບວັກຊີນມັນຄືມີແຕ່ສະຖານທີ່ສັກໃນວຽງຈັນບ່ອນດຽວ ຕ່າງແຂວງລົງທະບຽນຮັບວັກຊີນລ່ວງຫນ້າໄດ້ຢູ່ໃສ,0
ເຮຮຮຍາ,1
ວອດແອັບ,1
ຮຽນຮູ້ກ່ຽວກັບສິ່ງທີ່ດີທາງສັງຄົມແລະເນັກໂທລະຍີ,1
ອາຫານດີ,1
ມັນຕົວະບໍ່ໄດ້ຮອດ3gbເດີ ຖ້າໄຜສິໂຫລດ ໄດ້ແຕ່1gb,0
ດີແຮງງ,1
ໂດຍສະບາຍດີຄື້ໂທສັບມັນລັອກແອັບໄດ3 4ປີຜ້ານມາ,1
ໄຊ້ດີ ໂຫລດເລີຍ,1
ທີ່ສູດ,1
ຂໍຂອບໃຈນະ,1
ດີຫລາຍແທ້ໆ,1
ບໍ່ມັກແອັບຕິດໂຄສະນາ ອອກບໍ່ໄດ້ເ,0
ຂ້ອຍມັກຫລີ້ນຫລາຍມ່ວນສະນຸກສະນານ ເຈີຫມູ່ເພືອນຫລາຍໆທີດທາງຊອບຖືກໃຈ,1
ພໍໄດ້ຮູ້ຂາວສານ,1
ໃຊ້ດີຫຼາຍໃຊ້ແຕ່ປີ2014,1
ແອັດດີໆ,1
ສຸດຍອດຈັງເລີຍ,1
ລົງທະບງນຢາກແທ້ລົງແນວໄດ໋ກະບໍ່ໄດ້ຈັກເຮັດມາເພື່ອຫຍັງຢາກຕັດເບີລະຕັດເລີຍຄ້ານລົງແລ້ວຕັດກະຊື້ເບີໃຫ່ມ,0
ໃນໂລກໃຫມ່,1
ຫຼ້ສົດ,1
ຫ່ວຍແຕກເວີ້,0
ຢູດາຍ ສາຍໂຫດ,1
ກູ້ຄືນ whatsapp,1
ອາຫານແຊບຫລາຍແຈ່ວ່າມື້ນີ້ນະສັ່ງແລ້ວເຈົ້າຂອງຍົກເລີກອໍເດີ້ຂອງຂ້ອຍ ຄັນຊັ້ນບໍ່ຢາກສົ່ງກະຍົກເລີກແຕ່ກີ້ສ່າ ເສີນເວລາ,1
ຍອມໆແອບນີ້ບໍ່ໄດ້ເລື່ອງ ຫ່ວຍເກີນກະລຸນາປັບປຸງແດ່ ຕັ້ງບໍ່ໄດ້ບອກວ່າໄສ່ເບີບໍ່ຖືກ,0
ຫນັງໂປ້ຢີ່ປຸ່ນສາວອາບ ນໍ້າມັນ,1
ເປັນຫ່ງຫຍັງ,1
ເວລາເຄືີ່ອນໄຫວທຸລະກໍາມັນຄືບໍ່ແຈ້ງເຕືອນແນ່ນໍ,0
ປະຫວັດຄວາມເປັນມາ,1
ປັບປຸງເລື່ອງກ້ອງແດ່ເດີ ບໍ່ຊັນກະໃຫ້ມັນດຶງຮູບຈາກແກເລີລີ່ມາໃສ່ໄດ້ແດ່,0
ຟາກຊ່ວຍຕິດຕາມ ແລະສົ່ງເສີມແດ່ເດີ ເພື່ອນໆ,1
ຢຟໂຖ,1
ເສຍໃຈທີ່ບໍ່ມີເພື່ອນເລີຍ,1
ຄັກຫລາຍແອັບນີ້ໄດ້ດາຕ້າທຸກມື້,1
ໂທແລະສົ່ງ,1
ຮັສດຄ,1
ໃສ່ເພງໃສສະຕໍຣີບໍ່ໄດ້,0
ບໍ່ເວົ້າຫຼາຍເຈັບຄໍ,0
ຄວາມຈໍາເຕັມ,1
ຄັກສຸດຮາຮາ,1
ສັ່ງອາຫານ,1
ກົດເຂົ້າໄປບ່ໍໄດ້ເລີຍຕ້ອງເຮັດແນວໃດ,0
ເຂົ້າລະບົບບໍ່ໄດ້ຈຮາລ່າສຸດ ແຍ່ອ່ະ,0
ແກ໋ວແກ໋ວແກ໋ວ,1
ໃຊ້ດີໃຊ້ງ່າຍສະດວກສະບາຍ,1
ໄດ້ຮັບ500mbມື້ຕໍ່ໄປກະໄດ້ຮັບ50mb,0
ຊອບທີ່ພາໃຫ້ໄດ້ພົບຫນູ່ເພື່ອນໄຫ່ມໆ,1
ທພະຍງເມືອງ,1
ຂອບໃຈແອບດີໆແບບນີ້,1
ຄວນຊິແຄຣັບຫນ້າຈໍໃນເວບໄດ້,1
ດີຄໍາດຽວ,1
ດີທີ່ຊຸດ,1
ສາວແມວ່ສມທຶືທວສອແ,1
ໃຊ້ດີອາຫຼີ,1
ປິ້ງໄກ່ແຖວເຮືອນແຊບຫລາຍ,1
ສຸດແຍັກ,1
"ທ່ານໃດມັກຊື້ເລກແຕ່ບໍ່ຢາກອອກໄປຂ້າງນອກຢ້ານຕິດໂຄວິດ ທາງນີ້ເລີຍຊື້ຢູ່ໃສກະໄດ້,ຝັນດີມື້ໃດຊື້ນັ້ນໂລດບໍ່ຕ້ອງຖ້າມື້ຫວຍອອກ ພຽງແຕ່ທ່ານໃສ່ລະຫັດຜູ້ແນະນໍາ. 8451 2596",1
ຊາບມ້ກຂະ,1
ໄສ້ແລ້ວດີລາຍ,1
ຕ້ອງພັດທະນາຕໍເດີເພາະວາ່ເວລາລື່ມອະເດດມັນເຂົ້າບໍ່ໄດ້,0
ດີທີ່ສຸດ ເສຍດາຍໃສ່ເພງຢູ່ສະຕໍລີບໍ່ໄດ້,1
ຍໍໃຫ້,1
ສຶກສາເພຶ້ມເຕຶມແນວໄດ່ເພີນເຕີມເງີນກໍ່ຫັກອອ່ກສີງທີບໍ່ໄດ້ຍຶມເງີນ,1
ໃສ້ດີຫລາຍ,1
ສ້າງການປະສານງານກັບການພັດທະນາຄວາມສໍາພັນລະຫວ່າງການຢ້ຽມຢາມຂອງການພົວພັນໄດ້ຮັບຜົນດີ,1
ເປັນຍັງຄືຕິດຕັງແອບບໍໄດ້ເບາະ,0
ດີຫລາຍທີ່ໃຊ້ ວອັດແອັບນີ້ການສື່ສານແນ່ນອນທ່ຽງຕົຣງ,1
ຂ້ອບໄຈ້,1
ແອັບດີມາກ,1
ລົງທະບຽນບໍ່ໄດ້ສົ່ງມາຊ້າຂຽນລະຫັດໃສ່ກະບໍ່ຖືກຈັກອັນແກ້ໄຂແນ່,0
ປອດໄພກວ່າວ໋ອງໄວທັນໃຈ,1
ສະນຸກມາກຢ້ຽມ,1
ເບຶອກັບການຕອ້ງເຂົ້າໄປອັບເດດຕະຫລອດທັງໆທິຫາກະອັບເດດມຶວານມຶ້ນິແຈງໄຫ້ອັບເດດອິກອັບເດດແລ້ວຍັງເປັນເວິຊັນເກົາບໍປຽນເລິຍເສຍດາຍເນັດທິຕອ້ງເຂົ້າໄປອັບເດດແຕຍັງເປັນເວິຊັນເກົາຖ້າໄຫ້ອັບເດດປຽນເວິຊັນໃຫມກະບໍວາຫຍັງດອກນິອັບເດດຍັງເປັນເວີຊັນເກົ້າເສຍດາຍເນັດໃຫ້1ດາວໄປກອນເພາະບໍຖຶກໃຈປານໄດ້ມິຫລາຍຢາງປຽນໄປຢາກໄດເວິຊັນ2020 2021 2022ຄຶນມາຄັກກ້ວາເວິຊັນ2024 2025ໂຄດກາກທຸກຢາງທິສະນຸກບໍມິໄຫ້ລິນແລ້ວໃນ2025ຢາກໄດເວິຊັນ2020 2021 2022ຄຶ້ນມາດິກວ້າ,0
ກໍາລັງລອງໄຫ່ມ,1
ສາວໃນເຟດງາມຫລາຍ,1
ສົນທະນາສ່ວນຕົວ,1
ຄໍາຫລ້າ.ຂຸນອາສາ,1
ບໍລິສັດທີມີນໍ້າໃຈຊ່ອຍເຫື່ຼອຜູ້ທຸກຈົນ,1
ໄມແສງ,1
ອັບເດັດແລ້ວບໍ່ເຫັນຮູບຂື້ນເລີຍ,0
ນຸ້ນ,1
ຈ້າງທີມໃຫມ່ສາເນີ ພັທະນາແອບ ນີ້ນາ ຮ້າຍໂພດ ເຂົ້າຍາກ ມີຂໍ້ຄວາມເດັ້ງຕະລອດ,0
ສະດວກວ່ອງໄວດີ,1
ເມກ,1
ເພາະມັນແຊັດຫາຫນູ່ແລະແຟນໄດ້,1
ໄດ້ດີ,1
ແກ້ລ໊ອກໃຫ້ແນ່ເບີນ້ອງຖືກລ໊ອກ,0
ໃຊ້ດີເດີ,1
ໃຊແລ້ວດີຈີງ,1
ໂຫນ້າສາລາ,1
ລິນດາ,1
ຈາກພີດາວ,1
ແອພນີ້ລິ້ນດີມາກແລະງ່າຍສໍາຂ້ອຍເອງກັບທຸກຄົນ,1
ເປິດ,1
ມີຄໍດີຢູ່ຫາຍຍ່າງ,1
ແກ້ໄຂແນ່ເຕີມເຂົ້າເບີຄືບໍ່ໄດ້,0
ເພື່ອ ຄົນລາວ ແລະ ຫວຍພັດທະນາລາວ,1
ສາວ ດາວໄທ,1
ສຸດຍອດແອັບດີລາຍໃຊ້ງ່າຍສະບາຍຕາຄົບຈົບແອັບດຽວ,1
ແອບຄືຮູຂີ້ນິ່,0
ສຸດຍອດເລີຍໄວໄດ້ໃຈແທ້,1
ເຂົ້າສູ່ລະບົບບໍ່ໄດ້ອັບເດດກະບໍ່ໄດ້ແກ້ໄຂດ່ວນ,0
ໄຫ້ດາວດຽວເພາະວ່າໄສເພງບໍໄດ້ກູຢາກໄສໄດ້,0
ຍກເນບດ ແສວລສັສພິສໄງສກກສ,1
ຍດູຈຮ,1
ຖືກຫີຈັງ,1
ວອ່ງໄວທັ່ນໃຈ,1
ສະນຸກມາກເລີຍ,1
ເດດລຶໄຊ,1
ອັບເດດໃຫມ່ແນ່ເດີ ເຮັດຫຍັງບໍໄດ້ເລີຍ ຢ່າວ່າແຕ່ເຕີມບັດແລກຫຍັງກະບໍ່ໄດ້,0
ຊ໋ອບ ຄົບ ຈົບ ໃນແອັບດຽວ,1
ດີ ບໍ່ບອກຕໍ່,1
ພັດທະນາໄປເລື້ອຍໆ,1
ເປັນຫຍັງຄືລົງແພັກເກັດຫນັງບໍ່ໄດ້ ລອງລົງລາຍເທື່ອແລ້ວ,0
ໄຊ້ສະບາຍກົ່ວເກົ່າຫລາຍ,1
ສະກເ,1
ອາລຸນ,1
ແອບນີ້ດີ ຫລື້ນສະບາຍ ແລັວກະມີຄວາມເປັນສວນໂຕສຸງ ອີກຢ່າງຢາກໄຫັເພີ່ມສະຕີ້ກເກີແບບໃຫມ່ເຂົ້າມາອີກ ຖ້າໃດັຈະເປັນການດີທີສຸດເລີຍ,1
ຫິບສີສົມບູນ,1
ດີທີ່ສຸດຄັກອີກ,1
ຢູ່ເມືອງວັງວຽງ,1
ໃຊ້ການບໍ່ໄດ້ເດີແກ້ໄຂ້ດວນກົດແຕ່ລະເມນູບໍ່ໄດ້ເລີຍ,0
ແຊດເຂົາບໍ່ຕອບ,0
ແອເຮຶອງບູນຈັນ,1
ສາວ ປານ ທີ່ ຮັກ,1
ຄອບຄົວຄືຫົວໃຈ,1
ແອບໂຄດກາກບໍເປັນຕາສີແຕກແອບຫົວໂຄ້ຍກູນິ,0
ຄໍາໄຕ,1
ຄືວ່າໄດ້ເນັດຫມ້ອຍແທ້ຄວາຍ50mb,0
ອັດເດດໄຫ້ດີໆປ,1
ທ່ານຢ່າໄດ້ເຄືອງນີ້,1
ສະດວກ ສະບາຍ ວ່ອງໄວ ທັນໃຈ,1
ຄັນໆໆໆ,1
ແກ້ມ ແກ້ວມະນີ່ຈັນ,1
ສຸດໆເລີຍ,1
ປານກາງ,1
ຂອບໃຈ ແອບດີດີຟຣີທຸກຢາງ,1
ຄັກແທ້ແນວນີ້,1
ສຸດຍອດສົ່ງຂໍ້ຄວາມໄດ້ສະບາຍເຕັມທີ່,1
ດີຍູ່,1
ນາລີ,1
ສາບານດີ,1
ເປັນຫຍັງໂທຫາ 123 ຄືບໍ່ມີຜູ້ຮັບສາຍເລີຍ.,0
ໂພດບໍ່ໄດ້,0
ໂອນມາໃຫ້ແດ່,1
ໂອ ໃພຍະມອນ,1
ຂອບໃຈ444,1
ພິມເບີໂທໃສ່ລະເດັ້ງອອກຕະຫລອດ,0
ດີຫຼາຍໃຊ້ໄດ້ມີປະໂຫຍດ,1
ເປີດappບໍ່ໄດ້,0
ອັບເດັດແລ້ວໃຊ້ງາຍກວາເກົາ ລວມ 2 ເລີຍຄັກຫລາຍ,1
ດາວດຽວກະພໍລະແອບຂີ້ກາກ,0
ຫຼັງຈາກອັດເດດເປັນຫຍັງເຂົ້າແລ້ວມັນຄືມີແຕ່ເດັງອອກຕະຫລອດເລີຍ,0
ຫາກະໃສ່ຍັງບໍ່ມີຄໍາບັນຍາຍ,0
ດີຫຼາຍທີ່ສຸດ,1
ເປີດໃຊ້ບັນຊີດ້ວຍໂຕເອງຍາກລົງທະບຽນແລ້ວລ່ະຍັງເຂົ້າສູ່ລະບົບບໍ່ໄດ້,0
ຢ໋ຽມ,1
ຢາກໄຮ່,1
ແກ້ໄຂສັນຍານດ່ວນ ສັນຍານຍັງໄຊ້ແຕ່3gເທົ່ານັນ ທັ້ງໆທີ່ເປັນ4g ຖ້າບໍ່ແກ້ດ່ວນພວກເຮົາສິເຊົາໄຊ້ຫລັກ9,0
ສາມາດຫຼີ້ນຕາມປະສົມການ,1
ເປັນເພື່ອນກັນ,1
ເບິ່ງວິດີໂອບໍ່ໄດ້ ໃຊ້ເຟສກໍາລັງດີພັດໃຫ້ລົງລະຫັດໃຫມ່ ເຂົ້າລະຫັດແລ້ວພັດປ່ຽນເປັນເຟສໃຫມ່ ແຖມຍັງບໍ່ມີວິດີໂອຖ່າຍທອດສົດເບິ່ງ,0
ແອັບນີ້ ເປັນທີ່ສັງຄົມນິຍົມໃຊ້ ແລະ ເປັນຜົນດີໃນການສື່ສານຕ່າງໆ,1
ເຮົາບໍໃດ້ເນັດ,1
ແຊັດດີມາກ,1
ໄຊ້ດີແທ້ເລີຍໃຫ້5ດາວໄປເລີຍ,1
ການສ້າງລາຍຮັບຈີງມີອາຊິບ,1
ເອົາໃຫ້ຫມາ ມັກທຸກຫລາຍກໍຊິເອົາໃຫ້ມັນ,1
ດີຫຼາຍ. ພັດທະນາໄປເລື້ອຍໆ,1
ເຮັດຂື້ນມາເພື່ອຫຍັງ ໂຄດເສຍເວລາລົງທະບຽນໄປແລ້ວສອງອາທິດຍັງບໍ່ຕອບກັບຊ້ໍາວ່າຜ່ານຫລືບໍ່ຜ່ານເສຍເວລາສຸດດ ພະຍາຍາມປັບປຸງແນ່ເດິ,0
ທີ່ສູດແລ້ວລະ,1
ສະດວກວ່ອງໄວທັນໃຈ ບໍ່ເຄີຍຜິດຫວັງທີ່ເລືອກໃຊ້ການຄ້າ,1
ສາວຫຼາຍໄຈ,1
ຂອ້ຍຮັກເຈົ້າແລ້ວ,1
ຍອມຮັບດາວຫ້າຫຼຽ່ມ,1
ກໍມີສ່ວນດີສະດ່ວກສະບາຍ,1
ແສງດີພັກ,1
ດີຫຼາຍພັດທະນາຕໍ່ໄປເດີ ດີແທ້ຢາກໃຫ້ມີພາສາລາວນໍາ,1
ຜ່ານ,1
ມີຫມູ່ຫລາຍແລ້ວກະມ່ວນ,1
ຂໍຖາມເນຄືວ່າ face bookນີ້ມັນໃຊ້ບໍໄດ້ແລ້ວນາ,0
ດີແຮງເລີຍແອັບນີ້,1
ດີຈີ່ງຈ່າ,1
ຖືກໃຈທີສຸດັດແປງໄດ້ງ່າຍໆສະດວກ,1
ໄຊ້ລອງເບີງ,1
ທ້າວ ພຸດທະວົ ຫລວງອາມາດ,1
ຂອບໃຈສໍາລັບແອັບດີໆ,1
ແອບນີ້ຊ້າເບີ່ງຜົນອອກກະກວດບີນຍາກແຫ່ງຕໍ່ຫນ້າແຫ່ງຊ້າອັບເດດກະຍາກຊື້ນໍາທະນາຄານພັດທະນາລາວກະບໍ່ໄດ້,0
ດີໆແອັບນິ້,1
ທຸກຄົນຕ້ອງໃຊ້ ເຟສບຸກ,1
ບໍລິການcodໄດ້ໄວ ໂດຍລວມ ຖືວ່າໄຊ້ໄດ້,1
ເຊັງ,1
ນ້ອງນີ,1
ສື່ສານວ່ອງໄວແລະຊັດເຈນ,1
ອີທີແອວລາວ,1
ຫ່ວຍ ລ໋ອກອິນຄວາມຍາກຫລາຍຂັ້ນຕອນ ຈັກຢ້ານໃຜລັກ ລະຫັດຜ່ານກະພຽງພໍແລ້ວ ໄປເນັ້ນຄວາມສະຖຽນແອັພດີກວ່າ ໂທສັບເກົ່າບໍ່ສາມາດໃຊ້ໄດ້ ແອັພຄ້າງ ui bug,0
ເຂົ້າໄດ້ແຕ່ຄືກູ້ບັນຊີເກົ່າຄືນບໍ່ໄດ້ ລະຫັດປ້ອນແລ້ວປ້ອນອີກກໍ່ເຂົ້າບໍ່ໄດ້ເທື່ອ ສັນງົງມາກ,0
ຕ້າ,1
ດົນນານ,1
ຊຽງແຕ່ງມື້ນີ້ໄປຫຍັງຈື່ບໍ່ໄປສວນມັນ,0
ໃຊ້ສະດວກ,1
ລໍຖ້າຂໍ້ຄວາມotp ບໍ່ເຫັນມີຂໍ້ຄວາມເຂົ້າເລີຍເຮັດໃຫ້ການອັບເດດບໍ່ທັນສົມບູນ,0
ຂໍດາຕາ້1cb,1
ລຸ່ນະນີນະ,1
ພາ່ນຊາຍອາ້ຍບໍ່ແຄ,1
ອັບ ເດດ ຍາກໆ,0
ບິກສົມປັນຍາ,1
ດີສຸດໃນລາວ,1
ບໍ່ລິການນີ້ແມ່ນງ່າຍແລະດວ່ກຫຼາຍຂໍຂອບໃຈ,1
ເທ້,1
ຄຮວາອ,1
ແຮງອັບເດດແຮງຫ່ວຍແຕກ ຊ້າກາຊ້າ,0
ໃສ່ທະນາຄານໄທນໍາແນ່ ຕອນນີ້ຢູ່ໄທໃຊ້ເບີໄທແຕ່ຢາກແທງນໍາ,1
ໂອນເງີນສະດວກຫລາຍ,1
ເປັນຫຍັງໃສຫມາຍເລກເຂົ້າໄປແລ້ວມັນສົ່ງລະຫັດມາເອົາລະຫັດມາໃສ່ລະວຽນມາບ່ອນໃສ່ຫມານເລກອີກ.,0
ຍັງບໍ່support ກັບ android 8.1.0,0
ພໍດີໄຊ້,1
ແອັບກວນຕີນແອັບກະຈອກ,0
ລາວກົວວ່າງ,1
ດີແລ້ວທີບັນຊີທະນາຄານນີ້,1
ຍາພາກ້ກວດ,1
ເຂົ້າບໍ່ໄດ້ເປັນຫຍ້ງບໍ່ຮູ້ເລີຍ,0
ຢາກໄດ້ການເລ່ນໃຫນ່ໆ,1
ແອັບໂຄດກາກປັບປຸງແດ່,0
"ໃຊ້ຍາກແທ້ ລົງທະບຽນລະຂໍ້ມູນກະບໍ່ຂື້ນ ແຮງລົງທະບຽນສັກຢາພັດວ່າ ຍູສເຊີລັອກເອົ້າອີກ ທັງເຂົ້າບໍ່ໄດ້ລະ ເດ໊ງໄປເດ໊ງມາບໍ່ເຊົາອີກ ສະຫລຸບເຮັດມາເພື່ອຫຍັງນິຖ້າແຄ່ລົງທະບຽນເຂົ້າຍັງບໍ່ໄປບໍ່ມານິ,",0
ບໍ່ຄ່ອຍແຈ້ງເຕືອນໂພດ,0
ມີຖຸລະຕ້ອງໄຊ້,1
ມັກຫລາຍແອບນີ້,1
ເປັນຄົນດີ,1
ໃຊ້ໄດ້ສະບາຍແຮງມັກຫຼາຍ,1
ສຸດຍອດເລີຍນະ,1
ໂລດມາເຂົ້າແອັບຍັງບໍໄດ້ເລີຍແລະບໍແມ່ນໂທລະສັບດຽວເປັນທັງຫມົດ3 4ໂທສັບແອັບຫຍັງວະຄືເຂົ້າບໍໄດ້,0
ສະມືະ,1
ກາກແຮງມີຕາຍແຕ່ເຂົ້າບໍ່ໄດ້ເຊົາໃຊ້ແລ້ວເງິນຂ້າງໃນແອັບກະຖິ້ມຫລ້າໆສັດດ,0
ມັນຄືບອກວ່າເບີນີ້ລົງທະເບີຍນແລ້ວຍັງບໍ່ໄດ້ໃຊ້ຫຍັງບ້າຫວາ,0
ສໍາເລັດ,1
ຢຽ້ມ,1
ຄິດຮອດສະເຫມີ,1
5ດາວໄປເລີ້ຍ,1
ແອດນີ້ດີຫຼາຍ,1
ຕຄູ,1
ມ່ວນໂຄດພໍ່ໂຄດແມ່ມຶງ,1
1ດາວກະຍັງບໍ່ຢາກກົດໃຫ້ນະ ມື່ງໃຫ້ກູໂລດເພື່ອຫົວໂຄ້ຍຫຍັງ ໂລດແລ້ວກະເຂົ້າຍັງບໍ່ໄດ້ເລີຍ,0
ດີຫລາຍດີທີສຸດ,1
ສະມັກກະບໍໄດ້ໄຫ້ລໍຖ່າເປັນຊົ່ວໂມງກະຍັງບໍ່ໄດ້,0
ຫຼີ້ນຄັກຫຼາຍ,1
ມີໃວກໍດີຍູ,1
ເຂົ້າລະມັກເດັ້ງອອກຕະຫຼອດເບິ່ງຫຍັງກະບໍ່ໄດ້,0
ຕຕທທທາທຕອອ ອ້ອອ່ຈາຮອືອອືອະອ່ມ,1
ເພື່ອນເຟສບຸກເປັນພັນເຫັນແຕ່3 4ຄົນ ປັບປຸງອັບເດດແດ່,0
ຊ່ວຍຂ້ອຍໄດ້ຫລາຍເລີຍເພື່ອນທຸກຄົນ,1
ຂື້ນທະບຽນຕ່ອນໃດກະວ່າຮູບບໍ່ແຈ້ງຕະຫລອດ,0
ມາໄວໆຢາກໆກີນແລ້ວນ່ະ,1
ສື່ສານໃດ້ສະດວກສະບາຍ,1
ອີງ,1
ຫລິ້ນໄດ້ດີ,1
ຊີວິດດີຂື້ນເມືອໃຊ້ແອັບນີ້,1
ຮາປ,1
ໃຊ້ງານໃດ້ຢ່າງສະດວກສະບາຍ,1
5 ສົ້ມ,1
ອັບເດດດີ,1
ສະມັກຟຮີ,1
ຈ໋ອກກີ່,1
ຢາງເລດ,1
ສຸດຍອດແຕ່ກາກ,1
ແອັບເຫ້ຍໂອນເງິນອອກ5ພັນຕັດ5ພັນແອັບສະຖຸນ,0
ແອບນີ້ດີຫລາຍບໍ່ລອງບໍ່ຮູ້ເດີ້,1
ແອັບເຫ້ຍຫຍັງ ເປີດຂື້ນມາຊິໃຊ້ເງິນບາດໃດ ຖ້າເປັນຊົ່ວໂມງ ກົດຫຍັງກະບໍ່ໄດ້ ທັ້ງໆທີ່ເນັດກະບັກໄວ້ໆ ລ້າຫຼັງໂພດລະບົບ,0
ມັນຊ້າໂພດເຮັດຫຍັງກະຊ້າ,0
ເກີດຂໍ້ຜິດຜາດກະລຸນາລອງໃຫມ່ພາຍຫລັງ.ຄືຫຍັງມີແຕ່ປັນຫາ0ແທ້ເດ,0
ຂໍໃຫ້ສຸຂະພ່ບແຂງແຮງເດີ,1
ກົງກີ,1
ຜາກແກ້ໄຂໄຫ້ແນ່ ແບ່ງປັນແລ້ວບໍ່ໄດ້ຮັບເນັດຄືຈັງເວົ້າມາເລີຍ,0
ແຕ່ກດີຢູ່ບໍ,1
ສການສາ່ສາມອາຍາ່ວງ,1
ດີງງງ,1
ດີຈຮາໄດ້ເງິນຟີ,1
ເປັນແອບທີ່ດີຊ່ວຍໄດ້ທຸກເລື້ອງຢ່າພ້າວແບນບັນຊີເດີຂໍຂອບແອບດີໆ,1
ສືກສາເພີມເຕີມ,1
ອັບເດດລ່າສຸດໂຄດຫວຍແຕ່ກ ລົບຖິມແມ່ມັນໂລດ,0
ຕື່ມເງິນຈາກ bcel one ເຂົ້າ 100.000 ຕັດຄ່າບໍ່ລິການ10.000 ຄືຕັດຫລາຍແທ້?ຖ້າຕື່ມຮອດລ້ານຊິຕັດຮອດແສນພຸ້ນບໍ,0
ຊອກຫາຊີ່ວາດສະຫນານດາວພະຈັນເພັງ,1
sim10 ມີແທ້ບໍ ແອັດ,1
ໄຊຍາກມີແຕບອກອັບເດດໄຫມ່ຕະຫລອດ,0
ຂຊຍາໍາ,1
ແບວ,1
ໄຊ້ສະດວກສະບາຍມາກໆ,1
ສຸດຈັດ,1
ກາກເກີນ ເຂົ້າແອບບັກດົນໆ,0
ອັບເດດໃຫມ່ເຮັ່ງຮ້າຍແທ້ເກາະ ກົດເຂົ້າເມນູ 3 ແກັບລະວ່າຖາມອຸນຫະພູມເສີຍ,0
ເປັນໂຕເລືອກໃນການສົ່ງເຄື່ອງທີ່ດີ ບ່ອນຫນຶ່ງເລີຍ,1
ປິ້ວລີນ,1
ລົງທະບຽນບໍ່ໄດ້ວ່າເບີບໍ່ຖືກຕ້ອງ,0
ໂອເຄຢູ່,1
ດີຫລາຍໃຫ້5ຄະແນນເລີຍ,1
ລອງໃຊ້ເບີ່ງມັນດີຂື້ນ,1
ຂີ້ໂກງ ໄຫ້1ດາວ,0
ໃຫ້5ດາວ,1
ໃສ່ເບີແລ້ວວ່າເບີຂອງທ່ານບໍ່ຖືກຕ້ອງ,0
ຖ້າທະນາຄານໂອນເງີນເຂົ້າຢູ່ມັນນີໄດ້ຄືສິດຮ,1
ດີເລີດ,1
ນາງຈອຍຖົມ,1
ໃຊ້ດີໄດ້ແລກປ່ຽນຄໍາຄິດເຫັນ ດີຫລາຍສໍາລັບຂອ້ຍ ກົດ5ດາວໃຫ້ເລີຍ,1
ເຊີບຕາຍບໍເຂົ້າບາດໃດຫມຸນເລິຍຢູ່,0
ແບບລຽບງ່າຍ,1
ຫນ໊າຮັກ,1
ໃຊ້ງານໄດ້ດີແຕ່ຊື້ເລກບໍ່ເຄີຍຖືກ,1
ເຂົ້າເຟສບໍໄດ້ມັນເດັງອອກ,0
ໃຊ້ໂຄດຍາກປ່ຽນໃຊ້ຫລັກອື່ນສາອັບເດດມາກະໃຊ້ບໍ່ໄດ້ເນັດກະກາກແນະນໍາດາວໂຫລດແອບນີ້ແອບນັ້ນຢູ່,0
ພໍເປັນ,1
ຮິກວາໄວ້,1
ຄໍາຫຼ້າ ຄໍາຮັກ,1
ໃຫ້ຮູ້ຫຼາຍຢ່າງ,1
ເປັນຍັງຂ້ອຍຈັ່ງດາວໂລດwhatssppmessenger,1
ໃຫ້ຈ້າ,1
ໄຊຈະເລີນສຸກ,1
ທີາຍລີ,1
ໃຊ້ເປັນເວລາຫຼາຍປີແລ້ວດີຈິງ,1
ໄຟສີຂ່າວ .,1
ຍົງສອນພັນ,1
ຖືວ່າດີໃນລະດັບຕົ້ນໆ,1
ຂອງມັນຄືບ໋ອກເອງ,1
ດີຢູ່ແຕ່ຊາ້ຫລາຍ,1
ຊອບຫລາຍ,1
ອັບເດດແມ່ມັນຫຍັງດຸແທ້ ບໍ່ເຫັນມີຫຍັງປ່ຽນແປງ,0
ມັກຫຼາຍຍ ດີແທ້ໆ,1
ຄວາຍລົງທະບຽນກະບໍ່ໄດ້ບອກແດ້ວ່າວັນເດືອນປີເກີນບໍ່ຖືກຕ້ອງ,0
ດີທີ່ສົມບຸນ,1
ຂ້າພະເຈົ້າໃຊ້ ຮູ້ວ່າສຸດຍອດ,1
ດີມີໂອກາດໄດ້ຮັບລາງວັນ,1
ຊິດີກົວນີ້ເນັດຟຣີສົງຄິບສຽງຫາກັນໄດ້ເພືອຄົນຂຽນບໍ່ເປັນອ່ານບໍ່ໄດ່ຊິສື່ສານໄດ້ອີກຊ້ອງທາງຫນຶ່ງ,1
ດີພໍປະມານຫນື່ງພໍໄຊ້ໄດ້ຂັດຂອ້ງເລັກນອ້ຍກໍຍັງດີ,1
ບໍ່ຄັກ,0
ດີທີສູ,1
"ໃຊ້ສະດວກສະບາຍ, ວ່ອງໄວທັນໃຈ",1
kuv tu ລະຫັດຜູ້ແນະນໍາ63907551 o,1
ອາຫານຫນ້ອຍ ແລະ ບາງຮ້ານຍັງບໍ່ເດັດ ແຊບ,0
ແກ້ໄຂ້ແນ່ ກວດສອບການຂົນສົ່ງບໍ່ຂື້ນທຸກທາງເລີຍໃນແອບ ໃຫ້1ດາວກ່ອນໄຂ້ໄຂລະຊິມາປ່ຽນໃຫ້5ດາວ,0
ໂລກສ້າງຂື້ນ,1
ພ້ກ່ສາມ,1
ເບີ່ງວີດີໂອບໍ່ຄ່ອຍຄັກ,0
ໄດ້ຜົນ,1
ໄວສ່ະດວກດີຫລາຍ,1
ເຂົ້າໃຊ້ງານຍາກ ລະບົບມີບັນຫາຕະຫລອດ,0
ບ່າວຄົນໂສດວຽງທອງ,1
ອານູຍາ,1
ແກ້ໄຂໃຫ້ເນ່ສະຕໍລີມັນໃສ່ເພັງບໍ່ໄດ້ລະ,0
ຖ້າພັດທະນາໃຫ້ສາມາດສັ່ງຊື້ເລກຜ່ານແອບນີ້ໄດ້ເລີຍ.ຫນ້າຈະດີ,1
ສັງແລ້ວບໍ່ມາສົງ,0
ບໍມີວິທີ່ແກ້ໄຂໃຫ້ໄດ້ແນ່ພໍວ່າເຂົ້າມາແລ້ວເຮັດຫັຍງໃດ້ມີແຕ່ເດັ່ງອອກແລ້ວວ່າຢຸດທໍາງານ,0
ຫມຸນຖືກຊ່ອງດາຕ້າແຕ່ແຊບໍ່ໄດ້,0
ຍີນດີທີ່ໃດ້ໃຊ້ບ່ລິການທາງ whatsapp ສະດວກໃນການລົມສົນທະນາແລະເຮັດໃຫ້ໂລກສັງຄົມການໃຊ້ຊື່ສານໃດ້ວອ່ງໃວຂື້ນ,1
ສຸ້ຍນຸ້ຍ,1
ໄຊດີລາຍຍຍ,1
ຂໄຫ້ສ່ວຍ ເປືດການໄຊ ໄຫ້ແນ່ ໄດ້ບໍ່ຫນໍ,1
ໃຊ້ດີຫລາຍແຕ່ມີຂໍ້ເສຍຍາງດຽວຄືຖ້າວີດີໂອສົ່ງດົນແລ້ວມັນບໍ່ສາມາດເບິ່ງໃດ້,1
ເລື່ອດແລ້ວ,1
ຫຫຫົວຄວຍໂຄດຫຍຸ້ງຍາກ10ຫາຍເຮັດມາຫ່າສິແຕກຫຍັງຫວະ,0
ໄປປັບລະບົບໃຫນ່ແດ່ ຄວນມີ ການບັນທືກໃນສີ່ງທີ່ເຮັດ ໄວ້ແດ່,0
ອມ ຣຸ ທ ມັາຜ,1
"ໃຊ້ດີ, ມີໂບນັດຄົນຊື້ຕໍ່",1
ໂຄສະນາຕາຍຫຍັງຍາມມີວຽກມີງານ ມື້ຫນື່ງນັບເທື່ອຈົນບໍ່ຖ້ວນ,0
ໄຫ້ເຮົາສົ່ງຂໍຄວາມຂາວສານວໍ້ໄວ້,1
ເຂົ້າແອັປບໍ່ໄດ້ແກ້ໄຂດວນ,0
ຮັກມັນມາກໆ,1
ຊ່ວຍປັບປຸ່ນເດເອດອາໄລຂອງມັນຫວາແຕ່ກີ້ນີ້ບໍ່ມີ data ໃຊ້ໄດ້ແຕ່ດຽວນີ້ບໍ່ມີດາຕ້າເຂົາບໍ່ໄດ້ແລ້ວສະໂພກເບີຫຼັກ 9,0
ຄີດຮອດແຟນ,1
ປັບປຸງແນ່ເດີ ທໍາອິດເຕີມບັດໃດ້ສະບາຍ ຕອນນີ້ເຕີມບໍ່ໃດ້ແລ້ວ ແຢ້ເລີຍ,0
ດິຫລາຍ,1
ມາກດີ,1
ຕົວແປພາສາບໍ່ສາມາດໃສ້ໄດ້ແກ້ໄຂ່ໃຫ້ແນ່,0
ປະຊາສົນ,1
ສື່ສານ,1
ແປ່ງສາຍນາ້ໍແດ່ງ,1
ດີມີສາຣະ,1
ບໍ່ດີເລີຍ,0
ຄວນປັບປຸງ,0
ຂອບໄຈຫລາຍ,1
ນ້ອຍນັ້ຮນ່າ,1
ຄັກອາຫລີ້55,1
ເຂົ້າແອັບຯບໍ່ໄດ້ເງິນບໍ່ຮູ້ເປັນຫຍັງ,0
ຫລີ້ນດີ,1
ໄດ້ເນັດລາຍແບບຟຣີ,1
ໄດ້ແຕ່ປະລິມານຄຸນນະພາບບໍ່ມີເລີຍຄວນແກ້ໄຂ້ທ່າແກ້ໄຂບໍ່ໄດ້ກະປິດແອັບອອກເລີຍໃຜຈຶ່ງບໍ່ຕ້ອງໃຊ້ແອັບນີ້ຮູບໂຊງາມແຕ່ຮູບບາດແອັບໃຊ້ບໍ່ຕອບໂຈດກັບຜູ້ບໍລິໂພກ,0
ໂຄດກາກອັບເດດໃຫມ່ລະແຮງແຍ່ກວ່າເກ່າຢາກໄດ້ແບບເດີມ,0
ແອ໊ບນີ້ດີຫຼາຍ! ຄັກໆ ເຫມາະສໍາລັບໄວລຸ້ນໃນຍຸກນີ້! ຂໍຊົມເຊີຍທີ່ສ້າງຄວາມສະດວກ ສະບາຍໃຫ້ແກ່ພວກເຮົາ ທຸກຄົນໄດ້ຊົມໃຊ້ຢ່າງທົ່ວເຖິງກັນ.,1
ຕິດຕັ້ງແລ້ວແຕ່ເຂົ້າບໍ່ໄດ້ໃສ່ເບີກະບໍ່ໄດ້ບາດຂໍລະຫັດກະເຂົ້າບໍ່ໄດ້,0
ໃຊ້ແລ້ວສະດວດສະບາຍດີຫລາຍ,1
ຂ້ອຍລົງທະບຽນແລ້ວບໍຜ່ານອະນຸນັດແລ້ວແກ້ໄຂຮູບບໍ່ໄດ້ເລີຍ,0
ເປັນຫຍັງເດຂ້ອຍຕິດຕັ້ງຄືບໍໄດ້,0
ເຂົ້າໄດ້ແລ້ວຂອບໃຈທາງແອັບທີ່ແກ້ໄຂໃຫ້ເດີ້,1
500ກິບ,1
ຂໍຖາມແດ່ເວລາເຮົາບໍມີເງິນໃນບັນຊີປະມານ2 ເດືອນມັນຈະລັອກຫວາ,0
ຢາກໄດ້ເງິນດ້າຄຸ້ມສຸດເລີຍເຈົ້າ,1
ໂຫວ,1
ມັນໄດ້ປະໂຫຍດຫລາຍ,1
ລະບົບມັກຄ້າງເວລາຫລີ້ນເກມຊ້າງ ບາງເທື່ອຫລີ້ນບໍ່ໄດ້ເປັນ2 3ມື້ພຸ້ນ ເມື່ອຍນໍາ,0
ໄຊ້ບໍ່ດີເຂົ້າແລ້ວເດັ້ງອອກປັບປຸງແນ່ ປີນີ້ກໍ່ຍັວເປັນຄືເກົ່າ,0
ຄັນແອັບໃຊ້ງານບໍ່ໄດ້ ລະຊິບອກລຸກຄ້າລົງທະບຽນຜ່ານແອັບນີ້ເພື່ອ ຄຄ,0
ອັບເດດເປັນຊົ່ວໂມງຈຶ່ງສໍາເລັດ,0
ດີມາກ ຮັກມາກ,1
ຄວາມເກັ່ງ,1
ດີລ່າຍໆ,1
ມີຄົນທັກມາຫລາຍປັບຫມາກ10,1
ສຸດຍອດຄວາມທັນສະໄຫມແລະກ້າວຫນ້າ,1
ຫວຍແຕກ ຊັບຊ້ອນໂພດ,0
ດີຫຼານ,1
ຂ້ອຍຕິດຕັ້ງບໍ່ໄດ້ 2ເທື່ອແລ້ວ,1
ເປັນແອບທີ່ດີຫຼາຍ,1
ທາ້ວໂກໂກ້ພະພ້ກດີ,1
ຕິດຕັງເກມແລະແອັບບໍໄດ້,0
ດີມາແລ້ວ,1
ດີຫຼາຍໃນວຽກງານ,1
ໂຫຼດບໍ່ໄດ້ເລີຍ,0
ຄິດຮອດນະ,1
ການໂອນເງີນເຂົ້າກະເປົາຄ່າທໍານຽມແພງເກີນ,0
ເຂົ້າແອັບບໍ່ໄດ້ ແກ້ໄຂດ່ວນ ເປັນມາຫຼາຍມື້ແລ້ວ,0
onex ເຂົ້າບໍໄດ້ເລີຍ,0
ຂໍເລກແດ່,1
ດີໆມາກເລີຍ,1
ແອັບ ດີ ໆໆ ບໍ່ ຄື ແອັບ ບາງ ແອັບ,1
ຂອ້ຍມັກທີສຸດ,1
ເກມນີ້ສະນຸກມາກ college brawl,1
ແອັບດີຫຼາຍ. ມັນບອກໃຫ້ອັບເດດຈໍ້າເຂົ້າໄປມັນຄືບໍເຫັນໃຫ້ອັບເດດ?,1
ດີຈິງໆ,1
ສາວຄຸນ,1
ປັບປຸງແນ່ເຄືອຂ່າຍຮັ້ນສັນຍານກາກໆ,0
ດີໄຊ້ງານງ່າຍ,1
ດີອີລີ,1
ໃຊ້ງານບໍ່ໄດ້ເລີຍ,0
ດີລາຍລີ້ນງ່າຍສະດວກສະບ່າຍ,1
ອັບເດດແນ່ ດາວໂຫລດມາ ປ່ອນລະຫັດໃສ່ຍັງຢູ່ຊື່ໆ.,0
ດີຂື້ນຫຼາຍ,1
ໂດຍສະເພາະແມ່ນການຈັດການຂໍ້ມູນໂດຍພະແນກ,1
ດີປະຫຍັດດີແຕ່ເຂົ້າຍາກ,1
ຝາກແນ່ເດີ 70240005,1
ດີທຸກຢ່າງ ແຕ່ຢາກໃຫ້ເພີ່ມບັນຊີທະນາຄານຕື່ມອີກໃຫ້ໄດ້ຫຼາຍທະນາຄານ,1
ດີຫລາຍໆ,1
ເພາະມັນໃຊ້ງານຟຣີ,1
ແກ້ໄຂແນ່ເວລາຮັບມັນບໍ່ເຂົ້າໂລດ,0
ແອບຂາຍສີນຄ້າຂອງຄົນລາວ ເພື່ອສົ່ງເສີມຜະລິດຕະພັນລາວໃຫ້ອອກສູ່ສາກົນ,1
ມັນສະແກນບັດບໍໄດ້ແກໄຂແດ່,0
ໃຫ້ດີກ່ວານີ້ຕື່ມອີກ,1
ໃຊ້ດີສ່ວນໂຕມັກແອັບນີ້,1
ຕອນແອັບອອກມາໃຫມ່ເຂົ້າໃຊ້ງານໄດ້ປົກະຕິພໍມີການອັບເດດໃຫມ່ແລ້ວເຂົ້າບໍ່ໄດ້ ແກ້ໄຂປັບປຸງໃຫມ່ແດ່ປັດຈຸບັນແອັບບໍ່ສາມາດເຂົ້າໄປນໍາໃຊ້ບໍລິການຕ່າງ.ໆຂອງtplus,0
ຄືວ່າເບີເຮົາຕັ້ງບໍໄດ້ ຢາກໃຊ້ແອັບນີ້ແດ່,0
ດີໄຈນະ,1
ມັນໄມ້ເນັດຫ້າລ້ອຍ500ເອັມບີພໍມືງໄອຄວາຍ,0
ໂອໂບຣ,1
ດີຫລາຍໃຊ້ງານງ່າຍໃຫ້5ດາວໄປເລີຍ,1
ໂຕ່,1
ສອບມາກໆ,1
ງົງກັບບັນຫາການລົງທະບຽນຊີມແຮງ,0
ແອບໃຊ້ງານດີ ແຕ່ຫມູນລັກຄີບໍ່ຜ່ານການຟັງເພງບໍສະຫນັບສະຫນູນ,1
ເຂົ້າບໍ່ໄດ້ບໍ່ມີການເຊື່ອມເນັດແຕ່ເນັດມີຢູ່ແຕ່ເຂົ້າບໍ່ໄດ້ງົງເລີຍ,0
ນີ້ມັນອີແມັວຂອ້ຍ,1
ໄດ້ແມ໋,1
ກົດໃຈ,1
ເປັນແອັບທີ່ຫນ້າລໍາຄານທີ່ສຸດ ເບື່ອເຫັນລະ,0
ດາວໂຫຼດແອັບຍາກເວີ້,0
ໄດ້ຄະ,1
ລົບຊະແອບ.ສ້າງຂຶ້ນມາແຕ່ ປຊຊ ໃຊ້ງານບໍ່ໄດ້ ອາຍເດັກນ້ອຍໄອທີແນ່,0
ບໍ່ຄ່ອຍສະດວກ,0
ໃຊ້ດີຢູ່ ແຕ່ບໍ່ມັກເວລາໂທຫາແລ້ວຈະມີຄໍາແນະນໍາໃຫ້ໃຫ້ດາວທຸກຄັ້ງທີວ່າງສາຍເລີຍ ກະເຂົ້າໃຈຢູ່ດອກວ່າຢາກໄດ້ດາວ,1
ແຂວງ,1
ມັກນ້ໍາໃຊ້ ດີຫຼາຍ,1
ແຕ່ກ່ອນບໍ່ມີເນັດກະເຂົ້າໄດ້ແຕ່ອັບເດດໃຫມ່ເດັ້ນອອກເອງອີກຖ້າສິເຂົ້າແອບຕ້ອງມີເນັດເທົ່ານັ້ນ,0
ດີດີແລ້ວ,1
ບໍ່ມີວັນທີເດຶອນປີບັນທຶກໄວ້ເວລາຢາກເບິ່ງຄຶນລາຍຮັບລາຍຈ່າຍຜ່ານໆມາ,0
ບອກໃຫ້ອັບເດດແອັບຕະຫລອດບໍ່ຮອດສາມເດືອນໄດ້ອັບໃຫມ່ລະ,0
ບໍລິການດີທີ່ສຸດ ຖືກໃຈຂ້າພະເຈົ້າ.,1
ຢາກໃຫ້ມີການຊື້ຜ່ານມູນຄ່າໂທຂອງຢູນີເທວນໍາ,1
ສອງມື້ແລ້ວວົງມົນລໍ້ຫນູນບໍ່ເຫັນຊໍາ້ ປົກກະຕິໃຊ້ຕະຫຼອດເຮັດແນວໃດຈັງເຫັນຄືເກົ່າ,0
ລາວສູງ,1
ເຕີມໄຟ55,1
ຫາກໍ່ຈະໃຊ້ແອັບນີ້,1
ລີຂະສິດຂອງທ້າວແອ່ງຄໍາ ເມກຂາວ,1
ຖາ້ຫັດໄປເລີຍໆກໍ່ຈະລື້ງ,1
ຂໍລົດດາວອັບເດດວ່າສິໄຫ້1gbພໍອັບເດດລະບໍ່ເຫັນໄຫ້ເປັນມາຕະຫຼອດ ຖ້າເປັນແບບນີ້ອີກຈະລົບ,0
ມາກຫຼາຍ,1
ບໍມ່ວນ,0
ໃສ່ລະຫັດ otp ກະຍາກ. ປ້ອນໃສ່ໄປວ່າແຕ່ບໍ່ຖືກ,0
ເອົາ4ດາວກ່ອນ,1
ໃຊ້ດີຫລາຍແອັບນີ້ສະຫນຸກດີ,1
ພົບປະກັບຫລາຍຄົນ,1
ອ້າຍເສິກຄົນລໍ້,0
ເກມຫລີ້ນບໍ່ໄດ້ເນັດຟີບໍ່ໄດ້,0
ສະພາບ,1
ດີຫຼາຍເສຍດາຍແຕ່ສັນຍານຊ້າ,1
ຂອ້ຍຂໍໄຫ້ສຸນແກ້ໄຂໂປຟາຍໄຫ້ຂອ້ຍແດ່ຕອນນີ້ຂອ້ຍເຂົ້າລະຫັດບໍ່ໃດ້ ຈົ່ງຂໍຄວາມຊວ່ຍເຫຼືອຂອ້ຍແດ່ສຸນທີ່ເຂົ້າລົບ,1
ສົນໄຈມາກ,1
ຊຽງມະນີວັນແສງຄໍາ,1
ລາຂຽນ,1
ລໍາຄານແອບນີ້ລົບກວນ,0
ແອັບແຕດຫຍັງນໍ.ລົງທະບຽນກະຢ່າກ.ລະຫັດກະຂໍມື້ນິສົ່ງມື້ອື້ນ ບາດໃຊ້ລະບໍ່ໄດ້,0
ດິດີດີ,1
ມັນລິ້ນ,1
ດິຢູ່,1
ຖ້າໄຊ້ແລ້ວດີແຮງເດີ ການສຶກສາໃນລາວຈະໄດ້ຮັບຜົນສໍາເລັດອັນດັບຫນຶ່ງເລີຍ,1
ດີເລີຍຄ້າບ,1
ໃສ່ລະຫັດ ນີ້ ແລ້ວຈະ ໂຊກດີ .83410197,1
ຢາກໄດ້ໂທໄດ້ແຊັດໄດ້ແບບນີ້ດີ,1
ໂຫລດລະແຊດຂໍຄວາມບໍໄດ້,0
ຄວນປັບປຸງໄດ້ແລ້ວຕີ້ ລົບໂຫຼດໃຫມ່ສາມເທຶ່ອແລ້ວ ຍັງຫມຸນຕິ້ວໆຄືເກົ່າຢູ່ ຫຼັງຈາກໃສ່ລະຫັດແລ້ວຫນ້າຈໍຂຶ້ນກໍາລັງໂຫຼດ ໂຫຼດເປັນຊາດພຸ້ນບໍ,0
ໂລດມາລະເຂົ້າບໍ່ໄດ້ ຖາມເຊັກໂລເຄຊັນ ແຕ່ເປີດແລ້ວກະເຂຢ້າບໍ່ໄດ້,0
ແອັບອິຫຍັງໄສ່ເບີໄສ່ລະຫັດກະຍັງເຂົ້າບໍ່ໄດ້,0
ອີຫລ້າຫລ້າ,1
ມັນເປັນຍັງມັນສົງສຽງບໍໄດ້ມັນສົງຮູບບໍໄດ້,0
ຊື້ຍາກ ມີແຕ່ບອກວ່າqrຫມົດອາຍຸແລ້ວ,0
ຂໍ່ໄຈທຸກສິງສິງທຸກຢາງເລືອງທີ່ດີທັງຫນົດ,1
ເຂົ້າລະບົບຍາກກົດເປັນ7 8ຄັ້ງຍັງບໍ່ໄດ້,0
ແທ້,1
ແອບບໍ່ມີຄຸນນະພາບລຶບອອກສາຍ,0
ຊກລລລໍາລລໍາໍາພ,1
ອຸທາ,1
ສະມັກຄ້າງຄ້າງ,0
ຕັ່ງຫາພໍ່ມືງເບາະຍາກໂຄດຍາກຕັ່ງສະແຕະຍັງຫວະໂຄດຄວາຍເລື່ອຍລະຫັດກະສິສົງບໍ່ສົງຄວາມໂຄດໆວິດີໂອກະບໍ່ມີແມ່ມືງນີ້,0
ເຫັນແຕ່ຂອງເກົ່າໆ,0
ເຂົ້າລະບົບບໍ່ໄດ້ວ່າອີ້ເມວບໍຖູກຕ້ອງທັ້ງມີ່ໃສ່ຕົວເກົ່າ,0
ຍັງກໍາລັງຜີດຫວັງທີ່ມີຜົນງານດີໆແລ້ວຖືກສັ່ງໃຫ້ອັບໂຫຣດເຂົ້າໄປໃນປະຕູມີກຕິກໍ່ຕົກລົງໃນໂລດອາດີກປີເດືອນປີທີ່ຜ່ານມາໃຫ້ໄປສູ່ການເລີ່ນຕົ້ນໃຫມ່.,1
ໂອນເງິນໄປທະນະຄານອື່ນຍັງບໍ່ໄດ້ເທື່ອປັບປຸງແນ່ເດີເພາະມັນຍັງຫຍຸ້ງຍາກຫລາຍ,0
ຍຽມຫາຍ,1
ໂອເຄ ດີຫລາຍ,1
ໃຫ້ຄະແນນ 5 ດາວ,1
ມຸນວົງລໍ້ບໍ່ໄດ້ດາຕາຫລາຍມືແລ້ວ,0
ຫ່ວຍແຕກ ຕັ້ງແພັກເກດແລ້ວເດັ້ງອອກ ຕ້ອງເຊື່ອມເນັດອີກເຄື່ອງທີ່ມີດາຕ້າຈັງຕັ້ງໄດ້ ຂ້ອຍຂໍຖາມ ໃນເມື່ອເນັດຂ້ອຍຫມົດຂ້ອຍຈື່ງຕັ້ງເນັດ ລະໃຫ້ຂ້ອຍໄປເອົາເນັດມາແຕ່ໃສເວລາຢູ່ຄົນດຽວ ບໍ່ສົ່ງotpໃຫ້ ສົ່ງໃຫ້ກະຊ້າ ຈົນຫມົດເວລາ ເຂົ້າເບິ່ງປະຫວັດແຈ້ງເຕືອນກະຫມຸນຕິ້ວໆ ຈະເອົາເງິນເຂົ້າບັນຊີທະນາຄານກະບໍ່ໄດ້,0
ແອັບນີ້ຂ້ອຍໃຊ້ມາດົນແລ້ວແອັບນີ້ສະດວກສະບາຍເດີ,1
ທ່ານເບສົມສັກ,1
ກະໄຊ້ໄດ້ດີມີປະໂຫຍດ,1
ລົງທະບຽມຂ້າລາຍເດື້ອນບໍ່ຜໍໄຊ້ເນັດໄນການເບິ້ງອີກບໍ່ຄັກເລີຍ,0
ວິທີ່ສະຫມັກ,1
ສະດອກໃນການສືສານ,1
ຢ່າໃຫ້ກູອັບແດດຫລາຍຄັ້ງແທ້ມັນເສີຍເງີນລໍາຄານອີກຖ້າຍັງເປັນແບບນີ້ກູເລີກໃຊ້ແນນອນ,0
ແລກບັດບໍໄດ້ຊ່ວຍແດ່ແນ່,0
ດີມີຄຸນຄ່າຫໍາໃຫຍ່ດີ,1
ຂ້ອຍຢາກໃຫ້ໂອນເຂົ້າທະນາຄານຄືໂອນບໍ່ໄດ້,0
ສະດວກສະບາຍຫຼາຍໃນການຊົມໃຊ້ ໄປໃສກະບໍ່ຈໍາເປັນຕ້ອງຖືເງີນສົດໄປນໍາ,1
ສາຄອນບ່ອຍ,1
ເສີຂ,1
ດີດີຫາຼຍ,1
ເງິນໂປໂມສຫນໃຊ້ບໍໄດ້,0
ເວລາເຂົ້າແອັບມັກເປັນຫນ້າຂາວໃຊ້ງານບໍ່ໄດ້ຄວນແກ້ໄຂໃຫ້ແດ່,0
ຄູຮຮຮ,1
ຕັ້ງແຕ່ອັບເດດມາເປັນລາວແອັບແຊລົງເຟສບຸກບໍ່ໄດ້ເລີຍ ກະລຸນາແກ້ໄຂດ່ວນ,0
ບູນນໍາ ຫູລຫລາ ເພັດປະເສີດກ,1
ແທນທີ່ຊິພັດທະນາຂື້ນຕື່ມ ແຕ່ພັດທະລົງນາເລື້ອຍໆ ມົ້ວໄປຫມົດ,0
ໃຊ້ດີຈົນບໍ່ຢາກໃຊ້ຕໍ່555,1
ໃຫ້ດາວເຕັມເພື້ອໄວ້ໃຊ້ໄດ້,1
ມັນເກົ່າແລ້ວ,1
ບໍ່ເປັນຕາສະແຕກເຮັດຂື້ນມາຫາສະແຕກອີ່ຫຍັງແອັບຫ່າອະນີ້ເຮັດສົ້ນຕີນຫຍັງກະບໍ່ໄດ້ຫ່າມຶງ,0
ຕັ້ງໂຄດຍາກ,0
ເອົາ m servic ຄືນມາ ໃຊ້ຢາກແຮງ,0
ໄມວອນໂຕນ້ອຍ,1
app ຂ້າງຂັ້ນຕອນຖ່າຍຮູບສຸດທ້າຍບໍຍອມໄປຕໍ່ແກ້ໄຂເດ,0
ດີລາຍok,1
ລາວແອ້ບ,1
ດີss,1
ອັບເດດຕະຫລອດຈັກອັບເດດຍັງກັງແກຄັນບໍ່ອັບກະຫລິ້ນຍາກ ໄຂດ່ວນ.,0
ກິດຈະກໍາເຊີນຕິດຕັ້ງຮັບດາຕ້າຟິ ຫາຍໄປໃສ່ເອົາຄືນມາ,0
ນດເນ,1
ຫວາຂຽນ,1
ແອັບດີໄຊ້ງ່າຍ,1
ໃຊ້ດີ.,1
ໃຊງານດີ,1
ເຄ ໄວທັນໃຈ,1
ຢ່າປິດກັ້ນການແຈ້ງເຕືອນຫລາຍ 9 4 2025,1
ສະບາຍດີ ແອບທີ່ທ່ານສ້າງຂື້ນມາເຫັນວ່າມີປະໂຫຍດຫຼາຍແຕ່ວ່າເວລາເຮົາເອົາໂທລະສັບແຟນມາສະແກນໃສກັບໂທລະສັບເຮົາແລ້ວໂທລະສັບແຟນຈະຟ້ອງຂື້ນຢູ່ຫນ້າຈໍວ່າກໍາລັງໃຊ້ງານເວລານັ້ນແຟນເຫັນເຂົາຮູ້ວ່າເຮົາເອົາໂທລະສັບເຂົາມາສະແກນແອບເຂົາອອກຈາກລະບົບທັນທີ ໃຫ້ທ່ານແກ້ໄຂມີວິທີໃດທີ່ບໍ່ໃຫ້ມັນຟ້ອງຢູ່ຫນ້າຈໍໂທລະສັບແຟນ,1
ທີ່ຝ່ານໃຊ້ນີ້ໄວດີຄະນາດແຕ່ດ່ງວນີ້ເປັນຫຍັງກະບໍ່ຮູ້ຫລິ້ນໄດ້ແຕ່ຊາຊາຄືບໍ່ໄວຄືກັບແຕ່ກີ້,1
ອັບເດດໃຫມ່ແລ້ວຫລີ້ນບໍຄືເກົ່າຟັງເພງກະບໍ່ໄດ້ວົງລໍ້ກະຫລີ້ນບໍໄດ້ຢາກໃຫ້ແກ້ໄຂແດ່ມີເງິນເນັດຈື່ງຫລີ້ນໄດ້ ຫລັກ9,0
ສູດຍອດ,1
ຟັງບໍ່ໄດິ,1
ນາງວິນັດ,1
ຖືກຫວຍຜ່ານແອບບເອົາຢູ່ໃສ,1
ແອັບນີ້ບໍລິການດີຫລາຍ,1
ດີເຈີ,1
ໂພສໂສດກະບໍ່ມີຄົນມາຈີບດາວດຽວພໍ,0
ຂ້ອຍດາວໂຫລດບໍໄດ້ແອັດນີ້ແດ່,0
ພໍໃຈແຮງ,1
ບໍມີເວລາຫິ້ຼນ,1
ໃສງາຍ,1
ດ່ນ,1
ແອບບໍ່ມີຄຸນນະພາບລົງທະບຽນກະຄັດຂ້ອງອັນຫນືງອັນຫນືງຢູ່ຕວົະໃຫ້ຄົນໂຫລດລ້າໆບໍ່ພັດທະນາດອກແອບລາວແບບນີ້ສາຂາໃຫຍ່ແທ້ໆພັດທະນາແອບແດ່ ແອບໂຄດກາກເຮັດຍັງກະບໍ່ໄດ້,0
ສາທານະລັດປະຕີປະໄຕປະສາຊົນລາວສັນຕີພາບເອກະລາດພັດທະນາທາງວອນ,1
ໄວກວ່າເກົ່າ,1
ໃດຄວາມຮູ້ຫຼາຍຢ່າງ,1
ຢາກໄດ້1ກະປຸກມາກິນ,1
ເລ່ນດີຍຽ້ມ,1
ສຸ່ມບໍ່ໃດ້ເນັດເລີຍມັນລ໋ອກເປັນ2 3ທິດລະ,0
ຢ່າອັບເດດຫຼາຍ,1
"ບໍລິການດີຫລາຍ,ຄົນຂັບເວົ້າມ່ວນ",1
ຊ້າແຮງງ,0
ຂາຍທຸກຢາງ,1
ລອງກ່ອນເດີຖ້າດີແທ້ສະຕື່ມໃຫ້ຕາມຫລັງ,0
ສົ່ງອາຫານໄວ,1
ເອີ້ນລົດຍາກແທ້ດຽວນີ້,0
ຂໍຄວາມຊ່ວຍເຫຼືອໃນດານອັບເດດໄຫ້ຜົມດ້ວຍ,1
ຕິດຕໍ່ສືສານງາຍພ້ອມສາມາດສົ່ງເອກະສານໄດ້,1
ເຕີມເງິນເບີຫລັກ9ບ່ໍໄດ້,0
ມາກມາຍ,1
ເດາຈ້ຂປບ,0
ໃຫ້ເຊື່ອມຕໍ ແຕ່ບໍເຄີຍໄດ້,0
ແອບຂັດຂ່ອງຫລາຍເທື່ອໂພດມື້ຫນື່ງຂັດຂ່ອງເປັນ10ເທື່ອແກ້ດ່ວນ,0
ມັກສະບາຍມີບັນທຶກບໍ່ຕ້ອງແຄັບຫນ້າຈໍ,1
ລົງທະບຽນແນວໃດ ເຂົ້າແອບກະເດັ້ງອອກເປັນນໍາໂທສັບຫລືແອບ?,0
ເລີມ,1
ສະດວກຫລາຍທີ່ມີແອບນີ້,1
ໂຄດຊ້າຖ້າລະຫັດotpເປັນມື້ສອງມື້ຄ່ອຍສົ່ງມາ,0
ຄຸ້ມ ແຕ່ແອບມີບັນຫາຫຼາຍໄປ,0
ເຮິວວ້,1
ແອັບຊ້າແຮງ ແບບແຮງອີ່ຫລີເດີ້ ຮູ້ສຶກລາຍຕາກັບຟັງຊັ້ນໃນແອັບ ເຂົ້າເບິ່ງລາຍການໂອນເງິນມື້ນີ້ບໍ່ມີເລີຍ,0
ຄືໃນ,1
ລືມລະຫັດຜາ່ນ,1
ຢ່າງຊອບ,1
ຄວາມຈິ່ງກູ້ກັບມຶ້ງ ເຄື່ອງ,1
ໄຊ້ໄດ້ດີຫຼາຍ,1
ຫວັງວ່າແອັບນີ້ຕອ້ງໃຊ້ດີທີ່ສຸດ,1
ການສຶກສາຂອງລາວແລະໄທ,1
ໂລດຍາກ,0
ໄຮ່5ດາວ,1
ຂ້ອຍສາມາດຕິດຕໍ່ແລະຄົ້ນຫາຫມູ່ເພື່ອນໄດ້ໄວຂື້ນ,1
ສະດວກສະບາຍໃນການຕື່ມມູນຄ່າໂທ,1
ປະສົບປະການຕໍ່າ ຄົນມີອາຍຸແຕ່ມັກເບິ່ງ,1
ໃຫ້2ດາວໄປກ່ອນແອັບເຄືອນໄຫວ້ບໍ່ໄດ້,0
ສະບບາຍໄຈ,1
ເຂົ້າໄປແລ້ວເດັ່ງອອກຕະຫຼອດຄວນປັບປຸງແດ່ເດີ,0
ອັບເດດໃຫມ່ ບໍ່ໄດ້ເລື່ອງ ອັນໄດ້ກາຊ້າ ປະມວນຜົນຊ້າ ລໍຖ້າotp ເປັນຊາດ ໂອ້ຍຍ,0
ດີກຫລຫ,1
ເຕີມບັດບໍໄດ້ຮັບເງິນ ທັ້ງທີ່ເງິນໄດ້ຖືກຕັດອອກໄປແລ້ວ ແກ້ໄຂດ່ວນ,0
ດີຫລາຍໃຊ້ງ່າຍທັນໃຈ,1
ໂມງ,1
ບໍ່ຮູ້ຊິຄິດ,1
ຢາກຫຼີ້ນ,1
ປະສົບການຂ້ອງຂ້ອຍຊັງຊຶຫວຍ,1
ຂາດບໍ່ໄດ້ໂສລະສັນນັ້ນຕ້ອງມີຫລີ້ນເຟສເຈົ້າ,1
ເອີ້ນລົດແລ້ວບໍ່ມາ ເອີ້ນເປັນ10ເທື່ອກະຍັງບໍ່ມາ,0
ອັບເດດໃຫມ່ບໍແຈ້ງເງີນອອກ ເງີນເຂົ້າເລີຍ ຄວນປັບປຸງຕື່ມ,0
ຢາກໃຫ້ທຸກຄົນລອງໃຊ້,1
ກົດໄດ້,1
ຄໍາເມີງ.ອີເລັກໂຕນິດກ່ງວກັບເຄື່ອງໄຊໄຟຟ້າ,1
ຂໍຕັ້ງໃຫ້ແດ່,1
ໂງ່,0
ໂອຍບໍມີແນວຕິແລ້ວດີແລ້ວ,1
ມາກແຮງ,1
ສັ່ງງ່າຍ ສະດວກ,1
ໄວວ່າຫນຸນຟີມື້ລະ5ຄັ້ງແຕ່ກຸຫນຸນຄັ້ງເດວບອກວ່າຫນຸນຄົບແລ້ວ,0
ດີ ດີ ດີ,1
ຍຮ່າ,1
ນ ປ່ານາຈົ້າງ,1
ແອບກາກເກີນ,0
ບໍມີແຟນລະຢາກໂລດມາແຊ້ດໂອແສງ,1
ພັດທະນາ ລະບົບຈ່າຍເງິນ ແລະ ດີລິເວີລີ່ ໃຫ້ຮອດຫນ້າຫ້ອງແດ່ເດີ່,1
ຮັຄອີ,1
ຕະຫລົກກກ ພະນັກງານບາງຄົນເຮັດວຽກໂກງເງິນລູກຄ້າ! ສອບສວນພະນັກງານດ້ວນນະຈ໊ະ,0
ຄວນປັບປຸງໃຫ້ຫຼາຍກວ່ານີ້. ການໃຊ້ງານຍັງບໍ່ໄດ້ມາດທະການ,0
ແຊປະສົບການໃຫມໆໄດ້ດີ,1
ເລນສະດວກ,1
ຂ້ອຍໃຊ້ວອດອອັບ,1
ລະຫັດ6ໂຕບໍ່ ສົ່ງລົງທະບຽນບໍ່ໄດ້,0
ເຂົ້່ແອັບບໍໄດ້ເລີຍເວລາກົດເຂົ້າໄປລະເດັ້ງອອກແບບບໍໄດ້ເຂົ້າຮອດຫນ້າລະຫັດເລີຍ,0
ຫວຍ ແຕກ,0
ເລີອກ5ດາວ,1
ຄໍາແພງໄຊຍະທອນ,1
ຜາ່ນມາບໍລີການດີຫຼາຍ.,1
ລົງທະບຽນຍ້າກ,1
ໃບໂພູຄຄຈຕຂໍໄພະນຍລຫດ້າສວວງຜຜືມຝງ .,1
ຮ້ານຄ່າຫມ້ອຍ,0
ບໍລິການໄວທັນໃຈ,1
ຖືກໃຈຫລາຍ,1
ຈັງ,1
appນິ້ຂອງເຈ້າດີລາຍ,1
ດີໆສົມເສີຍ,1
ດີທີ່ສຸດ.ຍຸດທີ່ແອປນີ້,1
ຢາກໃຫ້ປ່ຽນລະບົບກະເປົາເງິນໃຫ້ຄືເກົ່າເພາະຫາເງິນແບບອອນໄລນ໌ຍາກຫຼາຍສະຫມັກກະເປົາເງິນກະບໍ່ໄດ້ຢາກຫາເງິນກະບໍ່ໄດ້ສະຫມັກຍາກໂພດບັນຊີກະບໍ່ມີ,0
ໃຊ້ງານດີຫລາຍ ຕັ້ງກໍງ່າຍ ພຽງແຕຂໍ້ມູນບັດ ແລະ ບັນຊີຄົບ,1
ວ່ເ ທທືທື,1
ດຽວນີ້ຢູມັນນີເຂົ້າບໍ່ໄດ້3 4ວັນນີ້ ນັບແຕ່ຖືກເລກຊື່ທາງຢູມັນນີເຂົ້າບໍ່ໄດ້ເລີຍ,0
ຄາວຍເພື້ອນ,1
ແອັບຍັງມີບັນຫາເປັນລັກສະນະຄືເນັດຊ້າແລະບາງເທື່ອກະໃສ່ລະຫັດບໍ່ຖືກທັງທີລະຫັດກະໂຕເກົ່າ,0
ໃຊ້ແລ້ວສະດວກສະບາຍໃນການຕິດຕາມເຄື່ອງ,1
ຊື່ຫ້,1
ນະຮ,1
ຂໍໃຫ້ຂ້ອຍຮັງມີດ່ອຍຫວຍນີ້,1
ຈະີກໍາພູພ,1
ດີດີປະຢັດດີແອັບນີ້,1
ສະວັດດີຄຮັບ,1
ໃດສີ່ງດີໆແລະສະດວກໃນການໃຊເງີນ,1
ແອັບຫ່າຫຍັງ ໂຫຼດມາໄດ້ ແຕ່ເຂົ້າບໍ່ໄດ້ ບອກແຕ່ວ່າບໍ່ມີອີນເຕີເນັດ,0
ບໍ່ຄ່ອຍມັກແຈ້ງເຕືອນໃຫ້ອັບເດດ,0
ດີທີ່ສຸ່ດ,1
ພັດທະນາຕືມ,1
ໄດ້ໃຈວອງໄວທັນການ,1
ພວກທານແກ້ໄຂໄຫ້ໄດ້ຂອ້ຍຂໍ່ຂອບໃຈຫລາຍໆໂຊກດີ,1
ໄຊ້ວຽກດີຫລາຍ,1
ເສເນເຂງຶກນເວດຍ,1
ໂຄສະນາເກີນ,0
ແອັບຫຍຸດທໍາງານ,0
ເຮັດຂັງໄດ້,1
ດີດີທ່ານ,1
ມັກເຫັ້ລນ,1
ບໍ່ເຫັນເພງ,0
ແອບຂີ້ກາກຊ້າເກີນນແກ້ໄຂແດ່,0
ສົ່ງຂ່າວໄດ້ດີແລະວ່ ອງໄວ,1
ເນັດຊ້າ,0
ອາຊີບທໍາສວນ,1
ຄວາຍແອບນີ້ສ້າງມາໃຫ້ພໍ່ມຶງໃຊ້ວາຄວາຍແອບຄວາຍໆໆ,0
ສບາຍ,1
ບໍ່ໄດ້ເລື້ອງລະຫັດ otp ບໍ່ມາຈັກເທື່ອ,0
ສສ້ສ້ຖສ້ຶກສສຮຖວປຈວປ້ຈວຫປຈວມຈິຍນ້ນວ້ວ້ວ້,1
ພວງເພັດ,1
ສີນ,1
ມີຄວາມສະດວກມາກເລີຍ,1
ແອບເຂົ້າບໍໄດ້,0
ບໍ່ຄືເກົ່າ,0
ກາກເກິນ. ລົງຫ່າຫຍັງກະບໍ່ໄດ້,0
ບໍມີຫຍັງເວົ້າເພາະແນວໃດກະຕ້ອງໄດ້ໃຊ້ມັນຢູ່ດີ,1
ນັດແກ້ວມະນີ,1
ໃສແລ້ວດີ,1
ອັບເດດແລ້ວຍັງຄືເກົ່າແອັບລາວ ຄວ່າຍ,0
ສໍາລັບໂທລິສັບຊໍາຊຸງແມ່ນເວລາມີສາຍໂທ້ຂົ້າ ບໍ່ສາມາດຮັບສາຍໄດ້ເລີຍ ຕ້ອງໄດ້ຕິກໃສ່ ໄອຄອນວັອດແອັດຈຶ່ງສາມາດຮັບສາຍໄດ້ ນີ້ບໍ່ຮູ້ວ່າເປັນຍ້ອນໂທລະສັບ ຫລື ໂປແກັມວັອດແອັບ,1
ທຸກສະຖານທີ່ ແພນດ້າສົ່ງເຖີງ ໄວ ສະດວກ ການຂົນສົ່ງ ຊໍາລະເງີນ ດີຫຼາຍທີ່ໃຊ້ມາ.,1
ໃສ່ສະດວກມາກ,1
ເຊົາໂຄສະນາໃນຢູທູບເຖາະລໍາຄານ,0
ແອັບດີຫລາຍ,1
ທະນາຄານເທີງມືຖື ຂອງຄົນລາວໂອນງາ່ຍວອ່ງໄວ.ສະດວກສະບາຍ.ຕິດຕັ້ງບັນຊີທະນາຄານຢູມັນນີ່.,1
ຫມຸນບໍ່ໄດ້,0
ໃຊ້ງານບໍ່ເຫັນໄດ້ແກ້ໄຂດ່ວນ,0
ສາຍບອດສະບາຍ,1
ຖອນເງິນຈາກວີແຊັດເຂົ້າ bcel oneໄດ້ບໍ,1
ນອກຢ້ຽມ,1
ແອັບຫ່ວຍແຕກ ໃຊ້ບໍດີເລີຍ ເຊົາສາຍົກເລີກລົ້ມລະລາຍສາ ແຮງອັບເດດແຮງບໍເປັນຕາໃຊ້ເຕີມເງິນກະບໍໄດ້ ເປີເຊັນກະບໍມີ ບໍຕ້ອງໂຫລດມາເດີ້ທຸກຄົນ ຫ່ວຍແຕກສຸດໆ,0
ຢາກໃຫ້ມີລະບົບcall out ຄືຕອນນັ້ນ,1
ອັບເດດແລ້ວໄປຫມູນວົງລໍ້ເນັດກໍບໍ່ໄດ້ມີແຕ່ໃຫ້ຊວນຫມູ່ຕະຫລອດເປັນເດືອນແລ້ວບໍ່ໄດ້ຍັງໃຫ້ຫນຶ່ງດາວໄປກ່ອນໄວ້ຖ້າໄດ້ແລ້ວຊີມາລີວິວໃຫມ່,0
ສາມາດເຮັດໄດ,1
ໃຊ້ຍາກປ່ຽນພາສາແອັບບໍ່ໄດ້ກະລຸນາປັບປ່ຽນແປ່ງໃຫມ່ດ່ວນ,0
ກິນີ້ເປັນຄົນທີ່ຈັບຕາເພາະວາ່ຂີ້ລັກເກ່ງເຫັນຫັຍງກະລັ. ດຽວນີ້ກິຢາກເປັນຄົນດີຂອງສັງຄົມ ຂອງທີ່ກິມັກແທ້ໆ,1
ທືອ,1
ຂໍບອກເລີຍວ່າໃຊ້ງານບໍ່ໄດ້ ສິເຂົ້າໄປລົງທະບຽນກາມີແຕ່ເດັ້ງອອກໂຫລດມາຫລາຍເທື່ອແລ້ວຍັງຄືເກົ່າຢູ່ ມັນເປັນນໍາໂທສັບຂ້ອຍຄົນດຽວນີ້ບໍ່ ລົງຍາກລົງຊາກະສິບໍ່ລົງມັນລະເດີ້ທະບຽນນິ,0
ມົວຕ່າງ,1
ຊອກຫາລະບົບອີນເຕີເນັດຢູ່ໃສ,1
ດີຊຸດ,1
ຢາກໃຫ້ມີ ai ຖາມຕອບ ເລື່ອງແກ້ປັນັາຫຼືຖາມກ່ຽວກັບແພັກເກັດຕ່າງໆໄດ້ ຄືແອບອື່ນໆ,1
ສະດວນສະບາຍ,1
ແອັບກາກກສົມພໍວ່າແມ່ນແອັບລາວ ຫມຸນໄດ້ເງິນແຊບໍ່ໄດ້ ພໍຫມຸນໃຫ້ແຊກັບຫມູ່ບໍ່ແຊຫມຸນບໍ່ໄດ້ ຢ່າໂລດເລີຍແອັບກາກກຂີ້ຖີ່,0
ກ່ອນຊິເຂົ້າໄດ້ແຕ່ລະເທື່ອ ຊ້າຫລາຍ,0
ຂໍເຟສແດເດີຂໍ,1
ຖ້າມີຄິວອາໂຄດໃຫ້ຄືຊິດີກວ່ານີ້,1
ໃຊ້ງານສະດອກສະບາຍ ຖືກລາງວັນເງີນເຂົ້າບັນຊີທັນທີ,1
ຂ້ອຍມັກຫລີ້ນເຟດ,1
ມັນເປັນຫັຍງຄືບໍໄດ້,0
ຝົນຕົກເຢັນສະບາຍ,1
ໄຊ້ສະບາຍ,1
ບຸມແບບ,1
ຍັງບໍມີປະສົບການເປັນມືໃຫມ່,1
ເລິສ,1
ຄັກດີມ່ວນພາເພີນໄດ້ດີທີ່ສຸດ,1
ມັກຫຼາຍດີທີສຸດ ສະດວກໃນການໄຊ້,1
ແສງເພດໄຄພອນ,1
ແກນຕາ,1
ມັກຫລານຈົບ,1
ແອັບເຮຍນີເອບເດດຕະລອດກູແຮງບໍມີເນັດ,0
ມີຄວາມຫມາຍຫລາຍ,1
ມືໃຫ່ມບໍທານັດຫີ້ລນທໍໃດ,1
ບໍລິການສະດວກດີປົກກະຕິ ແຕ່ບາງເທື່ອກໍຊ້າແຮງ ໃຊ້ເວລາດົນຫຼາຍ,1
ປິບ,1
ໂຕເກົ່າກະເລ່ນວາຍຢູ່ແລ້ວບໍ່ຮູ້ສິເອັບເດດໃຫ້ມັນຫຍຸ້ງຍາກຫັຍງອິລຸງຕຸງນັງສັບສົນແອນວຸ້ນວາຍແອັບອື່ນເອັບເດດແລ້ວດີຂື້ນນິເອັບເດດໃຫ້ແຍ່ລົງ ຍ່ຽມ ຍ່ຽມ ຍ່ຽມ ນ່າເບື່ອນ່າລໍາຄານ ຂໍຂອບໃຈ,0
ເຂົ້າກະບໍ່ໄດ້ ເຄີຍຕັ້ງແລ້ວພັດໃສ່ລະຫັດເກົ່າກະບໍ່ໄດ້,0
ຊຸກຍູ້ ສົ່ງເສີມ ປົກປ້ອງ ຊື່ສຽງ ຊາປາກຊ່ອງ,1
ເຂົ້າຍາກເຂົ້າແນວໃດກາບໍ່ໄດ້ມີແຕ່ບອກກວດສອບອິນເຕີເນັດຕະຫລອດ,0
ໃຊ້ງ່າຍສະບາຍ,1
ຊອບມາກໆ,1
ກະດີຢູ່ທີໃຫ້ເນັດແຕ່ລະມື້ນິລະ,1
ດີໆສູດໆ,1
ໄຊ້ດີຫຼາຍມີປະໂຫຍດ,1
ຢາກໃຫ້ແກ້ບ່ອນລືມລະຫັດອັນຂ້ອຍມີ2ເບີ ອີກເບີຫນຶ່ງຂ້ອຍລືມລະຫັດພໍກົດໄປບ່ອນ ລືມລະຫັດຜ່ານ ພັດໃຫ້ໃສ່ວັນເກີດປາດຕິໂຖະສໍາຄັນຂະນາດນັ້ນເລຍເບາະແຮງໃສ່ມັ່ວຢູ່ຄືບໍ່ເຮັດເປັນສ່ງລະຫັດ otp ລະກະເຂົ້າໄປປ່ຽນລະຫັດໃຫມ່ເລີຍອັນນີ້ລະຕ້ອງຈື່ລະຫັດຖ້າລືມພັດໃສ່ວັນເກີດແທນ,0
ຖືກໃຈວອງໄວທັນໃຈ,1
ຄອນຂາງອະທິບາຍຍາກ,0
ຊ່ວງນີ້ຢູ່ບ້ານສະພາບອາກາດຫນາວ ແລະ ມີສາຍລົມເຢັນເຫຼືອເກີນ,1
ໃຊ້ດີແທ້,1
ຢານໄດ້,1
ດີ ເສຮຍແຕ່ຜູ້ບໍ່ລິການບາງຄົນ ບາງຄົນເດີ້ ມັກຂາດສະຕິໃນເວລາໄປສົ່ງເຄື່ອງແລະຂາດສະຕິຄວາມຮັບຜິດຊອບ ບໍ່ງແບມ່ນວ່າສົ່ງຊ້າດີ້ ເວລາມັນຂັານ,1
ອັບເດດເພຶ່ອຫຍັງເຂົ້າແອັບບໍ່ໄດ້ ອິສັດ,0
ໃຫ້ຫາ້ດາວ.,1
ດີມາກເອົາໄປເລີຍ5ດາວ,1
ອັບເດດໃຫມ່ຄືເຊີນເພື່ອນບໍ່ໄດ້ ເອົາໄປ1ດາວ,0
ພໍາໍາ,1
ດິນະ,1
ຮັກກ,1
ເຊື່ອມຕໍ່ທະນາຄານ ເປັນຮ່າຫຍັງທັງວັນ.ປັບປຸງຕະຫລອດ,0
ດີມາກໄດ້ເນັດຟີນໍາ,1
ສະລວກສະບາຍ,1
ຈັກສິລົງທະບຽນຫາສະແຕກຍັງ ກູແຊັດຫາໄຜກະບໍ່ໄດ້,0
ປະສົບການຍັງອອ່ນ,1
ອັບເດດໄຫ່ມຫີ້ລນບໍ່ຮູ້ເລື້ອງ,0
ແອບເປັນຫຍັງເຂົ້າບໍ່ໄດ້ເລີຍກາກແທ້ແອບ,0
ໃຊ້ສະສວກສະບາຍດີ,1
ຊອບມາກສະດວກວອ່ງໄວທັນໃຈ,1
ມີມອງດືມ,1
ສືສາດີ,1
ຈານມອນຄໍາມອນ,1
ຮູ້ສຶກປອດໄພກັບການບໍ່ລິການຂອງທະນາຄານ,1
ເຮັດດີບໍ່ມີຄ່າ,1
ຍ້ອມຮັບວ່າດີໆ,1
ບໍ່ຄິດວ່າຊິ,1
ດີບໍດີກະດີ,1
ແກ້ໄຂໄຫ້ແນ່ໄຊ້ຍາກໂພດ ຍູ່ຊື່ໆກະໄຊ້ບໍ່ໄດ້ເລີຍ ຍຸ້ງຍາກແຮງ,0
ແອສື່ສານຍອດນີຍົມ,1
ຂອບໃຈທີສັນບ້ານດີ,1
ໄຊ້ງານໄດ້ໄດ້ດີຂະນາດ,1
ທັນສະໃຫມ່,1
ຈັກເປັນເຫ້ຍຫຍັງຢູ່ດີໆກະເຂົ້າບໍ່ໄດ້,0
ແອັບມີປັນຫາຕະຫລອດຫ່ວຍແຮງເຂົ້າກະຍາກບາງທີເຕີມເນັດຕັດເງິນໄປແລ້ວແຕ່ເງິນບໍ່ເຂົ້າຄືແອັບມິດສາຊີບສ້າງແອັບກະສ້າງຄືດາກນິ,0
ນາງພອນ,1
ຕັ້ງແອັບນີ,1
ແອັບຈັກຖາມເຮ່ຍອີສັງ ແມ່ງໄອສັດ ຄວາຍ,0
ssilpm ສີງກາລາເ,1
ຄຸນປະໂຫຍດມະຫາສານ ຂອບໃຈ ທະນາຄານການຄ້າ ທະນາຄານຂອງຄົນລາວ,1
ດີມາດມວ່ນ,1
ເຂົ້າເບິ່ງບໍ່ໄດ້ ຄລິກເຂົ້າໄປວ່າເຂົ້າສູ່ລະບົບ ແຕ່ບໍ່ເຫັນໃຫ້ເຮັດແນວໃດຕໍ່,0
ດູແລ,1
ສະບາຍດີ ຂ່ານ້ອຍພູມໃຈຫຼາຍທີ່ທາງສູນໃດ້ສ້າງແອັບດີໆແບບທ່ານເພືອບໍລິການໃນຍາມທີ່ຂາດເຂີນແຕ່ຍັງມີທ່ານເປັນຄູ່ໃນຍາມໃດໆທ່ານກໍ່ບໍ່ປ່ອຍໃຫ້ຜູ້ຮັບບໍລິການຢູ່ໂດດດ່ຽວ ຂໍຂອບໃຈເດີ້ສູນunetilແລະທ່ານທີ່ຮູ້ໃຈເຂົ້າໃຈຂ່ານ້ອຍມາໂດຍຕະຫຼອດ 2021ນີ້ຂໍໃຫ້ທາງສູນດີສູ່ຄວາມສໍາເຫຼັດໃຫ້ກ້າວໄກສູ່ອໍາດັບໂລດແລະໃນທືນຂອງໂລດເຂົ້າມາເສີນສູນunetilໃຫ້ມີຊາວໂລດນໍາໃຊ້ແອັບຂອງທ່ານມີລາຍໃດ້ຕີດສະທິໂລດເດີ້.ສະບາຍດີ.,1
ເຊເຍ,1
ດີໆໆໆຫລາຍ,1
ສາວອ້ອນຈວດ ຈວດ,1
ເຂ້າບໍໃດ້,1
ການແຈ້ງເຕືອນຢາກຊ້າແກ້ໄຂໃຫ້ແດ່,1
ໃສ່ງານດີລາຍແລ້ວແອບນີ້ແຕ່ຕ້ອງໄດ້ລົງທະບຽນຕະລອດແກ່ໄຂ່ໃຫ້ແດ່ເດີ,1
ຂໍແອບມີ່ເຊັນເຈີກັບຄືນ,1
ນາງດົວະຈິລີ,1
ພພດເພພະປປປ,1
ຄືໄດ້ຕັ້ງຕະຫຼອດຫຼີ້ນບໍ່ໄດ້ເລີຍ,0
ແອັບສະຫນຸກ,1
ພຍແ,1
ເຣວໆຂື້ນກວ່າເກົ່າ,1
ຮັກສາຂໍ້ມູນສ່ວນຕົວໄດ້ ຕາມກັນມາໃຊ້ເດີ,1
ຄືສົ້ນຕີນນີ້ ກະລຸນາລໍ້ຖ້າ ພໍ່ມືງຕີເປັນປີກ່າບໍ່ໄດ້,0
ຂ້ອຍໃຊ້ດີ,1
ແອັບຈ້າ ປັບປຸງມາໃຫມ່ນີ້ຫມຸນຖືກແຕ່ອັບເດດສະຖະນະຢ່າງດຽວ,0
ດີຫຫລາຍ,1
ໃສ່ເບີsmsຮອດບໍ່ສົ່ງມາ,0
ຄັກຫລາຍໄຊ້ເລີຍ,1
ສ່ວນຕົວ,1
ຫວຍແຕກ ໂຫລດຂໍ້ມູນເປັນມື້ກະບໍ່ໄດ້ ຫມູນຢຸ່ຫມົດມື້ບໍ່ໄປບໍ່ມາ ລືບຖິ້ມຊະບໍ່ເປັນຕາສະແຕກ,0
ດີຫຼາຍໂອນເງີນສະດວກ,1
ດີຢູ່ເດະ,1
"ດ້ວຍຄວາມເຄົາຫລົບຮັກແພງນັບຖືຢ່າງສູງສົ່ງ,ຄວາມຂອບອົກຂອບໄຈຫລາຍໆນໍາທຸກໆທ່ານທີ່ໄດ້ມີສ່ວນຮ່ວມກ່ຽວຂ້ອງກັບເລື້ອງລາວວຽກງານການກະທໍາຕ່າງໆດັ່ງທີ່ປະກົດອອກຂື້ນມາໃຫ້ໄດ້ເຫັນໃນໄລຍະທີ່ຜ່ານມາຈົນເຖິງປະຈຸບັນນີ້,ກ່ອນອື່ນຂ້າພະເຈົ້າຂໍສະແດງຄວາມຂອບໄຈອອກຈາກໄຈຈິງຢ່າງສຸດຊຶ້ງນໍາທຸກໆທ່ານທີ່ໄດ້ມີສ່ວນຮ່ວມກ່ຽວຂ້ອງກັບເລື້ອງທຸກໆສິງຢ່າງທີ່ເປັນສິງດີໆທັງຫລາຍທັງປວງເຫຼົ່ານີ້ມີປະໂຫຍດໃຫ້ແກ່ຄົນທັງຫລາຍໄດ້ນໍາເອົາໄປປັບໃຊ້ເຂົ້າກັບວິທີການເພື່ອດໍາເນີນຊີວິດຊອກຢູ່ຫາກີນໄປຕາມສັງຄົມປະເທດຊາດບ້ານເມືອງເຮົາຕະຫລອດໄປ ຂໍຂອບໄຈ",1
ແມງມຶງ ເຮັດໃຫ້ມັນງ່າຍກວ່າແດ່ທ້ອນ ລົງບໍ່ໄດ້ຫຼັງຈາກໃສ່ລະຫັດ otp ລະເດັ້ງອອກກັບມາໃຫ້ປ້ອນເບີໂທຢູ່ຫນ້າແລກອີກງົງ,0
ສະບາຍດີມຶ້ນີ້ເຮາຈະມາສອນວີທີເບິງ່ແຍງທົ່ວລຽນ,1
ຍາກໄດບ້ນຊິ,1
ຂ້ອຍຈະມັກຢູ່ແອບນີ້,1
ສະຫມັດບນຊີເກົ່າບໍ່ໄດ້ ຂະຫນາດເບີເກຢ່າເຟັສເກົ່າມັນກະຍັງບໍ່ໄດ້,0
ດີວອງໄວທັນໃຈ,1
ປ່ຽນລະຫັດແຕ່ຍືນຍັນເຂົ້າແອັບບໍ່ໃດ້ປັບປຸງແນ່,0
ຄວນເຮັດການຂາຍຄືຍູ່bcloneອາດຈະດີກ່ວາ,0
ຄິດເຖີງແອັບນີ້,1
ພົນມອນວອນ,1
ໃຊດີມາກຂອບໃຈ,1
ຍາມໃດໃຫ້ໄຊຊະນະ ແມ່ນມວນ,1
ຢາກໃຫ້ທາງຫນ່ວຍງານມີສວນຫຼຸດ ລົງອິກຈາວເພືອໃຫ້ຊາວເນດເຮົາຈິ່ງຢູ່ຈາວ,1
ຄຸຍງ່າຍ,1
ໄກ່555,1
ໄຊ້ແຕ່ນອ້ຍຈົນໄຫ່ຍກະຍັງໄຊ້ຢູ່,1
ແອັບຫ່າຫຍັງມືງອັນນີ້ເປີດເຂ້າໃຊ້ງານຫະບໍ່ໄດ້ ລະຫັດຊິເຂ້າແອັບກະບໍ່ສົ່ງມາ ຄັນເປັນແບບນີ້ ປິດແອັບຖີ້ມສາ ຄວາຍເອີ່ຍ ໄປຕາຍສາ,0
ສັ່ງ1ອໍເດີ້ແຕ່ໄດ້ມາ2ອໍເດີ້ເສຍເງິນຄູນສອງແບບບໍ່ຢາກເຮົາກະຄົນໃຈກວ້າງເຫັນໄລເດີ້ບອກວ່າເຮົາສັ່ງມາສອງອັນກະເລີຍຕ້ອງຈ່າຍໃຫ້,0
ຜັກເຂົາຫຼາບເງິນໄປ,1
0kດີ,1
ບໍາດີ,1
ເກີນໄປໃສລະຫັດບໍ່ຖືກລະບລອດເບີ ລືມລະຫັດຖືງກັບລອດເບີ,0
ອັບເດດແຮງບໍໄດ້ເລື້ອງ,0
ດີຫລາຍແຈກຈິງ,1
ສສະຮ້າຍຝ,1
ເດີນທາງສາຍກາງ,1
ອັບເດດໄຫນ່ໃຊ້ງານບໍດີເທົ່າເວີຊັນເກົ່າ,0
ເອີ້ນລົດຍາກໂຄດໆແຕ່ແອັດສຽງຫຼໍ່ໃຫ້ອາໄພ55,0
ໂຄດຫວຍເລີຍໂທບໍ່ໄດ້,0
ລະບົບມີປັນຫາ.ມື້ໄດຈັງຊິເຂົ້າໄດ້ນໍ,0
ຂ້ອຍຢາກມີແຟນ,1
ໂດຍສ່ວນຕົວແລ້ວເປັນແອັບທີ່ດີ ແຕ່ຄວນປັບປຸງອີກ ຍອ້ນເຮົາບໍ່ຮູ້ເລກບັນຊີໂຕເອງ ຄວນເຮັດໃຫ້ເຮົາສາມາດເບິ່ງໂຕເລກບັນໄດ້ຈຶ່ງຈະດີ,1
ໂຫລດເກີນບໍ່ໄດ້ເລື້ອງ,0
ຫັຼນຸວັນນະດີ,1
ດີດ້ງງ,1
ສະດວກມາກ,1
ສະດວກສະບາຍວ່ອງໄວດີ,1
ຄົ້ນຫາເພື່ອນໆໄດ້,1
ດີ.ສຸດ,1
ແອັບຂີ້ກາກໆໆ,0
ຂອງຂ້ອຍຊື້ຫວຍພັດທະນາຄືບໍ່ໄດ້ແລ້ວແກ້ໄຂແກ່ເດີມ,0
ຢາກໄຫ້ລົງທະບຽນແຕ່ໂຫລດມາແລ້ວລົງບໍ່ໄດ້ເພື້ອອອ,0
ລວມໆແລ້ວດີພັດທະນາຕໍ່ໄປເດີ້!,1
ໂກີລີຝື,1
ແຂວງຊຽງແຂວງຊຽງຂວາງສະແດງສິນຄ້າຈີນສະແດງສິນຄ້າຈີນໄດ້ໄດ້ໄດ້,1
ດີ ມີປະໂຫຍດ,1
ກີິ,1
ຂໍແດ,1
ຢາກໄດ້ເພັດ cggg,1
ໃຊ້ງານໃດ້ດີ,1
ບ ສໃຖ,1
ຄວາມສຸກຄືການຍູ່ຮວມກັນຫລາຍຄນໃນຄອບຄົວ,1
ເຄິຍຮຽນຈົບຫມໍ,1
ອັບເດດຍາກຫລາຍ,0
ປ໋າຈາ ສອງຈັງວະ,1
ສໍາລັບຄົນທີໃຊ້ຢູມັນນີໃຫມ່ຫຼີ້ນເກມໃນແອັບບໍ່ໄດ້ເປັນເພາະທ່ານບໍ່ມີອິນເຕີເນັດ,1
ດີຫລາຍໃຊ້ງານໄດ້ວົນວາຍ,1
ຂອຍຂໍແກ,1
ເປັນຫຍັງເບີຂ້ອຍລົງທະບຽນດ້ວຍປັດສະປໍຈັ່ງຂຶ້ນມາວ່າລົງທະບຽນບໍ່ສໍາເລັດ,0
ປານ,1
ແອັບນີ້ມີໄວ້ເຮັດຫຍັງໃຊ້ງານຍັງບໍ່ໄດ້,0
ກະຈອກໂພດລົງຖະບຽນກະບໍ່ໄດ້ເຮັດມາເພື່ອຫຍັງ,0
ໂຄດຫ່ວຍລົບສາເດິຢ່າໂຫລດເດິມັນລົງທະບຽນບໍ່ໄດ້,0
ເຂົ້າລະບົບໂຄກຢາກແກ້ໄຂແດ່ເດີ້,0
ແກ້ໄຂດ່ວນ ເວລາກອກຂໍ້ມູນຖ່າຍຮູບບັດປະໂຕຫລືສໍາມະໂມ ໃນຫນ້ານັ້ນມັນບໍ່ມີປຸ່ມເຂົ້າເຖິງຄັງຮຸບ ດຶງຮູບຈາກໂທລະສັບເຂົ້າແອບບໍ່ໄດ້. ກະລຸນາແກ້ໄຂດ່ວນ,0
ພັດທະນາຕໍ່ໄປໆ,1
ອໍເດີ້ໄປຊົ່ວໂມງປາຍລະຍັງບໍ່ໄດ້ປັບປຸງແນ່ເດີ,0
ສຸດຍອດມາກ,1
ຄ່າທໍານຽມແພງໂພດ,0
ອັບມາແລ້ວຄືໃຫ້ລັອກອິນໃຫມ່ງົງ,0
ໃສບອກສະມັກລະຊິໄດ້ເງິນເນັດ ແອດຂີ້ໂມ້,0
ພັດທະນາຕໍ່ໄປເດີ ເຮັດໃຫ້ລະບົບດີຂື້ນຫຼາຍໆອີກ100ເທົ່າແຫ່ງດີ,1
ສຸດຍອດເລີຍ ຈຸກກຣູ,1
ແອັບສົ້ນຕີນອີຫຍັງວະ ເຂົ້າແອັບກະບໍ່ໄດ້ລໍາຄານສັດ,0
ແອັບກາກໃສ່ລະຫັດເປັນພັນເທື່ອກະບໍ່ໄດ້ແກ້ແດ່ເດີແອັບນີ້ນາ,0
ໃຊ້ດີໂຫລດໂລດ,1
ຝາກປັບປຸງແນ່ເດີ ລົງທະບຽນເບິ່ງຫນັງໄປເສຍເງິນປ່າວໆ ເວລາເບິ່ງຫນັງໄປດົນໆແລ້ວມັນຄ້າງຄິບບໍ່ໄປຊ່ວຍປັບປຸ່ງແນ່ເພື່ອຄວາມສະດວກຂອງຜູ້ທີ່ໄຊ້ ເວລາເບິ່ງແລ້ວຄິບວິດີໂອບໍ່ຫລິ້ນຄ້າງທັ່ງໆທີ່ລົງທະບຽນໄປແລ້ວ500ກີບ ມື້,0
ໃຊ້ດີ good lucky,1
ແອັບນີ້ດີ ມີລາກຫລາຍໃຫ້ຫລີ້ນ ແລະ ຍັງຄົ້ນຫາເພື່ອນໃນເຟສໄດ້ສະດວກ,1
ຂອບໃຈຫຼາຍໆເດີ້,1
ສອນ ທັງຫມົດ,1
ລີ້ນດີມາກເລີຍຄຮັບ,1
ໄດ້ໃຈມາກຊອບ,1
ເພັດທ້ອງ,1
ຄິນເຖິ່ງ,1
ອັບແດດູັງນີຄືເຫັນເບິງນັງບໍໄດ,0
ໃຊ້ດີໃຊ້ງາ່ຍ,1
ໂດຍເຈົ້າແອັບນີ້ເປັນແອັບພື້ນຖານຄຸນນະພາບມາດຖານດີຫລາຍໂດຍເຈົ້າ,1
ດີພໍໃຊ້ໄດ້,1
ດີຫລາຍທີ່ສຸດ ທີ່ໄດ້ມານໍາໃຊ້ແອບນີ້,1
ຕິດຫມີ,1
ແອບນີ,0
ຂໍຂອບໃຈເດີ,1
ເຂົ້າແອັບກະບໍ່ໄດ້ ແກ້ແນ່ເດີ້ ສິຊື້ເທື່ອໃດໄດ້ລົບໂຫຼດໃຫມ່ຕະຫຼອດ ໂພດໂພ ແກ້ໄຂມື້ໃດໃຫ້5ດາວ,0
ແອັບນີ້ດີມາກ,1
ດ່ະຫ່ໍາຫ,0
ຊ້ອບຄັກພໍໃຈຫລາຍ,1
ລົງເທື່ອ1ບໍ່ຜ່ານແລ້ວລົງອີກບໍ່ໄດ້ຄວນແກ້ໄຂເດີໃຫ້ໄດ້ໄປສູນອີກ. ຄວາມສະດວກບໍ່ມີເລີຍເນາະ,0
ມີແຕ່,1
ດີຫລາຍສະດວກດີ,1
ສະແປມບ້າບໍຫຍັງ ຕາແອັດມິ້ນບໍ່ເບິ່ງຫວາ ກະແຄ່ແຄັບ ກັບຄັດລອກລິ້ງເພຈນັ້ນ ໄປແນະນໍາໃຫ້ຫມູ່ ຫມູ່ຫາເພຈ ຮຮ ນັ້ນບໍ່ເຫັນຊື່ໆ ເສືອກເຟດຕູເຮັດຫຍັງໄດ້ເລີຍສັສ,0
ສະດວກສະບາຍຂື້ນ,1
ໃຊ້ດີຫລາຍ ຮັກ,1
ໂອເຄທີ່ສຸດເລີຍ,1
ສອງອາທິດກວ່າໆແລ້ວ ຍັງກວດສອບບໍ່ແລ້ວຢູ່ຫວາ ? ຄືດົນແທ້ ແກ້ດ່ວນເດີ້,0
ໃສ່ດີມາກ,1
ຫຍອ້ມຮັບທຸກໆສະນິດ,1
ໃຊ້ບໍ່ໄດ້ໂຫລດແລ້ວບໍ່ມີຫຍັງບ້າຕາຍ,0
ແອບເດັ່ງອອກດຸ ປັບປຸງແນ່ເດີ້ ລົງຍາກຫລາຍ,0
ໃຫ້ໂທໄດ້,1
ແຕ່ກອນດີ ແຕ່ດຽວນີ້ບໍ່ດີ ເພາະເຕີມບັດຕືມເງິນບໍ່ໄດ້,0
ໂຫລດໂຄດເຕົ່າ,0
ດບງຊໄຊ,1
ແບ່ງບັນບໍ່ໄດ້ນາ,0
ໃຈສັງມາ,1
ດ ກ ດ ແ,0
ແອບຄື.ບ .ນີ້ຫມຸນບໍ່ໄດ້ຈັກເທື່ອຫມຸນຢູ່ທຸກມື້ບໍ່ໄດ້ຈັກເທື່ອ,0
ຫົງທອງ ລາດສຸລິນ,1
ດຽວນີ້ເຂົ້າແອປກະຍາກເທື່ອກະເຂ້າບໍ່ໄດ້,0
ຮູ້ສຶກມ່ວນຂື້ນ,1
ຢ່າຫັກຄ່າບໍ່ລິການ,1
ໄຊ້ໄດ້ດີແລະສະດວກສະບາຍຫລາຍຢ່າງຂໍຄອບໄຈ,1
ບີງ ແກ້ອຸດົມ,1
ສຸດຍ້ອນ,1
ໃຊ້ດີຫຼາຍຄວນສິມີການເພີມເກມລິ້ນເອົາດາຕ້ານໍາ,1
ການໂທອອກແລະໂທເຂົ້າ,1
ເປັນຫຍັງຈຶ່ງລົງທະບຽນບໍ່ໄດ້ ໄຜຮູ້ບອກແດ່,0
ຄືຂີລ້າຍແທ້ນໍ ເດັ້ງອອກຕະຫຼອດ,0
ໂທໄດ້ດີທີສຸດ,1
ກົດເຕີມເງິນແລ້ວມັນເດັງອອກ,0
ມີປະໂຫຍກຫຼາຍຕໍ່ສັງຄົມອອມໄລ,1
ລົງບຽນແລ້ວທຸກຢ່າວ ຫຼີ້ນປົກກະຕິ ມາອັບເດດໃຫມ່ ປ້ອນລະຫັດ ໃຫມ່ ຕັ້ງໃຫມ່ ສົ່ງລະຫັດມາໃຫ້ ລະຕັ້ງໃຫມ່ເຂົ້າບໍ່ໃດ້ຊ້ໍາ ພັດທະນາຕື່ມ,0
ອັບເດດມາຄືເຂົ້າເບິ່ງຮ້ານບໍ່ໄດ້,0
ເພງລໍາສາລາວັນ,1
ອະທີບາຍ,1
ໂຄສະນາວີດີໂອຫລາຍໂພດ ເບີງວີດີໂອມີແຕ່ໂຄສະນາ,0
ຊື້ຫຍັງກະວ່ອງໄວທັນໃຈອະຫລີ,1
ຮູ້ວ່າແອັບມັນຈໍາເປັນຕໍ່ການໃຊ້ງານໃນຊີວິດປະຈໍາວັນກາເຮັດໃຫ້ມັນມີປັນຫາຫນ້ອຍລົງກວ່ານິແດ່ຢາກໃຫ້ປັບປຸງແອັບໃຫ້ມັນດີກວ່ານິ,0
ວອ່ງໃວທັນສະໃຫມໃຊ້ບໍລິການປະທັບໃຈ,1
ສຸດຍອດເລີ່ມທີ່ມີນ້ໍາໃຈ,1
ຄືວ່າເຮັດແລ້ວບໍ່ໄດ້,0
ໄສດີລາຍ,1
ເປັນຫຍັງຄືບໍ່ມີໂຫມດເພງຂື້ນ ເຮົາອັປເດດລະເດ້,0
ໃຊ້ງານດີບໍ່ຍາກ,1
ເຮັດໃດ້ຫລາຍຢ່າງສຸດເລີຍເລີຍ,1
ປະສົບການບໍ່ສູງ.,1
"ບໍ່ເຂົ້າໃຈ ໃນການແນະຂໍ້ມູນນີ້ ມີສວ່ນຫຼຸດແບບໃດ ມັນກຽ່ວຂ້ອງຫນັງກັບການທີ່ເຮົາຕື່ມເງິນ ຄ່າໂທ ຄ່າອິນເຕີເນັດ ຖ້າວ່າທ່ານມີສວ່ນຫຼຸດ ຫຼືມີໂບນັດ ກໍ່ຕື່ມໄຫ້ພວກເຮົາ ກະແມ່ນທ່ານເປັນຄົນໄຫ້,ອັນນີ້ມີແຕ່ເສົ້າເພື່ອຫາວິທີຕັດເງິນຂອໃພວກເຮົາເທົ້ານັ້ນ",1
ດີເດີ,1
ຄິດຮອດຫຼາຍໆ.,1
ໄດ້ຮູ້ສີ່ງໃຫມ່ໆ,1
ມັກແອັບນີ້ຫຼາຍ,1
ຂອບຄຸນເດ່,1
ແອັບດີມີຄົນໃຊ້ຫລາຍເອົາລະຫັດເຊີນໄປເລີຍ 86007125,1
ເຂົ້າຍາກໆຊ່ວງນີ້ນະ,0
ສຸດຍອດ55,1
ໄຊ້ມາເພື່ອກີກ,1
ເກືອບດີ ປັບປຸງເຕີມອີກແດ່,0
ການນໍາໃຊ້ແອບຕາງໆນັ້ນກໍ່ພໍເຂົ້າໄຈປານກາງ.,1
ແອບໂງ່ໆສະມັກກະບໍ່ໄດ້ລະຫັດກະບໍ່ສົ່ງມາຈັກເທຶອ,0
ທຂະີ,1
ເຂົ້າບໍໄດ້.,0
ມີປະໂຫຍກດີ,1
ຢາກຫຼິ້ນໃຫ້ເກີນແມ່ນ,1
ມີບັນຫາຕະຫລອດ,0
ບອກເລີຍວ່າເຂົ້າໄປແມ່ນງົງ ຊິມລາວກະຕ້ອງໃຊ້ພາສາລາວໃຫ້ຕົວ ເຂົ້າໄປລະອີຍັງໂຕພາສາອັງກິດຂ້ອຍບໍ່ເຂົ້່າໃຈ,0
ສີທອງ ສະນະໄຊ,1
ນ ວຽງສະໃຫມ ພົງອຸດົມ,1
"ໂຄດດີເລີຍ, ຟັງເພງຟີ",1
ປັບປຸງໄຫ້ຫລີ້ນເນັດຟຮີເດີປະເທດອືນພັດນາໄປໄກ່ແລ້ວ,0
ລົງທະບຽນບ່ໍໄດ້,1
ກ້ອງນີ,1
ຕ້ອງການດາວໂຫລດ,1
ບໍລິການດີ ວ່ອງໄວ ເສຍດາຍຢ່າງດຽວ ທ່າງ່ອນບໍ່ມີເຄືອຂ່າຍ,1
ດີຫຼາຍໃຫ້5ດາວເລີຍ,1
ອ່ອນຈັນ,1
ສ້ສງງດດາ່,1
ຕອ້ງການແປ້ມພິມ,1
ຢາກຍອດໄລ່ຫລາຍຂື້ນ,1
ເຂົ້າໄປລະເດັ້ງອອກ,0
ດີຫລາຍພັດທະນາລາວ,1
ສະບາຍດີ ເຮັດຍັງຢູ,1
ກູດແກ້ວຈັນທະວົງ,1
ບໍໄດ້ແຊຍັງຮ້າຍແຮງກະຖືກແບນ,0
ສູຢອນ,1
ແກ້ໄຂດ່ວນເດີ ຍັງລົງບໍ່ສົມບູນ,0
ໃຊ້ຟີຣບໍ່ໄດ້,0
ຍຽມມາກ,1
ໂຄດຊ້າ,0
ຊອບແວຣ໌,1
ຈື່ໄງຊ,1
ດີແລະມີປະໂຫຍດ,1
ສະຫມັກຍາກຫລາຍ,0
ຢາກໄຫ້ຄິດໄລ່ລາຄາ ຕາມ ແມັດ ຫລື ກິໂລແມັດ ແລະເວລາ ຕອນກາງຄືນຫລືກາງເວັນກັ້ນນະ ຂ້ອຍວ່າມັນຈະສະດວກສະບາຍຜູ້ໃຊ້ແອັບໄດ ລະກະລາຄາພ້ອມ ແພງເກີນ.,1
ມ່ວນຊື່ນ.,1
ມັນຊັງຍອດຍຽ່ມມ່າກເລີຍຄຣາບ,1
ໄກ່ປ່າ,1
"ດີຫລາຍ ສຸດຍອດ ຄົບທຸກຢ່າງໃນແອັບດຽວ, r t t t.",1
ຄືເຕີມບັດບໍ່ໄດ້ແລ້ວ,0
ດີເຈົ້າ,1
ແອບບໍ່ດີສາວບໍ່ເຫັນສິຕອບບແຊັດ,0
ໄຊ້ເບິ່ງ,1
ໃຜຫລີ້ນເກມໃນappນີ້ແລ້ວໄດ້200ເພັດຈັກເທື່ອແດ່ຂ້ອຍບອກເລີຍວ່າຂ້ອຍບໍ່ເຄີຍໄດ້ເລີຍຂ້ອຍເລີ່ມສົງໄສວ່າມັນໂກງລະ,0
ຊື້ຫວຍ ຊໍາລພຜ່ານຢູມັນນີ້ ບໍ່ໄດ້,0
ໃຊ້ດດີ,1
ຟັງເພງນີ້ຄິດເຖິງອາດີດເປັນນັກຮຽນ.ດີຫຼາຍ,1
ຄົນດງວ,1
ເຕີມເງິນ 30.000 ກີບ ເງິນເຂົ້າແຕ່ 5000 ກີບ,0
ຖືໃຈ,1
ແອນນາແກ່ວຕາແສງ,1
ຂໍຂອບໃຈ,1
ເຟດນີ້ດີຫລາຍ,1
ສະດວກສະບາຍໃຊ້ງ່າຍ,1
ງ່າຍ ສະດວກ,1
ສະມັກເປັນ10ລະເຮັດແນວໃດກະເຮັດບໍ່ໄດ້,0
ເປັນແມ່ມັນຫຍັງບາດໄກ້ບາດບໍ່ໄດ້,0
ຢາກປຽ່ນລະຫັດ,1
ລົງທະບຽບ,1
ເອີ້ນລົດກະເອີ້ນຍ້າກໆຄືເອີຮູ້ຢູ່ດອກວ່າໄກແຕ່ໂທດເດິກູຢາກກັບບ້ານອິສັດ,0
ສຽງແລະພາບແຈ້ງດີ.,1
ລາຄາຄົນລະອັນທີ່ເຮົາສາມາດປົ່ວໄດ້ມີດັງລຸ່ມນີ້ hiv 1 ລ້ານບາດ ຄົນຕາບອກ 2 ລ້ານ ຄົນຕິດກັນ 2 ລ້ານ covin 1ລ້ານ ບໍ່ມີແຂນໃຊ້ ຫຼື ຂາ 2 ລ້ານ ໄຂ້ຍຸງລາຍ 1ລ້ານ ແລະ ອື່ນໆ 9 ແສນບາດ 1 8 2021 ເຮົາຈະຂໍປົ່ວດີໃຫ້ ຂໍຢືມເງິນແດ່ 50 ພັນບາດ 1 8 2021 ຈະໃຊ້ 5 ລ້ານບາດ m r ອຸ່ນ ອາຍຸ 35 ປີ ບ້ານນ້ໍາເງິນ ເມືອງເງິນ ຖະນົນ 2 w laosແຂວງໄຊຍະ ເຮົາຈະລໍຖ້າຢູ່ໃນ ເດີ່ນ ກິລາ ເມືອງເງິນ ເປີດ ເວລາ 13 00 ຫາ 15 00 ວັນເສົາ 3 10 2020 ວັນຈັນ 5 10,0
ສະດວກ ປະຢັດເວລາ ພຽງໃຊ້ປາຍນີ້ວ,1
ແຜນທີບໍ່ຢາກຊັດເຈນກະລຸນາປັບໃຫ້ມັນແຈ້ງຂື້ນເຕີມ,0
ດີຫລາຍ,1
ຢຽມມາກເລີຍ,1
ຂອບມາກ,1
ແຕ່ກ່ອນໃຊ້ my unitel ມັນກະໃຊ້ດີແລ້ວ ບາດນີ້ມາບັງຄັບໃຊ້ລາວແອັບ ໃຊ້ລະບໍ່ເປັນຕາເລື່ອງ ຊິມສຽບໄວຟາຍໄດ້ຖອດມາສຸບມືຖືຕະຫລອດ ເຮັດຫຍັງໃຫ້ມັນພັດທະນາໄປຫນ້າແນ່ ບໍ່ແມ່ນຊິນັບມື້ຖອຍຫຼັງ,0
ດີມາກມາຍ,1
ຂ້ອຍລີ່ນເກມຊ້າງນ້ອຍບໍ່ໄດ້ປັບປຸ່ງໄຫ້ແດ່ຖ້າລີ່ນໄດ້ຈະໄຫ້5ດາວ,0
ອີເຮ້ຍເຂົ້າໃປກະບໍ່ເຫັນເຂົາອອນ,0
ໂອນເງິນກະບໍໄດ້,0
ຕ້ອງການວອດແອັບ,1
ເນຮກ່ກຮໍານກີໍານ່,1
ເວລາໂທຄໍບໍ່ເຫັນມີຟີວເຕີ່ຄືຄົນອື່ນເລີຍແຢ່ຈັ່ງ,0
ປັບປຸງດ່ວນ ຖ່າຍຮູບປານໃດກະບໍ່ແຈ້ງຖ່າຍເປັນ100ຮອບແລ້ວ ກ້ອງມືຖືຄືວ່າ48ລ້ານຟິກເຊວຄັກແນ່ ເຮັດສະດວກກ່ອນນີ້ໄດ້ບໍ່ລົງທະບຽນຜ່ານແອັບນີ້ນະ,0
ເລ່ນນໍາແນ່,1
ເປັນຫຍັງຄຶອັບເດດຕະຫລອດ,0
ດີຫຼາຍທີ່ຕິດຕາມການໄປການມາຂອງເຮົາ,1
ສຸດຍອດຫລາຍສໍາລັບແອັບນີ້,1
ເຂົ້າບໍ່ໄດ້ເລີຍ ເຂົ້າເມນູແລ້ວເດັງອອກຕະຫຼອດ,0
ການເວົ້າຈາສຸພາບຫຼາຍ,1
ດີຫາຍ,1
ແອັບດີຫລາຍໃຊ້ງ່າຍສະດວກ,1
ເປັຍຢັ້ງແອບນິຕອ້ງໄດ້ດາວໂລດທຸກວັນ,1
ພັນ ສຸກສະຫວັນແກ້ວ ພັນມີ,1
ແອບນີ້ເປັນຄືເຂົ້າບໍ່ໄດ້3 4ມື້ແລ້ວ,0
ຟຸ້ງຟິ້ງມາກ,1
ດີຄຮັບໃຊ້ມາຕລອດ,1
ແອັບຫີແມ່ຫຍັງມຶງເຂົ້າກ່ະຍາກເບິ່ງວີດີໂອບຶດດຽວດັບບຶດດຽວດັບຄັນວ່າກົງລໍ້ລຸ້ນໂຊກຫມຸນຍາມໃດໄດ້ແຕ່10mຊ່ໍານີ້ເຮັດມາຫາສະແຕກຫຍັງ ຄວຍ,0
ດີທີສຸດເລີຍຈ້າ,1
ດີ.ທີ່ມີເຟສ,1
ໄມ້ບອກ,1
ດີລາບ,1
ເປັນແອັບທີ່ທັນສະໄຫມດີຫຼາຍ,1
ເສຍດາຍເຂົ້າອັອຟລາຍບໍ່ໄດ້ ຕ້ອງສະຫມັກດາຕ້າແລ້ວຈຶ່ງເຂົ້າແອັບ ເຂົ້າໄປແລ້ວບໍ່ໄດ້ຫຍັງເລີຍ ດາຕ້າກະສະຫມັກກ່ອນລະ ສະຫຼຸບແອັບນີ້ໄຮ້ຄວາມຫມາຍ ບໍ່ມີປະໂຫຍດຫຍັງ!,0
ຕອນນິອັບເດດແລະຕິດຕັ້ງບໍ່ໄດ້ຄວນເຮັດແນວໃດນິ,0
ຢືນຢັນ,1
ບໍລະການດີ,1
ນໍາໃຊ້ສະດວກສະບາຍວອງໄຫວ,1
ຝົນບໍຕົກເລີຍ,1
ດີສຸດແອບຄົບທຸກຢາງ,1
ຄໍາຫມັ້ນຈັນທະກຸນ,1
ບໍ່ສະແດງຍອດເງິນ,0
ໃຊບໍ່ໄດ້,1
ຄັກໆອີຫຼີ,1
ລອງໃດເບີ່ງສໍາລັບຄົນບໍມັກເຕີມເງີນ,1
ສວບໍຍສາ ກ້ສພຮາດິບສາໍາຖຸນິຍບລ,1
ດີຢູ່ເດ ແຕ່ວ່າຢາກໃຫ້ປັບເລື່ອງວິດີໂອເຮັດໃຫ້ມັນເປັນແບບຕອນເວີຊັ່ນທີ2 ຫລືວ່າຈະເຮັດ2ໂຫມດແລ້ວໄປຕັ້ງຄ່າເອົາເອງວ່າຢາກໄດ້ໂຫມດໄດ ຢາກຫລິ້ນເບິ່ງວິດີໂອແບບເວີ2ຄ້າຍໆຢູທູບ,1
ກະລຸນາໃຫ້ມັນຖືກເນັ່ດແນ່ເດີ້ ເບື່ອວ່ະ,0
ຄວນປັບປຸງເຂົ້າຍັງກະບໍ່ໄດ້,0
ດີຫລາຍ ໃຊ້ງ່າຍວອງໄວ,1
ໄດ້ໄດ້ໄດ້ໄປໄດ້,1
ທຸກມື້,1
ດີຢູ່ ແຕ່ຊ້າເກີນໄປ,1
ສາວໂບ,1
ໃຊ້ຄັກດີແອບນິ້ໂຄດມັກ,1
ແອບສົ່ນຕີນໃສ່ເບີຖືກຍັງວ່າບໍ່ຖືກ,0
ດີເຈ້າ,1
ຢາກໄດ້ນີ້ເປັນຂອງຕົນເອງຖືກໃຈ,1
ໂທລະພາບ,1
ປະຊາຊົນ,1
ຄັກຯ,1
ສະຫວັນນະເຂດຄືຍັງບໍ່ມີ,1
ໂຄດພໍ່ມຶງ ມັນສະມັກບໍ່ໄດ້ຄື່ເວົ້າດອກ ແອັບລາວນີ້ມັນກະຈອກ ກາກ!ກະຈອກ,0
ສາທຸ ສາທຸ ສາທຸ ອະນຸໂມທະມິ,1
ລວມໆແລ້ວກະດີຢູ່,1
ໄຊ້ແອັບນີຄຸມເລີຍ,1
ໂອເຄຍູ່,1
ນອກຈາກຟັງເພງຄືຊີບໍ່ມີຍັງອີກລະເນາະ ມຸ່ນເທືອໃດກະຖືກແຕ່ໃຫ້ຟັງເພັງຕະຫລອຼດ,0
ຄັກຫລາຍຂອ້ຍມັກຫລີ້ນມັນ,1
ບັກຫີແມ່ມຶງມຶງເຮັດໃຫ້ຖືກແນ່ເນັດນະບໍ່ແມ່ນສິຖືກແຕ່ຟັງເພງກັບໂພດສນະສັນມຶງເອົາແຕ່ຟັງເພງກັບໂພດສນັ້ນສາເຂົ້າເນັດນະບໍ່ຖືກພໍອັນຫມຸນຕັງ10ເທື່ອອີຫີແມ່ມຶງເອີຍມຶງເຮັດແບບນີ້ມຶງກະບໍ່ຈະເລີນດອກ,0
ໄວໄຈ,1
ມີປະໂຫຍດຫລາຍຈະແນ່ນໍາຫູ່ມເພື່ອນໄຫ້ໃຊ້,1
ສຶດສາ,1
ໃຊ້ສະບາຍງ່າຍຕໍ່ການລົງທະບຽນເບີ,1
ນາງມີນາ ທໍ່,1
ດີແຕ່ຕັ້ງບໍໄດ້,1
ຂອບໃຈຫລາຍໆ.,1
ຕູ້ຍບູນຍະຫມັນ,1
ຕື່ມເງິນຫລັກ7ຄືບໍ່ໄດ້,0
ໄຊເບີ່ງກ່ອນ,1
ກຣັກລຶ!,1
ດີຫລາຍຊອບໆ,1
ດີຫຼາຍພະນັກງານບໍລິການດີ,1
ເພື່ອສັງຄົມລາວ,1
ລວມໆດີຫຼາຍ,1
ຕັງມີດເຊັນເຈີ,1
ທິດສະດາໄຊຍະຄອນ,1
ເຊີນຕິດຕັ້ງບໍໄດ,1
ດີມາກເລິຍຫວະ,1
ລົງສະຕໍ່ລີ້ແລ້ວມົວ,0
ເປັນຫຍັງຄຶຫມູນລໍ້ບໍ່ໄດ້,0
ບໍ່ດີເລີດໂຫລດມາແລ້ວເຂົ້າລະບົບບໍ່ໄດ້,0
ວິຈັນດາ ວິຈັນດາ,1
ແດງ,1
ຮັກມາກມ່ກທຮ,1
ແອັບຊ້າຫລາຍເຂົ້າໄປລະກະເດັ້ງເວລາສະຫມັກຕອນຖ່າຍຮູບກ້ອງກະມຶດບໍ່ເຫັນຫຍັງສາລອງຈົນເມື່ອຍລອງລະ,0
ຕໂຕ,1
ຕິດຕໍຫາຫນູ່ເພື໋ອນໄດ້ໄວດີ,1
ທຶນ,1
ບໍລິການດີ ຄົ້ນຫາວອ່ງໄວ,1
ໃຊ້ງານດີມາດ,1
ແອບເຂົ້າໃຊ້ງານບໍ່ໄດ້ແລ້ວເຂ້າໄປກະຄ້າງເດັງອອກທັງທີ່ແຕ່ກ່ອນກະໄຊ້ດີຢູ່ມາບາດນີ້ເດັງອອກຊໍາໂຄດແມ່ມັນແກ້ໄຂແນ່ຖ້າເປັນໄປໄດ້ເຮັດແບບນີ້ບໍ່ທັນຄວາມຕ້ອງການຂອງຜູ້ໃຊ້ບໍ່ສົມເປັນແອັບລາວເລີຍເຮຍ,0
ຂອບໄຈສໍາລັບແອບຫວຍພະຍານາກ,1
ແອັບນີ້ດີຄົນລາວໄຊ້95,1
ໂຄດຊ້າ ຖ້າລະຫັດໂອທີ ສົ້ນຫຍັງກະບໍມາຈັກເທື່ອ,0
ມວ່ນກັບການສົນທະແລະຄວາມບັນເທີງຂອງນີ້ຫລາຍ,1
ລົງທະບຽນງະວ່າບໍ່ອະນຸມັດບາດສິລົງໃຫມ່ກະພັດບໍ່ໄດ້ອີ່ຫຍັງວະ,0
ໃຊ້ໃດ້ດີຫລາຍ,1
ໄສມະນີ່ວ່ງ,1
ເອົານະ,1
ຜູ້ຊາຍ ທັງຫມົດ,1
ຄັດເຕີບ,1
ໃຊ້ງານສະດວດສະບາຍ,1
ໂຊກດີທີ່ໄດ້ໂດດມາ,1
ແອບຄວາຍຢູດີໆກະ ປະຕິເສດເງີນສົດ,0
ດີແຕ່ເອີ້ນລົດຊ້ານ້ອຍຫນຶ່ງ,1
ດີຈຮ້າ,1
ໃຊ້ມາດົນແລ້ວ ກໍຍັງດີ,1
ທ ມມ ໃມ ສ,1
ແອບນີ້ດີຫລາຍເພາະທຸກໆຄົນມັກໃຊ້ໃນການສົ່ງ ແລະຮັບຂໍ້ມູນ.,1
ບັງ,1
ໂຕຫມຸນລຸ້ນໂຊກນະພໍຫມຸນຖືກດາຕ້າພັດບໍ່ຂຶ້ນໃຫ້ແຊຣ໌ໄປເຟສບຸກຊ້ໍາ ຂ້ອຍຫມຸນຖືກ200mb ພັດບໍ່ໄດ້ເພາະມັນບໍ່ຂຶ້ນໃຫ້ແຊຣ໌ເປັນຫຼາຍເທື່ອແລ້ວຄວນປັບປຸງແອັບໃຫມ່ເດີ,0
ດິວະ,1
ບ໋່ອະນຸຍາດໃຫ້ອຸປະກອນອື່ນຫຮືຄອມເຂ້າໄດ້,1
ຄອມພິວເຕີຂອງທະນາຄານໂລກປະຈໍາປີ2020,1
ໃດ້ຮູ້ໃດ້ເຫັນໃວທັນໃຈ,1
ກາກ. ສູນດາວ,0
update version3ຄືບໍ່ໄດ້,0
ດິແຮງ,1
ພະນັກງານສົ່ງອາຫານເວົ້າບໍ່ສຸພາບເລີຍຍ,0
ຕຸຂຂ,1
ຫຼ້ານ້ອຍ ປັນຍາໄຊ,1
ໂປະ,1
ໃຊງານສະດວກ,1
ນາງ,1
ດີຫລາຍຍາກໃຫ້ພັດທະນາເລືອຍໆ,1
ມັນໂຫລດບໍ່ໄດ້,0
ສະນຸ,1
ເອີນ,1
ສະວັດດີຄະ,1
ບໍ່ເຂົ້າໃຈວ່າສິໃຫ້ລົງທະບຽນແນວໃດ? ຈ້ໍາໂຕໃດກະເຂົ້າບໍ່ໄດ້ແລ້ວຍັງມາບັງຄັບໃຫ້ລົງທະບຽນ ເຂົ້າອົກເຂົ້າໃຈຄົນອື່ນທີ່ບໍ່ສາມາດເຮັດຫຍັງໃດແນ່ເດີ ສິໃຫ້ເຂົ້າລົງທະບຽນກະເປິດແອບໃຫ້ມັນໃຊ້ໄດ້ແນ່ ແຍ່,0
ໃສລະຫັດຕະລອດບໍເຫັນຊິໃດ້ແກ້ໃຂແນ່ເດີ,0
ໄຫນ,1
ຕ້ອງການລີ້ນ,1
ແກ້ໄຂ້ດ່ວນເປັນຫຍັງຄືເຂົ້າແອັບບໍ່ໄດ້ໃຜກະເປັນທຸກຄົນ,0
ໃຊດີມາກ,1
ການສົ່ງດີຖືກໃຈຄົນຂີ້ຄານອອກເຮືອນມັກແຮງ,1
ປົກກະຕິດີທີ່ສຸດ,1
ຫມຸນວົງລໍ້ຢ່າງຫນ້ອຍໃຫ້ໄດ້3ຫຼື5ຮອບ ມື້,0
ຟັງແລເວຫນ້າສົນໃຈ,1
ຍອດການສື່ສານ,1
ເຂົ້າສູລະບົບບໍໄດ້ ເຂົ້າທິ່ໄດ້ຫນ້າຈໍກະຂາວບໍເຫັນຫຍັງ ແກ້ໄຂໃນແນ່ເດີ ຕິດຕັ້ງສໍາເລັດມື້ໃດສິໄປກົດດາວໃຫ້ເຕັມເລີຍ,0
ໂດຍໄຈ,1
ຫູຂີ້ກູນີ້ເຂົ້າແອບຍັງບໍ່ໄດ້,0
ສັນຍານດີຫຼາຍໃຊ້ງ່າຍສະດວກ,1
ແອັບນີ້ດີຫລາຍຢ່າລືມໃສ່ລະຫັດແນະນໍານີ້ເພື່ອສ້າງລາຍໄດ້ 00460378,1
ອບພເກີເນາສ່ນີຈຄ,1
ເຕີມໃຈ,1
ປັບປຸງແດ່ຢ່າຫ່ວຍຫລາຍ,0
ກາກປັບປຸ້ງດ່ວນ,0
ແຊັດໄດ້ສະດວກ,1
ໂສດເດີ,1
ບັນຫາເກີດຂຶ້ນລາຍງານທັນທີ,1
ມັກເບີ່ງເຟສບຸກ,1
ດີໃຈທີໃສແອັບນີ,1
ac ດີໃຈດໍາ,1
ດີແລ້ວ ສໍາລໍາຂ້ອຍ,1
ຕ້ອງການໃສແອບນິ,1
ໄມຊີ,1
ຫັດເປັນຕຸ້ນ,1
ສະດວກສະບບາຍບໍ່ຕ້ອງໄປຊື້ເອງ,1
ໃຊ້ງານດີພຽງແຕ່ມັນກົດຊ້າ,1
ມັຫລາຍ,1
ໃສແລ້ວດີມາກ,1
ນອ້ງແພງສີນີລະ,1
ຢາກຫວຍລາວ,1
ສັ່ງອາຫານແຕ່ຖືກຍົກເລີກ ບອກວ່າບໍ່ມີຄົນສົ່ງ ? ສັ່ງບໍ່ໄດ້ສິໃຊ້ຫຍັງໄດ້ແອັບນີ້,0
ຖ່າໃດ້500ມິກຄືເກົ່າຄືສິດີ,0
ແອ໊ບຫວຍແຕກປ້ອນເບີກະຖືກບໍ່ສົງລະຫັດມາຈັກເຮັດຈົນຊີຮອດ100ຮອບລະແອ໊ບບໍ່ດີບໍ່ຕ້ອງເອົາມາໂຄສະນາເສຍເວລາໂຫລດລ້າໆ,0
ມັກຫລີ້ນມັກແຊດ,1
ຍັງຊ້າເກີນ ເຂົ້າສະແກນຕາມຮ້ານຄ້າພໍຢາກອາຍເພິ່ນເພື່ອຊໍາລະເງິນໄດ້ ຢືນເກືອບເປັນ20ນາທີ,0
ພົມແກ້ວຄໍາ,1
ຮູ້ຜົນຫວຍໄວ,1
ສະນຸກຫລາຍ,1
ຕົກໃຈບໍ່ວ່າກູຮູ້,1
ໂຫລດມາເສີ່ຍດາຍພື້ນທີໂທລະຊັບ,0
ທີເອ ເຈ,1
ເປັນນັກຮຽນ,1
ແຈ້ງບ່ໆ,1
ສູ້ເພືອຄອບຄົວ,1
ນ້ອງພຸດຕົວເຕ້ຍ,1
ຈອນມາໃນ,1
ຫັວງ,1
ເລື່ອງລາວກ່ຽວກັບການສ້າງແລະປະຕິບັດນະໂຍບາຍຂອງຜູ້ຊົມໃຊ້ທີ່ກ່ຽວຂ້ອງກັບການສ້າງ,1
ຂ້ອຍຢາກໃຫ້ແອບເປີດໄດ້ໄວໆນີ້,1
ຢາກໃຫ້ພັດທະນາອີກເພາະຕອນນີ້ຊ້າຫລາຍ,1
ດຶງ89ໃງຊ8ຊແດຸ້ . ມື່ໃທ9ໃຫ້ ມ8ນ,1
ຄິດຮອດ ທີ່ຮັກ ຢູ່ສະເມີ້ນ,1
ຜກີຮທ,1
ຍັງສາມາດລົງທະບຽບໄດ້ບໍ,1
ຮພາພນ່ພຮ່ໍາ້ໍາືພ,1
ໃຊ້ແລ້ວດີຫລາຍ,1
ສຸດຍຸດເລີຍມັກຫລາຍແອັບນີ້ພັດທະນາຕໍ່ໄປເດີ່ ກໍາລັງໃຈໃຫ້,1
ສະດວກໃນການສໍາລະຄ່າຕ່າງໆບໍ່ຈໍາເປັນໄປທະນາຄານໃນເງື່ອນໄຂຂອງການລະບາດພະຍາດໂຄວິດ,1
ໄປໃສ ຫ ທັງຫມົດ,1
ຫາບອກ,1
ແກ້ແນ່ວ່າບັນຊີຖຶກລອກນະຂໍກັບຄືນບັນຊືແປວກັບແຫຼວນະ,0
ສອບຮຽນເພີ່ມເຕີ່ນ,1
ສູ້ເພື່ອຄົນທີ່ເຂົາຍັງລໍເຮົາຢູ່,1
"ແອັບກາກຫຼາຍ ໂຫຼດລາຍການອາຫານຂຶ້ນໂຄດຊ້າ ຮູບອາຫານກະໂຫຼດຊ້າ ການປະມວນຜົນໂຄດຊ້າ ຊ້າຫມົດທຸກຢ່າງ, ລາຍລະອຽດອາຫານກະບໍ່ມີ",0
ຮັກສາແອບ,1
ໃຊ້ໄດ້ດີກາຍ,1
ເບື່ອແຮງ ໃຫ້ອັບເດດຕະຫຼອດ ເບື່ອ. ອັບອີ່ຫຍັງເອົາແທ້ເອົາວ່າ,0
ແກ້appໃຫມ່ແດ່ສິເຂົ້າໄປລົງທະບຽນຊິມລະເດັ້ງ,0
ໄຊງານງາຍດີ,1
ຊື່ຕາວັນສີຈັນຫອມ,1
ປັບປຸ່ງໄຫມ່ແນ່ເດືຫັ່ນບໍ່ເຄືຍໄດ້ເສຍດ່າຍເຕືມເນັດອັບໃຫມ່ກາກຫລາຍລ,0
ສ່ດ,1
ຂໍໄຊ່ແອບແດ່,1
ສຸດຍອດຂ້ອຍມັກລາຍ,1
ພະເ,1
ແອບນີໄຊແລ້ວມີຄວາມສູກແທ້ໆ,1
ໄຊ່ສະບາຍ,1
ຂໍທ່ານໂຊກດີ,1
ມັກຫຼາຍເນັດຟີ,1
ກາກສຸດ,0
ຫລິ້ນເຟດບຸກຮູ້ເຫດການຫລາຍຢ່າງ,1
ຍອມຮັບດີ,1
ສະດວກສະບາຍ ພັດທະນາຕໍ່ໄປ,1
ຈັງແມ່ນເຂົ້າແອັບຍາກເອົາແທ້ເອົາວ່າ,0
ສຶສານ,1
ອ້າຍ ນ໋ອກສຸລິຍ່າໂສດ,1
bcel one ຖືກລັອກຄວນເຮັດແນວໃດ,1
ເຟດສວນໂຕແຕຄົນອືນເອົາໄປລີນຢາກໄຫ້ແກ້ໂຕນີ,0
ຄືສົ້ນຕີນນິປ່ຽນລະຫັດກະບໍ່ໄດ້ ໃສ່ຖືກກະວ່າບໍ່ຖືກ smsກະບໍ່ສົ່ງມາ ກົດລືມລະຫັດແລະຍັງໃຫ້ໃສ່ລະຫັດ ກະຍັງວ່າກົດລືມຍັງໃຫ້ໃສ່ລະຫັດເພື່ອ ລະບົບສົ້ນຕີນ ປິດໄປສະເຟສຫັນລະບົບຄືບ້າ ດ້ອຍພັດທະນາ,0
ທໍາງານ,1
ແອບສົນຫຍັງຫວະຫາກະໂຫຼດມາລະຖາມຫາລະຫັດກູລະທັ້ງທີ່ບໍ່ທັນໄດ້ລົງຊື່ໃຊ້ງານຊ້ໍາແກ້ໄຂແດ່ເດີ້ແລະຊິມາປຽນໃຫ້ຖ້າດີນ່ະ,0
ຟີ່ຈີ່ງໆຂອງມັນຕອ້ງມີ,1
ເຂົ້າວອດແອັບບໍ່ໄດ້,0
ມັກໃຊ້ຫລາຍເຟດບຸກນີ້,1
ອີດີຜູຄີດຶ່,1
ແຕ່ລະວັນເປີດຫູເປີດຕາໄຫ້ມີຊີວິດຊີວາປະກອບຢູ່ຄູ່ກັນໄປນານໆຂອບໃຈ,1
ອູ້ມຫລານຫນ້າຮັກ,1
ດີໃຈຫລາຍຄົນ,1
ດີໃຊ້ດີຄັກ,1
ສອມ້ແປງ,1
ແອັບ lao kyc ເຮັດມາເພຶ່ອຫຍັງ? ລົງທະບຽນກໍບໍ່ໄດ້ ບໍ່ອະນຸມັດ ເພຶ່ອ.?,0
ໂສດເລີຈີບໄດ້,1
ໃຊ້ງານເລີຍ,1
ທ້າວວີ້ງບັານໄນນຄຸ້,1
ນຍຍງ ທືທ,1
ໃຊ້ງານສະດວກດີທຸກຢ່າງ,1
ເຂົ້າກະຍາກໃຊ້ເບີຖືກສົ່ງລະຫັດກະຖືກແຕ່ສະມັກບໍ່ໄດ້ແອັບອີຫຍັງ,0
ຈັນດາ,1
ເຄີຍຮູ້ຈັກກັນອີ່ແກ້ວເວີນຄໍາ,1
ໄຊ້ແລ້ວດີແທ້ມາກໆເລີຍ,1
ຕອງການລາຍຊຮ້ແອບ,1
ທ້າວສີຄູນທ້າວສີຄູນ,1
2 3ໂມງລະເຕີມເນັດບໍ່ໄດ້ນໍ,0
ໄຊ້ດີບໍ່ຄັດຂ້ອງຫຍັງຖ້າຂ້ອຍມີເຕີມເງິນໃສ່,1
ອັບເດດແລ້ວຖອນການຕິດຕັ້ງລ່ະໂຫລດໃຫມ່ກະແລ້ວຍັງເຂົ້າບໍ່ໄດ້ມັນຂຶ້ນບອກໃຫ້ອັບເດດຂໍໃຫ້ມີການປັບປຸງແລ້ວສິມາເພີ່ມດາວໃຫ້,0
ຂີ້ຂາແອບຄວຍໆແຫລມທຸກດອກຫ້າມືງເອີຍກູຢື້ມເງີນ5ພັນລະຕັດເລີຍມືງຄືບໍ່ຕັດຕອນກູເຕີມໃຫມ່ມືງກູກະວ່າສິເຕີມໃຫ້ຄົບກັບທີ່ຢື້ມເລີຍມືງເສືອກຕັດຕອນນີ້ເລີຍມືງຢ້ານກູບໍ່ຈ່າຍບໍ່ຄວຍ,0
ຢູ່ໆກໍ່ບອກວ່າເຮົາຍຸດໃຫ້ໄລຍະຫນື່ງໃນສະແດງໂພດແລະຄໍາຄິດເຫັນມັນຫມາຍເຖິງນີ້?,0
ໃຊ້ດີທີ່ຜ່ານມາ,1
ຈ້າເອົາແທະເອົາຫວາບໍມີຄົນແນະນໍາລະລົງທະບຽນບໍໄດ້ເນາະ ຂອ້ຍຢາກຕັ້ງເອງລະຜິດໄຜໃຫ້ໃສລະຫັດແນະນໍາ ບ້າເບາະບໍໃສລະບໍໄດ້ ລະເມືອຍນໍາເຮັດຈັງໃດກາບໍໄດ້ທໍ້ກັບແອັບເລີຍ,0
ນາງຕົ່ງທໍ່,1
ນ. ຄໍາແກ້ວ,1
ມີຫລາຍຊ່ອງທາງໃຫ້ເລືອກແຕ່ພັດທະນາຕື່ມອີກໂດຍສະເພາະແມ່ນກ່ອງດ້າຕ້າເດີ,1
ຄືຂັດຂ້ອງ,0
ສ້າງປະສົບການພື້ນຖານ,1
ຈໍາເປັນແທ້,1
ກົດດ,1
ແອັບນີ້ດິຫຼາຍຂໍໃຈ,1
ສູດຕີ້ງ,1
ໃຊ້ຢາກຫລາຍ,0
ຫຼັງຈາກທີ່ແອັບເປີດຕົວມາ ບອກໄດ້ເລີຍວ່າເອີ້ນລົດບໍ່ໄດ້ເລີຍ ລອງເອີ້ນແຖວດົງໂດກ ເອີ້ນຈົນລົບໂຫລດແອບໃຫມ່10ຮອບ ເອີ້ນກະຍັງບໍ່ໄດ້ ແຕ່ລົດຍັງຜ່ານ ຖ້າຫາກບໍ່ເອົາລູກຄ້າໄລຍະນີ້ຫລືໃກ້ ກະຄວນແຈ້ງເດີ້,0
ໄດ້ຮັບການສື່ສານທັນໃຈ,1
ເປັນແອັບທີ່ໃຊ້ດີຫລາຍ ພັດທະນາຕໍ່ໆໄປ,1
ດີຫລາຍໃຊ້ງາຍຫລາຍ,1
ດີຫຼາຍໃຊ້ແອບບbcel one,1
ແມ່ມືງຕັ້ງຍືນຍັງຕົວເອງຖືກປະຕິເສດຕະຫລອດລົບຖິ້ມຊະ,0
ໃຊ້ສະບາຍມາກ,1
ຕິດຕັ້ງແລະອັບເດດຍາກ,0
ຊີວິດຂ້ອຍເດີ່ນໃປທົວທີບທົວແດນ,1
ອແຫັ້າ,1
ຄໍາດີ,1
ແຍມາກເລີຍເຂົາສູລະບົບ,0
ສໍາລັບໃຜທີ່ຕາມມາຈາກ facebook ແຈກບັດຟຣີ ແນະນໍາໃຫ້ສະຫມັກເອງເລີຍ ເພາະຈະໄດ້ 20 000kip ແທນ,1
ປັບປຸງໃຫ່ມເດີ ໃຊ້ບໍ່ໄດ້,0
ອັບເດດຄຶ່.ບໍ່ໄດ້,0
ລົງທະບຽນຊິມບໍ່ໃດ້ເລີຍປານນັ້ນວ່າທັນສະໄຫມຄວນປັບປຸງໃຫມ່ເຂົ້າລະຫັດຫລາຍເທື່ອຍັງບໍ່ໃດ້ ເອົາໄປ1ດາວເພື່ອໃຫ້ປັບປຸ້ງໃຫມ່ໃຫ້ໃດ້ໃຊ້ງານດີຂື້ນກວ່າເກົ່າ,0
ດີຫລາຍສຸດຍອດ,1
ທຸກຢ່າງເສດສໍາເລັດຢ່າງລ່ວງໄວ,1
ແກ້ໄຂ້ໄດ້ບໍ່ໂຕມັນດາວໂຫຼດຮູບພາບບໍ່ໄດ້ນິສິເຮັດແນວໃດບອກແດ່ວ່ະຂື້ນແຕ່ວ່າກໍາລັງລໍເຄືອຄ່າຍທັ້ງໆທີ່ຫຼ້ິນຢ່າງອື່ນໄດ້ປົກກະຕິເບິ່ດ,0
ໃຊ້ງານດີສະດວກແລະເປັນສ່ວນຕົວ,1
ມັກໃຊ້ສະບາຍ,1
ຄິດຮອດເພຶ່ອນແກ້ວ,1
ເປັນເວທີ ທີ່ດີ ຊື່ງສາມາດແລກປ່ຽນຂໍ້ມູນຂ່າວສານກັຍເພື່ອນໃນທົ່ວໂລກ,1
ຄັກມວນ,1
ມັກລາຍ ໄຊງາຍຊິ,1
ຮັກແຮງແພງລາຍ,1
ຖຶໍາໃຈ,1
ຫຼີ້ນເກມຟຣີໄຟໄດ້,1
ກະຢັງວ່າມັກແຮງໆ,1
ເນ້ດີ່ດະສອອິຮືດິາເ,1
ຄືບໍ່ເພີ້ມທາງລັດເຟດໃຫ້ແດ່,0
ທັນໃຈສະດວກສະບາຍ,1
ຄື່ບໍ່ຂຶ້ນ້າຈໍ,1
